sheet,row,event,original_date,normalized_date,status
2026,2,NCAA Week 1,Jan 9-11,Jan 9-11,already_normalized
2026,3,West Point Open,46038,Jan 16,serial
2026,4,Vegas Cup National Qualifier,Jan 16-18,Jan 16-18,already_normalized
2026,5,NCAA Week 2,Jan 16-18,Jan 16-18,already_normalized
2026,6,Rocky Mountain Open,46039,Jan 17,serial
2026,7,Ohio State Open,46040,Jan 18,serial
2026,8,Biles National Qualifier,Jan 23-25,Jan 23-25,already_normalized
2026,9,NCAA Week 3,46046,Jan 24,serial
2026,10,Stanford Open,46046,Jan 24,serial
2026,11,Sam Mikulak Invitational,46046,Jan 24,serial
2026,12,Houston National Invitational,Jan 28-Feb 1,Jan 28-Feb 1,already_normalized
2026,13,Next Era National Qualifier,Jan 30-Feb 1,Jan 30-Feb 1,already_normalized
2026,14,Top 12 Series 1 (MAG),45688,Jan 31,serial
2026,15,NCAA Week 4,Jan 31-Feb 1,Jan 31-Feb 1,already_normalized
2026,16,Elite Canada,Feb 6-8,Feb 6-8,already_normalized
2026,17,NCAA Week 5,46060,Feb 7,serial
2026,18,Welsh Championships,Feb 12-15,Feb 12-15,already_normalized
2026,19,NCAA Week 6,Feb 13-14,Feb 13-14,already_normalized
2026,20,Rochester National Qualifier,Feb 13-15,Feb 13-15,already_normalized
2026,21,Top 12 Series 2 (MAG),45702,Feb 14,serial
2026,22,Winter Classic National Qualifier,Feb 19-20,Feb 19-20,already_normalized
2026,23,Cottbus World Cup,Feb 19-22,Feb 19-22,already_normalized
2026,24,Winter Cup,Feb 20-22,Feb 20-22,already_normalized
2026,25,Scottish Championships,Feb 20-22,Feb 20-22,already_normalized
2026,26,1st Spanish League,Feb 20-22,Feb 20-22,already_normalized
2026,27,Liukin Invitational,Feb 20-22,Feb 20-22,already_normalized
2026,28,NCAA Week 7,46074,Feb 21,serial
2026,29,English Championships,Feb 27-Mar 1,Feb 27-Mar 1,already_normalized
2026,30,1st Italian Serie A,45716,Feb 28,serial
2026,31,Top 12 Series 3 (MAG),45716,Feb 28,serial
2026,32,NCAA Week 8,Feb 28-Mar 1,Feb 28-Mar 1,already_normalized
2026,33,Tiger Cup,Mar 5-7,Mar 5-7,already_normalized
2026,34,Baku World Cup,Mar 5-8,Mar 5-8,already_normalized
2026,35,International Gymnix,Mar 6-8,Mar 6-8,already_normalized
2026,36,American Cup,45723,Mar 7,serial
2026,37,French National Test,46088,Mar 7,serial
2026,38,NCAA Week 9,46088,Mar 7,serial
2026,39,Antalya World Cup,Mar 12-15,Mar 12-15,already_normalized
2026,40,Singapore Championships,Mar 12-15,Mar 12-15,already_normalized
2026,41,2nd Italian Serie A,45730,Mar 14,serial
2026,42,NCAA Week 10,46095,Mar 14,serial
2026,43,Russian Junior Team Championships,Mar 16-22,Mar 16-22,already_normalized
2026,44,NCAA Week 11,Mar 16-22,Mar 16-22,already_normalized
2026,45,DTB Pokal Team Challenge,Mar 19-22,Mar 19-22,already_normalized
2026,46,British Championships,Mar 19-22,Mar 19-22,already_normalized
2026,47,Unni & Haralds Trophy,Mar 20-22,Mar 20-22,already_normalized
2026,48,DTB Pokal Mixed Cup,45737,Mar 21,serial
2026,49,Fjölnir Cup,46102,Mar 21,serial
2026,50,Russian Junior Men's Team Championships,Mar 22-29,Mar 22-29,already_normalized
2026,51,City of Jesolo Trophy,Mar 27-29,Mar 27-29,already_normalized
2026,52,1st Bundesliga (MAG),Mar 28-29,Mar 28-29,already_normalized
2026,53,Luxembourg Open,Apr 2-5,Apr 2-5,already_normalized
2026,54,Cairo World Cup,Apr 3-6,Apr 3-6,already_normalized
2026,55,Top 12 Series 4,45751,Apr 4,serial
2026,56,Top 12 Series 4 (MAG),45751,Apr 4,serial
2026,57,Osijek World Cup,Apr 9-12,Apr 9-12,already_normalized
2026,58,2nd Bundesliga (MAG),46123,Apr 11,serial
2026,59,South American Youth Games,Apr 12-25,Apr 12-25,already_normalized
2026,60,All-Japan Championships,Apr 16-19,Apr 16-19,already_normalized
2026,61,Hanspeter Demetz Memorial,45765,Apr 18,serial
2026,62,3rd Italian Serie A,45765,Apr 18,serial
2026,63,3rd Bundesliga (MAG),46130,Apr 18,serial
2026,64,Icelandic Championships,Apr 18-19,Apr 18-19,already_normalized
2026,65,Ifact Norges Cup 1,Apr 18-19,Apr 18-19,already_normalized
2026,66,Russian Cup,Apr 21-26,Apr 21-26,already_normalized
2026,67,African Championships,Apr 23-26,Apr 23-26,already_normalized
2026,68,4th Bundesliga (MAG),46137,Apr 25,serial
2026,69,International GymSport,Apr 25-26,Apr 25-26,already_normalized
2026,70,International Budapest Junior Cup,Apr 25-26,Apr 25-26,already_normalized
2026,71,Norwegian FIG Meet 1,Apr 25-26,Apr 25-26,already_normalized
2026,72,Finnish Championships,May 1-2,May 1-2,already_normalized
2026,73,Australian Commonwealth Games Trials,46144,May 2,serial
2026,74,Pre-Olympic Youth Cup,46144,May 2,serial
2026,75,Hungarian Team & Event Championships,May 2-3,May 2-3,already_normalized
2026,76,Varna Challenge Cup,May 7-10,May 7-10,already_normalized
2026,77,Mexican Championships,May 7-13,May 7-13,already_normalized
2026,78,Brazil Trophy,May 8-10,May 8-10,already_normalized
2026,79,Oceania Championships,46151,May 9,serial
2026,80,Ifact Norges Cup 2,May 9-10,May 9-10,already_normalized
2026,81,AGF Trophy,May 14-16,May 14-16,already_normalized
2026,82,NHK Trophy,May 14-17,May 14-17,already_normalized
2026,83,Top 12 Finals,May 14-17,May 14-17,already_normalized
2026,84,Chinese Championships,May 14-20,May 14-20,already_normalized
2026,85,Polish Championships,May 15-17,May 15-17,already_normalized
2026,86,Italian Serie A Final,45793,May 16,serial
2026,87,U.S. Pan Ams Trials,46158,May 16,serial
2026,88,1st Bundesliga,46158,May 16,serial
2026,89,Irish Championships,May 16-17,May 16-17,already_normalized
2026,90,2nd Spanish League,May 16-17,May 16-17,already_normalized
2026,91,Tashkent Challenge Cup,May 21-24,May 21-24,already_normalized
2026,92,Belgian Championships,May 23-25,May 23-25,already_normalized
2026,93,Canadian Championships,May 25-29,May 25-29,already_normalized
2026,94,Koper Challenge Cup,May 28-31,May 28-31,already_normalized
2026,95,Champion's Cup,May 29-31,May 29-31,already_normalized
2026,96,Fuzion National Qualifier,May 29-31,May 29-31,already_normalized
2026,97,Singapore Open,Jun 3-7,Jun 3-7,already_normalized
2026,98,Finnish Junior Championships,Jun 4-5,Jun 4-5,already_normalized
2026,99,Austrian Championships,Jun 4-7,Jun 4-7,already_normalized
2026,100,French Championships,Jun 5-7,Jun 5-7,already_normalized
2026,101,British Men's Team Championships,Jun 6-7,Jun 6-7,already_normalized
2026,102,Norwegian FIG Meet 2,Jun 6-7,Jun 6-7,already_normalized
2026,103,Salamunov Memorial,Jun 9-13,Jun 9-13,already_normalized
2026,104,Romanian Junior Championships,Jun 10-11,Jun 10-11,already_normalized
2026,105,Parkettes National Qualifier,Jun 12-13,Jun 12-13,already_normalized
2026,106,Czech Championships,Jun 12-14,Jun 12-14,already_normalized
2026,107,Pan American Championships,Jun 17-21,Jun 17-21,already_normalized
2026,108,Asian Men's Championships,Jun 18-21,Jun 18-21,already_normalized
2026,109,Elek Matolay Memorial,Jun 19-21,Jun 19-21,already_normalized
2026,110,Norwegian Championships,Jun 20-21,Jun 20-21,already_normalized
2026,111,Spanish League Final,Jun 22-28,Jun 22-28,already_normalized
2026,112,Asian Championships,Jun 25-28,Jun 25-28,already_normalized
2026,113,Dutch Championships,Jun 26-27,Jun 26-27,already_normalized
2026,114,Hopes Classic,46199,Jun 26,serial
2026,115,German Junior Men's Championships,Jun 26-28,Jun 26-28,already_normalized
2026,116,American Classic,46200,Jun 27,serial
2026,117,U.S. Men's National Qualifier,46200,Jun 27,serial
2026,118,Australian Championships,Jun 28-Jul 5,Jun 28-Jul 5,already_normalized
2026,119,Russian Championships,Jun 28-Jul 6,Jun 28-Jul 6,already_normalized
2026,120,International Junior Team Cup,Jul 2-4,Jul 2-4,already_normalized
2026,121,German Junior Championships,Jul 4-5,Jul 4-5,already_normalized
2026,122,Russian Youth Spartakiade,Jul 7-14,Jul 7-14,already_normalized
2026,123,Chinese Junior Championships,Jul 10-19,Jul 10-19,already_normalized
2026,124,"La Madeleine MAG Friendly (La Madeleine, France)",46214,Jul 11,serial
2026,125,2nd Bundesliga,46214,Jul 11,serial
2026,126,Spanish Championships,Jul 13-20,Jul 13-20,already_normalized
2026,127,U.S. Classic,Jul 16-20,Jul 16-20,already_normalized
2026,128,Dortmund Junior Friendly,46221,Jul 18,serial
2026,129,Nordic Championships,Jul 21-24,Jul 21-24,already_normalized
2026,130,German Championships,Jul 23-26,Jul 23-26,already_normalized
2026,131,Commonwealth Games,Jul 23-Aug 2,Jul 23-Aug 2,already_normalized
2026,132,Central American & Caribbean Games,Jul 24-Aug 8,Jul 24-Aug 8,already_normalized
2026,133,Italian Championships,Jul 25-26,Jul 25-26,already_normalized
2026,134,Hungarian National Meet,Jul 25-26,Jul 25-26,already_normalized
2026,135,All-Japan - Team??,45870,Aug 1,serial
2026,136,Brazilian Championships,Aug 5-9,Aug 5-9,already_normalized
2026,137,U.S. Championships,Aug 6-9,Aug 6-9,already_normalized
2026,138,Brazilian Junior Championships,Aug 12-16,Aug 12-16,already_normalized
2026,139,European Championships,Aug 13-16,Aug 13-16,already_normalized
2026,140,Mediterranean Games,Aug 22-26,Aug 22-26,already_normalized
2026,141,South American Games,Sep 12-26,Sep 12-26,already_normalized
2026,142,Szombathely Challenge Cup,Sep 18-20,Sep 18-20,already_normalized
2026,143,Asian Games,Sep 19-Oct 4,Sep 19-Oct 4,already_normalized
2026,144,Russian Junior Men's Championships,Sep 21-28,Sep 21-28,already_normalized
2026,145,3rd Bundesliga,46291,Sep 26,serial
2026,146,Paris Challenge Cup,Sep 26-27,Sep 26-27,already_normalized
2026,147,Hungarian Masters Championships,Sep 26-27,Sep 26-27,already_normalized
2026,148,Russian Junior Championships,Sep 29-Oct 11,Sep 29-Oct 11,already_normalized
2026,149,Leverkusen Cup,46298,Oct 3,serial
2026,150,Norwegian FIG Meet 3,Oct 3-4,Oct 3-4,already_normalized
2026,151,Polish Cup,Oct 4-6,Oct 4-6,already_normalized
2026,152,British Team Championships,Oct 10-11,Oct 10-11,already_normalized
2026,153,Ifact Norges Cup 3,Oct 10-11,Oct 10-11,already_normalized
2026,154,German Cup,Oct 17-18,Oct 17-18,already_normalized
2026,155,World Championships,Oct 17-25,Oct 17-25,already_normalized
2026,156,Norwegian Junior Championships,Oct 31-Nov 1,Oct 31-Nov 1,already_normalized
2026,157,German Men's Cup,Oct 31-Nov 1,Oct 31-Nov 1,already_normalized
2026,158,Youth Olympic Games,Oct 31-Nov 13,Oct 31-Nov 13,already_normalized
2026,159,Arthur Gander Memorial,46330,Nov 4,serial
2026,160,Latvian Championships,Nov 6-8,Nov 6-8,already_normalized
2026,161,Swiss Cup,45968,Nov 7,serial
2026,162,5th Bundesliga (MAG),46333,Nov 7,serial
2026,163,Northern European Championships,Nov 12-15,Nov 12-15,already_normalized
2026,164,4th Bundesliga,46340,Nov 14,serial
2026,165,6th Bundesliga (MAG),46340,Nov 14,serial
2026,166,Barborka Cup,Nov 20-22,Nov 20-22,already_normalized
2026,167,7th Bundesliga (MAG),46347,Nov 21,serial
2026,168,Voronin Cup,Nov 22-26,Nov 22-26,already_normalized
2026,169,Olympic Hopes Cup,Nov 26-29,Nov 26-29,already_normalized
2026,170,Sokol Grand Prix,46354,Nov 28,serial
2026,171,"All-Japan Team & Event Championships (Aiko Arena, Yokkaichi City)",Dec 3-6,Dec 3-6,already_normalized
2025,2,Taiwan Trial Meet,45668,Jan 11,serial
2025,3,Vegas Cup National Qualifier,Jan 16-19,Jan 16-19,already_normalized
2025,4,Pikes Peak Cup National Qualifier,Jan 23-26,Jan 23-26,already_normalized
2025,5,Houston National Invitational,Jan 23-26,Jan 23-26,already_normalized
2025,6,Top 12 Series 4 (MAG),45316,Jan 25,serial
2025,7,Buckeye National Qualifier,Jan 30-Feb 2,Jan 30-Feb 2,already_normalized
2025,8,Dragion Invitational National Qualifier,Feb 6-9,Feb 6-9,already_normalized
2025,9,1st Italian Serie A,Feb 7-8,Feb 7-8,already_normalized
2025,10,Top 12 Series 5 (MAG),45330,Feb 8,serial
2025,11,Indian National Games,Feb 8-13,Feb 8-13,already_normalized
2025,12,Metroplex Challenge National Qualifier,Feb 13-16,Feb 13-16,already_normalized
2025,13,Elite Canada,Feb 14-16,Feb 14-16,already_normalized
2025,14,Welsh Championships,Feb 14-16,Feb 14-16,already_normalized
2025,15,1st Spanish League,Feb 15-16,Feb 15-16,already_normalized
2025,16,Cottbus World Cup,Feb 20-23,Feb 20-23,already_normalized
2025,17,Winter Cup,Feb 21-23,Feb 21-23,already_normalized
2025,18,WOGA Classic,Feb 21-23,Feb 21-23,already_normalized
2025,19,Liukin Invitational,Feb 21-23,Feb 21-23,already_normalized
2025,20,Top 12 Series 3,45344,Feb 22,serial
2025,21,Top 12 Series 6 (MAG),45344,Feb 22,serial
2025,22,Tiger Cup,Feb 27-Mar 1,Feb 27-Mar 1,already_normalized
2025,23,Iceland Classic,Feb 28-Mar 1,Feb 28-Mar 1,already_normalized
2025,24,English Championships,Feb 28-Mar 2,Feb 28-Mar 2,already_normalized
2025,25,Scottish Championships,Mar 1-2,Mar 1-2,already_normalized
2025,26,Baku World Cup,Mar 6-9,Mar 6-9,already_normalized
2025,27,2nd Italian Serie A,Mar 7-8,Mar 7-8,already_normalized
2025,28,International Gymnix,Mar 7-9,Mar 7-9,already_normalized
2025,29,Polish Cup,Mar 13-14,Mar 13-14,already_normalized
2025,30,KPAC National Qualifier,Mar 13-16,Mar 13-16,already_normalized
2025,31,Malta Championships,Mar 14-16,Mar 14-16,already_normalized
2025,32,Singapore Championships,Mar 14-23,Mar 14-23,already_normalized
2025,33,Top 12 Series 4,45731,Mar 15,serial
2025,34,Top 12 Semifinals,45366,Mar 15,serial
2025,35,Norwegian FIG Meet,Mar 15-16,Mar 15-16,already_normalized
2025,36,Antalya World Cup,Mar 20-23,Mar 20-23,already_normalized
2025,37,British Championships,Mar 20-23,Mar 20-23,already_normalized
2025,38,Finnish National Team Test,45737,Mar 21,serial
2025,39,3rd Italian Serie A,Mar 21-22,Mar 21-22,already_normalized
2025,40,Hungarian Junior Event Championships,45738,Mar 22,serial
2025,41,Russian Junior Men's Championships,Mar 22-29,Mar 22-29,already_normalized
2025,42,DTB Pokal Team Challenge,Mar 27-30,Mar 27-30,already_normalized
2025,43,Lithuanian Championships,Mar 28-29,Mar 28-29,already_normalized
2025,44,DTB Pokal Mixed Cup,45380,Mar 29,serial
2025,45,Top 12 Finals,45380,Mar 29,serial
2025,46,Hanspeter Demetz Memorial,45745,Mar 29,serial
2025,47,Ifact Norgescup,Mar 29-30,Mar 29-30,already_normalized
2025,48,Russian Junior Championships,Mar 29-Apr 5,Mar 29-Apr 5,already_normalized
2025,49,Gymnastics Legends,Mar 30-Apr 4,Mar 30-Apr 4,already_normalized
2025,50,Unni & Haralds Trophy,Apr 4-6,Apr 4-6,already_normalized
2025,51,Elek Matolay Memorial,Apr 5-6,Apr 5-6,already_normalized
2025,52,Zelena Jama Open,Apr 5-6,Apr 5-6,already_normalized
2025,53,Swiss Euros Trials,Apr 5-12,Apr 5-12,already_normalized
2025,54,Gymnasiade,Apr 6-7,Apr 6-7,already_normalized
2025,55,Swiss Men's Euros Trials,Apr 10-12,Apr 10-12,already_normalized
2025,56,Osijek World Cup,Apr 10-13,Apr 10-13,already_normalized
2025,57,Polish Championships,Apr 11-13,Apr 11-13,already_normalized
2025,58,1st Bundesliga (MAG),45759,Apr 12,serial
2025,59,City of Jesolo Trophy,Apr 12-13,Apr 12-13,already_normalized
2025,60,International GymSport,Apr 12-13,Apr 12-13,already_normalized
2025,61,Doha World Cup,Apr 16-19,Apr 16-19,already_normalized
2025,62,Luxembourg Open,Apr 17-18,Apr 17-18,already_normalized
2025,63,All-Japan Championships,Apr 17-20,Apr 17-20,already_normalized
2025,64,French Championships,Apr 18-20,Apr 18-20,already_normalized
2025,65,South Korean Championships,Apr 18-20,Apr 18-20,already_normalized
2025,66,Russian Cup,Apr 22-27,Apr 22-27,already_normalized
2025,67,Dutch Euros Trials,45772,Apr 25,serial
2025,68,Latvian Cup,Apr 25-26,Apr 25-26,already_normalized
2025,69,Turkish Team Championships,Apr 25-27,Apr 25-27,already_normalized
2025,70,Cairo World Cup,Apr 25-28,Apr 25-28,already_normalized
2025,71,1st Bundesliga,45773,Apr 26,serial
2025,72,Ifact Norgescup 2,45773,Apr 26,serial
2025,73,Hungarian Championships,Apr 26-27,Apr 26-27,already_normalized
2025,74,Swedish Championships,Apr 26-27,Apr 26-27,already_normalized
2025,75,Austrian Championships,Apr 26-27,Apr 26-27,already_normalized
2025,76,Icelandic Championships,Apr 26-27,Apr 26-27,already_normalized
2025,77,Greek Championships,Apr 26-27,Apr 26-27,already_normalized
2025,78,GAGE National Qualifier,Apr 26-27,Apr 26-27,already_normalized
2025,79,Italian Serie A Final,45780,May 3,serial
2025,80,Pre-Olympic Youth Cup,45780,May 3,serial
2025,81,2nd Bundesliga (MAG),45780,May 3,serial
2025,82,Finnish Championships,May 3-4,May 3-4,already_normalized
2025,83,Norwegian FIG Meet 2,May 3-4,May 3-4,already_normalized
2025,84,Saint Étienne Friendly,45784,May 7,serial
2025,85,Brazil Trophy,May 7-11,May 7-11,already_normalized
2025,86,Varna Challenge Cup,May 8-11,May 8-11,already_normalized
2025,87,Magglingen Friendly,45787,May 10,serial
2025,88,Prievidza Friendly,45787,May 10,serial
2025,89,Dutch Euros Trials 2,45787,May 10,serial
2025,90,Koper Challenge Cup,May 15-18,May 15-18,already_normalized
2025,91,Colombian Championships,May 15-18,May 15-18,already_normalized
2025,92,Chinese Championships,May 15-22,May 15-22,already_normalized
2025,93,International Junior Team Cup,May 16-17,May 16-17,already_normalized
2025,94,NHK Trophy,May 16-18,May 16-18,already_normalized
2025,95,2nd Spanish League,May 16-18,May 16-18,already_normalized
2025,96,Irish Championships,May 17-18,May 17-18,already_normalized
2025,97,Belgian Championships,May 24-25,May 24-25,already_normalized
2025,98,Canadian Championships,May 26-30,May 26-30,already_normalized
2025,99,European Championships,May 26-31,May 26-31,already_normalized
2025,100,German Junior Men's Championships,May 27-29,May 27-29,already_normalized
2025,101,Games of the Small States,May 27-31,May 27-31,already_normalized
2025,102,Swiss Junior Men's Championships,May 27-31,May 27-31,already_normalized
2025,103,Mexican Championships,May 28-Jun 3,May 28-Jun 3,already_normalized
2025,104,Singapore Open,May 29-Jun 1,May 29-Jun 1,already_normalized
2025,105,German Junior Championships,May 30-Jun 1,May 30-Jun 1,already_normalized
2025,106,Hungarian Junior Championships,May 31-Jun 1,May 31-Jun 1,already_normalized
2025,107,Coastal Realm National Qualifier,May 31-Jun 1,May 31-Jun 1,already_normalized
2025,108,Salamunov Memorial,Jun 4-8,Jun 4-8,already_normalized
2025,109,Asian Men's Championships,Jun 5-8,Jun 5-8,already_normalized
2025,110,Nordic Junior Championships,Jun 5-8,Jun 5-8,already_normalized
2025,111,Croatian Event Championships,Jun 6-8,Jun 6-8,already_normalized
2025,112,Champion's Cup,Jun 6-8,Jun 6-8,already_normalized
2025,113,3rd Bundesliga (MAG),45815,Jun 7,serial
2025,114,Swiss Junior Championships,Jun 7-8,Jun 7-8,already_normalized
2025,115,British Men's Team Championships,Jun 7-8,Jun 7-8,already_normalized
2025,116,Pan American Championships,Jun 12-15,Jun 12-15,already_normalized
2025,117,Asian Championships,Jun 12-15,Jun 12-15,already_normalized
2025,118,Romanian Junior Championships,Jun 12-14,Jun 12-14,already_normalized
2025,119,Czech Championships,Jun 13-15,Jun 13-15,already_normalized
2025,120,Swiss Championships,45822,Jun 14,serial
2025,121,Norwegian Championships,Jun 14-15,Jun 14-15,already_normalized
2025,122,Tashkent Challenge Cup,Jun 18-21,Jun 18-21,already_normalized
2025,123,Spanish Championships,Jun 24-29,Jun 24-29,already_normalized
2025,124,Russian Youth Spartakiade,Jun 25-29,Jun 25-29,already_normalized
2025,125,Chinese Junior Championships,Jun 26-Jul 3,Jun 26-Jul 3,already_normalized
2025,126,Hopes Classic,45835,Jun 27,serial
2025,127,American Classic,45836,Jun 28,serial
2025,128,Givet Friendly,45836,Jun 28,serial
2025,129,Sens Junior Friendly,45836,Jun 28,serial
2025,130,Dutch Championships,Jun 28-29,Jun 28-29,already_normalized
2025,131,Danish Team Championships,Jun 28-29,Jun 28-29,already_normalized
2025,132,Bulgarian Championships,Jun 30-Jul 1,Jun 30-Jul 1,already_normalized
2025,133,Strongest Athletes Cup,Jul 3-6,Jul 3-6,already_normalized
2025,134,Australian Championships,Jul 3-9,Jul 3-9,already_normalized
2025,135,2nd Bundesliga,45843,Jul 5,serial
2025,136,Biel Junior Men's Friendly,45843,Jul 5,serial
2025,137,Spanish League Final,Jul 5-6,Jul 5-6,already_normalized
2025,138,Israeli Championships,Jul 8-11,Jul 8-11,already_normalized
2025,139,EYOF Preparation Event,45847,Jul 9,serial
2025,140,Island Games,Jul 12-18,Jul 12-18,already_normalized
2025,141,World University Games,Jul 16-27,Jul 16-27,already_normalized
2025,142,Hopes Championships,45856,Jul 18,serial
2025,143,U.S. Classic,Jul 18-19,Jul 18-19,already_normalized
2025,144,European Youth Olympic Festival,Jul 20-26,Jul 20-26,already_normalized
2025,145,German Championships,Jul 31-Aug 3,Jul 31-Aug 3,already_normalized
2025,146,South African Worlds Trials,Aug 6-8,Aug 6-8,already_normalized
2025,147,U.S. Championships,Aug 7-10,Aug 7-10,already_normalized
2025,148,Argentinian Championships,Aug 8-9,Aug 8-9,already_normalized
2025,149,All-Japan Junior Championships,Aug 12-17,Aug 12-17,already_normalized
2025,150,Junior Pan American Games,Aug 19-22,Aug 19-22,already_normalized
2025,151,All-Japan Student Championships,Aug 19-22,Aug 19-22,already_normalized
2025,152,Swiss Men's Worlds Trials,Aug 23-Sep 5,Aug 23-Sep 5,already_normalized
2025,153,British Worlds Trials,45899,Aug 30,serial
2025,154,Romanian Worlds Trials,45900,Aug 31,serial
2025,155,Brazilian Championships,Sep 4-7,Sep 4-7,already_normalized
2025,156,Chinese Junior National Games,Sep 5-10,Sep 5-10,already_normalized
2025,157,All-Japan Senior Championships,45906,Sep 6,serial
2025,158,4th Bundesliga (MAG),45906,Sep 6,serial
2025,159,All-Japan Super Specialist Championships,45907,Sep 7,serial
2025,160,Chinese Worlds Trials,Sep 9-10,Sep 9-10,already_normalized
2025,161,Turkish Championships,Sep 12-14,Sep 12-14,already_normalized
2025,162,Japanese National Sports Festival,Sep 12-15,Sep 12-15,already_normalized
2025,163,Dutch Worlds Trials,45913,Sep 13,serial
2025,164,Paris Challenge Cup,Sep 13-14,Sep 13-14,already_normalized
2025,165,Pharaoh's Cup,Sep 18-21,Sep 18-21,already_normalized
2025,166,Austrian Team Championships,45920,Sep 20,serial
2025,167,Hungarian Team & Event Championships,Sep 20-21,Sep 20-21,already_normalized
2025,168,German Worlds Trials,45923,Sep 23,serial
2025,169,New Zealand Championships,Sep 23-27,Sep 23-27,already_normalized
2025,170,Korean National Sports Festival,Sep 25-27,Sep 25-27,already_normalized
2025,171,Szombathely Challenge Cup,Sep 26-28,Sep 26-28,already_normalized
2025,172,Italian Championships,Sep 26-28,Sep 26-28,already_normalized
2025,173,Dutch Worlds Trials 2,45927,Sep 27,serial
2025,174,Russian Championships,Sep 28-Oct 5,Sep 28-Oct 5,already_normalized
2025,175,U.S. Worlds Trials,Sep 30-Oct 1,Sep 30-Oct 1,already_normalized
2025,176,Romanian Championships,Oct 2-4,Oct 2-4,already_normalized
2025,177,Worlds Preparation Event,45934,Oct 4,serial
2025,178,Norwegian FIG Meet 3,Oct 4-5,Oct 4-5,already_normalized
2025,179,Mediterranean Championships,Oct 5-7,Oct 5-7,already_normalized
2025,180,Brazilian Junior Championships,Oct 9-12,Oct 9-12,already_normalized
2025,181,Wohnen Juniors Trophy,Oct 10-12,Oct 10-12,already_normalized
2025,182,3rd Bundesliga,45941,Oct 11,serial
2025,183,Lausitz Cup,45941,Oct 11,serial
2025,184,Central American Games,Oct 15-27,Oct 15-27,already_normalized
2025,185,French National Team Review,Oct 17-18,Oct 17-18,already_normalized
2025,186,British Team Championships,Oct 18-19,Oct 18-19,already_normalized
2025,187,German Cup,Oct 18-19,Oct 18-19,already_normalized
2025,188,World Championships,Oct 19-25,Oct 19-25,already_normalized
2025,189,Northern European Championships,Oct 24-26,Oct 24-26,already_normalized
2025,190,Norwegian Junior Championships,Oct 25-26,Oct 25-26,already_normalized
2025,191,Rushmoor Rose Bowl,Oct 25-26,Oct 25-26,already_normalized
2025,192,Wase Gymcup,Oct 25-26,Oct 25-26,already_normalized
2025,193,Mälar Cup,Oct 30-Nov 2,Oct 30-Nov 2,already_normalized
2025,194,Kutu Espoir Friendly,45962,Nov 1,serial
2025,195,Tournoi International,Nov 1-2,Nov 1-2,already_normalized
2025,196,Danish Championships,Nov 1-2,Nov 1-2,already_normalized
2025,197,German Men's Cup,Nov 1-2,Nov 1-2,already_normalized
2025,198,Balkan Championships,Nov 4-6,Nov 4-6,already_normalized
2025,199,Arthur Gander Memorial,45966,Nov 5,serial
2025,200,Latvian Championships,Nov 7-8,Nov 7-8,already_normalized
2025,201,South American Championships,Nov 7-9,Nov 7-9,already_normalized
2025,202,Horizon Cup,Nov 7-9,Nov 7-9,already_normalized
2025,203,5th Bundesliga (MAG),45969,Nov 8,serial
2025,204,Top 12 Series 1,45969,Nov 8,serial
2025,205,Gymnova Cup,Nov 8-9,Nov 8-9,already_normalized
2025,206,Chinese National Games,Nov 10-17,Nov 10-17,already_normalized
2025,207,All-Japan Team Championships,Nov 13-16,Nov 13-16,already_normalized
2025,208,4th Bundesliga,45976,Nov 15,serial
2025,209,6th Bundesliga (MAG),45976,Nov 15,serial
2025,210,Junior World Championships,Nov 20-24,Nov 20-24,already_normalized
2025,211,Croatian Championships,Nov 21-22,Nov 21-22,already_normalized
2025,212,Latvian Men's Championships,Nov 21-22,Nov 21-22,already_normalized
2025,213,7th Bundesliga (MAG),45983,Nov 22,serial
2025,214,Dutch Team Championships,Nov 22-23,Nov 22-23,already_normalized
2025,215,Barborka Cup,Nov 22-23,Nov 22-23,already_normalized
2025,216,Swiss Team Championships,45984,Nov 23,serial
2025,217,Voronin Cup,Nov 24-25,Nov 24-25,already_normalized
2025,218,Bolivarian Games,Nov 27-29,Nov 27-29,already_normalized
2025,219,Olympic Hopes Cup,Nov 28-30,Nov 28-30,already_normalized
2025,220,Sokol Grand Prix,45990,Nov 29,serial
2025,221,Rotterdam Friendly,45990,Nov 29,serial
2025,222,Top Gym Tournament,Nov 29-30,Nov 29-30,already_normalized
2025,223,Slovenian Championships,Nov 29-30,Nov 29-30,already_normalized
2025,224,Bundesliga Finals,45991,Nov 30,serial
2025,225,Top 12 Series 2,45997,Dec 6,serial
2025,226,Southeast Asian Games,Dec 9-11,Dec 9-11,already_normalized
2025,227,Top 12 Series 3,46004,Dec 13,serial
2025,228,Italian Gold Championships,Dec 19-21,Dec 19-21,already_normalized
2024,2,Indian Championships,Jan 2-4,Jan 2-4,already_normalized
2024,3,Beach Blast Invitational,Jan 12-14,Jan 12-14,already_normalized
2024,4,Houston National Invitational,Jan 18-21,Jan 18-21,already_normalized
2024,5,Vegas Cup National Qualifier,Jan 26-28,Jan 26-28,already_normalized
2024,6,Top 12 Series 4 (MAG),44953,Jan 27,serial
2024,7,1st Italian Serie A,Feb 2-3,Feb 2-3,already_normalized
2024,8,Biles Invitational National Qualifier,Feb 2-4,Feb 2-4,already_normalized
2024,9,Top 12 Series 5 (MAG),44960,Feb 3,serial
2024,10,City of Lights National Qualifier,Feb 9-11,Feb 9-11,already_normalized
2024,11,WOGA Classic,Feb 9-11,Feb 9-11,already_normalized
2024,12,Top 12 Series 6 (MAG),44967,Feb 10,serial
2024,13,2nd Spanish League,Feb 10-11,Feb 10-11,already_normalized
2024,14,Cairo World Cup,Feb 15-18,Feb 15-18,already_normalized
2024,15,Welsh Championships,Feb 16-18,Feb 16-18,already_normalized
2024,16,Excalibur Cup National Qualifier,Feb 16-18,Feb 16-18,already_normalized
2024,17,Scottish Championships,Feb 17-18,Feb 17-18,already_normalized
2024,18,Elite Canada,Feb 18-20,Feb 18-20,already_normalized
2024,19,Cottbus World Cup,Feb 22-25,Feb 22-25,already_normalized
2024,20,2nd Italian Serie A,44980,Feb 23,serial
2024,21,Winter Cup,Feb 23-25,Feb 23-25,already_normalized
2024,22,Polish Cup,45351,Feb 29,serial
2024,23,Tiger Cup,Feb 29-Mar 2,Feb 29-Mar 2,already_normalized
2024,24,European Gymnastics Online Series,45352,Mar 1,serial
2024,25,English Championships,Mar 1-3,Mar 1-3,already_normalized
2024,26,Iceland Classic,Mar 1-3,Mar 1-3,already_normalized
2024,27,Swiss Junior Euros Trials,45354,Mar 3,serial
2024,28,Swiss Junior Men's Euros Trials,45357,Mar 6,serial
2024,29,International Gymnix,Mar 6-10,Mar 6-10,already_normalized
2024,30,Baku World Cup,Mar 7-10,Mar 7-10,already_normalized
2024,31,Singapore Championships,Mar 8-17,Mar 8-17,already_normalized
2024,32,Russian Championships,Mar 11-17,Mar 11-17,already_normalized
2024,33,Swiss Junior Euros Trials 2,45364,Mar 13,serial
2024,34,Lithuanian Men's Championships,45365,Mar 14,serial
2024,35,British Championships,Mar 14-17,Mar 14-17,already_normalized
2024,36,DTB Pokal Team Challenge,Mar 15-17,Mar 15-17,already_normalized
2024,37,Magical March National Qualifier,Mar 15-17,Mar 15-17,already_normalized
2024,38,Icelandic Championships,Mar 16-17,Mar 16-17,already_normalized
2024,39,Hungarian Men's Championships,Mar 16-17,Mar 16-17,already_normalized
2024,40,Unni & Haralds Trophy,Mar 16-17,Mar 16-17,already_normalized
2024,41,DTB Pokal Mixed Cup,45002,Mar 17,serial
2024,42,Lithuanian Championships,45372,Mar 21,serial
2024,43,Malta Championships,45372,Mar 21,serial
2024,44,Swiss Euros Trials,45372,Mar 21,serial
2024,45,South African Championships,Mar 21-22,Mar 21-22,already_normalized
2024,46,International Junior Team Cup,Mar 21-24,Mar 21-24,already_normalized
2024,47,Grizzly Classic,Mar 21-24,Mar 21-24,already_normalized
2024,48,Antalya Friendly,45373,Mar 22,serial
2024,49,European Gymnastics Online Series 2,45373,Mar 22,serial
2024,50,Swiss Euros Trials 2,45374,Mar 23,serial
2024,51,Danish Team Championships,45374,Mar 23,serial
2024,52,Finnish Championships,Mar 23-24,Mar 23-24,already_normalized
2024,53,Hungarian Championships,Mar 23-24,Mar 23-24,already_normalized
2024,54,Polish Championships,Mar 23-24,Mar 23-24,already_normalized
2024,55,International GymSport,Mar 23-24,Mar 23-24,already_normalized
2024,56,Hungarian Junior Championships,Mar 29-30,Mar 29-30,already_normalized
2024,57,Antalya Challenge Cup,Mar 29-31,Mar 29-31,already_normalized
2024,58,Top 12 Series 4,45015,Mar 30,serial
2024,59,Top 12 Series 7 (MAG),45015,Mar 30,serial
2024,60,U.S. Selection Meet,45384,Apr 2,serial
2024,61,Russian Junior Championships,Apr 3-8,Apr 3-8,already_normalized
2024,62,Osijek Challenge Cup,Apr 4-7,Apr 4-7,already_normalized
2024,63,Bolivarian Youth Games,Apr 4-14,Apr 4-14,already_normalized
2024,64,Ravenna Junior Men's Friendly,45387,Apr 5,serial
2024,65,Nordic Championships,Apr 5-7,Apr 5-7,already_normalized
2024,66,Turkish Team Championships,Apr 5-7,Apr 5-7,already_normalized
2024,67,Parkettes National Qualifier,Apr 5-7,Apr 5-7,already_normalized
2024,68,Magglingen Junior Friendly,45388,Apr 6,serial
2024,69,Dutch Euros Trials,45388,Apr 6,serial
2024,70,Romanian Euros Trials,45388,Apr 6,serial
2024,71,Austrian Championships,Apr 6-7,Apr 6-7,already_normalized
2024,72,3rd Italian Serie A,Apr 6-7,Apr 6-7,already_normalized
2024,73,3rd Spanish League,Apr 6-7,Apr 6-7,already_normalized
2024,74,Rising Stars Trophy,Apr 6-7,Apr 6-7,already_normalized
2024,75,All-Japan Championships,Apr 11-14,Apr 11-14,already_normalized
2024,76,Ifact Norges Cup,45394,Apr 12,serial
2024,77,Luxembourg Open,Apr 12-13,Apr 12-13,already_normalized
2024,78,European Gymnastics Online Series 3,45395,Apr 13,serial
2024,79,1st Bundesliga,45395,Apr 13,serial
2024,80,Zelena Jama Open,45395,Apr 13,serial
2024,81,Norwegian FIG Meet,45395,Apr 13,serial
2024,82,Elek Matolay Memorial,Apr 13-14,Apr 13-14,already_normalized
2024,83,Rheintal Cup,Apr 13-14,Apr 13-14,already_normalized
2024,84,Doha World Cup,Apr 17-20,Apr 17-20,already_normalized
2024,85,South Korean Championships,Apr 19-21,Apr 19-21,already_normalized
2024,86,City of Jesolo Trophy,Apr 20-21,Apr 20-21,already_normalized
2024,87,Pacific Rim Championships,Apr 21-28,Apr 21-28,already_normalized
2024,88,European Men's Championships,Apr 24-28,Apr 24-28,already_normalized
2024,89,Chinese Championships,Apr 24-29,Apr 24-29,already_normalized
2024,90,American Classic,Apr 25-28,Apr 25-28,already_normalized
2024,91,Hopes Classic,Apr 25-28,Apr 25-28,already_normalized
2024,92,Colombian Championships,May 1-5,May 1-5,already_normalized
2024,93,European Championships,May 2-5,May 2-5,already_normalized
2024,94,African Championships,May 3-6,May 3-6,already_normalized
2024,95,Australian Championships,May 10-12,May 10-12,already_normalized
2024,96,Greek Championships,May 10-12,May 10-12,already_normalized
2024,97,GK Championships,45423,May 11,serial
2024,98,Asian Men's Championships,May 16-19,May 16-19,already_normalized
2024,99,NHK Trophy,May 16-19,May 16-19,already_normalized
2024,100,Hopes Championships,45429,May 17,serial
2024,101,U.S. Classic,May 17-18,May 17-18,already_normalized
2024,102,Irish Championships,May 18-19,May 18-19,already_normalized
2024,103,Top 12 Finals,May 18-19,May 18-19,already_normalized
2024,104,Belgian Championships,May 18-20,May 18-20,already_normalized
2024,105,Pan American Championships,May 22-26,May 22-26,already_normalized
2024,106,Varna Challenge Cup,May 23-26,May 23-26,already_normalized
2024,107,Asian Championships,May 24-26,May 24-26,already_normalized
2024,108,Oceania Championships,May 25-26,May 25-26,already_normalized
2024,109,Portuguese Championships,May 25-26,May 25-26,already_normalized
2024,110,Italian Serie A Final Six,May 25-26,May 25-26,already_normalized
2024,111,Mexican Championships,May 27-31,May 27-31,already_normalized
2024,112,Koper Challenge Cup,May 30-Jun 2,May 30-Jun 2,already_normalized
2024,113,U.S. Championships,May 30-Jun 2,May 30-Jun 2,already_normalized
2024,114,Ifact Norges Cup 2,45443,May 31,serial
2024,115,Czech Championships,May 31-Jun 2,May 31-Jun 2,already_normalized
2024,116,Singapore Open,May 31-Jun 2,May 31-Jun 2,already_normalized
2024,117,German Junior Championships,Jun 1-2,Jun 1-2,already_normalized
2024,118,Canadian Championships,Jun 5-9,Jun 5-9,already_normalized
2024,119,Salamunov Memorial,Jun 5-9,Jun 5-9,already_normalized
2024,120,French Championships,Jun 7-9,Jun 7-9,already_normalized
2024,121,German Championships,Jun 8-9,Jun 8-9,already_normalized
2024,122,British Men's Team Championships,Jun 8-9,Jun 8-9,already_normalized
2024,123,Swiss Olympic Trials,45456,Jun 13,serial
2024,124,Swiss Olympic Trials 2,45458,Jun 15,serial
2024,125,Spanish Championships,Jun 19-23,Jun 19-23,already_normalized
2024,126,Bulgarian Championships,Jun 21-22,Jun 21-22,already_normalized
2024,127,Turkish Men's Championships,Jun 21-23,Jun 21-23,already_normalized
2024,128,Croatian Event Championships,Jun 21-23,Jun 21-23,already_normalized
2024,129,Brazil Trophy,Jun 21-23,Jun 21-23,already_normalized
2024,130,German Olympic Trials,45465,Jun 22,serial
2024,131,Rüsselsheim Junior Men's Friendly,45465,Jun 22,serial
2024,132,Dutch Championships,Jun 22-23,Jun 22-23,already_normalized
2024,133,Swiss Championships,Jun 22-23,Jun 22-23,already_normalized
2024,134,U.S. Olympic Trials,Jun 27-30,Jun 27-30,already_normalized
2024,135,RomGym Trophy,Jun 28-30,Jun 28-30,already_normalized
2024,136,German Junior Men's Championships,Jun 28-30,Jun 28-30,already_normalized
2024,137,Israeli Championships,Jun 28-Jul 8,Jun 28-Jul 8,already_normalized
2024,138,Troyes Friendly,45472,Jun 29,serial
2024,139,Swedish Championships,Jun 29-30,Jun 29-30,already_normalized
2024,140,Spanish League Final,Jun 29-30,Jun 29-30,already_normalized
2024,141,Italian Championships,Jul 5-7,Jul 5-7,already_normalized
2024,142,Haguenau Friendly,45479,Jul 6,serial
2024,143,Madrid Friendly,45479,Jul 6,serial
2024,144,Dutch Olympic Trials,45479,Jul 6,serial
2024,145,Olympic Games,Jul 26-Aug 11,Jul 26-Aug 11,already_normalized
2024,146,Russian Cup,Jul 29-Aug 5,Jul 29-Aug 5,already_normalized
2024,147,All-Japan Junior Championships,Aug 12-17,Aug 12-17,already_normalized
2024,148,All-Japan Student Championships,Aug 23-26,Aug 23-26,already_normalized
2024,149,Belarus Open Cup,Aug 26-31,Aug 26-31,already_normalized
2024,150,Japanese National Sports Festival,Sep 5-8,Sep 5-8,already_normalized
2024,151,Norwegian Championships,Sep 7-8,Sep 7-8,already_normalized
2024,152,2nd Bundesliga,45549,Sep 14,serial
2024,153,Hungarian Team Final Championships,45549,Sep 14,serial
2024,154,All-Japan Senior Championships,45550,Sep 15,serial
2024,155,Chinese Individual Championships,Sep 15-24,Sep 15-24,already_normalized
2024,156,All-Japan Super Specialist Championships,45551,Sep 16,serial
2024,157,Balkan Championships,Sep 19-21,Sep 19-21,already_normalized
2024,158,Brazilian Championships,Sep 20-22,Sep 20-22,already_normalized
2024,159,Northern European Championships,Sep 21-22,Sep 21-22,already_normalized
2024,160,Hungarian Event Championships,Sep 21-22,Sep 21-22,already_normalized
2024,161,Turkish Championships,Sep 27-29,Sep 27-29,already_normalized
2024,162,1st Bundesliga (MAG),45197,Sep 28,serial
2024,163,Ukrainian Championships,Sep 28-29,Sep 28-29,already_normalized
2024,164,Norwegian FIG Meet 2,Sep 28-29,Sep 28-29,already_normalized
2024,165,Szombathely Challenge Cup,Oct 4-6,Oct 4-6,already_normalized
2024,166,2nd Bundesliga (MAG),45204,Oct 5,serial
2024,167,New Zealand Championships,Oct 7-11,Oct 7-11,already_normalized
2024,168,Wohnen Juniors Trophy,Oct 11-13,Oct 11-13,already_normalized
2024,169,Brazilian Junior Championships,Oct 11-13,Oct 11-13,already_normalized
2024,170,Leverkusen Cup,45577,Oct 12,serial
2024,171,3rd Bundesliga,45577,Oct 12,serial
2024,172,3rd Bundesliga (MAG),45211,Oct 12,serial
2024,173,Hungarian Masters Championships,Oct 12-13,Oct 12-13,already_normalized
2024,174,British Team Championships,Oct 12-13,Oct 12-13,already_normalized
2024,175,South American Championships,Oct 18-20,Oct 18-20,already_normalized
2024,176,4th Bundesliga (MAG),45218,Oct 19,serial
2024,177,German Cup,Oct 19-20,Oct 19-20,already_normalized
2024,178,Gymnasiade,Oct 23-31,Oct 23-31,already_normalized
2024,179,Romanian Junior Championships,Oct 24-27,Oct 24-27,already_normalized
2024,180,French National Team Review,Oct 25-26,Oct 25-26,already_normalized
2024,181,Norwegian Junior Championships,Oct 25-27,Oct 25-27,already_normalized
2024,182,Wase Gymcup,Oct 26-27,Oct 26-27,already_normalized
2024,183,Rushmoor Rose Bowl,Oct 26-27,Oct 26-27,already_normalized
2024,184,Mälar Cup,Oct 31-Nov 3,Oct 31-Nov 3,already_normalized
2024,185,Köln Espoir Friendly,45598,Nov 2,serial
2024,186,Danish Championships,Nov 2-3,Nov 2-3,already_normalized
2024,187,Norwegian FIG Meet 3,Nov 2-3,Nov 2-3,already_normalized
2024,188,Arthur Gander Memorial,45602,Nov 6,serial
2024,189,Swiss Cup Juniors,45604,Nov 8,serial
2024,190,Swiss Cup,45239,Nov 9,serial
2024,191,4th Bundesliga,45605,Nov 9,serial
2024,192,5th Bundesliga (MAG),45239,Nov 9,serial
2024,193,Tournoi International,Nov 9-10,Nov 9-10,already_normalized
2024,194,Gymnova Cup,Nov 9-10,Nov 9-10,already_normalized
2024,195,Horizon Cup,Nov 9-10,Nov 9-10,already_normalized
2024,196,Croatian Championships,Nov 9-10,Nov 9-10,already_normalized
2024,197,Latvian Championships,Nov 9-10,Nov 9-10,already_normalized
2024,198,Romanian Individual Championships,Nov 15-17,Nov 15-17,already_normalized
2024,199,6th Bundesliga (MAG),45246,Nov 16,serial
2024,200,Top 12 Series 1 (MAG),45612,Nov 16,serial
2024,201,Dutch Team Championships,45612,Nov 16,serial
2024,202,Platinum League Online,Nov 21-23,Nov 21-23,already_normalized
2024,203,Austrian Future Cup,Nov 22-23,Nov 22-23,already_normalized
2024,204,Latvian Men's Championships,Nov 22-23,Nov 22-23,already_normalized
2024,205,All-Japan Event Championships,Nov 22-24,Nov 22-24,already_normalized
2024,206,All-Japan Team Championships,45619,Nov 23,serial
2024,207,Chemnitz Junior Friendly,45619,Nov 23,serial
2024,208,South American Junior Championships,Nov 25-Dec 1,Nov 25-Dec 1,already_normalized
2024,209,Olympic Hopes Cup,Nov 29-Dec 1,Nov 29-Dec 1,already_normalized
2024,210,Barborka Cup,Nov 29-Dec 1,Nov 29-Dec 1,already_normalized
2024,211,Sokol Grand Prix,45626,Nov 30,serial
2024,212,7th Bundesliga (MAG),45260,Nov 30,serial
2024,213,Top 12 Series 1,45626,Nov 30,serial
2024,214,Top 12 Series 2 (MAG),45626,Nov 30,serial
2024,215,Italian Gold Championships,Dec 5-8,Dec 5-8,already_normalized
2024,216,Voronin Cup,Dec 6-8,Dec 6-8,already_normalized
2024,217,Argentinian Championships,45633,Dec 7,serial
2024,218,Bundesliga Finals,45267,Dec 7,serial
2024,219,Top 12 Series 3 (MAG),45633,Dec 7,serial
2024,220,Michel Wanten Cup,Dec 7-8,Dec 7-8,already_normalized
2024,221,Christmas Cup,45639,Dec 13,serial
2024,222,Top 12 Series 2,45640,Dec 14,serial
2024,223,Mediterranean Championships,Dec 16-18,Dec 16-18,already_normalized
2023,2,Beach Blast Invitational,Jan 12-15,Jan 12-15,already_normalized
2023,3,Houston National Invitational,Jan 13-15,Jan 13-15,already_normalized
2023,4,Elite Canada,Jan 20-22,Jan 20-22,already_normalized
2023,5,HGA Invitational,Jan 20-22,Jan 20-22,already_normalized
2023,6,Vegas Cup National Qualifier,Jan 27-29,Jan 27-29,already_normalized
2023,7,Stanford Open,Jan 27-29,Jan 27-29,already_normalized
2023,8,Top 12 Series 1,44954,Jan 28,serial
2023,9,Top 12 Series 4 (MAG),44954,Jan 28,serial
2023,10,Buckeye National Qualifier,Feb 3-5,Feb 3-5,already_normalized
2023,11,Blackjack Invitational,Feb 3-5,Feb 3-5,already_normalized
2023,12,2nd Spanish League,Feb 4-5,Feb 4-5,already_normalized
2023,13,1st Italian Serie A,Feb 10-11,Feb 10-11,already_normalized
2023,14,City of Lights National Qualifier,Feb 10-12,Feb 10-12,already_normalized
2023,15,Top 12 Series 2,44968,Feb 11,serial
2023,16,Top 12 Series 5 (MAG),44968,Feb 11,serial
2023,17,Finnish National Team Test,44969,Feb 12,serial
2023,18,Luxembourg Open,Feb 17-19,Feb 17-19,already_normalized
2023,19,Scottish Championships,Feb 17-19,Feb 17-19,already_normalized
2023,20,WOGA Classic & National Qualifier,Feb 17-19,Feb 17-19,already_normalized
2023,21,Cottbus World Cup,Feb 23-26,Feb 23-26,already_normalized
2023,22,Winter Cup,Feb 23-26,Feb 23-26,already_normalized
2023,23,English Championships,Feb 24-26,Feb 24-26,already_normalized
2023,24,Swiss Men's Euros Trials 1,44982,Feb 25,serial
2023,25,Top 12 Series 3,44982,Feb 25,serial
2023,26,Top 12 Series 6 (MAG),44982,Feb 25,serial
2023,27,Finnish National Team Test 2,44982,Feb 25,serial
2023,28,Swiss Euros Trials 1,44986,Mar 1,serial
2023,29,Doha World Cup,Mar 1-4,Mar 1-4,already_normalized
2023,30,Finnish Men's National Team Test,44988,Mar 3,serial
2023,31,2nd Italian Serie A,Mar 3-4,Mar 3-4,already_normalized
2023,32,Tiger Cup,Mar 3-5,Mar 3-5,already_normalized
2023,33,Ifact Norges Cup (MAG),Mar 3-5,Mar 3-5,already_normalized
2023,34,Innsbruck Men's Friendly,44989,Mar 4,serial
2023,35,Hungarian Junior Event Championships,44989,Mar 4,serial
2023,36,1st Bundesliga (MAG),44989,Mar 4,serial
2023,37,Finnish National Team Test 3,44989,Mar 4,serial
2023,38,Norwegian FIG Meet 1,Mar 4-5,Mar 4-5,already_normalized
2023,39,U.S.-Canada Junior Friendly,44992,Mar 7,serial
2023,40,Russian Championships,Mar 8-12,Mar 8-12,already_normalized
2023,41,Swiss Men's Euros Trials 2,44994,Mar 9,serial
2023,42,Baku World Cup,Mar 9-12,Mar 9-12,already_normalized
2023,43,Singapore Championships,Mar 9-19,Mar 9-19,already_normalized
2023,44,Finnish Men's National Team Test 2,44995,Mar 10,serial
2023,45,Magical March National Qualifier,Mar 10-12,Mar 10-12,already_normalized
2023,46,Iceland Classic,Mar 10-12,Mar 10-12,already_normalized
2023,47,Swiss Euros Trials 2,44996,Mar 11,serial
2023,48,Swiss Men's Euros Trials 3,44996,Mar 11,serial
2023,49,Finnish National Team Test 4,44996,Mar 11,serial
2023,50,Polish Championships,Mar 11-12,Mar 11-12,already_normalized
2023,51,Welsh Championships,Mar 11-12,Mar 11-12,already_normalized
2023,52,Finnish Men's National Team Test 3 ,45002,Mar 17,serial
2023,53,Latvian Championships,Mar 17-18,Mar 17-18,already_normalized
2023,54,DTB Pokal Team Challenge,Mar 17-19,Mar 17-19,already_normalized
2023,55,Magglingen Friendly,45003,Mar 18,serial
2023,56,Hungarian Team Championships,Mar 18-19,Mar 18-19,already_normalized
2023,57,DTB Pokal Mixed Cup,45004,Mar 19,serial
2023,58,British Championships,Mar 23-26,Mar 23-26,already_normalized
2023,59,Dutch Euros Trials 1,45009,Mar 24,serial
2023,60,Finnish Men's National Team Test 4,45009,Mar 24,serial
2023,61,Top 12 Series 4,45010,Mar 25,serial
2023,62,Top 12 Series 7 (MAG),45010,Mar 25,serial
2023,63,Icelandic Championships,Mar 25-26,Mar 25-26,already_normalized
2023,64,Malta Championships,Mar 25-26,Mar 25-26,already_normalized
2023,65,Norwegian FIG Meet 2,Mar 25-26,Mar 25-26,already_normalized
2023,66,Junior World Championships,Mar 29-Apr 2,Mar 29-Apr 2,already_normalized
2023,67,City of Jesolo Trophy,Mar 30-Apr 2,Mar 30-Apr 2,already_normalized
2023,68,South African Championships,Mar 31-Apr 1,Mar 31-Apr 1,already_normalized
2023,69,Finnish National Team Test 5,Mar 31-Apr 2,Mar 31-Apr 2,already_normalized
2023,70,Dutch Euros Trials 2,45017,Apr 1,serial
2023,71,Zelena Jama Open,45017,Apr 1,serial
2023,72,Barents Winter Games,45017,Apr 1,serial
2023,73,Elek Matolay Memorial,Apr 1-2,Apr 1-2,already_normalized
2023,74,Belarus Open Cup,Apr 10-14,Apr 10-14,already_normalized
2023,75,European Championships,Apr 11-16,Apr 11-16,already_normalized
2023,76,Brazil Trophy,Apr 11-16,Apr 11-16,already_normalized
2023,77,South Korean Championships,Apr 14-16,Apr 14-16,already_normalized
2023,78,Finnish National Team Test 6,Apr 14-16,Apr 14-16,already_normalized
2023,79,Colombian Championships,Apr 19-23,Apr 19-23,already_normalized
2023,80,All-Japan Championships,Apr 20-23,Apr 20-23,already_normalized
2023,81,Hanspeter Demetz Memorial,45038,Apr 22,serial
2023,82,2nd Bundesliga (MAG),Apr 22-23,Apr 22-23,already_normalized
2023,83,Cairo World Cup,Apr 27-30,Apr 27-30,already_normalized
2023,84,International GymSport,Apr 28-29,Apr 28-29,already_normalized
2023,85,Top 12 Finals,45045,Apr 29,serial
2023,86,3rd Bundesliga (MAG),Apr 29-30,Apr 29-30,already_normalized
2023,87,3rd Spanish League,Apr 29-30,Apr 29-30,already_normalized
2023,88,Ifact Norges Cup 2 (MAG),Apr 29-30,Apr 29-30,already_normalized
2023,89,1st Bundesliga,45046,Apr 30,serial
2023,90,U.S. Pan American Trials,45046,Apr 30,serial
2023,91,Finnish Championships,May 5-6,May 5-6,already_normalized
2023,92,3rd Italian Serie A,May 5-6,May 5-6,already_normalized
2023,93,Southeast Asian Games,May 5-17,May 5-17,already_normalized
2023,94,Oceania Championships,45052,May 6,serial
2023,95,Australian Junior Classic,45052,May 6,serial
2023,96,GK Championships,45053,May 7,serial
2023,97,Russian Junior Championships,May 9-13,May 9-13,already_normalized
2023,98,Australian Championships,May 10-13,May 10-13,already_normalized
2023,99,International Junior Team Cup,May 12-13,May 12-13,already_normalized
2023,100,Finnish National Team Test 7,May 12-14,May 12-14,already_normalized
2023,101,Danish Championships,May 13-14,May 13-14,already_normalized
2023,102,Austrian Championships,May 13-14,May 13-14,already_normalized
2023,103,Portuguese Championships,May 13-14,May 13-14,already_normalized
2023,104,Greek Championships,May 13-14,May 13-14,already_normalized
2023,105,Mexican Championships,May 14-18,May 14-18,already_normalized
2023,106,Canadian Championships,May 19-21,May 19-21,already_normalized
2023,107,Nordic Junior Championships,May 19-21,May 19-21,already_normalized
2023,108,NHK Trophy,May 20-21,May 20-21,already_normalized
2023,109,Irish Championships,May 20-21,May 20-21,already_normalized
2023,110,Hungarian Junior Championships,May 20-21,May 20-21,already_normalized
2023,111,Chinese Championships,May 21-28,May 21-28,already_normalized
2023,112,Varna Challenge Cup,May 25-28,May 25-28,already_normalized
2023,113,African Championships,May 26-27,May 26-27,already_normalized
2023,114,Italian Serie A Finals,May 26-27,May 26-27,already_normalized
2023,115,Pan American Championships,May 26-28,May 26-28,already_normalized
2023,116,Finnish National Team Test 8,May 26-28,May 26-28,already_normalized
2023,117,Belgian Championships,May 27-29,May 27-29,already_normalized
2023,118,Avignon Men's Friendly,45074,May 28,serial
2023,119,Tel Aviv Challenge Cup,Jun 1-4,Jun 1-4,already_normalized
2023,120,Singapore Open,Jun 2-4,Jun 2-4,already_normalized
2023,121,Czech Championships,Jun 2-4,Jun 2-4,already_normalized
2023,122,Parkettes National Qualifier,Jun 2-4,Jun 2-4,already_normalized
2023,123,German EYOF Trials,45080,Jun 3,serial
2023,124,Norwegian Junior Championships,Jun 3-4,Jun 3-4,already_normalized
2023,125,Swiss Junior Men's Championships,Jun 3-4,Jun 3-4,already_normalized
2023,126,Osijek Challenge Cup,Jun 8-11,Jun 8-11,already_normalized
2023,127,All-Japan Event Championships,Jun 10-11,Jun 10-11,already_normalized
2023,128,Swiss Junior Championships,Jun 10-11,Jun 10-11,already_normalized
2023,129,Asian Championships,Jun 10-18,Jun 10-18,already_normalized
2023,130,French Championships,Jun 15-17,Jun 15-17,already_normalized
2023,131,Rising Stars Trophy,Jun 16-17,Jun 16-17,already_normalized
2023,132,Spanish League Final,Jun 16-18,Jun 16-18,already_normalized
2023,133,Norwegian Championships,Jun 17-18,Jun 17-18,already_normalized
2023,134,German Junior Championships,Jun 17-18,Jun 17-18,already_normalized
2023,135,Salamunov Memorial,Jun 21-25,Jun 21-25,already_normalized
2023,136,Dutch Championships,Jun 24-25,Jun 24-25,already_normalized
2023,137,Central American & Caribbean Games,Jun 24-28,Jun 24-28,already_normalized
2023,138,Swedish Championships,Jun 28-29,Jun 28-29,already_normalized
2023,139,German Junior Men's Championships,Jun 30-Jul 2,Jun 30-Jul 2,already_normalized
2023,140,Epernay Friendly,45108,Jul 1,serial
2023,141,2nd Bundesliga,45108,Jul 1,serial
2023,142,Bulgarian Championships,Jul 1-2,Jul 1-2,already_normalized
2023,143,New Zealand Championships,Jul 5-8,Jul 5-8,already_normalized
2023,144,German Championships,Jul 6-9,Jul 6-9,already_normalized
2023,145,Dutch EYOF Trials,Jul 7-8,Jul 7-8,already_normalized
2023,146,Hopes Classic,Jul 8-9,Jul 8-9,already_normalized
2023,147,American Classic,Jul 8-9,Jul 8-9,already_normalized
2023,148,July U.S. National Team Camp,Jul 9-12,Jul 9-12,already_normalized
2023,149,2nd Colombian Championships,Jul 13-16,Jul 13-16,already_normalized
2023,150,Spanish Championships,Jul 19-23,Jul 19-23,already_normalized
2023,151,European Youth Olympic Festival,Jul 25-29,Jul 25-29,already_normalized
2023,152,Minsk Friendly,45134,Jul 27,serial
2023,153,Summer Universiade,Aug 1-5,Aug 1-5,already_normalized
2023,154,Hopes Championships,45142,Aug 4,serial
2023,155,U.S. Classic,Aug 4-6,Aug 4-6,already_normalized
2023,156,Lenzburg Men's Friendly,45143,Aug 5,serial
2023,157,British Men's Worlds Trials,45150,Aug 12,serial
2023,158,All-Japan Junior Championships,Aug 12-17,Aug 12-17,already_normalized
2023,159,Brazilian Championships,Aug 14-20,Aug 14-20,already_normalized
2023,160,Swiss Men's Worlds Trials,Aug 17-19,Aug 17-19,already_normalized
2023,161,Dutch Men's Worlds Trials,45156,Aug 18,serial
2023,162,Pharaoh's Cup,Aug 18-20,Aug 18-20,already_normalized
2023,163,All-Japan Student Championships,Aug 19-22,Aug 19-22,already_normalized
2023,164,Chinese Worlds Trials,Aug 20-22,Aug 20-22,already_normalized
2023,165,U.S. Championships,Aug 24-27,Aug 24-27,already_normalized
2023,166,Canadian Worlds Trials,Aug 25-26,Aug 25-26,already_normalized
2023,167,Turkish Championships,Aug 25-27,Aug 25-27,already_normalized
2023,168,British Worlds Trials,45164,Aug 26,serial
2023,169,German Worlds Trials 1,45164,Aug 26,serial
2023,170,Linz Friendly,45164,Aug 26,serial
2023,171,Ghent Men's Friendly,45164,Aug 26,serial
2023,172,South American Junior Championships,Aug 26-Sep 2,Aug 26-Sep 2,already_normalized
2023,173,Finnish National Team Test 9 https://live.sporteventsystems.se/Score/WebScore/2700,Aug 26-27,Aug 26-27,already_normalized
2023,174,Dutch Men's Worlds Trials 2,45167,Aug 29,serial
2023,175,Russian Cup,Aug 30-Sep 3,Aug 30-Sep 3,already_normalized
2023,176,Finnish Men's National Team Test 5 - https://live.sporteventsystems.se/Score/WebScore/2709 ,45170,Sep 1,serial
2023,177,Mersin Challenge Cup,Sep 1-3,Sep 1-3,already_normalized
2023,178,RomGym Trophy,Sep 1-3,Sep 1-3,already_normalized
2023,179,Romanian Championships,Sep 1-3,Sep 1-3,already_normalized
2023,180,Dutch Worlds Trials,45171,Sep 2,serial
2023,181,Swiss Championships,Sep 2-3,Sep 2-3,already_normalized
2023,182,Italian Championships,Sep 6-10,Sep 6-10,already_normalized
2023,183,Finnish Men's National Team Test 6 https://live.sporteventsystems.se/Score/WebScore/2710,45177,Sep 8,serial
2023,184,South American Championships,Sep 8-10,Sep 8-10,already_normalized
2023,185,Szombathely Challenge Cup,Sep 8-10,Sep 8-10,already_normalized
2023,186,Unni & Haralds Trophy,Sep 8-10,Sep 8-10,already_normalized
2023,187,Heidelberg Friendly,45178,Sep 9,serial
2023,188,All-Japan Senior Championships,45178,Sep 9,serial
2023,189,All-Japan Super Specialist Championships,45179,Sep 10,serial
2023,190,Finnish National Team Test 10 https://live.sporteventsystems.se/Score/WebScore/2718?f=w6255,Sep 15-17,Sep 15-17,already_normalized
2023,191,Dutch Worlds Trials 2,45185,Sep 16,serial
2023,192,Magglingen Friendly 2,45185,Sep 16,serial
2023,193,Paris Challenge Cup,Sep 16-17,Sep 16-17,already_normalized
2023,194,Hungarian Championships,Sep 16-17,Sep 16-17,already_normalized
2023,195,U.S. Worlds Trials,Sep 19-20,Sep 19-20,already_normalized
2023,196,Balkan Championships,Sep 21-23,Sep 21-23,already_normalized
2023,197,Asian Games,Sep 24-29,Sep 24-29,already_normalized
2023,198,Australian Classic,Sep 24-Oct 1,Sep 24-Oct 1,already_normalized
2023,199,Wohnen Juniors Trophy,Sep 29-30,Sep 29-30,already_normalized
2023,200,Finnish National Team Test 11 https://live.sporteventsystems.se/Score/WebScore/2734?f=w6370 ,Sep 29-Oct 1,Sep 29-Oct 1,already_normalized
2023,201,World Championships,Sep 30-Oct 8,Sep 30-Oct 8,already_normalized
2023,202,Finnish Men's National Team Test 7 https://live.sporteventsystems.se/Score/WebScore/2745 ,45205,Oct 6,serial
2023,203,2nd Hungarian Junior Championships,45206,Oct 7,serial
2023,204,Finnish Men's National Team Test 8 https://live.sporteventsystems.se/Score/WebScore/2755,45212,Oct 13,serial
2023,205,Finnish National Team Test 12 https://live.sporteventsystems.se/Score/WebScore/2759 ,Oct 13-15,Oct 13-15,already_normalized
2023,206,Leverkusen Cup,45213,Oct 14,serial
2023,207,3rd Bundesliga,45213,Oct 14,serial
2023,208,British Team Championships,Oct 14-15,Oct 14-15,already_normalized
2023,209,Icelandic Fall Championships,Oct 14-15,Oct 14-15,already_normalized
2023,210,Pan American Games,Oct 20-Nov 5,Oct 20-Nov 5,already_normalized
2023,211,Mediterranean Championships,Oct 20-22,Oct 20-22,already_normalized
2023,212,German Junior Cup,Oct 20-22,Oct 20-22,already_normalized
2023,213,4th Bundesliga (MAG),45220,Oct 21,serial
2023,214,Rushmoor Rose Bowl,Oct 21-22,Oct 21-22,already_normalized
2023,215,Finnish National Team Test 13 https://live.sporteventsystems.se/Score/WebScore/2770?f=w6626,Oct 21-22,Oct 21-22,already_normalized
2023,216,Chinese Individual Championships,Oct 25-29,Oct 25-29,already_normalized
2023,217,French National Team Review,Oct 27-28,Oct 27-28,already_normalized
2023,218,Ifact Norges Cup 3 (MAG),Oct 27-29,Oct 27-29,already_normalized
2023,219,Finnish National Team Test 14 https://live.sporteventsystems.se/Score/WebScore/2753?f=w6641 ,Oct 27-29,Oct 27-29,already_normalized
2023,220,Romanian Junior Championships,Oct 28-29,Oct 28-29,already_normalized
2023,221,5th Bundesliga (MAG),Oct 28-29,Oct 28-29,already_normalized
2023,222,Swiss Team Championships,Oct 28-29,Oct 28-29,already_normalized
2023,223,Norwegian FIG Meet 3,Oct 28-29,Oct 28-29,already_normalized
2023,224,Wase Gymcup,Oct 28-29,Oct 28-29,already_normalized
2023,225,Arthur Gander Memorial,45231,Nov 1,serial
2023,226,Swiss Cup Juniors,45233,Nov 3,serial
2023,227,Mälar Cup,Nov 3-5,Nov 3-5,already_normalized
2023,228,Austrian Junior Championships,45234,Nov 4,serial
2023,229,Andrea Massucchi Trophy,45234,Nov 4,serial
2023,230,Hungarian Masters Championships,Nov 4-5,Nov 4-5,already_normalized
2023,231,Hungarian Junior Men's Championships,Nov 4-5,Nov 4-5,already_normalized
2023,232,Swiss Cup,45235,Nov 5,serial
2023,233,Argentinian Championships,Nov 6-12,Nov 6-12,already_normalized
2023,234,Chinese National Student-Youth Games,Nov 6-13,Nov 6-13,already_normalized
2023,235,Brazilian Junior Championships,Nov 8-12,Nov 8-12,already_normalized
2023,236,Horizon Cup,Nov 10-12,Nov 10-12,already_normalized
2023,237,4th Bundesliga,45241,Nov 11,serial
2023,238,6th Bundesliga (MAG),45241,Nov 11,serial
2023,239,Top 12 Series 1 (2024 season),45241,Nov 11,serial
2023,240,Gymnova Cup,Nov 11-12,Nov 11-12,already_normalized
2023,241,Austrian Future Cup,Nov 17-18,Nov 17-18,already_normalized
2023,242,Italian Gold Championships Qualifier,Nov 17-19,Nov 17-19,already_normalized
2023,243,Swedish Cup (MAG),Nov 17-19,Nov 17-19,already_normalized
2023,244,7th Bundesliga (MAG),45248,Nov 18,serial
2023,245,Top 12 Series 1 (MAG) (2024 season),45248,Nov 18,serial
2023,246,Swedish Cup,45248,Nov 18,serial
2023,247,Tournoi International,Nov 18-19,Nov 18-19,already_normalized
2023,248,Kazan Friendly,Nov 22-25,Nov 22-25,already_normalized
2023,249,Olympic Hopes Cup,Nov 24-26,Nov 24-26,already_normalized
2023,250,Sokol Grand Prix,45255,Nov 25,serial
2023,251,Northern European Championships,Nov 24-26,Nov 24-26,already_normalized
2023,252,Top 12 Series 2 (2024 season),45255,Nov 25,serial
2023,253,Lenzburg Junior Friendly,45255,Nov 25,serial
2023,254,Top Gym Tournament,Nov 25-26,Nov 25-26,already_normalized
2023,255,All-Japan Team Championships,45256,Nov 26,serial
2023,256,Croatian Championships,Nov 28-29,Nov 28-29,already_normalized
2023,257,European Online Test Event,45261,Dec 1,serial
2023,258,Italian Gold Championships,Dec 1-3,Dec 1-3,already_normalized
2023,259,Bundesliga Finals,45262,Dec 2,serial
2023,260,Top 12 Series 2 (MAG) (2024 season),45262,Dec 2,serial
2023,261,1st Spanish League (2024 season),Dec 2-3,Dec 2-3,already_normalized
2023,262,Michel Wanten Cup,Dec 2-3,Dec 2-3,already_normalized
2023,263,Top 12 Series 3 (2024 season),45269,Dec 9,serial
2023,264,Top 12 Series 3 (MAG) (2024 season),45276,Dec 16,serial
2023,265,Philippine National Games,Dec 17-22,Dec 17-22,already_normalized
2023,266,Indian Junior Championships,Dec 28-30,Dec 28-30,already_normalized
2022,2,Houston National Invitational,Jan 20-23,Jan 20-23,already_normalized
2022,3,Vegas Cup National Qualifier,Jan 21-22,Jan 21-22,already_normalized
2022,4,All American National Qualifier,Jan 28-29,Jan 28-29,already_normalized
2022,5,Buckeye National Qualifier,Feb 4-6,Feb 4-6,already_normalized
2022,6,1st Italian Serie A,Feb 11-12,Feb 11-12,already_normalized
2022,7,GAGE National Qualifier,Feb 11-13,Feb 11-13,already_normalized
2022,8,WOGA Classic,44604,Feb 12,serial
2022,9,Liukin Invitational,44604,Feb 12,serial
2022,10,Top 12 Series 1 (MAG),44604,Feb 12,serial
2022,11,Metroplex National Qualifier,Feb 18-20,Feb 18-20,already_normalized
2022,12,Cottbus World Cup,Feb 24-27,Feb 24-27,already_normalized
2022,13,Winter Cup,Feb 24-27,Feb 24-27,already_normalized
2022,14,Finnish National Team Test 1,44617,Feb 25,serial
2022,15,Top 12 Series 2 (MAG),44618,Feb 26,serial
2022,16,Scottish Championships,Feb 26-27,Feb 26-27,already_normalized
2022,17,Welsh Championships,Feb 26-27,Feb 26-27,already_normalized
2022,18,Doha World Cup,Mar 2-5,Mar 2-5,already_normalized
2022,19,1st Spanish League,Mar 5-7,Mar 5-7,already_normalized
2022,20,KPAC National Qualifier,Mar 10-11,Mar 10-11,already_normalized
2022,21,Singapore Championships,Mar 11-12,Mar 11-12,already_normalized
2022,22,2nd Italian Serie A,Mar 11-12,Mar 11-12,already_normalized
2022,23,English Championships,Mar 11-13,Mar 11-13,already_normalized
2022,24,Top 12 Series 3 (MAG),44632,Mar 12,serial
2022,25,Finnish National Team Test 2,44633,Mar 13,serial
2022,26,Cairo World Cup,Mar 17-20,Mar 17-20,already_normalized
2022,27,Elite Canada,Mar 18-20,Mar 18-20,already_normalized
2022,28,DTB Pokal Team Challenge,Mar 18-20,Mar 18-20,already_normalized
2022,29,French Test Meet,Mar 19-26,Mar 19-26,already_normalized
2022,30,DTB Pokal Mixed Cup,44640,Mar 20,serial
2022,31,Latvian Cup,Mar 24-26,Mar 24-26,already_normalized
2022,32,British Championships,Mar 24-27,Mar 24-27,already_normalized
2022,33,Top 12 Series 1,44646,Mar 26,serial
2022,34,Top 12 Series 4 (MAG),44646,Mar 26,serial
2022,35,Finnish National Team Test 3,44646,Mar 26,serial
2022,36,Baku World Cup,Mar 31-Apr 3,Mar 31-Apr 3,already_normalized
2022,37,March U.S. National Team Camp,Mar 31-Apr 3,Mar 31-Apr 3,already_normalized
2022,38,Finnish Men's Euros Trials 1,44652,Apr 1,serial
2022,39,Icelandic Classic,Apr 1-3,Apr 1-3,already_normalized
2022,40,Hanspeter Demetz Memorial,Apr 2-3,Apr 2-3,already_normalized
2022,41,Unisport Norges Cup (MAG),Apr 2-3,Apr 2-3,already_normalized
2022,42,Russian Championships,Apr 6-10,Apr 6-10,already_normalized
2022,43,Lithuanian Cup,45755,Apr 8,serial
2022,44,Finnish Men's Euros Trials 2,44659,Apr 8,serial
2022,45,Top 12 Series 2,44660,Apr 9,serial
2022,46,Top 12 Series 5 (MAG),44660,Apr 9,serial
2022,47,City of Jesolo Trophy,Apr 9-10,Apr 9-10,already_normalized
2022,48,NTTC National Qualifier,Apr 9-10,Apr 9-10,already_normalized
2022,49,Malta Championships,Apr 9-10,Apr 9-10,already_normalized
2022,50,Zelena Jama Open,Apr 9-10,Apr 9-10,already_normalized
2022,51,Russian Men's Championships,Apr 13-17,Apr 13-17,already_normalized
2022,52,All-Japan Championships,Apr 21-24,Apr 21-24,already_normalized
2022,53,Finnish Men's Euros Trials 3,44673,Apr 22,serial
2022,54,3rd Italian Serie A,Apr 22-23,Apr 22-23,already_normalized
2022,55,Elek Matolay Memorial,Apr 23-24,Apr 23-24,already_normalized
2022,56,South American Junior Games,Apr 28-May 1,Apr 28-May 1,already_normalized
2022,57,Finnish Men's Euros Trials 4,44680,Apr 29,serial
2022,58,International Junior Team Cup,Apr 29-30,Apr 29-30,already_normalized
2022,59,Top 12 Series 3,44681,Apr 30,serial
2022,60,Top 12 Series 6 (MAG),44681,Apr 30,serial
2022,61,GK Championships,44681,Apr 30,serial
2022,62,International GymSport,Apr 30-May 1,Apr 30-May 1,already_normalized
2022,63,1st Bundesliga (MAG),44688,May 7,serial
2022,64,2nd Spanish League,44688,May 7,serial
2022,65,Greek Championships,May 7-8,May 7-8,already_normalized
2022,66,2nd Bundesliga (MAG),44695,May 14,serial
2022,67,Southeast Asian Games,May 13-16,May 13-16,already_normalized
2022,68,NHK Trophy,May 14-15,May 14-15,already_normalized
2022,69,Mexican Men's Championships,May 16-20,May 16-20,already_normalized
2022,70,Gymnasiade,May 17-20,May 17-20,already_normalized
2022,71,Brazil Trophy,May 19-22,May 19-22,already_normalized
2022,72,Australian Championships,May 20-22,May 20-22,already_normalized
2022,73,Portuguese Championships,44702,May 21,serial
2022,74,Tata Junior Friendly,44702,May 21,serial
2022,75,1st Bundesliga,44702,May 21,serial
2022,76,3rd Bundesliga (MAG),44702,May 21,serial
2022,77,Italian Serie A Final Six,May 21-22,May 21-22,already_normalized
2022,78,Irish Championships,May 21-22,May 21-22,already_normalized
2022,79,Züri Oberland Cup,May 21-22,May 21-22,already_normalized
2022,80,Norwegian FIG Meet 1,May 21-22,May 21-22,already_normalized
2022,81,Oceania Championships,May 22-25,May 22-25,already_normalized
2022,82,Mexican Championships,May 23-27,May 23-27,already_normalized
2022,83,Top 12 Series 7 (MAG),44707,May 26,serial
2022,84,Varna Challenge Cup,May 26-29,May 26-29,already_normalized
2022,85,Belgian Championships,May 26-29,May 26-29,already_normalized
2022,86,Singapore Open,May 26-29,May 26-29,already_normalized
2022,87,Canadian Championships,May 26-30,May 26-30,already_normalized
2022,88,Hungarian Junior Championships,May 28-29,May 28-29,already_normalized
2022,89,Chinese Selection Meet,44713,Jun 1,serial
2022,90,COMEGYM Championships,Jun 2-4,Jun 2-4,already_normalized
2022,91,Salamunov Memorial,Jun 2-5,Jun 2-5,already_normalized
2022,92,Czech Championships,Jun 3-5,Jun 3-5,already_normalized
2022,93,Croatian Championships,Jun 3-5,Jun 3-5,already_normalized
2022,94,4th Bundesliga (MAG),44716,Jun 4,serial
2022,95,U.S. Pan Ams Men's Selection Camp,Jun 4-8,Jun 4-8,already_normalized
2022,96,Finnish Championships,Jun 8-9,Jun 8-9,already_normalized
2022,97,Osijek Challenge Cup,Jun 9-12,Jun 9-12,already_normalized
2022,98,Polish Championships,Jun 10-12,Jun 10-12,already_normalized
2022,99,Parkettes National Qualifier,Jun 10-12,Jun 10-12,already_normalized
2022,100,Top 12 Finals,Jun 11-12,Jun 11-12,already_normalized
2022,101,Norwegian Junior Championships,Jun 11-12,Jun 11-12,already_normalized
2022,102,Icelandic Championships,Jun 11-12,Jun 11-12,already_normalized
2022,103,Asian Championships,Jun 15-18,Jun 15-18,already_normalized
2022,104,Koper Challenge Cup,Jun 16-19,Jun 16-19,already_normalized
2022,105,Swiss Men's Euros Trials,44729,Jun 17,serial
2022,106,Austrian Championships,Jun 17-18,Jun 17-18,already_normalized
2022,107,Norwegian Championships,Jun 17-19,Jun 17-19,already_normalized
2022,108,3rd Spanish League,44730,Jun 18,serial
2022,109,All-Japan Event Championships,Jun 18-19,Jun 18-19,already_normalized
2022,110,German Junior Championships,Jun 18-19,Jun 18-19,already_normalized
2022,111,German Championships,Jun 23-26,Jun 23-26,already_normalized
2022,112,Dutch Championships,Jun 24-25,Jun 24-25,already_normalized
2022,113,Haguenau Junior Friendly,44737,Jun 25,serial
2022,114,Swiss Championships,Jun 25-26,Jun 25-26,already_normalized
2022,115,Danish Championships,Jun 25-26,Jun 25-26,already_normalized
2022,116,Bolivarian Games,Jun 25-28,Jun 25-28,already_normalized
2022,117,Mediterranean Games,Jun 26-29,Jun 26-29,already_normalized
2022,118,Swedish Championships,Jun 27-28,Jun 27-28,already_normalized
2022,119,Austrian Team Challenge,44744,Jul 2,serial
2022,120,2nd Bundesliga,44744,Jul 2,serial
2022,121,Nordic Championships,Jul 2-3,Jul 2-3,already_normalized
2022,122,Romanian Junior Championships,Jul 2-3,Jul 2-3,already_normalized
2022,123,U.S. Pan Ams Trials,Jul 4-5,Jul 4-5,already_normalized
2022,124,Russian Cup,Jul 6-10,Jul 6-10,already_normalized
2022,125,French Championships,Jul 7-10,Jul 7-10,already_normalized
2022,126,American Classic,44750,Jul 8,serial
2022,127,Hungarian Championships,Jul 8-10,Jul 8-10,already_normalized
2022,128,African Championships,Jul 8-11,Jul 8-11,already_normalized
2022,129,Hopes Classic,44751,Jul 9,serial
2022,130,Klagenfurt Friendly,44751,Jul 9,serial
2022,131,GymStars International,Jul 9-10,Jul 9-10,already_normalized
2022,132,New Zealand Championships,Jul 13-16,Jul 13-16,already_normalized
2022,133,Pan American Championships,Jul 14-17,Jul 14-17,already_normalized
2022,134,Swiss Men's Euros Trials 2,44757,Jul 15,serial
2022,135,Ghent Friendly,44758,Jul 16,serial
2022,136,Petrom Cup,44758,Jul 16,serial
2022,137,Israeli Championships,Jul 18-19,Jul 18-19,already_normalized
2022,138,Spanish Championships,Jul 20-23,Jul 20-23,already_normalized
2022,139,Chinese Youth Championships,Jul 20-25,Jul 20-25,already_normalized
2022,140,Sedan Friendly,44765,Jul 23,serial
2022,141,Magglingen Friendly,44765,Jul 23,serial
2022,142,European Youth Olympic Festival,Jul 24-30,Jul 24-30,already_normalized
2022,143,Hopes Championships,44770,Jul 28,serial
2022,144,U.S. Classic,Jul 29-31,Jul 29-31,already_normalized
2022,145,Commonwealth Games,Jul 29-Aug 2,Jul 29-Aug 2,already_normalized
2022,146,Brazilian Championships,Aug 9-14,Aug 9-14,already_normalized
2022,147,Islamic Solidarity Games,Aug 9-18,Aug 9-18,already_normalized
2022,148,European Championships,Aug 11-20,Aug 11-20,already_normalized
2022,149,U.S. Championships,Aug 18-21,Aug 18-21,already_normalized
2022,150,South American Championships,Aug 18-22,Aug 18-22,already_normalized
2022,151,Chinese Championships,Sep 4-9,Sep 4-9,already_normalized
2022,152,Balkan Championships,Sep 16-18,Sep 16-18,already_normalized
2022,153,Norwegian FIG Meet 2,Sep 16-18,Sep 16-18,already_normalized
2022,154,Gym Festival Trnava,Sep 17-18,Sep 17-18,already_normalized
2022,155,All-Japan Senior Championships,Sep 17-19,Sep 17-19,already_normalized
2022,156,Leverkusen Cup,44828,Sep 24,serial
2022,157,1st Bundesliga League 2 (MAG),44828,Sep 24,serial
2022,158,Paris Challenge Cup,Sep 24-25,Sep 24-25,already_normalized
2022,159,Istanbul Friendly,Sep 24-25,Sep 24-25,already_normalized
2022,160,Wohnen Juniors Trophy,Sep 24-25,Sep 24-25,already_normalized
2022,161,Spartakiade,Sep 26-Oct 1,Sep 26-Oct 1,already_normalized
2022,162,Finnish Men's Championships,Sep 30-Oct 1,Sep 30-Oct 1,already_normalized
2022,163,Szombathely Challenge Cup,Sep 30-Oct 2,Sep 30-Oct 2,already_normalized
2022,164,Romanian Championships,Sep 30-Oct 2,Sep 30-Oct 2,already_normalized
2022,165,Turkish Championships,Sep 30-Oct 2,Sep 30-Oct 2,already_normalized
2022,166,Australian Classic,Sep 30-Oct 4,Sep 30-Oct 4,already_normalized
2022,167,Joaquim Blume Memorial,44835,Oct 1,serial
2022,168,British Team Championships,44835,Oct 1,serial
2022,169,Swiss Men's Worlds Trials 1,44835,Oct 1,serial
2022,170,3rd Bundesliga,44835,Oct 1,serial
2022,171,2nd Bundesliga League 2 (MAG),44835,Oct 1,serial
2022,172,U.S. Men's Worlds Trials,Oct 3-5,Oct 3-5,already_normalized
2022,173,South American Games,Oct 4-8,Oct 4-8,already_normalized
2022,174,Mersin Challenge Cup,Oct 7-9,Oct 7-9,already_normalized
2022,175,Swiss Men's Worlds Trials 2,44842,Oct 8,serial
2022,176,Finnish Team Championships,44842,Oct 8,serial
2022,177,3rd Bundesliga League 2 (MAG),44842,Oct 8,serial
2022,178,Hungarian Event Championships,Oct 8-9,Oct 8-9,already_normalized
2022,179,Italian Championships,Oct 12-16,Oct 12-16,already_normalized
2022,180,Unni & Haralds Trophy,Oct 14-16,Oct 14-16,already_normalized
2022,181,German Worlds Trials,44849,Oct 15,serial
2022,182,Dutch Worlds Trials,44849,Oct 15,serial
2022,183,Tata Friendly,44849,Oct 15,serial
2022,184,4th Bundesliga League 2 (MAG),44849,Oct 15,serial
2022,185,Brazilian Junior Championships,Oct 19-23,Oct 19-23,already_normalized
2022,186,U.S. Worlds Trials,Oct 21-22,Oct 21-22,already_normalized
2022,187,5th Bundesliga League 2 (MAG),44856,Oct 22,serial
2022,188,Rushmoor Rose Bowl,Oct 22-23,Oct 22-23,already_normalized
2022,189,6th Bundesliga League 2 (MAG),44863,Oct 29,serial
2022,190,World Championships,Oct 29-Nov 6,Oct 29-Nov 6,already_normalized
2022,191,Wase Gymcup,Oct 29-30,Oct 29-30,already_normalized
2022,192,Mogilev Men's Friendly,Oct 31-Nov 3,Oct 31-Nov 3,already_normalized
2022,193,Mälar Cup,Nov 4-6,Nov 4-6,already_normalized
2022,194,Essen Junior Friendly,44870,Nov 5,serial
2022,195,South American Junior Championships,Nov 10-13,Nov 10-13,already_normalized
2022,196,Gymnova Cup,Nov 11-12,Nov 11-12,already_normalized
2022,197,Horizon Cup,Nov 11-13,Nov 11-13,already_normalized
2022,198,Austrian Junior Championships,44877,Nov 12,serial
2022,199,4th Bundesliga,44877,Nov 12,serial
2022,200,5th Bundesliga (MAG),44877,Nov 12,serial
2022,201,7th Bundesliga League 2 (MAG),44877,Nov 12,serial
2022,202,Tournoi International,Nov 12-13,Nov 12-13,already_normalized
2022,203,Vera Caslavska Grand Prix,Nov 12-13,Nov 12-13,already_normalized
2022,204,Argentinian Championships,Nov 17-29,Nov 17-29,already_normalized
2022,205,1st Spanish League – 2023 season,Nov 18-20,Nov 18-20,already_normalized
2022,206,6th Bundesliga (MAG),44884,Nov 19,serial
2022,207,Top 12 Series 1 (MAG) – 2023 season,44884,Nov 19,serial
2022,208,Northern European Championships,Nov 19-20,Nov 19-20,already_normalized
2022,209,Arthur Gander Memorial,44888,Nov 23,serial
2022,210,Lithuanian Championships,45985,Nov 24,serial
2022,211,Swiss Cup Juniors,44890,Nov 25,serial
2022,212,Austrian Future Cup,Nov 25-26,Nov 25-26,already_normalized
2022,213,7th Bundesliga (MAG),44891,Nov 26,serial
2022,214,Top 12 Series 2 (MAG) – 2023 season,44891,Nov 26,serial
2022,215,Top Gym Tournament,Nov 26-27,Nov 26-27,already_normalized
2022,216,Hungarian Masters Championships,Nov 26-27,Nov 26-27,already_normalized
2022,217,Romanian Junior Individual Championships,Nov 26-27,Nov 26-27,already_normalized
2022,218,Swedish Cup,Nov 26-27,Nov 26-27,already_normalized
2022,219,Michel Wanten Cup,Nov 26-27,Nov 26-27,already_normalized
2022,220,Swiss Cup,44892,Nov 27,serial
2022,221,Bundesliga Promotion Final,45257,Nov 27,serial
2022,222,Italian Gold Championships,Dec 2-3,Dec 2-3,already_normalized
2022,223,Bundesliga Finals,44898,Dec 3,serial
2022,224,Newport Friendly,45629,Dec 3,serial
2022,225,Voronin Cup,44902,Dec 7,serial
2022,226,Japanese Junior Worlds Trials,Dec 8-9,Dec 8-9,already_normalized
2022,227,Latvian Championships,Dec 9-10,Dec 9-10,already_normalized
2022,228,All-Japan Team Championships,Dec 10-11,Dec 10-11,already_normalized
2022,229,Top 12 Series 3 (MAG) – 2023 season,44912,Dec 17,serial
2021,2,Beach Blast Invitational,Jan 14-16,Jan 14-16,already_normalized
2021,3,Biles National Qualifier,Jan 21-24,Jan 21-24,already_normalized
2021,4,Buckeye National Qualifier,Feb 5-7,Feb 5-7,already_normalized
2021,5,WOGA Classic,44233,Feb 6,serial
2021,6,Liukin Invitational,44233,Feb 6,serial
2021,7,Singapore Virtual Competition,44234,Feb 7,serial
2021,8,Russian Federal Championships,Feb 8-12,Feb 8-12,already_normalized
2021,9,Brestyan's National Qualifier,Feb 11-14,Feb 11-14,already_normalized
2021,10,Israeli Winter Cup,Feb 12-13,Feb 12-13,already_normalized
2021,11,Elite Canada,Feb 13-14,Feb 13-14,already_normalized
2021,12,Elite Canada (MAG),Feb 19-21,Feb 19-21,already_normalized
2021,13,Winter Cup,Feb 26-28,Feb 26-28,already_normalized
2021,14,Finnish Euros Trials,44254,Feb 27,serial
2021,15,Icelandic Team Championships,44254,Feb 27,serial
2021,16,Finnish Men's Euros Trials,44259,Mar 4,serial
2021,17,Belgian Test Meet,44260,Mar 5,serial
2021,18,1st Italian Serie A,44261,Mar 6,serial
2021,19,Russian Championships,Mar 10-14,Mar 10-14,already_normalized
2021,20,Canadian Technical Trial (MAG),Mar 12-14,Mar 12-14,already_normalized
2021,21,Singapore Championships,Mar 12-21,Mar 12-21,already_normalized
2021,22,March U.S. National Team Camp,44268,Mar 13,serial
2021,23,2nd Finnish Euros Trials,44268,Mar 13,serial
2021,24,1st British Olympic Trials,Mar 13-Apr 10,Mar 13-Apr 10,already_normalized
2021,25,2nd Finnish Euros Trials (MAG),44269,Mar 14,serial
2021,26,Belarusian Open Cup,Mar 15-17,Mar 15-17,already_normalized
2021,27,3rd Finnish Euros Trials (MAG),44274,Mar 19,serial
2021,28,Polish Junior Cup,Mar 19-21,Mar 19-21,already_normalized
2021,29,German Euros Trials,44275,Mar 20,serial
2021,30,Hungarian Super Team Championships,44275,Mar 20,serial
2021,31,3rd Finnish Euros Trials,44275,Mar 20,serial
2021,32,Icelandic Championships,Mar 20-21,Mar 20-21,already_normalized
2021,33,Hungarian Super Team Championships (MAG),44281,Mar 26,serial
2021,34,Turkish Championships,Mar 26-28,Mar 26-28,already_normalized
2021,35,Polish Junior Cup (MAG),Mar 26-27,Mar 26-27,already_normalized
2021,36,Top 12 Championships,44282,Mar 27,serial
2021,37,2nd Italian Serie A,44282,Mar 27,serial
2021,38,Polish Senior Cup,Mar 27-28,Mar 27-28,already_normalized
2021,39,Polish Championships (MAG),Mar 27-28,Mar 27-28,already_normalized
2021,40,Hungarian Event Championships,Mar 27-28,Mar 27-28,already_normalized
2021,41,Colombian Control Meet,Mar 27-28,Mar 27-28,already_normalized
2021,42,Top 12 Championships (MAG),44283,Mar 28,serial
2021,43,Yangtze Delta Invitational,Mar 29-30,Mar 29-30,already_normalized
2021,44,Russian Junior Championships,Apr 1-4,Apr 1-4,already_normalized
2021,45,Canadian Technical Trial 1,Apr 2-3,Apr 2-3,already_normalized
2021,46,Lithuanian Championships,Apr 2-3,Apr 2-3,already_normalized
2021,47,Ukrainian Championships,Apr 2-7,Apr 2-7,already_normalized
2021,48,Heerenveen Friendly,44289,Apr 3,serial
2021,49,South African National Trials,Apr 8-11,Apr 8-11,already_normalized
2021,50,Parkettes National Qualifier,Apr 9-11,Apr 9-11,already_normalized
2021,51,2nd German Euros Trials,44296,Apr 10,serial
2021,52,3rd Italian Serie A,44296,Apr 10,serial
2021,53,All-Japan Championships,Apr 15-18,Apr 15-18,already_normalized
2021,54,European Championships,Apr 21-25,Apr 21-25,already_normalized
2021,55,Hopes Classic,44309,Apr 23,serial
2021,56,American Classic,44310,Apr 24,serial
2021,57,German Junior Meet,44317,May 1,serial
2021,58,South Korean Championships,May 1-2,May 1-2,already_normalized
2021,59,Canadian Technical Trial 2,May 1-2,May 1-2,already_normalized
2021,60,Chinese Championships,May 4-9,May 4-9,already_normalized
2021,61,2nd British Olympic Trials,May 7-9,May 7-9,already_normalized
2021,62,Canadian Championships,May 14-23,May 14-23,already_normalized
2021,63,NHK Trophy,May 15-16,May 15-16,already_normalized
2021,64,Italian Serie A Final Six,May 15-16,May 15-16,already_normalized
2021,65,Ukraine International Cup,May 20-23,May 20-23,already_normalized
2021,66,Oceania Championships,44337,May 21,serial
2021,67,Hopes Championships,44337,May 21,serial
2021,68,U.S. Classic,May 21-22,May 21-22,already_normalized
2021,69,Australian Championships,May 21-23,May 21-23,already_normalized
2021,70,GK Championships,May 22-23,May 22-23,already_normalized
2021,71,African Championships,May 26-27,May 26-27,already_normalized
2021,72,Varna Challenge Cup,May 27-30,May 27-30,already_normalized
2021,73,1st Swiss Men's Olympic Trials,44345,May 29,serial
2021,74,Hungarian Junior Championships,May 29-30,May 29-30,already_normalized
2021,75,Polish Championships,Jun 3-5,Jun 3-5,already_normalized
2021,76,Cairo Challenge Cup,Jun 3-6,Jun 3-6,already_normalized
2021,77,German Championships,Jun 3-6,Jun 3-6,already_normalized
2021,78,U.S. Championships,Jun 3-6,Jun 3-6,already_normalized
2021,79,Pan American Championships,Jun 4-6,Jun 4-6,already_normalized
2021,80,French Championships,Jun 5-6,Jun 5-6,already_normalized
2021,81,All-Japan Event Championships,Jun 5-6,Jun 5-6,already_normalized
2021,82,Danish Championships,Jun 5-6,Jun 5-6,already_normalized
2021,83,Austrian Championships,Jun 5-6,Jun 5-6,already_normalized
2021,84,Russian Cup,Jun 8-13,Jun 8-13,already_normalized
2021,85,2nd Swiss Men's Olympic Trials,44357,Jun 10,serial
2021,86,Osijek Challenge Cup,Jun 10-13,Jun 10-13,already_normalized
2021,87,Romanian Junior Championships,44358,Jun 11,serial
2021,88,German Olympic Trials,44359,Jun 12,serial
2021,89,Munich Junior Friendly,44359,Jun 12,serial
2021,90,3rd Swiss Men's Olympic Trials,44359,Jun 12,serial
2021,91,South Korean Olympic Trials,Jun 12-13,Jun 12-13,already_normalized
2021,92,Swiss Junior Championships,Jun 12-13,Jun 12-13,already_normalized
2021,93,1st Dutch Olympic Trials,44360,Jun 13,serial
2021,94,1st Chinese Olympic Trials,44365,Jun 18,serial
2021,95,Junior Pan American Championships,Jun 18-20,Jun 18-20,already_normalized
2021,96,Iceland Classic,Jun 18-20,Jun 18-20,already_normalized
2021,97,Danish Men's Championships,Jun 19-20,Jun 19-20,already_normalized
2021,98,1st Spanish League,Jun 19-20,Jun 19-20,already_normalized
2021,99,Norwegian FIG Meet,Jun 21-25,Jun 21-25,already_normalized
2021,100,Israeli Championships,Jun 22-23,Jun 22-23,already_normalized
2021,101,Doha World Cup,Jun 23-26,Jun 23-26,already_normalized
2021,102,U.S. Olympic Trials,Jun 24-27,Jun 24-27,already_normalized
2021,103,FIT Challenge,Jun 25-27,Jun 25-27,already_normalized
2021,104,Czech Championships,Jun 25-27,Jun 25-27,already_normalized
2021,105,2nd Dutch Olympic Trials,44373,Jun 26,serial
2021,106,Swiss Championships,44373,Jun 26,serial
2021,107,Chinese Men's Olympic Trials,44378,Jul 1,serial
2021,108,2nd Chinese Olympic Trials,44379,Jul 2,serial
2021,109,Magglingen Men's Friendly,44380,Jul 3,serial
2021,110,Russian Youth Spartakiade,Jul 4-11,Jul 4-11,already_normalized
2021,111,Malta Championships,Jul 9-11,Jul 9-11,already_normalized
2021,112,Italian Championships,Jul 10-11,Jul 10-11,already_normalized
2021,113,Chinese Youth Games,Jul 11-14,Jul 11-14,already_normalized
2021,114,Greek Championships,Jul 17-18,Jul 17-18,already_normalized
2021,115,New Zealand Championships,Jul 21-24,Jul 21-24,already_normalized
2021,116,Olympic Games,Jul 23-Aug 8,Jul 23-Aug 8,already_normalized
2021,117,All-Japan Junior Championships,Aug 12-17,Aug 12-17,already_normalized
2021,118,Brazilian Junior Championships,Aug 25-29,Aug 25-29,already_normalized
2021,119,Finnish Men's Show Competition,44435,Aug 27,serial
2021,120,Finnish Worlds Trials,44437,Aug 29,serial
2021,121,All-Japan Student Championships,Sep 1-4,Sep 1-4,already_normalized
2021,122,Koper Challenge Cup,Sep 2-5,Sep 2-5,already_normalized
2021,123,2nd Finnish Men's Show Competition,44442,Sep 3,serial
2021,124,British Worlds Trials,Sep 4-5,Sep 4-5,already_normalized
2021,125,2nd Finnish Worlds Trials,44444,Sep 5,serial
2021,126,3rd Finnish Men's Show Competition,44449,Sep 10,serial
2021,127,Mersin Challenge Cup,Sep 10-12,Sep 10-12,already_normalized
2021,128,Unnis & Haralds Trophy,Sep 10-12,Sep 10-12,already_normalized
2021,129,1st Dutch Worlds Trials,44450,Sep 11,serial
2021,130,British Men's Championships,Sep 11-12,Sep 11-12,already_normalized
2021,131,Gym Festival Trnava,Sep 11-12,Sep 11-12,already_normalized
2021,132,Swiss Worlds Trials,44453,Sep 14,serial
2021,133,U.S. Men's Worlds Trials,Sep 16-18,Sep 16-18,already_normalized
2021,134,Romanian Championships,Sep 17-19,Sep 17-19,already_normalized
2021,135,Finnish Championships,Sep 17-19,Sep 17-19,already_normalized
2021,136,Turkish Team Championships,Sep 17-19,Sep 17-19,already_normalized
2021,137,Swedish Men's Championships,Sep 17-19,Sep 17-19,already_normalized
2021,138,2nd Dutch Worlds Trials,44457,Sep 18,serial
2021,139,Croatian Worlds Trials,44457,Sep 18,serial
2021,140,Chinese National Games,Sep 19-26,Sep 19-26,already_normalized
2021,141,All-Japan Senior Championships,Sep 23-26,Sep 23-26,already_normalized
2021,142,Hungarian Grand Prix,Sep 24-26,Sep 24-26,already_normalized
2021,143,1st Bundesliga (MAG),44464,Sep 25,serial
2021,144,1st Bundesliga League 2 (MAG),44464,Sep 25,serial
2021,145,Unisport Norges Cup,44464,Sep 25,serial
2021,146,Wohnen Juniors Trophy,Sep 25-26,Sep 25-26,already_normalized
2021,147,2nd Norwegian FIG Meet,Sep 25-26,Sep 25-26,already_normalized
2021,148,Scottish Championships,44830,Sep 26,serial
2021,149,Brazilian Championships,Sep 30-Oct 3,Sep 30-Oct 3,already_normalized
2021,150,Hungarian Championships,Oct 1-3,Oct 1-3,already_normalized
2021,151,South African Championships,Oct 1-10,Oct 1-10,already_normalized
2021,152,1st Bundesliga,44471,Oct 2,serial
2021,153,Hanspeter Demetz Memorial,44471,Oct 2,serial
2021,154,2nd Bundesliga (MAG),44471,Oct 2,serial
2021,155,2nd Bundesliga League 2 (MAG),44471,Oct 2,serial
2021,156,Danish Men's Team Championships Qualifier,44471,Oct 2,serial
2021,157,Norwegian Championships,Oct 2-3,Oct 2-3,already_normalized
2021,158,Swedish Championships,Oct 2-3,Oct 2-3,already_normalized
2021,159,Danish Junior Championships,Oct 2-3,Oct 2-3,already_normalized
2021,160,Danish Team Championships Qualifier,Oct 2-3,Oct 2-3,already_normalized
2021,161,1st Bundesliga League 3,Oct 3-10,Oct 3-10,already_normalized
2021,162,German Men's Worlds Trials,44476,Oct 7,serial
2021,163,U.S. Worlds Trials,44477,Oct 8,serial
2021,164,Korean National Sports Festival,Oct 8-10,Oct 8-10,already_normalized
2021,165,2nd Spanish League,Oct 9-10,Oct 9-10,already_normalized
2021,166,3rd Bundesliga League 2 (MAG),Oct 9-10,Oct 9-10,already_normalized
2021,167,4th Bundesliga League 2 (MAG),44485,Oct 16,serial
2021,168,World Championships,Oct 18-24,Oct 18-24,already_normalized
2021,169,5th Bundesliga League 2 (MAG),44492,Oct 23,serial
2021,170,German Junior Championships,Oct 23-24,Oct 23-24,already_normalized
2021,171,Norwegian Junior Championships,Oct 23-24,Oct 23-24,already_normalized
2021,172,Nordic Junior Championships,Oct 29-30,Oct 29-30,already_normalized
2021,173,2nd Bundesliga,44499,Oct 30,serial
2021,174,Rushmoor Rosebowl,44499,Oct 30,serial
2021,175,Wase Gymcup,Oct 30-31,Oct 30-31,already_normalized
2021,176,Gymstars International,44500,Oct 31,serial
2021,177,Arthur Gander Memorial,44503,Nov 3,serial
2021,178,Danish Team Championships,44506,Nov 6,serial
2021,179,Swiss Cup Juniors,44506,Nov 6,serial
2021,180,6th Bundesliga League 2 (MAG),44506,Nov 6,serial
2021,181,Olympic Hopes Cup,Nov 6-7,Nov 6-7,already_normalized
2021,182,Mälar Cup,Nov 6-7,Nov 6-7,already_normalized
2021,183,Austrian Junior Championships,Nov 6-7,Nov 6-7,already_normalized
2021,184,2nd Bundesliga League 3,Nov 6-7,Nov 6-7,already_normalized
2021,185,Swiss Cup,44507,Nov 7,serial
2021,186,South American Junior Championships,Nov 11-15,Nov 11-15,already_normalized
2021,187,Northern European Championships,Nov 12-14,Nov 12-14,already_normalized
2021,188,Elite Gym Massilia,Nov 12-14,Nov 12-14,already_normalized
2021,189,3rd Spanish League,Nov 12-14,Nov 12-14,already_normalized
2021,190,3rd Bundesliga (MAG),44513,Nov 13,serial
2021,191,7th Bundesliga League 2 (MAG),44513,Nov 13,serial
2021,192,Gymnova Cup,Nov 13-14,Nov 13-14,already_normalized
2021,193,U.S. Junior Pan Am Games Trials,Nov 15-18,Nov 15-18,already_normalized
2021,194,Hungarian Masters Championships,Nov 19-21,Nov 19-21,already_normalized
2021,195,3rd Bundesliga League 3,44520,Nov 20,serial
2021,196,Bundesliga Semifinal and Relegation Match,44885,Nov 20,serial
2021,197,Tournoi International,Nov 20-21,Nov 20-21,already_normalized
2021,198,Swedish Cup,Nov 20-21,Nov 20-21,already_normalized
2021,199,Junior Pan American Games,Nov 25-Dec 5,Nov 25-Dec 5,already_normalized
2021,200,Swedish Men's Cup,Nov 26-28,Nov 26-28,already_normalized
2021,201,Bundesliga Relegation and Promotion Match,44892,Nov 27,serial
2021,202,British Championships,Nov 27-28,Nov 27-28,already_normalized
2021,203,Top Gym Tournament,Nov 27-28,Nov 27-28,already_normalized
2021,204,Spanish Championships,Dec 3-8,Dec 3-8,already_normalized
2021,205,Bundesliga Finals,44534,Dec 4,serial
2021,206,Czech Team Championships,Dec 4-5,Dec 4-5,already_normalized
2021,207,South American Championships,Dec 8-12,Dec 8-12,already_normalized
2021,208,Spanish League Finals,Dec 10-12,Dec 10-12,already_normalized
2021,209,All-Japan Team Championships,Dec 11-12,Dec 11-12,already_normalized
2021,210,Italian Gold Championships,Dec 11-12,Dec 11-12,already_normalized
2021,211,French National Team Review,Dec 18-19,Dec 18-19,already_normalized
2020,2,RD761 Junior International Team Cup,Jan 17-18,Jan 17-18,already_normalized
2020,3,Metroplex National Qualifier,Jan 24-26,Jan 24-26,already_normalized
2020,4,Top 12 Series 5 (MAG),43855,Jan 25,serial
2020,5,1st Italian Serie A,Jan 31-Feb 1,Jan 31-Feb 1,already_normalized
2020,6,WOGA Classic,Jan 31-Feb 2,Jan 31-Feb 2,already_normalized
2020,7,Liukin Invitational,Jan 31-Feb 2,Jan 31-Feb 2,already_normalized
2020,8,Create Team Cup,Feb 1-2,Feb 1-2,already_normalized
2020,9,Elite Canada,Feb 5-9,Feb 5-9,already_normalized
2020,10,Brestyan's National Qualifier,Feb 7-9,Feb 7-9,already_normalized
2020,11,Houston National Invitational,Feb 7-9,Feb 7-9,already_normalized
2020,12,Top 12 Series 6 (MAG),43869,Feb 8,serial
2020,13,2nd Spanish League,Feb 8-9,Feb 8-9,already_normalized
2020,14,Mallorca Cup,Feb 14-16,Feb 14-16,already_normalized
2020,15,Excalibur National Qualifier,Feb 14-16,Feb 14-16,already_normalized
2020,16,Winter Cup Challenge,Feb 20-22,Feb 20-22,already_normalized
2020,17,Melbourne World Cup,Feb 20-23,Feb 20-23,already_normalized
2020,18,Olympic Hopes Meet,Feb 21-22,Feb 21-22,already_normalized
2020,19,Everest National Qualifier,Feb 21-23,Feb 21-23,already_normalized
2020,20,2nd Italian Serie A,43518,Feb 22,serial
2020,21,Top 12 Series 3,43890,Feb 29,serial
2020,22,Top 12 Semi-Final I (MAG),43890,Feb 29,serial
2020,23,Icelandic Team Championships,43890,Feb 29,serial
2020,24,Pre-Olympic Youth Cup,43890,Feb 29,serial
2020,25,Turkish Championships,Feb 28-Mar 1,Feb 28-Mar 1,already_normalized
2020,26,Unisport Norges Cup,Feb 29-Mar 1,Feb 29-Mar 1,already_normalized
2020,27,International Gymnix,Mar 6-8,Mar 6-8,already_normalized
2020,28,American Cup,43531,Mar 7,serial
2020,29,1st Bundesliga,43897,Mar 7,serial
2020,30,Czech Euros Trials,43897,Mar 7,serial
2020,31,All-Japan Men's Qualifier,Mar 7-8,Mar 7-8,already_normalized
2020,32,Tiger Cup,Mar 7-8,Mar 7-8,already_normalized
2020,33,AGF Junior Trophy,Mar 7-8,Mar 7-8,already_normalized
2020,34,Baku World Cup,Mar 12-13,Mar 12-13,already_normalized
2020,35,KPAC National Qualifier,Mar 12-13,Mar 12-13,already_normalized
2020,36,Taiwan Test Event,Aug 1-8,Aug 1-8,already_normalized
2020,37,Ukrainian Championships,Sep 6-11,Sep 6-11,already_normalized
2020,38,All-Japan Senior Championships,Sep 20-22,Sep 20-22,already_normalized
2020,39,Chinese Championships,Sep 21-28,Sep 21-28,already_normalized
2020,40,Ljubljana Cup,Sep 25-26,Sep 25-26,already_normalized
2020,41,Norwegian Championships,Sep 26-27,Sep 26-27,already_normalized
2020,42,Stella Zakharova Cup,Sep 26-27,Sep 26-27,already_normalized
2020,43,Szombathely Challenge Cup,Oct 2-4,Oct 2-4,already_normalized
2020,44,1st Bundesliga (MAG),44107,Oct 3,serial
2020,45,2nd Bundesliga (MAG),44114,Oct 10,serial
2020,46,Unisport Norges Cup (MAG),44114,Oct 10,serial
2020,47,2nd Bundesliga,Oct 10-11,Oct 10-11,already_normalized
2020,48,Swedish Championships,Oct 10-11,Oct 10-11,already_normalized
2020,49,Swedish Men's Championships,Oct 10-11,Oct 10-11,already_normalized
2020,50,Ukrainian Youth Championships,Oct 11-15,Oct 11-15,already_normalized
2020,51,Finnish Men's Euros Trials,44119,Oct 15,serial
2020,52,Finnish Euros Trials,44120,Oct 16,serial
2020,53,3rd Italian Serie A,44121,Oct 17,serial
2020,54,3rd Bundesliga (MAG),44121,Oct 17,serial
2020,55,Chinese Junior Individual Championships,Oct 17-20,Oct 17-20,already_normalized
2020,56,All-Japan Student Championships,Oct 19-23,Oct 19-23,already_normalized
2020,57,Chinese Senior Individual Championships,Oct 22-25,Oct 22-25,already_normalized
2020,58,Finnish Team Championships,Oct 23-25,Oct 23-25,already_normalized
2020,59,Italian Gold Championships,44128,Oct 24,serial
2020,60,Norwegian Junior Championships,Oct 24-25,Oct 24-25,already_normalized
2020,61,2nd Finnish Men's Euros Trials,44129,Oct 25,serial
2020,62,Russian Men's Championships,Oct 28-Nov 1,Oct 28-Nov 1,already_normalized
2020,63,2nd Finnish Euros Trials,44134,Oct 30,serial
2020,64,French Test Meet,Oct 30-31,Oct 30-31,already_normalized
2020,65,Hungarian Championships,Oct 30-31,Oct 30-31,already_normalized
2020,66,3rd Finnish Men's Euros Trials,44135,Oct 31,serial
2020,67,Italian Gold Junior 2-3 Championships,44136,Nov 1,serial
2020,68,Russian Championships,Nov 4-8,Nov 4-8,already_normalized
2020,69,Italian Championships,Nov 6-8,Nov 6-8,already_normalized
2020,70,Finnish Championships,Nov 6-8,Nov 6-8,already_normalized
2020,71,Finnish Men's Championships,Nov 6-8,Nov 6-8,already_normalized
2020,72,Austrian Championships,Nov 7-8,Nov 7-8,already_normalized
2020,73,Danish Championships,Nov 7-8,Nov 7-8,already_normalized
2020,74,Polish Championships,Nov 7-8,Nov 7-8,already_normalized
2020,75,Polish Men's Championships,Nov 7-8,Nov 7-8,already_normalized
2020,76,Italian Gold Junior 1 Championships,Nov 7-8,Nov 7-8,already_normalized
2020,77,Friendship & Solidarity Meet,44143,Nov 8,serial
2020,78,Romanian Men's Championships,Nov 13-14,Nov 13-14,already_normalized
2020,79,Hungarian Master Championships,Nov 13-15,Nov 13-15,already_normalized
2020,80,Romanian Championships,Nov 18-21,Nov 18-21,already_normalized
2020,81,Croatian Championships,Nov 20-21,Nov 20-21,already_normalized
2020,82,Italian Serie A Final Six,Nov 21-22,Nov 21-22,already_normalized
2020,83,Portuguese Open,44522,Nov 22,serial
2020,84,German Junior Championships,Nov 28-29,Nov 28-29,already_normalized
2020,85,Spanish Championships,Dec 4-8,Dec 4-8,already_normalized
2020,86,European Men's Championships,Dec 9-13,Dec 9-13,already_normalized
2020,87,Lithuanian Championships,44540,Dec 10,serial
2020,88,All-Japan Championships,Dec 10-13,Dec 10-13,already_normalized
2020,89,Coupe d'Hiver,44177,Dec 12,serial
2020,90,European Championships,Dec 17-20,Dec 17-20,already_normalized
2020,91,Voronin Cup,Dec 17-21,Dec 17-21,already_normalized
2019,2,RD761 Junior International Cup,Jan 18-20,Jan 18-20,already_normalized
2019,3,Top 12 Series 5 (MAG),Jan 19-21,Jan 19-21,already_normalized
2019,4,Buckeye National Qualifier,Jan 31-Feb 3,Jan 31-Feb 3,already_normalized
2019,5,Elite Canada,Feb 1-3,Feb 1-3,already_normalized
2019,6,Houston National Invitational,Feb 1-3,Feb 1-3,already_normalized
2019,7,Reykjavik International Games,43498,Feb 2,serial
2019,8,Top 12 Series 6 (MAG),43498,Feb 2,serial
2019,9,1st Spanish League,Feb 8-10,Feb 8-10,already_normalized
2019,10,WOGA Classic,43505,Feb 9,serial
2019,11,Liukin Invitational,43505,Feb 9,serial
2019,12,Gliders National Qualifier,Feb 10-11,Feb 10-11,already_normalized
2019,13,World Champion's National Qualifier,Feb 13-17,Feb 13-17,already_normalized
2019,14,Winter Cup Challenge,Feb 15-17,Feb 15-17,already_normalized
2019,15,Top 12 Series 3,43512,Feb 16,serial
2019,16,Top 12 Semi-Finals I (MAG),43512,Feb 16,serial
2019,17,Melbourne World Cup,Feb 21-24,Feb 21-24,already_normalized
2019,18,1st Italian Serie A,43519,Feb 23,serial
2019,19,Welsh Championships,Feb 23-24,Feb 23-24,already_normalized
2019,20,Scottish Championships,Feb 23-24,Feb 23-24,already_normalized
2019,21,Icelandic Team Championships,Mar 1-2,Mar 1-2,already_normalized
2019,22,English Championships,Mar 1-3,Mar 1-3,already_normalized
2019,23,Turkish Championships,Mar 1-3,Mar 1-3,already_normalized
2019,24,American Cup,43526,Mar 2,serial
2019,25,Austrian Team Open,43526,Mar 2,serial
2019,26,Top 12 Semi-Finals,43526,Mar 2,serial
2019,27,Top 12 Semi-Finals II (MAG),43526,Mar 2,serial
2019,28,1st Bundesliga (MAG),43526,Mar 2,serial
2019,29,City of Jesolo Trophy,Mar 2-3,Mar 2-3,already_normalized
2019,30,Danish Championships,Mar 2-3,Mar 2-3,already_normalized
2019,31,1st Bundesliga,Mar 2-3,Mar 2-3,already_normalized
2019,32,Ukrainian Championships,Mar 3-7,Mar 3-7,already_normalized
2019,33,Russian Championships,Mar 4-10,Mar 4-10,already_normalized
2019,34,KPAC National Qualifier,Mar 7-9,Mar 7-9,already_normalized
2019,35,Tiger Cup,Mar 8-9,Mar 8-9,already_normalized
2019,36,International Gymnix,Mar 8-10,Mar 8-10,already_normalized
2019,37,2nd Bundesliga (MAG),Mar 9-10,Mar 9-10,already_normalized
2019,38,Hungarian National League Championships,Mar 9-10,Mar 9-10,already_normalized
2019,39,Lithuanian Championships,Mar 14-15,Mar 14-15,already_normalized
2019,40,Baku World Cup,Mar 14-17,Mar 14-17,already_normalized
2019,41,British Championships,Mar 14-17,Mar 14-17,already_normalized
2019,42,DTB Team Challenge,Mar 15-17,Mar 15-17,already_normalized
2019,43,U of Calgary International Cup,Mar 15-17,Mar 15-17,already_normalized
2019,44,Polish Men's Cup,Mar 15-16,Mar 15-16,already_normalized
2019,45,Polish Women's Cup,Mar 15-17,Mar 15-17,already_normalized
2019,46,Singapore Championships,Mar 15-17,Mar 15-17,already_normalized
2019,47,Stuttgart World Cup,Mar 16-17,Mar 16-17,already_normalized
2019,48,Icelandic Championships,Mar 16-17,Mar 16-17,already_normalized
2019,49,Doha World Cup,Mar 20-23,Mar 20-23,already_normalized
2019,50,Latvian Championships,Mar 22-23,Mar 22-23,already_normalized
2019,51,Birmingham World Cup,43547,Mar 23,serial
2019,52,2nd Spanish League,Mar 23-24,Mar 23-24,already_normalized
2019,53,1st Norwegian FIG Meet,Mar 23-24,Mar 23-24,already_normalized
2019,54,Stella Zakharova Cup,Mar 28-31,Mar 28-31,already_normalized
2019,55,Unni & Haralds Trophy,Mar 29-31,Mar 29-31,already_normalized
2019,56,2nd Italian Serie A,43554,Mar 30,serial
2019,57,Elek Matolay Memorial,Mar 30-31,Mar 30-31,already_normalized
2019,58,International Junior Team Cup,43560,Apr 5,serial
2019,59,Pre-Olympic Youth Cup,43927,Apr 6,serial
2019,60,Zelena Jama Open,45753,Apr 6,serial
2019,61,Tokyo World Cup,43562,Apr 7,serial
2019,62,European Championships,Apr 10-14,Apr 10-14,already_normalized
2019,63,European Games Test Event,Apr 25-27,Apr 25-27,already_normalized
2019,64,Top 12 Finals,Apr 26-27,Apr 26-27,already_normalized
2019,65,All-Japan Championships,Apr 26-28,Apr 26-28,already_normalized
2019,66,Italian Gold Championships,Apr 26-28,Apr 26-28,already_normalized
2019,67,Polish Championships,Apr 26-28,Apr 26-28,already_normalized
2019,68,3rd Spanish League,43948,Apr 27,serial
2019,69,International GymSport,Apr 27-28,Apr 27-28,already_normalized
2019,70,Danish Junior Championships,Apr 27-28,Apr 27-28,already_normalized
2019,71,3rd Bundesliga (MAG),Apr 27-28,Apr 27-28,already_normalized
2019,72,Indian Championships,May 3-5,May 3-5,already_normalized
2019,73,3rd Italian Serie A,43589,May 4,serial
2019,74,Swedish Junior Men's Championships,43589,May 4,serial
2019,75,Russian Junior Men's Championships,May 6-11,May 6-11,already_normalized
2019,76,Chinese Championships,May 8-13,May 8-13,already_normalized
2019,77,GK Championships,43596,May 11,serial
2019,78,Korean National Team Selection,43596,May 11,serial
2019,79,Portuguese Championships,May 11-12,May 11-12,already_normalized
2019,80,2nd Bundesliga,May 11-12,May 11-12,already_normalized
2019,81,Russian Junior Championships,May 13-18,May 13-18,already_normalized
2019,82,Luxembourg Championships,43969,May 18,serial
2019,83,NHK Trophy,May 18-19,May 18-19,already_normalized
2019,84,Nordic Junior Championships,May 18-19,May 18-19,already_normalized
2019,85,Nordic Junior Men's Championships,May 18-19,May 18-19,already_normalized
2019,86,Rus Pokal,May 18-19,May 18-19,already_normalized
2019,87,Zhaoqing Challenge Cup,May 19-21,May 19-21,already_normalized
2019,88,Australian Championships,May 20-26,May 20-26,already_normalized
2019,89,Argentinian Club Championships,May 21-25,May 21-25,already_normalized
2019,90,Canadian Championships,May 21-26,May 21-26,already_normalized
2019,91,Osijek Challenge Cup,May 23-26,May 23-26,already_normalized
2019,92,Slovakian Cup,May 24-25,May 24-25,already_normalized
2019,93,Finnish Championships,May 24-26,May 24-26,already_normalized
2019,94,German Junior Championships,May 25-26,May 25-26,already_normalized
2019,95,Irish Championships,May 25-26,May 25-26,already_normalized
2019,96,Züri-Oberland Cup,May 25-26,May 25-26,already_normalized
2019,97,Koper Challenge Cup,May 30-Jun 2,May 30-Jun 2,already_normalized
2019,98,Mexican Championships,May 30-Jun 2,May 30-Jun 2,already_normalized
2019,99,IAG SportEvent,May 30-Jun 2,May 30-Jun 2,already_normalized
2019,100,Belgian Championships,Jun 1-2,Jun 1-2,already_normalized
2019,101,Czech Championships,Jun 1-2,Jun 1-2,already_normalized
2019,102,Swiss Junior Championships,Jun 1-2,Jun 1-2,already_normalized
2019,103,Norwegian Junior Championships,Jun 1-2,Jun 1-2,already_normalized
2019,104,Austrian Junior Championships,Jun 1-2,Jun 1-2,already_normalized
2019,105,Gym Festival Trnava,Jun 1-2,Jun 1-2,already_normalized
2019,106,Parkettes National Qualifier,Jun 1-3,Jun 1-3,already_normalized
2019,107,Singapore Open,Jun 1-3,Jun 1-3,already_normalized
2019,108,Mexican Pan Ams Selection,43619,Jun 3,serial
2019,109,Brazilian Event Championships,Jun 7-9,Jun 7-9,already_normalized
2019,110,Auburn National Qualifier,Jun 7-9,Jun 7-9,already_normalized
2019,111,Colombian Championships,Jun 7-9,Jun 7-9,already_normalized
2019,112,Petrom Cup,Jun 7-9,Jun 7-9,already_normalized
2019,113,FIT Challenge,Jun 8-9,Jun 8-9,already_normalized
2019,114,French Championships,Jun 8-9,Jun 8-9,already_normalized
2019,115,Slovenian Cup,Jun 8-9,Jun 8-9,already_normalized
2019,116,Croatian Championships,Jun 8-9,Jun 8-9,already_normalized
2019,117,Portuguese Super Finals,43625,Jun 9,serial
2019,118,Asian Junior Cup,Jun 12-15,Jun 12-15,already_normalized
2019,119,Chinese Junior Championships,Jun 12-19,Jun 12-19,already_normalized
2019,120,U.S. Junior Worlds Trials,43630,Jun 14,serial
2019,121,Romanian Junior Championships,43630,Jun 14,serial
2019,122,Puerto Rican Championships,43631,Jun 15,serial
2019,123,Spanish League Finals,Jun 15-16,Jun 15-16,already_normalized
2019,124,Swiss Turnfest,Jun 15-16,Jun 15-16,already_normalized
2019,125,Korea Cup,Jun 18-19,Jun 18-19,already_normalized
2019,126,South American Championships,Jun 18-23,Jun 18-23,already_normalized
2019,127,Asian Championships,Jun 19-22,Jun 19-22,already_normalized
2019,128,Hopes Classic,43637,Jun 21,serial
2019,129,Sarruguemines Cup,Jun 21-22,Jun 21-22,already_normalized
2019,130,All-Japan Event Championships,Jun 21-23,Jun 21-23,already_normalized
2019,131,American Classic,43638,Jun 22,serial
2019,132,Dutch Championships,Jun 22-23,Jun 22-23,already_normalized
2019,133,Junior World Championships,Jun 24-30,Jun 24-30,already_normalized
2019,134,Swedish Championships,Jun 26-27,Jun 26-27,already_normalized
2019,135,European Games,Jun 27-30,Jun 27-30,already_normalized
2019,136,Norwegian Championships,Jun 28-29,Jun 28-29,already_normalized
2019,137,Spanish Championships,Jun 30-Jul 7,Jun 30-Jul 7,already_normalized
2019,138,Summer Universiade,Jul 5-15,Jul 5-15,already_normalized
2019,139,Sainté Gym Cup,43652,Jul 6,serial
2019,140,Lingvallen Cup,43652,Jul 6,serial
2019,141,U.S. Men's National Qualifier,Jul 6-7,Jul 6-7,already_normalized
2019,142,Greek Championships,Jul 13-14,Jul 13-14,already_normalized
2019,143,Elite Canada (MAG),Jul 17-20,Jul 17-20,already_normalized
2019,144,Hopes Championships,43665,Jul 19,serial
2019,145,U.S. Classic,43666,Jul 20,serial
2019,146,European Youth Olympic Festival,Jul 20-28,Jul 20-28,already_normalized
2019,147,Pan American Games,Jul 26-31,Jul 26-31,already_normalized
2019,148,Irish Super Championships,Jul 27-28,Jul 27-28,already_normalized
2019,149,Chinese National Youth Games,Jul 28-Aug 6,Jul 28-Aug 6,already_normalized
2019,150,International Youth Games,Aug 2-3,Aug 2-3,already_normalized
2019,151,German Championships,Aug 3-4,Aug 3-4,already_normalized
2019,152,U.S. Championships,Aug 8-11,Aug 8-11,already_normalized
2019,153,All-Japan Junior Championships,Aug 12-17,Aug 12-17,already_normalized
2019,154,Brazilian Championships,Aug 13-18,Aug 13-18,already_normalized
2019,155,Israeli Championships,Aug 16-17,Aug 16-17,already_normalized
2019,156,South African Championships,Aug 16-17,Aug 16-17,already_normalized
2019,157,German Men's Worlds Trials,43694,Aug 17,serial
2019,158,Finnish Worlds Trials,43694,Aug 17,serial
2019,159,All-Japan Student Championships,Aug 20-22,Aug 20-22,already_normalized
2019,160,Argentinian Championships,Aug 20-24,Aug 20-24,already_normalized
2019,161,Russian Cup,Aug 23-27,Aug 23-27,already_normalized
2019,162,German Worlds Trials,43701,Aug 24,serial
2019,163,Cardiff Men's Friendly,43701,Aug 24,serial
2019,164,Magglingen Men's Friendly,43701,Aug 24,serial
2019,165,African Games,Aug 26-29,Aug 26-29,already_normalized
2019,166,Mersin Challenge Cup,Aug 30-Sep 1,Aug 30-Sep 1,already_normalized
2019,167,Hungarian Championships,Aug 30-Sep 1,Aug 30-Sep 1,already_normalized
2019,168,Heerenveen Friendly,43708,Aug 31,serial
2019,169,2nd Finnish Worlds Trials,43708,Aug 31,serial
2019,170,Chinese Taipei Worlds Trial,Aug 31-Sep 1,Aug 31-Sep 1,already_normalized
2019,171,Chinese Individual Championships,Sep 3-7,Sep 3-7,already_normalized
2019,172,Szombathely Challenge Cup,Sep 6-8,Sep 6-8,already_normalized
2019,173,Romanian Championships,Sep 6-8,Sep 6-8,already_normalized
2019,174,Worms Friendly,43715,Sep 7,serial
2019,175,Heerenveen Men's Friendly,43715,Sep 7,serial
2019,176,Swiss Championships,Sep 7-8,Sep 7-8,already_normalized
2019,177,Italian Championships,Sep 13-15,Sep 13-15,already_normalized
2019,178,2nd Heerenveen Friendly,43722,Sep 14,serial
2019,179,Backnang Men's Friendly,43722,Sep 14,serial
2019,180,Paris Challenge Cup,Sep 14-15,Sep 14-15,already_normalized
2019,181,British Team Championships,Sep 14-15,Sep 14-15,already_normalized
2019,182,2nd Norwegian FIG Meet,Sep 14-15,Sep 14-15,already_normalized
2019,183,Australian Classic,Sep 15-18,Sep 15-18,already_normalized
2019,184,Guimaraes Challenge Cup,Sep 19-22,Sep 19-22,already_normalized
2019,185,Northern European Championships,Sep 21-22,Sep 21-22,already_normalized
2019,186,U.S. Worlds Trials,43730,Sep 22,serial
2019,187,Mediterranean Championships,Sep 26-28,Sep 26-28,already_normalized
2019,188,3rd Norwegian FIG Meet,Sep 28-29,Sep 28-29,already_normalized
2019,189,New Zealand Championships,Oct 2-5,Oct 2-5,already_normalized
2019,190,World Championships,Oct 4-13,Oct 4-13,already_normalized
2019,191,Romanian Individual Championships,Oct 18-20,Oct 18-20,already_normalized
2019,192,South American Junior Championships,Oct 18-20,Oct 18-20,already_normalized
2019,193,4th Bundesliga (MAG),43757,Oct 19,serial
2019,194,German Junior Cup,Oct 19-20,Oct 19-20,already_normalized
2019,195,Hungarian Master Championships,Oct 25-26,Oct 25-26,already_normalized
2019,196,Salamunov Memorial,Oct 25-27,Oct 25-27,already_normalized
2019,197,Top 12 Series 1 (MAG),43764,Oct 26,serial
2019,198,Brabant Trophy,Oct 26-27,Oct 26-27,already_normalized
2019,199,Wase Gymcup,Oct 26-27,Oct 26-27,already_normalized
2019,200,5th Bundesliga (MAG),Oct 26-27,Oct 26-27,already_normalized
2019,201,Rushmoor Rose Bowl,Oct 26-27,Oct 26-27,already_normalized
2019,202,Swiss Team Championships,Oct 26-27,Oct 26-27,already_normalized
2019,203,Icelandic Fall Championships,Oct 26-27,Oct 26-27,already_normalized
2019,204,Leverkusen Cup,43765,Oct 27,serial
2019,205,Arthur Gander Memorial,43768,Oct 30,serial
2019,206,Swiss Cup Juniors,43770,Nov 1,serial
2019,207,Malta Championships,44136,Nov 1,serial
2019,208,Mälar Cup,Nov 1-3,Nov 1-3,already_normalized
2019,209,3rd Bundesliga,Nov 2-3,Nov 2-3,already_normalized
2019,210,Swiss Cup,43772,Nov 3,serial
2019,211,Brazilian Junior Championships,Nov 5-10,Nov 5-10,already_normalized
2019,212,Horizon Cup,Nov 8-10,Nov 8-10,already_normalized
2019,213,6th Bundesliga (MAG),43778,Nov 9,serial
2019,214,Top 12 Series 2 (MAG),43778,Nov 9,serial
2019,215,Austrian Championships,Nov 9-10,Nov 9-10,already_normalized
2019,216,Gymnova Cup,Nov 9-10,Nov 9-10,already_normalized
2019,217,All-Japan Team Championships,Nov 9-10,Nov 9-10,already_normalized
2019,218,Irish Team Championships,Nov 9-10,Nov 9-10,already_normalized
2019,219,Björk International,Nov 9-10,Nov 9-10,already_normalized
2019,220,7th Bundesliga (MAG),43785,Nov 16,serial
2019,221,Top 12 Series 3 (MAG),43785,Nov 16,serial
2019,222,Swedish Cup,Nov 16-17,Nov 16-17,already_normalized
2019,223,Tournoi International,Nov 16-17,Nov 16-17,already_normalized
2019,224,4th Bundesliga,Nov 16-17,Nov 16-17,already_normalized
2019,225,Dutch Team Championships,Nov 16-17,Nov 16-17,already_normalized
2019,226,GymStars International,Nov 16-17,Nov 16-17,already_normalized
2019,227,Cottbus World Cup,Nov 21-24,Nov 21-24,already_normalized
2019,228,Elite Gym Massilia,Nov 22-24,Nov 22-24,already_normalized
2019,229,Olympic Hopes Cup,Nov 28-30,Nov 28-30,already_normalized
2019,230,Voronin Cup,Nov 29-30,Nov 29-30,already_normalized
2019,231,Sokol Grand Prix,43799,Nov 30,serial
2019,232,Bundesliga Final,43799,Nov 30,serial
2019,233,Bundesliga Final (MAG),43799,Nov 30,serial
2019,234,Top 12 Series 1,43799,Nov 30,serial
2019,235,Top Gym Tournament,Nov 30-Dec 1,Nov 30-Dec 1,already_normalized
2019,236,Barborka Cup,Nov 30-Dec 1,Nov 30-Dec 1,already_normalized
2019,237,Southeast Asian Games,Nov 30-Dec 11,Nov 30-Dec 11,already_normalized
2019,238,Japanese International Trials,44166,Dec 1,serial
2019,239,Latynina Cup,Dec 1-5,Dec 1-5,already_normalized
2019,240,Top 12 Series 2,43806,Dec 7,serial
2019,241,Top 12 Series 4 (MAG),43806,Dec 7,serial
2019,242,1st Spanish League (2020 season),Dec 7-8,Dec 7-8,already_normalized
2019,243,Krstic & Delatovic Memorial,Dec 7-8,Dec 7-8,already_normalized
2019,244,Toyota International,Dec 14-15,Dec 14-15,already_normalized
2019,245,Christmas Cup,Dec 14-15,Dec 14-15,already_normalized
2018,2,RDI 761 Invitational,Jan 19-21,Jan 19-21,already_normalized
2018,3,Top 12 Series 5 (MAG),43120,Jan 20,serial
2018,4,Top 12 Series 3 (WAG),43127,Jan 27,serial
2018,5,Desert Lights National Qualifier,Jan 27-28,Jan 27-28,already_normalized
2018,6,Buckeye National Qualifier,Feb 1-2,Feb 1-2,already_normalized
2018,7,Elite Canada,Feb 1-4,Feb 1-4,already_normalized
2018,8,Houston National Invitational,Feb 2-4,Feb 2-4,already_normalized
2018,9,Reykjavik International Games,43134,Feb 3,serial
2018,10,Israeli Winter Cup,43134,Feb 3,serial
2018,11,Top 12 Series 6 (MAG),43134,Feb 3,serial
2018,12,English Championships,Feb 9-11,Feb 9-11,already_normalized
2018,13,Orlando National Qualifier,Feb 9-11,Feb 9-11,already_normalized
2018,14,1st Spanish League,Feb 9-11,Feb 9-11,already_normalized
2018,15,President's Cup,Feb 12-16,Feb 12-16,already_normalized
2018,16,Winter Cup Challenge,Feb 15-17,Feb 15-17,already_normalized
2018,17,WOGA Classic,Feb 16-18,Feb 16-18,already_normalized
2018,18,Top 12 Semi-Final (MAG),43148,Feb 17,serial
2018,19,Mallorca Cup,Feb 17-18,Feb 17-18,already_normalized
2018,20,Welsh Championships,Feb 17-18,Feb 17-18,already_normalized
2018,21,Melbourne World Cup,Feb 22-25,Feb 22-25,already_normalized
2018,22,Top 12 Series 4 (WAG),43155,Feb 24,serial
2018,23,Scottish Championships,Feb 24-25,Feb 24-25,already_normalized
2018,24,Turkish Championships,Mar 2-4,Mar 2-4,already_normalized
2018,25,American Cup,43162,Mar 3,serial
2018,26,1st Italian Serie A,43162,Mar 3,serial
2018,27,Top 12 Semi-Final 2 (MAG),43162,Mar 3,serial
2018,28,1st Bundesliga (MAG),43162,Mar 3,serial
2018,29,1st Bundesliga,Mar 3-4,Mar 3-4,already_normalized
2018,30,British Championships,Mar 8-11,Mar 8-11,already_normalized
2018,31,KPAC National Qualifier,Mar 8-11,Mar 8-11,already_normalized
2018,32,International Gymnix,Mar 9-11,Mar 9-11,already_normalized
2018,33,2nd Bundesliga (MAG),Mar 10-11,Mar 10-11,already_normalized
2018,34,Singapore Championships,Mar 10-11,Mar 10-11,already_normalized
2018,35,Baku World Cup,Mar 15-18,Mar 15-18,already_normalized
2018,36,DTB Pokal Team Challenge,Mar 16-18,Mar 16-18,already_normalized
2018,37,Top 12 Finals (MAG & WAG),43176,Mar 17,serial
2018,38,Stuttgart World Cup,Mar 17-18,Mar 17-18,already_normalized
2018,39,Birmingham World Cup,Mar 21-22,Mar 21-22,already_normalized
2018,40,Doha World Cup,Mar 21-24,Mar 21-24,already_normalized
2018,41,2nd Bundesliga,Mar 24-25,Mar 24-25,already_normalized
2018,42,Icelandic Team Championships,Mar 24-25,Mar 24-25,already_normalized
2018,43,Indian Championships,Mar 25-27,Mar 25-27,already_normalized
2018,44,3rd Bundesliga (MAG),43190,Mar 31,serial
2018,45,Stella Zakharova Cup,Mar 31-Apr 1,Mar 31-Apr 1,already_normalized
2018,46,Colombian Championships,Apr 5-8,Apr 5-8,already_normalized
2018,47,Commonwealth Games,Apr 5-9,Apr 5-9,already_normalized
2018,48,4th Bundesliga (MAG),43197,Apr 7,serial
2018,49,U.S. April Verification Camp,Apr 7-8,Apr 7-8,already_normalized
2018,50,Icelandic Championships,Apr 7-8,Apr 7-8,already_normalized
2018,51,Latvian Championships,Apr 13-14,Apr 13-14,already_normalized
2018,52,Tokyo World Cup,43204,Apr 14,serial
2018,53,City of Jesolo Trophy,Apr 14-15,Apr 14-15,already_normalized
2018,54,3rd Bundesliga,Apr 14-15,Apr 14-15,already_normalized
2018,55,Russian Championships,Apr 18-22,Apr 18-22,already_normalized
2018,56,Austrian Team Open,43211,Apr 21,serial
2018,57,International Junior Team Cup,Apr 21-22,Apr 21-22,already_normalized
2018,58,2nd Spanish League,Apr 21-22,Apr 21-22,already_normalized
2018,59,Asian Junior Championships,Apr 25-28,Apr 25-28,already_normalized
2018,60,Pacific Rim Championships,Apr 27-29,Apr 27-29,already_normalized
2018,61,All-Japan Championships,Apr 27-29,Apr 27-29,already_normalized
2018,62,German Junior Championships,Apr 28-29,Apr 28-29,already_normalized
2018,63,Gymnasiade,May 2-9,May 2-9,already_normalized
2018,64,Chinese Championships,May 3-13,May 3-13,already_normalized
2018,65,2nd Italian Serie A,43225,May 5,serial
2018,66,Deva Friendly,43225,May 5,serial
2018,67,GK Championships,43225,May 5,serial
2018,68,International GymSport,May 5-6,May 5-6,already_normalized
2018,69,African Championships,May 6-13,May 6-13,already_normalized
2018,70,Unni & Haralds Trophy,May 11-13,May 11-13,already_normalized
2018,71,Irish Championships,May 12-13,May 12-13,already_normalized
2018,72,Dityatin Cup,May 16-20,May 16-20,already_normalized
2018,73,Polish Cup,May 18-19,May 18-19,already_normalized
2018,74,Italian Gold Championships,May 18-20,May 18-20,already_normalized
2018,75,Zelena Jama Open,43239,May 19,serial
2018,76,Marie Siroke Memorial,43239,May 19,serial
2018,77,NHK Trophy,May 19-20,May 19-20,already_normalized
2018,78,French Championships,May 19-20,May 19-20,already_normalized
2018,79,Greek Championships,May 19-20,May 19-20,already_normalized
2018,80,Elek Matolay Memorial,May 19-20,May 19-20,already_normalized
2018,81,Portuguese Championships,43240,May 20,serial
2018,82,Padova Men's Friendly,43240,May 20,serial
2018,83,Canadian Championships,May 22-27,May 22-27,already_normalized
2018,84,Auburn National Qualifier,May 24-26,May 24-26,already_normalized
2018,85,Osijek Challenge Cup,May 24-27,May 24-27,already_normalized
2018,86,Liepaja Championships,May 25-26,May 25-26,already_normalized
2018,87,Australian Championships,May 25-27,May 25-27,already_normalized
2018,88,Finnish Championships,May 25-27,May 25-27,already_normalized
2018,89,South American Games,May 25-30,May 25-30,already_normalized
2018,90,Belgian Championships,May 26-27,May 26-27,already_normalized
2018,91,Danish Championships,May 26-27,May 26-27,already_normalized
2018,92,1st Norwegian FIG,May 26-27,May 26-27,already_normalized
2018,93,Mexican Championships,May 27-Jun 3,May 27-Jun 3,already_normalized
2018,94,Koper Challenge Cup,May 31-Jun 3,May 31-Jun 3,already_normalized
2018,95,Austrian Men's Euros Trial,43253,Jun 2,serial
2018,96,Czech Championships,Jun 2-3,Jun 2-3,already_normalized
2018,97,Singapore Open,Jun 2-4,Jun 2-4,already_normalized
2018,98,Chinese Junior Championships,Jun 3-10,Jun 3-10,already_normalized
2018,99,3rd Italian Serie A,43260,Jun 9,serial
2018,100,South Korean Championships,Jun 9-10,Jun 9-10,already_normalized
2018,101,Swiss Junior Championships,Jun 9-10,Jun 9-10,already_normalized
2018,102,Gym Festival Trnava,Jun 9-10,Jun 9-10,already_normalized
2018,103,Klaverblad Championships,Jun 9-10,Jun 9-10,already_normalized
2018,104,Junior Pan American Championships,Jun 9-16,Jun 9-16,already_normalized
2018,105,Croatian Championships,43626,Jun 10,serial
2018,106,Ukraine Cup,Jun 11-14,Jun 11-14,already_normalized
2018,107,Guimaraes Challenge Cup,Jun 14-17,Jun 14-17,already_normalized
2018,108,Norwegian Junior Championships,Jun 16-17,Jun 16-17,already_normalized
2018,109,3rd Spanish League,Jun 16-17,Jun 16-17,already_normalized
2018,110,Kazakhstan Championships,Jun 18-24,Jun 18-24,already_normalized
2018,111,Brazilian Championships,Jun 22-24,Jun 22-24,already_normalized
2018,112,Mediterranean Games,Jun 22-Jul 1,Jun 22-Jul 1,already_normalized
2018,113,Youth Olympic Games Qualifier,43274,Jun 23,serial
2018,114,German Euros Trial,43274,Jun 23,serial
2018,115,Dutch Championships,Jun 23-24,Jun 23-24,already_normalized
2018,116,Brestyan's National Qualifier,Jun 23-24,Jun 23-24,already_normalized
2018,117,Austrian Championships,Jun 23-24,Jun 23-24,already_normalized
2018,118,Russian Cup,Jun 27-30,Jun 27-30,already_normalized
2018,119,Russian Junior Championships,Jun 27-30,Jun 27-30,already_normalized
2018,120,Argentinian Club Championships,Jun 27-30,Jun 27-30,already_normalized
2018,121,Polish Championships,Jun 28-Jul 1,Jun 28-Jul 1,already_normalized
2018,122,Nordic Championships,Jun 29-Jul 1,Jun 29-Jul 1,already_normalized
2018,123,All-Japan Event Championships,Jun 30-Jul 1,Jun 30-Jul 1,already_normalized
2018,124,Irish Super Championships,Jun 30-Jul 1,Jun 30-Jul 1,already_normalized
2018,125,Swedish Championships,Jul 3-6,Jul 3-6,already_normalized
2018,126,Israeli Championships,43285,Jul 4,serial
2018,127,Hopes Classic,43287,Jul 6,serial
2018,128,Mersin Challenge Cup,Jul 6-8,Jul 6-8,already_normalized
2018,129,American Classic,43288,Jul 7,serial
2018,130,Budapest Friendly,43288,Jul 7,serial
2018,131,Sainté Gym Cup,43288,Jul 7,serial
2018,132,Italian Championships,Jul 7-8,Jul 7-8,already_normalized
2018,133,Heerenveen Friendly,Jul 7-8,Jul 7-8,already_normalized
2018,134,Spanish Championships,Jul 8-15,Jul 8-15,already_normalized
2018,135,Pieve di Soligo Friendly,43295,Jul 14,serial
2018,136,Izvorani Friendly,43295,Jul 14,serial
2018,137,U.S. Men's National Qualifier,43295,Jul 14,serial
2018,138,Hungarian Event Championships,Jul 14-15,Jul 14-15,already_normalized
2018,139,Africa Safari International,Jul 20-21,Jul 20-21,already_normalized
2018,140,Central American & Caribbean Games,Jul 20-24,Jul 20-24,already_normalized
2018,141,Budapest Men's Friendly,43302,Jul 21,serial
2018,142,Baiersbronn Men's Friendly,43302,Jul 21,serial
2018,143,Hopes Championships,43308,Jul 27,serial
2018,144,U.S. Classic,43309,Jul 28,serial
2018,145,European Championships,Aug 2-12,Aug 2-12,already_normalized
2018,146,Chilean Trial Meet,43317,Aug 5,serial
2018,147,U.S. Championships,Aug 16-19,Aug 16-19,already_normalized
2018,148,Brazilian Event Championships,Aug 16-19,Aug 16-19,already_normalized
2018,149,Mexican Trial Meet,Aug 18-19,Aug 18-19,already_normalized
2018,150,Asian Games,Aug 18-Sep 2,Aug 18-Sep 2,already_normalized
2018,151,Chinese Individual Championships,Sep 4-7,Sep 4-7,already_normalized
2018,152,5th Bundesliga (MAG),43351,Sep 8,serial
2018,153,Chinese Individual Junior Championships,Sep 8-10,Sep 8-10,already_normalized
2018,154,South African Championships,Sep 14-15,Sep 14-15,already_normalized
2018,155,Pan American Championships,Sep 14-16,Sep 14-16,already_normalized
2018,156,Hungarian Championships,Sep 14-16,Sep 14-16,already_normalized
2018,157,Australian Classic,Sep 14-17,Sep 14-17,already_normalized
2018,158,German Worlds Trials,43358,Sep 15,serial
2018,159,British Team Championships,43358,Sep 15,serial
2018,160,Belarusian Championships,Sep 19-21,Sep 19-21,already_normalized
2018,161,Junior Mediterranean Championships,Sep 19-23,Sep 19-23,already_normalized
2018,162,U.S. Men's Worlds Trials,Sep 20-22,Sep 20-22,already_normalized
2018,163,Szombathely Challenge Cup,Sep 21-23,Sep 21-23,already_normalized
2018,164,Norwegian Championships,Sep 22-23,Sep 22-23,already_normalized
2018,165,Swiss Championships,Sep 22-23,Sep 22-23,already_normalized
2018,166,Wohnen Juniors Trophy,Sep 22-23,Sep 22-23,already_normalized
2018,167,Paris Challenge Cup,Sep 27-30,Sep 27-30,already_normalized
2018,168,German Championships,Sep 29-30,Sep 29-30,already_normalized
2018,169,New Zealand Championships,Oct 3-6,Oct 3-6,already_normalized
2018,170,Varsenare Friendly,43379,Oct 6,serial
2018,171,Ghent Men's Friendly,43379,Oct 6,serial
2018,172,Leverkusen Cup,43379,Oct 6,serial
2018,173,Youth Olympic Games,Oct 6-18,Oct 6-18,already_normalized
2018,174,U.S. Worlds Trials,43384,Oct 11,serial
2018,175,VTB Cup,Oct 11-16,Oct 11-16,already_normalized
2018,176,Romanian Championships,Oct 12-14,Oct 12-14,already_normalized
2018,177,Rüsselsheim Friendly,43386,Oct 13,serial
2018,178,Kiev Open Cup,43386,Oct 13,serial
2018,179,South American Junior Championships,Oct 17-21,Oct 17-21,already_normalized
2018,180,Salamunov Memorial,Oct 19-21,Oct 19-21,already_normalized
2018,181,World Championships,Oct 25-Nov 3,Oct 25-Nov 3,already_normalized
2018,182,Icelandic Fall Championships,Nov 3-4,Nov 3-4,already_normalized
2018,183,Kazakhstan Junior Championships,Nov 5-10,Nov 5-10,already_normalized
2018,184,Gymnova Cup,Nov 9-10,Nov 9-10,already_normalized
2018,185,6th Bundesliga (MAG),43414,Nov 10,serial
2018,186,Top 12 Series 1 (MAG),43414,Nov 10,serial
2018,187,Tournoi International,Nov 10-11,Nov 10-11,already_normalized
2018,188,Györ Friendly,43415,Nov 11,serial
2018,189,Arthur Gander Memorial,43418,Nov 14,serial
2018,190,Brazilian Junior Championships,Nov 14-18,Nov 14-18,already_normalized
2018,191,Hungarian Masters Championships,Nov 16-17,Nov 16-17,already_normalized
2018,192,Elite Gym Massilia,Nov 16-18,Nov 16-18,already_normalized
2018,193,Argentinian Championships,43421,Nov 17,serial
2018,194,Dutch Team Championships,43421,Nov 17,serial
2018,195,7th Bundesliga (MAG),43421,Nov 17,serial
2018,196,Top 12 Series 2 (MAG),43421,Nov 17,serial
2018,197,4th Bundesliga,Nov 17-18,Nov 17-18,already_normalized
2018,198,Swiss Cup,43422,Nov 18,serial
2018,199,Cottbus World Cup,Nov 22-25,Nov 22-25,already_normalized
2018,200,Zifcakovcov Memorial,Nov 23-24,Nov 23-24,already_normalized
2018,201,Sokol Grand Prix,Nov 23-25,Nov 23-25,already_normalized
2018,202,Top 12 Series 1,43428,Nov 24,serial
2018,203,Top Gym Tournament,Nov 24-25,Nov 24-25,already_normalized
2018,204,All-Japan Team Championships,Nov 24-25,Nov 24-25,already_normalized
2018,205,Olympic Hopes Cup,Nov 29-Dec 1,Nov 29-Dec 1,already_normalized
2018,206,Joaquin Blume Memorial,43435,Dec 1,serial
2018,207,Bundesliga Finals,43435,Dec 1,serial
2018,208,Top 12 Series 3 (MAG),43435,Dec 1,serial
2018,209,Japanese World Cup Trials,43436,Dec 2,serial
2018,210,Barborka Cup,Dec 7-9,Dec 7-9,already_normalized
2018,211,Bundesliga Regional Finals,43442,Dec 8,serial
2018,212,Top 12 Series 2,43442,Dec 8,serial
2018,213,Toyota International,Dec 8-9,Dec 8-9,already_normalized
2018,214,Voronin Cup,Dec 12-13,Dec 12-13,already_normalized
2018,215,Top 12 Series 4 (MAG),43449,Dec 15,serial
