review_id,review_priority,problem_type,athlete_name,discipline,suggested_existing_athlete,suggested_existing_country,suggestion_confidence,collision_countries,results_2026_by_country,future_country_evidence,recommended_action,learned_rule_id,decision,action,country,notes
athlete_identity_collision_2debfee4c4e83a1d,high,possible_athlete_identity_collision,Sam Rakita,MAG,,,,"CAN, USA",CAN: 2026 - Elite Canada (5 results) | USA: 2026 - NCAA Week 10 (1 results); 2026 - NCAA Week 11 (1 results); 2026 - NCAA Week 8 (1 results); 2026 - NCAA Week 9 (2 results),Sam Rakita: not found 2027-2025,,,,,,
athlete_identity_collision_35beb56b3b5adc94,high,possible_athlete_identity_collision,Reece Landsperger,MAG,,,,"CAN, USA",CAN: 2026 - Elite Canada (2 results) | USA: 2026 - NCAA Week 8 (2 results); 2026 - Rocky Mountain Open (1 results); 2026 - Stanford Open (2 results),Reece Landsperger: not found 2027-2025,,,,,,
athlete_identity_collision_848c1df02c1db204,high,possible_athlete_identity_collision,Erik Ingimarsson,MAG,Erik Ingimarsson,DEN,1.0,"DEN, NOR",DEN: 2026 - Unni & Haralds Trophy (5 results) | NOR: 2026 - Unni & Haralds Trophy (3 results),Erik Ingimarsson: not found 2027-2025,,,,,,
athlete_identity_collision_cd2ea6949c7fb487,high,possible_athlete_identity_collision,Rosanna Ojala,WAG,Rosanna Ojala,FIN,1.0,"DEN, FIN",DEN: 2026 - Elek Matolay Memorial (1 results) | FIN: 2026 - Unni & Haralds Trophy (1 results),Rosanna Ojala: not found 2027-2025,,,,,,
athlete_identity_collision_70026bf16b2ae32e,high,possible_athlete_identity_collision,Nicholas Tarca,MAG,Nicholas Tarca,ROU,1.0,"ROU, USA",ROU: 2026 - NCAA Week 11 (1 results); 2026 - NCAA Week 8 (2 results); 2026 - NCAA Week 9 (2 results) | USA: 2026 - NCAA Week 6 (2 results),Nicholas Tarca: not found 2027-2025,,,,,,
athlete_identity_collision_514756e59bd2a793,high,possible_athlete_identity_collision,Emma Gubbiotti,WAG,Emma Gubbiotti,ITA,1.0,"ESP, ITA",ESP: 2026 - 1st Spanish League (3 results) | ITA: 2026 - 2nd Italian Serie A (5 results),Emma Gubbiotti: not found 2027-2025,,,,,,
athlete_identity_collision_594ba9cb2c845d7b,high,possible_athlete_identity_collision,Jordan Carroll,MAG,,,,"CAN, USA",CAN: 2026 - Canadian Championships (1 results); 2026 - DTB Pokal Team Challenge (2 results); 2026 - Pan American Championships (2 results) | USA: 2026 - Sam Mikulak Invitational (1 results),Jordan Carroll: not found 2027-2025,,,,,,
athlete_identity_collision_e76ffe2db3fd5c22,high,possible_athlete_identity_collision,Elijah Ramirez,MAG,Elijah Ramirez,GBR,1.0,"GBR, TTO",GBR: 2026 - English Championships (5 results) | TTO: 2026 - Pan American Championships (5 results),Elijah Ramirez: not found 2027-2025,,,,,,
athlete_identity_collision_f18ee98717732202,high,possible_athlete_identity_collision,Anna Alekseeva,WAG,,,,"GER, RUS",GER: 2026 - German Junior Championships (5 results) | RUS: 2026 - 1st Bundesliga (1 results),Anna Alekseeva: not found 2027-2025,,,,,,
athlete_identity_collision_d2dff6e16d323847,high,possible_athlete_identity_collision,Sophia Martin,WAG,Sophia Martin,ESP,1.0,"ESP, FRA",ESP: 2026 - Top 12 Series 4 (5 results) | FRA: 2026 - Top 12 Finals (3 results),Sophia Martin: not found 2027-2025,,,,,,
athlete_identity_collision_db73c1ff1124b9a7,high,possible_athlete_identity_collision,Soley Laverty,WAG,Soley Laverty,GBR,1.0,"GBR, IRL",GBR: 2026 - British Championships (5 results) | IRL: 2026 - English Championships (5 results),Soley Laverty: not found 2027-2025,,,,,,
athlete_identity_collision_25655703f0217043,high,possible_athlete_identity_collision,Lorenzo Galli,MAG,Lorenzo Galli,ITA,1.0,"FRA, ITA",FRA: 2026 - Top 12 Series 4 (5 results) | ITA: 2026 - 3rd Italian Serie A (5 results),Lorenzo Galli: not found 2027-2025,,,,,,
athlete_identity_collision_8566e1bdafb9638c,high,possible_athlete_identity_collision,Brian Delf,MAG,Brian Delf,CAN,1.0,"CAN, USA",CAN: 2026 - Canadian Championships (1 results) | USA: 2026 - NCAA Week 11 (2 results); 2026 - NCAA Week 6 (2 results); 2026 - NCAA Week 8 (1 results),Brian Delf: not found 2027-2025,,,,,,
athlete_identity_collision_cedbc64b952bcbe5,high,possible_athlete_identity_collision,Hana Kovacic,WAG,Hana Kovacic,SLO,1.0,"CRO, SLO",CRO: 2026 - Elek Matolay Memorial (5 results) | SLO: 2026 - Salamunov Memorial (5 results),Hana Kovacic: not found 2027-2025,,,,,,
athlete_identity_collision_98ade5fff4c3400e,high,possible_athlete_identity_collision,Clayton Bell,MAG,Clayton Bell,JAM,1.0,"GBR, JAM",GBR: 2026 - English Championships (5 results) | JAM: 2026 - Pan American Championships (5 results),Clayton Bell: not found 2027-2025,,,,,,
athlete_identity_collision_0daf2c8f0dc165a9,high,possible_athlete_identity_collision,Luke James,MAG,Luke James,RSA,1.0,"RSA, USA",RSA: 2026 - NCAA Week 4 (2 results) | USA: 2026 - NCAA Week 10 (2 results); 2026 - NCAA Week 11 (2 results); 2026 - NCAA Week 9 (1 results),Luke James: not found 2027-2025,,,,,,
athlete_identity_collision_6ee7dcc9ac7685b8,high,possible_athlete_identity_collision,Milo Wallace-Dunn,MAG,Milo Wallace-Dunn,SGP,1.0,"IRL, SGP",IRL: 2026 - Irish Championships (5 results) | SGP: 2026 - Singapore Championships (4 results),Milo Wallace-Dunn: not found 2027-2025,,,,,,
athlete_identity_collision_9719ac3029692124,high,possible_athlete_identity_collision,Nicolò Mozzato,MAG,Nicolò Mozzato,ITA,1.0,"FRA, ITA",FRA: 2026 - Top 12 Series 4 (1 results) | ITA: 2026 - 1st Italian Serie A (3 results); 2026 - Top 12 Series 1 (2 results),Nicolò Mozzato: not found 2027-2025,,,,,,
athlete_identity_collision_7b46373e843f1898,high,possible_athlete_identity_collision,Roberto Marzocchi,MAG,Roberto Marzocchi,ITA,1.0,"FRA, ITA",FRA: 2026 - Top 12 Series 2 (1 results) | ITA: 2026 - 1st Italian Serie A (4 results); 2026 - 2nd Italian Serie A (1 results),Roberto Marzocchi: not found 2027-2025,,,,,,
athlete_identity_collision_f9c32bbe5ccdce0e,high,possible_athlete_identity_collision,Francisca Cancela,WAG,Francisca Cancela,POR,1.0,"POL, POR",POL: 2026 - Spanish League Final (1 results) | POR: 2026 - 1st Spanish League (1 results); 2026 - 2nd Spanish League (1 results),Francisca Cancela: not found 2027-2025,,,,,,
athlete_identity_collision_6d2ee59db354f657,high,possible_athlete_identity_collision,Mariia Hradyk,WAG,Mariia Hradyk,UKR,1.0,"GER, UKR",GER: 2026 - German Junior Championships (5 results) | UKR: 2026 - 1st Bundesliga (5 results),Mariia Hradyk: not found 2027-2025,,,,,,
athlete_identity_collision_01762fa7487d6edb,high,possible_athlete_identity_collision,Finlay Hazelton,MAG,Finlay Hazelton,IRL,1.0,"GBR, IRL",GBR: 2026 - British Team Championships (4 results) | IRL: 2026 - Irish Championships (5 results),Finlay Hazelton: not found 2027-2025,,,,,,
athlete_identity_collision_7c50f422e3cb3001,high,possible_athlete_identity_collision,Camille Galand,WAG,Camille Galand,BEL,1.0,"BEL, FRA",BEL: 2026 - Belgian Championships (2 results); 2026 - International GymSport (2 results); 2026 - International Gymnix (1 results) | FRA: 2026 - Top 12 Series 4 (1 results),Camille Galand: not found 2027-2025,,,,,,
athlete_identity_collision_4da716f19fd303b4,high,possible_athlete_identity_collision,Colby Aranda,MAG,Colby Aranda,CHI,1.0,"CHI, USA",CHI: 2026 - Koper Challenge Cup (1 results) | USA: 2026 - NCAA Week 11 (1 results); 2026 - NCAA Week 3 (1 results); 2026 - NCAA Week 5 (1 results); 2026 - NCAA Week 8 (1 results); 2026 - Rocky Mountain Open (1 results),Colby Aranda: not found 2027-2025,,,,,,
athlete_identity_collision_ee9039ef6744aa58,high,possible_athlete_identity_collision,Illia Kovtun,MAG,Illia Kovtun,UKR,1.0,"CRO, UKR",CRO: 2026 - Italian Serie A Final (5 results) | UKR: 2026 - 2nd Bundesliga (4 results),Illia Kovtun: not found 2027-2025,,,,,,
athlete_identity_collision_fef7e3c526e57abf,high,possible_athlete_identity_collision,Ella Rief,WAG,Ella Rief,AUT,1.0,"AUT, GER",AUT: 2026 - Austrian Championships (5 results) | GER: 2026 - 1st Bundesliga (2 results),Ella Rief: not found 2027-2025,,,,,,
athlete_identity_collision_b744b76774cc0461,high,possible_athlete_identity_collision,Djenna Laroui,WAG,Djenna Laroui,FRA,1.0,"ALG, FRA",ALG: 2026 - African Championships (5 results) | FRA: 2026 - Top 12 Series 4 (5 results),Djenna Laroui: not found 2027-2025,,,,,,
athlete_identity_collision_a2b7a0e218cb8677,high,possible_athlete_identity_collision,Santiago Rojas,MAG,,,,"COL, MEX",COL: 2026 - Colombian Championships (5 results) | MEX: 2026 - Mexican Championships (3 results),Santiago Rojas: not found 2027-2025,,,,,,
athlete_identity_collision_f0fda7082608eb9d,high,possible_athlete_identity_collision,Christian Kuzdra,MAG,Christian Kuzdra,POL,1.0,"POL, USA",POL: 2026 - Salamunov Memorial (2 results) | USA: 2026 - Sam Mikulak Invitational (2 results),Christian Kuzdra: not found 2027-2025,,,,,,
athlete_identity_collision_f48d2afe217090d5,high,possible_athlete_identity_collision,Arthur Ballon,MAG,Arthur Ballon,FRA,1.0,"FRA, USA",FRA: 2026 - French Championships (5 results) | USA: 2026 - NCAA Week 4 (2 results),Arthur Ballon: not found 2027-2025,,,,,,
athlete_identity_collision_eab7d10fa6fb37f2,high,possible_athlete_identity_collision,Ewan McAteer,MAG,Ewan McAteer,IRL,1.0,"GBR, IRL",GBR: 2026 - Welsh Championships (5 results) | IRL: 2026 - Irish Championships (5 results),Ewan McAteer: not found 2027-2025,,,,,,
athlete_identity_collision_dbeebce745c857fa,high,possible_athlete_identity_collision,Radomyr Stelmakh,MAG,Radomyr Stelmakh,UKR,1.0,"GER, UKR",GER: 2026 - 3rd Bundesliga (5 results) | UKR: 2026 - 2nd Bundesliga (5 results),Radomyr Stelmakh: not found 2027-2025,,,,,,
athlete_identity_collision_808c58144c2779b2,high,possible_athlete_identity_collision,Fabian Benedek,MAG,,,,"GER, HUN",GER: 2026 - International Budapest Junior Cup (1 results) | HUN: 2026 - International Budapest Junior Cup (5 results),Fabian Benedek: not found 2027-2025,,,,,,
athlete_identity_collision_30c107c4f358674b,high,possible_athlete_identity_collision,Jacob Söderqvist,MAG,Jacob Söderqvist,SWE,1.0,"SWE, USA",SWE: 2026 - NCAA Week 4 (5 results) | USA: 2026 - NCAA Week 8 (2 results),Jacob Söderqvist: not found 2027-2025,,,,,,
athlete_identity_collision_a6ef9b02d93f401b,high,possible_athlete_identity_collision,Lorenzo Pambianchi,MAG,Lorenzo Pambianchi,FRA,1.0,"FRA, ITA",FRA: 2026 - Top 12 Series 1 (1 results); 2026 - Top 12 Series 3 (4 results) | ITA: 2026 - Top 12 Series 4 (4 results),Lorenzo Pambianchi: not found 2027-2025,,,,,,
athlete_identity_collision_3f971ea4515085e2,high,possible_athlete_identity_collision,Trigg Dudley,MAG,Trigg Dudley,GBR,1.0,"GBR, USA",GBR: 2026 - English Championships (3 results) | USA: 2026 - NCAA Week 1 (1 results); 2026 - NCAA Week 11 (1 results); 2026 - NCAA Week 9 (3 results),Trigg Dudley: not found 2027-2025,,,,,,
athlete_identity_collision_f902848f72d657e8,high,possible_athlete_identity_collision,Emily Moorhead,WAG,,,,"GBR, IRL",GBR: 2026 - Scottish Championships (1 results); 2026 - Unni & Haralds Trophy (1 results); 2026 - Welsh Championships (1 results) | IRL: 2026 - British Championships (1 results),Emily Moorhead: not found 2027-2025,,,,,,
athlete_identity_collision_65aff35ab7d16752,high,possible_athlete_identity_collision,Joy Palermo,MAG,Joy Palermo,LUX,1.0,"LUX, NED",LUX: 2026 - Dutch Championships (5 results) | NED: 2026 - Dutch Championships (1 results),Joy Palermo: not found 2027-2025,,,,,,
athlete_identity_collision_79960c27de8e35d9,high,possible_athlete_identity_collision,Matthew McClymont,MAG,Matthew McClymont,GBR,1.0,"GBR, JAM",GBR: 2026 - English Championships (2 results); 2026 - Welsh Championships (2 results) | JAM: 2026 - Pan American Championships (4 results),Matthew McClymont: not found 2027-2025,,,,,,
athlete_identity_collision_97fe35bb4068d93b,high,possible_athlete_identity_collision,Rayderley Zapata,MAG,Rayderley Zapata,ESP,1.0,"BLR, ESP",BLR: 2026 - Osijek World Cup (1 results) | ESP: 2026 - Antalya World Cup (4 results); 2026 - Cairo World Cup (1 results),Rayderley Zapata: not found 2027-2025,,,,,,
athlete_country_2e1957b7067ea860,high,possible_athlete_country_change,Aaron Brancato,MAG,Aaron Brancato,MON,,"FRA, MON",FRA: 2026 - Top 12 Series 4 (1 results),Aaron Brancato: not found 2027-2025,,,,,,
athlete_country_197d40fe061b4cbe,high,possible_athlete_country_change,Adam Lakomy,MAG,Adam Lakomy,USA,,"CZE, USA",CZE: 2026 - Czech Championships (5 results),Adam Lakomy: not found 2027-2025,,,,,,
athlete_country_49fb2aa2dc73a4c4,high,possible_athlete_country_change,Bastien Briano,MAG,Bastien Briano,MON,,"FRA, MON",FRA: 2026 - Top 12 Series 4 (1 results),Bastien Briano: not found 2027-2025,,,,,,
athlete_country_1e026d23585a04e7,high,possible_athlete_country_change,Botond Kovats,MAG,Botond Kovats,ISL,,"HUN, ISL",HUN: 2026 - Salamunov Memorial (5 results),Botond Kovats: not found 2027-2025,,,,,,
athlete_country_7fbb81012a6b94ad,high,possible_athlete_country_change,Carson Crooks,MAG,Carson Crooks,CAN,,"CAN, USA",USA: 2026 - NCAA Week 11 (1 results); 2026 - NCAA Week 8 (1 results),Carson Crooks: not found 2027-2025,,,,,,
athlete_country_72cf617aa8886a3b,high,possible_athlete_country_change,Chane Cumbermack,MAG,Chane Cumbermack,USA,,"TTO, USA",TTO: 2026 - Pan American Championships (5 results),Chane Cumbermack: not found 2027-2025,,,,,,
athlete_country_a5059bf04a2a54a9,high,possible_athlete_country_change,David Martelli,MAG,David Martelli,IRL,,"GBR, IRL",GBR: 2026 - English Championships (1 results); 2026 - Scottish Championships (1 results),David Martelli: not found 2027-2025,,,,,,
athlete_country_1d2441aa9ccaf575,high,possible_athlete_country_change,David Ramirez,MAG,David Ramirez,USA,,"MEX, USA",MEX: 2026 - NCAA Week 11 (5 results),David Ramirez: not found 2027-2025,,,,,,
athlete_country_41ee17c38c1bfca5,high,possible_athlete_country_change,Davit Diasamidze,MAG,Davit Diasamidze,LAT,,"GEO, LAT",GEO: 2026 - Tiger Cup (5 results),Davit Diasamidze: not found 2027-2025,,,,,,
athlete_country_b17c98faea5c74fd,high,possible_athlete_country_change,Demetre Diasamidze,MAG,Demetre Diasamidze,LAT,,"GEO, LAT",GEO: 2026 - Tiger Cup (5 results),Demetre Diasamidze: not found 2027-2025,,,,,,
athlete_country_68e25cc93ce82032,high,possible_athlete_country_change,Evan Aliwalas,MAG,Evan Aliwalas,CAN,,"CAN, PHI",PHI: 2026 - American Cup (1 results),Evan Aliwalas: not found 2027-2025,,,,,,
athlete_country_c5f200dfd1f927fc,high,possible_athlete_country_change,Fabio Schmidl,MAG,Fabio Schmidl,POL,,"GER, POL",GER: 2026 - International Budapest Junior Cup (5 results),Fabio Schmidl: not found 2027-2025,,,,,,
athlete_country_ac39a47ecb1b4874,high,possible_athlete_country_change,Gethin Davies-Vaneetvelde,MAG,Gethin Davies-Vaneetvelde,IRL,,"IRL, RSA",RSA: 2026 - Unni & Haralds Trophy (5 results),Gethin Davies-Vaneetvelde: not found 2027-2025,,,,,,
athlete_country_89e4b41b7e624fce,high,possible_athlete_country_change,Hinata Kabeya,MAG,Hinata Kabeya,JPN,,"AUS, JPN",AUS: 2026 - Australian Championships (5 results),Hinata Kabeya: not found 2027-2025,,,,,,
athlete_country_73f819753a9827c7,high,possible_athlete_country_change,Hugo Villeneuve,MAG,Hugo Villeneuve,MON,,"FRA, MON",FRA: 2026 - French Championships (5 results),Hugo Villeneuve: not found 2027-2025,,,,,,
athlete_country_431c15ffe8f0d5e6,high,possible_athlete_country_change,Jasper Smith-Gordon,MAG,Jasper Smith-Gordon,GBR,,"GBR, USA",USA: 2026 - NCAA Week 10 (1 results); 2026 - NCAA Week 9 (2 results); 2026 - Stanford Open (2 results),Jasper Smith-Gordon: not found 2027-2025,,,,,,
athlete_country_6fd5243cf975b1ab,high,possible_athlete_country_change,Othmane Bayou,MAG,Othmane Bayou,ALG,,"ALG, FRA",FRA: 2026 - Top 12 Series 2 (1 results),Othmane Bayou: not found 2027-2025,,,,,,
athlete_country_e742f06dc63daca7,high,possible_athlete_country_change,Rodrigo Woods,MAG,Rodrigo Woods,CAN,,"CAN, PHI",PHI: 2026 - Elite Canada (5 results),Rodrigo Woods: not found 2027-2025,,,,,,
athlete_country_d6b423f6f5f60353,high,possible_athlete_country_change,Romain Chapelle,MAG,Romain Chapelle,MON,,"FRA, MON",FRA: 2026 - Top 12 Series 1 (1 results); 2026 - Top 12 Series 2 (1 results),Romain Chapelle: not found 2027-2025,,,,,,
athlete_country_883bb8c9dde6b4c8,high,possible_athlete_country_change,Rudy O'Sullivan,MAG,Rudy O'Sullivan,IRL,,"GBR, IRL",GBR: 2026 - British Championships (5 results),Rudy O'Sullivan: not found 2027-2025,,,,,,
athlete_country_568e8349d3c6c1f4,high,possible_athlete_country_change,Sofus Møllgaard,MAG,Sofus Møllgaard,DEN,,"DEN, NOR",NOR: 2026 - Unni & Haralds Trophy (1 results),Sofus Møllgaard: not found 2027-2025,,,,,,
athlete_country_e58af3cdd1b83d88,high,possible_athlete_country_change,Vid Türk,MAG,Vid Türk,SUI,,"SLO, SUI",SLO: 2026 - International Budapest Junior Cup (1 results); 2026 - Salamunov Memorial (2 results),Vid Türk: not found 2027-2025,,,,,,
athlete_country_af9f1c8eae6dba1b,high,possible_athlete_country_change,Vsevolod Isayev,MAG,Vsevolod Isayev,UKR,,"GBR, UKR",GBR: 2026 - Scottish Championships (5 results),Vsevolod Isayev: not found 2027-2025,,,,,,
athlete_country_a1988c4ab37e1658,high,possible_athlete_country_change,Yaroslav Krutov,MAG,Yaroslav Krutov,BLR,,"BLR, RUS",RUS: 2026 - Russian Cup (2 results),Yaroslav Krutov: not found 2027-2025,,,,,,
athlete_country_bb8455f15922b8da,high,possible_athlete_country_change,Zachary Gladu,MAG,Zachary Gladu,CAN,,"CAN, USA",USA: 2026 - Sam Mikulak Invitational (3 results),Zachary Gladu: not found 2027-2025,,,,,,
athlete_country_2457b49a786420a9,high,possible_athlete_country_change,Zachary Nunez,MAG,Zachary Nunez,USA,,"PHI, USA",PHI: 2026 - American Cup (1 results),Zachary Nunez: not found 2027-2025,,,,,,
athlete_country_ad7ac93e023b18b2,high,possible_athlete_country_change,Alejandra Martinez,WAG,Alejandra Martinez,RSA,,"MEX, RSA",MEX: 2026 - Mexican Championships (1 results),Alejandra Martinez: not found 2027-2025,,,,,,
athlete_country_ed1726b594b72cec,high,possible_athlete_country_change,Analis Perez,WAG,Analis Perez,ESP,,"DOM, ESP",DOM: 2026 - Pan American Championships (5 results),Analis Perez: not found 2027-2025,,,,,,
athlete_country_462148f783357572,high,possible_athlete_country_change,Ariana Henry,WAG,Ariana Henry,USA,,"JAM, USA",JAM: 2026 - Pan American Championships (5 results),Ariana Henry: not found 2027-2025,,,,,,
athlete_country_1ef37e1256a3a1a9,high,possible_athlete_country_change,Claudine Soliman,WAG,Claudine Soliman,GER,,"EGY, GER",EGY: 2026 - 1st Bundesliga (5 results),Claudine Soliman: not found 2027-2025,,,,,,
athlete_country_bffc497b8660f5f1,high,possible_athlete_country_change,Demi Dash,WAG,Demi Dash,USA,,"DOM, USA",DOM: 2026 - Pan American Championships (1 results),Demi Dash: not found 2027-2025,,,,,,
athlete_country_74bc717ed59d6bb0,high,possible_athlete_country_change,Dina Safadi,WAG,Dina Safadi,GER,,"GER, TUN",TUN: 2026 - German Junior Championships (5 results),Dina Safadi: not found 2027-2025,,,,,,
athlete_country_62d9141f71695871,high,possible_athlete_country_change,Finley Young,WAG,Finley Young,USA,,"CAN, USA",CAN: 2026 - Canadian Championships (5 results),Finley Young: not found 2027-2025,,,,,,
athlete_country_4645f1eb9041eecb,high,possible_athlete_country_change,Giulia Asaftei,WAG,Giulia Asaftei,ITA,,"ITA, POL",POL: 2026 - Polish Championships (5 results),Giulia Asaftei: not found 2027-2025,,,,,,
athlete_country_19ce943ef95a4569,high,possible_athlete_country_change,Léna Khenoun,WAG,Léna Khenoun,FRA,,"ALG, FRA",ALG: 2026 - African Championships (2 results),Léna Khenoun: not found 2027-2025,,,,,,
athlete_country_02cfe06428899a20,high,possible_athlete_country_change,Lina Martin,WAG,Lina Martin,FRA,,"ESP, FRA",ESP: 2026 - Top 12 Series 4 (3 results),Lina Martin: not found 2027-2025,,,,,,
athlete_country_8dfb9837658027ac,high,possible_athlete_country_change,Louna Hamames Moallic,WAG,Louna Hamames Moallic,FRA,,"ALG, FRA",ALG: 2026 - African Championships (5 results),Louna Hamames Moallic: not found 2027-2025,,,,,,
athlete_country_299b5d5252aa6e04,high,possible_athlete_country_change,Lucie Selvais,WAG,Lucie Selvais,BEL,,"BEL, SLO",SLO: 2026 - Salamunov Memorial (5 results),Lucie Selvais: not found 2027-2025,,,,,,
athlete_country_90bc1aff297e2d39,high,possible_athlete_country_change,Maria Jvania,WAG,Maria Jvania,FRA,,"FRA, GEO",GEO: 2026 - International GymSport (3 results); 2026 - Top 12 Finals (2 results),Maria Jvania: not found 2027-2025,,,,,,
athlete_country_c0cce11313b814c4,high,possible_athlete_country_change,Paula Gonzalez,WAG,Paula Gonzalez,MEX,,"ESP, MEX",ESP: 2026 - Spanish League Final (3 results),Paula Gonzalez: not found 2027-2025,,,,,,
athlete_country_cb21215308f04812,high,possible_athlete_country_change,Poppy Elwood,WAG,Poppy Elwood,IRL,,"GBR, IRL",GBR: 2026 - Unni & Haralds Trophy (5 results),Poppy Elwood: not found 2027-2025,,,,,,
athlete_country_7fc2dc5dbd0da1f0,high,possible_athlete_country_change,Regina Kovacs,WAG,Regina Kovacs,AUT,,"AUT, HUN",HUN: 2026 - Elek Matolay Memorial (5 results),Regina Kovacs: not found 2027-2025,,,,,,
athlete_country_88b22a26a14cea5d,high,possible_athlete_country_change,Ruba Al Daoud,WAG,Ruba Al Daoud,JOR,,"JOR, QAT",QAT: 2026 - Cottbus World Cup (3 results),Ruba Al Daoud: not found 2027-2025,,,,,,
athlete_country_ada0b83245a6ac92,high,possible_athlete_country_change,Sofia Perez,WAG,Sofia Perez,ECU,,"ECU, ESP",ESP: 2026 - 2nd Spanish League (1 results),Sofia Perez: not found 2027-2025,,,,,,
athlete_country_932bf6ad330aea11,high,possible_athlete_country_change,Valeriia Horanska,WAG,Valeriia Horanska,SUI,,"SUI, UKR",UKR: 2026 - Luxembourg Open (5 results),Valeriia Horanska: not found 2027-2025,,,,,,
athlete_country_c49b4971426d4280,high,possible_athlete_country_change,Yannick Worring,WAG,Yannick Worring,GER,,"GER, PER",PER: 2026 - 1st Spanish League (2 results); 2026 - Pan American Championships (2 results),Yannick Worring: not found 2027-2025,,,,,,
athlete_country_04f82fd9d372d5cb,high,possible_athlete_country_change,Yliana Ndiaye,WAG,Yliana Ndiaye,FRA,,"FRA, SEN",SEN: 2026 - African Championships (5 results),Yliana Ndiaye: not found 2027-2025,,,,,,
athlete_match_dda05fa80a968262,medium,possible_existing_athlete_match,Abu Saeed Rafi,MAG,Saeed Rafi Abu,BAN,1.0,"BAN, BAN",BAN: 2026 - Asian Championships (3 results); 2026 - Singapore Open (1 results),Abu Saeed Rafi: not found 2027-2025 | Saeed Rafi Abu: not found 2027-2025,accept_suggestion,same_country_review_reuse,merge as same athlete,,,Pre-filled from same-country admin decision memory. Country is unchanged; change-country cases still require manual review. Source: 2023 gymternet_2023_existing_athlete_match_review.csv.
athlete_match_fcbe4182afd7fe8a,medium,possible_existing_athlete_match,Al-Harith Rakan,MAG,Rakan Al-Harith,QAT,1.0,"QAT, QAT",QAT: 2026 - Cairo World Cup (1 results); 2026 - Cottbus World Cup (1 results); 2026 - Osijek World Cup (1 results); 2026 - Tashkent Challenge Cup (1 results),Al-Harith Rakan: not found 2027-2025 | Rakan Al-Harith: not found 2027-2025,accept_suggestion,same_country_review_reuse,merge as same athlete,,,Pre-filled from same-country admin decision memory. Country is unchanged; change-country cases still require manual review. Source: 2024 gymternet_2024_existing_athlete_match_review.csv.
athlete_match_641fc1ba41f67abf,medium,possible_existing_athlete_match,Kai Jack Liew,MAG,Jack Liew Kai,MAS,1.0,"MAS, MAS",MAS: 2026 - Asian Championships (4 results),Kai Jack Liew: not found 2027-2025 | Jack Liew Kai: not found 2027-2025,,,,,,
athlete_match_989e3eb688760a2d,medium,possible_existing_athlete_match,Levin Eren,MAG,Eren Levin,GER,1.0,"GER, GER",GER: 2026 - German Junior Championships (5 results),Levin Eren: not found 2027-2025 | Eren Levin: not found 2027-2025,accept_suggestion,same_country_review_reuse,merge as same athlete,,,Pre-filled from same-country admin decision memory. Country is unchanged; change-country cases still require manual review. Source: 2025 gymternet_2025_existing_athlete_match_review.csv.
athlete_match_b575c408c7104680,medium,possible_existing_athlete_match,Maximilian Ernst,MAG,Ernst Maximilian,GER,1.0,"GER, GER",GER: 2026 - German Junior Championships (5 results),Maximilian Ernst: not found 2027-2025 | Ernst Maximilian: not found 2027-2025,accept_suggestion,same_country_review_reuse,merge as same athlete,,,Pre-filled from same-country admin decision memory. Country is unchanged; change-country cases still require manual review. Source: 2025 gymternet_2025_existing_athlete_match_review.csv.
athlete_match_a650b65565cb8675,medium,possible_existing_athlete_match,Nikita Loran,MAG,Loran Nikita,GER,1.0,"GER, GER",GER: 2026 - German Junior Championships (5 results),Nikita Loran: not found 2027-2025 | Loran Nikita: not found 2027-2025,accept_suggestion,same_country_review_reuse,merge as same athlete,,,Pre-filled from same-country admin decision memory. Country is unchanged; change-country cases still require manual review. Source: 2024 gymternet_2024_existing_athlete_match_review.csv.
athlete_match_1dedbe27301affbd,medium,possible_existing_athlete_match,Phinyo Brick,MAG,Brick Phinyo,GER,1.0,"GER, GER",GER: 2026 - International Junior Team Cup (5 results),Phinyo Brick: not found 2027-2025 | Brick Phinyo: not found 2027-2025,accept_suggestion,same_country_review_reuse,merge as same athlete,,,Pre-filled from same-country admin decision memory. Country is unchanged; change-country cases still require manual review. Source: 2025 gymternet_2025_existing_athlete_match_review.csv.
athlete_match_e4c6efe5f1fbca86,medium,possible_existing_athlete_match,Pier-Olivier Julien,MAG,Julien Pier-Olivier,CAN,1.0,"CAN, CAN",CAN: 2026 - Canadian Championships (5 results),Pier-Olivier Julien: not found 2027-2025 | Julien Pier-Olivier: not found 2027-2025,accept_suggestion,same_country_review_reuse,merge as same athlete,,,Pre-filled from same-country admin decision memory. Country is unchanged; change-country cases still require manual review. Source: 2025 gymternet_2025_existing_athlete_match_review.csv.
athlete_match_6d1e818dd85c53a6,medium,possible_existing_athlete_match,Radek Cermak,MAG,Cermak Radek,CZE,1.0,"CZE, CZE",CZE: 2026 - Czech Championships (5 results),Radek Cermak: not found 2027-2025 | Cermak Radek: not found 2027-2025,accept_suggestion,same_country_review_reuse,merge as same athlete,,,Pre-filled from same-country admin decision memory. Country is unchanged; change-country cases still require manual review. Source: 2025 gymternet_2025_existing_athlete_match_review.csv.
athlete_match_2905f0bd061cc0f8,medium,possible_existing_athlete_match,Shishir Ahmed,MAG,Ahmed Shishir,BAN,1.0,"BAN, BAN",BAN: 2026 - Asian Championships (4 results); 2026 - Singapore Open (1 results),Shishir Ahmed: not found 2027-2025 | Ahmed Shishir: not found 2027-2025,accept_suggestion,same_country_review_reuse,merge as same athlete,,,Pre-filled from same-country admin decision memory. Country is unchanged; change-country cases still require manual review. Source: 2022 gymternet_2022_existing_athlete_match_review.csv.
athlete_match_7d490cebbe876416,medium,possible_existing_athlete_match,Sk Nabhigh Ali,MAG,Nabhigh Ali Sk,IND,1.0,"IND, IND",IND: 2026 - Asian Championships (3 results),Sk Nabhigh Ali: not found 2027-2025 | Nabhigh Ali Sk: not found 2027-2025,,,,,,
athlete_match_069a8f9c947a68d6,medium,possible_existing_athlete_match,Suphacheep Baobenmad,MAG,Baobenmad Suphacheep,THA,1.0,"THA, THA",THA: 2026 - Asian Championships (5 results),Suphacheep Baobenmad: not found 2027-2025 | Baobenmad Suphacheep: not found 2027-2025,accept_suggestion,same_country_review_reuse,merge as same athlete,,,Pre-filled from same-country admin decision memory. Country is unchanged; change-country cases still require manual review. Source: 2025 gymternet_2025_existing_athlete_match_review.csv.
athlete_match_78ee7c25287b92a4,medium,possible_existing_athlete_match,Sviatoslav Shved,MAG,Shved Sviatoslav,UKR,1.0,"UKR, UKR",UKR: 2026 - Osijek World Cup (3 results); 2026 - Varna Challenge Cup (2 results),Sviatoslav Shved: not found 2027-2025 | Shved Sviatoslav: not found 2027-2025,accept_suggestion,same_country_review_reuse,merge as same athlete,,,Pre-filled from same-country admin decision memory. Country is unchanged; change-country cases still require manual review. Source: 2025 gymternet_2025_existing_athlete_match_review.csv.
athlete_match_0d02d1efffea39d3,medium,possible_existing_athlete_match,Taiga Baba,MAG,Baba Taiga,JPN,1.0,"JPN, JPN",JPN: 2026 - Liukin Invitational (5 results),Taiga Baba: not found 2027-2025 | Baba Taiga: not found 2027-2025,,,,,,
athlete_match_e7b69148c62d031f,medium,possible_existing_athlete_match,Zeno Csuka,MAG,Csuka Zeno,GER,1.0,"GER, GER",GER: 2026 - International Junior Team Cup (5 results),Zeno Csuka: not found 2027-2025 | Csuka Zeno: not found 2027-2025,accept_suggestion,same_country_review_reuse,merge as same athlete,,,Pre-filled from same-country admin decision memory. Country is unchanged; change-country cases still require manual review. Source: 2025 gymternet_2025_existing_athlete_match_review.csv.
athlete_match_197a795e9f2d0f31,medium,possible_existing_athlete_match,Achta Derib,WAG,Derib Achta,CHA,1.0,"CHA, CHA",CHA: 2026 - 2nd Spanish League (1 results),Achta Derib: not found 2027-2025 | Derib Achta: not found 2027-2025,accept_suggestion,same_country_review_reuse,merge as same athlete,,,Pre-filled from same-country admin decision memory. Country is unchanged; change-country cases still require manual review. Source: 2025 gymternet_2025_existing_athlete_match_review.csv.
athlete_match_0a4c94226f136899,high,possible_existing_athlete_match,Frederik Davies-Vaneetvelde,MAG,Frederick Davies-Vaneetvelde,IRL,0.982,"IRL, RSA",RSA: 2026 - Unni & Haralds Trophy (5 results),Frederik Davies-Vaneetvelde: not found 2027-2025 | Frederick Davies-Vaneetvelde: not found 2027-2025,,,,,,
athlete_match_ff2d860a748bebb1,medium,possible_existing_athlete_match,Emanuele Mastrostefan,MAG,Emanuele Mastrostefano,ITA,0.977,"ITA, ITA",ITA: 2026 - 2nd Italian Serie A (5 results),Emanuele Mastrostefan: not found 2027-2025 | Emanuele Mastrostefano: not found 2027-2025,,,,,,
athlete_match_0bfd2482deb3d541,medium,possible_existing_athlete_match,Rubens Bourges Correia,MAG,Rubens Borges Correia,FRA,0.977,"FRA, FRA",FRA: 2026 - Top 12 Series 3 (1 results),Rubens Bourges Correia: not found 2027-2025 | Rubens Borges Correia: not found 2027-2025,,,,,,
athlete_match_705914dc38e3eb1b,medium,possible_existing_athlete_match,Constanza Galfrascoli,WAG,Constanza Galfranscoli,ARG,0.977,"ARG, ARG",ARG: 2026 - Luxembourg Open (4 results),Constanza Galfrascoli: not found 2027-2025 | Constanza Galfranscoli: not found 2027-2025,accept_suggestion,same_country_review_reuse,merge as same athlete,,,Pre-filled from same-country admin decision memory. Country is unchanged; change-country cases still require manual review. Source: 2025 gymternet_2025_existing_athlete_match_review.csv.
athlete_match_9cddd5abb03294a8,medium,possible_existing_athlete_match,Kenza Ben Abderramane,WAG,Kenza Ben Abderrahmane,AUT,0.977,"AUT, AUT",AUT: 2026 - Elek Matolay Memorial (5 results),Kenza Ben Abderramane: not found 2027-2025 | Kenza Ben Abderrahmane: not found 2027-2025,,,,,,
athlete_match_236d28ed1200186c,medium,possible_existing_athlete_match,Wessel van de Sande,MAG,Wessel van der Sande,NED,0.974,"NED, NED",NED: 2026 - Dutch Championships (3 results),Wessel van de Sande: not found 2027-2025 | Wessel van der Sande: not found 2027-2025,accept_suggestion,same_country_review_reuse,merge as same athlete,,,Pre-filled from same-country admin decision memory. Country is unchanged; change-country cases still require manual review. Source: 2025 gymternet_2025_existing_athlete_match_review.csv.
athlete_match_a77eeb73faaab340,medium,possible_existing_athlete_match,Nika Kukuljan Frleta,WAG,Nika Kukljan Frleta,CRO,0.974,"CRO, CRO",CRO: 2026 - Salamunov Memorial (3 results),Nika Kukuljan Frleta: not found 2027-2025 | Nika Kukljan Frleta: not found 2027-2025,accept_suggestion,same_country_review_reuse,merge as same athlete,,,Pre-filled from same-country admin decision memory. Country is unchanged; change-country cases still require manual review. Source: 2025 gymternet_2025_existing_athlete_match_review.csv.
athlete_match_2de10d103fac6ba7,medium,possible_existing_athlete_match,Daniel Winterborne,MAG,Daniel Winterbourne,GBR,0.973,"GBR, GBR",GBR: 2026 - English Championships (5 results),Daniel Winterborne: not found 2027-2025 | Daniel Winterbourne: not found 2027-2025,accept_suggestion,same_country_review_reuse,merge as same athlete,,,Pre-filled from same-country admin decision memory. Country is unchanged; change-country cases still require manual review. Source: 2025 gymternet_2025_existing_athlete_match_review.csv.
athlete_match_237f316c3b5ef9d2,medium,possible_existing_athlete_match,Justine Ace de Leon,MAG,Justine Ace Deleon,PHI,0.973,"PHI, PHI",PHI: 2026 - Asian Championships (3 results); 2026 - Cairo World Cup (1 results),Justine Ace de Leon: not found 2027-2025 | Justine Ace Deleon: not found 2027-2025,accept_suggestion,same_country_review_reuse,merge as same athlete,,,Pre-filled from same-country admin decision memory. Country is unchanged; change-country cases still require manual review. Source: 2025 gymternet_2025_existing_athlete_match_review.csv.
athlete_match_b73f83cc6ec6ab66,medium,possible_existing_athlete_match,Miryusif Ahmadzada,MAG,Miriyusif Ahmadzada,AZE,0.973,"AZE, AZE",AZE: 2026 - AGF Trophy (4 results),Miryusif Ahmadzada: not found 2027-2025 | Miriyusif Ahmadzada: not found 2027-2025,,,,,,
athlete_match_bbbe9d83c4b68351,medium,possible_existing_athlete_match,Riquelme Wajawakana,MAG,Riquelme Wajwakana,NED,0.973,"NED, NED",NED: 2026 - International Junior Team Cup (5 results),Riquelme Wajawakana: not found 2027-2025 | Riquelme Wajwakana: not found 2027-2025,,,,,,
athlete_match_8ecf26854ee7e962,medium,possible_existing_athlete_match,Victoriane Charron,WAG,Victorianne Charron,CAN,0.973,"CAN, CAN",CAN: 2026 - International Gymnix (5 results),Victoriane Charron: not found 2027-2025 | Victorianne Charron: not found 2027-2025,accept_suggestion,same_country_review_reuse,merge as same athlete,,,Pre-filled from same-country admin decision memory. Country is unchanged; change-country cases still require manual review. Source: 2025 gymternet_2025_existing_athlete_match_review.csv.
athlete_match_c4c5002db532bb1e,medium,possible_existing_athlete_match,Nikita Kolesnikov,MAG,Nikita Kolyesnikov,RUS,0.971,"RUS, RUS",RUS: 2026 - Russian Cup (5 results),Nikita Kolesnikov: not found 2027-2025 | Nikita Kolyesnikov: not found 2027-2025,accept_suggestion,same_country_review_reuse,merge as same athlete,,,Pre-filled from same-country admin decision memory. Country is unchanged; change-country cases still require manual review. Source: 2025 gymternet_2025_existing_athlete_match_review.csv.
athlete_match_2b53ace1c890e9cf,medium,possible_existing_athlete_match,Victor Tournicourt,MAG,Victor Tounicourt,BEL,0.971,"BEL, BEL",BEL: 2026 - Belgian Championships (5 results),Victor Tournicourt: not found 2027-2025 | Victor Tounicourt: not found 2027-2025,accept_suggestion,same_country_review_reuse,merge as same athlete,,,Pre-filled from same-country admin decision memory. Country is unchanged; change-country cases still require manual review. Source: 2025 gymternet_2025_existing_athlete_match_review.csv.
athlete_match_ff8d6592919b2b34,medium,possible_existing_athlete_match,Anamaria Mihaescu,WAG,Ana Maria Mihaescu,ROU,0.971,"ROU, ROU",ROU: 2026 - 2nd Italian Serie A (5 results),Anamaria Mihaescu: not found 2027-2025 | Ana Maria Mihaescu: not found 2027-2025,accept_suggestion,same_country_review_reuse,merge as same athlete,,,Pre-filled from same-country admin decision memory. Country is unchanged; change-country cases still require manual review. Source: 2025 gymternet_2025_existing_athlete_match_review.csv.
athlete_match_239ef6882e924b0d,medium,possible_existing_athlete_match,Charlie Radencich,WAG,Charlise Radencich,CAN,0.971,"CAN, CAN",CAN: 2026 - Canadian Championships (5 results),Charlie Radencich: not found 2027-2025 | Charlise Radencich: not found 2027-2025,,,,,,
athlete_match_08d9d257627a6ae1,medium,possible_existing_athlete_match,Helena Olyslaegers,WAG,Helena Olyslagers,BEL,0.971,"BEL, BEL",BEL: 2026 - Belgian Championships (5 results),Helena Olyslaegers: not found 2027-2025 | Helena Olyslagers: not found 2027-2025,accept_suggestion,same_country_review_reuse,merge as same athlete,,,Pre-filled from same-country admin decision memory. Country is unchanged; change-country cases still require manual review. Source: 2025 gymternet_2025_existing_athlete_match_review.csv.
athlete_match_c70346ada85e0efc,medium,possible_existing_athlete_match,Philippa Busuttil,WAG,Phillippa Busuttil,MLT,0.971,"MLT, MLT",MLT: 2026 - City of Jesolo Trophy (5 results),Philippa Busuttil: not found 2027-2025 | Phillippa Busuttil: not found 2027-2025,accept_suggestion,same_country_review_reuse,merge as same athlete,,,Pre-filled from same-country admin decision memory. Country is unchanged; change-country cases still require manual review. Source: 2025 gymternet_2025_existing_athlete_match_review.csv.
athlete_match_eadb934e33b686d5,medium,possible_existing_athlete_match,Asgeir Asgeirson,MAG,Asgeir Asgeirsson,ISL,0.97,"ISL, ISL",ISL: 2026 - Icelandic Championships (5 results),Asgeir Asgeirson: not found 2027-2025 | Asgeir Asgeirsson: not found 2027-2025,,,,,,
athlete_match_57c399e2c25765e4,medium,possible_existing_athlete_match,Denis Brusenskiy,MAG,Denis Brusyenskiy,RUS,0.97,"RUS, RUS",RUS: 2026 - Russian Cup (5 results),Denis Brusenskiy: not found 2027-2025 | Denis Brusyenskiy: not found 2027-2025,accept_suggestion,same_country_review_reuse,merge as same athlete,,,Pre-filled from same-country admin decision memory. Country is unchanged; change-country cases still require manual review. Source: 2025 gymternet_2025_existing_athlete_match_review.csv.
athlete_match_07a0e8818f7df60c,medium,possible_existing_athlete_match,Mardan Duissenbek,MAG,Mardan Duisenbek,KAZ,0.97,"KAZ, KAZ",KAZ: 2026 - DTB Pokal Team Challenge (5 results),Mardan Duissenbek: not found 2027-2025 | Mardan Duisenbek: not found 2027-2025,,,,,,
athlete_match_caa0fcc1e2b23a17,medium,possible_existing_athlete_match,Tapeswaranath Das,MAG,Tapeswarnath Das,IND,0.97,"IND, IND",IND: 2026 - Asian Championships (3 results),Tapeswaranath Das: not found 2027-2025 | Tapeswarnath Das: not found 2027-2025,accept_suggestion,same_country_review_reuse,merge as same athlete,,,Pre-filled from same-country admin decision memory. Country is unchanged; change-country cases still require manual review. Source: 2025 gymternet_2025_existing_athlete_match_review.csv.
athlete_match_027dbb3ebc66b165,medium,possible_existing_athlete_match,Almog Leizerovich,WAG,Almog Leizrovich,ISR,0.97,"ISR, ISR",ISR: 2026 - Elek Matolay Memorial (5 results),Almog Leizerovich: not found 2027-2025 | Almog Leizrovich: not found 2027-2025,accept_suggestion,same_country_review_reuse,merge as same athlete,,,Pre-filled from same-country admin decision memory. Country is unchanged; change-country cases still require manual review. Source: 2025 gymternet_2025_existing_athlete_match_review.csv.
athlete_match_3b3af1dd51ff7289,medium,possible_existing_athlete_match,Sirine Abouelhoda,WAG,Sirine Aboulhoda,EGY,0.97,"EGY, EGY",EGY: 2026 - African Championships (5 results),Sirine Abouelhoda: not found 2027-2025 | Sirine Aboulhoda: not found 2027-2025,accept_suggestion,same_country_review_reuse,merge as same athlete,,,Pre-filled from same-country admin decision memory. Country is unchanged; change-country cases still require manual review. Source: 2025 gymternet_2025_existing_athlete_match_review.csv.
athlete_match_693d1b33f7b5121e,medium,possible_existing_athlete_match,Daniils Lepuhovs,MAG,Danils Lepuhovs,LAT,0.968,"LAT, LAT",LAT: 2026 - Tiger Cup (5 results),Daniils Lepuhovs: not found 2027-2025 | Danils Lepuhovs: not found 2027-2025,,,,,,
athlete_match_26faf408650b88b5,medium,possible_existing_athlete_match,Kirill Prokopiev,MAG,Kirill Prokopev,RUS,0.968,"RUS, RUS",RUS: 2026 - Russian Championships (5 results),Kirill Prokopiev: not found 2027-2025 | Kirill Prokopev: not found 2027-2025,accept_suggestion,same_country_review_reuse,merge as same athlete,,,Pre-filled from same-country admin decision memory. Country is unchanged; change-country cases still require manual review. Source: 2025 gymternet_2025_existing_athlete_match_review.csv.
athlete_match_e4b61de1843ec1ad,medium,possible_existing_athlete_match,Ruddy O'Sullivan,MAG,Rudy O'Sullivan,IRL,0.968,"IRL, IRL",IRL: 2026 - Irish Championships (5 results),Ruddy O'Sullivan: not found 2027-2025 | Rudy O'Sullivan: not found 2027-2025,,,,,,
athlete_match_5a0fba40222f4fe3,medium,possible_existing_athlete_match,Satyajit Mondal,MAG,Satyatjit Mondal,IND,0.968,"IND, IND",IND: 2026 - Asian Championships (5 results),Satyajit Mondal: not found 2027-2025 | Satyatjit Mondal: not found 2027-2025,accept_suggestion,same_country_review_reuse,merge as same athlete,,,Pre-filled from same-country admin decision memory. Country is unchanged; change-country cases still require manual review. Source: 2022 gymternet_2022_existing_athlete_match_review.csv.
athlete_match_8e19caf3ea92093e,medium,possible_existing_athlete_match,Shoma Tsukiyama,MAG,Shouma Tsukiyama,JPN,0.968,"JPN, JPN",JPN: 2026 - All-Japan Championships (5 results),Shoma Tsukiyama: not found 2027-2025 | Shouma Tsukiyama: not found 2027-2025,accept_suggestion,same_country_review_reuse,merge as same athlete,,,Pre-filled from same-country admin decision memory. Country is unchanged; change-country cases still require manual review. Source: 2025 gymternet_2025_existing_athlete_match_review.csv.
athlete_match_3f020370a83fd858,medium,possible_existing_athlete_match,Anastassia Pascu,WAG,Anastasia Pascu,SUI,0.968,"SUI, SUI",SUI: 2026 - Luxembourg Open (5 results),Anastassia Pascu: not found 2027-2025 | Anastasia Pascu: not found 2027-2025,accept_suggestion,same_country_review_reuse,merge as same athlete,,,Pre-filled from same-country admin decision memory. Country is unchanged; change-country cases still require manual review. Source: 2025 gymternet_2025_existing_athlete_match_review.csv.
athlete_match_351c978c52bd995f,medium,possible_existing_athlete_match,Yulia Nikolaeva,WAG,Yulia Nikolayeva,RUS,0.968,"RUS, RUS",RUS: 2026 - Russian Cup (5 results),Yulia Nikolaeva: not found 2027-2025 | Yulia Nikolayeva: not found 2027-2025,accept_suggestion,same_country_review_reuse,merge as same athlete,,,Pre-filled from same-country admin decision memory. Country is unchanged; change-country cases still require manual review. Source: 2025 gymternet_2025_existing_athlete_match_review.csv.
athlete_match_2332a345356d2175,medium,possible_existing_athlete_match,Antton Villonen,MAG,Anton Villonen,FIN,0.966,"FIN, FIN",FIN: 2026 - Finnish Championships (5 results),Antton Villonen: not found 2027-2025 | Anton Villonen: not found 2027-2025,accept_suggestion,same_country_review_reuse,merge as same athlete,,,Pre-filled from same-country admin decision memory. Country is unchanged; change-country cases still require manual review. Source: 2025 gymternet_2025_existing_athlete_match_review.csv.
athlete_match_2d819f26f8020fb0,medium,possible_existing_athlete_match,Armann Andrason,MAG,Arman Andrason,ISL,0.966,"ISL, ISL",ISL: 2026 - Icelandic Championships (2 results),Armann Andrason: not found 2027-2025 | Arman Andrason: not found 2027-2025,accept_suggestion,same_country_review_reuse,merge as same athlete,,,Pre-filled from same-country admin decision memory. Country is unchanged; change-country cases still require manual review. Source: 2025 gymternet_2025_existing_athlete_match_review.csv.
athlete_match_5f422cc5b9bebe77,medium,possible_existing_athlete_match,David Melonyan,MAG,David Melkonyan,RUS,0.966,"RUS, RUS",RUS: 2026 - Russian Junior Team Championships (2 results),David Melonyan: not found 2027-2025 | David Melkonyan: not found 2027-2025,,,,,,
athlete_match_b8d1ee562bb6961f,medium,possible_existing_athlete_match,Edward Gonzales,MAG,Edwar Gonzales,PER,0.966,"PER, PER",PER: 2026 - Pan American Championships (5 results),Edward Gonzales: not found 2027-2025 | Edwar Gonzales: not found 2027-2025,accept_suggestion,same_country_review_reuse,merge as same athlete,,,Pre-filled from same-country admin decision memory. Country is unchanged; change-country cases still require manual review. Source: 2023 gymternet_2023_existing_athlete_match_review.csv.
athlete_match_24b8a8dffa015baa,medium,possible_existing_athlete_match,Igor Grunichev,MAG,Igor Grunichyev,RUS,0.966,"RUS, RUS",RUS: 2026 - Russian Cup (3 results),Igor Grunichev: not found 2027-2025 | Igor Grunichyev: not found 2027-2025,accept_suggestion,same_country_review_reuse,merge as same athlete,,,Pre-filled from same-country admin decision memory. Country is unchanged; change-country cases still require manual review. Source: 2024 gymternet_2024_existing_athlete_match_review.csv.
athlete_match_aac3897a0971df73,medium,possible_existing_athlete_match,Jakson Kurecki,MAG,Jackson Kurecki,USA,0.966,"USA, USA",USA: 2026 - DTB Pokal Team Challenge (1 results); 2026 - Winter Cup (4 results),Jakson Kurecki: not found 2027-2025 | Jackson Kurecki: not found 2027-2025,accept_suggestion,same_country_review_reuse,merge as same athlete,,,Pre-filled from same-country admin decision memory. Country is unchanged; change-country cases still require manual review. Source: 2025 gymternet_2025_existing_athlete_match_review.csv.
athlete_match_f1f5b4665b540bb5,medium,possible_existing_athlete_match,Leonid Yeliseev,MAG,Leonid Eliseev,RUS,0.966,"RUS, RUS",RUS: 2026 - Russian Junior Team Championships (5 results),Leonid Yeliseev: not found 2027-2025 | Leonid Eliseev: not found 2027-2025,accept_suggestion,same_country_review_reuse,merge as same athlete,,,Pre-filled from same-country admin decision memory. Country is unchanged; change-country cases still require manual review. Source: 2025 gymternet_2025_existing_athlete_match_review.csv.
athlete_match_1266ce9a3227bdb8,medium,possible_existing_athlete_match,Niko Nevscanin,MAG,Niko Nevescanin,CRO,0.966,"CRO, CRO",CRO: 2026 - International Budapest Junior Cup (1 results),Niko Nevscanin: not found 2027-2025 | Niko Nevescanin: not found 2027-2025,,,,,,
athlete_match_9d34ed55c2227669,medium,possible_existing_athlete_match,Saveliy Saurin,MAG,Saveeliy Saurin,RUS,0.966,"RUS, RUS",RUS: 2026 - Russian Junior Team Championships (2 results),Saveliy Saurin: not found 2027-2025 | Saveeliy Saurin: not found 2027-2025,accept_suggestion,same_country_review_reuse,merge as same athlete,,,Pre-filled from same-country admin decision memory. Country is unchanged; change-country cases still require manual review. Source: 2025 gymternet_2025_existing_athlete_match_review.csv.
athlete_match_5cc1567232bacea7,medium,possible_existing_athlete_match,Yoav Arie Meir,MAG,Yoav Arie Meier,ISR,0.966,"ISR, ISR",ISR: 2026 - International Budapest Junior Cup (2 results),Yoav Arie Meir: not found 2027-2025 | Yoav Arie Meier: not found 2027-2025,,,,,,
athlete_match_3362041127cbb080,medium,possible_existing_athlete_match,Ariadna Piella,WAG,Ariadna Piellas,ESP,0.966,"ESP, ESP",ESP: 2026 - 1st Spanish League (1 results); 2026 - 2nd Spanish League (3 results); 2026 - Spanish League Final (1 results),Ariadna Piella: not found 2027-2025 | Ariadna Piellas: not found 2027-2025,accept_suggestion,same_country_review_reuse,merge as same athlete,,,Pre-filled from same-country admin decision memory. Country is unchanged; change-country cases still require manual review. Source: 2025 gymternet_2025_existing_athlete_match_review.csv.
athlete_match_6490407e783a450f,medium,possible_existing_athlete_match,Jazmine Mendive,WAG,Jazmin Mendive,ESP,0.966,"ESP, ESP",ESP: 2026 - 1st Spanish League (2 results),Jazmine Mendive: not found 2027-2025 | Jazmin Mendive: not found 2027-2025,,,,,,
athlete_match_2d809403866c2d55,medium,possible_existing_athlete_match,Leila Vasilieva,WAG,Leila Vasileva,RUS,0.966,"RUS, RUS",RUS: 2026 - Cottbus World Cup (1 results); 2026 - Russian Championships (4 results),Leila Vasilieva: not found 2027-2025 | Leila Vasileva: not found 2027-2025,accept_suggestion,same_country_review_reuse,merge as same athlete,,,Pre-filled from same-country admin decision memory. Country is unchanged; change-country cases still require manual review. Source: 2025 gymternet_2025_existing_athlete_match_review.csv.
athlete_match_5d2c8567be43d524,medium,possible_existing_athlete_match,Mackenzie Grant,WAG,Makenzie Grant,CAN,0.966,"CAN, CAN",CAN: 2026 - Canadian Championships (5 results),Mackenzie Grant: not found 2027-2025 | Makenzie Grant: not found 2027-2025,accept_suggestion,same_country_review_reuse,merge as same athlete,,,Pre-filled from same-country admin decision memory. Country is unchanged; change-country cases still require manual review. Source: 2025 gymternet_2025_existing_athlete_match_review.csv.
athlete_match_15adf6f5ff48d9c8,medium,possible_existing_athlete_match,Ruddly Bordelais Maisonnable,MAG,Ruddly Bordelais-Maisonnable,FRA,0.964,"FRA, FRA",FRA: 2026 - International Budapest Junior Cup (5 results),Ruddly Bordelais Maisonnable: not found 2027-2025 | Ruddly Bordelais-Maisonnable: not found 2027-2025,accept_suggestion,same_country_review_reuse,merge as same athlete,,,Pre-filled from same-country admin decision memory. Country is unchanged; change-country cases still require manual review. Source: 2025 gymternet_2025_existing_athlete_match_review.csv.
athlete_match_9e849848a272a872,medium,possible_existing_athlete_match,Alessio Corda,MAG,Allessio Corda,BEL,0.963,"BEL, BEL",BEL: 2026 - Belgian Championships (5 results),Alessio Corda: not found 2027-2025 | Allessio Corda: not found 2027-2025,accept_suggestion,same_country_review_reuse,merge as same athlete,,,Pre-filled from same-country admin decision memory. Country is unchanged; change-country cases still require manual review. Source: 2025 gymternet_2025_existing_athlete_match_review.csv.
athlete_match_f6f624d5eb0f6c88,medium,possible_existing_athlete_match,Andra Montoli,MAG,Andrea Montoli,ITA,0.963,"ITA, ITA",ITA: 2026 - Champion's Cup (3 results),Andra Montoli: not found 2027-2025 | Andrea Montoli: not found 2027-2025,,,,,,
athlete_match_0e6aca8f95fc43b4,medium,possible_existing_athlete_match,Arne Seppänen,MAG,Aarne Seppänen,FIN,0.963,"FIN, FIN",FIN: 2026 - International Junior Team Cup (5 results),Arne Seppänen: not found 2027-2025 | Aarne Seppänen: not found 2027-2025,,,,,,
athlete_match_e3fe92015edca0c1,medium,possible_existing_athlete_match,August Gamkinn,MAG,August Gamkin,NOR,0.963,"NOR, NOR",NOR: 2026 - Norwegian Championships (5 results),August Gamkinn: not found 2027-2025 | August Gamkin: not found 2027-2025,accept_suggestion,same_country_review_reuse,merge as same athlete,,,Pre-filled from same-country admin decision memory. Country is unchanged; change-country cases still require manual review. Source: 2025 gymternet_2025_existing_athlete_match_review.csv.
athlete_match_9e44ef6c7910237a,medium,possible_existing_athlete_match,Deano Roberts,MAG,Dean-o Roberts,USA,0.963,"USA, USA",USA: 2026 - NCAA Week 1 (1 results); 2026 - Rocky Mountain Open (1 results); 2026 - U.S. Men's National Qualifier (3 results),Deano Roberts: not found 2027-2025 | Dean-o Roberts: not found 2027-2025,accept_suggestion,same_country_review_reuse,merge as same athlete,,,Pre-filled from same-country admin decision memory. Country is unchanged; change-country cases still require manual review. Source: 2025 gymternet_2025_existing_athlete_match_review.csv.
athlete_match_54ca5d1f5d467ba9,medium,possible_existing_athlete_match,Gabriel Solar,MAG,Gabrijel Solar,CRO,0.963,"CRO, CRO",CRO: 2026 - International Budapest Junior Cup (2 results); 2026 - Salamunov Memorial (3 results),Gabriel Solar: not found 2027-2025 | Gabrijel Solar: not found 2027-2025,accept_suggestion,same_country_review_reuse,merge as same athlete,,,Pre-filled from same-country admin decision memory. Country is unchanged; change-country cases still require manual review. Source: 2025 gymternet_2025_existing_athlete_match_review.csv.
athlete_match_3ae3d0bae1c35db5,medium,possible_existing_athlete_match,Illia Yarusko,MAG,Illia Yarushko,POR,0.963,"POR, POR",POR: 2026 - International GymSport (5 results),Illia Yarusko: not found 2027-2025 | Illia Yarushko: not found 2027-2025,,,,,,
athlete_match_50446e3b968861f6,medium,possible_existing_athlete_match,Jedidiah Lewis,MAG,Jedidah Lewis,GBR,0.963,"GBR, GBR",GBR: 2026 - British Championships (5 results),Jedidiah Lewis: not found 2027-2025 | Jedidah Lewis: not found 2027-2025,accept_suggestion,same_country_review_reuse,merge as same athlete,,,Pre-filled from same-country admin decision memory. Country is unchanged; change-country cases still require manual review. Source: 2025 gymternet_2025_existing_athlete_match_review.csv.
athlete_match_e7b78d0d2a749900,medium,possible_existing_athlete_match,Shin Donghyen,MAG,Shin Dong-hyen,KOR,0.963,"KOR, KOR",KOR: 2026 - Singapore Open (3 results),Shin Donghyen: not found 2027-2025 | Shin Dong-hyen: not found 2027-2025,accept_suggestion,same_country_review_reuse,merge as same athlete,,,Pre-filled from same-country admin decision memory. Country is unchanged; change-country cases still require manual review. Source: 2024 gymternet_2024_existing_athlete_match_review.csv.
athlete_match_9e9b8165fede8028,medium,possible_existing_athlete_match,Emma Sneesens,WAG,Emma Sneessens,BEL,0.963,"BEL, BEL",BEL: 2026 - International Gymnix (5 results),Emma Sneesens: not found 2027-2025 | Emma Sneessens: not found 2027-2025,,,,,,
athlete_match_c344b3b0bc0c1b92,medium,possible_existing_athlete_match,Eva Villanova,WAG,Elva Villanova,ESP,0.963,"ESP, ESP",ESP: 2026 - 1st Spanish League (5 results),Eva Villanova: not found 2027-2025 | Elva Villanova: not found 2027-2025,accept_suggestion,same_country_review_reuse,merge as same athlete,,,Pre-filled from same-country admin decision memory. Country is unchanged; change-country cases still require manual review. Source: 2025 gymternet_2025_existing_athlete_match_review.csv.
athlete_match_236f5c2db00dfc6a,medium,possible_existing_athlete_match,Maria Heimann,WAG,Maria Heitmann,GER,0.963,"GER, GER",GER: 2026 - Pre-Olympic Youth Cup (5 results),Maria Heimann: not found 2027-2025 | Maria Heitmann: not found 2027-2025,,,,,,
athlete_match_e925f89914951b4b,medium,possible_existing_athlete_match,Mélanie De Jesus Dos Santos,WAG,Melanie de Jesus dos Santos,FRA,0.963,"FRA, FRA",FRA: 2026 - French Championships (1 results),Mélanie De Jesus Dos Santos: not found 2027-2025 | Melanie de Jesus dos Santos: not found 2027-2025,accept_suggestion,same_country_review_reuse,merge as same athlete,,,Pre-filled from same-country admin decision memory. Country is unchanged; change-country cases still require manual review. Source: 2024 gymternet_2024_existing_athlete_match_review.csv.
athlete_match_8f6b4397365735bc,medium,possible_existing_athlete_match,Yang Fanyuwei,WAG,Yang Fan Yuwei,CHN,0.963,"CHN, CHN",CHN: 2026 - Chinese Championships (2 results); 2026 - Osijek World Cup (2 results),Yang Fanyuwei: not found 2027-2025 | Yang Fan Yuwei: not found 2027-2025,accept_suggestion,same_country_review_reuse,merge as same athlete,,,Pre-filled from same-country admin decision memory. Country is unchanged; change-country cases still require manual review. Source: 2025 gymternet_2025_existing_athlete_match_review.csv.
athlete_match_b7d152e9756b72d2,medium,possible_existing_athlete_match,Mohammed Haroune Hamadouche,MAG,Mohamed Haroun Hamadouche,ALG,0.962,"ALG, ALG",ALG: 2026 - African Championships (3 results),Mohammed Haroune Hamadouche: not found 2027-2025 | Mohamed Haroun Hamadouche: not found 2027-2025,,,,,,
athlete_match_28ff5bbea31a26f7,medium,possible_existing_athlete_match,Alex Adamcik,MAG,Alex Adamncik,CZE,0.96,"CZE, CZE",CZE: 2026 - Czech Championships (5 results),Alex Adamcik: not found 2027-2025 | Alex Adamncik: not found 2027-2025,accept_suggestion,same_country_review_reuse,merge as same athlete,,,Pre-filled from same-country admin decision memory. Country is unchanged; change-country cases still require manual review. Source: 2025 gymternet_2025_existing_athlete_match_review.csv.
athlete_match_250b32a1bdfeaa6a,medium,possible_existing_athlete_match,Assan Salimov,MAG,Asan Salimov,KAZ,0.96,"KAZ, KAZ",KAZ: 2026 - Varna Challenge Cup (5 results),Assan Salimov: not found 2027-2025 | Asan Salimov: not found 2027-2025,accept_suggestion,same_country_review_reuse,merge as same athlete,,,Pre-filled from same-country admin decision memory. Country is unchanged; change-country cases still require manual review. Source: 2025 gymternet_2025_existing_athlete_match_review.csv.
athlete_match_f6db72f05bb153c5,medium,possible_existing_athlete_match,Daniil Tatru,MAG,Daniil Tataru,RUS,0.96,"RUS, RUS",RUS: 2026 - Russian Cup (5 results),Daniil Tatru: not found 2027-2025 | Daniil Tataru: not found 2027-2025,,,,,,
athlete_match_7bbe92164dcaf1d8,medium,possible_existing_athlete_match,Lukas Nielsen,MAG,Lukas Nilsen,NOR,0.96,"NOR, NOR",NOR: 2026 - Norwegian Championships (5 results),Lukas Nielsen: not found 2027-2025 | Lukas Nilsen: not found 2027-2025,,,,,,
athlete_match_14125c1f7ee5b207,medium,possible_existing_athlete_match,Mahir Salimov,MAG,Mahir Alimov,AZE,0.96,"AZE, AZE",AZE: 2026 - DTB Pokal Team Challenge (5 results),Mahir Salimov: not found 2027-2025 | Mahir Alimov: not found 2027-2025,,,,,,
athlete_match_98d4824fbd308c57,medium,possible_existing_athlete_match,Martin Flores,MAG,Marti Flores,ESP,0.96,"ESP, ESP",ESP: 2026 - Luxembourg Open (5 results),Martin Flores: not found 2027-2025 | Marti Flores: not found 2027-2025,accept_suggestion,same_country_review_reuse,merge as same athlete,,,Pre-filled from same-country admin decision memory. Country is unchanged; change-country cases still require manual review. Source: 2021 gymternet_2021_existing_athlete_match_review.csv.
athlete_match_fecb6fb75e774f22,medium,possible_existing_athlete_match,Meng Xianggao,MAG,Meng Xiangao,CHN,0.96,"CHN, CHN",CHN: 2026 - Chinese Championships (1 results),Meng Xianggao: not found 2027-2025 | Meng Xiangao: not found 2027-2025,accept_suggestion,same_country_review_reuse,merge as same athlete,,,Pre-filled from same-country admin decision memory. Country is unchanged; change-country cases still require manual review. Source: 2024 gymternet_2024_existing_athlete_match_review.csv.
athlete_match_e483abc3800afa29,medium,possible_existing_athlete_match,Misha Tinhev,MAG,Misha Tinhaev,IRL,0.96,"IRL, IRL",IRL: 2026 - Irish Championships (5 results),Misha Tinhev: not found 2027-2025 | Misha Tinhaev: not found 2027-2025,,,,,,
athlete_match_08518143bce5fcf9,medium,possible_existing_athlete_match,Rafaele Pili,MAG,Raffaele Pili,ITA,0.96,"ITA, ITA",ITA: 2026 - Champion's Cup (5 results),Rafaele Pili: not found 2027-2025 | Raffaele Pili: not found 2027-2025,,,,,,
athlete_match_e16b3a61b7bd9ee3,medium,possible_existing_athlete_match,Rayan Amoura,MAG,Rayane Amoura,ALG,0.96,"ALG, ALG",ALG: 2026 - African Championships (5 results),Rayan Amoura: not found 2027-2025 | Rayane Amoura: not found 2027-2025,,,,,,
athlete_match_f3c163d591e48457,medium,possible_existing_athlete_match,Sergei Golov,MAG,Sergei Goglov,RUS,0.96,"RUS, RUS",RUS: 2026 - Russian Cup (3 results),Sergei Golov: not found 2027-2025 | Sergei Goglov: not found 2027-2025,,,,,,
athlete_match_aa851878b2dafece,medium,possible_existing_athlete_match,Ally Damelio,WAG,Allyn Damelio,USA,0.96,"USA, USA",USA: 2026 - Fuzion National Qualifier (5 results),Ally Damelio: not found 2027-2025 | Allyn Damelio: not found 2027-2025,accept_suggestion,same_country_review_reuse,merge as same athlete,,,Pre-filled from same-country admin decision memory. Country is unchanged; change-country cases still require manual review. Source: 2025 gymternet_2025_existing_athlete_match_review.csv.
athlete_match_e7331742198efce6,medium,possible_existing_athlete_match,Fayah Belkhof,WAG,Fayah Bekhof,NED,0.96,"NED, NED",NED: 2026 - Pre-Olympic Youth Cup (5 results),Fayah Belkhof: not found 2027-2025 | Fayah Bekhof: not found 2027-2025,,,,,,
athlete_match_cf18f62d1f30cfe2,medium,possible_existing_athlete_match,Illinca Suciu,WAG,Ilinca Suciu,ROU,0.96,"ROU, ROU",ROU: 2026 - Romanian Junior Championships (5 results),Illinca Suciu: not found 2027-2025 | Ilinca Suciu: not found 2027-2025,,,,,,
athlete_match_56ed8db548cf0f7a,high,possible_existing_athlete_match,Roisin Hickey,WAG,Rosin Hickey,SLO,0.96,"IRL, SLO",IRL: 2026 - Irish Championships (5 results),Roisin Hickey: not found 2027-2025 | Rosin Hickey: not found 2027-2025,,,,,,
athlete_match_b761dd8ef5ab557c,medium,possible_existing_athlete_match,Sofia Marina,WAG,Sofia Mavrina,RUS,0.96,"RUS, RUS",RUS: 2026 - Russian Junior Team Championships (5 results),Sofia Marina: not found 2027-2025 | Sofia Mavrina: not found 2027-2025,,,,,,
athlete_match_b2fc6539c13fecef,medium,possible_existing_athlete_match,Touwa Matsuda,WAG,Towa Matsuda,JPN,0.96,"JPN, JPN",JPN: 2026 - All-Japan Championships (5 results),Touwa Matsuda: not found 2027-2025 | Towa Matsuda: not found 2027-2025,accept_suggestion,same_country_review_reuse,merge as same athlete,,,Pre-filled from same-country admin decision memory. Country is unchanged; change-country cases still require manual review. Source: 2025 gymternet_2025_existing_athlete_match_review.csv.
athlete_match_8df3a4986806c0b6,medium,possible_existing_athlete_match,Jonah Stoltz,MAG,Jonah Soltz,USA,0.957,"USA, USA",USA: 2026 - NCAA Week 3 (2 results),Jonah Stoltz: not found 2027-2025 | Jonah Soltz: not found 2027-2025,,,,,,
athlete_match_4efd252ed5e45dad,medium,possible_existing_athlete_match,Kahntalo Catoire Tomita,MAG,Kahntalo Catoire-Tomita,FRA,0.957,"FRA, FRA",FRA: 2026 - Top 12 Series 4 (1 results),Kahntalo Catoire Tomita: not found 2027-2025 | Kahntalo Catoire-Tomita: not found 2027-2025,accept_suggestion,same_country_review_reuse,merge as same athlete,,,Pre-filled from same-country admin decision memory. Country is unchanged; change-country cases still require manual review. Source: 2024 gymternet_2024_existing_athlete_match_review.csv.
athlete_match_e52321f6e6c14b2b,medium,possible_existing_athlete_match,Marcel Kiss,MAG,Marcell Kiss,HUN,0.957,"HUN, HUN",HUN: 2026 - Luxembourg Open (5 results),Marcel Kiss: not found 2027-2025 | Marcell Kiss: not found 2027-2025,accept_suggestion,same_country_review_reuse,merge as same athlete,,,Pre-filled from same-country admin decision memory. Country is unchanged; change-country cases still require manual review. Source: 2024 gymternet_2024_existing_athlete_match_review.csv.
athlete_match_1bb2d73704e703df,medium,possible_existing_athlete_match,Sebastian Ramirez-Capes,MAG,Sebastian Ramirez Capes,GBR,0.957,"GBR, GBR",GBR: 2026 - British Team Championships (5 results),Sebastian Ramirez-Capes: not found 2027-2025 | Sebastian Ramirez Capes: not found 2027-2025,accept_suggestion,same_country_review_reuse,merge as same athlete,,,Pre-filled from same-country admin decision memory. Country is unchanged; change-country cases still require manual review. Source: 2025 gymternet_2025_existing_athlete_match_review.csv.
athlete_match_27cb5024e1b8cf82,medium,possible_existing_athlete_match,Will Wheeler,MAG,Wil Wheeler,GBR,0.957,"GBR, GBR",GBR: 2026 - Welsh Championships (5 results),Will Wheeler: not found 2027-2025 | Wil Wheeler: not found 2027-2025,accept_suggestion,same_country_review_reuse,merge as same athlete,,,Pre-filled from same-country admin decision memory. Country is unchanged; change-country cases still require manual review. Source: 2025 gymternet_2025_existing_athlete_match_review.csv.
athlete_match_033d676fe88739d2,medium,possible_existing_athlete_match,Alizée Letrange-Mouakit,WAG,Alizee Letrange-Mouakit,FRA,0.957,"FRA, FRA",FRA: 2026 - DTB Pokal Team Challenge (3 results); 2026 - French National Test (2 results),Alizée Letrange-Mouakit: not found 2027-2025 | Alizee Letrange-Mouakit: not found 2027-2025,accept_suggestion,same_country_review_reuse,merge as same athlete,,,Pre-filled from same-country admin decision memory. Country is unchanged; change-country cases still require manual review. Source: 2025 gymternet_2025_existing_athlete_match_review.csv.
athlete_match_0312d5f49d2ad65d,medium,possible_existing_athlete_match,Amelia Kowol,WAG,Amelia Kwol,GBR,0.957,"GBR, GBR",GBR: 2026 - English Championships (5 results),Amelia Kowol: not found 2027-2025 | Amelia Kwol: not found 2027-2025,,,,,,
athlete_match_6ee9b5fadee94269,medium,possible_existing_athlete_match,Maddie Lewis,WAG,Maddi Lewis,USA,0.957,"USA, USA",USA: 2026 - Fuzion National Qualifier (2 results); 2026 - Parkettes National Qualifier (3 results),Maddie Lewis: not found 2027-2025 | Maddi Lewis: not found 2027-2025,,,,,,
athlete_match_510735b99126341d,medium,possible_existing_athlete_match,Nika Fratic,WAG,Nika Fratric,CRO,0.957,"CRO, CRO",CRO: 2026 - Salamunov Memorial (5 results),Nika Fratic: not found 2027-2025 | Nika Fratric: not found 2027-2025,,,,,,
athlete_match_16b04065022fec96,medium,possible_existing_athlete_match,Aleksandr Andreichenko,MAG,Aleksandr Andreychenko,RUS,0.955,"RUS, RUS",RUS: 2026 - Russian Junior Team Championships (5 results),Aleksandr Andreichenko: not found 2027-2025 | Aleksandr Andreychenko: not found 2027-2025,,,,,,
athlete_match_f048bae7e2424dfc,medium,possible_existing_athlete_match,Enkhtuvshin Damdimdorj,MAG,Enkhtuvshin Damdindorj,MGL,0.955,"MGL, MGL",MGL: 2026 - Varna Challenge Cup (5 results),Enkhtuvshin Damdimdorj: not found 2027-2025 | Enkhtuvshin Damdindorj: not found 2027-2025,,,,,,
athlete_match_0d7ddbf5d4f2e5eb,medium,possible_existing_athlete_match,Luqman Al-Hafiz Zulfa,MAG,Luqman Al Hafiz Zulfa,MAS,0.952,"MAS, MAS",MAS: 2026 - Asian Championships (5 results),Luqman Al-Hafiz Zulfa: not found 2027-2025 | Luqman Al Hafiz Zulfa: not found 2027-2025,,,,,,
athlete_match_0e912124a377d63e,medium,possible_existing_athlete_match,Nino Reyero del Prado,MAG,Nino Rayero del Prado,NED,0.952,"NED, NED",NED: 2026 - Dutch Championships (5 results),Nino Reyero del Prado: not found 2027-2025 | Nino Rayero del Prado: not found 2027-2025,accept_suggestion,same_country_review_reuse,merge as same athlete,,,Pre-filled from same-country admin decision memory. Country is unchanged; change-country cases still require manual review. Source: 2025 gymternet_2025_existing_athlete_match_review.csv.
athlete_match_7cedebad2d5725d0,medium,possible_existing_athlete_match,Sin Jaewon,MAG,Shin Jaewon,KOR,0.952,"KOR, KOR",KOR: 2026 - Singapore Open (5 results),Sin Jaewon: not found 2027-2025 | Shin Jaewon: not found 2027-2025,,,,,,
athlete_match_2ef6fc2cef699616,medium,possible_existing_athlete_match,Taiga Banba,MAG,Baba Taiga,JPN,0.952,"JPN, JPN",JPN: 2026 - All-Japan Championships (5 results),Taiga Banba: not found 2027-2025 | Baba Taiga: not found 2027-2025,accept_suggestion,same_country_review_reuse,merge as same athlete,,,Pre-filled from same-country admin decision memory. Country is unchanged; change-country cases still require manual review. Source: 2025 gymternet_2025_existing_athlete_match_review.csv.
athlete_match_593e9ab2edb917dd,medium,possible_existing_athlete_match,Yegor Sukov,MAG,Egor Sukov,RUS,0.952,"RUS, RUS",RUS: 2026 - Russian Junior Team Championships (5 results),Yegor Sukov: not found 2027-2025 | Egor Sukov: not found 2027-2025,accept_suggestion,same_country_review_reuse,merge as same athlete,,,Pre-filled from same-country admin decision memory. Country is unchanged; change-country cases still require manual review. Source: 2025 gymternet_2025_existing_athlete_match_review.csv.
athlete_match_855a820282c2aceb,medium,possible_existing_athlete_match,Yuriy Busse,MAG,Yuri Busse,RUS,0.952,"RUS, RUS",RUS: 2026 - Russian Cup (5 results),Yuriy Busse: not found 2027-2025 | Yuri Busse: not found 2027-2025,accept_suggestion,same_country_review_reuse,merge as same athlete,,,Pre-filled from same-country admin decision memory. Country is unchanged; change-country cases still require manual review. Source: 2025 gymternet_2025_existing_athlete_match_review.csv.
athlete_match_1b6102e61f3dc33a,high,possible_existing_athlete_match,Ana Ortega,WAG,Anna Ortega,ESP,0.952,"ESP, MEX",MEX: 2026 - Mexican Championships (5 results),Ana Ortega: not found 2027-2025 | Anna Ortega: not found 2027-2025,,,,,,
athlete_match_7ef37f577f45de78,medium,possible_existing_athlete_match,Goo Laewon,WAG,Goo Lae-won,KOR,0.952,"KOR, KOR",KOR: 2026 - Singapore Open (5 results),Goo Laewon: not found 2027-2025 | Goo Lae-won: not found 2027-2025,accept_suggestion,same_country_review_reuse,merge as same athlete,,,Pre-filled from same-country admin decision memory. Country is unchanged; change-country cases still require manual review. Source: 2025 gymternet_2025_existing_athlete_match_review.csv.
athlete_match_47c4bdf9dd79f2fd,medium,possible_existing_athlete_match,Isla Grant,WAG,Islay Grant,GBR,0.952,"GBR, GBR",GBR: 2026 - Scottish Championships (5 results),Isla Grant: not found 2027-2025 | Islay Grant: not found 2027-2025,,,,,,
athlete_match_6d75e92a5ea25a88,medium,possible_existing_athlete_match,Jana Garcia,WAG,Ana Garcia,ESP,0.952,"ESP, ESP",ESP: 2026 - 2nd Spanish League (3 results),Jana Garcia: not found 2027-2025 | Ana Garcia: not found 2027-2025,,,,,,
athlete_match_366ba4bebe9c62a8,medium,possible_existing_athlete_match,Luana Roda,WAG,Luana Rodas,PER,0.952,"PER, PER",PER: 2026 - Pan American Championships (5 results),Luana Roda: not found 2027-2025 | Luana Rodas: not found 2027-2025,accept_suggestion,same_country_review_reuse,merge as same athlete,,,Pre-filled from same-country admin decision memory. Country is unchanged; change-country cases still require manual review. Source: 2025 gymternet_2025_existing_athlete_match_review.csv.
athlete_match_b29bb21d2ae6e2dc,medium,possible_existing_athlete_match,Mara Silva,WAG,Marta Silva,POR,0.952,"POR, POR",POR: 2026 - International GymSport (5 results),Mara Silva: not found 2027-2025 | Marta Silva: not found 2027-2025,accept_suggestion,same_country_review_reuse,merge as same athlete,,,Pre-filled from same-country admin decision memory. Country is unchanged; change-country cases still require manual review. Source: 2025 gymternet_2025_existing_athlete_match_review.csv.
athlete_match_d77041398ff458d4,medium,possible_existing_athlete_match,Marina Olmo,WAG,Maria Olmo,ESP,0.952,"ESP, ESP",ESP: 2026 - 1st Spanish League (3 results),Marina Olmo: not found 2027-2025 | Maria Olmo: not found 2027-2025,,,,,,
athlete_match_afdb8ca4be14977e,medium,possible_existing_athlete_match,Michaela Fürbacherova,WAG,Michaela Furbacherova,CZE,0.952,"CZE, CZE",CZE: 2026 - Hanspeter Demetz Memorial (5 results),Michaela Fürbacherova: not found 2027-2025 | Michaela Furbacherova: not found 2027-2025,accept_suggestion,same_country_review_reuse,merge as same athlete,,,Pre-filled from same-country admin decision memory. Country is unchanged; change-country cases still require manual review. Source: 2025 gymternet_2025_existing_athlete_match_review.csv.
athlete_match_d744e1497e1c146f,medium,possible_existing_athlete_match,Yang Jialin,WAG,Yang Jiali,CHN,0.952,"CHN, CHN",CHN: 2026 - Chinese Championships (3 results),Yang Jialin: not found 2027-2025 | Yang Jiali: not found 2027-2025,,,,,,
athlete_match_933b497b27de5ba5,medium,possible_existing_athlete_match,Tyler Traore Malatre,MAG,Tyler Traore-Malatre,FRA,0.95,"FRA, FRA",FRA: 2026 - International Junior Team Cup (5 results),Tyler Traore Malatre: not found 2027-2025 | Tyler Traore-Malatre: not found 2027-2025,,,,,,
athlete_match_516deda1be73ff54,medium,possible_existing_athlete_match,Vitaliy Sukhodolskiy,MAG,Vitaliy Sukhodolskin,RUS,0.95,"RUS, RUS",RUS: 2026 - Russian Cup (2 results),Vitaliy Sukhodolskiy: not found 2027-2025 | Vitaliy Sukhodolskin: not found 2027-2025,accept_suggestion,same_country_review_reuse,merge as same athlete,,,Pre-filled from same-country admin decision memory. Country is unchanged; change-country cases still require manual review. Source: 2025 gymternet_2025_existing_athlete_match_review.csv.
athlete_match_1e473873981c3a50,medium,possible_existing_athlete_match,Yeshwin Walkadawatte,MAG,Yeshwin Walakadawatt,SRI,0.95,"SRI, SRI",SRI: 2026 - Asian Championships (5 results),Yeshwin Walkadawatte: not found 2027-2025 | Yeshwin Walakadawatt: not found 2027-2025,,,,,,
athlete_match_2295edbecdb959ce,medium,possible_existing_athlete_match,Joanne Chen Hoi Yuen,WAG,Joanne Chen Hai Yuen,HKG,0.95,"HKG, HKG",HKG: 2026 - Asian Championships (5 results),Joanne Chen Hoi Yuen: not found 2027-2025 | Joanne Chen Hai Yuen: not found 2027-2025,accept_suggestion,same_country_review_reuse,merge as same athlete,,,Pre-filled from same-country admin decision memory. Country is unchanged; change-country cases still require manual review. Source: 2025 gymternet_2025_existing_athlete_match_review.csv.
athlete_match_881b90efecf85ca7,medium,possible_existing_athlete_match,Ahmed Riadh Aliouat,MAG,Ahmed-Riadh Aliouat,ALG,0.947,"ALG, ALG",ALG: 2026 - African Championships (5 results),Ahmed Riadh Aliouat: not found 2027-2025 | Ahmed-Riadh Aliouat: not found 2027-2025,accept_suggestion,same_country_review_reuse,merge as same athlete,,,Pre-filled from same-country admin decision memory. Country is unchanged; change-country cases still require manual review. Source: 2024 gymternet_2024_existing_athlete_match_review.csv.
athlete_match_bc55c6ef58f00391,medium,possible_existing_athlete_match,Sonny-John Breffitt,MAG,Sonny John Breffitt,GBR,0.947,"GBR, GBR",GBR: 2026 - British Championships (5 results),Sonny-John Breffitt: not found 2027-2025 | Sonny John Breffitt: not found 2027-2025,,,,,,
athlete_match_097179e956a0cfac,medium,possible_existing_athlete_match,Anastasija Ananjeva,WAG,Anastasija Ananyeva,LAT,0.947,"LAT, LAT",LAT: 2026 - Baku World Cup (5 results),Anastasija Ananjeva: not found 2027-2025 | Anastasija Ananyeva: not found 2027-2025,accept_suggestion,same_country_review_reuse,merge as same athlete,,,Pre-filled from same-country admin decision memory. Country is unchanged; change-country cases still require manual review. Source: 2025 gymternet_2025_existing_athlete_match_review.csv.
athlete_match_713f1c259f6b1eec,medium,possible_existing_athlete_match,Haylee van Rensburg,WAG,Haylee van Rensberg,RSA,0.947,"RSA, RSA",RSA: 2026 - International GymSport (5 results),Haylee van Rensburg: not found 2027-2025 | Haylee van Rensberg: not found 2027-2025,,,,,,
athlete_match_99fdbf173b312799,medium,possible_existing_athlete_match,Lia Monica Fontaine,WAG,Lia-Monica Fontaine,CAN,0.947,"CAN, CAN",CAN: 2026 - Canadian Championships (5 results),Lia Monica Fontaine: not found 2027-2025 | Lia-Monica Fontaine: not found 2027-2025,accept_suggestion,same_country_review_reuse,merge as same athlete,,,Pre-filled from same-country admin decision memory. Country is unchanged; change-country cases still require manual review. Source: 2025 gymternet_2025_existing_athlete_match_review.csv.
athlete_match_6b44e4d2d41ce201,medium,possible_existing_athlete_match,Azuolas Garbauskas,MAG,Azuolas Gabrauskas,LTU,0.944,"LTU, LTU",LTU: 2026 - Tiger Cup (5 results),Azuolas Garbauskas: not found 2027-2025 | Azuolas Gabrauskas: not found 2027-2025,accept_suggestion,same_country_review_reuse,merge as same athlete,,,Pre-filled from same-country admin decision memory. Country is unchanged; change-country cases still require manual review. Source: 2025 gymternet_2025_existing_athlete_match_review.csv.
athlete_match_b2ec62aa9bfe10d7,medium,possible_existing_athlete_match,Karim Mangala Bima,MAG,Karim Mangala-Bima,FRA,0.944,"FRA, FRA",FRA: 2026 - Top 12 Series 4 (5 results),Karim Mangala Bima: not found 2027-2025 | Karim Mangala-Bima: not found 2027-2025,,,,,,
athlete_match_05bf452fb165ed3f,medium,possible_existing_athlete_match,Matvei Uradovskikh,MAG,Matvey Uradovskikh,RUS,0.944,"RUS, RUS",RUS: 2026 - Russian Junior Team Championships (5 results),Matvei Uradovskikh: not found 2027-2025 | Matvey Uradovskikh: not found 2027-2025,accept_suggestion,same_country_review_reuse,merge as same athlete,,,Pre-filled from same-country admin decision memory. Country is unchanged; change-country cases still require manual review. Source: 2025 gymternet_2025_existing_athlete_match_review.csv.
athlete_match_8e91eb636719b856,medium,possible_existing_athlete_match,Sergei Shcherbakov,MAG,Sergey Shcherbakov,RUS,0.944,"RUS, RUS",RUS: 2026 - Russian Championships (5 results),Sergei Shcherbakov: not found 2027-2025 | Sergey Shcherbakov: not found 2027-2025,accept_suggestion,same_country_review_reuse,merge as same athlete,,,Pre-filled from same-country admin decision memory. Country is unchanged; change-country cases still require manual review. Source: 2025 gymternet_2025_existing_athlete_match_review.csv.
athlete_match_5f786b04258729d3,medium,possible_existing_athlete_match,Zachary Brotherton,MAG,Zachery Brotherton,AUS,0.944,"AUS, AUS",AUS: 2026 - Australian Championships (5 results),Zachary Brotherton: not found 2027-2025 | Zachery Brotherton: not found 2027-2025,,,,,,
athlete_match_c0ed837502fcaeed,medium,possible_existing_athlete_match,Andrei Alekseenko,MAG,Andrey Alekseenko,RUS,0.941,"RUS, RUS",RUS: 2026 - Russian Cup (5 results),Andrei Alekseenko: not found 2027-2025 | Andrey Alekseenko: not found 2027-2025,,,,,,
athlete_match_903e07dae54a6ccb,medium,possible_existing_athlete_match,Andrei Krivosheev,MAG,Andrey Krivosheev,RUS,0.941,"RUS, RUS",RUS: 2026 - Russian Cup (5 results),Andrei Krivosheev: not found 2027-2025 | Andrey Krivosheev: not found 2027-2025,accept_suggestion,same_country_review_reuse,merge as same athlete,,,Pre-filled from same-country admin decision memory. Country is unchanged; change-country cases still require manual review. Source: 2025 gymternet_2025_existing_athlete_match_review.csv.
athlete_match_5e3e7d8b3bb50409,medium,possible_existing_athlete_match,Maksimilian Pytel,MAG,Maksymilian Pytel,IRL,0.941,"IRL, IRL",IRL: 2026 - Luxembourg Open (5 results),Maksimilian Pytel: not found 2027-2025 | Maksymilian Pytel: not found 2027-2025,,,,,,
athlete_match_c3f65f28cf333bc9,medium,possible_existing_athlete_match,Mikhail Khorotsei,MAG,Mikhail Khorotsey,RUS,0.941,"RUS, RUS",RUS: 2026 - Russian Junior Team Championships (5 results),Mikhail Khorotsei: not found 2027-2025 | Mikhail Khorotsey: not found 2027-2025,accept_suggestion,same_country_review_reuse,merge as same athlete,,,Pre-filled from same-country admin decision memory. Country is unchanged; change-country cases still require manual review. Source: 2025 gymternet_2025_existing_athlete_match_review.csv.
athlete_match_65500476cd89e4d8,medium,possible_existing_athlete_match,Saxon Glendinning,MAG,Saxon Glendenning,AUS,0.941,"AUS, AUS",AUS: 2026 - Australian Championships (1 results),Saxon Glendinning: not found 2027-2025 | Saxon Glendenning: not found 2027-2025,,,,,,
athlete_match_10b49691fe2c94e7,medium,possible_existing_athlete_match,Sébastien Lambert,MAG,Sebastien Lambert,FRA,0.941,"FRA, FRA",FRA: 2026 - Top 12 Series 1 (2 results); 2026 - Top 12 Series 3 (1 results); 2026 - Top 12 Series 4 (1 results),Sébastien Lambert: not found 2027-2025 | Sebastien Lambert: not found 2027-2025,accept_suggestion,same_country_review_reuse,merge as same athlete,,,Pre-filled from same-country admin decision memory. Country is unchanged; change-country cases still require manual review. Source: 2025 gymternet_2025_existing_athlete_match_review.csv.
athlete_match_24dd43ffd995327c,medium,possible_existing_athlete_match,Seo Hanul,MAG,So Hanul,KOR,0.941,"KOR, KOR",KOR: 2026 - Asian Championships (5 results),Seo Hanul: not found 2027-2025 | So Hanul: not found 2027-2025,accept_suggestion,same_country_review_reuse,merge as same athlete,,,Pre-filled from same-country admin decision memory. Country is unchanged; change-country cases still require manual review. Source: 2025 gymternet_2025_existing_athlete_match_review.csv.
athlete_match_3fa35e69844d3c74,medium,possible_existing_athlete_match,Steijn Laschewski,MAG,Stejin Laschewski,NED,0.941,"NED, NED",NED: 2026 - International Junior Team Cup (5 results),Steijn Laschewski: not found 2027-2025 | Stejin Laschewski: not found 2027-2025,accept_suggestion,same_country_review_reuse,merge as same athlete,,,Pre-filled from same-country admin decision memory. Country is unchanged; change-country cases still require manual review. Source: 2025 gymternet_2025_existing_athlete_match_review.csv.
athlete_match_f3cb4a53f731aa09,medium,possible_existing_athlete_match,Vyacheslav Viktor,MAG,Vyacheslav Viktov,RUS,0.941,"RUS, RUS",RUS: 2026 - Russian Cup (5 results),Vyacheslav Viktor: not found 2027-2025 | Vyacheslav Viktov: not found 2027-2025,accept_suggestion,same_country_review_reuse,merge as same athlete,,,Pre-filled from same-country admin decision memory. Country is unchanged; change-country cases still require manual review. Source: 2024 gymternet_2024_existing_athlete_match_review.csv.
athlete_match_f46704eae8c4c8d2,medium,possible_existing_athlete_match,Vyacheslav Vitkov,MAG,Vyacheslav Viktov,RUS,0.941,"RUS, RUS",RUS: 2026 - Russian Championships (4 results),Vyacheslav Vitkov: not found 2027-2025 | Vyacheslav Viktov: not found 2027-2025,accept_suggestion,same_country_review_reuse,merge as same athlete,,,Pre-filled from same-country admin decision memory. Country is unchanged; change-country cases still require manual review. Source: 2025 gymternet_2025_existing_athlete_match_review.csv.
athlete_match_94add16bc6bea092,medium,possible_existing_athlete_match,Marlene Gutthardt,WAG,Marlene Gotthardt,GER,0.941,"GER, GER",GER: 2026 - 1st Bundesliga (3 results),Marlene Gutthardt: not found 2027-2025 | Marlene Gotthardt: not found 2027-2025,,,,,,
athlete_match_5bd52ff12d86ca85,medium,possible_existing_athlete_match,Oddvor Kimsdottir,WAG,Oddvør Kimsdottir,DEN,0.941,"DEN, DEN",DEN: 2026 - Elek Matolay Memorial (5 results),Oddvor Kimsdottir: not found 2027-2025 | Oddvør Kimsdottir: not found 2027-2025,,,,,,
athlete_match_4085f5db1de8f91c,medium,possible_existing_athlete_match,Valentina Pujadas,WAG,Valentina Pujades,ESP,0.941,"ESP, ESP",ESP: 2026 - 2nd Spanish League (5 results),Valentina Pujadas: not found 2027-2025 | Valentina Pujades: not found 2027-2025,accept_suggestion,same_country_review_reuse,merge as same athlete,,,Pre-filled from same-country admin decision memory. Country is unchanged; change-country cases still require manual review. Source: 2025 gymternet_2025_existing_athlete_match_review.csv.
athlete_match_c23ba950046cd838,medium,possible_existing_athlete_match,Yella Wagenschein,WAG,Yelia Wagenschein,GER,0.941,"GER, GER",GER: 2026 - 1st Bundesliga (1 results),Yella Wagenschein: not found 2027-2025 | Yelia Wagenschein: not found 2027-2025,accept_suggestion,same_country_review_reuse,merge as same athlete,,,Pre-filled from same-country admin decision memory. Country is unchanged; change-country cases still require manual review. Source: 2025 gymternet_2025_existing_athlete_match_review.csv.
athlete_match_ec5f5ea41369836f,medium,possible_existing_athlete_match,Arseniy Zaboykin,MAG,Arseniy Zaboikin,RUS,0.938,"RUS, RUS",RUS: 2026 - Russian Championships (5 results),Arseniy Zaboykin: not found 2027-2025 | Arseniy Zaboikin: not found 2027-2025,,,,,,
athlete_match_524267ebde7f1fdb,medium,possible_existing_athlete_match,Cameron Pefianko,MAG,Cameron Pefianco,SGP,0.938,"SGP, SGP",SGP: 2026 - Singapore Open (5 results),Cameron Pefianko: not found 2027-2025 | Cameron Pefianco: not found 2027-2025,,,,,,
athlete_match_3024f2653375b38b,medium,possible_existing_athlete_match,Felipe Junquiera,MAG,Felipe Junqueira,USA,0.938,"USA, USA",USA: 2026 - NCAA Week 1 (2 results); 2026 - NCAA Week 5 (2 results); 2026 - NCAA Week 8 (1 results),Felipe Junquiera: not found 2027-2025 | Felipe Junqueira: not found 2027-2025,,,,,,
athlete_match_5de7e1a58cc1c23c,medium,possible_existing_athlete_match,Khusein Khalilov,MAG,Khuseyn Khalilov,RUS,0.938,"RUS, RUS",RUS: 2026 - Russian Junior Team Championships (5 results),Khusein Khalilov: not found 2027-2025 | Khuseyn Khalilov: not found 2027-2025,accept_suggestion,same_country_review_reuse,merge as same athlete,,,Pre-filled from same-country admin decision memory. Country is unchanged; change-country cases still require manual review. Source: 2025 gymternet_2025_existing_athlete_match_review.csv.
athlete_match_9f6544c58f19c3fb,medium,possible_existing_athlete_match,Marcos Fernandez,MAG,Marcos Fernández,ESP,0.938,"ESP, ESP",ESP: 2026 - International GymSport (5 results),Marcos Fernandez: not found 2027-2025 | Marcos Fernández: not found 2027-2025,,,,,,
athlete_match_294e5aeda67ab972,medium,possible_existing_athlete_match,Murilo Ponteduro,MAG,Murilo Pontedura,BRA,0.938,"BRA, BRA",BRA: 2026 - Brazil Trophy (1 results),Murilo Ponteduro: not found 2027-2025 | Murilo Pontedura: not found 2027-2025,,,,,,
athlete_match_84ecee272daccf4f,medium,possible_existing_athlete_match,Nicolò Lucchetti,MAG,Nicolo Lucchetti,ITA,0.938,"ITA, ITA",ITA: 2026 - Champion's Cup (5 results),Nicolò Lucchetti: not found 2027-2025 | Nicolo Lucchetti: not found 2027-2025,accept_suggestion,same_country_review_reuse,merge as same athlete,,,Pre-filled from same-country admin decision memory. Country is unchanged; change-country cases still require manual review. Source: 2025 gymternet_2025_existing_athlete_match_review.csv.
athlete_match_1fbc87309249524a,medium,possible_existing_athlete_match,Shumpei Fujimaki,MAG,Shunpei Fujimaki,JPN,0.938,"JPN, JPN",JPN: 2026 - All-Japan Championships (5 results),Shumpei Fujimaki: not found 2027-2025 | Shunpei Fujimaki: not found 2027-2025,accept_suggestion,same_country_review_reuse,merge as same athlete,,,Pre-filled from same-country admin decision memory. Country is unchanged; change-country cases still require manual review. Source: 2025 gymternet_2025_existing_athlete_match_review.csv.
athlete_match_1cb1ea0938e64c35,medium,possible_existing_athlete_match,Timofei Akinshin,MAG,Timofey Akinshin,RUS,0.938,"RUS, RUS",RUS: 2026 - Russian Cup (5 results),Timofei Akinshin: not found 2027-2025 | Timofey Akinshin: not found 2027-2025,accept_suggestion,same_country_review_reuse,merge as same athlete,,,Pre-filled from same-country admin decision memory. Country is unchanged; change-country cases still require manual review. Source: 2025 gymternet_2025_existing_athlete_match_review.csv.
athlete_match_47e68dbc4c3caa79,medium,possible_existing_athlete_match,Timothé Geoffroy,MAG,Timothe Geoffroy,FRA,0.938,"FRA, FRA",FRA: 2026 - International Junior Team Cup (5 results),Timothé Geoffroy: not found 2027-2025 | Timothe Geoffroy: not found 2027-2025,,,,,,
athlete_match_5d0de6c18363c469,medium,possible_existing_athlete_match,Timur Abaidullin,MAG,Timur Abaydullin,RUS,0.938,"RUS, RUS",RUS: 2026 - Russian Junior Team Championships (5 results),Timur Abaidullin: not found 2027-2025 | Timur Abaydullin: not found 2027-2025,,,,,,
athlete_match_a0a399c0a5de1ae8,medium,possible_existing_athlete_match,Tomoya Kashiwaga,MAG,Tomoya Kashiwagi,JPN,0.938,"JPN, JPN",JPN: 2026 - 4th Bundesliga (2 results),Tomoya Kashiwaga: not found 2027-2025 | Tomoya Kashiwagi: not found 2027-2025,,,,,,
athlete_match_71405f8b4cce8e3d,medium,possible_existing_athlete_match,William Fu-Allen,MAG,William Fu Allen,NZL,0.938,"NZL, NZL",NZL: 2026 - Oceania Championships (5 results),William Fu-Allen: not found 2027-2025 | William Fu Allen: not found 2027-2025,accept_suggestion,same_country_review_reuse,merge as same athlete,,,Pre-filled from same-country admin decision memory. Country is unchanged; change-country cases still require manual review. Source: 2024 gymternet_2024_existing_athlete_match_review.csv.
athlete_match_9d8c0ab128c786f9,medium,possible_existing_athlete_match,Chemène Lamaitre,WAG,Chemene Lamaitre,NED,0.938,"NED, NED",NED: 2026 - 1st Spanish League (3 results); 2026 - 2nd Spanish League (2 results),Chemène Lamaitre: not found 2027-2025 | Chemene Lamaitre: not found 2027-2025,accept_suggestion,same_country_review_reuse,merge as same athlete,,,Pre-filled from same-country admin decision memory. Country is unchanged; change-country cases still require manual review. Source: 2025 gymternet_2025_existing_athlete_match_review.csv.
athlete_match_6600aef2d8cbacb6,medium,possible_existing_athlete_match,Raphaëlle Letort,WAG,Raphaëlle Letord,FRA,0.938,"FRA, FRA",FRA: 2026 - French Championships (4 results); 2026 - French National Test (1 results),Raphaëlle Letort: not found 2027-2025 | Raphaëlle Letord: not found 2027-2025,accept_suggestion,same_country_review_reuse,merge as same athlete,,,Pre-filled from same-country admin decision memory. Country is unchanged; change-country cases still require manual review. Source: 2025 gymternet_2025_existing_athlete_match_review.csv.
athlete_match_9f60a3267347eb70,medium,possible_existing_athlete_match,Aidar Ismagilov,MAG,Aydar Ismagilov,RUS,0.933,"RUS, RUS",RUS: 2026 - Russian Junior Team Championships (5 results),Aidar Ismagilov: not found 2027-2025 | Aydar Ismagilov: not found 2027-2025,accept_suggestion,same_country_review_reuse,merge as same athlete,,,Pre-filled from same-country admin decision memory. Country is unchanged; change-country cases still require manual review. Source: 2025 gymternet_2025_existing_athlete_match_review.csv.
athlete_match_0ef1c33c88f23a4d,medium,possible_existing_athlete_match,Aleksei Usachev,MAG,Aleksey Usachev,RUS,0.933,"RUS, RUS",RUS: 2026 - Baku World Cup (2 results); 2026 - Osijek World Cup (3 results),Aleksei Usachev: not found 2027-2025 | Aleksey Usachev: not found 2027-2025,accept_suggestion,same_country_review_reuse,merge as same athlete,,,Pre-filled from same-country admin decision memory. Country is unchanged; change-country cases still require manual review. Source: 2024 gymternet_2024_existing_athlete_match_review.csv.
athlete_match_0a0cfc4c1b994c89,medium,possible_existing_athlete_match,Alexander Yolshin-Cash,MAG,Alexander Yolshina Cash,GBR,0.933,"GBR, GBR",GBR: 2026 - British Championships (4 results); 2026 - Welsh Championships (1 results),Alexander Yolshin-Cash: not found 2027-2025 | Alexander Yolshina Cash: not found 2027-2025,accept_suggestion,same_country_review_reuse,merge as same athlete,,,Pre-filled from same-country admin decision memory. Country is unchanged; change-country cases still require manual review. Source: 2025 gymternet_2025_existing_athlete_match_review.csv.
athlete_match_34581eeb1673b0bd,medium,possible_existing_athlete_match,Andrei Dmitriev,MAG,Andrey Dmitriev,RUS,0.933,"RUS, RUS",RUS: 2026 - Russian Cup (1 results),Andrei Dmitriev: not found 2027-2025 | Andrey Dmitriev: not found 2027-2025,accept_suggestion,same_country_review_reuse,merge as same athlete,,,Pre-filled from same-country admin decision memory. Country is unchanged; change-country cases still require manual review. Source: 2025 gymternet_2025_existing_athlete_match_review.csv.
athlete_match_d20269a02cbef294,medium,possible_existing_athlete_match,Bohdan Ilyinkov,MAG,Bogdan Ilyinkov,BLR,0.933,"BLR, BLR",BLR: 2026 - Russian Cup (5 results),Bohdan Ilyinkov: not found 2027-2025 | Bogdan Ilyinkov: not found 2027-2025,accept_suggestion,same_country_review_reuse,merge as same athlete,,,Pre-filled from same-country admin decision memory. Country is unchanged; change-country cases still require manual review. Source: 2025 gymternet_2025_existing_athlete_match_review.csv.
athlete_match_08e3b311856fd242,medium,possible_existing_athlete_match,Briek van Huele,MAG,Briek van Heule,BEL,0.933,"BEL, BEL",BEL: 2026 - Belgian Championships (5 results),Briek van Huele: not found 2027-2025 | Briek van Heule: not found 2027-2025,accept_suggestion,same_country_review_reuse,merge as same athlete,,,Pre-filled from same-country admin decision memory. Country is unchanged; change-country cases still require manual review. Source: 2024 gymternet_2024_existing_athlete_match_review.csv.
athlete_match_4bbfc970f627578f,medium,possible_existing_athlete_match,Félix Blaquiere,MAG,Felix Blaquiere,CAN,0.933,"CAN, CAN",CAN: 2026 - Canadian Championships (5 results),Félix Blaquiere: not found 2027-2025 | Felix Blaquiere: not found 2027-2025,,,,,,
athlete_match_fcf2aa071fe77549,medium,possible_existing_athlete_match,Magnus Schøning,MAG,Magnus Schöning,NOR,0.933,"NOR, NOR",NOR: 2026 - Norwegian Championships (5 results),Magnus Schøning: not found 2027-2025 | Magnus Schöning: not found 2027-2025,accept_suggestion,same_country_review_reuse,merge as same athlete,,,Pre-filled from same-country admin decision memory. Country is unchanged; change-country cases still require manual review. Source: 2025 gymternet_2025_existing_athlete_match_review.csv.
athlete_match_d62c6b9002f5de71,medium,possible_existing_athlete_match,Matvei Akinshin,MAG,Matvey Akinshin,RUS,0.933,"RUS, RUS",RUS: 2026 - Russian Championships (5 results),Matvei Akinshin: not found 2027-2025 | Matvey Akinshin: not found 2027-2025,accept_suggestion,same_country_review_reuse,merge as same athlete,,,Pre-filled from same-country admin decision memory. Country is unchanged; change-country cases still require manual review. Source: 2025 gymternet_2025_existing_athlete_match_review.csv.
athlete_match_ecee7e40cad46414,medium,possible_existing_athlete_match,Matvei Gushchin,MAG,Matvey Gushchin,RUS,0.933,"RUS, RUS",RUS: 2026 - Russian Junior Team Championships (5 results),Matvei Gushchin: not found 2027-2025 | Matvey Gushchin: not found 2027-2025,,,,,,
athlete_match_2e493a79823a3cd0,medium,possible_existing_athlete_match,Rakan Al Harith,MAG,Rakan Al-Harith,QAT,0.933,"QAT, QAT",QAT: 2026 - Asian Championships (2 results),Rakan Al Harith: not found 2027-2025 | Rakan Al-Harith: not found 2027-2025,accept_suggestion,same_country_review_reuse,merge as same athlete,,,Pre-filled from same-country admin decision memory. Country is unchanged; change-country cases still require manual review. Source: 2022 gymternet_2022_existing_athlete_match_review.csv.
athlete_match_5812cb5bbfe1ced7,medium,possible_existing_athlete_match,Ryuto Fukashima,MAG,Ryuto Fukushima,JPN,0.933,"JPN, JPN",JPN: 2026 - All-Japan Championships (1 results),Ryuto Fukashima: not found 2027-2025 | Ryuto Fukushima: not found 2027-2025,accept_suggestion,same_country_review_reuse,merge as same athlete,,,Pre-filled from same-country admin decision memory. Country is unchanged; change-country cases still require manual review. Source: 2025 gymternet_2025_existing_athlete_match_review.csv.
athlete_match_66b48ad930a5d646,medium,possible_existing_athlete_match,Zaid Al-Khalidi,MAG,Zaid Al Khalidi,JOR,0.933,"JOR, JOR",JOR: 2026 - Asian Championships (4 results); 2026 - Tashkent Challenge Cup (1 results),Zaid Al-Khalidi: not found 2027-2025 | Zaid Al Khalidi: not found 2027-2025,,,,,,
athlete_match_c72e5ed243165204,medium,possible_existing_athlete_match,Amina Israilova,WAG,Amina Isroilova,UZB,0.933,"UZB, UZB",UZB: 2026 - AGF Trophy (5 results),Amina Israilova: not found 2027-2025 | Amina Isroilova: not found 2027-2025,,,,,,
athlete_match_cd0df79d9f592af4,medium,possible_existing_athlete_match,Aynaz Majidzade,WAG,Aynaz Majidzada,AZE,0.933,"AZE, AZE",AZE: 2026 - AGF Trophy (5 results),Aynaz Majidzade: not found 2027-2025 | Aynaz Majidzada: not found 2027-2025,accept_suggestion,same_country_review_reuse,merge as same athlete,,,Pre-filled from same-country admin decision memory. Country is unchanged; change-country cases still require manual review. Source: 2025 gymternet_2025_existing_athlete_match_review.csv.
athlete_match_d801fa2ea536bd9b,high,possible_existing_athlete_match,Daura Rodriguez,WAG,Laura Rodriguez,PAN,0.933,"ESP, PAN",ESP: 2026 - 1st Spanish League (1 results),Daura Rodriguez: not found 2027-2025 | Laura Rodriguez: not found 2027-2025,,,,,,
athlete_match_db0ff542d7c049dc,high,possible_existing_athlete_match,Luciana Martinez,WAG,Lucia Martinez,ESP,0.933,"COL, ESP",COL: 2026 - Colombian Championships (5 results),Luciana Martinez: not found 2027-2025 | Lucia Martinez: not found 2027-2025,,,,,,
athlete_match_f96d2b6e137890ba,medium,possible_existing_athlete_match,Maïana Heidmann,WAG,Maiana Heidmann,FRA,0.933,"FRA, FRA",FRA: 2026 - French Championships (5 results),Maïana Heidmann: not found 2027-2025 | Maiana Heidmann: not found 2027-2025,,,,,,
athlete_match_4321ddfad0e1d496,medium,possible_existing_athlete_match,Marianna Kiniuk,WAG,Mariana Kiniuik,UKR,0.933,"UKR, UKR",UKR: 2026 - Cairo World Cup (1 results); 2026 - Koper Challenge Cup (2 results); 2026 - Varna Challenge Cup (2 results),Marianna Kiniuk: not found 2027-2025 | Mariana Kiniuik: not found 2027-2025,accept_suggestion,same_country_review_reuse,merge as same athlete,,,Pre-filled from same-country admin decision memory. Country is unchanged; change-country cases still require manual review. Source: 2025 gymternet_2025_existing_athlete_match_review.csv.
athlete_match_c5e8ecdb4438031e,medium,possible_existing_athlete_match,Zara Marie Glen,WAG,Zara-Marie Glen,TTO,0.933,"TTO, TTO",TTO: 2026 - Pan American Championships (5 results),Zara Marie Glen: not found 2027-2025 | Zara-Marie Glen: not found 2027-2025,,,,,,
athlete_match_9bef475973cd9eca,medium,possible_existing_athlete_match,Aleksei Rostov,MAG,Aleksey Rostov,RUS,0.929,"RUS, RUS",RUS: 2026 - Russian Cup (5 results),Aleksei Rostov: not found 2027-2025 | Aleksey Rostov: not found 2027-2025,accept_suggestion,same_country_review_reuse,merge as same athlete,,,Pre-filled from same-country admin decision memory. Country is unchanged; change-country cases still require manual review. Source: 2025 gymternet_2025_existing_athlete_match_review.csv.
athlete_match_a249092c6fd5dff4,medium,possible_existing_athlete_match,Dong Hongsheng,MAG,Deng Hongsheng,CHN,0.929,"CHN, CHN",CHN: 2026 - Osijek World Cup (1 results),Dong Hongsheng: not found 2027-2025 | Deng Hongsheng: not found 2027-2025,,,,,,
athlete_match_cbbc5fd061043c80,medium,possible_existing_athlete_match,Kirill Maiorov,MAG,Kirill Mayorov,RUS,0.929,"RUS, RUS",RUS: 2026 - Russian Cup (5 results),Kirill Maiorov: not found 2027-2025 | Kirill Mayorov: not found 2027-2025,accept_suggestion,same_country_review_reuse,merge as same athlete,,,Pre-filled from same-country admin decision memory. Country is unchanged; change-country cases still require manual review. Source: 2025 gymternet_2025_existing_athlete_match_review.csv.
athlete_match_3a045473c1ef3a37,medium,possible_existing_athlete_match,Michael Weiner,MAG,Michael Wilner,USA,0.929,"USA, USA",USA: 2026 - NCAA Week 10 (1 results); 2026 - NCAA Week 4 (2 results); 2026 - NCAA Week 6 (2 results),Michael Weiner: not found 2027-2025 | Michael Wilner: not found 2027-2025,accept_suggestion,same_country_review_reuse,merge as same athlete,,,Pre-filled from same-country admin decision memory. Country is unchanged; change-country cases still require manual review. Source: 2024 gymternet_2024_existing_athlete_match_review.csv.
athlete_match_564ab1618673141b,medium,possible_existing_athlete_match,Naoto Shiraiwa,MAG,Shiroiwa Naoto,JPN,0.929,"JPN, JPN",JPN: 2026 - All-Japan Championships (5 results),Naoto Shiraiwa: not found 2027-2025 | Shiroiwa Naoto: not found 2027-2025,accept_suggestion,same_country_review_reuse,merge as same athlete,,,Pre-filled from same-country admin decision memory. Country is unchanged; change-country cases still require manual review. Source: 2025 gymternet_2025_existing_athlete_match_review.csv.
athlete_match_190c61764c899fcc,medium,possible_existing_athlete_match,Raphaël Fortin,MAG,Raphael Fortin,CAN,0.929,"CAN, CAN",CAN: 2026 - Canadian Championships (5 results),Raphaël Fortin: not found 2027-2025 | Raphael Fortin: not found 2027-2025,accept_suggestion,same_country_review_reuse,merge as same athlete,,,Pre-filled from same-country admin decision memory. Country is unchanged; change-country cases still require manual review. Source: 2025 gymternet_2025_existing_athlete_match_review.csv.
athlete_match_3aa157c78bb32281,medium,possible_existing_athlete_match,Tiléo Santucci,MAG,Tileo Santucci,FRA,0.929,"FRA, FRA",FRA: 2026 - International Budapest Junior Cup (5 results),Tiléo Santucci: not found 2027-2025 | Tileo Santucci: not found 2027-2025,,,,,,
athlete_match_9398e7c0b0593946,medium,possible_existing_athlete_match,Topias Juunila,MAG,Topias Junnila,FIN,0.929,"FIN, FIN",FIN: 2026 - Finnish Junior Championships (5 results),Topias Juunila: not found 2027-2025 | Topias Junnila: not found 2027-2025,,,,,,
athlete_match_a580eaa8a5256164,medium,possible_existing_athlete_match,Yigit Emre Gok,MAG,Yigit Emre Gök,TUR,0.929,"TUR, TUR",TUR: 2026 - DTB Pokal Team Challenge (5 results),Yigit Emre Gok: not found 2027-2025 | Yigit Emre Gök: not found 2027-2025,,,,,,
athlete_match_90ec32baec20f86f,medium,possible_existing_athlete_match,Yuri Guimarães,MAG,Yuri Guimaraes,BRA,0.929,"BRA, BRA",BRA: 2026 - Brazil Trophy (5 results),Yuri Guimarães: not found 2027-2025 | Yuri Guimaraes: not found 2027-2025,accept_suggestion,same_country_review_reuse,merge as same athlete,,,Pre-filled from same-country admin decision memory. Country is unchanged; change-country cases still require manual review. Source: 2025 gymternet_2025_existing_athlete_match_review.csv.
athlete_match_5f41655eba5e8862,medium,possible_existing_athlete_match,Zeid Al-Saiddi,MAG,Zeid Al-Saiddy,NOR,0.929,"NOR, NOR",NOR: 2026 - Unni & Haralds Trophy (2 results),Zeid Al-Saiddi: not found 2027-2025 | Zeid Al-Saiddy: not found 2027-2025,,,,,,
athlete_match_9b9b9b692d808fd9,high,possible_existing_athlete_match,Addison Wilson,WAG,Madison Wilson,GBR,0.929,"GBR, USA",USA: 2026 - Winter Classic National Qualifier (5 results),Addison Wilson: not found 2027-2025 | Madison Wilson: not found 2027-2025,,,,,,
athlete_match_60554f4921885787,medium,possible_existing_athlete_match,Alice Kanisova,WAG,Alica Kanisova,SVK,0.929,"SVK, SVK",SVK: 2026 - Elek Matolay Memorial (5 results),Alice Kanisova: not found 2027-2025 | Alica Kanisova: not found 2027-2025,,,,,,
athlete_match_33fc244dfa17a0ef,medium,possible_existing_athlete_match,Eloane Clément,WAG,Eloane Clement,FRA,0.929,"FRA, FRA",FRA: 2026 - French National Test (1 results); 2026 - Top 12 Series 4 (3 results),Eloane Clément: not found 2027-2025 | Eloane Clement: not found 2027-2025,,,,,,
athlete_match_cd0d452a0d0fa643,medium,possible_existing_athlete_match,Lena Devreker,WAG,Yelena Devreker,BEL,0.929,"BEL, BEL",BEL: 2026 - DTB Pokal Team Challenge (5 results),Lena Devreker: not found 2027-2025 | Yelena Devreker: not found 2027-2025,,,,,,
athlete_match_8f67513b1fcfa50a,medium,possible_existing_athlete_match,Maria Rodriguez,WAG,Mar Rodriguez,ESP,0.929,"ESP, ESP",ESP: 2026 - Spanish League Final (5 results),Maria Rodriguez: not found 2027-2025 | Mar Rodriguez: not found 2027-2025,,,,,,
athlete_match_06c300b161b360ef,medium,possible_existing_athlete_match,Andrei Osipov,MAG,Andrey Osipov,RUS,0.923,"RUS, RUS",RUS: 2026 - Russian Junior Team Championships (5 results),Andrei Osipov: not found 2027-2025 | Andrey Osipov: not found 2027-2025,accept_suggestion,same_country_review_reuse,merge as same athlete,,,Pre-filled from same-country admin decision memory. Country is unchanged; change-country cases still require manual review. Source: 2025 gymternet_2025_existing_athlete_match_review.csv.
athlete_match_d975265c962bf2e0,medium,possible_existing_athlete_match,Chiou Min-Han,MAG,Chiou Min Han,TPE,0.923,"TPE, TPE",TPE: 2026 - Cottbus World Cup (2 results); 2026 - Osijek World Cup (1 results),Chiou Min-Han: not found 2027-2025 | Chiou Min Han: not found 2027-2025,accept_suggestion,same_country_review_reuse,merge as same athlete,,,Pre-filled from same-country admin decision memory. Country is unchanged; change-country cases still require manual review. Source: 2025 gymternet_2025_existing_athlete_match_review.csv.
athlete_match_d7eb122b7c46b2a0,medium,possible_existing_athlete_match,Francesco Bertarelli,MAG,Francesco Berarellt,ITA,0.923,"ITA, ITA",ITA: 2026 - Champion's Cup (5 results),Francesco Bertarelli: not found 2027-2025 | Francesco Berarellt: not found 2027-2025,,,,,,
athlete_match_efa6ad0b44c39fe2,medium,possible_existing_athlete_match,Kimi Kohnlein,MAG,Kimi Köhnlein,GER,0.923,"GER, GER",GER: 2026 - DTB Pokal Team Challenge (5 results),Kimi Kohnlein: not found 2027-2025 | Kimi Köhnlein: not found 2027-2025,,,,,,
athlete_match_dfca620ce066d380,medium,possible_existing_athlete_match,Kirill Belaev,MAG,Kirill Begaev,RUS,0.923,"RUS, RUS",RUS: 2026 - Russian Cup (4 results),Kirill Belaev: not found 2027-2025 | Kirill Begaev: not found 2027-2025,,,,,,
athlete_match_1598eae2717c1050,medium,possible_existing_athlete_match,Kirill Ivanov,MAG,Kirill Vankov,RUS,0.923,"RUS, RUS",RUS: 2026 - Russian Junior Team Championships (5 results),Kirill Ivanov: not found 2027-2025 | Kirill Vankov: not found 2027-2025,,,,,,
athlete_match_4c6b3ff6c55403c8,medium,possible_existing_athlete_match,Marcel Sailer,MAG,Marcel Seiler,AUT,0.923,"AUT, AUT",AUT: 2026 - Salamunov Memorial (5 results),Marcel Sailer: not found 2027-2025 | Marcel Seiler: not found 2027-2025,accept_suggestion,same_country_review_reuse,merge as same athlete,,,Pre-filled from same-country admin decision memory. Country is unchanged; change-country cases still require manual review. Source: 2024 gymternet_2024_existing_athlete_match_review.csv.
athlete_match_a8c67f202d6f3208,medium,possible_existing_athlete_match,Max Bereznev,MAG,Maxim Bereznev,USA,0.923,"USA, USA",USA: 2026 - NCAA Week 3 (2 results),Max Bereznev: not found 2027-2025 | Maxim Bereznev: not found 2027-2025,,,,,,
athlete_match_6f9ae191656e9a0e,medium,possible_existing_athlete_match,Max Veo Creek,MAG,Max Veo-Creek,GBR,0.923,"GBR, GBR",GBR: 2026 - British Championships (5 results),Max Veo Creek: not found 2027-2025 | Max Veo-Creek: not found 2027-2025,accept_suggestion,same_country_review_reuse,merge as same athlete,,,Pre-filled from same-country admin decision memory. Country is unchanged; change-country cases still require manual review. Source: 2025 gymternet_2025_existing_athlete_match_review.csv.
athlete_match_6f6a8b616739eafc,medium,possible_existing_athlete_match,Miguel Besana,MAG,Miguel Begana,PHI,0.923,"PHI, PHI",PHI: 2026 - Asian Championships (5 results),Miguel Besana: not found 2027-2025 | Miguel Begana: not found 2027-2025,accept_suggestion,same_country_review_reuse,merge as same athlete,,,Pre-filled from same-country admin decision memory. Country is unchanged; change-country cases still require manual review. Source: 2025 gymternet_2025_existing_athlete_match_review.csv.
athlete_match_073dcefcb1109dc4,medium,possible_existing_athlete_match,Quentin Bègue,MAG,Quentin Begue,FRA,0.923,"FRA, FRA",FRA: 2026 - Top 12 Series 3 (5 results),Quentin Bègue: not found 2027-2025 | Quentin Begue: not found 2027-2025,accept_suggestion,same_country_review_reuse,merge as same athlete,,,Pre-filled from same-country admin decision memory. Country is unchanged; change-country cases still require manual review. Source: 2025 gymternet_2025_existing_athlete_match_review.csv.
athlete_match_8a6fa37a563afcf6,medium,possible_existing_athlete_match,Swaïmy Bellil,MAG,Swaimy Bellil,FRA,0.923,"FRA, FRA",FRA: 2026 - French Championships (5 results),Swaïmy Bellil: not found 2027-2025 | Swaimy Bellil: not found 2027-2025,accept_suggestion,same_country_review_reuse,merge as same athlete,,,Pre-filled from same-country admin decision memory. Country is unchanged; change-country cases still require manual review. Source: 2025 gymternet_2025_existing_athlete_match_review.csv.
athlete_match_c001a28f74f7534e,medium,possible_existing_athlete_match,Toby Hazleton,MAG,Toby Hazelton,IRL,0.923,"IRL, IRL",IRL: 2026 - Irish Championships (4 results),Toby Hazleton: not found 2027-2025 | Toby Hazelton: not found 2027-2025,,,,,,
athlete_match_6460f2f1a9f1d819,high,possible_existing_athlete_match,Zachary Nuñez,MAG,Zachary Nunez,USA,0.923,"PHI, USA",PHI: 2026 - Asian Championships (3 results),Zachary Nuñez: not found 2027-2025 | Zachary Nunez: not found 2027-2025,,,,,,
athlete_match_0471f821deeb9dac,medium,possible_existing_athlete_match,Carla Garcia,WAG,Carlota Garcia,ESP,0.923,"ESP, ESP",ESP: 2026 - 2nd Spanish League (2 results); 2026 - Spanish League Final (3 results),Carla Garcia: not found 2027-2025 | Carlota Garcia: not found 2027-2025,accept_suggestion,same_country_review_reuse,merge as same athlete,,,Pre-filled from same-country admin decision memory. Country is unchanged; change-country cases still require manual review. Source: 2025 gymternet_2025_existing_athlete_match_review.csv.
athlete_match_060eb8cf55a5f1a2,medium,possible_existing_athlete_match,Carla Martinez,WAG,Carla Martin,ESP,0.923,"ESP, ESP",ESP: 2026 - Spanish League Final (3 results),Carla Martinez: not found 2027-2025 | Carla Martin: not found 2027-2025,accept_suggestion,same_country_review_reuse,merge as same athlete,,,Pre-filled from same-country admin decision memory. Country is unchanged; change-country cases still require manual review. Source: 2024 gymternet_2024_existing_athlete_match_review.csv.
athlete_match_d933bdbc520e223c,medium,possible_existing_athlete_match,Ema Kandalvoa,WAG,Ema Kandalova,GBR,0.923,"GBR, GBR",GBR: 2026 - British Championships (3 results),Ema Kandalvoa: not found 2027-2025 | Ema Kandalova: not found 2027-2025,,,,,,
athlete_match_57cd8b0146b4cd14,high,possible_existing_athlete_match,Isabella Ramos,WAG,Isabel Ramos,BRA,0.923,"BRA, MEX",MEX: 2026 - Mexican Championships (3 results),Isabella Ramos: not found 2027-2025 | Isabel Ramos: not found 2027-2025,,,,,,
athlete_match_971b22bc1d18a752,medium,possible_existing_athlete_match,Karol Sanchez,WAG,Karla Sanchez,COL,0.923,"COL, COL",COL: 2026 - Colombian Championships (5 results),Karol Sanchez: not found 2027-2025 | Karla Sanchez: not found 2027-2025,accept_suggestion,same_country_review_reuse,merge as same athlete,,,Pre-filled from same-country admin decision memory. Country is unchanged; change-country cases still require manual review. Source: 2025 gymternet_2025_existing_athlete_match_review.csv.
athlete_match_e015325e5caaca45,medium,possible_existing_athlete_match,Léane Thonnel,WAG,Leane Thonnel,FRA,0.923,"FRA, FRA",FRA: 2026 - French Championships (5 results),Léane Thonnel: not found 2027-2025 | Leane Thonnel: not found 2027-2025,accept_suggestion,same_country_review_reuse,merge as same athlete,,,Pre-filled from same-country admin decision memory. Country is unchanged; change-country cases still require manual review. Source: 2025 gymternet_2025_existing_athlete_match_review.csv.
athlete_match_38706b0c39f3e8a0,medium,possible_existing_athlete_match,Martina Martin,WAG,Maria Martin,ESP,0.923,"ESP, ESP",ESP: 2026 - 1st Spanish League (1 results); 2026 - 2nd Spanish League (1 results),Martina Martin: not found 2027-2025 | Maria Martin: not found 2027-2025,accept_suggestion,same_country_review_reuse,merge as same athlete,,,Pre-filled from same-country admin decision memory. Country is unchanged; change-country cases still require manual review. Source: 2025 gymternet_2025_existing_athlete_match_review.csv.
athlete_match_56aec2656752298f,medium,possible_existing_athlete_match,Sara Sobolova,WAG,Sara Dobolova,CZE,0.923,"CZE, CZE",CZE: 2026 - Czech Championships (5 results),Sara Sobolova: not found 2027-2025 | Sara Dobolova: not found 2027-2025,accept_suggestion,same_country_review_reuse,merge as same athlete,,,Pre-filled from same-country admin decision memory. Country is unchanged; change-country cases still require manual review. Source: 2025 gymternet_2025_existing_athlete_match_review.csv.
athlete_match_c243550e61e7bc08,high,possible_existing_athlete_match,Sophia Daniel,WAG,Sophie Daniel,USA,0.923,"GBR, USA",GBR: 2026 - Welsh Championships (5 results),Sophia Daniel: not found 2027-2025 | Sophie Daniel: not found 2027-2025,,,,,,
athlete_match_8c17d1a4f35fbc9c,medium,possible_existing_athlete_match,Tasa Jevdenic,WAG,Taja Jevdenic,SLO,0.923,"SLO, SLO",SLO: 2026 - Salamunov Memorial (5 results),Tasa Jevdenic: not found 2027-2025 | Taja Jevdenic: not found 2027-2025,accept_suggestion,same_country_review_reuse,merge as same athlete,,,Pre-filled from same-country admin decision memory. Country is unchanged; change-country cases still require manual review. Source: 2025 gymternet_2025_existing_athlete_match_review.csv.
athlete_match_a9ed795b26b7041c,high,possible_existing_athlete_match,Dhruv Bhatia,MAG,Drhuv Bhatia,IND,0.917,"CAN, IND",CAN: 2026 - Canadian Championships (2 results),Dhruv Bhatia: not found 2027-2025 | Drhuv Bhatia: not found 2027-2025,,,,,,
athlete_match_9edd8fd19e47e1fc,medium,possible_existing_athlete_match,Franco Susic,MAG,Franko Susic,CRO,0.917,"CRO, CRO",CRO: 2026 - International Budapest Junior Cup (1 results),Franco Susic: not found 2027-2025 | Franko Susic: not found 2027-2025,,,,,,
athlete_match_e89ebf2eae907639,medium,possible_existing_athlete_match,Guo Tianlong,MAG,Gao Tianlong,CHN,0.917,"CHN, CHN",CHN: 2026 - Chinese Championships (1 results),Guo Tianlong: not found 2027-2025 | Gao Tianlong: not found 2027-2025,,,,,,
athlete_match_05b8a37d91661c9c,medium,possible_existing_athlete_match,Ivan Skhurov,MAG,Ivan Shkurov,RUS,0.917,"RUS, RUS",RUS: 2026 - Russian Cup (5 results),Ivan Skhurov: not found 2027-2025 | Ivan Shkurov: not found 2027-2025,accept_suggestion,same_country_review_reuse,merge as same athlete,,,Pre-filled from same-country admin decision memory. Country is unchanged; change-country cases still require manual review. Source: 2020 gymternet_2020_existing_athlete_match_review.csv.
athlete_match_8886c02743b252ba,medium,possible_existing_athlete_match,Josh George,MAG,Joshua George,USA,0.917,"USA, USA",USA: 2026 - Sam Mikulak Invitational (5 results),Josh George: not found 2027-2025 | Joshua George: not found 2027-2025,,,,,,
athlete_match_e610f49561390704,medium,possible_existing_athlete_match,Kim Yungyung,MAG,Kim Yunkyung,KOR,0.917,"KOR, KOR",KOR: 2026 - Singapore Open (5 results),Kim Yungyung: not found 2027-2025 | Kim Yunkyung: not found 2027-2025,accept_suggestion,same_country_review_reuse,merge as same athlete,,,Pre-filled from same-country admin decision memory. Country is unchanged; change-country cases still require manual review. Source: 2025 gymternet_2025_existing_athlete_match_review.csv.
athlete_match_6b80ba2664aba324,medium,possible_existing_athlete_match,Léo Saladino,MAG,Leo Saladino,FRA,0.917,"FRA, FRA",FRA: 2026 - French Championships (5 results),Léo Saladino: not found 2027-2025 | Leo Saladino: not found 2027-2025,accept_suggestion,same_country_review_reuse,merge as same athlete,,,Pre-filled from same-country admin decision memory. Country is unchanged; change-country cases still require manual review. Source: 2025 gymternet_2025_existing_athlete_match_review.csv.
athlete_match_21dbedac3ee0abd9,medium,possible_existing_athlete_match,Leui Holland,MAG,Levi Holland,NED,0.917,"NED, NED",NED: 2026 - Luxembourg Open (5 results),Leui Holland: not found 2027-2025 | Levi Holland: not found 2027-2025,,,,,,
athlete_match_055de50772f8751d,medium,possible_existing_athlete_match,Matvei Zanin,MAG,Matvey Zanin,RUS,0.917,"RUS, RUS",RUS: 2026 - Russian Cup (5 results),Matvei Zanin: not found 2027-2025 | Matvey Zanin: not found 2027-2025,accept_suggestion,same_country_review_reuse,merge as same athlete,,,Pre-filled from same-country admin decision memory. Country is unchanged; change-country cases still require manual review. Source: 2025 gymternet_2025_existing_athlete_match_review.csv.
athlete_match_36146e54e075a2e8,medium,possible_existing_athlete_match,Naël Sakouhi,MAG,Nael Sakouhi,FRA,0.917,"FRA, FRA",FRA: 2026 - Top 12 Series 2 (5 results),Naël Sakouhi: not found 2027-2025 | Nael Sakouhi: not found 2027-2025,accept_suggestion,same_country_review_reuse,merge as same athlete,,,Pre-filled from same-country admin decision memory. Country is unchanged; change-country cases still require manual review. Source: 2025 gymternet_2025_existing_athlete_match_review.csv.
athlete_match_609c10846fab757c,medium,possible_existing_athlete_match,Petr Kliment,MAG,Petr Klement,CZE,0.917,"CZE, CZE",CZE: 2026 - Hanspeter Demetz Memorial (5 results),Petr Kliment: not found 2027-2025 | Petr Klement: not found 2027-2025,,,,,,
athlete_match_02ff42ba226dd64a,medium,possible_existing_athlete_match,Zhang Baoxin,MAG,Zheng Baoxin,CHN,0.917,"CHN, CHN",CHN: 2026 - Chinese Championships (5 results),Zhang Baoxin: not found 2027-2025 | Zheng Baoxin: not found 2027-2025,,,,,,
athlete_match_0145e7e28a100e31,medium,possible_existing_athlete_match,Ana Espinosa,WAG,Ana Espinoza,COL,0.917,"COL, COL",COL: 2026 - Colombian Championships (5 results),Ana Espinosa: not found 2027-2025 | Ana Espinoza: not found 2027-2025,accept_suggestion,same_country_review_reuse,merge as same athlete,,,Pre-filled from same-country admin decision memory. Country is unchanged; change-country cases still require manual review. Source: 2024 gymternet_2024_existing_athlete_match_review.csv.
athlete_match_85c365049cfb70e0,medium,possible_existing_athlete_match,Anita Del Bò,WAG,Anita del Bo,ITA,0.917,"ITA, ITA",ITA: 2026 - 1st Italian Serie A (2 results); 2026 - 2nd Italian Serie A (1 results),Anita Del Bò: not found 2027-2025 | Anita del Bo: not found 2027-2025,accept_suggestion,same_country_review_reuse,merge as same athlete,,,Pre-filled from same-country admin decision memory. Country is unchanged; change-country cases still require manual review. Source: 2025 gymternet_2025_existing_athlete_match_review.csv.
athlete_match_f329f4594f91d8cd,medium,possible_existing_athlete_match,Aurelie Tran,WAG,Aurélie Tran,CAN,0.917,"CAN, CAN",CAN: 2026 - Canadian Championships (5 results),Aurelie Tran: not found 2027-2025 | Aurélie Tran: not found 2027-2025,,,,,,
athlete_match_d75027c79a3df3b1,medium,possible_existing_athlete_match,Célia Serber,WAG,Celia Serber,FRA,0.917,"FRA, FRA",FRA: 2026 - City of Jesolo Trophy (3 results); 2026 - French National Test (2 results),Célia Serber: not found 2027-2025 | Celia Serber: not found 2027-2025,accept_suggestion,same_country_review_reuse,merge as same athlete,,,Pre-filled from same-country admin decision memory. Country is unchanged; change-country cases still require manual review. Source: 2025 gymternet_2025_existing_athlete_match_review.csv.
athlete_match_61265ee00bb090a3,medium,possible_existing_athlete_match,Dalila Burke,WAG,Dailia Burke,TTO,0.917,"TTO, TTO",TTO: 2026 - Pan American Championships (5 results),Dalila Burke: not found 2027-2025 | Dailia Burke: not found 2027-2025,,,,,,
athlete_match_53cd8800468148bc,high,possible_existing_athlete_match,Danna Sanchez,WAG,Ana Sanchez,ESP,0.917,"ESP, PER",PER: 2026 - South American Youth Games (5 results),Danna Sanchez: not found 2027-2025 | Ana Sanchez: not found 2027-2025,,,,,,
athlete_match_73d2afb9ede473b1,medium,possible_existing_athlete_match,Élina Nemour,WAG,Elina Nemour,ALG,0.917,"ALG, ALG",ALG: 2026 - French Championships (5 results),Élina Nemour: not found 2027-2025 | Elina Nemour: not found 2027-2025,,,,,,
athlete_match_23d4d6061eb5111e,medium,possible_existing_athlete_match,Loïcia Porte,WAG,Loicia Porte,FRA,0.917,"FRA, FRA",FRA: 2026 - French National Test (1 results),Loïcia Porte: not found 2027-2025 | Loicia Porte: not found 2027-2025,accept_suggestion,same_country_review_reuse,merge as same athlete,,,Pre-filled from same-country admin decision memory. Country is unchanged; change-country cases still require manual review. Source: 2021 gymternet_2021_existing_athlete_match_review.csv.
athlete_match_135a9c9981c124a1,high,possible_existing_athlete_match,Lya Lefebvre,WAG,Lea Lefebvre,FRA,0.917,"CAN, FRA",CAN: 2026 - Canadian Championships (5 results),Lya Lefebvre: not found 2027-2025 | Lea Lefebvre: not found 2027-2025,,,,,,
athlete_match_5ddb096292af4e84,medium,possible_existing_athlete_match,Maria Perez,WAG,Marimar Perez,ESP,0.917,"ESP, ESP",ESP: 2026 - 1st Spanish League (2 results); 2026 - 2nd Spanish League (2 results),Maria Perez: not found 2027-2025 | Marimar Perez: not found 2027-2025,,,,,,
athlete_match_b63eba52fbdd0079,high,possible_existing_athlete_match,Martina Diaz,WAG,Mariana Diaz,MEX,0.917,"ESP, MEX",ESP: 2026 - 2nd Spanish League (1 results),Martina Diaz: not found 2027-2025 | Mariana Diaz: not found 2027-2025,,,,,,
athlete_match_8a9f326480d4a5b2,medium,possible_existing_athlete_match,Sara Vicente,WAG,Lara Vicente,BRA,0.917,"BRA, BRA",BRA: 2026 - Brazil Trophy (2 results),Sara Vicente: not found 2027-2025 | Lara Vicente: not found 2027-2025,,,,,,
athlete_match_737e44c0492dfc6a,medium,possible_existing_athlete_match,Zelmé Daries,WAG,Zelme Daries,RSA,0.917,"RSA, RSA",RSA: 2026 - African Championships (5 results),Zelmé Daries: not found 2027-2025 | Zelme Daries: not found 2027-2025,accept_suggestion,same_country_review_reuse,merge as same athlete,,,Pre-filled from same-country admin decision memory. Country is unchanged; change-country cases still require manual review. Source: 2025 gymternet_2025_existing_athlete_match_review.csv.
athlete_match_0edf42b9a9303845,medium,possible_existing_athlete_match,Arthur Olyslaegers,MAG,Arthur Oylsaegers,BEL,0.914,"BEL, BEL",BEL: 2026 - DTB Pokal Team Challenge (5 results),Arthur Olyslaegers: not found 2027-2025 | Arthur Oylsaegers: not found 2027-2025,accept_suggestion,same_country_review_reuse,merge as same athlete,,,Pre-filled from same-country admin decision memory. Country is unchanged; change-country cases still require manual review. Source: 2025 gymternet_2025_existing_athlete_match_review.csv.
athlete_match_eb09286763b9837e,medium,possible_existing_athlete_match,Viktoria Gerasimova,WAG,Viktoria Raimova,RUS,0.914,"RUS, RUS",RUS: 2026 - Russian Junior Team Championships (4 results),Viktoria Gerasimova: not found 2027-2025 | Viktoria Raimova: not found 2027-2025,,,,,,
athlete_match_1eea26d7c8a7c577,medium,possible_existing_athlete_match,Aidan Myers,MAG,Aiden Myers,USA,0.909,"USA, USA",USA: 2026 - NCAA Week 6 (1 results),Aidan Myers: not found 2027-2025 | Aiden Myers: not found 2027-2025,,,,,,
athlete_match_5559f5f158406edd,medium,possible_existing_athlete_match,Caleb Isava,MAG,Caleb Ysava,VEN,0.909,"VEN, VEN",VEN: 2026 - South American Youth Games (5 results),Caleb Isava: not found 2027-2025 | Caleb Ysava: not found 2027-2025,,,,,,
athlete_match_bd3259e47b3915d6,medium,possible_existing_athlete_match,Denis Scala,MAG,Denis Skala,GBR,0.909,"GBR, GBR",GBR: 2026 - Welsh Championships (5 results),Denis Scala: not found 2027-2025 | Denis Skala: not found 2027-2025,,,,,,
athlete_match_c96c9be4757c7545,medium,possible_existing_athlete_match,Ihor Dyshuk,MAG,Igor Dyshuk,UKR,0.909,"UKR, UKR",UKR: 2026 - Koper Challenge Cup (1 results); 2026 - Osijek World Cup (2 results); 2026 - Varna Challenge Cup (2 results),Ihor Dyshuk: not found 2027-2025 | Igor Dyshuk: not found 2027-2025,accept_suggestion,same_country_review_reuse,merge as same athlete,,,Pre-filled from same-country admin decision memory. Country is unchanged; change-country cases still require manual review. Source: 2025 gymternet_2025_existing_athlete_match_review.csv.
athlete_match_455997eae9e417a0,medium,possible_existing_athlete_match,Kirill Korzhavich,MAG,Kirill Korzhavin,RUS,0.909,"RUS, RUS",RUS: 2026 - Russian Cup (5 results),Kirill Korzhavich: not found 2027-2025 | Kirill Korzhavin: not found 2027-2025,,,,,,
athlete_match_6b57a2ad08e196fa,high,possible_existing_athlete_match,Lee Yu-Chen,MAG,Yu Chen Lee,USA,0.909,"TPE, USA",TPE: 2026 - Koper Challenge Cup (2 results),Lee Yu-Chen: not found 2027-2025 | Yu Chen Lee: not found 2027-2025,,,,,,
athlete_match_e52f146c08fe0576,high,possible_existing_athlete_match,Ritan Malik,MAG,Ritam Malik,AUS,0.909,"AUS, USA",USA: 2026 - NCAA Week 8 (1 results),Ritan Malik: not found 2027-2025 | Ritam Malik: not found 2027-2025,,,,,,
athlete_match_fe2bca48980e4941,medium,possible_existing_athlete_match,Thomas Kjønsberg,MAG,Thomas Kjoensberg,NOR,0.909,"NOR, NOR",NOR: 2026 - Norwegian Championships (5 results),Thomas Kjønsberg: not found 2027-2025 | Thomas Kjoensberg: not found 2027-2025,accept_suggestion,same_country_review_reuse,merge as same athlete,,,Pre-filled from same-country admin decision memory. Country is unchanged; change-country cases still require manual review. Source: 2025 gymternet_2025_existing_athlete_match_review.csv.
athlete_match_339d6ff28c6e83ca,medium,possible_existing_athlete_match,Yang Haoran,MAG,Yang Haonan,CHN,0.909,"CHN, CHN",CHN: 2026 - Chinese Championships MT (2 results),Yang Haoran: not found 2027-2025 | Yang Haonan: not found 2027-2025,,,,,,
athlete_match_f96cbafb1ecbc0f8,medium,possible_existing_athlete_match,Charlotte Duthion Léon,WAG,Charlotte Duthion León,FRA,0.909,"FRA, FRA",FRA: 2026 - French Championships (5 results),Charlotte Duthion Léon: not found 2027-2025 | Charlotte Duthion León: not found 2027-2025,,,,,,
athlete_match_f311f6e260266e65,medium,possible_existing_athlete_match,Elizaveta Anosova,WAG,Elizaveta Basova,RUS,0.909,"RUS, RUS",RUS: 2026 - Russian Junior Team Championships (4 results),Elizaveta Anosova: not found 2027-2025 | Elizaveta Basova: not found 2027-2025,,,,,,
athlete_match_5af35e98acf347ee,medium,possible_existing_athlete_match,Hana Skubec,WAG,Hana Skubic,SLO,0.909,"SLO, SLO",SLO: 2026 - Hanspeter Demetz Memorial (5 results),Hana Skubec: not found 2027-2025 | Hana Skubic: not found 2027-2025,,,,,,
athlete_match_e08bfe31cc659355,medium,possible_existing_athlete_match,Ines Del Bò,WAG,Ines del Bo,ITA,0.909,"ITA, ITA",ITA: 2026 - 3rd Italian Serie A (2 results); 2026 - Champion's Cup (2 results),Ines Del Bò: not found 2027-2025 | Ines del Bo: not found 2027-2025,accept_suggestion,same_country_review_reuse,merge as same athlete,,,Pre-filled from same-country admin decision memory. Country is unchanged; change-country cases still require manual review. Source: 2025 gymternet_2025_existing_athlete_match_review.csv.
athlete_match_741bd895d0284938,medium,possible_existing_athlete_match,Julia Silva,WAG,Julie Silva,BRA,0.909,"BRA, BRA",BRA: 2026 - Brazil Trophy (5 results),Julia Silva: not found 2027-2025 | Julie Silva: not found 2027-2025,accept_suggestion,same_country_review_reuse,merge as same athlete,,,Pre-filled from same-country admin decision memory. Country is unchanged; change-country cases still require manual review. Source: 2025 gymternet_2025_existing_athlete_match_review.csv.
athlete_match_79e9580f5eae7863,medium,possible_existing_athlete_match,Maïana Prat,WAG,Maiana Prat,FRA,0.909,"FRA, FRA",FRA: 2026 - French Championships (5 results),Maïana Prat: not found 2027-2025 | Maiana Prat: not found 2027-2025,accept_suggestion,same_country_review_reuse,merge as same athlete,,,Pre-filled from same-country admin decision memory. Country is unchanged; change-country cases still require manual review. Source: 2025 gymternet_2025_existing_athlete_match_review.csv.
athlete_match_193d683d747e8096,medium,possible_existing_athlete_match,Maria Cerdà,WAG,Maria Cerda,ESP,0.909,"ESP, ESP",ESP: 2026 - 1st Spanish League (2 results); 2026 - 2nd Spanish League (2 results),Maria Cerdà: not found 2027-2025 | Maria Cerda: not found 2027-2025,,,,,,
athlete_match_b99769b3ed6d5e29,medium,possible_existing_athlete_match,Julianne Thibault,WAG,Julia Thibault,CAN,0.903,"CAN, CAN",CAN: 2026 - Canadian Championships (5 results),Julianne Thibault: not found 2027-2025 | Julia Thibault: not found 2027-2025,,,,,,
athlete_match_126082b598f66664,medium,possible_existing_athlete_match,Karina Pavlova,WAG,Ekaterina Pavlova,RUS,0.903,"RUS, RUS",RUS: 2026 - Russian Cup (5 results),Karina Pavlova: not found 2027-2025 | Ekaterina Pavlova: not found 2027-2025,accept_suggestion,same_country_review_reuse,merge as same athlete,,,Pre-filled from same-country admin decision memory. Country is unchanged; change-country cases still require manual review. Source: 2025 gymternet_2025_existing_athlete_match_review.csv.
athlete_match_6ee9b3ed50efd1d3,medium,possible_existing_athlete_match,Muhammad Bariq Mat Daud,MAG,Muhammad Bariq Adif Mat Daud,MAS,0.902,"MAS, MAS",MAS: 2026 - Asian Championships (5 results),Muhammad Bariq Mat Daud: not found 2027-2025 | Muhammad Bariq Adif Mat Daud: not found 2027-2025,accept_suggestion,same_country_review_reuse,merge as same athlete,,,Pre-filled from same-country admin decision memory. Country is unchanged; change-country cases still require manual review. Source: 2023 gymternet_2023_existing_athlete_match_review.csv.
athlete_match_3d0fc4bad372a9bc,high,possible_existing_athlete_match,David Long,MAG,David Wong,SGP,0.9,"SGP, USA",USA: 2026 - West Point Open (3 results),David Long: not found 2027-2025 | David Wong: not found 2027-2025,,,,,,
athlete_match_1c8dec85708e279f,medium,possible_existing_athlete_match,James Hill,MAG,James Hall,GBR,0.9,"GBR, GBR",GBR: 2026 - British Championships (5 results),James Hill: not found 2027-2025 | James Hall: not found 2027-2025,accept_suggestion,same_country_review_reuse,merge as same athlete,,,Pre-filled from same-country admin decision memory. Country is unchanged; change-country cases still require manual review. Source: 2025 gymternet_2025_existing_athlete_match_review.csv.
athlete_match_e5605e3c5646eb02,medium,possible_existing_athlete_match,Roméo Jost,MAG,Romeo Jost,BEL,0.9,"BEL, BEL",BEL: 2026 - Belgian Championships (1 results); 2026 - DTB Pokal Team Challenge (4 results),Roméo Jost: not found 2027-2025 | Romeo Jost: not found 2027-2025,accept_suggestion,same_country_review_reuse,merge as same athlete,,,Pre-filled from same-country admin decision memory. Country is unchanged; change-country cases still require manual review. Source: 2025 gymternet_2025_existing_athlete_match_review.csv.
athlete_match_b30b5fd61df777c1,medium,possible_existing_athlete_match,Lee Hyejin,WAG,Lee Haejin,KOR,0.9,"KOR, KOR",KOR: 2026 - Asian Championships (5 results),Lee Hyejin: not found 2027-2025 | Lee Haejin: not found 2027-2025,accept_suggestion,same_country_review_reuse,merge as same athlete,,,Pre-filled from same-country admin decision memory. Country is unchanged; change-country cases still require manual review. Source: 2025 gymternet_2025_existing_athlete_match_review.csv.
athlete_match_4e802b4634eae7cb,medium,possible_existing_athlete_match,Marissa Zaiful Azian,WAG,Marrisa Zaiful Azlan,MAS,0.9,"MAS, MAS",MAS: 2026 - Asian Championships (2 results),Marissa Zaiful Azian: not found 2027-2025 | Marrisa Zaiful Azlan: not found 2027-2025,accept_suggestion,same_country_review_reuse,merge as same athlete,,,Pre-filled from same-country admin decision memory. Country is unchanged; change-country cases still require manual review. Source: 2024 gymternet_2024_existing_athlete_match_review.csv.
athlete_match_0c50f81ed1e118af,medium,possible_existing_athlete_match,Sophia Lee,WAG,Sophie Lee,GBR,0.9,"GBR, GBR",GBR: 2026 - English Championships (5 results),Sophia Lee: not found 2027-2025 | Sophie Lee: not found 2027-2025,,,,,,
athlete_match_bd65cf3dc4a8eb65,medium,possible_existing_athlete_match,Wang Jiali,WAG,Wang Jiayi,CHN,0.9,"CHN, CHN",CHN: 2026 - Chinese Championships (3 results),Wang Jiali: not found 2027-2025 | Wang Jiayi: not found 2027-2025,accept_suggestion,same_country_review_reuse,merge as same athlete,,,Pre-filled from same-country admin decision memory. Country is unchanged; change-country cases still require manual review. Source: 2025 gymternet_2025_existing_athlete_match_review.csv.
athlete_match_ba9d82c92c79ee6b,high,possible_existing_athlete_match,Angel Martinez,MAG,Manuel Martinez,COL,0.897,"COL, MEX",MEX: 2026 - Mexican Championships (5 results),Angel Martinez: not found 2027-2025 | Manuel Martinez: not found 2027-2025,,,,,,
athlete_match_7e91792b860e95ec,medium,possible_existing_athlete_match,Artyom Selikhov,MAG,Artem Selikhov,RUS,0.897,"RUS, RUS",RUS: 2026 - Russian Cup (5 results),Artyom Selikhov: not found 2027-2025 | Artem Selikhov: not found 2027-2025,accept_suggestion,same_country_review_reuse,merge as same athlete,,,Pre-filled from same-country admin decision memory. Country is unchanged; change-country cases still require manual review. Source: 2025 gymternet_2025_existing_athlete_match_review.csv.
athlete_match_3137ba97db1ced57,medium,possible_existing_athlete_match,Bernardo Santos,MAG,Bernardo Actos,BRA,0.897,"BRA, BRA",BRA: 2026 - Brazil Trophy (5 results),Bernardo Santos: not found 2027-2025 | Bernardo Actos: not found 2027-2025,accept_suggestion,same_country_review_reuse,merge as same athlete,,,Pre-filled from same-country admin decision memory. Country is unchanged; change-country cases still require manual review. Source: 2025 gymternet_2025_existing_athlete_match_review.csv.
athlete_match_b40ca23914a743ad,medium,possible_existing_athlete_match,Viktor Kortnev,MAG,Viktor Kortynov,RUS,0.897,"RUS, RUS",RUS: 2026 - Russian Cup (3 results),Viktor Kortnev: not found 2027-2025 | Viktor Kortynov: not found 2027-2025,accept_suggestion,same_country_review_reuse,merge as same athlete,,,Pre-filled from same-country admin decision memory. Country is unchanged; change-country cases still require manual review. Source: 2024 gymternet_2024_existing_athlete_match_review.csv.
athlete_match_5a27da4475426f15,medium,possible_existing_athlete_match,Daniela Fialova,WAG,Daniela Halova,CZE,0.897,"CZE, CZE",CZE: 2026 - Czech Championships (5 results),Daniela Fialova: not found 2027-2025 | Daniela Halova: not found 2027-2025,,,,,,
athlete_match_730751e72e4beb5c,high,possible_existing_athlete_match,Erika Ivanova,WAG,Veronika Ivanova,BUL,0.897,"BUL, RUS",RUS: 2026 - Russian Junior Team Championships (4 results),Erika Ivanova: not found 2027-2025 | Veronika Ivanova: not found 2027-2025,,,,,,
athlete_match_2afaeb352ef3f70c,medium,possible_existing_athlete_match,Hannah Schmidt,WAG,Johanna Schmidt,GER,0.897,"GER, GER",GER: 2026 - German Junior Championships (5 results),Hannah Schmidt: not found 2027-2025 | Johanna Schmidt: not found 2027-2025,accept_suggestion,same_country_review_reuse,merge as same athlete,,,Pre-filled from same-country admin decision memory. Country is unchanged; change-country cases still require manual review. Source: 2025 gymternet_2025_existing_athlete_match_review.csv.
athlete_match_7fff8e3f582145d0,medium,possible_existing_athlete_match,Maria Fedorova,WAG,Darina Fedorova,RUS,0.897,"RUS, RUS",RUS: 2026 - Russian Junior Team Championships (4 results),Maria Fedorova: not found 2027-2025 | Darina Fedorova: not found 2027-2025,,,,,,
athlete_match_793e6bb20e55c05d,medium,possible_existing_athlete_match,Mariana Alvarez,WAG,Carina Alvarez,MEX,0.897,"MEX, MEX",MEX: 2026 - Mexican Championships (5 results),Mariana Alvarez: not found 2027-2025 | Carina Alvarez: not found 2027-2025,accept_suggestion,same_country_review_reuse,merge as same athlete,,,Pre-filled from same-country admin decision memory. Country is unchanged; change-country cases still require manual review. Source: 2025 gymternet_2025_existing_athlete_match_review.csv.
athlete_match_ce8d90ab19935400,medium,possible_existing_athlete_match,Milana Lebedeva,WAG,Diana Lebedeva,RUS,0.897,"RUS, RUS",RUS: 2026 - Russian Cup (5 results),Milana Lebedeva: not found 2027-2025 | Diana Lebedeva: not found 2027-2025,accept_suggestion,same_country_review_reuse,merge as same athlete,,,Pre-filled from same-country admin decision memory. Country is unchanged; change-country cases still require manual review. Source: 2023 gymternet_2023_existing_athlete_match_review.csv.
athlete_match_ef95f06cf1529617,medium,possible_existing_athlete_match,Safina Yusupova,WAG,Sofia Yusupova,RUS,0.897,"RUS, RUS",RUS: 2026 - Russian Junior Team Championships (4 results),Safina Yusupova: not found 2027-2025 | Sofia Yusupova: not found 2027-2025,,,,,,
athlete_match_ce3a97631cf46ce9,high,possible_existing_athlete_match,Sara Castrillon,WAG,Sara Castellon,BOL,0.897,"BOL, COL",COL: 2026 - Colombian Championships (4 results),Sara Castrillon: not found 2027-2025 | Sara Castellon: not found 2027-2025,,,,,,
athlete_match_3355b9de8b54ed70,medium,possible_existing_athlete_match,Sara Fernandez,WAG,Clara Fernandez,ESP,0.897,"ESP, ESP",ESP: 2026 - 2nd Spanish League (2 results); 2026 - Spanish League Final (3 results),Sara Fernandez: not found 2027-2025 | Clara Fernandez: not found 2027-2025,,,,,,
athlete_match_46a5ea32c74d70e5,medium,possible_existing_athlete_match,Ekaterina Semenova,WAG,Ekaterina Emengulova,RUS,0.895,"RUS, RUS",RUS: 2026 - Russian Junior Team Championships (5 results),Ekaterina Semenova: not found 2027-2025 | Ekaterina Emengulova: not found 2027-2025,,,,,,
athlete_match_3da3ea565f743f50,medium,possible_existing_athlete_match,Lilja Gunnarsdottir,WAG,Elisa Gunnarsdottir,ISL,0.895,"ISL, ISL",ISL: 2026 - Icelandic Championships (5 results),Lilja Gunnarsdottir: not found 2027-2025 | Elisa Gunnarsdottir: not found 2027-2025,accept_suggestion,same_country_review_reuse,merge as same athlete,,,Pre-filled from same-country admin decision memory. Country is unchanged; change-country cases still require manual review. Source: 2025 gymternet_2025_existing_athlete_match_review.csv.
athlete_match_1ca9d2d4b29b705a,medium,possible_existing_athlete_match,Shantae-Eve Amankwaah,WAG,Shantae Amankwaah,GBR,0.895,"GBR, GBR",GBR: 2026 - British Championships (5 results),Shantae-Eve Amankwaah: not found 2027-2025 | Shantae Amankwaah: not found 2027-2025,accept_suggestion,same_country_review_reuse,merge as same athlete,,,Pre-filled from same-country admin decision memory. Country is unchanged; change-country cases still require manual review. Source: 2025 gymternet_2025_existing_athlete_match_review.csv.
athlete_match_a903bc6b051f8152,medium,possible_existing_athlete_match,Sofiya Razumouskaya,WAG,Sofiya Rozumowskaya,POL,0.895,"POL, POL",POL: 2026 - Salamunov Memorial (5 results),Sofiya Razumouskaya: not found 2027-2025 | Sofiya Rozumowskaya: not found 2027-2025,accept_suggestion,same_country_review_reuse,merge as same athlete,,,Pre-filled from same-country admin decision memory. Country is unchanged; change-country cases still require manual review. Source: 2025 gymternet_2025_existing_athlete_match_review.csv.
athlete_match_39cb3eba3170424d,medium,possible_existing_athlete_match,Danil Zaitsev,MAG,Daniil Zaytsev,RUS,0.889,"RUS, RUS",RUS: 2026 - Russian Junior Team Championships (5 results),Danil Zaitsev: not found 2027-2025 | Daniil Zaytsev: not found 2027-2025,accept_suggestion,same_country_review_reuse,merge as same athlete,,,Pre-filled from same-country admin decision memory. Country is unchanged; change-country cases still require manual review. Source: 2025 gymternet_2025_existing_athlete_match_review.csv.
athlete_match_65ba3ab0965bd78f,medium,possible_existing_athlete_match,Erasmus Viljoen,MAG,Eras Viljoen,NZL,0.889,"NZL, NZL",NZL: 2026 - Oceania Championships (4 results),Erasmus Viljoen: not found 2027-2025 | Eras Viljoen: not found 2027-2025,,,,,,
athlete_match_3975578ca8734513,medium,possible_existing_athlete_match,Hillarion Iii Palles,MAG,Hillarion Palles,PHI,0.889,"PHI, PHI",PHI: 2026 - Asian Championships (5 results),Hillarion Iii Palles: not found 2027-2025 | Hillarion Palles: not found 2027-2025,,,,,,
athlete_match_961317ea16a71c61,medium,possible_existing_athlete_match,Md Rafil Ahamed,MAG,Rafil Ahamed,BAN,0.889,"BAN, BAN",BAN: 2026 - Singapore Open (5 results),Md Rafil Ahamed: not found 2027-2025 | Rafil Ahamed: not found 2027-2025,,,,,,
athlete_match_fb90f82ea52cdcab,medium,possible_existing_athlete_match,Nikita Eremin,MAG,Nikita Eryomin,RUS,0.889,"RUS, RUS",RUS: 2026 - Russian Junior Team Championships (5 results),Nikita Eremin: not found 2027-2025 | Nikita Eryomin: not found 2027-2025,,,,,,
athlete_match_2f479b49efa320f0,medium,possible_existing_athlete_match,Sam Phillips,MAG,Samuel Phillips,USA,0.889,"USA, USA",USA: 2026 - NCAA Week 10 (3 results); 2026 - NCAA Week 9 (2 results),Sam Phillips: not found 2027-2025 | Samuel Phillips: not found 2027-2025,accept_suggestion,same_country_review_reuse,merge as same athlete,,,Pre-filled from same-country admin decision memory. Country is unchanged; change-country cases still require manual review. Source: 2019 gymternet_2019_existing_athlete_match_review.csv.
athlete_match_75d7e54aa727f4ec,medium,possible_existing_athlete_match,Tom Meier,MAG,Tim Meier,GER,0.889,"GER, GER",GER: 2026 - German Junior Championships (5 results),Tom Meier: not found 2027-2025 | Tim Meier: not found 2027-2025,accept_suggestion,same_country_review_reuse,merge as same athlete,,,Pre-filled from same-country admin decision memory. Country is unchanged; change-country cases still require manual review. Source: 2025 gymternet_2025_existing_athlete_match_review.csv.
athlete_match_ad785be2a76d06e2,medium,possible_existing_athlete_match,Andreza Lima,WAG,Andreza de Lima,BRA,0.889,"BRA, BRA",BRA: 2026 - Brazil Trophy (2 results); 2026 - Koper Challenge Cup (1 results),Andreza Lima: not found 2027-2025 | Andreza de Lima: not found 2027-2025,accept_suggestion,same_country_review_reuse,merge as same athlete,,,Pre-filled from same-country admin decision memory. Country is unchanged; change-country cases still require manual review. Source: 2025 gymternet_2025_existing_athlete_match_review.csv.
athlete_match_e7b6c6cf70c7a9d5,high,possible_existing_athlete_match,Eira Martinez,WAG,Leila Martinez,ARG,0.889,"ARG, MEX",MEX: 2026 - Mexican Championships (5 results),Eira Martinez: not found 2027-2025 | Leila Martinez: not found 2027-2025,,,,,,
athlete_match_5f3a00b1ba980d7a,medium,possible_existing_athlete_match,Elisa Bugaqku,WAG,Erlisa Bugacku,KOS,0.889,"KOS, KOS",KOS: 2026 - Salamunov Memorial (5 results),Elisa Bugaqku: not found 2027-2025 | Erlisa Bugacku: not found 2027-2025,,,,,,
athlete_match_e82538a9b96439b4,medium,possible_existing_athlete_match,Iisa Kettunen,WAG,Iiris Kettunen,FIN,0.889,"FIN, FIN",FIN: 2026 - Finnish Junior Championships (5 results),Iisa Kettunen: not found 2027-2025 | Iiris Kettunen: not found 2027-2025,,,,,,
athlete_match_2b8dfab08c1dc21f,medium,possible_existing_athlete_match,Jessica Brown,WAG,Jessica Burton,GBR,0.889,"GBR, GBR",GBR: 2026 - British Championships (5 results),Jessica Brown: not found 2027-2025 | Jessica Burton: not found 2027-2025,,,,,,
athlete_match_a44a41660c09d148,medium,possible_existing_athlete_match,Laia Vilà,WAG,Laia Vila,ESP,0.889,"ESP, ESP",ESP: 2026 - Spanish League Final (5 results),Laia Vilà: not found 2027-2025 | Laia Vila: not found 2027-2025,,,,,,
athlete_match_b2b966c2a6e86495,medium,possible_existing_athlete_match,Léa Franceries,WAG,Lea Francerie,FRA,0.889,"FRA, FRA",FRA: 2026 - French Championships (5 results),Léa Franceries: not found 2027-2025 | Lea Francerie: not found 2027-2025,accept_suggestion,same_country_review_reuse,merge as same athlete,,,Pre-filled from same-country admin decision memory. Country is unchanged; change-country cases still require manual review. Source: 2025 gymternet_2025_existing_athlete_match_review.csv.
athlete_match_6755cf7fc41703d9,medium,possible_existing_athlete_match,Liu Xingyu,WAG,Liu Xing,CHN,0.889,"CHN, CHN",CHN: 2026 - Chinese Championships (5 results),Liu Xingyu: not found 2027-2025 | Liu Xing: not found 2027-2025,,,,,,
athlete_match_3106fa505e70ba88,high,possible_existing_athlete_match,Maria Ferreira,WAG,Maria Pereira,GBR,0.889,"GBR, POR",POR: 2026 - International GymSport (5 results),Maria Ferreira: not found 2027-2025 | Maria Pereira: not found 2027-2025,,,,,,
athlete_match_4f9c02e32f918680,medium,possible_existing_athlete_match,Yu Yanyue,WAG,Yu Hanyue,CHN,0.889,"CHN, CHN",CHN: 2026 - Chinese Championships (5 results),Yu Yanyue: not found 2027-2025 | Yu Hanyue: not found 2027-2025,,,,,,
athlete_match_f132000050b42cea,medium,possible_existing_athlete_match,Zoe Ewens,WAG,Zoé Ewens,CAN,0.889,"CAN, CAN",CAN: 2026 - Canadian Championships (5 results),Zoe Ewens: not found 2027-2025 | Zoé Ewens: not found 2027-2025,,,,,,
athlete_match_91d38acacdece872,medium,possible_existing_athlete_match,Andrei Kirvosheev,MAG,Andrey Krivosheev,RUS,0.882,"RUS, RUS",RUS: 2026 - Russian Championships (1 results),Andrei Kirvosheev: not found 2027-2025 | Andrey Krivosheev: not found 2027-2025,,,,,,
athlete_match_97adb01d4ababb2f,medium,possible_existing_athlete_match,Maria Andryushina,WAG,Maria Vanyushkina,RUS,0.882,"RUS, RUS",RUS: 2026 - Russian Junior Team Championships (4 results),Maria Andryushina: not found 2027-2025 | Maria Vanyushkina: not found 2027-2025,,,,,,
athlete_match_1b56328b3ac38154,medium,possible_existing_athlete_match,Tatiana Savrilova,WAG,Tatiana Sviridova,RUS,0.882,"RUS, RUS",RUS: 2026 - Russian Junior Team Championships (5 results),Tatiana Savrilova: not found 2027-2025 | Tatiana Sviridova: not found 2027-2025,,,,,,
athlete_match_51e0dca385564e8c,medium,possible_existing_athlete_match,Kim Hyeongman,MAG,Kim Hyungman,KOR,0.88,"KOR, KOR",KOR: 2026 - Singapore Open (5 results),Kim Hyeongman: not found 2027-2025 | Kim Hyungman: not found 2027-2025,,,,,,
athlete_match_27e75777cade1df8,medium,possible_existing_athlete_match,Samuele Paci,MAG,Samuele Liaci,ITA,0.88,"ITA, ITA",ITA: 2026 - Champion's Cup (1 results),Samuele Paci: not found 2027-2025 | Samuele Liaci: not found 2027-2025,,,,,,
athlete_match_b079d5d32b1b8d50,medium,possible_existing_athlete_match,Will Howard,MAG,William Howard,USA,0.88,"USA, USA",USA: 2026 - U.S. Men's National Qualifier (4 results),Will Howard: not found 2027-2025 | William Howard: not found 2027-2025,,,,,,
athlete_match_4a85ebb19f8bea38,medium,possible_existing_athlete_match,Alina Yashina,WAG,Alina Yarina,RUS,0.88,"RUS, RUS",RUS: 2026 - Russian Cup (5 results),Alina Yashina: not found 2027-2025 | Alina Yarina: not found 2027-2025,,,,,,
athlete_match_34990dd88f4e91ae,medium,possible_existing_athlete_match,Jeon Seohyeon,WAG,Jeon Seohyun,KOR,0.88,"KOR, KOR",KOR: 2026 - Singapore Open (5 results),Jeon Seohyeon: not found 2027-2025 | Jeon Seohyun: not found 2027-2025,,,,,,
athlete_match_f9711b8258d3f4e3,medium,possible_existing_athlete_match,Lucia Sanchez,WAG,Elia Sanchez,ESP,0.88,"ESP, ESP",ESP: 2026 - 2nd Spanish League (1 results),Lucia Sanchez: not found 2027-2025 | Elia Sanchez: not found 2027-2025,,,,,,
athlete_match_5549f2d1af37ecb0,high,possible_existing_athlete_match,Maria Aguilar,WAG,Aina Aguilar,ESP,0.88,"COL, ESP",COL: 2026 - Colombian Championships (2 results),Maria Aguilar: not found 2027-2025 | Aina Aguilar: not found 2027-2025,,,,,,
athlete_match_9bda66cb6aaefed7,medium,possible_existing_athlete_match,Maria Menezes,WAG,Maria Mendes,POR,0.88,"POR, POR",POR: 2026 - International GymSport (5 results),Maria Menezes: not found 2027-2025 | Maria Mendes: not found 2027-2025,accept_suggestion,same_country_review_reuse,merge as same athlete,,,Pre-filled from same-country admin decision memory. Country is unchanged; change-country cases still require manual review. Source: 2025 gymternet_2025_existing_athlete_match_review.csv.
athlete_match_a0e57b661e686e69,high,possible_existing_athlete_match,Maria Titova,WAG,Karina Titova,LAT,0.88,"LAT, RUS",RUS: 2026 - Russian Junior Team Championships (4 results),Maria Titova: not found 2027-2025 | Karina Titova: not found 2027-2025,,,,,,
athlete_match_c9cde0f4b5521107,high,possible_existing_athlete_match,Martina Begnes,WAG,Martina Bes,ESP,0.88,"ARG, ESP",ARG: 2026 - Pan American Championships (5 results),Martina Begnes: not found 2027-2025 | Martina Bes: not found 2027-2025,,,,,,
athlete_match_a9dd07f37687facd,high,possible_existing_athlete_match,Sophia Garcia,WAG,Sofia Garcia,VEN,0.88,"MEX, VEN",MEX: 2026 - Mexican Championships (5 results),Sophia Garcia: not found 2027-2025 | Sofia Garcia: not found 2027-2025,,,,,,
athlete_match_86bea8072950eb97,high,possible_existing_athlete_match,Valeria Belova,WAG,Lera Belova,BUL,0.88,"BUL, RUS",RUS: 2026 - Russian Cup (1 results),Valeria Belova: not found 2027-2025 | Lera Belova: not found 2027-2025,,,,,,
athlete_match_472016408d822895,medium,possible_existing_athlete_match,Yeva Vakulina,WAG,Eva Bakulina,RUS,0.88,"RUS, RUS",RUS: 2026 - Russian Cup (5 results),Yeva Vakulina: not found 2027-2025 | Eva Bakulina: not found 2027-2025,,,,,,
