review_id,problem_type,severity,message,source_sheet,source_row,event_name,year,athlete_name,country,discipline,category,apparatus,vt_attempt,day,format,round,D_score,vault_attempt_order_uncertain,suggestion_count,top_suggestion_id,top_suggestion_type,top_suggestion_confidence,top_suggestion_message,top_target_event_name,top_target_year,top_target_athlete_name,top_target_country,top_target_discipline,top_target_category,top_target_apparatus,top_target_vt_attempt,top_target_day,top_target_format,top_target_round,top_target_score,top_target_D_score,top_target_source_sheet,top_target_source_row,all_suggestions_json
orphan_76ca733772df7893,possible_context_mismatch,review,"Possible format, round, or day mismatch.",MAG D,130,Cottbus World Cup,2026,Agust Davidsson,ISL,MAG,senior,PB,,,individual,qualification,4.7,False,1,suggestion_552971ad56be8f33,context_correction,0.65,"Same athlete/event/apparatus exists in the score sheet, but format, round, or day is different.",Cottbus World Cup,2026,Agust Davidsson,ISL,MAG,senior,PB,,,apparatus,final,13.366,4.7,MAG,128,"[{""suggestion_id"": ""suggestion_552971ad56be8f33"", ""suggestion_type"": ""context_correction"", ""confidence"": 0.65, ""message"": ""Same athlete/event/apparatus exists in the score sheet, but format, round, or day is different."", ""action"": ""attach_d_score_to_target_result"", ""changes"": {""format"": {""from"": ""individual"", ""to"": ""apparatus""}, ""round"": {""from"": ""qualification"", ""to"": ""final""}, ""day"": {""from"": null, ""to"": null}}, ""target_result"": {""event_name"": ""Cottbus World Cup"", ""year"": 2026, ""athlete_name"": ""Agust Davidsson"", ""country"": ""ISL"", ""discipline"": ""MAG"", ""category"": ""senior"", ""apparatus"": ""PB"", ""vt_attempt"": null, ""day"": null, ""format"": ""apparatus"", ""round"": ""final"", ""score"": 13.366, ""D_score"": 4.7, ""vault_attempt_order_uncertain"": false, ""source_sheet"": ""MAG"", ""source_row"": 128, ""target_id"": ""target_a90fc3847ad7ba95""}}]"
orphan_339cb15132c3cc65,possible_event_name_mismatch,review,Possible event-name mismatch between the D sheet and the score sheet.,MAG D,208,NCAA Week 8,2026,Akseli Karsikas,USA,MAG,senior,FX,,,individual,final,5.0,False,1,suggestion_9c130e8c5f617f5a,event_name_correction,0.909,D-score event 'NCAA Week 8' may match score-sheet event 'NCAA Week 5'.,NCAA Week 5,2026,Akseli Karsikas,FIN,MAG,senior,FX,,,individual,final,12.25,5.1,MAG,203,"[{""suggestion_id"": ""suggestion_9c130e8c5f617f5a"", ""suggestion_type"": ""event_name_correction"", ""confidence"": 0.909, ""message"": ""D-score event 'NCAA Week 8' may match score-sheet event 'NCAA Week 5'."", ""action"": ""attach_d_score_to_target_result"", ""changes"": {""event_name"": {""from"": ""NCAA Week 8"", ""to"": ""NCAA Week 5""}}, ""target_result"": {""event_name"": ""NCAA Week 5"", ""year"": 2026, ""athlete_name"": ""Akseli Karsikas"", ""country"": ""FIN"", ""discipline"": ""MAG"", ""category"": ""senior"", ""apparatus"": ""FX"", ""vt_attempt"": null, ""day"": null, ""format"": ""individual"", ""round"": ""final"", ""score"": 12.25, ""D_score"": 5.1, ""vault_attempt_order_uncertain"": false, ""source_sheet"": ""MAG"", ""source_row"": 203, ""target_id"": ""target_df1dc0b888d84bac""}}]"
orphan_fecadae84ec8b8fe,missing_final_score_for_context,review,"The athlete/event exists, but not this apparatus/context.",MAG D,325,Belgian Championships,2026,Alessio Corda,BEL,MAG,senior,SR,,,individual,final,4.4,False,0,,,,,,,,,,,,,,,,,,,,[]
orphan_71e315659bcbd941,possible_context_mismatch,review,"Possible format, round, or day mismatch.",MAG D,395,Austrian Championships,2026,Alexander Pfaffenbauer,AUT,MAG,senior,VT,1,,apparatus,final,4.8,True,1,suggestion_d5b9ea1e8bd8b0b5,context_correction,0.65,"Same athlete/event/apparatus exists in the score sheet, but format, round, or day is different.",Austrian Championships,2026,Alexander Pfaffenbauer,AUT,MAG,senior,VT,1,,individual,final,13.05,4.8,MAG,394,"[{""suggestion_id"": ""suggestion_d5b9ea1e8bd8b0b5"", ""suggestion_type"": ""context_correction"", ""confidence"": 0.65, ""message"": ""Same athlete/event/apparatus exists in the score sheet, but format, round, or day is different."", ""action"": ""attach_d_score_to_target_result"", ""changes"": {""format"": {""from"": ""apparatus"", ""to"": ""individual""}, ""round"": {""from"": ""final"", ""to"": ""final""}, ""day"": {""from"": null, ""to"": null}}, ""target_result"": {""event_name"": ""Austrian Championships"", ""year"": 2026, ""athlete_name"": ""Alexander Pfaffenbauer"", ""country"": ""AUT"", ""discipline"": ""MAG"", ""category"": ""senior"", ""apparatus"": ""VT"", ""vt_attempt"": 1, ""day"": null, ""format"": ""individual"", ""round"": ""final"", ""score"": 13.05, ""D_score"": 4.8, ""vault_attempt_order_uncertain"": true, ""source_sheet"": ""MAG"", ""source_row"": 394, ""target_id"": ""target_59251f7a61d284f7""}}]"
orphan_4789d791276030df,possible_context_mismatch,review,"Possible format, round, or day mismatch.",MAG D,395,Austrian Championships,2026,Alexander Pfaffenbauer,AUT,MAG,senior,VT,2,,apparatus,final,3.6,True,1,suggestion_fc18ba3e5af60232,context_correction,0.65,"Same athlete/event/apparatus exists in the score sheet, but format, round, or day is different.",Austrian Championships,2026,Alexander Pfaffenbauer,AUT,MAG,senior,VT,2,,individual,final,12.65,3.6,MAG,394,"[{""suggestion_id"": ""suggestion_fc18ba3e5af60232"", ""suggestion_type"": ""context_correction"", ""confidence"": 0.65, ""message"": ""Same athlete/event/apparatus exists in the score sheet, but format, round, or day is different."", ""action"": ""attach_d_score_to_target_result"", ""changes"": {""format"": {""from"": ""apparatus"", ""to"": ""individual""}, ""round"": {""from"": ""final"", ""to"": ""final""}, ""day"": {""from"": null, ""to"": null}}, ""target_result"": {""event_name"": ""Austrian Championships"", ""year"": 2026, ""athlete_name"": ""Alexander Pfaffenbauer"", ""country"": ""AUT"", ""discipline"": ""MAG"", ""category"": ""senior"", ""apparatus"": ""VT"", ""vt_attempt"": 2, ""day"": null, ""format"": ""individual"", ""round"": ""final"", ""score"": 12.65, ""D_score"": 3.6, ""vault_attempt_order_uncertain"": true, ""source_sheet"": ""MAG"", ""source_row"": 394, ""target_id"": ""target_c220c9c12bc497c3""}}]"
orphan_214e3e62ba2dec99,missing_final_score_for_context,review,"The athlete/event exists, but not this apparatus/context.",MAG D,423,British Championships,2026,Alfie Wild,GBR,MAG,junior,VT,2,,individual,final,2.0,True,0,,,,,,,,,,,,,,,,,,,,[]
orphan_684e674d7ad38f8b,missing_final_score_for_context,review,"The athlete/event exists, but not this apparatus/context.",MAG D,513,3rd Italian Serie A,2026,Andrea Passini,ITA,MAG,senior,PH,,,individual,final,3.7,False,0,,,,,,,,,,,,,,,,,,,,[]
orphan_8d08f08bf4b8c59c,athlete_missing_in_score_sheet,review,"The event/apparatus/context exists, but this athlete is missing in the score sheet.",MAG D,537,4th Bundesliga,2026,Andrei Mihai,GER,MAG,senior,HB,,,individual,final,3.9,False,0,,,,,,,,,,,,,,,,,,,,[]
orphan_b0afa259630f9924,athlete_missing_in_score_sheet,review,"The event/apparatus/context exists, but this athlete is missing in the score sheet.",MAG D,537,4th Bundesliga,2026,Andrei Mihai,GER,MAG,senior,PB,,,individual,final,4.0,False,0,,,,,,,,,,,,,,,,,,,,[]
orphan_681f8cb57116d71c,athlete_missing_in_score_sheet,review,"The event/apparatus/context exists, but this athlete is missing in the score sheet.",MAG D,537,4th Bundesliga,2026,Andrei Mihai,GER,MAG,senior,PH,,,individual,final,4.0,False,0,,,,,,,,,,,,,,,,,,,,[]
orphan_087ab9bf732ef19c,athlete_missing_in_score_sheet,review,"The event/apparatus/context exists, but this athlete is missing in the score sheet.",MAG D,537,4th Bundesliga,2026,Andrei Mihai,GER,MAG,senior,SR,,,individual,final,3.6,False,0,,,,,,,,,,,,,,,,,,,,[]
orphan_50b2d9a87111a134,athlete_missing_in_score_sheet,review,"The event/apparatus/context exists, but this athlete is missing in the score sheet.",MAG D,537,4th Bundesliga,2026,Andrei Mihai,GER,MAG,senior,VT,1,,individual,final,4.4,True,0,,,,,,,,,,,,,,,,,,,,[]
orphan_5d7c3f8bdc079e44,possible_context_mismatch,review,"Possible format, round, or day mismatch.",MAG D,732,International Junior Team Cup,2026,Aron Horvath,HUN,MAG,junior,VT,1,,apparatus,final,4.8,True,1,suggestion_f1932979d325b2cc,context_correction,0.65,"Same athlete/event/apparatus exists in the score sheet, but format, round, or day is different.",International Junior Team Cup,2026,Aron Horvath,HUN,MAG,junior,VT,1,,individual,final,14.0,4.8,MAG,728,"[{""suggestion_id"": ""suggestion_f1932979d325b2cc"", ""suggestion_type"": ""context_correction"", ""confidence"": 0.65, ""message"": ""Same athlete/event/apparatus exists in the score sheet, but format, round, or day is different."", ""action"": ""attach_d_score_to_target_result"", ""changes"": {""format"": {""from"": ""apparatus"", ""to"": ""individual""}, ""round"": {""from"": ""final"", ""to"": ""final""}, ""day"": {""from"": null, ""to"": null}}, ""target_result"": {""event_name"": ""International Junior Team Cup"", ""year"": 2026, ""athlete_name"": ""Aron Horvath"", ""country"": ""HUN"", ""discipline"": ""MAG"", ""category"": ""junior"", ""apparatus"": ""VT"", ""vt_attempt"": 1, ""day"": null, ""format"": ""individual"", ""round"": ""final"", ""score"": 14.0, ""D_score"": 4.8, ""vault_attempt_order_uncertain"": true, ""source_sheet"": ""MAG"", ""source_row"": 728, ""target_id"": ""target_96d5ef181f11bacf""}}]"
orphan_b9f8e1e7aaae7fcf,possible_context_mismatch,review,"Possible format, round, or day mismatch.",MAG D,732,International Junior Team Cup,2026,Aron Horvath,HUN,MAG,junior,VT,2,,apparatus,final,4.4,True,1,suggestion_eff3c9254f6bafa9,context_correction,0.65,"Same athlete/event/apparatus exists in the score sheet, but format, round, or day is different.",International Junior Team Cup,2026,Aron Horvath,HUN,MAG,junior,VT,2,,individual,final,12.95,,MAG,728,"[{""suggestion_id"": ""suggestion_eff3c9254f6bafa9"", ""suggestion_type"": ""context_correction"", ""confidence"": 0.65, ""message"": ""Same athlete/event/apparatus exists in the score sheet, but format, round, or day is different."", ""action"": ""attach_d_score_to_target_result"", ""changes"": {""format"": {""from"": ""apparatus"", ""to"": ""individual""}, ""round"": {""from"": ""final"", ""to"": ""final""}, ""day"": {""from"": null, ""to"": null}}, ""target_result"": {""event_name"": ""International Junior Team Cup"", ""year"": 2026, ""athlete_name"": ""Aron Horvath"", ""country"": ""HUN"", ""discipline"": ""MAG"", ""category"": ""junior"", ""apparatus"": ""VT"", ""vt_attempt"": 2, ""day"": null, ""format"": ""individual"", ""round"": ""final"", ""score"": 12.95, ""D_score"": null, ""vault_attempt_order_uncertain"": true, ""source_sheet"": ""MAG"", ""source_row"": 728, ""target_id"": ""target_0c83c4ee8f30e0cc""}}]"
orphan_483d2685cd6046d2,possible_context_mismatch,review,"Possible format, round, or day mismatch.",MAG D,777,Luxembourg Open,2026,Arthur Olyslaegers,BEL,MAG,junior,VT,1,,apparatus,final,4.4,True,1,suggestion_9993dc168d18ec67,context_correction,0.65,"Same athlete/event/apparatus exists in the score sheet, but format, round, or day is different.",Luxembourg Open,2026,Arthur Olyslaegers,BEL,MAG,junior,VT,1,,individual,final,13.75,4.4,MAG,777,"[{""suggestion_id"": ""suggestion_9993dc168d18ec67"", ""suggestion_type"": ""context_correction"", ""confidence"": 0.65, ""message"": ""Same athlete/event/apparatus exists in the score sheet, but format, round, or day is different."", ""action"": ""attach_d_score_to_target_result"", ""changes"": {""format"": {""from"": ""apparatus"", ""to"": ""individual""}, ""round"": {""from"": ""final"", ""to"": ""final""}, ""day"": {""from"": null, ""to"": null}}, ""target_result"": {""event_name"": ""Luxembourg Open"", ""year"": 2026, ""athlete_name"": ""Arthur Olyslaegers"", ""country"": ""BEL"", ""discipline"": ""MAG"", ""category"": ""junior"", ""apparatus"": ""VT"", ""vt_attempt"": 1, ""day"": null, ""format"": ""individual"", ""round"": ""final"", ""score"": 13.75, ""D_score"": 4.4, ""vault_attempt_order_uncertain"": true, ""source_sheet"": ""MAG"", ""source_row"": 777, ""target_id"": ""target_acb1fee5f73b3e46""}}]"
orphan_5087f6997be7de40,possible_context_mismatch,review,"Possible format, round, or day mismatch.",MAG D,777,Luxembourg Open,2026,Arthur Olyslaegers,BEL,MAG,junior,VT,2,,apparatus,final,3.6,True,1,suggestion_0bee463a0dbe55fc,context_correction,0.65,"Same athlete/event/apparatus exists in the score sheet, but format, round, or day is different.",Luxembourg Open,2026,Arthur Olyslaegers,BEL,MAG,junior,VT,2,,individual,final,12.75,3.6,MAG,777,"[{""suggestion_id"": ""suggestion_0bee463a0dbe55fc"", ""suggestion_type"": ""context_correction"", ""confidence"": 0.65, ""message"": ""Same athlete/event/apparatus exists in the score sheet, but format, round, or day is different."", ""action"": ""attach_d_score_to_target_result"", ""changes"": {""format"": {""from"": ""apparatus"", ""to"": ""individual""}, ""round"": {""from"": ""final"", ""to"": ""final""}, ""day"": {""from"": null, ""to"": null}}, ""target_result"": {""event_name"": ""Luxembourg Open"", ""year"": 2026, ""athlete_name"": ""Arthur Olyslaegers"", ""country"": ""BEL"", ""discipline"": ""MAG"", ""category"": ""junior"", ""apparatus"": ""VT"", ""vt_attempt"": 2, ""day"": null, ""format"": ""individual"", ""round"": ""final"", ""score"": 12.75, ""D_score"": 3.6, ""vault_attempt_order_uncertain"": true, ""source_sheet"": ""MAG"", ""source_row"": 777, ""target_id"": ""target_0e7867f97f0c45d7""}}]"
orphan_1db0f52141c937c3,possible_context_mismatch,review,"Possible format, round, or day mismatch.",MAG D,895,Unni & Haralds Trophy,2026,August Gamkinn,NOR,MAG,junior,VT,2,,individual,final,2.8,True,1,suggestion_a0d3546d83a1b9c3,context_correction,0.65,"Same athlete/event/apparatus exists in the score sheet, but format, round, or day is different.",Unni & Haralds Trophy,2026,August Gamkinn,NOR,MAG,junior,VT,2,,apparatus,final,11.6,2.8,MAG,898,"[{""suggestion_id"": ""suggestion_a0d3546d83a1b9c3"", ""suggestion_type"": ""context_correction"", ""confidence"": 0.65, ""message"": ""Same athlete/event/apparatus exists in the score sheet, but format, round, or day is different."", ""action"": ""attach_d_score_to_target_result"", ""changes"": {""format"": {""from"": ""individual"", ""to"": ""apparatus""}, ""round"": {""from"": ""final"", ""to"": ""final""}, ""day"": {""from"": null, ""to"": null}}, ""target_result"": {""event_name"": ""Unni & Haralds Trophy"", ""year"": 2026, ""athlete_name"": ""August Gamkinn"", ""country"": ""NOR"", ""discipline"": ""MAG"", ""category"": ""junior"", ""apparatus"": ""VT"", ""vt_attempt"": 2, ""day"": null, ""format"": ""apparatus"", ""round"": ""final"", ""score"": 11.6, ""D_score"": 2.8, ""vault_attempt_order_uncertain"": true, ""source_sheet"": ""MAG"", ""source_row"": 898, ""target_id"": ""target_aa44d8d4b56c181c""}}]"
orphan_c68fe2bd3e3b4d26,athlete_missing_in_score_sheet,review,"The event/apparatus/context exists, but this athlete is missing in the score sheet.",MAG D,989,British Championships,2026,Ben Kinnell,GBR,MAG,junior,FX,,,individual,final,3.6,False,0,,,,,,,,,,,,,,,,,,,,[]
orphan_d09358584951adaa,athlete_missing_in_score_sheet,review,"The event/apparatus/context exists, but this athlete is missing in the score sheet.",MAG D,989,British Championships,2026,Ben Kinnell,GBR,MAG,junior,HB,,,individual,final,2.7,False,0,,,,,,,,,,,,,,,,,,,,[]
orphan_0d3d7f61c6b08798,athlete_missing_in_score_sheet,review,"The event/apparatus/context exists, but this athlete is missing in the score sheet.",MAG D,989,British Championships,2026,Ben Kinnell,GBR,MAG,junior,PB,,,individual,final,2.9,False,0,,,,,,,,,,,,,,,,,,,,[]
orphan_69a582350903e9ae,athlete_missing_in_score_sheet,review,"The event/apparatus/context exists, but this athlete is missing in the score sheet.",MAG D,989,British Championships,2026,Ben Kinnell,GBR,MAG,junior,PH,,,individual,final,2.2,False,0,,,,,,,,,,,,,,,,,,,,[]
orphan_9c9e198f67979eb1,athlete_missing_in_score_sheet,review,"The event/apparatus/context exists, but this athlete is missing in the score sheet.",MAG D,989,British Championships,2026,Ben Kinnell,GBR,MAG,junior,SR,,,individual,final,3.1,False,0,,,,,,,,,,,,,,,,,,,,[]
orphan_c83d4bc0c6688d9b,athlete_missing_in_score_sheet,review,"The event/apparatus/context exists, but this athlete is missing in the score sheet.",MAG D,989,British Championships,2026,Ben Kinnell,GBR,MAG,junior,VT,1,,individual,final,3.6,True,0,,,,,,,,,,,,,,,,,,,,[]
orphan_fdfc38d7b25047d8,possible_context_mismatch,review,"Possible format, round, or day mismatch.",MAG D,1085,Luxembourg Open,2026,Bidzina Sitchinava,GEO,MAG,senior,VT,1,,apparatus,final,3.6,True,1,suggestion_02cd3849f20a9294,context_correction,0.65,"Same athlete/event/apparatus exists in the score sheet, but format, round, or day is different.",Luxembourg Open,2026,Bidzina Sitchinava,GEO,MAG,senior,VT,1,,individual,final,12.6,3.6,MAG,1086,"[{""suggestion_id"": ""suggestion_02cd3849f20a9294"", ""suggestion_type"": ""context_correction"", ""confidence"": 0.65, ""message"": ""Same athlete/event/apparatus exists in the score sheet, but format, round, or day is different."", ""action"": ""attach_d_score_to_target_result"", ""changes"": {""format"": {""from"": ""apparatus"", ""to"": ""individual""}, ""round"": {""from"": ""final"", ""to"": ""final""}, ""day"": {""from"": null, ""to"": null}}, ""target_result"": {""event_name"": ""Luxembourg Open"", ""year"": 2026, ""athlete_name"": ""Bidzina Sitchinava"", ""country"": ""GEO"", ""discipline"": ""MAG"", ""category"": ""senior"", ""apparatus"": ""VT"", ""vt_attempt"": 1, ""day"": null, ""format"": ""individual"", ""round"": ""final"", ""score"": 12.6, ""D_score"": 3.6, ""vault_attempt_order_uncertain"": true, ""source_sheet"": ""MAG"", ""source_row"": 1086, ""target_id"": ""target_596e6408200c6f3f""}}]"
orphan_e5ac112b7e7d4767,possible_context_mismatch,review,"Possible format, round, or day mismatch.",MAG D,1085,Luxembourg Open,2026,Bidzina Sitchinava,GEO,MAG,senior,VT,2,,apparatus,final,2.8,True,1,suggestion_4845d29a938dcda1,context_correction,0.65,"Same athlete/event/apparatus exists in the score sheet, but format, round, or day is different.",Luxembourg Open,2026,Bidzina Sitchinava,GEO,MAG,senior,VT,2,,individual,final,11.65,2.8,MAG,1086,"[{""suggestion_id"": ""suggestion_4845d29a938dcda1"", ""suggestion_type"": ""context_correction"", ""confidence"": 0.65, ""message"": ""Same athlete/event/apparatus exists in the score sheet, but format, round, or day is different."", ""action"": ""attach_d_score_to_target_result"", ""changes"": {""format"": {""from"": ""apparatus"", ""to"": ""individual""}, ""round"": {""from"": ""final"", ""to"": ""final""}, ""day"": {""from"": null, ""to"": null}}, ""target_result"": {""event_name"": ""Luxembourg Open"", ""year"": 2026, ""athlete_name"": ""Bidzina Sitchinava"", ""country"": ""GEO"", ""discipline"": ""MAG"", ""category"": ""senior"", ""apparatus"": ""VT"", ""vt_attempt"": 2, ""day"": null, ""format"": ""individual"", ""round"": ""final"", ""score"": 11.65, ""D_score"": 2.8, ""vault_attempt_order_uncertain"": true, ""source_sheet"": ""MAG"", ""source_row"": 1086, ""target_id"": ""target_6b1dbc1fdeb1fccb""}}]"
orphan_6d72423bda54e11d,possible_context_mismatch,review,"Possible format, round, or day mismatch.",MAG D,1207,Unni & Haralds Trophy,2026,Brian Rugland,NOR,MAG,senior,VT,2,,individual,final,2.8,True,1,suggestion_435df9e80ab65d3a,context_correction,0.65,"Same athlete/event/apparatus exists in the score sheet, but format, round, or day is different.",Unni & Haralds Trophy,2026,Brian Rugland,NOR,MAG,senior,VT,2,,apparatus,final,12.0,2.8,MAG,1212,"[{""suggestion_id"": ""suggestion_435df9e80ab65d3a"", ""suggestion_type"": ""context_correction"", ""confidence"": 0.65, ""message"": ""Same athlete/event/apparatus exists in the score sheet, but format, round, or day is different."", ""action"": ""attach_d_score_to_target_result"", ""changes"": {""format"": {""from"": ""individual"", ""to"": ""apparatus""}, ""round"": {""from"": ""final"", ""to"": ""final""}, ""day"": {""from"": null, ""to"": null}}, ""target_result"": {""event_name"": ""Unni & Haralds Trophy"", ""year"": 2026, ""athlete_name"": ""Brian Rugland"", ""country"": ""NOR"", ""discipline"": ""MAG"", ""category"": ""senior"", ""apparatus"": ""VT"", ""vt_attempt"": 2, ""day"": null, ""format"": ""apparatus"", ""round"": ""final"", ""score"": 12.0, ""D_score"": 2.8, ""vault_attempt_order_uncertain"": true, ""source_sheet"": ""MAG"", ""source_row"": 1212, ""target_id"": ""target_b53d07c9efe130cf""}}]"
orphan_25f73d905a5dede8,missing_final_score_for_context,review,"The athlete/event exists, but not this apparatus/context.",MAG D,1393,British Championships,2026,Charlie Mussett,GBR,MAG,junior,VT,2,,individual,final,2.8,True,0,,,,,,,,,,,,,,,,,,,,[]
orphan_05f55f960bcd5c29,possible_context_mismatch,review,"Possible format, round, or day mismatch.",MAG D,1451,Australian Championships,2026,Chris Remkes,AUS,MAG,senior,VT,2,,individual,qualification,4.8,True,1,suggestion_2bbd5967a5fd5418,context_correction,0.65,"Same athlete/event/apparatus exists in the score sheet, but format, round, or day is different.",Australian Championships,2026,Chris Remkes,AUS,MAG,senior,VT,2,,apparatus,final,14.401,4.8,MAG,1462,"[{""suggestion_id"": ""suggestion_2bbd5967a5fd5418"", ""suggestion_type"": ""context_correction"", ""confidence"": 0.65, ""message"": ""Same athlete/event/apparatus exists in the score sheet, but format, round, or day is different."", ""action"": ""attach_d_score_to_target_result"", ""changes"": {""format"": {""from"": ""individual"", ""to"": ""apparatus""}, ""round"": {""from"": ""qualification"", ""to"": ""final""}, ""day"": {""from"": null, ""to"": null}}, ""target_result"": {""event_name"": ""Australian Championships"", ""year"": 2026, ""athlete_name"": ""Chris Remkes"", ""country"": ""AUS"", ""discipline"": ""MAG"", ""category"": ""senior"", ""apparatus"": ""VT"", ""vt_attempt"": 2, ""day"": null, ""format"": ""apparatus"", ""round"": ""final"", ""score"": 14.401, ""D_score"": 4.8, ""vault_attempt_order_uncertain"": true, ""source_sheet"": ""MAG"", ""source_row"": 1462, ""target_id"": ""target_4ef1ed098a66f371""}}]"
orphan_08dec36a095dc30b,athlete_missing_in_score_sheet,review,"The event/apparatus/context exists, but this athlete is missing in the score sheet.",MAG D,1518,West Point Open,2026,Cole Miller,USA,MAG,senior,FX,,,individual,final,5.0,False,0,,,,,,,,,,,,,,,,,,,,[]
orphan_f619fc149c67c6f3,athlete_missing_in_score_sheet,review,"The event/apparatus/context exists, but this athlete is missing in the score sheet.",MAG D,1518,West Point Open,2026,Cole Miller,USA,MAG,senior,VT,1,,individual,final,4.8,True,0,,,,,,,,,,,,,,,,,,,,[]
orphan_232f4893a3259bfc,possible_context_mismatch,review,"Possible format, round, or day mismatch.",MAG D,1551,Australian Championships,2026,Conor McGillivray,AUS,MAG,senior,VT,2,,individual,qualification,3.6,True,1,suggestion_43de8414a09a0fe5,context_correction,0.65,"Same athlete/event/apparatus exists in the score sheet, but format, round, or day is different.",Australian Championships,2026,Conor McGillivray,AUS,MAG,senior,VT,2,,apparatus,final,12.6,3.6,MAG,1563,"[{""suggestion_id"": ""suggestion_43de8414a09a0fe5"", ""suggestion_type"": ""context_correction"", ""confidence"": 0.65, ""message"": ""Same athlete/event/apparatus exists in the score sheet, but format, round, or day is different."", ""action"": ""attach_d_score_to_target_result"", ""changes"": {""format"": {""from"": ""individual"", ""to"": ""apparatus""}, ""round"": {""from"": ""qualification"", ""to"": ""final""}, ""day"": {""from"": null, ""to"": null}}, ""target_result"": {""event_name"": ""Australian Championships"", ""year"": 2026, ""athlete_name"": ""Conor McGillivray"", ""country"": ""AUS"", ""discipline"": ""MAG"", ""category"": ""senior"", ""apparatus"": ""VT"", ""vt_attempt"": 2, ""day"": null, ""format"": ""apparatus"", ""round"": ""final"", ""score"": 12.6, ""D_score"": 3.6, ""vault_attempt_order_uncertain"": true, ""source_sheet"": ""MAG"", ""source_row"": 1563, ""target_id"": ""target_36fef95e74f3db52""}}]"
orphan_7ee7d2506fdd3b25,possible_context_mismatch,review,"Possible format, round, or day mismatch.",MAG D,1623,Luxembourg Open,2026,Dani Scheper,NED,MAG,junior,VT,1,,apparatus,final,4.4,True,1,suggestion_1c110ee9499ddf49,context_correction,0.65,"Same athlete/event/apparatus exists in the score sheet, but format, round, or day is different.",Luxembourg Open,2026,Dani Scheper,NED,MAG,junior,VT,1,,individual,final,13.35,4.4,MAG,1631,"[{""suggestion_id"": ""suggestion_1c110ee9499ddf49"", ""suggestion_type"": ""context_correction"", ""confidence"": 0.65, ""message"": ""Same athlete/event/apparatus exists in the score sheet, but format, round, or day is different."", ""action"": ""attach_d_score_to_target_result"", ""changes"": {""format"": {""from"": ""apparatus"", ""to"": ""individual""}, ""round"": {""from"": ""final"", ""to"": ""final""}, ""day"": {""from"": null, ""to"": null}}, ""target_result"": {""event_name"": ""Luxembourg Open"", ""year"": 2026, ""athlete_name"": ""Dani Scheper"", ""country"": ""NED"", ""discipline"": ""MAG"", ""category"": ""junior"", ""apparatus"": ""VT"", ""vt_attempt"": 1, ""day"": null, ""format"": ""individual"", ""round"": ""final"", ""score"": 13.35, ""D_score"": 4.4, ""vault_attempt_order_uncertain"": true, ""source_sheet"": ""MAG"", ""source_row"": 1631, ""target_id"": ""target_376f357bbeaa664a""}}]"
orphan_d6f22189fa2b81ae,possible_context_mismatch,review,"Possible format, round, or day mismatch.",MAG D,1623,Luxembourg Open,2026,Dani Scheper,NED,MAG,junior,VT,2,,apparatus,final,2.4,True,1,suggestion_8271a85be4132943,context_correction,0.65,"Same athlete/event/apparatus exists in the score sheet, but format, round, or day is different.",Luxembourg Open,2026,Dani Scheper,NED,MAG,junior,VT,2,,individual,final,11.75,2.4,MAG,1631,"[{""suggestion_id"": ""suggestion_8271a85be4132943"", ""suggestion_type"": ""context_correction"", ""confidence"": 0.65, ""message"": ""Same athlete/event/apparatus exists in the score sheet, but format, round, or day is different."", ""action"": ""attach_d_score_to_target_result"", ""changes"": {""format"": {""from"": ""apparatus"", ""to"": ""individual""}, ""round"": {""from"": ""final"", ""to"": ""final""}, ""day"": {""from"": null, ""to"": null}}, ""target_result"": {""event_name"": ""Luxembourg Open"", ""year"": 2026, ""athlete_name"": ""Dani Scheper"", ""country"": ""NED"", ""discipline"": ""MAG"", ""category"": ""junior"", ""apparatus"": ""VT"", ""vt_attempt"": 2, ""day"": null, ""format"": ""individual"", ""round"": ""final"", ""score"": 11.75, ""D_score"": 2.4, ""vault_attempt_order_uncertain"": true, ""source_sheet"": ""MAG"", ""source_row"": 1631, ""target_id"": ""target_045dd545bedb375e""}}]"
orphan_da4b9209801fdc35,possible_athlete_name_typo,review,Possible athlete-name typo between the D sheet and the score sheet.,MAG D,2047,Russian Junior Team Championships,2026,Dmitriy Mikhalchenko,RUS,MAG,junior,FX,,,team,final,2.6,False,1,suggestion_d25767be15e5f92c,athlete_name_correction,0.976,D-score athlete 'Dmitriy Mikhalchenko' probably matches score-sheet athlete 'Dmitriy Mikhalchenkov'.,Russian Junior Team Championships,2026,Dmitriy Mikhalchenkov,RUS,MAG,junior,FX,,,team,final,11.266,,MAG,2064,"[{""suggestion_id"": ""suggestion_d25767be15e5f92c"", ""suggestion_type"": ""athlete_name_correction"", ""confidence"": 0.976, ""message"": ""D-score athlete 'Dmitriy Mikhalchenko' probably matches score-sheet athlete 'Dmitriy Mikhalchenkov'."", ""action"": ""attach_d_score_to_target_result"", ""changes"": {""athlete_name"": {""from"": ""Dmitriy Mikhalchenko"", ""to"": ""Dmitriy Mikhalchenkov""}}, ""target_result"": {""event_name"": ""Russian Junior Team Championships"", ""year"": 2026, ""athlete_name"": ""Dmitriy Mikhalchenkov"", ""country"": ""RUS"", ""discipline"": ""MAG"", ""category"": ""junior"", ""apparatus"": ""FX"", ""vt_attempt"": null, ""day"": null, ""format"": ""team"", ""round"": ""final"", ""score"": 11.266, ""D_score"": null, ""vault_attempt_order_uncertain"": false, ""source_sheet"": ""MAG"", ""source_row"": 2064, ""target_id"": ""target_e39e411ab68ed026""}}]"
orphan_8efea06c08a7d219,possible_athlete_name_typo,review,Possible athlete-name typo between the D sheet and the score sheet.,MAG D,2047,Russian Junior Team Championships,2026,Dmitriy Mikhalchenko,RUS,MAG,junior,HB,,,team,final,1.9,False,1,suggestion_48ed2f1ec203de9c,athlete_name_correction,0.976,D-score athlete 'Dmitriy Mikhalchenko' probably matches score-sheet athlete 'Dmitriy Mikhalchenkov'.,Russian Junior Team Championships,2026,Dmitriy Mikhalchenkov,RUS,MAG,junior,HB,,,team,final,10.166,,MAG,2064,"[{""suggestion_id"": ""suggestion_48ed2f1ec203de9c"", ""suggestion_type"": ""athlete_name_correction"", ""confidence"": 0.976, ""message"": ""D-score athlete 'Dmitriy Mikhalchenko' probably matches score-sheet athlete 'Dmitriy Mikhalchenkov'."", ""action"": ""attach_d_score_to_target_result"", ""changes"": {""athlete_name"": {""from"": ""Dmitriy Mikhalchenko"", ""to"": ""Dmitriy Mikhalchenkov""}}, ""target_result"": {""event_name"": ""Russian Junior Team Championships"", ""year"": 2026, ""athlete_name"": ""Dmitriy Mikhalchenkov"", ""country"": ""RUS"", ""discipline"": ""MAG"", ""category"": ""junior"", ""apparatus"": ""HB"", ""vt_attempt"": null, ""day"": null, ""format"": ""team"", ""round"": ""final"", ""score"": 10.166, ""D_score"": null, ""vault_attempt_order_uncertain"": false, ""source_sheet"": ""MAG"", ""source_row"": 2064, ""target_id"": ""target_3ca3b02f76e2d70b""}}]"
orphan_87bd25e5544c900c,possible_athlete_name_typo,review,Possible athlete-name typo between the D sheet and the score sheet.,MAG D,2047,Russian Junior Team Championships,2026,Dmitriy Mikhalchenko,RUS,MAG,junior,PB,,,team,final,2.6,False,1,suggestion_844e0a7c7b04f13f,athlete_name_correction,0.976,D-score athlete 'Dmitriy Mikhalchenko' probably matches score-sheet athlete 'Dmitriy Mikhalchenkov'.,Russian Junior Team Championships,2026,Dmitriy Mikhalchenkov,RUS,MAG,junior,PB,,,team,final,11.1,,MAG,2064,"[{""suggestion_id"": ""suggestion_844e0a7c7b04f13f"", ""suggestion_type"": ""athlete_name_correction"", ""confidence"": 0.976, ""message"": ""D-score athlete 'Dmitriy Mikhalchenko' probably matches score-sheet athlete 'Dmitriy Mikhalchenkov'."", ""action"": ""attach_d_score_to_target_result"", ""changes"": {""athlete_name"": {""from"": ""Dmitriy Mikhalchenko"", ""to"": ""Dmitriy Mikhalchenkov""}}, ""target_result"": {""event_name"": ""Russian Junior Team Championships"", ""year"": 2026, ""athlete_name"": ""Dmitriy Mikhalchenkov"", ""country"": ""RUS"", ""discipline"": ""MAG"", ""category"": ""junior"", ""apparatus"": ""PB"", ""vt_attempt"": null, ""day"": null, ""format"": ""team"", ""round"": ""final"", ""score"": 11.1, ""D_score"": null, ""vault_attempt_order_uncertain"": false, ""source_sheet"": ""MAG"", ""source_row"": 2064, ""target_id"": ""target_30210708ec5fd739""}}]"
orphan_68f08b5f07119518,possible_athlete_name_typo,review,Possible athlete-name typo between the D sheet and the score sheet.,MAG D,2047,Russian Junior Team Championships,2026,Dmitriy Mikhalchenko,RUS,MAG,junior,PH,,,team,final,2.8,False,1,suggestion_b16c5e99cd8e9020,athlete_name_correction,0.976,D-score athlete 'Dmitriy Mikhalchenko' probably matches score-sheet athlete 'Dmitriy Mikhalchenkov'.,Russian Junior Team Championships,2026,Dmitriy Mikhalchenkov,RUS,MAG,junior,PH,,,team,final,10.866,,MAG,2064,"[{""suggestion_id"": ""suggestion_b16c5e99cd8e9020"", ""suggestion_type"": ""athlete_name_correction"", ""confidence"": 0.976, ""message"": ""D-score athlete 'Dmitriy Mikhalchenko' probably matches score-sheet athlete 'Dmitriy Mikhalchenkov'."", ""action"": ""attach_d_score_to_target_result"", ""changes"": {""athlete_name"": {""from"": ""Dmitriy Mikhalchenko"", ""to"": ""Dmitriy Mikhalchenkov""}}, ""target_result"": {""event_name"": ""Russian Junior Team Championships"", ""year"": 2026, ""athlete_name"": ""Dmitriy Mikhalchenkov"", ""country"": ""RUS"", ""discipline"": ""MAG"", ""category"": ""junior"", ""apparatus"": ""PH"", ""vt_attempt"": null, ""day"": null, ""format"": ""team"", ""round"": ""final"", ""score"": 10.866, ""D_score"": null, ""vault_attempt_order_uncertain"": false, ""source_sheet"": ""MAG"", ""source_row"": 2064, ""target_id"": ""target_d0462294490f7a44""}}]"
orphan_569c345ebea60e84,possible_athlete_name_typo,review,Possible athlete-name typo between the D sheet and the score sheet.,MAG D,2047,Russian Junior Team Championships,2026,Dmitriy Mikhalchenko,RUS,MAG,junior,SR,,,team,final,1.5,False,1,suggestion_e5b77b847d6b2d3e,athlete_name_correction,0.976,D-score athlete 'Dmitriy Mikhalchenko' probably matches score-sheet athlete 'Dmitriy Mikhalchenkov'.,Russian Junior Team Championships,2026,Dmitriy Mikhalchenkov,RUS,MAG,junior,SR,,,team,final,9.166,,MAG,2064,"[{""suggestion_id"": ""suggestion_e5b77b847d6b2d3e"", ""suggestion_type"": ""athlete_name_correction"", ""confidence"": 0.976, ""message"": ""D-score athlete 'Dmitriy Mikhalchenko' probably matches score-sheet athlete 'Dmitriy Mikhalchenkov'."", ""action"": ""attach_d_score_to_target_result"", ""changes"": {""athlete_name"": {""from"": ""Dmitriy Mikhalchenko"", ""to"": ""Dmitriy Mikhalchenkov""}}, ""target_result"": {""event_name"": ""Russian Junior Team Championships"", ""year"": 2026, ""athlete_name"": ""Dmitriy Mikhalchenkov"", ""country"": ""RUS"", ""discipline"": ""MAG"", ""category"": ""junior"", ""apparatus"": ""SR"", ""vt_attempt"": null, ""day"": null, ""format"": ""team"", ""round"": ""final"", ""score"": 9.166, ""D_score"": null, ""vault_attempt_order_uncertain"": false, ""source_sheet"": ""MAG"", ""source_row"": 2064, ""target_id"": ""target_2dd78faac3eb6bf6""}}]"
orphan_53fe0db1ba0f6e0e,possible_athlete_name_typo,review,Possible athlete-name typo between the D sheet and the score sheet.,MAG D,2047,Russian Junior Team Championships,2026,Dmitriy Mikhalchenko,RUS,MAG,junior,VT,1,,team,final,2.8,True,1,suggestion_1385e001bd806c6d,athlete_name_correction,0.976,D-score athlete 'Dmitriy Mikhalchenko' probably matches score-sheet athlete 'Dmitriy Mikhalchenkov'.,Russian Junior Team Championships,2026,Dmitriy Mikhalchenkov,RUS,MAG,junior,VT,1,,team,final,10.5,,MAG,2064,"[{""suggestion_id"": ""suggestion_1385e001bd806c6d"", ""suggestion_type"": ""athlete_name_correction"", ""confidence"": 0.976, ""message"": ""D-score athlete 'Dmitriy Mikhalchenko' probably matches score-sheet athlete 'Dmitriy Mikhalchenkov'."", ""action"": ""attach_d_score_to_target_result"", ""changes"": {""athlete_name"": {""from"": ""Dmitriy Mikhalchenko"", ""to"": ""Dmitriy Mikhalchenkov""}}, ""target_result"": {""event_name"": ""Russian Junior Team Championships"", ""year"": 2026, ""athlete_name"": ""Dmitriy Mikhalchenkov"", ""country"": ""RUS"", ""discipline"": ""MAG"", ""category"": ""junior"", ""apparatus"": ""VT"", ""vt_attempt"": 1, ""day"": null, ""format"": ""team"", ""round"": ""final"", ""score"": 10.5, ""D_score"": null, ""vault_attempt_order_uncertain"": true, ""source_sheet"": ""MAG"", ""source_row"": 2064, ""target_id"": ""target_9acaaae0d6cfe4f4""}}]"
orphan_1bfef051dd5ee06a,possible_context_mismatch,review,"Possible format, round, or day mismatch.",MAG D,2082,Luxembourg Open,2026,Dominik Kis,HUN,MAG,senior,VT,1,,apparatus,final,4.4,True,1,suggestion_ddb3a8897c020c2b,context_correction,0.65,"Same athlete/event/apparatus exists in the score sheet, but format, round, or day is different.",Luxembourg Open,2026,Dominik Kis,HUN,MAG,senior,VT,1,,individual,final,13.45,4.4,MAG,2095,"[{""suggestion_id"": ""suggestion_ddb3a8897c020c2b"", ""suggestion_type"": ""context_correction"", ""confidence"": 0.65, ""message"": ""Same athlete/event/apparatus exists in the score sheet, but format, round, or day is different."", ""action"": ""attach_d_score_to_target_result"", ""changes"": {""format"": {""from"": ""apparatus"", ""to"": ""individual""}, ""round"": {""from"": ""final"", ""to"": ""final""}, ""day"": {""from"": null, ""to"": null}}, ""target_result"": {""event_name"": ""Luxembourg Open"", ""year"": 2026, ""athlete_name"": ""Dominik Kis"", ""country"": ""HUN"", ""discipline"": ""MAG"", ""category"": ""senior"", ""apparatus"": ""VT"", ""vt_attempt"": 1, ""day"": null, ""format"": ""individual"", ""round"": ""final"", ""score"": 13.45, ""D_score"": 4.4, ""vault_attempt_order_uncertain"": true, ""source_sheet"": ""MAG"", ""source_row"": 2095, ""target_id"": ""target_63c084986059dbe1""}}]"
orphan_0a276b133d1c892a,possible_context_mismatch,review,"Possible format, round, or day mismatch.",MAG D,2082,Luxembourg Open,2026,Dominik Kis,HUN,MAG,senior,VT,2,,apparatus,final,3.6,True,1,suggestion_c628f8a5978cb821,context_correction,0.65,"Same athlete/event/apparatus exists in the score sheet, but format, round, or day is different.",Luxembourg Open,2026,Dominik Kis,HUN,MAG,senior,VT,2,,individual,final,12.7,3.6,MAG,2095,"[{""suggestion_id"": ""suggestion_c628f8a5978cb821"", ""suggestion_type"": ""context_correction"", ""confidence"": 0.65, ""message"": ""Same athlete/event/apparatus exists in the score sheet, but format, round, or day is different."", ""action"": ""attach_d_score_to_target_result"", ""changes"": {""format"": {""from"": ""apparatus"", ""to"": ""individual""}, ""round"": {""from"": ""final"", ""to"": ""final""}, ""day"": {""from"": null, ""to"": null}}, ""target_result"": {""event_name"": ""Luxembourg Open"", ""year"": 2026, ""athlete_name"": ""Dominik Kis"", ""country"": ""HUN"", ""discipline"": ""MAG"", ""category"": ""senior"", ""apparatus"": ""VT"", ""vt_attempt"": 2, ""day"": null, ""format"": ""individual"", ""round"": ""final"", ""score"": 12.7, ""D_score"": 3.6, ""vault_attempt_order_uncertain"": true, ""source_sheet"": ""MAG"", ""source_row"": 2095, ""target_id"": ""target_94ed224c82a09a87""}}]"
orphan_9d039e9d7e73c49f,possible_context_mismatch,review,"Possible format, round, or day mismatch.",MAG D,2090,Luxembourg Open,2026,Dominik Peli,HUN,MAG,junior,FX,,,apparatus,final,4.8,False,1,suggestion_ab438be6913fabdf,context_correction,0.65,"Same athlete/event/apparatus exists in the score sheet, but format, round, or day is different.",Luxembourg Open,2026,Dominik Peli,HUN,MAG,junior,FX,,,individual,final,12.3,4.8,MAG,2104,"[{""suggestion_id"": ""suggestion_ab438be6913fabdf"", ""suggestion_type"": ""context_correction"", ""confidence"": 0.65, ""message"": ""Same athlete/event/apparatus exists in the score sheet, but format, round, or day is different."", ""action"": ""attach_d_score_to_target_result"", ""changes"": {""format"": {""from"": ""apparatus"", ""to"": ""individual""}, ""round"": {""from"": ""final"", ""to"": ""final""}, ""day"": {""from"": null, ""to"": null}}, ""target_result"": {""event_name"": ""Luxembourg Open"", ""year"": 2026, ""athlete_name"": ""Dominik Peli"", ""country"": ""HUN"", ""discipline"": ""MAG"", ""category"": ""junior"", ""apparatus"": ""FX"", ""vt_attempt"": null, ""day"": null, ""format"": ""individual"", ""round"": ""final"", ""score"": 12.3, ""D_score"": 4.8, ""vault_attempt_order_uncertain"": false, ""source_sheet"": ""MAG"", ""source_row"": 2104, ""target_id"": ""target_0e568ce83e705fab""}}]"
orphan_b9f6fe282ab0b9a9,possible_context_mismatch,review,"Possible format, round, or day mismatch.",MAG D,2295,Luxembourg Open,2026,Elijah Wu,AUS,MAG,junior,VT,1,,apparatus,final,4.4,True,1,suggestion_7327f67f8a0baf12,context_correction,0.65,"Same athlete/event/apparatus exists in the score sheet, but format, round, or day is different.",Luxembourg Open,2026,Elijah Wu,AUS,MAG,junior,VT,1,,individual,final,13.5,4.4,MAG,2312,"[{""suggestion_id"": ""suggestion_7327f67f8a0baf12"", ""suggestion_type"": ""context_correction"", ""confidence"": 0.65, ""message"": ""Same athlete/event/apparatus exists in the score sheet, but format, round, or day is different."", ""action"": ""attach_d_score_to_target_result"", ""changes"": {""format"": {""from"": ""apparatus"", ""to"": ""individual""}, ""round"": {""from"": ""final"", ""to"": ""final""}, ""day"": {""from"": null, ""to"": null}}, ""target_result"": {""event_name"": ""Luxembourg Open"", ""year"": 2026, ""athlete_name"": ""Elijah Wu"", ""country"": ""AUS"", ""discipline"": ""MAG"", ""category"": ""junior"", ""apparatus"": ""VT"", ""vt_attempt"": 1, ""day"": null, ""format"": ""individual"", ""round"": ""final"", ""score"": 13.5, ""D_score"": 4.4, ""vault_attempt_order_uncertain"": true, ""source_sheet"": ""MAG"", ""source_row"": 2312, ""target_id"": ""target_ccbf466887818211""}}]"
orphan_3eec6191de15dddd,possible_context_mismatch,review,"Possible format, round, or day mismatch.",MAG D,2295,Luxembourg Open,2026,Elijah Wu,AUS,MAG,junior,VT,2,,apparatus,final,2.8,True,1,suggestion_925b348de7e4b6bf,context_correction,0.65,"Same athlete/event/apparatus exists in the score sheet, but format, round, or day is different.",Luxembourg Open,2026,Elijah Wu,AUS,MAG,junior,VT,2,,individual,final,11.95,2.8,MAG,2312,"[{""suggestion_id"": ""suggestion_925b348de7e4b6bf"", ""suggestion_type"": ""context_correction"", ""confidence"": 0.65, ""message"": ""Same athlete/event/apparatus exists in the score sheet, but format, round, or day is different."", ""action"": ""attach_d_score_to_target_result"", ""changes"": {""format"": {""from"": ""apparatus"", ""to"": ""individual""}, ""round"": {""from"": ""final"", ""to"": ""final""}, ""day"": {""from"": null, ""to"": null}}, ""target_result"": {""event_name"": ""Luxembourg Open"", ""year"": 2026, ""athlete_name"": ""Elijah Wu"", ""country"": ""AUS"", ""discipline"": ""MAG"", ""category"": ""junior"", ""apparatus"": ""VT"", ""vt_attempt"": 2, ""day"": null, ""format"": ""individual"", ""round"": ""final"", ""score"": 11.95, ""D_score"": 2.8, ""vault_attempt_order_uncertain"": true, ""source_sheet"": ""MAG"", ""source_row"": 2312, ""target_id"": ""target_72be6378b2c8a9d4""}}]"
orphan_bcd2e1588620dc58,possible_context_mismatch,review,"Possible format, round, or day mismatch.",MAG D,2402,Luxembourg Open,2026,Eric Terres,ESP,MAG,senior,VT,1,,apparatus,final,4.8,True,1,suggestion_37a821f938e92c9b,context_correction,0.65,"Same athlete/event/apparatus exists in the score sheet, but format, round, or day is different.",Luxembourg Open,2026,Eric Terres,ESP,MAG,senior,VT,1,,individual,final,14.05,4.8,MAG,2419,"[{""suggestion_id"": ""suggestion_37a821f938e92c9b"", ""suggestion_type"": ""context_correction"", ""confidence"": 0.65, ""message"": ""Same athlete/event/apparatus exists in the score sheet, but format, round, or day is different."", ""action"": ""attach_d_score_to_target_result"", ""changes"": {""format"": {""from"": ""apparatus"", ""to"": ""individual""}, ""round"": {""from"": ""final"", ""to"": ""final""}, ""day"": {""from"": null, ""to"": null}}, ""target_result"": {""event_name"": ""Luxembourg Open"", ""year"": 2026, ""athlete_name"": ""Eric Terres"", ""country"": ""ESP"", ""discipline"": ""MAG"", ""category"": ""senior"", ""apparatus"": ""VT"", ""vt_attempt"": 1, ""day"": null, ""format"": ""individual"", ""round"": ""final"", ""score"": 14.05, ""D_score"": 4.8, ""vault_attempt_order_uncertain"": true, ""source_sheet"": ""MAG"", ""source_row"": 2419, ""target_id"": ""target_7dd4ea046ed2d3b3""}}]"
orphan_5e2607493f6af6d3,possible_context_mismatch,review,"Possible format, round, or day mismatch.",MAG D,2402,Luxembourg Open,2026,Eric Terres,ESP,MAG,senior,VT,2,,apparatus,final,4.4,True,1,suggestion_d83caf16236be3ed,context_correction,0.65,"Same athlete/event/apparatus exists in the score sheet, but format, round, or day is different.",Luxembourg Open,2026,Eric Terres,ESP,MAG,senior,VT,2,,individual,final,13.25,4.4,MAG,2419,"[{""suggestion_id"": ""suggestion_d83caf16236be3ed"", ""suggestion_type"": ""context_correction"", ""confidence"": 0.65, ""message"": ""Same athlete/event/apparatus exists in the score sheet, but format, round, or day is different."", ""action"": ""attach_d_score_to_target_result"", ""changes"": {""format"": {""from"": ""apparatus"", ""to"": ""individual""}, ""round"": {""from"": ""final"", ""to"": ""final""}, ""day"": {""from"": null, ""to"": null}}, ""target_result"": {""event_name"": ""Luxembourg Open"", ""year"": 2026, ""athlete_name"": ""Eric Terres"", ""country"": ""ESP"", ""discipline"": ""MAG"", ""category"": ""senior"", ""apparatus"": ""VT"", ""vt_attempt"": 2, ""day"": null, ""format"": ""individual"", ""round"": ""final"", ""score"": 13.25, ""D_score"": 4.4, ""vault_attempt_order_uncertain"": true, ""source_sheet"": ""MAG"", ""source_row"": 2419, ""target_id"": ""target_e5d73bff9aab225c""}}]"
orphan_e1eb86558822a272,possible_context_mismatch,review,"Possible format, round, or day mismatch.",MAG D,2409,Unni & Haralds Trophy,2026,Erik Ingimarsson,DEN,MAG,junior,VT,2,,individual,final,1.2,True,1,suggestion_b85e62035ee72d75,context_correction,0.65,"Same athlete/event/apparatus exists in the score sheet, but format, round, or day is different.",Unni & Haralds Trophy,2026,Erik Ingimarsson,NOR,MAG,junior,VT,2,,apparatus,final,10.532,2.0,MAG,2428,"[{""suggestion_id"": ""suggestion_b85e62035ee72d75"", ""suggestion_type"": ""context_correction"", ""confidence"": 0.65, ""message"": ""Same athlete/event/apparatus exists in the score sheet, but format, round, or day is different."", ""action"": ""attach_d_score_to_target_result"", ""changes"": {""format"": {""from"": ""individual"", ""to"": ""apparatus""}, ""round"": {""from"": ""final"", ""to"": ""final""}, ""day"": {""from"": null, ""to"": null}}, ""target_result"": {""event_name"": ""Unni & Haralds Trophy"", ""year"": 2026, ""athlete_name"": ""Erik Ingimarsson"", ""country"": ""NOR"", ""discipline"": ""MAG"", ""category"": ""junior"", ""apparatus"": ""VT"", ""vt_attempt"": 2, ""day"": null, ""format"": ""apparatus"", ""round"": ""final"", ""score"": 10.532, ""D_score"": 2.0, ""vault_attempt_order_uncertain"": true, ""source_sheet"": ""MAG"", ""source_row"": 2428, ""target_id"": ""target_e3c22a3e138753aa""}}]"
orphan_86a1bcd7c1609908,missing_final_score_for_context,review,"The athlete/event exists, but not this apparatus/context.",MAG D,2434,British Championships,2026,Ethan Grier,GBR,MAG,junior,VT,2,,individual,final,2.8,True,0,,,,,,,,,,,,,,,,,,,,[]
orphan_1fce69c529372a48,possible_context_mismatch,review,"Possible format, round, or day mismatch.",MAG D,2483,Luxembourg Open,2026,Evan Huber,CAN,MAG,senior,VT,1,,apparatus,final,4.8,True,1,suggestion_69a9d19f13e11f03,context_correction,0.65,"Same athlete/event/apparatus exists in the score sheet, but format, round, or day is different.",Luxembourg Open,2026,Evan Huber,CAN,MAG,senior,VT,1,,individual,final,12.45,3.6,MAG,2502,"[{""suggestion_id"": ""suggestion_69a9d19f13e11f03"", ""suggestion_type"": ""context_correction"", ""confidence"": 0.65, ""message"": ""Same athlete/event/apparatus exists in the score sheet, but format, round, or day is different."", ""action"": ""attach_d_score_to_target_result"", ""changes"": {""format"": {""from"": ""apparatus"", ""to"": ""individual""}, ""round"": {""from"": ""final"", ""to"": ""final""}, ""day"": {""from"": null, ""to"": null}}, ""target_result"": {""event_name"": ""Luxembourg Open"", ""year"": 2026, ""athlete_name"": ""Evan Huber"", ""country"": ""CAN"", ""discipline"": ""MAG"", ""category"": ""senior"", ""apparatus"": ""VT"", ""vt_attempt"": 1, ""day"": null, ""format"": ""individual"", ""round"": ""final"", ""score"": 12.45, ""D_score"": 3.6, ""vault_attempt_order_uncertain"": true, ""source_sheet"": ""MAG"", ""source_row"": 2502, ""target_id"": ""target_8e750d46aed685ce""}}]"
orphan_bc6c8b8428f0d870,possible_context_mismatch,review,"Possible format, round, or day mismatch.",MAG D,2483,Luxembourg Open,2026,Evan Huber,CAN,MAG,senior,VT,2,,apparatus,final,2.8,True,1,suggestion_d5f2681da89977a6,context_correction,0.65,"Same athlete/event/apparatus exists in the score sheet, but format, round, or day is different.",Luxembourg Open,2026,Evan Huber,CAN,MAG,senior,VT,2,,individual,final,12.0,2.8,MAG,2502,"[{""suggestion_id"": ""suggestion_d5f2681da89977a6"", ""suggestion_type"": ""context_correction"", ""confidence"": 0.65, ""message"": ""Same athlete/event/apparatus exists in the score sheet, but format, round, or day is different."", ""action"": ""attach_d_score_to_target_result"", ""changes"": {""format"": {""from"": ""apparatus"", ""to"": ""individual""}, ""round"": {""from"": ""final"", ""to"": ""final""}, ""day"": {""from"": null, ""to"": null}}, ""target_result"": {""event_name"": ""Luxembourg Open"", ""year"": 2026, ""athlete_name"": ""Evan Huber"", ""country"": ""CAN"", ""discipline"": ""MAG"", ""category"": ""senior"", ""apparatus"": ""VT"", ""vt_attempt"": 2, ""day"": null, ""format"": ""individual"", ""round"": ""final"", ""score"": 12.0, ""D_score"": 2.8, ""vault_attempt_order_uncertain"": true, ""source_sheet"": ""MAG"", ""source_row"": 2502, ""target_id"": ""target_908bc0c92b1cc9bc""}}]"
orphan_f5f1d6e0bf5b68ed,possible_context_mismatch,review,"Possible format, round, or day mismatch.",MAG D,2494,British Championships,2026,Evan McPhillips,GBR,MAG,junior,VT,2,,individual,final,4.8,True,1,suggestion_060e3602bee92dcf,context_correction,0.65,"Same athlete/event/apparatus exists in the score sheet, but format, round, or day is different.",British Championships,2026,Evan McPhillips,GBR,MAG,junior,VT,2,,apparatus,final,12.45,4.8,MAG,2515,"[{""suggestion_id"": ""suggestion_060e3602bee92dcf"", ""suggestion_type"": ""context_correction"", ""confidence"": 0.65, ""message"": ""Same athlete/event/apparatus exists in the score sheet, but format, round, or day is different."", ""action"": ""attach_d_score_to_target_result"", ""changes"": {""format"": {""from"": ""individual"", ""to"": ""apparatus""}, ""round"": {""from"": ""final"", ""to"": ""final""}, ""day"": {""from"": null, ""to"": null}}, ""target_result"": {""event_name"": ""British Championships"", ""year"": 2026, ""athlete_name"": ""Evan McPhillips"", ""country"": ""GBR"", ""discipline"": ""MAG"", ""category"": ""junior"", ""apparatus"": ""VT"", ""vt_attempt"": 2, ""day"": null, ""format"": ""apparatus"", ""round"": ""final"", ""score"": 12.45, ""D_score"": 4.8, ""vault_attempt_order_uncertain"": true, ""source_sheet"": ""MAG"", ""source_row"": 2515, ""target_id"": ""target_7be863b978517968""}}]"
orphan_998b25fd8c2b602e,possible_context_mismatch,review,"Possible format, round, or day mismatch.",MAG D,2523,Unni & Haralds Trophy,2026,Even Meling,NOR,MAG,junior,VT,2,,individual,final,2.8,True,1,suggestion_ff48b3a22d200ee5,context_correction,0.65,"Same athlete/event/apparatus exists in the score sheet, but format, round, or day is different.",Unni & Haralds Trophy,2026,Even Meling,NOR,MAG,junior,VT,2,,apparatus,final,12.199,2.8,MAG,2545,"[{""suggestion_id"": ""suggestion_ff48b3a22d200ee5"", ""suggestion_type"": ""context_correction"", ""confidence"": 0.65, ""message"": ""Same athlete/event/apparatus exists in the score sheet, but format, round, or day is different."", ""action"": ""attach_d_score_to_target_result"", ""changes"": {""format"": {""from"": ""individual"", ""to"": ""apparatus""}, ""round"": {""from"": ""final"", ""to"": ""final""}, ""day"": {""from"": null, ""to"": null}}, ""target_result"": {""event_name"": ""Unni & Haralds Trophy"", ""year"": 2026, ""athlete_name"": ""Even Meling"", ""country"": ""NOR"", ""discipline"": ""MAG"", ""category"": ""junior"", ""apparatus"": ""VT"", ""vt_attempt"": 2, ""day"": null, ""format"": ""apparatus"", ""round"": ""final"", ""score"": 12.199, ""D_score"": 2.8, ""vault_attempt_order_uncertain"": true, ""source_sheet"": ""MAG"", ""source_row"": 2545, ""target_id"": ""target_7ef254d309cd4445""}}]"
orphan_3d64f9c37f6ae19c,possible_context_mismatch,review,"Possible format, round, or day mismatch.",MAG D,2531,Russian Cup,2026,Evgeniy Kisel,RUS,MAG,senior,VT,2,,apparatus,final,4.8,True,1,suggestion_87baeac302e1ea98,context_correction,0.65,"Same athlete/event/apparatus exists in the score sheet, but format, round, or day is different.",Russian Cup,2026,Evgeniy Kisel,RUS,MAG,senior,VT,2,,individual,qualification,13.533,4.8,MAG,2548,"[{""suggestion_id"": ""suggestion_87baeac302e1ea98"", ""suggestion_type"": ""context_correction"", ""confidence"": 0.65, ""message"": ""Same athlete/event/apparatus exists in the score sheet, but format, round, or day is different."", ""action"": ""attach_d_score_to_target_result"", ""changes"": {""format"": {""from"": ""apparatus"", ""to"": ""individual""}, ""round"": {""from"": ""final"", ""to"": ""qualification""}, ""day"": {""from"": null, ""to"": null}}, ""target_result"": {""event_name"": ""Russian Cup"", ""year"": 2026, ""athlete_name"": ""Evgeniy Kisel"", ""country"": ""RUS"", ""discipline"": ""MAG"", ""category"": ""senior"", ""apparatus"": ""VT"", ""vt_attempt"": 2, ""day"": null, ""format"": ""individual"", ""round"": ""qualification"", ""score"": 13.533, ""D_score"": 4.8, ""vault_attempt_order_uncertain"": true, ""source_sheet"": ""MAG"", ""source_row"": 2548, ""target_id"": ""target_72c474938ec8aaf4""}}]"
orphan_06b36cd85bfe51df,possible_context_mismatch,review,"Possible format, round, or day mismatch.",MAG D,2605,Unni & Haralds Trophy,2026,Felix Catalan,DEN,MAG,junior,VT,2,,individual,final,2.8,True,1,suggestion_de7bcbd6e33b8577,context_correction,0.65,"Same athlete/event/apparatus exists in the score sheet, but format, round, or day is different.",Unni & Haralds Trophy,2026,Felix Catalan,DEN,MAG,junior,VT,2,,apparatus,final,12.065,2.8,MAG,2628,"[{""suggestion_id"": ""suggestion_de7bcbd6e33b8577"", ""suggestion_type"": ""context_correction"", ""confidence"": 0.65, ""message"": ""Same athlete/event/apparatus exists in the score sheet, but format, round, or day is different."", ""action"": ""attach_d_score_to_target_result"", ""changes"": {""format"": {""from"": ""individual"", ""to"": ""apparatus""}, ""round"": {""from"": ""final"", ""to"": ""final""}, ""day"": {""from"": null, ""to"": null}}, ""target_result"": {""event_name"": ""Unni & Haralds Trophy"", ""year"": 2026, ""athlete_name"": ""Felix Catalan"", ""country"": ""DEN"", ""discipline"": ""MAG"", ""category"": ""junior"", ""apparatus"": ""VT"", ""vt_attempt"": 2, ""day"": null, ""format"": ""apparatus"", ""round"": ""final"", ""score"": 12.065, ""D_score"": 2.8, ""vault_attempt_order_uncertain"": true, ""source_sheet"": ""MAG"", ""source_row"": 2628, ""target_id"": ""target_f31f54b9c818af08""}}]"
orphan_9fd58697d4ef4a21,missing_final_score_for_context,review,"The athlete/event exists, but not this apparatus/context.",MAG D,2661,German Junior Championships,2026,Finn Gottschalk,GER,MAG,junior,PB,,,individual,qualification,1.9,False,0,,,,,,,,,,,,,,,,,,,,[]
orphan_9d920ad20f387727,possible_context_mismatch,review,"Possible format, round, or day mismatch.",MAG D,2682,Luxembourg Open,2026,Florian Schwarz,LUX,MAG,senior,VT,1,,apparatus,final,2.8,True,1,suggestion_975c79675b66d4f3,context_correction,0.65,"Same athlete/event/apparatus exists in the score sheet, but format, round, or day is different.",Luxembourg Open,2026,Florian Schwarz,LUX,MAG,senior,VT,1,,individual,final,11.9,2.8,MAG,2703,"[{""suggestion_id"": ""suggestion_975c79675b66d4f3"", ""suggestion_type"": ""context_correction"", ""confidence"": 0.65, ""message"": ""Same athlete/event/apparatus exists in the score sheet, but format, round, or day is different."", ""action"": ""attach_d_score_to_target_result"", ""changes"": {""format"": {""from"": ""apparatus"", ""to"": ""individual""}, ""round"": {""from"": ""final"", ""to"": ""final""}, ""day"": {""from"": null, ""to"": null}}, ""target_result"": {""event_name"": ""Luxembourg Open"", ""year"": 2026, ""athlete_name"": ""Florian Schwarz"", ""country"": ""LUX"", ""discipline"": ""MAG"", ""category"": ""senior"", ""apparatus"": ""VT"", ""vt_attempt"": 1, ""day"": null, ""format"": ""individual"", ""round"": ""final"", ""score"": 11.9, ""D_score"": 2.8, ""vault_attempt_order_uncertain"": true, ""source_sheet"": ""MAG"", ""source_row"": 2703, ""target_id"": ""target_3f3f04df8c97a623""}}]"
orphan_54d3c06da0f6c56c,possible_context_mismatch,review,"Possible format, round, or day mismatch.",MAG D,2682,Luxembourg Open,2026,Florian Schwarz,LUX,MAG,senior,VT,2,,apparatus,final,1.2,True,1,suggestion_07f51f719be624a6,context_correction,0.65,"Same athlete/event/apparatus exists in the score sheet, but format, round, or day is different.",Luxembourg Open,2026,Florian Schwarz,LUX,MAG,senior,VT,2,,individual,final,10.45,1.2,MAG,2703,"[{""suggestion_id"": ""suggestion_07f51f719be624a6"", ""suggestion_type"": ""context_correction"", ""confidence"": 0.65, ""message"": ""Same athlete/event/apparatus exists in the score sheet, but format, round, or day is different."", ""action"": ""attach_d_score_to_target_result"", ""changes"": {""format"": {""from"": ""apparatus"", ""to"": ""individual""}, ""round"": {""from"": ""final"", ""to"": ""final""}, ""day"": {""from"": null, ""to"": null}}, ""target_result"": {""event_name"": ""Luxembourg Open"", ""year"": 2026, ""athlete_name"": ""Florian Schwarz"", ""country"": ""LUX"", ""discipline"": ""MAG"", ""category"": ""senior"", ""apparatus"": ""VT"", ""vt_attempt"": 2, ""day"": null, ""format"": ""individual"", ""round"": ""final"", ""score"": 10.45, ""D_score"": 1.2, ""vault_attempt_order_uncertain"": true, ""source_sheet"": ""MAG"", ""source_row"": 2703, ""target_id"": ""target_96b28cf09f284b0b""}}]"
orphan_e3b0ec97db9b47b6,possible_context_mismatch,review,"Possible format, round, or day mismatch.",MAG D,2909,Unni & Haralds Trophy,2026,Gethin Davies-Vaneetvelde,RSA,MAG,junior,VT,2,,individual,final,3.6,True,1,suggestion_9f09358249422df2,context_correction,0.65,"Same athlete/event/apparatus exists in the score sheet, but format, round, or day is different.",Unni & Haralds Trophy,2026,Gethin Davies-Vaneetvelde,RSA,MAG,junior,VT,2,,apparatus,final,12.266,3.6,MAG,2934,"[{""suggestion_id"": ""suggestion_9f09358249422df2"", ""suggestion_type"": ""context_correction"", ""confidence"": 0.65, ""message"": ""Same athlete/event/apparatus exists in the score sheet, but format, round, or day is different."", ""action"": ""attach_d_score_to_target_result"", ""changes"": {""format"": {""from"": ""individual"", ""to"": ""apparatus""}, ""round"": {""from"": ""final"", ""to"": ""final""}, ""day"": {""from"": null, ""to"": null}}, ""target_result"": {""event_name"": ""Unni & Haralds Trophy"", ""year"": 2026, ""athlete_name"": ""Gethin Davies-Vaneetvelde"", ""country"": ""RSA"", ""discipline"": ""MAG"", ""category"": ""junior"", ""apparatus"": ""VT"", ""vt_attempt"": 2, ""day"": null, ""format"": ""apparatus"", ""round"": ""final"", ""score"": 12.266, ""D_score"": 3.6, ""vault_attempt_order_uncertain"": true, ""source_sheet"": ""MAG"", ""source_row"": 2934, ""target_id"": ""target_fdce025922b5baa3""}}]"
orphan_e74f613d27697a83,missing_final_score_for_context,review,"The athlete/event exists, but not this apparatus/context.",MAG D,3134,Australian Championships,2026,Hinata Kabeya,AUS,MAG,senior,VT,2,,individual,qualification,1.2,True,0,,,,,,,,,,,,,,,,,,,,[]
orphan_986245e760d10249,possible_context_mismatch,review,"Possible format, round, or day mismatch.",MAG D,3142,Cottbus World Cup,2026,Hiroto Ishizawa,JPN,MAG,senior,PB,,,individual,qualification,5.0,False,1,suggestion_54f621738d0532b1,context_correction,0.65,"Same athlete/event/apparatus exists in the score sheet, but format, round, or day is different.",Cottbus World Cup,2026,Hiroto Ishizawa,JPN,MAG,senior,PB,,,apparatus,final,13.7,5.0,MAG,3168,"[{""suggestion_id"": ""suggestion_54f621738d0532b1"", ""suggestion_type"": ""context_correction"", ""confidence"": 0.65, ""message"": ""Same athlete/event/apparatus exists in the score sheet, but format, round, or day is different."", ""action"": ""attach_d_score_to_target_result"", ""changes"": {""format"": {""from"": ""individual"", ""to"": ""apparatus""}, ""round"": {""from"": ""qualification"", ""to"": ""final""}, ""day"": {""from"": null, ""to"": null}}, ""target_result"": {""event_name"": ""Cottbus World Cup"", ""year"": 2026, ""athlete_name"": ""Hiroto Ishizawa"", ""country"": ""JPN"", ""discipline"": ""MAG"", ""category"": ""senior"", ""apparatus"": ""PB"", ""vt_attempt"": null, ""day"": null, ""format"": ""apparatus"", ""round"": ""final"", ""score"": 13.7, ""D_score"": 5.0, ""vault_attempt_order_uncertain"": false, ""source_sheet"": ""MAG"", ""source_row"": 3168, ""target_id"": ""target_d5b25f6f4e100b07""}}]"
orphan_9c678371bba69854,possible_context_mismatch,review,"Possible format, round, or day mismatch.",MAG D,3294,British Championships,2026,Ioan Thomas,GBR,MAG,junior,VT,2,,individual,final,4.8,True,1,suggestion_bd499c7790a0b003,context_correction,0.65,"Same athlete/event/apparatus exists in the score sheet, but format, round, or day is different.",British Championships,2026,Ioan Thomas,GBR,MAG,junior,VT,2,,apparatus,final,12.15,4.4,MAG,3324,"[{""suggestion_id"": ""suggestion_bd499c7790a0b003"", ""suggestion_type"": ""context_correction"", ""confidence"": 0.65, ""message"": ""Same athlete/event/apparatus exists in the score sheet, but format, round, or day is different."", ""action"": ""attach_d_score_to_target_result"", ""changes"": {""format"": {""from"": ""individual"", ""to"": ""apparatus""}, ""round"": {""from"": ""final"", ""to"": ""final""}, ""day"": {""from"": null, ""to"": null}}, ""target_result"": {""event_name"": ""British Championships"", ""year"": 2026, ""athlete_name"": ""Ioan Thomas"", ""country"": ""GBR"", ""discipline"": ""MAG"", ""category"": ""junior"", ""apparatus"": ""VT"", ""vt_attempt"": 2, ""day"": null, ""format"": ""apparatus"", ""round"": ""final"", ""score"": 12.15, ""D_score"": 4.4, ""vault_attempt_order_uncertain"": true, ""source_sheet"": ""MAG"", ""source_row"": 3324, ""target_id"": ""target_220ab1ff2a1e8486""}}]"
orphan_9a234cb019760389,possible_context_mismatch,review,"Possible format, round, or day mismatch.",MAG D,3490,Unni & Haralds Trophy,2026,Jacob Hussain,DEN,MAG,senior,VT,2,,individual,final,2.8,True,1,suggestion_48e6a10cd66af4f4,context_correction,0.65,"Same athlete/event/apparatus exists in the score sheet, but format, round, or day is different.",Unni & Haralds Trophy,2026,Jacob Hussain,DEN,MAG,senior,VT,2,,apparatus,final,11.832,2.8,MAG,3520,"[{""suggestion_id"": ""suggestion_48e6a10cd66af4f4"", ""suggestion_type"": ""context_correction"", ""confidence"": 0.65, ""message"": ""Same athlete/event/apparatus exists in the score sheet, but format, round, or day is different."", ""action"": ""attach_d_score_to_target_result"", ""changes"": {""format"": {""from"": ""individual"", ""to"": ""apparatus""}, ""round"": {""from"": ""final"", ""to"": ""final""}, ""day"": {""from"": null, ""to"": null}}, ""target_result"": {""event_name"": ""Unni & Haralds Trophy"", ""year"": 2026, ""athlete_name"": ""Jacob Hussain"", ""country"": ""DEN"", ""discipline"": ""MAG"", ""category"": ""senior"", ""apparatus"": ""VT"", ""vt_attempt"": 2, ""day"": null, ""format"": ""apparatus"", ""round"": ""final"", ""score"": 11.832, ""D_score"": 2.8, ""vault_attempt_order_uncertain"": true, ""source_sheet"": ""MAG"", ""source_row"": 3520, ""target_id"": ""target_27e5e11db3a2e104""}}]"
orphan_b4baab7812c369ae,possible_context_mismatch,review,"Possible format, round, or day mismatch.",MAG D,3595,Australian Championships,2026,James Bacueti,AUS,MAG,senior,VT,2,,individual,qualification,4.8,True,1,suggestion_ef09f8003eb79442,context_correction,0.65,"Same athlete/event/apparatus exists in the score sheet, but format, round, or day is different.",Australian Championships,2026,James Bacueti,AUS,MAG,senior,VT,2,,apparatus,final,13.334,5.2,MAG,3627,"[{""suggestion_id"": ""suggestion_ef09f8003eb79442"", ""suggestion_type"": ""context_correction"", ""confidence"": 0.65, ""message"": ""Same athlete/event/apparatus exists in the score sheet, but format, round, or day is different."", ""action"": ""attach_d_score_to_target_result"", ""changes"": {""format"": {""from"": ""individual"", ""to"": ""apparatus""}, ""round"": {""from"": ""qualification"", ""to"": ""final""}, ""day"": {""from"": null, ""to"": null}}, ""target_result"": {""event_name"": ""Australian Championships"", ""year"": 2026, ""athlete_name"": ""James Bacueti"", ""country"": ""AUS"", ""discipline"": ""MAG"", ""category"": ""senior"", ""apparatus"": ""VT"", ""vt_attempt"": 2, ""day"": null, ""format"": ""apparatus"", ""round"": ""final"", ""score"": 13.334, ""D_score"": 5.2, ""vault_attempt_order_uncertain"": true, ""source_sheet"": ""MAG"", ""source_row"": 3627, ""target_id"": ""target_57b19822ca814f6e""}}]"
orphan_c3b1bc501126733d,possible_context_mismatch,review,"Possible format, round, or day mismatch.",MAG D,3599,Luxembourg Open,2026,James Bacueti,AUS,MAG,senior,VT,1,,apparatus,final,5.2,True,1,suggestion_3b5c7153c71facae,context_correction,0.65,"Same athlete/event/apparatus exists in the score sheet, but format, round, or day is different.",Luxembourg Open,2026,James Bacueti,AUS,MAG,senior,VT,1,,individual,final,13.15,5.2,MAG,3630,"[{""suggestion_id"": ""suggestion_3b5c7153c71facae"", ""suggestion_type"": ""context_correction"", ""confidence"": 0.65, ""message"": ""Same athlete/event/apparatus exists in the score sheet, but format, round, or day is different."", ""action"": ""attach_d_score_to_target_result"", ""changes"": {""format"": {""from"": ""apparatus"", ""to"": ""individual""}, ""round"": {""from"": ""final"", ""to"": ""final""}, ""day"": {""from"": null, ""to"": null}}, ""target_result"": {""event_name"": ""Luxembourg Open"", ""year"": 2026, ""athlete_name"": ""James Bacueti"", ""country"": ""AUS"", ""discipline"": ""MAG"", ""category"": ""senior"", ""apparatus"": ""VT"", ""vt_attempt"": 1, ""day"": null, ""format"": ""individual"", ""round"": ""final"", ""score"": 13.15, ""D_score"": 5.2, ""vault_attempt_order_uncertain"": true, ""source_sheet"": ""MAG"", ""source_row"": 3630, ""target_id"": ""target_7f03ef93bbdd0f06""}}]"
orphan_1a59ccc4527f15fd,missing_final_score_for_context,review,"The athlete/event exists, but not this apparatus/context.",MAG D,3599,Luxembourg Open,2026,James Bacueti,AUS,MAG,senior,VT,2,,apparatus,final,4.8,True,0,,,,,,,,,,,,,,,,,,,,[]
orphan_ac62f6e3bc47dc31,possible_context_mismatch,review,"Possible format, round, or day mismatch.",MAG D,3607,Australian Championships,2026,James Hardy,AUS,MAG,senior,VT,2,,individual,qualification,4.8,True,1,suggestion_151aef978ec64bf0,context_correction,0.65,"Same athlete/event/apparatus exists in the score sheet, but format, round, or day is different.",Australian Championships,2026,James Hardy,AUS,MAG,senior,VT,2,,apparatus,final,13.332,4.8,MAG,3638,"[{""suggestion_id"": ""suggestion_151aef978ec64bf0"", ""suggestion_type"": ""context_correction"", ""confidence"": 0.65, ""message"": ""Same athlete/event/apparatus exists in the score sheet, but format, round, or day is different."", ""action"": ""attach_d_score_to_target_result"", ""changes"": {""format"": {""from"": ""individual"", ""to"": ""apparatus""}, ""round"": {""from"": ""qualification"", ""to"": ""final""}, ""day"": {""from"": null, ""to"": null}}, ""target_result"": {""event_name"": ""Australian Championships"", ""year"": 2026, ""athlete_name"": ""James Hardy"", ""country"": ""AUS"", ""discipline"": ""MAG"", ""category"": ""senior"", ""apparatus"": ""VT"", ""vt_attempt"": 2, ""day"": null, ""format"": ""apparatus"", ""round"": ""final"", ""score"": 13.332, ""D_score"": 4.8, ""vault_attempt_order_uncertain"": true, ""source_sheet"": ""MAG"", ""source_row"": 3638, ""target_id"": ""target_795c0117536a757a""}}]"
orphan_7ee7d4a6e21a6724,possible_context_mismatch,review,"Possible format, round, or day mismatch.",MAG D,3746,Pan American Championships,2026,Jensuel Soto,PUR,MAG,senior,VT,2,,individual,qualification,4.8,True,1,suggestion_d68ea6a7d89e2b52,context_correction,0.65,"Same athlete/event/apparatus exists in the score sheet, but format, round, or day is different.",Pan American Championships,2026,Jensuel Soto,PUR,MAG,senior,VT,2,,individual,final,12.199,,MAG,3776,"[{""suggestion_id"": ""suggestion_d68ea6a7d89e2b52"", ""suggestion_type"": ""context_correction"", ""confidence"": 0.65, ""message"": ""Same athlete/event/apparatus exists in the score sheet, but format, round, or day is different."", ""action"": ""attach_d_score_to_target_result"", ""changes"": {""format"": {""from"": ""individual"", ""to"": ""individual""}, ""round"": {""from"": ""qualification"", ""to"": ""final""}, ""day"": {""from"": null, ""to"": null}}, ""target_result"": {""event_name"": ""Pan American Championships"", ""year"": 2026, ""athlete_name"": ""Jensuel Soto"", ""country"": ""PUR"", ""discipline"": ""MAG"", ""category"": ""senior"", ""apparatus"": ""VT"", ""vt_attempt"": 2, ""day"": null, ""format"": ""individual"", ""round"": ""final"", ""score"": 12.199, ""D_score"": null, ""vault_attempt_order_uncertain"": true, ""source_sheet"": ""MAG"", ""source_row"": 3776, ""target_id"": ""target_3bb712bb36694b88""}}]"
orphan_74aee280e22a6ef0,possible_context_mismatch,review,"Possible format, round, or day mismatch.",MAG D,3910,Osijek World Cup,2026,Jonas Rushworth,GBR,MAG,senior,PB,,,individual,qualification,5.5,False,1,suggestion_f4ecb752c9e97221,context_correction,0.65,"Same athlete/event/apparatus exists in the score sheet, but format, round, or day is different.",Osijek World Cup,2026,Jonas Rushworth,GBR,MAG,senior,PB,,,apparatus,final,13.9,5.7,MAG,3944,"[{""suggestion_id"": ""suggestion_f4ecb752c9e97221"", ""suggestion_type"": ""context_correction"", ""confidence"": 0.65, ""message"": ""Same athlete/event/apparatus exists in the score sheet, but format, round, or day is different."", ""action"": ""attach_d_score_to_target_result"", ""changes"": {""format"": {""from"": ""individual"", ""to"": ""apparatus""}, ""round"": {""from"": ""qualification"", ""to"": ""final""}, ""day"": {""from"": null, ""to"": null}}, ""target_result"": {""event_name"": ""Osijek World Cup"", ""year"": 2026, ""athlete_name"": ""Jonas Rushworth"", ""country"": ""GBR"", ""discipline"": ""MAG"", ""category"": ""senior"", ""apparatus"": ""PB"", ""vt_attempt"": null, ""day"": null, ""format"": ""apparatus"", ""round"": ""final"", ""score"": 13.9, ""D_score"": 5.7, ""vault_attempt_order_uncertain"": false, ""source_sheet"": ""MAG"", ""source_row"": 3944, ""target_id"": ""target_90592d3ed200d845""}}]"
orphan_cf1a14fb98a49e5c,possible_context_mismatch,review,"Possible format, round, or day mismatch.",MAG D,3920,Austrian Championships,2026,Jonathan Gurschler,AUT,MAG,junior,VT,1,,apparatus,final,2.0,True,1,suggestion_b0db8f9f6c2a9543,context_correction,0.65,"Same athlete/event/apparatus exists in the score sheet, but format, round, or day is different.",Austrian Championships,2026,Jonathan Gurschler,AUT,MAG,junior,VT,1,,individual,final,10.85,2.0,MAG,3951,"[{""suggestion_id"": ""suggestion_b0db8f9f6c2a9543"", ""suggestion_type"": ""context_correction"", ""confidence"": 0.65, ""message"": ""Same athlete/event/apparatus exists in the score sheet, but format, round, or day is different."", ""action"": ""attach_d_score_to_target_result"", ""changes"": {""format"": {""from"": ""apparatus"", ""to"": ""individual""}, ""round"": {""from"": ""final"", ""to"": ""final""}, ""day"": {""from"": null, ""to"": null}}, ""target_result"": {""event_name"": ""Austrian Championships"", ""year"": 2026, ""athlete_name"": ""Jonathan Gurschler"", ""country"": ""AUT"", ""discipline"": ""MAG"", ""category"": ""junior"", ""apparatus"": ""VT"", ""vt_attempt"": 1, ""day"": null, ""format"": ""individual"", ""round"": ""final"", ""score"": 10.85, ""D_score"": 2.0, ""vault_attempt_order_uncertain"": true, ""source_sheet"": ""MAG"", ""source_row"": 3951, ""target_id"": ""target_b2abd3341f897768""}}]"
orphan_11ed2d4036fa8a42,possible_context_mismatch,review,"Possible format, round, or day mismatch.",MAG D,3920,Austrian Championships,2026,Jonathan Gurschler,AUT,MAG,junior,VT,2,,apparatus,final,1.8,True,1,suggestion_09f1cc848a3f3723,context_correction,0.65,"Same athlete/event/apparatus exists in the score sheet, but format, round, or day is different.",Austrian Championships,2026,Jonathan Gurschler,AUT,MAG,junior,VT,2,,individual,final,10.2,1.8,MAG,3951,"[{""suggestion_id"": ""suggestion_09f1cc848a3f3723"", ""suggestion_type"": ""context_correction"", ""confidence"": 0.65, ""message"": ""Same athlete/event/apparatus exists in the score sheet, but format, round, or day is different."", ""action"": ""attach_d_score_to_target_result"", ""changes"": {""format"": {""from"": ""apparatus"", ""to"": ""individual""}, ""round"": {""from"": ""final"", ""to"": ""final""}, ""day"": {""from"": null, ""to"": null}}, ""target_result"": {""event_name"": ""Austrian Championships"", ""year"": 2026, ""athlete_name"": ""Jonathan Gurschler"", ""country"": ""AUT"", ""discipline"": ""MAG"", ""category"": ""junior"", ""apparatus"": ""VT"", ""vt_attempt"": 2, ""day"": null, ""format"": ""individual"", ""round"": ""final"", ""score"": 10.2, ""D_score"": 1.8, ""vault_attempt_order_uncertain"": true, ""source_sheet"": ""MAG"", ""source_row"": 3951, ""target_id"": ""target_945cece9a5927f7b""}}]"
orphan_08a05f793b1fef1e,possible_context_mismatch,review,"Possible format, round, or day mismatch.",MAG D,4082,Luxembourg Open,2026,Joy Palermo,LUX,MAG,senior,VT,1,,apparatus,final,3.6,True,1,suggestion_27928fa1a52fc687,context_correction,0.65,"Same athlete/event/apparatus exists in the score sheet, but format, round, or day is different.",Luxembourg Open,2026,Joy Palermo,LUX,MAG,senior,VT,1,,individual,final,12.85,3.6,MAG,4114,"[{""suggestion_id"": ""suggestion_27928fa1a52fc687"", ""suggestion_type"": ""context_correction"", ""confidence"": 0.65, ""message"": ""Same athlete/event/apparatus exists in the score sheet, but format, round, or day is different."", ""action"": ""attach_d_score_to_target_result"", ""changes"": {""format"": {""from"": ""apparatus"", ""to"": ""individual""}, ""round"": {""from"": ""final"", ""to"": ""final""}, ""day"": {""from"": null, ""to"": null}}, ""target_result"": {""event_name"": ""Luxembourg Open"", ""year"": 2026, ""athlete_name"": ""Joy Palermo"", ""country"": ""LUX"", ""discipline"": ""MAG"", ""category"": ""senior"", ""apparatus"": ""VT"", ""vt_attempt"": 1, ""day"": null, ""format"": ""individual"", ""round"": ""final"", ""score"": 12.85, ""D_score"": 3.6, ""vault_attempt_order_uncertain"": true, ""source_sheet"": ""MAG"", ""source_row"": 4114, ""target_id"": ""target_f7f37a7f6669e64f""}}]"
orphan_6d53b226dd0e99ab,possible_context_mismatch,review,"Possible format, round, or day mismatch.",MAG D,4082,Luxembourg Open,2026,Joy Palermo,LUX,MAG,senior,VT,2,,apparatus,final,2.8,True,1,suggestion_37b44c0b1ffac7aa,context_correction,0.65,"Same athlete/event/apparatus exists in the score sheet, but format, round, or day is different.",Luxembourg Open,2026,Joy Palermo,LUX,MAG,senior,VT,2,,individual,final,12.2,2.8,MAG,4114,"[{""suggestion_id"": ""suggestion_37b44c0b1ffac7aa"", ""suggestion_type"": ""context_correction"", ""confidence"": 0.65, ""message"": ""Same athlete/event/apparatus exists in the score sheet, but format, round, or day is different."", ""action"": ""attach_d_score_to_target_result"", ""changes"": {""format"": {""from"": ""apparatus"", ""to"": ""individual""}, ""round"": {""from"": ""final"", ""to"": ""final""}, ""day"": {""from"": null, ""to"": null}}, ""target_result"": {""event_name"": ""Luxembourg Open"", ""year"": 2026, ""athlete_name"": ""Joy Palermo"", ""country"": ""LUX"", ""discipline"": ""MAG"", ""category"": ""senior"", ""apparatus"": ""VT"", ""vt_attempt"": 2, ""day"": null, ""format"": ""individual"", ""round"": ""final"", ""score"": 12.2, ""D_score"": 2.8, ""vault_attempt_order_uncertain"": true, ""source_sheet"": ""MAG"", ""source_row"": 4114, ""target_id"": ""target_24be5690fe90ea7c""}}]"
orphan_8db8b9c1174d0621,athlete_missing_in_score_sheet,review,"The event/apparatus/context exists, but this athlete is missing in the score sheet.",MAG D,4267,NCAA Week 8,2026,Keenan Berrong,USA,MAG,senior,FX,,,individual,final,2.4,False,0,,,,,,,,,,,,,,,,,,,,[]
orphan_0ffa34f03330320b,possible_context_mismatch,review,"Possible format, round, or day mismatch.",MAG D,4338,British Championships,2026,Kian Rimmer,GBR,MAG,junior,VT,2,,individual,final,3.6,True,1,suggestion_eb42c9c7045e5256,context_correction,0.65,"Same athlete/event/apparatus exists in the score sheet, but format, round, or day is different.",British Championships,2026,Kian Rimmer,GBR,MAG,junior,VT,2,,apparatus,final,11.4,2.8,MAG,4377,"[{""suggestion_id"": ""suggestion_eb42c9c7045e5256"", ""suggestion_type"": ""context_correction"", ""confidence"": 0.65, ""message"": ""Same athlete/event/apparatus exists in the score sheet, but format, round, or day is different."", ""action"": ""attach_d_score_to_target_result"", ""changes"": {""format"": {""from"": ""individual"", ""to"": ""apparatus""}, ""round"": {""from"": ""final"", ""to"": ""final""}, ""day"": {""from"": null, ""to"": null}}, ""target_result"": {""event_name"": ""British Championships"", ""year"": 2026, ""athlete_name"": ""Kian Rimmer"", ""country"": ""GBR"", ""discipline"": ""MAG"", ""category"": ""junior"", ""apparatus"": ""VT"", ""vt_attempt"": 2, ""day"": null, ""format"": ""apparatus"", ""round"": ""final"", ""score"": 11.4, ""D_score"": 2.8, ""vault_attempt_order_uncertain"": true, ""source_sheet"": ""MAG"", ""source_row"": 4377, ""target_id"": ""target_4fa328359ca5e1c8""}}]"
orphan_39c1bb7ad9a4c27e,missing_final_score_for_context,review,"The athlete/event exists, but not this apparatus/context.",MAG D,4530,NCAA Week 11 (Meet 2),2026,Landen Blixt,USA,MAG,senior,PB,,,individual,final,3.5,False,0,,,,,,,,,,,,,,,,,,,,[]
orphan_155e646f126f7309,possible_event_name_mismatch,review,Possible event-name mismatch between the D sheet and the score sheet.,MAG D,4592,NCAA Week 9,2026,Leo Koike,USA,MAG,senior,HB,,,individual,final,5.0,False,1,suggestion_26d70c1a053fd2cd,event_name_correction,0.909,D-score event 'NCAA Week 9' may match score-sheet event 'NCAA Week 4'.,NCAA Week 4,2026,Leo Koike,USA,MAG,senior,HB,,,individual,final,13.1,5.0,MAG,4629,"[{""suggestion_id"": ""suggestion_26d70c1a053fd2cd"", ""suggestion_type"": ""event_name_correction"", ""confidence"": 0.909, ""message"": ""D-score event 'NCAA Week 9' may match score-sheet event 'NCAA Week 4'."", ""action"": ""attach_d_score_to_target_result"", ""changes"": {""event_name"": {""from"": ""NCAA Week 9"", ""to"": ""NCAA Week 4""}}, ""target_result"": {""event_name"": ""NCAA Week 4"", ""year"": 2026, ""athlete_name"": ""Leo Koike"", ""country"": ""USA"", ""discipline"": ""MAG"", ""category"": ""senior"", ""apparatus"": ""HB"", ""vt_attempt"": null, ""day"": null, ""format"": ""individual"", ""round"": ""final"", ""score"": 13.1, ""D_score"": 5.0, ""vault_attempt_order_uncertain"": false, ""source_sheet"": ""MAG"", ""source_row"": 4629, ""target_id"": ""target_bf0363885efed9d4""}}]"
orphan_1465e80d8bceafe9,possible_context_mismatch,review,"Possible format, round, or day mismatch.",MAG D,4727,Cairo World Cup,2026,Liu Yang,CHN,MAG,senior,PB,,,individual,qualification,5.6,False,1,suggestion_eacafb6d3708337a,context_correction,0.65,"Same athlete/event/apparatus exists in the score sheet, but format, round, or day is different.",Cairo World Cup,2026,Liu Yang,CHN,MAG,senior,PB,,,apparatus,final,14.366,5.6,MAG,4769,"[{""suggestion_id"": ""suggestion_eacafb6d3708337a"", ""suggestion_type"": ""context_correction"", ""confidence"": 0.65, ""message"": ""Same athlete/event/apparatus exists in the score sheet, but format, round, or day is different."", ""action"": ""attach_d_score_to_target_result"", ""changes"": {""format"": {""from"": ""individual"", ""to"": ""apparatus""}, ""round"": {""from"": ""qualification"", ""to"": ""final""}, ""day"": {""from"": null, ""to"": null}}, ""target_result"": {""event_name"": ""Cairo World Cup"", ""year"": 2026, ""athlete_name"": ""Liu Yang"", ""country"": ""CHN"", ""discipline"": ""MAG"", ""category"": ""senior"", ""apparatus"": ""PB"", ""vt_attempt"": null, ""day"": null, ""format"": ""apparatus"", ""round"": ""final"", ""score"": 14.366, ""D_score"": 5.6, ""vault_attempt_order_uncertain"": false, ""source_sheet"": ""MAG"", ""source_row"": 4769, ""target_id"": ""target_e5261c44825b8868""}}]"
orphan_3d02076351712794,missing_final_score_for_context,review,"The athlete/event exists, but not this apparatus/context.",MAG D,4787,2nd Bundesliga,2026,Lorenzo Galli,ITA,MAG,senior,PB,,,individual,final,4.5,False,0,,,,,,,,,,,,,,,,,,,,[]
orphan_7065ead04b9e2778,possible_context_mismatch,review,"Possible format, round, or day mismatch.",MAG D,4873,Austrian Championships,2026,Luca Hagen,AUT,MAG,junior,VT,1,,apparatus,final,4.4,True,1,suggestion_dff0641f410bac35,context_correction,0.65,"Same athlete/event/apparatus exists in the score sheet, but format, round, or day is different.",Austrian Championships,2026,Luca Hagen,AUT,MAG,junior,VT,1,,individual,final,13.15,4.4,MAG,4915,"[{""suggestion_id"": ""suggestion_dff0641f410bac35"", ""suggestion_type"": ""context_correction"", ""confidence"": 0.65, ""message"": ""Same athlete/event/apparatus exists in the score sheet, but format, round, or day is different."", ""action"": ""attach_d_score_to_target_result"", ""changes"": {""format"": {""from"": ""apparatus"", ""to"": ""individual""}, ""round"": {""from"": ""final"", ""to"": ""final""}, ""day"": {""from"": null, ""to"": null}}, ""target_result"": {""event_name"": ""Austrian Championships"", ""year"": 2026, ""athlete_name"": ""Luca Hagen"", ""country"": ""AUT"", ""discipline"": ""MAG"", ""category"": ""junior"", ""apparatus"": ""VT"", ""vt_attempt"": 1, ""day"": null, ""format"": ""individual"", ""round"": ""final"", ""score"": 13.15, ""D_score"": 4.4, ""vault_attempt_order_uncertain"": true, ""source_sheet"": ""MAG"", ""source_row"": 4915, ""target_id"": ""target_5b4d079a855f9db9""}}]"
orphan_f8dcf575e2bd4e85,possible_context_mismatch,review,"Possible format, round, or day mismatch.",MAG D,4873,Austrian Championships,2026,Luca Hagen,AUT,MAG,junior,VT,2,,apparatus,final,2.4,True,1,suggestion_ddb8c7a092ad591c,context_correction,0.65,"Same athlete/event/apparatus exists in the score sheet, but format, round, or day is different.",Austrian Championships,2026,Luca Hagen,AUT,MAG,junior,VT,2,,individual,final,10.95,2.4,MAG,4915,"[{""suggestion_id"": ""suggestion_ddb8c7a092ad591c"", ""suggestion_type"": ""context_correction"", ""confidence"": 0.65, ""message"": ""Same athlete/event/apparatus exists in the score sheet, but format, round, or day is different."", ""action"": ""attach_d_score_to_target_result"", ""changes"": {""format"": {""from"": ""apparatus"", ""to"": ""individual""}, ""round"": {""from"": ""final"", ""to"": ""final""}, ""day"": {""from"": null, ""to"": null}}, ""target_result"": {""event_name"": ""Austrian Championships"", ""year"": 2026, ""athlete_name"": ""Luca Hagen"", ""country"": ""AUT"", ""discipline"": ""MAG"", ""category"": ""junior"", ""apparatus"": ""VT"", ""vt_attempt"": 2, ""day"": null, ""format"": ""individual"", ""round"": ""final"", ""score"": 10.95, ""D_score"": 2.4, ""vault_attempt_order_uncertain"": true, ""source_sheet"": ""MAG"", ""source_row"": 4915, ""target_id"": ""target_8fa49a8acc9e2ca6""}}]"
orphan_f144c3e977a5014b,possible_athlete_name_typo,review,Possible athlete-name typo between the D sheet and the score sheet.,MAG D,5103,Luxembourg Open,2026,Marcell Kiss,HUN,MAG,senior,FX,,,individual,final,4.7,False,1,suggestion_8eab50ca7a10072f,athlete_name_correction,0.957,D-score athlete 'Marcell Kiss' probably matches score-sheet athlete 'Marcel Kiss'.,Luxembourg Open,2026,Marcel Kiss,HUN,MAG,senior,FX,,,individual,final,11.0,,MAG,5148,"[{""suggestion_id"": ""suggestion_8eab50ca7a10072f"", ""suggestion_type"": ""athlete_name_correction"", ""confidence"": 0.957, ""message"": ""D-score athlete 'Marcell Kiss' probably matches score-sheet athlete 'Marcel Kiss'."", ""action"": ""attach_d_score_to_target_result"", ""changes"": {""athlete_name"": {""from"": ""Marcell Kiss"", ""to"": ""Marcel Kiss""}}, ""target_result"": {""event_name"": ""Luxembourg Open"", ""year"": 2026, ""athlete_name"": ""Marcel Kiss"", ""country"": ""HUN"", ""discipline"": ""MAG"", ""category"": ""senior"", ""apparatus"": ""FX"", ""vt_attempt"": null, ""day"": null, ""format"": ""individual"", ""round"": ""final"", ""score"": 11.0, ""D_score"": null, ""vault_attempt_order_uncertain"": false, ""source_sheet"": ""MAG"", ""source_row"": 5148, ""target_id"": ""target_0891a862d5f15d66""}}]"
orphan_0064c2d3f4e17621,possible_athlete_name_typo,review,Possible athlete-name typo between the D sheet and the score sheet.,MAG D,5103,Luxembourg Open,2026,Marcell Kiss,HUN,MAG,senior,HB,,,individual,final,3.5,False,1,suggestion_e05a841cde6d5a7c,athlete_name_correction,0.957,D-score athlete 'Marcell Kiss' probably matches score-sheet athlete 'Marcel Kiss'.,Luxembourg Open,2026,Marcel Kiss,HUN,MAG,senior,HB,,,individual,final,11.85,,MAG,5148,"[{""suggestion_id"": ""suggestion_e05a841cde6d5a7c"", ""suggestion_type"": ""athlete_name_correction"", ""confidence"": 0.957, ""message"": ""D-score athlete 'Marcell Kiss' probably matches score-sheet athlete 'Marcel Kiss'."", ""action"": ""attach_d_score_to_target_result"", ""changes"": {""athlete_name"": {""from"": ""Marcell Kiss"", ""to"": ""Marcel Kiss""}}, ""target_result"": {""event_name"": ""Luxembourg Open"", ""year"": 2026, ""athlete_name"": ""Marcel Kiss"", ""country"": ""HUN"", ""discipline"": ""MAG"", ""category"": ""senior"", ""apparatus"": ""HB"", ""vt_attempt"": null, ""day"": null, ""format"": ""individual"", ""round"": ""final"", ""score"": 11.85, ""D_score"": null, ""vault_attempt_order_uncertain"": false, ""source_sheet"": ""MAG"", ""source_row"": 5148, ""target_id"": ""target_19656cbc20bf3e66""}}]"
orphan_94f61eea247c0b66,possible_athlete_name_typo,review,Possible athlete-name typo between the D sheet and the score sheet.,MAG D,5103,Luxembourg Open,2026,Marcell Kiss,HUN,MAG,senior,PB,,,individual,final,4.5,False,1,suggestion_a1039764a58438f6,athlete_name_correction,0.957,D-score athlete 'Marcell Kiss' probably matches score-sheet athlete 'Marcel Kiss'.,Luxembourg Open,2026,Marcel Kiss,HUN,MAG,senior,PB,,,individual,final,11.1,,MAG,5148,"[{""suggestion_id"": ""suggestion_a1039764a58438f6"", ""suggestion_type"": ""athlete_name_correction"", ""confidence"": 0.957, ""message"": ""D-score athlete 'Marcell Kiss' probably matches score-sheet athlete 'Marcel Kiss'."", ""action"": ""attach_d_score_to_target_result"", ""changes"": {""athlete_name"": {""from"": ""Marcell Kiss"", ""to"": ""Marcel Kiss""}}, ""target_result"": {""event_name"": ""Luxembourg Open"", ""year"": 2026, ""athlete_name"": ""Marcel Kiss"", ""country"": ""HUN"", ""discipline"": ""MAG"", ""category"": ""senior"", ""apparatus"": ""PB"", ""vt_attempt"": null, ""day"": null, ""format"": ""individual"", ""round"": ""final"", ""score"": 11.1, ""D_score"": null, ""vault_attempt_order_uncertain"": false, ""source_sheet"": ""MAG"", ""source_row"": 5148, ""target_id"": ""target_921efaaec03135e7""}}]"
orphan_140cf81335a27aa9,possible_athlete_name_typo,review,Possible athlete-name typo between the D sheet and the score sheet.,MAG D,5103,Luxembourg Open,2026,Marcell Kiss,HUN,MAG,senior,PH,,,individual,final,3.8,False,1,suggestion_6f69e524b06d912a,athlete_name_correction,0.957,D-score athlete 'Marcell Kiss' probably matches score-sheet athlete 'Marcel Kiss'.,Luxembourg Open,2026,Marcel Kiss,HUN,MAG,senior,PH,,,individual,final,11.467,,MAG,5148,"[{""suggestion_id"": ""suggestion_6f69e524b06d912a"", ""suggestion_type"": ""athlete_name_correction"", ""confidence"": 0.957, ""message"": ""D-score athlete 'Marcell Kiss' probably matches score-sheet athlete 'Marcel Kiss'."", ""action"": ""attach_d_score_to_target_result"", ""changes"": {""athlete_name"": {""from"": ""Marcell Kiss"", ""to"": ""Marcel Kiss""}}, ""target_result"": {""event_name"": ""Luxembourg Open"", ""year"": 2026, ""athlete_name"": ""Marcel Kiss"", ""country"": ""HUN"", ""discipline"": ""MAG"", ""category"": ""senior"", ""apparatus"": ""PH"", ""vt_attempt"": null, ""day"": null, ""format"": ""individual"", ""round"": ""final"", ""score"": 11.467, ""D_score"": null, ""vault_attempt_order_uncertain"": false, ""source_sheet"": ""MAG"", ""source_row"": 5148, ""target_id"": ""target_196dbdb4e7b3edfe""}}]"
orphan_9078a950791cc69f,possible_athlete_name_typo,review,Possible athlete-name typo between the D sheet and the score sheet.,MAG D,5103,Luxembourg Open,2026,Marcell Kiss,HUN,MAG,senior,SR,,,individual,final,3.5,False,1,suggestion_78a248b9f66fa86f,athlete_name_correction,0.957,D-score athlete 'Marcell Kiss' probably matches score-sheet athlete 'Marcel Kiss'.,Luxembourg Open,2026,Marcel Kiss,HUN,MAG,senior,SR,,,individual,final,12.233,,MAG,5148,"[{""suggestion_id"": ""suggestion_78a248b9f66fa86f"", ""suggestion_type"": ""athlete_name_correction"", ""confidence"": 0.957, ""message"": ""D-score athlete 'Marcell Kiss' probably matches score-sheet athlete 'Marcel Kiss'."", ""action"": ""attach_d_score_to_target_result"", ""changes"": {""athlete_name"": {""from"": ""Marcell Kiss"", ""to"": ""Marcel Kiss""}}, ""target_result"": {""event_name"": ""Luxembourg Open"", ""year"": 2026, ""athlete_name"": ""Marcel Kiss"", ""country"": ""HUN"", ""discipline"": ""MAG"", ""category"": ""senior"", ""apparatus"": ""SR"", ""vt_attempt"": null, ""day"": null, ""format"": ""individual"", ""round"": ""final"", ""score"": 12.233, ""D_score"": null, ""vault_attempt_order_uncertain"": false, ""source_sheet"": ""MAG"", ""source_row"": 5148, ""target_id"": ""target_0190216a5b97f1db""}}]"
orphan_c31964c8ce73b6ea,possible_athlete_name_typo,review,Possible athlete-name typo between the D sheet and the score sheet.,MAG D,5103,Luxembourg Open,2026,Marcell Kiss,HUN,MAG,senior,VT,1,,individual,final,3.6,True,1,suggestion_93323c8d0a7e9d83,athlete_name_correction,0.957,D-score athlete 'Marcell Kiss' probably matches score-sheet athlete 'Marcel Kiss'.,Luxembourg Open,2026,Marcel Kiss,HUN,MAG,senior,VT,1,,individual,final,12.8,,MAG,5148,"[{""suggestion_id"": ""suggestion_93323c8d0a7e9d83"", ""suggestion_type"": ""athlete_name_correction"", ""confidence"": 0.957, ""message"": ""D-score athlete 'Marcell Kiss' probably matches score-sheet athlete 'Marcel Kiss'."", ""action"": ""attach_d_score_to_target_result"", ""changes"": {""athlete_name"": {""from"": ""Marcell Kiss"", ""to"": ""Marcel Kiss""}}, ""target_result"": {""event_name"": ""Luxembourg Open"", ""year"": 2026, ""athlete_name"": ""Marcel Kiss"", ""country"": ""HUN"", ""discipline"": ""MAG"", ""category"": ""senior"", ""apparatus"": ""VT"", ""vt_attempt"": 1, ""day"": null, ""format"": ""individual"", ""round"": ""final"", ""score"": 12.8, ""D_score"": null, ""vault_attempt_order_uncertain"": true, ""source_sheet"": ""MAG"", ""source_row"": 5148, ""target_id"": ""target_7afd910ecd5d588c""}}]"
orphan_63fe807dfdb10e6d,missing_final_score_for_context,review,"The athlete/event exists, but not this apparatus/context.",MAG D,5131,Unni & Haralds Trophy,2026,Marcus Göransson,SWE,MAG,senior,VT,2,,individual,final,3.6,True,0,,,,,,,,,,,,,,,,,,,,[]
orphan_d4b5a87fc4092f0a,possible_context_mismatch,review,"Possible format, round, or day mismatch.",MAG D,5211,Luxembourg Open,2026,Martin Flores,ESP,MAG,senior,VT,1,,apparatus,final,4.8,True,1,suggestion_ce4192abc3f55796,context_correction,0.65,"Same athlete/event/apparatus exists in the score sheet, but format, round, or day is different.",Luxembourg Open,2026,Martin Flores,ESP,MAG,senior,VT,1,,individual,final,13.8,4.8,MAG,5257,"[{""suggestion_id"": ""suggestion_ce4192abc3f55796"", ""suggestion_type"": ""context_correction"", ""confidence"": 0.65, ""message"": ""Same athlete/event/apparatus exists in the score sheet, but format, round, or day is different."", ""action"": ""attach_d_score_to_target_result"", ""changes"": {""format"": {""from"": ""apparatus"", ""to"": ""individual""}, ""round"": {""from"": ""final"", ""to"": ""final""}, ""day"": {""from"": null, ""to"": null}}, ""target_result"": {""event_name"": ""Luxembourg Open"", ""year"": 2026, ""athlete_name"": ""Martin Flores"", ""country"": ""ESP"", ""discipline"": ""MAG"", ""category"": ""senior"", ""apparatus"": ""VT"", ""vt_attempt"": 1, ""day"": null, ""format"": ""individual"", ""round"": ""final"", ""score"": 13.8, ""D_score"": 4.8, ""vault_attempt_order_uncertain"": true, ""source_sheet"": ""MAG"", ""source_row"": 5257, ""target_id"": ""target_ea0c16e098b51917""}}]"
orphan_89beeaf736be1e3d,possible_context_mismatch,review,"Possible format, round, or day mismatch.",MAG D,5211,Luxembourg Open,2026,Martin Flores,ESP,MAG,senior,VT,2,,apparatus,final,4.4,True,1,suggestion_ff20fe0911ba852f,context_correction,0.65,"Same athlete/event/apparatus exists in the score sheet, but format, round, or day is different.",Luxembourg Open,2026,Martin Flores,ESP,MAG,senior,VT,2,,individual,final,13.35,4.4,MAG,5257,"[{""suggestion_id"": ""suggestion_ff20fe0911ba852f"", ""suggestion_type"": ""context_correction"", ""confidence"": 0.65, ""message"": ""Same athlete/event/apparatus exists in the score sheet, but format, round, or day is different."", ""action"": ""attach_d_score_to_target_result"", ""changes"": {""format"": {""from"": ""apparatus"", ""to"": ""individual""}, ""round"": {""from"": ""final"", ""to"": ""final""}, ""day"": {""from"": null, ""to"": null}}, ""target_result"": {""event_name"": ""Luxembourg Open"", ""year"": 2026, ""athlete_name"": ""Martin Flores"", ""country"": ""ESP"", ""discipline"": ""MAG"", ""category"": ""senior"", ""apparatus"": ""VT"", ""vt_attempt"": 2, ""day"": null, ""format"": ""individual"", ""round"": ""final"", ""score"": 13.35, ""D_score"": 4.4, ""vault_attempt_order_uncertain"": true, ""source_sheet"": ""MAG"", ""source_row"": 5257, ""target_id"": ""target_7eba1770270bcf55""}}]"
orphan_84d4c633284db446,missing_final_score_for_context,review,"The athlete/event exists, but not this apparatus/context.",MAG D,5212,Unni & Haralds Trophy,2026,Martin Fundingsrud,NOR,MAG,junior,VT,2,,individual,final,1.2,True,0,,,,,,,,,,,,,,,,,,,,[]
orphan_831ff0cb71ce9909,possible_context_mismatch,review,"Possible format, round, or day mismatch.",MAG D,5218,Austrian Championships,2026,Martin Miggitsch,AUT,MAG,senior,VT,1,,apparatus,final,4.8,True,1,suggestion_0edf99bed22dd5f9,context_correction,0.65,"Same athlete/event/apparatus exists in the score sheet, but format, round, or day is different.",Austrian Championships,2026,Martin Miggitsch,AUT,MAG,senior,VT,1,,individual,final,13.2,4.8,MAG,5264,"[{""suggestion_id"": ""suggestion_0edf99bed22dd5f9"", ""suggestion_type"": ""context_correction"", ""confidence"": 0.65, ""message"": ""Same athlete/event/apparatus exists in the score sheet, but format, round, or day is different."", ""action"": ""attach_d_score_to_target_result"", ""changes"": {""format"": {""from"": ""apparatus"", ""to"": ""individual""}, ""round"": {""from"": ""final"", ""to"": ""final""}, ""day"": {""from"": null, ""to"": null}}, ""target_result"": {""event_name"": ""Austrian Championships"", ""year"": 2026, ""athlete_name"": ""Martin Miggitsch"", ""country"": ""AUT"", ""discipline"": ""MAG"", ""category"": ""senior"", ""apparatus"": ""VT"", ""vt_attempt"": 1, ""day"": null, ""format"": ""individual"", ""round"": ""final"", ""score"": 13.2, ""D_score"": 4.8, ""vault_attempt_order_uncertain"": true, ""source_sheet"": ""MAG"", ""source_row"": 5264, ""target_id"": ""target_7131aa77352a13bc""}}]"
orphan_56ec9c87a0f24598,possible_context_mismatch,review,"Possible format, round, or day mismatch.",MAG D,5218,Austrian Championships,2026,Martin Miggitsch,AUT,MAG,senior,VT,2,,apparatus,final,4.4,True,1,suggestion_1f51aa7df0e85ec4,context_correction,0.65,"Same athlete/event/apparatus exists in the score sheet, but format, round, or day is different.",Austrian Championships,2026,Martin Miggitsch,AUT,MAG,senior,VT,2,,individual,final,13.2,4.4,MAG,5264,"[{""suggestion_id"": ""suggestion_1f51aa7df0e85ec4"", ""suggestion_type"": ""context_correction"", ""confidence"": 0.65, ""message"": ""Same athlete/event/apparatus exists in the score sheet, but format, round, or day is different."", ""action"": ""attach_d_score_to_target_result"", ""changes"": {""format"": {""from"": ""apparatus"", ""to"": ""individual""}, ""round"": {""from"": ""final"", ""to"": ""final""}, ""day"": {""from"": null, ""to"": null}}, ""target_result"": {""event_name"": ""Austrian Championships"", ""year"": 2026, ""athlete_name"": ""Martin Miggitsch"", ""country"": ""AUT"", ""discipline"": ""MAG"", ""category"": ""senior"", ""apparatus"": ""VT"", ""vt_attempt"": 2, ""day"": null, ""format"": ""individual"", ""round"": ""final"", ""score"": 13.2, ""D_score"": 4.4, ""vault_attempt_order_uncertain"": true, ""source_sheet"": ""MAG"", ""source_row"": 5264, ""target_id"": ""target_d6412f7956dd8202""}}]"
orphan_4e784c6ee57c55e3,athlete_missing_in_score_sheet,review,"The event/apparatus/context exists, but this athlete is missing in the score sheet.",MAG D,5242,Scottish Championships,2026,Mase Henderson,GBR,MAG,senior,FX,,,individual,final,3.1,False,0,,,,,,,,,,,,,,,,,,,,[]
orphan_1d19909e082e67e4,athlete_missing_in_score_sheet,review,"The event/apparatus/context exists, but this athlete is missing in the score sheet.",MAG D,5242,Scottish Championships,2026,Mase Henderson,GBR,MAG,senior,HB,,,individual,final,1.8,False,0,,,,,,,,,,,,,,,,,,,,[]
orphan_a949576797454629,athlete_missing_in_score_sheet,review,"The event/apparatus/context exists, but this athlete is missing in the score sheet.",MAG D,5242,Scottish Championships,2026,Mase Henderson,GBR,MAG,senior,PB,,,individual,final,2.7,False,0,,,,,,,,,,,,,,,,,,,,[]
orphan_17e48edda12f6493,athlete_missing_in_score_sheet,review,"The event/apparatus/context exists, but this athlete is missing in the score sheet.",MAG D,5242,Scottish Championships,2026,Mase Henderson,GBR,MAG,senior,PH,,,individual,final,3.7,False,0,,,,,,,,,,,,,,,,,,,,[]
orphan_961708ee64338b05,athlete_missing_in_score_sheet,review,"The event/apparatus/context exists, but this athlete is missing in the score sheet.",MAG D,5242,Scottish Championships,2026,Mase Henderson,GBR,MAG,senior,SR,,,individual,final,1.9,False,0,,,,,,,,,,,,,,,,,,,,[]
orphan_cdd4cf6141e3ed06,athlete_missing_in_score_sheet,review,"The event/apparatus/context exists, but this athlete is missing in the score sheet.",MAG D,5242,Scottish Championships,2026,Mase Henderson,GBR,MAG,senior,VT,1,,individual,final,2.4,True,0,,,,,,,,,,,,,,,,,,,,[]
orphan_ab14e39e871be32e,missing_final_score_for_context,review,"The athlete/event exists, but not this apparatus/context.",MAG D,5322,Italian Serie A Final,2026,Matteo Levantesi,ITA,MAG,senior,VT,1,,individual,final,4.6,True,0,,,,,,,,,,,,,,,,,,,,[]
orphan_26198d4b065fbaba,possible_context_mismatch,review,"Possible format, round, or day mismatch.",MAG D,5498,Unni & Haralds Trophy,2026,Mees van der Most,NOR,MAG,senior,VT,2,,individual,final,2.8,True,1,suggestion_d138b25504572cd7,context_correction,0.65,"Same athlete/event/apparatus exists in the score sheet, but format, round, or day is different.",Unni & Haralds Trophy,2026,Mees van der Most,NOR,MAG,senior,VT,2,,apparatus,final,11.9,2.8,MAG,5548,"[{""suggestion_id"": ""suggestion_d138b25504572cd7"", ""suggestion_type"": ""context_correction"", ""confidence"": 0.65, ""message"": ""Same athlete/event/apparatus exists in the score sheet, but format, round, or day is different."", ""action"": ""attach_d_score_to_target_result"", ""changes"": {""format"": {""from"": ""individual"", ""to"": ""apparatus""}, ""round"": {""from"": ""final"", ""to"": ""final""}, ""day"": {""from"": null, ""to"": null}}, ""target_result"": {""event_name"": ""Unni & Haralds Trophy"", ""year"": 2026, ""athlete_name"": ""Mees van der Most"", ""country"": ""NOR"", ""discipline"": ""MAG"", ""category"": ""senior"", ""apparatus"": ""VT"", ""vt_attempt"": 2, ""day"": null, ""format"": ""apparatus"", ""round"": ""final"", ""score"": 11.9, ""D_score"": 2.8, ""vault_attempt_order_uncertain"": true, ""source_sheet"": ""MAG"", ""source_row"": 5548, ""target_id"": ""target_1c25dd49ea00367a""}}]"
orphan_cda8f78960bce672,missing_final_score_for_context,review,"The athlete/event exists, but not this apparatus/context.",MAG D,5508,French Championships,2026,Melwin Touchais,FRA,MAG,senior,HB,,,individual,final,4.6,False,0,,,,,,,,,,,,,,,,,,,,[]
orphan_82ecc75d29414dfc,possible_context_mismatch,review,"Possible format, round, or day mismatch.",MAG D,5549,Austrian Championships,2026,Michael Miggitsch,AUT,MAG,junior,VT,1,,apparatus,final,4.4,True,1,suggestion_8c65c5beb74a4f2e,context_correction,0.65,"Same athlete/event/apparatus exists in the score sheet, but format, round, or day is different.",Austrian Championships,2026,Michael Miggitsch,AUT,MAG,junior,VT,1,,individual,final,12.65,4.4,MAG,5599,"[{""suggestion_id"": ""suggestion_8c65c5beb74a4f2e"", ""suggestion_type"": ""context_correction"", ""confidence"": 0.65, ""message"": ""Same athlete/event/apparatus exists in the score sheet, but format, round, or day is different."", ""action"": ""attach_d_score_to_target_result"", ""changes"": {""format"": {""from"": ""apparatus"", ""to"": ""individual""}, ""round"": {""from"": ""final"", ""to"": ""final""}, ""day"": {""from"": null, ""to"": null}}, ""target_result"": {""event_name"": ""Austrian Championships"", ""year"": 2026, ""athlete_name"": ""Michael Miggitsch"", ""country"": ""AUT"", ""discipline"": ""MAG"", ""category"": ""junior"", ""apparatus"": ""VT"", ""vt_attempt"": 1, ""day"": null, ""format"": ""individual"", ""round"": ""final"", ""score"": 12.65, ""D_score"": 4.4, ""vault_attempt_order_uncertain"": true, ""source_sheet"": ""MAG"", ""source_row"": 5599, ""target_id"": ""target_6d24dadd99011707""}}]"
orphan_c5effc4301cc5e4b,possible_context_mismatch,review,"Possible format, round, or day mismatch.",MAG D,5549,Austrian Championships,2026,Michael Miggitsch,AUT,MAG,junior,VT,2,,apparatus,final,2.4,True,1,suggestion_fe443292ff7fec09,context_correction,0.65,"Same athlete/event/apparatus exists in the score sheet, but format, round, or day is different.",Austrian Championships,2026,Michael Miggitsch,AUT,MAG,junior,VT,2,,individual,final,10.65,2.4,MAG,5599,"[{""suggestion_id"": ""suggestion_fe443292ff7fec09"", ""suggestion_type"": ""context_correction"", ""confidence"": 0.65, ""message"": ""Same athlete/event/apparatus exists in the score sheet, but format, round, or day is different."", ""action"": ""attach_d_score_to_target_result"", ""changes"": {""format"": {""from"": ""apparatus"", ""to"": ""individual""}, ""round"": {""from"": ""final"", ""to"": ""final""}, ""day"": {""from"": null, ""to"": null}}, ""target_result"": {""event_name"": ""Austrian Championships"", ""year"": 2026, ""athlete_name"": ""Michael Miggitsch"", ""country"": ""AUT"", ""discipline"": ""MAG"", ""category"": ""junior"", ""apparatus"": ""VT"", ""vt_attempt"": 2, ""day"": null, ""format"": ""individual"", ""round"": ""final"", ""score"": 10.65, ""D_score"": 2.4, ""vault_attempt_order_uncertain"": true, ""source_sheet"": ""MAG"", ""source_row"": 5599, ""target_id"": ""target_e68f1ad4cac870ce""}}]"
orphan_fa70881eb39f75f0,athlete_missing_in_score_sheet,review,"The event/apparatus/context exists, but this athlete is missing in the score sheet.",MAG D,5707,Asian Championships,2026,Mohan Zhang,CHN,MAG,junior,FX,,,individual,final,5.2,False,0,,,,,,,,,,,,,,,,,,,,[]
orphan_9532a98d29e741d2,athlete_missing_in_score_sheet,review,"The event/apparatus/context exists, but this athlete is missing in the score sheet.",MAG D,5707,Asian Championships,2026,Mohan Zhang,CHN,MAG,junior,PB,,,individual,final,4.3,False,0,,,,,,,,,,,,,,,,,,,,[]
orphan_862d73ec7f6f41bb,athlete_missing_in_score_sheet,review,"The event/apparatus/context exists, but this athlete is missing in the score sheet.",MAG D,5707,Asian Championships,2026,Mohan Zhang,CHN,MAG,junior,VT,1,,individual,final,4.8,True,0,,,,,,,,,,,,,,,,,,,,[]
orphan_56396d98d1e1eb1b,missing_final_score_for_context,review,"The athlete/event exists, but not this apparatus/context.",MAG D,5759,Australian Championships,2026,Myles Reed,AUS,MAG,junior,HB,,,individual,qualification,2.5,False,0,,,,,,,,,,,,,,,,,,,,[]
orphan_0cc8112d9c2b0e62,missing_final_score_for_context,review,"The athlete/event exists, but not this apparatus/context.",MAG D,5852,Cottbus World Cup,2026,Nazar Chepurnyi,UKR,MAG,senior,SR,,,individual,qualification,5.2,False,0,,,,,,,,,,,,,,,,,,,,[]
orphan_02ad4a71b579430f,possible_context_mismatch,review,"Possible format, round, or day mismatch.",MAG D,5862,Osijek World Cup,2026,Nazar Chepurnyi,UKR,MAG,senior,PB,,,apparatus,final,4.5,False,1,suggestion_5b243d6b8e49e5b9,context_correction,0.65,"Same athlete/event/apparatus exists in the score sheet, but format, round, or day is different.",Osijek World Cup,2026,Nazar Chepurnyi,UKR,MAG,senior,PB,,,individual,qualification,11.766,,MAG,5920,"[{""suggestion_id"": ""suggestion_5b243d6b8e49e5b9"", ""suggestion_type"": ""context_correction"", ""confidence"": 0.65, ""message"": ""Same athlete/event/apparatus exists in the score sheet, but format, round, or day is different."", ""action"": ""attach_d_score_to_target_result"", ""changes"": {""format"": {""from"": ""apparatus"", ""to"": ""individual""}, ""round"": {""from"": ""final"", ""to"": ""qualification""}, ""day"": {""from"": null, ""to"": null}}, ""target_result"": {""event_name"": ""Osijek World Cup"", ""year"": 2026, ""athlete_name"": ""Nazar Chepurnyi"", ""country"": ""UKR"", ""discipline"": ""MAG"", ""category"": ""senior"", ""apparatus"": ""PB"", ""vt_attempt"": null, ""day"": null, ""format"": ""individual"", ""round"": ""qualification"", ""score"": 11.766, ""D_score"": null, ""vault_attempt_order_uncertain"": false, ""source_sheet"": ""MAG"", ""source_row"": 5920, ""target_id"": ""target_fce4e550a12aef47""}}]"
orphan_79ca0240ebf5dcca,missing_final_score_for_context,review,"The athlete/event exists, but not this apparatus/context.",MAG D,5883,Asian Championships,2026,Ng Ka Ki,HKG,MAG,senior,PH,,,individual,final,5.2,False,0,,,,,,,,,,,,,,,,,,,,[]
orphan_6d52384d07af6df5,athlete_missing_in_score_sheet,review,"The event/apparatus/context exists, but this athlete is missing in the score sheet.",MAG D,5984,Elite Canada,2026,Nicolas Kuebler,USA,MAG,senior,FX,,,individual,final,5.1,False,0,,,,,,,,,,,,,,,,,,,,[]
orphan_867730485abcbf0a,athlete_missing_in_score_sheet,review,"The event/apparatus/context exists, but this athlete is missing in the score sheet.",MAG D,5984,Elite Canada,2026,Nicolas Kuebler,USA,MAG,senior,HB,,,individual,final,5.1,False,0,,,,,,,,,,,,,,,,,,,,[]
orphan_24f9213528b87e57,athlete_missing_in_score_sheet,review,"The event/apparatus/context exists, but this athlete is missing in the score sheet.",MAG D,5984,Elite Canada,2026,Nicolas Kuebler,USA,MAG,senior,SR,,,individual,final,5.1,False,0,,,,,,,,,,,,,,,,,,,,[]
orphan_6c24681974027aaf,possible_athlete_name_typo,review,Possible athlete-name typo between the D sheet and the score sheet.,MAG D,5987,NCAA Week 5,2026,Nicolas Tarca,ROU,MAG,senior,HB,,,individual,final,4.5,False,1,suggestion_caea9bbbcf618092,athlete_name_correction,0.963,D-score athlete 'Nicolas Tarca' probably matches score-sheet athlete 'Nicholas Tarca'.,NCAA Week 5,2026,Nicholas Tarca,ROU,MAG,senior,HB,,,individual,final,11.85,,MAG,5987,"[{""suggestion_id"": ""suggestion_caea9bbbcf618092"", ""suggestion_type"": ""athlete_name_correction"", ""confidence"": 0.963, ""message"": ""D-score athlete 'Nicolas Tarca' probably matches score-sheet athlete 'Nicholas Tarca'."", ""action"": ""attach_d_score_to_target_result"", ""changes"": {""athlete_name"": {""from"": ""Nicolas Tarca"", ""to"": ""Nicholas Tarca""}}, ""target_result"": {""event_name"": ""NCAA Week 5"", ""year"": 2026, ""athlete_name"": ""Nicholas Tarca"", ""country"": ""ROU"", ""discipline"": ""MAG"", ""category"": ""senior"", ""apparatus"": ""HB"", ""vt_attempt"": null, ""day"": null, ""format"": ""individual"", ""round"": ""final"", ""score"": 11.85, ""D_score"": null, ""vault_attempt_order_uncertain"": false, ""source_sheet"": ""MAG"", ""source_row"": 5987, ""target_id"": ""target_4441969eb6e0bdad""}}]"
orphan_93422b6dcdb81177,possible_athlete_name_typo,review,Possible athlete-name typo between the D sheet and the score sheet.,MAG D,5987,NCAA Week 5,2026,Nicolas Tarca,ROU,MAG,senior,PH,,,individual,final,5.1,False,1,suggestion_8484c305ed09b529,athlete_name_correction,0.963,D-score athlete 'Nicolas Tarca' probably matches score-sheet athlete 'Nicholas Tarca'.,NCAA Week 5,2026,Nicholas Tarca,ROU,MAG,senior,PH,,,individual,final,13.0,,MAG,5987,"[{""suggestion_id"": ""suggestion_8484c305ed09b529"", ""suggestion_type"": ""athlete_name_correction"", ""confidence"": 0.963, ""message"": ""D-score athlete 'Nicolas Tarca' probably matches score-sheet athlete 'Nicholas Tarca'."", ""action"": ""attach_d_score_to_target_result"", ""changes"": {""athlete_name"": {""from"": ""Nicolas Tarca"", ""to"": ""Nicholas Tarca""}}, ""target_result"": {""event_name"": ""NCAA Week 5"", ""year"": 2026, ""athlete_name"": ""Nicholas Tarca"", ""country"": ""ROU"", ""discipline"": ""MAG"", ""category"": ""senior"", ""apparatus"": ""PH"", ""vt_attempt"": null, ""day"": null, ""format"": ""individual"", ""round"": ""final"", ""score"": 13.0, ""D_score"": null, ""vault_attempt_order_uncertain"": false, ""source_sheet"": ""MAG"", ""source_row"": 5987, ""target_id"": ""target_9a4ac02a05f0d812""}}]"
orphan_9b7ce1819e508303,possible_athlete_name_typo,review,Possible athlete-name typo between the D sheet and the score sheet.,MAG D,6037,Russian Junior Team Championships,2026,Nikita Pyazantsev,RUS,MAG,junior,FX,,,team,final,3.5,False,1,suggestion_7bb976ea52764d21,athlete_name_correction,0.941,D-score athlete 'Nikita Pyazantsev' probably matches score-sheet athlete 'Nikita Ryazantsev'.,Russian Junior Team Championships,2026,Nikita Ryazantsev,RUS,MAG,junior,FX,,,team,final,11.7,,MAG,6100,"[{""suggestion_id"": ""suggestion_7bb976ea52764d21"", ""suggestion_type"": ""athlete_name_correction"", ""confidence"": 0.941, ""message"": ""D-score athlete 'Nikita Pyazantsev' probably matches score-sheet athlete 'Nikita Ryazantsev'."", ""action"": ""attach_d_score_to_target_result"", ""changes"": {""athlete_name"": {""from"": ""Nikita Pyazantsev"", ""to"": ""Nikita Ryazantsev""}}, ""target_result"": {""event_name"": ""Russian Junior Team Championships"", ""year"": 2026, ""athlete_name"": ""Nikita Ryazantsev"", ""country"": ""RUS"", ""discipline"": ""MAG"", ""category"": ""junior"", ""apparatus"": ""FX"", ""vt_attempt"": null, ""day"": null, ""format"": ""team"", ""round"": ""final"", ""score"": 11.7, ""D_score"": null, ""vault_attempt_order_uncertain"": false, ""source_sheet"": ""MAG"", ""source_row"": 6100, ""target_id"": ""target_40f598e47e17771e""}}]"
orphan_40ed2846071eda4d,possible_athlete_name_typo,review,Possible athlete-name typo between the D sheet and the score sheet.,MAG D,6037,Russian Junior Team Championships,2026,Nikita Pyazantsev,RUS,MAG,junior,HB,,,team,final,2.0,False,1,suggestion_a349a8d49d64d962,athlete_name_correction,0.941,D-score athlete 'Nikita Pyazantsev' probably matches score-sheet athlete 'Nikita Ryazantsev'.,Russian Junior Team Championships,2026,Nikita Ryazantsev,RUS,MAG,junior,HB,,,team,final,10.466,,MAG,6100,"[{""suggestion_id"": ""suggestion_a349a8d49d64d962"", ""suggestion_type"": ""athlete_name_correction"", ""confidence"": 0.941, ""message"": ""D-score athlete 'Nikita Pyazantsev' probably matches score-sheet athlete 'Nikita Ryazantsev'."", ""action"": ""attach_d_score_to_target_result"", ""changes"": {""athlete_name"": {""from"": ""Nikita Pyazantsev"", ""to"": ""Nikita Ryazantsev""}}, ""target_result"": {""event_name"": ""Russian Junior Team Championships"", ""year"": 2026, ""athlete_name"": ""Nikita Ryazantsev"", ""country"": ""RUS"", ""discipline"": ""MAG"", ""category"": ""junior"", ""apparatus"": ""HB"", ""vt_attempt"": null, ""day"": null, ""format"": ""team"", ""round"": ""final"", ""score"": 10.466, ""D_score"": null, ""vault_attempt_order_uncertain"": false, ""source_sheet"": ""MAG"", ""source_row"": 6100, ""target_id"": ""target_8016df82e9329511""}}]"
orphan_bbeedc67e288b4b4,possible_athlete_name_typo,review,Possible athlete-name typo between the D sheet and the score sheet.,MAG D,6037,Russian Junior Team Championships,2026,Nikita Pyazantsev,RUS,MAG,junior,PB,,,team,final,3.1,False,1,suggestion_5306311642708a93,athlete_name_correction,0.941,D-score athlete 'Nikita Pyazantsev' probably matches score-sheet athlete 'Nikita Ryazantsev'.,Russian Junior Team Championships,2026,Nikita Ryazantsev,RUS,MAG,junior,PB,,,team,final,11.6,,MAG,6100,"[{""suggestion_id"": ""suggestion_5306311642708a93"", ""suggestion_type"": ""athlete_name_correction"", ""confidence"": 0.941, ""message"": ""D-score athlete 'Nikita Pyazantsev' probably matches score-sheet athlete 'Nikita Ryazantsev'."", ""action"": ""attach_d_score_to_target_result"", ""changes"": {""athlete_name"": {""from"": ""Nikita Pyazantsev"", ""to"": ""Nikita Ryazantsev""}}, ""target_result"": {""event_name"": ""Russian Junior Team Championships"", ""year"": 2026, ""athlete_name"": ""Nikita Ryazantsev"", ""country"": ""RUS"", ""discipline"": ""MAG"", ""category"": ""junior"", ""apparatus"": ""PB"", ""vt_attempt"": null, ""day"": null, ""format"": ""team"", ""round"": ""final"", ""score"": 11.6, ""D_score"": null, ""vault_attempt_order_uncertain"": false, ""source_sheet"": ""MAG"", ""source_row"": 6100, ""target_id"": ""target_03de11c3427cc032""}}]"
orphan_ab7070569cfb2439,possible_athlete_name_typo,review,Possible athlete-name typo between the D sheet and the score sheet.,MAG D,6037,Russian Junior Team Championships,2026,Nikita Pyazantsev,RUS,MAG,junior,PH,,,team,final,3.1,False,1,suggestion_5b502ea15dcc993b,athlete_name_correction,0.941,D-score athlete 'Nikita Pyazantsev' probably matches score-sheet athlete 'Nikita Ryazantsev'.,Russian Junior Team Championships,2026,Nikita Ryazantsev,RUS,MAG,junior,PH,,,team,final,10.7,,MAG,6100,"[{""suggestion_id"": ""suggestion_5b502ea15dcc993b"", ""suggestion_type"": ""athlete_name_correction"", ""confidence"": 0.941, ""message"": ""D-score athlete 'Nikita Pyazantsev' probably matches score-sheet athlete 'Nikita Ryazantsev'."", ""action"": ""attach_d_score_to_target_result"", ""changes"": {""athlete_name"": {""from"": ""Nikita Pyazantsev"", ""to"": ""Nikita Ryazantsev""}}, ""target_result"": {""event_name"": ""Russian Junior Team Championships"", ""year"": 2026, ""athlete_name"": ""Nikita Ryazantsev"", ""country"": ""RUS"", ""discipline"": ""MAG"", ""category"": ""junior"", ""apparatus"": ""PH"", ""vt_attempt"": null, ""day"": null, ""format"": ""team"", ""round"": ""final"", ""score"": 10.7, ""D_score"": null, ""vault_attempt_order_uncertain"": false, ""source_sheet"": ""MAG"", ""source_row"": 6100, ""target_id"": ""target_2c29c76708287da4""}}]"
orphan_01cdd0c9aeeed379,possible_athlete_name_typo,review,Possible athlete-name typo between the D sheet and the score sheet.,MAG D,6037,Russian Junior Team Championships,2026,Nikita Pyazantsev,RUS,MAG,junior,SR,,,team,final,2.5,False,1,suggestion_1d8a6e4310ee17b8,athlete_name_correction,0.941,D-score athlete 'Nikita Pyazantsev' probably matches score-sheet athlete 'Nikita Ryazantsev'.,Russian Junior Team Championships,2026,Nikita Ryazantsev,RUS,MAG,junior,SR,,,team,final,6.5,,MAG,6100,"[{""suggestion_id"": ""suggestion_1d8a6e4310ee17b8"", ""suggestion_type"": ""athlete_name_correction"", ""confidence"": 0.941, ""message"": ""D-score athlete 'Nikita Pyazantsev' probably matches score-sheet athlete 'Nikita Ryazantsev'."", ""action"": ""attach_d_score_to_target_result"", ""changes"": {""athlete_name"": {""from"": ""Nikita Pyazantsev"", ""to"": ""Nikita Ryazantsev""}}, ""target_result"": {""event_name"": ""Russian Junior Team Championships"", ""year"": 2026, ""athlete_name"": ""Nikita Ryazantsev"", ""country"": ""RUS"", ""discipline"": ""MAG"", ""category"": ""junior"", ""apparatus"": ""SR"", ""vt_attempt"": null, ""day"": null, ""format"": ""team"", ""round"": ""final"", ""score"": 6.5, ""D_score"": null, ""vault_attempt_order_uncertain"": false, ""source_sheet"": ""MAG"", ""source_row"": 6100, ""target_id"": ""target_9bc7a645894d2652""}}]"
orphan_d4da2c10a0e057d5,possible_athlete_name_typo,review,Possible athlete-name typo between the D sheet and the score sheet.,MAG D,6037,Russian Junior Team Championships,2026,Nikita Pyazantsev,RUS,MAG,junior,VT,1,,team,final,2.8,True,1,suggestion_3c41376974f02f77,athlete_name_correction,0.941,D-score athlete 'Nikita Pyazantsev' probably matches score-sheet athlete 'Nikita Ryazantsev'.,Russian Junior Team Championships,2026,Nikita Ryazantsev,RUS,MAG,junior,VT,1,,team,final,11.233,,MAG,6100,"[{""suggestion_id"": ""suggestion_3c41376974f02f77"", ""suggestion_type"": ""athlete_name_correction"", ""confidence"": 0.941, ""message"": ""D-score athlete 'Nikita Pyazantsev' probably matches score-sheet athlete 'Nikita Ryazantsev'."", ""action"": ""attach_d_score_to_target_result"", ""changes"": {""athlete_name"": {""from"": ""Nikita Pyazantsev"", ""to"": ""Nikita Ryazantsev""}}, ""target_result"": {""event_name"": ""Russian Junior Team Championships"", ""year"": 2026, ""athlete_name"": ""Nikita Ryazantsev"", ""country"": ""RUS"", ""discipline"": ""MAG"", ""category"": ""junior"", ""apparatus"": ""VT"", ""vt_attempt"": 1, ""day"": null, ""format"": ""team"", ""round"": ""final"", ""score"": 11.233, ""D_score"": null, ""vault_attempt_order_uncertain"": true, ""source_sheet"": ""MAG"", ""source_row"": 6100, ""target_id"": ""target_efdbb86763239c58""}}]"
orphan_5f07705af8369f2d,missing_final_score_for_context,review,"The athlete/event exists, but not this apparatus/context.",MAG D,6147,Unni & Haralds Trophy,2026,Noah Støvne-Bjørnsen,NOR,MAG,junior,VT,2,,individual,final,2.8,True,0,,,,,,,,,,,,,,,,,,,,[]
orphan_1b858f500c0c51e2,possible_context_mismatch,review,"Possible format, round, or day mismatch.",MAG D,6215,Australian Championships,2026,Oliver Dilnutt,AUS,MAG,senior,VT,2,,individual,qualification,2.8,True,1,suggestion_272aba282c8486ce,context_correction,0.65,"Same athlete/event/apparatus exists in the score sheet, but format, round, or day is different.",Australian Championships,2026,Oliver Dilnutt,AUS,MAG,senior,VT,2,,apparatus,final,11.734,2.8,MAG,6281,"[{""suggestion_id"": ""suggestion_272aba282c8486ce"", ""suggestion_type"": ""context_correction"", ""confidence"": 0.65, ""message"": ""Same athlete/event/apparatus exists in the score sheet, but format, round, or day is different."", ""action"": ""attach_d_score_to_target_result"", ""changes"": {""format"": {""from"": ""individual"", ""to"": ""apparatus""}, ""round"": {""from"": ""qualification"", ""to"": ""final""}, ""day"": {""from"": null, ""to"": null}}, ""target_result"": {""event_name"": ""Australian Championships"", ""year"": 2026, ""athlete_name"": ""Oliver Dilnutt"", ""country"": ""AUS"", ""discipline"": ""MAG"", ""category"": ""senior"", ""apparatus"": ""VT"", ""vt_attempt"": 2, ""day"": null, ""format"": ""apparatus"", ""round"": ""final"", ""score"": 11.734, ""D_score"": 2.8, ""vault_attempt_order_uncertain"": true, ""source_sheet"": ""MAG"", ""source_row"": 6281, ""target_id"": ""target_51e0896b1215c50c""}}]"
orphan_76e9be11bc8eeb59,possible_context_mismatch,review,"Possible format, round, or day mismatch.",MAG D,6487,Unni & Haralds Trophy,2026,Phillip Lieske,NOR,MAG,senior,VT,2,,individual,final,2.8,True,1,suggestion_1e7ce440c15defc8,context_correction,0.65,"Same athlete/event/apparatus exists in the score sheet, but format, round, or day is different.",Unni & Haralds Trophy,2026,Phillip Lieske,NOR,MAG,senior,VT,2,,apparatus,final,12.2,4.8,MAG,6555,"[{""suggestion_id"": ""suggestion_1e7ce440c15defc8"", ""suggestion_type"": ""context_correction"", ""confidence"": 0.65, ""message"": ""Same athlete/event/apparatus exists in the score sheet, but format, round, or day is different."", ""action"": ""attach_d_score_to_target_result"", ""changes"": {""format"": {""from"": ""individual"", ""to"": ""apparatus""}, ""round"": {""from"": ""final"", ""to"": ""final""}, ""day"": {""from"": null, ""to"": null}}, ""target_result"": {""event_name"": ""Unni & Haralds Trophy"", ""year"": 2026, ""athlete_name"": ""Phillip Lieske"", ""country"": ""NOR"", ""discipline"": ""MAG"", ""category"": ""senior"", ""apparatus"": ""VT"", ""vt_attempt"": 2, ""day"": null, ""format"": ""apparatus"", ""round"": ""final"", ""score"": 12.2, ""D_score"": 4.8, ""vault_attempt_order_uncertain"": true, ""source_sheet"": ""MAG"", ""source_row"": 6555, ""target_id"": ""target_bfaa4504203b38b4""}}]"
orphan_875874d6910e160e,possible_context_mismatch,review,"Possible format, round, or day mismatch.",MAG D,6755,Austrian Championships,2026,Richard Palicka,AUT,MAG,senior,VT,1,,apparatus,final,2.8,True,1,suggestion_2f8c2ecbebc3c724,context_correction,0.65,"Same athlete/event/apparatus exists in the score sheet, but format, round, or day is different.",Austrian Championships,2026,Richard Palicka,AUT,MAG,senior,VT,1,,individual,final,11.55,2.8,MAG,6820,"[{""suggestion_id"": ""suggestion_2f8c2ecbebc3c724"", ""suggestion_type"": ""context_correction"", ""confidence"": 0.65, ""message"": ""Same athlete/event/apparatus exists in the score sheet, but format, round, or day is different."", ""action"": ""attach_d_score_to_target_result"", ""changes"": {""format"": {""from"": ""apparatus"", ""to"": ""individual""}, ""round"": {""from"": ""final"", ""to"": ""final""}, ""day"": {""from"": null, ""to"": null}}, ""target_result"": {""event_name"": ""Austrian Championships"", ""year"": 2026, ""athlete_name"": ""Richard Palicka"", ""country"": ""AUT"", ""discipline"": ""MAG"", ""category"": ""senior"", ""apparatus"": ""VT"", ""vt_attempt"": 1, ""day"": null, ""format"": ""individual"", ""round"": ""final"", ""score"": 11.55, ""D_score"": 2.8, ""vault_attempt_order_uncertain"": true, ""source_sheet"": ""MAG"", ""source_row"": 6820, ""target_id"": ""target_a54760a274c2dc78""}}]"
orphan_e3531ddc3bac4fd9,possible_context_mismatch,review,"Possible format, round, or day mismatch.",MAG D,6755,Austrian Championships,2026,Richard Palicka,AUT,MAG,senior,VT,2,,apparatus,final,1.2,True,1,suggestion_cfa37d7f295275df,context_correction,0.65,"Same athlete/event/apparatus exists in the score sheet, but format, round, or day is different.",Austrian Championships,2026,Richard Palicka,AUT,MAG,senior,VT,2,,individual,final,10.55,1.2,MAG,6820,"[{""suggestion_id"": ""suggestion_cfa37d7f295275df"", ""suggestion_type"": ""context_correction"", ""confidence"": 0.65, ""message"": ""Same athlete/event/apparatus exists in the score sheet, but format, round, or day is different."", ""action"": ""attach_d_score_to_target_result"", ""changes"": {""format"": {""from"": ""apparatus"", ""to"": ""individual""}, ""round"": {""from"": ""final"", ""to"": ""final""}, ""day"": {""from"": null, ""to"": null}}, ""target_result"": {""event_name"": ""Austrian Championships"", ""year"": 2026, ""athlete_name"": ""Richard Palicka"", ""country"": ""AUT"", ""discipline"": ""MAG"", ""category"": ""senior"", ""apparatus"": ""VT"", ""vt_attempt"": 2, ""day"": null, ""format"": ""individual"", ""round"": ""final"", ""score"": 10.55, ""D_score"": 1.2, ""vault_attempt_order_uncertain"": true, ""source_sheet"": ""MAG"", ""source_row"": 6820, ""target_id"": ""target_b9dc2756d0c2cc75""}}]"
orphan_c514782ae2c022eb,missing_final_score_for_context,review,"The athlete/event exists, but not this apparatus/context.",MAG D,6792,British Championships,2026,Riley Robertson-Browne,GBR,MAG,junior,VT,2,,individual,final,2.4,True,0,,,,,,,,,,,,,,,,,,,,[]
orphan_2e0bf4df2d6a563c,missing_final_score_for_context,review,"The athlete/event exists, but not this apparatus/context.",MAG D,6830,NCAA Week 11 (Meet 2),2026,Robert Noll,USA,MAG,senior,HB,,,individual,final,4.9,False,0,,,,,,,,,,,,,,,,,,,,[]
orphan_a9a50320a3a376ad,missing_final_score_for_context,review,"The athlete/event exists, but not this apparatus/context.",MAG D,6830,NCAA Week 11 (Meet 2),2026,Robert Noll,USA,MAG,senior,VT,1,,individual,final,4.4,True,0,,,,,,,,,,,,,,,,,,,,[]
orphan_c9d6b799ddacec2c,possible_context_mismatch,review,"Possible format, round, or day mismatch.",MAG D,6840,Luxembourg Open,2026,Robert Ward,IRL,MAG,junior,VT,1,,apparatus,final,4.4,True,1,suggestion_67dea11ff8d60dc8,context_correction,0.65,"Same athlete/event/apparatus exists in the score sheet, but format, round, or day is different.",Luxembourg Open,2026,Robert Ward,IRL,MAG,junior,VT,1,,individual,final,13.6,4.4,MAG,6906,"[{""suggestion_id"": ""suggestion_67dea11ff8d60dc8"", ""suggestion_type"": ""context_correction"", ""confidence"": 0.65, ""message"": ""Same athlete/event/apparatus exists in the score sheet, but format, round, or day is different."", ""action"": ""attach_d_score_to_target_result"", ""changes"": {""format"": {""from"": ""apparatus"", ""to"": ""individual""}, ""round"": {""from"": ""final"", ""to"": ""final""}, ""day"": {""from"": null, ""to"": null}}, ""target_result"": {""event_name"": ""Luxembourg Open"", ""year"": 2026, ""athlete_name"": ""Robert Ward"", ""country"": ""IRL"", ""discipline"": ""MAG"", ""category"": ""junior"", ""apparatus"": ""VT"", ""vt_attempt"": 1, ""day"": null, ""format"": ""individual"", ""round"": ""final"", ""score"": 13.6, ""D_score"": 4.4, ""vault_attempt_order_uncertain"": true, ""source_sheet"": ""MAG"", ""source_row"": 6906, ""target_id"": ""target_ed31303c39be46c4""}}]"
orphan_4546d08b99281c0c,possible_context_mismatch,review,"Possible format, round, or day mismatch.",MAG D,6840,Luxembourg Open,2026,Robert Ward,IRL,MAG,junior,VT,2,,apparatus,final,4.4,True,1,suggestion_7114203c36f72282,context_correction,0.65,"Same athlete/event/apparatus exists in the score sheet, but format, round, or day is different.",Luxembourg Open,2026,Robert Ward,IRL,MAG,junior,VT,2,,individual,final,13.45,4.4,MAG,6906,"[{""suggestion_id"": ""suggestion_7114203c36f72282"", ""suggestion_type"": ""context_correction"", ""confidence"": 0.65, ""message"": ""Same athlete/event/apparatus exists in the score sheet, but format, round, or day is different."", ""action"": ""attach_d_score_to_target_result"", ""changes"": {""format"": {""from"": ""apparatus"", ""to"": ""individual""}, ""round"": {""from"": ""final"", ""to"": ""final""}, ""day"": {""from"": null, ""to"": null}}, ""target_result"": {""event_name"": ""Luxembourg Open"", ""year"": 2026, ""athlete_name"": ""Robert Ward"", ""country"": ""IRL"", ""discipline"": ""MAG"", ""category"": ""junior"", ""apparatus"": ""VT"", ""vt_attempt"": 2, ""day"": null, ""format"": ""individual"", ""round"": ""final"", ""score"": 13.45, ""D_score"": 4.4, ""vault_attempt_order_uncertain"": true, ""source_sheet"": ""MAG"", ""source_row"": 6906, ""target_id"": ""target_4572a33b8265a699""}}]"
orphan_dfd85cd71b361641,missing_final_score_for_context,review,"The athlete/event exists, but not this apparatus/context.",MAG D,7109,Colombian Championships,2026,Samuel Lopez,COL,MAG,junior,PB,,,individual,final,2.5,False,0,,,,,,,,,,,,,,,,,,,,[]
orphan_72c48d58ac43fcfc,possible_context_mismatch,review,"Possible format, round, or day mismatch.",MAG D,7132,Austrian Championships,2026,Samuel Wachter,AUT,MAG,junior,VT,1,,apparatus,final,4.4,True,1,suggestion_e1a4d360076901c7,context_correction,0.65,"Same athlete/event/apparatus exists in the score sheet, but format, round, or day is different.",Austrian Championships,2026,Samuel Wachter,AUT,MAG,junior,VT,1,,individual,final,13.4,4.4,MAG,7200,"[{""suggestion_id"": ""suggestion_e1a4d360076901c7"", ""suggestion_type"": ""context_correction"", ""confidence"": 0.65, ""message"": ""Same athlete/event/apparatus exists in the score sheet, but format, round, or day is different."", ""action"": ""attach_d_score_to_target_result"", ""changes"": {""format"": {""from"": ""apparatus"", ""to"": ""individual""}, ""round"": {""from"": ""final"", ""to"": ""final""}, ""day"": {""from"": null, ""to"": null}}, ""target_result"": {""event_name"": ""Austrian Championships"", ""year"": 2026, ""athlete_name"": ""Samuel Wachter"", ""country"": ""AUT"", ""discipline"": ""MAG"", ""category"": ""junior"", ""apparatus"": ""VT"", ""vt_attempt"": 1, ""day"": null, ""format"": ""individual"", ""round"": ""final"", ""score"": 13.4, ""D_score"": 4.4, ""vault_attempt_order_uncertain"": true, ""source_sheet"": ""MAG"", ""source_row"": 7200, ""target_id"": ""target_7a9b972a36405c10""}}]"
orphan_e486d36571fdc47a,possible_context_mismatch,review,"Possible format, round, or day mismatch.",MAG D,7132,Austrian Championships,2026,Samuel Wachter,AUT,MAG,junior,VT,2,,apparatus,final,4.4,True,1,suggestion_0fbee96511a81814,context_correction,0.65,"Same athlete/event/apparatus exists in the score sheet, but format, round, or day is different.",Austrian Championships,2026,Samuel Wachter,AUT,MAG,junior,VT,2,,individual,final,13.2,4.4,MAG,7200,"[{""suggestion_id"": ""suggestion_0fbee96511a81814"", ""suggestion_type"": ""context_correction"", ""confidence"": 0.65, ""message"": ""Same athlete/event/apparatus exists in the score sheet, but format, round, or day is different."", ""action"": ""attach_d_score_to_target_result"", ""changes"": {""format"": {""from"": ""apparatus"", ""to"": ""individual""}, ""round"": {""from"": ""final"", ""to"": ""final""}, ""day"": {""from"": null, ""to"": null}}, ""target_result"": {""event_name"": ""Austrian Championships"", ""year"": 2026, ""athlete_name"": ""Samuel Wachter"", ""country"": ""AUT"", ""discipline"": ""MAG"", ""category"": ""junior"", ""apparatus"": ""VT"", ""vt_attempt"": 2, ""day"": null, ""format"": ""individual"", ""round"": ""final"", ""score"": 13.2, ""D_score"": 4.4, ""vault_attempt_order_uncertain"": true, ""source_sheet"": ""MAG"", ""source_row"": 7200, ""target_id"": ""target_da843eb12d78b0f0""}}]"
orphan_3bedfe7ba1b8c98d,possible_context_mismatch,review,"Possible format, round, or day mismatch.",MAG D,7223,Austrian Championships,2026,Sebastian Trauth,AUT,MAG,junior,VT,1,,apparatus,final,3.6,True,1,suggestion_a86bc51f1c61203c,context_correction,0.65,"Same athlete/event/apparatus exists in the score sheet, but format, round, or day is different.",Austrian Championships,2026,Sebastian Trauth,AUT,MAG,junior,VT,1,,individual,final,11.8,3.6,MAG,7292,"[{""suggestion_id"": ""suggestion_a86bc51f1c61203c"", ""suggestion_type"": ""context_correction"", ""confidence"": 0.65, ""message"": ""Same athlete/event/apparatus exists in the score sheet, but format, round, or day is different."", ""action"": ""attach_d_score_to_target_result"", ""changes"": {""format"": {""from"": ""apparatus"", ""to"": ""individual""}, ""round"": {""from"": ""final"", ""to"": ""final""}, ""day"": {""from"": null, ""to"": null}}, ""target_result"": {""event_name"": ""Austrian Championships"", ""year"": 2026, ""athlete_name"": ""Sebastian Trauth"", ""country"": ""AUT"", ""discipline"": ""MAG"", ""category"": ""junior"", ""apparatus"": ""VT"", ""vt_attempt"": 1, ""day"": null, ""format"": ""individual"", ""round"": ""final"", ""score"": 11.8, ""D_score"": 3.6, ""vault_attempt_order_uncertain"": true, ""source_sheet"": ""MAG"", ""source_row"": 7292, ""target_id"": ""target_9092af4be69b6f4e""}}]"
orphan_dfec34419d1bd90e,possible_context_mismatch,review,"Possible format, round, or day mismatch.",MAG D,7223,Austrian Championships,2026,Sebastian Trauth,AUT,MAG,junior,VT,2,,apparatus,final,2.0,True,1,suggestion_cc208b13040afe97,context_correction,0.65,"Same athlete/event/apparatus exists in the score sheet, but format, round, or day is different.",Austrian Championships,2026,Sebastian Trauth,AUT,MAG,junior,VT,2,,individual,final,9.8,2.0,MAG,7292,"[{""suggestion_id"": ""suggestion_cc208b13040afe97"", ""suggestion_type"": ""context_correction"", ""confidence"": 0.65, ""message"": ""Same athlete/event/apparatus exists in the score sheet, but format, round, or day is different."", ""action"": ""attach_d_score_to_target_result"", ""changes"": {""format"": {""from"": ""apparatus"", ""to"": ""individual""}, ""round"": {""from"": ""final"", ""to"": ""final""}, ""day"": {""from"": null, ""to"": null}}, ""target_result"": {""event_name"": ""Austrian Championships"", ""year"": 2026, ""athlete_name"": ""Sebastian Trauth"", ""country"": ""AUT"", ""discipline"": ""MAG"", ""category"": ""junior"", ""apparatus"": ""VT"", ""vt_attempt"": 2, ""day"": null, ""format"": ""individual"", ""round"": ""final"", ""score"": 9.8, ""D_score"": 2.0, ""vault_attempt_order_uncertain"": true, ""source_sheet"": ""MAG"", ""source_row"": 7292, ""target_id"": ""target_b5d6ab51eca6522d""}}]"
orphan_b7c072237d683c37,possible_context_mismatch,review,"Possible format, round, or day mismatch.",MAG D,7261,Russian Championships,2026,Sergei Shcherbakov,RUS,MAG,senior,VT,1,,apparatus,final,4.8,True,2,suggestion_db9dc64bddbc4c15,context_correction,0.65,"Same athlete/event/apparatus exists in the score sheet, but format, round, or day is different.",Russian Championships,2026,Sergei Shcherbakov,RUS,MAG,senior,VT,1,,individual,qualification,12.866,4.4,MAG,7329,"[{""suggestion_id"": ""suggestion_db9dc64bddbc4c15"", ""suggestion_type"": ""context_correction"", ""confidence"": 0.65, ""message"": ""Same athlete/event/apparatus exists in the score sheet, but format, round, or day is different."", ""action"": ""attach_d_score_to_target_result"", ""changes"": {""format"": {""from"": ""apparatus"", ""to"": ""individual""}, ""round"": {""from"": ""final"", ""to"": ""qualification""}, ""day"": {""from"": null, ""to"": null}}, ""target_result"": {""event_name"": ""Russian Championships"", ""year"": 2026, ""athlete_name"": ""Sergei Shcherbakov"", ""country"": ""RUS"", ""discipline"": ""MAG"", ""category"": ""senior"", ""apparatus"": ""VT"", ""vt_attempt"": 1, ""day"": null, ""format"": ""individual"", ""round"": ""qualification"", ""score"": 12.866, ""D_score"": 4.4, ""vault_attempt_order_uncertain"": true, ""source_sheet"": ""MAG"", ""source_row"": 7329, ""target_id"": ""target_a5d686041890970a""}}, {""suggestion_id"": ""suggestion_f267a85e2c7c6178"", ""suggestion_type"": ""context_correction"", ""confidence"": 0.65, ""message"": ""Same athlete/event/apparatus exists in the score sheet, but format, round, or day is different."", ""action"": ""attach_d_score_to_target_result"", ""changes"": {""format"": {""from"": ""apparatus"", ""to"": ""individual""}, ""round"": {""from"": ""final"", ""to"": ""final""}, ""day"": {""from"": null, ""to"": null}}, ""target_result"": {""event_name"": ""Russian Championships"", ""year"": 2026, ""athlete_name"": ""Sergei Shcherbakov"", ""country"": ""RUS"", ""discipline"": ""MAG"", ""category"": ""senior"", ""apparatus"": ""VT"", ""vt_attempt"": 1, ""day"": null, ""format"": ""individual"", ""round"": ""final"", ""score"": 12.966, ""D_score"": 4.4, ""vault_attempt_order_uncertain"": true, ""source_sheet"": ""MAG"", ""source_row"": 7330, ""target_id"": ""target_8f84e5db16ed0097""}}]"
orphan_e4d521faa68a402c,possible_context_mismatch,review,"Possible format, round, or day mismatch.",MAG D,7261,Russian Championships,2026,Sergei Shcherbakov,RUS,MAG,senior,VT,2,,apparatus,final,4.4,True,1,suggestion_49c39f0c6531a094,context_correction,0.65,"Same athlete/event/apparatus exists in the score sheet, but format, round, or day is different.",Russian Championships,2026,Sergei Shcherbakov,RUS,MAG,senior,VT,2,,individual,qualification,12.466,4.8,MAG,7329,"[{""suggestion_id"": ""suggestion_49c39f0c6531a094"", ""suggestion_type"": ""context_correction"", ""confidence"": 0.65, ""message"": ""Same athlete/event/apparatus exists in the score sheet, but format, round, or day is different."", ""action"": ""attach_d_score_to_target_result"", ""changes"": {""format"": {""from"": ""apparatus"", ""to"": ""individual""}, ""round"": {""from"": ""final"", ""to"": ""qualification""}, ""day"": {""from"": null, ""to"": null}}, ""target_result"": {""event_name"": ""Russian Championships"", ""year"": 2026, ""athlete_name"": ""Sergei Shcherbakov"", ""country"": ""RUS"", ""discipline"": ""MAG"", ""category"": ""senior"", ""apparatus"": ""VT"", ""vt_attempt"": 2, ""day"": null, ""format"": ""individual"", ""round"": ""qualification"", ""score"": 12.466, ""D_score"": 4.8, ""vault_attempt_order_uncertain"": true, ""source_sheet"": ""MAG"", ""source_row"": 7329, ""target_id"": ""target_fa04e571ef62194a""}}]"
orphan_e500b8c268ba569b,possible_context_mismatch,review,"Possible format, round, or day mismatch.",MAG D,7348,Unni & Haralds Trophy,2026,Simen Karlsen,NOR,MAG,junior,VT,2,,individual,final,1.8,True,1,suggestion_f36e9717b3256758,context_correction,0.65,"Same athlete/event/apparatus exists in the score sheet, but format, round, or day is different.",Unni & Haralds Trophy,2026,Simen Karlsen,NOR,MAG,junior,VT,2,,apparatus,final,10.7,1.8,MAG,7421,"[{""suggestion_id"": ""suggestion_f36e9717b3256758"", ""suggestion_type"": ""context_correction"", ""confidence"": 0.65, ""message"": ""Same athlete/event/apparatus exists in the score sheet, but format, round, or day is different."", ""action"": ""attach_d_score_to_target_result"", ""changes"": {""format"": {""from"": ""individual"", ""to"": ""apparatus""}, ""round"": {""from"": ""final"", ""to"": ""final""}, ""day"": {""from"": null, ""to"": null}}, ""target_result"": {""event_name"": ""Unni & Haralds Trophy"", ""year"": 2026, ""athlete_name"": ""Simen Karlsen"", ""country"": ""NOR"", ""discipline"": ""MAG"", ""category"": ""junior"", ""apparatus"": ""VT"", ""vt_attempt"": 2, ""day"": null, ""format"": ""apparatus"", ""round"": ""final"", ""score"": 10.7, ""D_score"": 1.8, ""vault_attempt_order_uncertain"": true, ""source_sheet"": ""MAG"", ""source_row"": 7421, ""target_id"": ""target_d6c82ef702919175""}}]"
orphan_91e5778defc97f4f,possible_context_mismatch,review,"Possible format, round, or day mismatch.",MAG D,7574,Pan American Championships,2026,Taylor Burkhart,USA,MAG,senior,HB,,,apparatus,final,5.4,False,1,suggestion_a6d0ed22983a53f0,context_correction,0.65,"Same athlete/event/apparatus exists in the score sheet, but format, round, or day is different.",Pan American Championships,2026,Taylor Burkhart,USA,MAG,senior,HB,,,individual,qualification,13.966,5.7,MAG,7650,"[{""suggestion_id"": ""suggestion_a6d0ed22983a53f0"", ""suggestion_type"": ""context_correction"", ""confidence"": 0.65, ""message"": ""Same athlete/event/apparatus exists in the score sheet, but format, round, or day is different."", ""action"": ""attach_d_score_to_target_result"", ""changes"": {""format"": {""from"": ""apparatus"", ""to"": ""individual""}, ""round"": {""from"": ""final"", ""to"": ""qualification""}, ""day"": {""from"": null, ""to"": null}}, ""target_result"": {""event_name"": ""Pan American Championships"", ""year"": 2026, ""athlete_name"": ""Taylor Burkhart"", ""country"": ""USA"", ""discipline"": ""MAG"", ""category"": ""senior"", ""apparatus"": ""HB"", ""vt_attempt"": null, ""day"": null, ""format"": ""individual"", ""round"": ""qualification"", ""score"": 13.966, ""D_score"": 5.7, ""vault_attempt_order_uncertain"": false, ""source_sheet"": ""MAG"", ""source_row"": 7650, ""target_id"": ""target_6cfb744fcaaa27e2""}}]"
orphan_a25d74964f97205b,possible_context_mismatch,review,"Possible format, round, or day mismatch.",MAG D,7668,Luxembourg Open,2026,Thomas Tittley,CAN,MAG,junior,VT,1,,apparatus,final,4.8,True,1,suggestion_0e6eddaf4d8bce0a,context_correction,0.65,"Same athlete/event/apparatus exists in the score sheet, but format, round, or day is different.",Luxembourg Open,2026,Thomas Tittley,CAN,MAG,junior,VT,1,,individual,final,13.5,4.8,MAG,7743,"[{""suggestion_id"": ""suggestion_0e6eddaf4d8bce0a"", ""suggestion_type"": ""context_correction"", ""confidence"": 0.65, ""message"": ""Same athlete/event/apparatus exists in the score sheet, but format, round, or day is different."", ""action"": ""attach_d_score_to_target_result"", ""changes"": {""format"": {""from"": ""apparatus"", ""to"": ""individual""}, ""round"": {""from"": ""final"", ""to"": ""final""}, ""day"": {""from"": null, ""to"": null}}, ""target_result"": {""event_name"": ""Luxembourg Open"", ""year"": 2026, ""athlete_name"": ""Thomas Tittley"", ""country"": ""CAN"", ""discipline"": ""MAG"", ""category"": ""junior"", ""apparatus"": ""VT"", ""vt_attempt"": 1, ""day"": null, ""format"": ""individual"", ""round"": ""final"", ""score"": 13.5, ""D_score"": 4.8, ""vault_attempt_order_uncertain"": true, ""source_sheet"": ""MAG"", ""source_row"": 7743, ""target_id"": ""target_6d66e741fdd18cc9""}}]"
orphan_a8f531f29658061a,possible_context_mismatch,review,"Possible format, round, or day mismatch.",MAG D,7668,Luxembourg Open,2026,Thomas Tittley,CAN,MAG,junior,VT,2,,apparatus,final,2.8,True,1,suggestion_769475802fa4ba8e,context_correction,0.65,"Same athlete/event/apparatus exists in the score sheet, but format, round, or day is different.",Luxembourg Open,2026,Thomas Tittley,CAN,MAG,junior,VT,2,,individual,final,12.25,2.8,MAG,7743,"[{""suggestion_id"": ""suggestion_769475802fa4ba8e"", ""suggestion_type"": ""context_correction"", ""confidence"": 0.65, ""message"": ""Same athlete/event/apparatus exists in the score sheet, but format, round, or day is different."", ""action"": ""attach_d_score_to_target_result"", ""changes"": {""format"": {""from"": ""apparatus"", ""to"": ""individual""}, ""round"": {""from"": ""final"", ""to"": ""final""}, ""day"": {""from"": null, ""to"": null}}, ""target_result"": {""event_name"": ""Luxembourg Open"", ""year"": 2026, ""athlete_name"": ""Thomas Tittley"", ""country"": ""CAN"", ""discipline"": ""MAG"", ""category"": ""junior"", ""apparatus"": ""VT"", ""vt_attempt"": 2, ""day"": null, ""format"": ""individual"", ""round"": ""final"", ""score"": 12.25, ""D_score"": 2.8, ""vault_attempt_order_uncertain"": true, ""source_sheet"": ""MAG"", ""source_row"": 7743, ""target_id"": ""target_5222f369b74c9f89""}}]"
orphan_e56aafa61057600a,possible_context_mismatch,review,"Possible format, round, or day mismatch.",MAG D,7976,Luxembourg Open,2026,Tymofii Kyrychenko,UKR,MAG,junior,VT,1,,apparatus,final,4.8,True,1,suggestion_fba9f6f7346da762,context_correction,0.65,"Same athlete/event/apparatus exists in the score sheet, but format, round, or day is different.",Luxembourg Open,2026,Tymofii Kyrychenko,UKR,MAG,junior,VT,1,,individual,final,12.45,4.8,MAG,8054,"[{""suggestion_id"": ""suggestion_fba9f6f7346da762"", ""suggestion_type"": ""context_correction"", ""confidence"": 0.65, ""message"": ""Same athlete/event/apparatus exists in the score sheet, but format, round, or day is different."", ""action"": ""attach_d_score_to_target_result"", ""changes"": {""format"": {""from"": ""apparatus"", ""to"": ""individual""}, ""round"": {""from"": ""final"", ""to"": ""final""}, ""day"": {""from"": null, ""to"": null}}, ""target_result"": {""event_name"": ""Luxembourg Open"", ""year"": 2026, ""athlete_name"": ""Tymofii Kyrychenko"", ""country"": ""UKR"", ""discipline"": ""MAG"", ""category"": ""junior"", ""apparatus"": ""VT"", ""vt_attempt"": 1, ""day"": null, ""format"": ""individual"", ""round"": ""final"", ""score"": 12.45, ""D_score"": 4.8, ""vault_attempt_order_uncertain"": true, ""source_sheet"": ""MAG"", ""source_row"": 8054, ""target_id"": ""target_3129c6e2217489bf""}}]"
orphan_d30dbf98af050c09,possible_context_mismatch,review,"Possible format, round, or day mismatch.",MAG D,7976,Luxembourg Open,2026,Tymofii Kyrychenko,UKR,MAG,junior,VT,2,,apparatus,final,4.8,True,1,suggestion_5a6db87d88e5b299,context_correction,0.65,"Same athlete/event/apparatus exists in the score sheet, but format, round, or day is different.",Luxembourg Open,2026,Tymofii Kyrychenko,UKR,MAG,junior,VT,2,,individual,final,13.95,4.8,MAG,8054,"[{""suggestion_id"": ""suggestion_5a6db87d88e5b299"", ""suggestion_type"": ""context_correction"", ""confidence"": 0.65, ""message"": ""Same athlete/event/apparatus exists in the score sheet, but format, round, or day is different."", ""action"": ""attach_d_score_to_target_result"", ""changes"": {""format"": {""from"": ""apparatus"", ""to"": ""individual""}, ""round"": {""from"": ""final"", ""to"": ""final""}, ""day"": {""from"": null, ""to"": null}}, ""target_result"": {""event_name"": ""Luxembourg Open"", ""year"": 2026, ""athlete_name"": ""Tymofii Kyrychenko"", ""country"": ""UKR"", ""discipline"": ""MAG"", ""category"": ""junior"", ""apparatus"": ""VT"", ""vt_attempt"": 2, ""day"": null, ""format"": ""individual"", ""round"": ""final"", ""score"": 13.95, ""D_score"": 4.8, ""vault_attempt_order_uncertain"": true, ""source_sheet"": ""MAG"", ""source_row"": 8054, ""target_id"": ""target_5545048eb3269f11""}}]"
orphan_e1fa3e4461cee49d,possible_context_mismatch,review,"Possible format, round, or day mismatch.",MAG D,8027,Luxembourg Open,2026,Valentyn Havrylchenko,UKR,MAG,junior,VT,1,,apparatus,final,4.8,True,1,suggestion_f711bd8d8a9daa15,context_correction,0.65,"Same athlete/event/apparatus exists in the score sheet, but format, round, or day is different.",Luxembourg Open,2026,Valentyn Havrylchenko,UKR,MAG,junior,VT,1,,individual,final,12.25,4.8,MAG,8105,"[{""suggestion_id"": ""suggestion_f711bd8d8a9daa15"", ""suggestion_type"": ""context_correction"", ""confidence"": 0.65, ""message"": ""Same athlete/event/apparatus exists in the score sheet, but format, round, or day is different."", ""action"": ""attach_d_score_to_target_result"", ""changes"": {""format"": {""from"": ""apparatus"", ""to"": ""individual""}, ""round"": {""from"": ""final"", ""to"": ""final""}, ""day"": {""from"": null, ""to"": null}}, ""target_result"": {""event_name"": ""Luxembourg Open"", ""year"": 2026, ""athlete_name"": ""Valentyn Havrylchenko"", ""country"": ""UKR"", ""discipline"": ""MAG"", ""category"": ""junior"", ""apparatus"": ""VT"", ""vt_attempt"": 1, ""day"": null, ""format"": ""individual"", ""round"": ""final"", ""score"": 12.25, ""D_score"": 4.8, ""vault_attempt_order_uncertain"": true, ""source_sheet"": ""MAG"", ""source_row"": 8105, ""target_id"": ""target_d42251a4bbdfff63""}}]"
orphan_476f684547fcec4b,possible_context_mismatch,review,"Possible format, round, or day mismatch.",MAG D,8027,Luxembourg Open,2026,Valentyn Havrylchenko,UKR,MAG,junior,VT,2,,apparatus,final,4.8,True,1,suggestion_13938899f66d053b,context_correction,0.65,"Same athlete/event/apparatus exists in the score sheet, but format, round, or day is different.",Luxembourg Open,2026,Valentyn Havrylchenko,UKR,MAG,junior,VT,2,,individual,final,13.65,4.8,MAG,8105,"[{""suggestion_id"": ""suggestion_13938899f66d053b"", ""suggestion_type"": ""context_correction"", ""confidence"": 0.65, ""message"": ""Same athlete/event/apparatus exists in the score sheet, but format, round, or day is different."", ""action"": ""attach_d_score_to_target_result"", ""changes"": {""format"": {""from"": ""apparatus"", ""to"": ""individual""}, ""round"": {""from"": ""final"", ""to"": ""final""}, ""day"": {""from"": null, ""to"": null}}, ""target_result"": {""event_name"": ""Luxembourg Open"", ""year"": 2026, ""athlete_name"": ""Valentyn Havrylchenko"", ""country"": ""UKR"", ""discipline"": ""MAG"", ""category"": ""junior"", ""apparatus"": ""VT"", ""vt_attempt"": 2, ""day"": null, ""format"": ""individual"", ""round"": ""final"", ""score"": 13.65, ""D_score"": 4.8, ""vault_attempt_order_uncertain"": true, ""source_sheet"": ""MAG"", ""source_row"": 8105, ""target_id"": ""target_e993bd78a4db09a4""}}]"
orphan_08726e9d8b31850b,missing_final_score_for_context,review,"The athlete/event exists, but not this apparatus/context.",MAG D,8068,Varna Challenge Cup,2026,Victor Tournicourt,BEL,MAG,senior,VT,1,,individual,qualification,4.8,True,0,,,,,,,,,,,,,,,,,,,,[]
orphan_db2135b1264e65d6,missing_final_score_for_context,review,"The athlete/event exists, but not this apparatus/context.",MAG D,8068,Varna Challenge Cup,2026,Victor Tournicourt,BEL,MAG,senior,VT,2,,individual,qualification,4.8,True,0,,,,,,,,,,,,,,,,,,,,[]
orphan_fd5c1bacb8d7d962,possible_context_mismatch,review,"Possible format, round, or day mismatch.",MAG D,8089,Austrian Championships,2026,Vincent Lindpointner,AUT,MAG,senior,VT,1,,apparatus,final,4.4,True,1,suggestion_2d158f6b276fcb19,context_correction,0.65,"Same athlete/event/apparatus exists in the score sheet, but format, round, or day is different.",Austrian Championships,2026,Vincent Lindpointner,AUT,MAG,senior,VT,1,,individual,final,12.9,4.4,MAG,8167,"[{""suggestion_id"": ""suggestion_2d158f6b276fcb19"", ""suggestion_type"": ""context_correction"", ""confidence"": 0.65, ""message"": ""Same athlete/event/apparatus exists in the score sheet, but format, round, or day is different."", ""action"": ""attach_d_score_to_target_result"", ""changes"": {""format"": {""from"": ""apparatus"", ""to"": ""individual""}, ""round"": {""from"": ""final"", ""to"": ""final""}, ""day"": {""from"": null, ""to"": null}}, ""target_result"": {""event_name"": ""Austrian Championships"", ""year"": 2026, ""athlete_name"": ""Vincent Lindpointner"", ""country"": ""AUT"", ""discipline"": ""MAG"", ""category"": ""senior"", ""apparatus"": ""VT"", ""vt_attempt"": 1, ""day"": null, ""format"": ""individual"", ""round"": ""final"", ""score"": 12.9, ""D_score"": 4.4, ""vault_attempt_order_uncertain"": true, ""source_sheet"": ""MAG"", ""source_row"": 8167, ""target_id"": ""target_7ef8ebdca8d67857""}}]"
orphan_4e2bd53f6c2fa069,possible_context_mismatch,review,"Possible format, round, or day mismatch.",MAG D,8089,Austrian Championships,2026,Vincent Lindpointner,AUT,MAG,senior,VT,2,,apparatus,final,2.4,True,1,suggestion_7c7d67142193e107,context_correction,0.65,"Same athlete/event/apparatus exists in the score sheet, but format, round, or day is different.",Austrian Championships,2026,Vincent Lindpointner,AUT,MAG,senior,VT,2,,individual,final,11.8,2.4,MAG,8167,"[{""suggestion_id"": ""suggestion_7c7d67142193e107"", ""suggestion_type"": ""context_correction"", ""confidence"": 0.65, ""message"": ""Same athlete/event/apparatus exists in the score sheet, but format, round, or day is different."", ""action"": ""attach_d_score_to_target_result"", ""changes"": {""format"": {""from"": ""apparatus"", ""to"": ""individual""}, ""round"": {""from"": ""final"", ""to"": ""final""}, ""day"": {""from"": null, ""to"": null}}, ""target_result"": {""event_name"": ""Austrian Championships"", ""year"": 2026, ""athlete_name"": ""Vincent Lindpointner"", ""country"": ""AUT"", ""discipline"": ""MAG"", ""category"": ""senior"", ""apparatus"": ""VT"", ""vt_attempt"": 2, ""day"": null, ""format"": ""individual"", ""round"": ""final"", ""score"": 11.8, ""D_score"": 2.4, ""vault_attempt_order_uncertain"": true, ""source_sheet"": ""MAG"", ""source_row"": 8167, ""target_id"": ""target_5ab5cfb8db21ed02""}}]"
orphan_fa6633528823bb38,athlete_missing_in_score_sheet,review,"The event/apparatus/context exists, but this athlete is missing in the score sheet.",MAG D,8231,DTB Pokal Team Challenge,2026,William Davies,NZL,MAG,senior,FX,,,individual,final,4.8,False,0,,,,,,,,,,,,,,,,,,,,[]
orphan_be02d86f6d2fc140,athlete_missing_in_score_sheet,review,"The event/apparatus/context exists, but this athlete is missing in the score sheet.",MAG D,8231,DTB Pokal Team Challenge,2026,William Davies,NZL,MAG,senior,HB,,,individual,final,3.1,False,0,,,,,,,,,,,,,,,,,,,,[]
orphan_b0a49413efa98f02,athlete_missing_in_score_sheet,review,"The event/apparatus/context exists, but this athlete is missing in the score sheet.",MAG D,8231,DTB Pokal Team Challenge,2026,William Davies,NZL,MAG,senior,PB,,,individual,final,2.2,False,0,,,,,,,,,,,,,,,,,,,,[]
orphan_6d9d1046cd9ceb93,athlete_missing_in_score_sheet,review,"The event/apparatus/context exists, but this athlete is missing in the score sheet.",MAG D,8231,DTB Pokal Team Challenge,2026,William Davies,NZL,MAG,senior,PH,,,individual,final,2.8,False,0,,,,,,,,,,,,,,,,,,,,[]
orphan_57e29fb47e0b0596,athlete_missing_in_score_sheet,review,"The event/apparatus/context exists, but this athlete is missing in the score sheet.",MAG D,8231,DTB Pokal Team Challenge,2026,William Davies,NZL,MAG,senior,SR,,,individual,final,2.2,False,0,,,,,,,,,,,,,,,,,,,,[]
orphan_59e393e3195ac9d9,athlete_missing_in_score_sheet,review,"The event/apparatus/context exists, but this athlete is missing in the score sheet.",MAG D,8231,DTB Pokal Team Challenge,2026,William Davies,NZL,MAG,senior,VT,1,,individual,final,4.0,True,0,,,,,,,,,,,,,,,,,,,,[]
orphan_fcaf7d19110788c1,athlete_missing_in_score_sheet,review,"The event/apparatus/context exists, but this athlete is missing in the score sheet.",MAG D,8231,DTB Pokal Team Challenge,2026,William Davies,NZL,MAG,senior,VT,2,,individual,final,2.4,True,0,,,,,,,,,,,,,,,,,,,,[]
orphan_961361fc0ed284cb,possible_context_mismatch,review,"Possible format, round, or day mismatch.",MAG D,8323,Luxembourg Open,2026,Yan Kies,LUX,MAG,junior,VT,1,,apparatus,final,4.4,True,1,suggestion_f504721c360e900d,context_correction,0.65,"Same athlete/event/apparatus exists in the score sheet, but format, round, or day is different.",Luxembourg Open,2026,Yan Kies,LUX,MAG,junior,VT,1,,individual,final,12.2,2.8,MAG,8409,"[{""suggestion_id"": ""suggestion_f504721c360e900d"", ""suggestion_type"": ""context_correction"", ""confidence"": 0.65, ""message"": ""Same athlete/event/apparatus exists in the score sheet, but format, round, or day is different."", ""action"": ""attach_d_score_to_target_result"", ""changes"": {""format"": {""from"": ""apparatus"", ""to"": ""individual""}, ""round"": {""from"": ""final"", ""to"": ""final""}, ""day"": {""from"": null, ""to"": null}}, ""target_result"": {""event_name"": ""Luxembourg Open"", ""year"": 2026, ""athlete_name"": ""Yan Kies"", ""country"": ""LUX"", ""discipline"": ""MAG"", ""category"": ""junior"", ""apparatus"": ""VT"", ""vt_attempt"": 1, ""day"": null, ""format"": ""individual"", ""round"": ""final"", ""score"": 12.2, ""D_score"": 2.8, ""vault_attempt_order_uncertain"": true, ""source_sheet"": ""MAG"", ""source_row"": 8409, ""target_id"": ""target_c9f416b645df7a99""}}]"
orphan_97d87f293be6d432,possible_context_mismatch,review,"Possible format, round, or day mismatch.",MAG D,8323,Luxembourg Open,2026,Yan Kies,LUX,MAG,junior,VT,2,,apparatus,final,2.8,True,1,suggestion_2d024afd54618874,context_correction,0.65,"Same athlete/event/apparatus exists in the score sheet, but format, round, or day is different.",Luxembourg Open,2026,Yan Kies,LUX,MAG,junior,VT,2,,individual,final,13.0,3.6,MAG,8409,"[{""suggestion_id"": ""suggestion_2d024afd54618874"", ""suggestion_type"": ""context_correction"", ""confidence"": 0.65, ""message"": ""Same athlete/event/apparatus exists in the score sheet, but format, round, or day is different."", ""action"": ""attach_d_score_to_target_result"", ""changes"": {""format"": {""from"": ""apparatus"", ""to"": ""individual""}, ""round"": {""from"": ""final"", ""to"": ""final""}, ""day"": {""from"": null, ""to"": null}}, ""target_result"": {""event_name"": ""Luxembourg Open"", ""year"": 2026, ""athlete_name"": ""Yan Kies"", ""country"": ""LUX"", ""discipline"": ""MAG"", ""category"": ""junior"", ""apparatus"": ""VT"", ""vt_attempt"": 2, ""day"": null, ""format"": ""individual"", ""round"": ""final"", ""score"": 13.0, ""D_score"": 3.6, ""vault_attempt_order_uncertain"": true, ""source_sheet"": ""MAG"", ""source_row"": 8409, ""target_id"": ""target_faff7ad4db6b1fea""}}]"
orphan_b3e1e4ddfae35bb2,missing_final_score_for_context,review,"The athlete/event exists, but not this apparatus/context.",MAG D,8341,Chinese Championships MT,2026,Yang Haoran,CHN,MAG,senior,PH,,,individual,final,5.7,False,0,,,,,,,,,,,,,,,,,,,,[]
orphan_24c1fbe2fc09737d,possible_context_mismatch,review,"Possible format, round, or day mismatch.",WAG D,26,Luxembourg Open,2026,Abigail Roper,GBR,WAG,senior,VT,1,,apparatus,final,4.2,True,1,suggestion_2b1e07b230d92c48,context_correction,0.65,"Same athlete/event/apparatus exists in the score sheet, but format, round, or day is different.",Luxembourg Open,2026,Abigail Roper,GBR,WAG,senior,VT,1,,individual,final,13.05,4.2,WAG,25,"[{""suggestion_id"": ""suggestion_2b1e07b230d92c48"", ""suggestion_type"": ""context_correction"", ""confidence"": 0.65, ""message"": ""Same athlete/event/apparatus exists in the score sheet, but format, round, or day is different."", ""action"": ""attach_d_score_to_target_result"", ""changes"": {""format"": {""from"": ""apparatus"", ""to"": ""individual""}, ""round"": {""from"": ""final"", ""to"": ""final""}, ""day"": {""from"": null, ""to"": null}}, ""target_result"": {""event_name"": ""Luxembourg Open"", ""year"": 2026, ""athlete_name"": ""Abigail Roper"", ""country"": ""GBR"", ""discipline"": ""WAG"", ""category"": ""senior"", ""apparatus"": ""VT"", ""vt_attempt"": 1, ""day"": null, ""format"": ""individual"", ""round"": ""final"", ""score"": 13.05, ""D_score"": 4.2, ""vault_attempt_order_uncertain"": true, ""source_sheet"": ""WAG"", ""source_row"": 25, ""target_id"": ""target_67316c7c2c615223""}}]"
orphan_0c2fa0add0998e4b,possible_context_mismatch,review,"Possible format, round, or day mismatch.",WAG D,26,Luxembourg Open,2026,Abigail Roper,GBR,WAG,senior,VT,2,,apparatus,final,4.0,True,1,suggestion_df3c088cde28a1cd,context_correction,0.65,"Same athlete/event/apparatus exists in the score sheet, but format, round, or day is different.",Luxembourg Open,2026,Abigail Roper,GBR,WAG,senior,VT,2,,individual,final,,4.0,WAG,25,"[{""suggestion_id"": ""suggestion_df3c088cde28a1cd"", ""suggestion_type"": ""context_correction"", ""confidence"": 0.65, ""message"": ""Same athlete/event/apparatus exists in the score sheet, but format, round, or day is different."", ""action"": ""attach_d_score_to_target_result"", ""changes"": {""format"": {""from"": ""apparatus"", ""to"": ""individual""}, ""round"": {""from"": ""final"", ""to"": ""final""}, ""day"": {""from"": null, ""to"": null}}, ""target_result"": {""event_name"": ""Luxembourg Open"", ""year"": 2026, ""athlete_name"": ""Abigail Roper"", ""country"": ""GBR"", ""discipline"": ""WAG"", ""category"": ""senior"", ""apparatus"": ""VT"", ""vt_attempt"": 2, ""day"": null, ""format"": ""individual"", ""round"": ""final"", ""score"": null, ""D_score"": 4.0, ""vault_attempt_order_uncertain"": true, ""source_sheet"": ""WAG"", ""source_row"": 25, ""target_id"": ""target_9b931587532cbf76""}}]"
orphan_4112f558c96b3bb0,possible_context_mismatch,review,"Possible format, round, or day mismatch.",WAG D,44,City of Jesolo Trophy,2026,Addalye VanGrinsven,USA,WAG,junior,VT,1,,apparatus,final,4.6,True,1,suggestion_df38f2498d33187b,context_correction,0.65,"Same athlete/event/apparatus exists in the score sheet, but format, round, or day is different.",City of Jesolo Trophy,2026,Addalye VanGrinsven,USA,WAG,junior,VT,1,,individual,final,13.467,4.6,WAG,41,"[{""suggestion_id"": ""suggestion_df38f2498d33187b"", ""suggestion_type"": ""context_correction"", ""confidence"": 0.65, ""message"": ""Same athlete/event/apparatus exists in the score sheet, but format, round, or day is different."", ""action"": ""attach_d_score_to_target_result"", ""changes"": {""format"": {""from"": ""apparatus"", ""to"": ""individual""}, ""round"": {""from"": ""final"", ""to"": ""final""}, ""day"": {""from"": null, ""to"": null}}, ""target_result"": {""event_name"": ""City of Jesolo Trophy"", ""year"": 2026, ""athlete_name"": ""Addalye VanGrinsven"", ""country"": ""USA"", ""discipline"": ""WAG"", ""category"": ""junior"", ""apparatus"": ""VT"", ""vt_attempt"": 1, ""day"": null, ""format"": ""individual"", ""round"": ""final"", ""score"": 13.467, ""D_score"": 4.6, ""vault_attempt_order_uncertain"": true, ""source_sheet"": ""WAG"", ""source_row"": 41, ""target_id"": ""target_e9cf035d95f938e4""}}]"
orphan_95c68a12401c30e0,possible_context_mismatch,review,"Possible format, round, or day mismatch.",WAG D,44,City of Jesolo Trophy,2026,Addalye VanGrinsven,USA,WAG,junior,VT,2,,apparatus,final,4.2,True,1,suggestion_30298dc01205c2b2,context_correction,0.65,"Same athlete/event/apparatus exists in the score sheet, but format, round, or day is different.",City of Jesolo Trophy,2026,Addalye VanGrinsven,USA,WAG,junior,VT,2,,individual,final,,4.2,WAG,41,"[{""suggestion_id"": ""suggestion_30298dc01205c2b2"", ""suggestion_type"": ""context_correction"", ""confidence"": 0.65, ""message"": ""Same athlete/event/apparatus exists in the score sheet, but format, round, or day is different."", ""action"": ""attach_d_score_to_target_result"", ""changes"": {""format"": {""from"": ""apparatus"", ""to"": ""individual""}, ""round"": {""from"": ""final"", ""to"": ""final""}, ""day"": {""from"": null, ""to"": null}}, ""target_result"": {""event_name"": ""City of Jesolo Trophy"", ""year"": 2026, ""athlete_name"": ""Addalye VanGrinsven"", ""country"": ""USA"", ""discipline"": ""WAG"", ""category"": ""junior"", ""apparatus"": ""VT"", ""vt_attempt"": 2, ""day"": null, ""format"": ""individual"", ""round"": ""final"", ""score"": null, ""D_score"": 4.2, ""vault_attempt_order_uncertain"": true, ""source_sheet"": ""WAG"", ""source_row"": 41, ""target_id"": ""target_b5f8152efbd04ebe""}}]"
orphan_6bdb80c5485fa725,missing_final_score_for_context,review,"The athlete/event exists, but not this apparatus/context.",WAG D,49,Salamunov Memorial,2026,Adea Shala,KOS,WAG,junior,VT,2,,individual,final,2.0,True,0,,,,,,,,,,,,,,,,,,,,[]
orphan_7bc34b84f0069a1e,athlete_missing_in_score_sheet,review,"The event/apparatus/context exists, but this athlete is missing in the score sheet.",WAG D,251,2nd Italian Serie A,2026,Alessia Volostiuc,ROU,WAG,senior,BB,,,individual,final,4.8,False,0,,,,,,,,,,,,,,,,,,,,[]
orphan_018ec01fc0bbed69,athlete_missing_in_score_sheet,review,"The event/apparatus/context exists, but this athlete is missing in the score sheet.",WAG D,251,2nd Italian Serie A,2026,Alessia Volostiuc,ROU,WAG,senior,FX,,,individual,final,4.5,False,0,,,,,,,,,,,,,,,,,,,,[]
orphan_8c4c6fc482ba8073,athlete_missing_in_score_sheet,review,"The event/apparatus/context exists, but this athlete is missing in the score sheet.",WAG D,251,2nd Italian Serie A,2026,Alessia Volostiuc,ROU,WAG,senior,UB,,,individual,final,4.3,False,0,,,,,,,,,,,,,,,,,,,,[]
orphan_9b31298abd774de4,athlete_missing_in_score_sheet,review,"The event/apparatus/context exists, but this athlete is missing in the score sheet.",WAG D,251,2nd Italian Serie A,2026,Alessia Volostiuc,ROU,WAG,senior,VT,1,,individual,final,4.2,True,0,,,,,,,,,,,,,,,,,,,,[]
orphan_e02aa0b29419d770,athlete_missing_in_score_sheet,review,"The event/apparatus/context exists, but this athlete is missing in the score sheet.",WAG D,252,1st Italian Serie A,2026,Alessia Volostiuc,ROU,WAG,senior,BB,,,individual,final,5.0,False,0,,,,,,,,,,,,,,,,,,,,[]
orphan_c2a9985ba05ba01a,athlete_missing_in_score_sheet,review,"The event/apparatus/context exists, but this athlete is missing in the score sheet.",WAG D,252,1st Italian Serie A,2026,Alessia Volostiuc,ROU,WAG,senior,FX,,,individual,final,4.4,False,0,,,,,,,,,,,,,,,,,,,,[]
orphan_866c540bd1097c05,athlete_missing_in_score_sheet,review,"The event/apparatus/context exists, but this athlete is missing in the score sheet.",WAG D,252,1st Italian Serie A,2026,Alessia Volostiuc,ROU,WAG,senior,UB,,,individual,final,4.3,False,0,,,,,,,,,,,,,,,,,,,,[]
orphan_6c286cd0c7f0742e,athlete_missing_in_score_sheet,review,"The event/apparatus/context exists, but this athlete is missing in the score sheet.",WAG D,252,1st Italian Serie A,2026,Alessia Volostiuc,ROU,WAG,senior,VT,1,,individual,final,4.2,True,0,,,,,,,,,,,,,,,,,,,,[]
orphan_149a7f269a4c81dd,athlete_missing_in_score_sheet,review,"The event/apparatus/context exists, but this athlete is missing in the score sheet.",WAG D,253,3rd Italian Serie A,2026,Alessia Volostiuc,ROU,WAG,senior,BB,,,individual,final,4.8,False,0,,,,,,,,,,,,,,,,,,,,[]
orphan_8cd45ed685c9899e,athlete_missing_in_score_sheet,review,"The event/apparatus/context exists, but this athlete is missing in the score sheet.",WAG D,253,3rd Italian Serie A,2026,Alessia Volostiuc,ROU,WAG,senior,FX,,,individual,final,3.9,False,0,,,,,,,,,,,,,,,,,,,,[]
orphan_6675a906cf6ec09a,athlete_missing_in_score_sheet,review,"The event/apparatus/context exists, but this athlete is missing in the score sheet.",WAG D,253,3rd Italian Serie A,2026,Alessia Volostiuc,ROU,WAG,senior,UB,,,individual,final,4.3,False,0,,,,,,,,,,,,,,,,,,,,[]
orphan_8fff4ea198772c11,athlete_missing_in_score_sheet,review,"The event/apparatus/context exists, but this athlete is missing in the score sheet.",WAG D,253,3rd Italian Serie A,2026,Alessia Volostiuc,ROU,WAG,senior,VT,1,,individual,final,4.2,True,0,,,,,,,,,,,,,,,,,,,,[]
orphan_68dd3b6c07a0ca71,possible_context_mismatch,review,"Possible format, round, or day mismatch.",WAG D,293,Luxembourg Open,2026,Alia Leat,GBR,WAG,senior,FX,,,apparatus,final,5.3,False,1,suggestion_b062028b22bb4dc6,context_correction,0.65,"Same athlete/event/apparatus exists in the score sheet, but format, round, or day is different.",Luxembourg Open,2026,Alia Leat,GBR,WAG,senior,FX,,,individual,final,13.533,5.3,WAG,296,"[{""suggestion_id"": ""suggestion_b062028b22bb4dc6"", ""suggestion_type"": ""context_correction"", ""confidence"": 0.65, ""message"": ""Same athlete/event/apparatus exists in the score sheet, but format, round, or day is different."", ""action"": ""attach_d_score_to_target_result"", ""changes"": {""format"": {""from"": ""apparatus"", ""to"": ""individual""}, ""round"": {""from"": ""final"", ""to"": ""final""}, ""day"": {""from"": null, ""to"": null}}, ""target_result"": {""event_name"": ""Luxembourg Open"", ""year"": 2026, ""athlete_name"": ""Alia Leat"", ""country"": ""GBR"", ""discipline"": ""WAG"", ""category"": ""senior"", ""apparatus"": ""FX"", ""vt_attempt"": null, ""day"": null, ""format"": ""individual"", ""round"": ""final"", ""score"": 13.533, ""D_score"": 5.3, ""vault_attempt_order_uncertain"": false, ""source_sheet"": ""WAG"", ""source_row"": 296, ""target_id"": ""target_d513b77c26c282df""}}]"
orphan_2e7f7eb6a676412f,missing_final_score_for_context,review,"The athlete/event exists, but not this apparatus/context.",WAG D,326,Salamunov Memorial,2026,Alicja Kupka,POL,WAG,junior,VT,2,,individual,final,3.0,True,0,,,,,,,,,,,,,,,,,,,,[]
orphan_ff843ae80da7b61a,possible_context_mismatch,review,"Possible format, round, or day mismatch.",WAG D,419,Austrian Championships,2026,Amalia Schwaiger,AUT,WAG,junior,VT,1,,apparatus,final,3.4,True,1,suggestion_5a30dc37a4b31d8d,context_correction,0.65,"Same athlete/event/apparatus exists in the score sheet, but format, round, or day is different.",Austrian Championships,2026,Amalia Schwaiger,AUT,WAG,junior,VT,1,,individual,final,12.2,3.6,WAG,426,"[{""suggestion_id"": ""suggestion_5a30dc37a4b31d8d"", ""suggestion_type"": ""context_correction"", ""confidence"": 0.65, ""message"": ""Same athlete/event/apparatus exists in the score sheet, but format, round, or day is different."", ""action"": ""attach_d_score_to_target_result"", ""changes"": {""format"": {""from"": ""apparatus"", ""to"": ""individual""}, ""round"": {""from"": ""final"", ""to"": ""final""}, ""day"": {""from"": null, ""to"": null}}, ""target_result"": {""event_name"": ""Austrian Championships"", ""year"": 2026, ""athlete_name"": ""Amalia Schwaiger"", ""country"": ""AUT"", ""discipline"": ""WAG"", ""category"": ""junior"", ""apparatus"": ""VT"", ""vt_attempt"": 1, ""day"": null, ""format"": ""individual"", ""round"": ""final"", ""score"": 12.2, ""D_score"": 3.6, ""vault_attempt_order_uncertain"": true, ""source_sheet"": ""WAG"", ""source_row"": 426, ""target_id"": ""target_a4644cd00ede329d""}}]"
orphan_e507c00f2d2dbfe9,possible_context_mismatch,review,"Possible format, round, or day mismatch.",WAG D,419,Austrian Championships,2026,Amalia Schwaiger,AUT,WAG,junior,VT,2,,apparatus,final,3.2,True,1,suggestion_e93c41aecd5fbf02,context_correction,0.65,"Same athlete/event/apparatus exists in the score sheet, but format, round, or day is different.",Austrian Championships,2026,Amalia Schwaiger,AUT,WAG,junior,VT,2,,individual,final,,3.4,WAG,426,"[{""suggestion_id"": ""suggestion_e93c41aecd5fbf02"", ""suggestion_type"": ""context_correction"", ""confidence"": 0.65, ""message"": ""Same athlete/event/apparatus exists in the score sheet, but format, round, or day is different."", ""action"": ""attach_d_score_to_target_result"", ""changes"": {""format"": {""from"": ""apparatus"", ""to"": ""individual""}, ""round"": {""from"": ""final"", ""to"": ""final""}, ""day"": {""from"": null, ""to"": null}}, ""target_result"": {""event_name"": ""Austrian Championships"", ""year"": 2026, ""athlete_name"": ""Amalia Schwaiger"", ""country"": ""AUT"", ""discipline"": ""WAG"", ""category"": ""junior"", ""apparatus"": ""VT"", ""vt_attempt"": 2, ""day"": null, ""format"": ""individual"", ""round"": ""final"", ""score"": null, ""D_score"": 3.4, ""vault_attempt_order_uncertain"": true, ""source_sheet"": ""WAG"", ""source_row"": 426, ""target_id"": ""target_de7a9243937bb963""}}]"
orphan_efa608ac49d6d9c3,possible_context_mismatch,review,"Possible format, round, or day mismatch.",WAG D,502,City of Jesolo Trophy,2026,Amia Pugh-Banks,USA,WAG,junior,VT,1,,apparatus,final,4.2,True,1,suggestion_912a2f26ab03c789,context_correction,0.65,"Same athlete/event/apparatus exists in the score sheet, but format, round, or day is different.",City of Jesolo Trophy,2026,Amia Pugh-Banks,USA,WAG,junior,VT,1,,individual,final,13.733,5.0,WAG,507,"[{""suggestion_id"": ""suggestion_912a2f26ab03c789"", ""suggestion_type"": ""context_correction"", ""confidence"": 0.65, ""message"": ""Same athlete/event/apparatus exists in the score sheet, but format, round, or day is different."", ""action"": ""attach_d_score_to_target_result"", ""changes"": {""format"": {""from"": ""apparatus"", ""to"": ""individual""}, ""round"": {""from"": ""final"", ""to"": ""final""}, ""day"": {""from"": null, ""to"": null}}, ""target_result"": {""event_name"": ""City of Jesolo Trophy"", ""year"": 2026, ""athlete_name"": ""Amia Pugh-Banks"", ""country"": ""USA"", ""discipline"": ""WAG"", ""category"": ""junior"", ""apparatus"": ""VT"", ""vt_attempt"": 1, ""day"": null, ""format"": ""individual"", ""round"": ""final"", ""score"": 13.733, ""D_score"": 5.0, ""vault_attempt_order_uncertain"": true, ""source_sheet"": ""WAG"", ""source_row"": 507, ""target_id"": ""target_77d1b177c49d8760""}}]"
orphan_10a9e6c4b1518224,possible_context_mismatch,review,"Possible format, round, or day mismatch.",WAG D,502,City of Jesolo Trophy,2026,Amia Pugh-Banks,USA,WAG,junior,VT,2,,apparatus,final,3.6,True,1,suggestion_3929bb5fde40d2ff,context_correction,0.65,"Same athlete/event/apparatus exists in the score sheet, but format, round, or day is different.",City of Jesolo Trophy,2026,Amia Pugh-Banks,USA,WAG,junior,VT,2,,individual,final,,4.2,WAG,507,"[{""suggestion_id"": ""suggestion_3929bb5fde40d2ff"", ""suggestion_type"": ""context_correction"", ""confidence"": 0.65, ""message"": ""Same athlete/event/apparatus exists in the score sheet, but format, round, or day is different."", ""action"": ""attach_d_score_to_target_result"", ""changes"": {""format"": {""from"": ""apparatus"", ""to"": ""individual""}, ""round"": {""from"": ""final"", ""to"": ""final""}, ""day"": {""from"": null, ""to"": null}}, ""target_result"": {""event_name"": ""City of Jesolo Trophy"", ""year"": 2026, ""athlete_name"": ""Amia Pugh-Banks"", ""country"": ""USA"", ""discipline"": ""WAG"", ""category"": ""junior"", ""apparatus"": ""VT"", ""vt_attempt"": 2, ""day"": null, ""format"": ""individual"", ""round"": ""final"", ""score"": null, ""D_score"": 4.2, ""vault_attempt_order_uncertain"": true, ""source_sheet"": ""WAG"", ""source_row"": 507, ""target_id"": ""target_7698d211353b02a5""}}]"
orphan_97a3b56f15f26890,missing_final_score_for_context,review,"The athlete/event exists, but not this apparatus/context.",WAG D,597,Russian Junior Team Championships,2026,Anastasia Rusinova,RUS,WAG,junior,VT,2,,team,final,0.0,True,0,,,,,,,,,,,,,,,,,,,,[]
orphan_ae2aaff08c1d22ea,possible_context_mismatch,review,"Possible format, round, or day mismatch.",WAG D,711,City of Jesolo Trophy,2026,Aniela Tudor,ROU,WAG,junior,VT,1,,apparatus,final,4.4,True,1,suggestion_2db0cf95b5f48518,context_correction,0.65,"Same athlete/event/apparatus exists in the score sheet, but format, round, or day is different.",City of Jesolo Trophy,2026,Aniela Tudor,ROU,WAG,junior,VT,1,,individual,final,13.167,4.4,WAG,724,"[{""suggestion_id"": ""suggestion_2db0cf95b5f48518"", ""suggestion_type"": ""context_correction"", ""confidence"": 0.65, ""message"": ""Same athlete/event/apparatus exists in the score sheet, but format, round, or day is different."", ""action"": ""attach_d_score_to_target_result"", ""changes"": {""format"": {""from"": ""apparatus"", ""to"": ""individual""}, ""round"": {""from"": ""final"", ""to"": ""final""}, ""day"": {""from"": null, ""to"": null}}, ""target_result"": {""event_name"": ""City of Jesolo Trophy"", ""year"": 2026, ""athlete_name"": ""Aniela Tudor"", ""country"": ""ROU"", ""discipline"": ""WAG"", ""category"": ""junior"", ""apparatus"": ""VT"", ""vt_attempt"": 1, ""day"": null, ""format"": ""individual"", ""round"": ""final"", ""score"": 13.167, ""D_score"": 4.4, ""vault_attempt_order_uncertain"": true, ""source_sheet"": ""WAG"", ""source_row"": 724, ""target_id"": ""target_8e809fd2c798585d""}}]"
orphan_73651102e2c390ff,possible_context_mismatch,review,"Possible format, round, or day mismatch.",WAG D,711,City of Jesolo Trophy,2026,Aniela Tudor,ROU,WAG,junior,VT,2,,apparatus,final,4.2,True,1,suggestion_8fa04b8f529bf0a1,context_correction,0.65,"Same athlete/event/apparatus exists in the score sheet, but format, round, or day is different.",City of Jesolo Trophy,2026,Aniela Tudor,ROU,WAG,junior,VT,2,,individual,final,,4.2,WAG,724,"[{""suggestion_id"": ""suggestion_8fa04b8f529bf0a1"", ""suggestion_type"": ""context_correction"", ""confidence"": 0.65, ""message"": ""Same athlete/event/apparatus exists in the score sheet, but format, round, or day is different."", ""action"": ""attach_d_score_to_target_result"", ""changes"": {""format"": {""from"": ""apparatus"", ""to"": ""individual""}, ""round"": {""from"": ""final"", ""to"": ""final""}, ""day"": {""from"": null, ""to"": null}}, ""target_result"": {""event_name"": ""City of Jesolo Trophy"", ""year"": 2026, ""athlete_name"": ""Aniela Tudor"", ""country"": ""ROU"", ""discipline"": ""WAG"", ""category"": ""junior"", ""apparatus"": ""VT"", ""vt_attempt"": 2, ""day"": null, ""format"": ""individual"", ""round"": ""final"", ""score"": null, ""D_score"": 4.2, ""vault_attempt_order_uncertain"": true, ""source_sheet"": ""WAG"", ""source_row"": 724, ""target_id"": ""target_782c5170b40b9e42""}}]"
orphan_1809b2b1243a1764,possible_context_mismatch,review,"Possible format, round, or day mismatch.",WAG D,748,Salamunov Memorial,2026,Anna Hensitska,AUT,WAG,junior,VT,2,,individual,final,3.6,True,1,suggestion_0ab99b0b12e7e89b,context_correction,0.65,"Same athlete/event/apparatus exists in the score sheet, but format, round, or day is different.",Salamunov Memorial,2026,Anna Hensitska,AUT,WAG,junior,VT,2,,apparatus,final,,3.4,WAG,764,"[{""suggestion_id"": ""suggestion_0ab99b0b12e7e89b"", ""suggestion_type"": ""context_correction"", ""confidence"": 0.65, ""message"": ""Same athlete/event/apparatus exists in the score sheet, but format, round, or day is different."", ""action"": ""attach_d_score_to_target_result"", ""changes"": {""format"": {""from"": ""individual"", ""to"": ""apparatus""}, ""round"": {""from"": ""final"", ""to"": ""final""}, ""day"": {""from"": null, ""to"": null}}, ""target_result"": {""event_name"": ""Salamunov Memorial"", ""year"": 2026, ""athlete_name"": ""Anna Hensitska"", ""country"": ""AUT"", ""discipline"": ""WAG"", ""category"": ""junior"", ""apparatus"": ""VT"", ""vt_attempt"": 2, ""day"": null, ""format"": ""apparatus"", ""round"": ""final"", ""score"": null, ""D_score"": 3.4, ""vault_attempt_order_uncertain"": true, ""source_sheet"": ""WAG"", ""source_row"": 764, ""target_id"": ""target_864dcc26a335a6e8""}}]"
orphan_f70c0bdb1b4011d6,possible_context_mismatch,review,"Possible format, round, or day mismatch.",WAG D,750,Austrian Championships,2026,Anna Hensitska,AUT,WAG,junior,VT,1,,apparatus,final,3.6,True,1,suggestion_7fefeb8ac2aee1c8,context_correction,0.65,"Same athlete/event/apparatus exists in the score sheet, but format, round, or day is different.",Austrian Championships,2026,Anna Hensitska,AUT,WAG,junior,VT,1,,individual,final,11.75,3.4,WAG,763,"[{""suggestion_id"": ""suggestion_7fefeb8ac2aee1c8"", ""suggestion_type"": ""context_correction"", ""confidence"": 0.65, ""message"": ""Same athlete/event/apparatus exists in the score sheet, but format, round, or day is different."", ""action"": ""attach_d_score_to_target_result"", ""changes"": {""format"": {""from"": ""apparatus"", ""to"": ""individual""}, ""round"": {""from"": ""final"", ""to"": ""final""}, ""day"": {""from"": null, ""to"": null}}, ""target_result"": {""event_name"": ""Austrian Championships"", ""year"": 2026, ""athlete_name"": ""Anna Hensitska"", ""country"": ""AUT"", ""discipline"": ""WAG"", ""category"": ""junior"", ""apparatus"": ""VT"", ""vt_attempt"": 1, ""day"": null, ""format"": ""individual"", ""round"": ""final"", ""score"": 11.75, ""D_score"": 3.4, ""vault_attempt_order_uncertain"": true, ""source_sheet"": ""WAG"", ""source_row"": 763, ""target_id"": ""target_73a9c0e6af9b5f81""}}]"
orphan_28747fa9aeec2686,possible_context_mismatch,review,"Possible format, round, or day mismatch.",WAG D,750,Austrian Championships,2026,Anna Hensitska,AUT,WAG,junior,VT,2,,apparatus,final,3.4,True,1,suggestion_c5a3770e4fbf9be7,context_correction,0.65,"Same athlete/event/apparatus exists in the score sheet, but format, round, or day is different.",Austrian Championships,2026,Anna Hensitska,AUT,WAG,junior,VT,2,,individual,final,,3.6,WAG,763,"[{""suggestion_id"": ""suggestion_c5a3770e4fbf9be7"", ""suggestion_type"": ""context_correction"", ""confidence"": 0.65, ""message"": ""Same athlete/event/apparatus exists in the score sheet, but format, round, or day is different."", ""action"": ""attach_d_score_to_target_result"", ""changes"": {""format"": {""from"": ""apparatus"", ""to"": ""individual""}, ""round"": {""from"": ""final"", ""to"": ""final""}, ""day"": {""from"": null, ""to"": null}}, ""target_result"": {""event_name"": ""Austrian Championships"", ""year"": 2026, ""athlete_name"": ""Anna Hensitska"", ""country"": ""AUT"", ""discipline"": ""WAG"", ""category"": ""junior"", ""apparatus"": ""VT"", ""vt_attempt"": 2, ""day"": null, ""format"": ""individual"", ""round"": ""final"", ""score"": null, ""D_score"": 3.6, ""vault_attempt_order_uncertain"": true, ""source_sheet"": ""WAG"", ""source_row"": 763, ""target_id"": ""target_f03637c6d226766e""}}]"
orphan_7e0bdfecf585894c,possible_context_mismatch,review,"Possible format, round, or day mismatch.",WAG D,811,Austrian Championships,2026,Anna-Lena Kraxner,AUT,WAG,senior,VT,1,,apparatus,final,3.6,True,1,suggestion_1de88ac577bc1284,context_correction,0.65,"Same athlete/event/apparatus exists in the score sheet, but format, round, or day is different.",Austrian Championships,2026,Anna-Lena Kraxner,AUT,WAG,senior,VT,1,,individual,final,12.0,3.4,WAG,823,"[{""suggestion_id"": ""suggestion_1de88ac577bc1284"", ""suggestion_type"": ""context_correction"", ""confidence"": 0.65, ""message"": ""Same athlete/event/apparatus exists in the score sheet, but format, round, or day is different."", ""action"": ""attach_d_score_to_target_result"", ""changes"": {""format"": {""from"": ""apparatus"", ""to"": ""individual""}, ""round"": {""from"": ""final"", ""to"": ""final""}, ""day"": {""from"": null, ""to"": null}}, ""target_result"": {""event_name"": ""Austrian Championships"", ""year"": 2026, ""athlete_name"": ""Anna-Lena Kraxner"", ""country"": ""AUT"", ""discipline"": ""WAG"", ""category"": ""senior"", ""apparatus"": ""VT"", ""vt_attempt"": 1, ""day"": null, ""format"": ""individual"", ""round"": ""final"", ""score"": 12.0, ""D_score"": 3.4, ""vault_attempt_order_uncertain"": true, ""source_sheet"": ""WAG"", ""source_row"": 823, ""target_id"": ""target_ecf9a63772400f4c""}}]"
orphan_8e39db1de5d9bbc6,possible_context_mismatch,review,"Possible format, round, or day mismatch.",WAG D,811,Austrian Championships,2026,Anna-Lena Kraxner,AUT,WAG,senior,VT,2,,apparatus,final,3.4,True,1,suggestion_69c466216596820e,context_correction,0.65,"Same athlete/event/apparatus exists in the score sheet, but format, round, or day is different.",Austrian Championships,2026,Anna-Lena Kraxner,AUT,WAG,senior,VT,2,,individual,final,,3.6,WAG,823,"[{""suggestion_id"": ""suggestion_69c466216596820e"", ""suggestion_type"": ""context_correction"", ""confidence"": 0.65, ""message"": ""Same athlete/event/apparatus exists in the score sheet, but format, round, or day is different."", ""action"": ""attach_d_score_to_target_result"", ""changes"": {""format"": {""from"": ""apparatus"", ""to"": ""individual""}, ""round"": {""from"": ""final"", ""to"": ""final""}, ""day"": {""from"": null, ""to"": null}}, ""target_result"": {""event_name"": ""Austrian Championships"", ""year"": 2026, ""athlete_name"": ""Anna-Lena Kraxner"", ""country"": ""AUT"", ""discipline"": ""WAG"", ""category"": ""senior"", ""apparatus"": ""VT"", ""vt_attempt"": 2, ""day"": null, ""format"": ""individual"", ""round"": ""final"", ""score"": null, ""D_score"": 3.6, ""vault_attempt_order_uncertain"": true, ""source_sheet"": ""WAG"", ""source_row"": 823, ""target_id"": ""target_fd62397b4eac8bbd""}}]"
orphan_e3ae40c2856d60e9,possible_context_mismatch,review,"Possible format, round, or day mismatch.",WAG D,850,Austrian Championships,2026,Annika Huemer,AUT,WAG,junior,VT,1,,apparatus,final,3.6,True,1,suggestion_0e18089f006f97b7,context_correction,0.65,"Same athlete/event/apparatus exists in the score sheet, but format, round, or day is different.",Austrian Championships,2026,Annika Huemer,AUT,WAG,junior,VT,1,,individual,final,11.95,3.4,WAG,865,"[{""suggestion_id"": ""suggestion_0e18089f006f97b7"", ""suggestion_type"": ""context_correction"", ""confidence"": 0.65, ""message"": ""Same athlete/event/apparatus exists in the score sheet, but format, round, or day is different."", ""action"": ""attach_d_score_to_target_result"", ""changes"": {""format"": {""from"": ""apparatus"", ""to"": ""individual""}, ""round"": {""from"": ""final"", ""to"": ""final""}, ""day"": {""from"": null, ""to"": null}}, ""target_result"": {""event_name"": ""Austrian Championships"", ""year"": 2026, ""athlete_name"": ""Annika Huemer"", ""country"": ""AUT"", ""discipline"": ""WAG"", ""category"": ""junior"", ""apparatus"": ""VT"", ""vt_attempt"": 1, ""day"": null, ""format"": ""individual"", ""round"": ""final"", ""score"": 11.95, ""D_score"": 3.4, ""vault_attempt_order_uncertain"": true, ""source_sheet"": ""WAG"", ""source_row"": 865, ""target_id"": ""target_6d0b75c050677b0a""}}]"
orphan_8dc7198e89a6c992,possible_context_mismatch,review,"Possible format, round, or day mismatch.",WAG D,850,Austrian Championships,2026,Annika Huemer,AUT,WAG,junior,VT,2,,apparatus,final,3.4,True,1,suggestion_c01093edb5aec6cb,context_correction,0.65,"Same athlete/event/apparatus exists in the score sheet, but format, round, or day is different.",Austrian Championships,2026,Annika Huemer,AUT,WAG,junior,VT,2,,individual,final,,3.2,WAG,865,"[{""suggestion_id"": ""suggestion_c01093edb5aec6cb"", ""suggestion_type"": ""context_correction"", ""confidence"": 0.65, ""message"": ""Same athlete/event/apparatus exists in the score sheet, but format, round, or day is different."", ""action"": ""attach_d_score_to_target_result"", ""changes"": {""format"": {""from"": ""apparatus"", ""to"": ""individual""}, ""round"": {""from"": ""final"", ""to"": ""final""}, ""day"": {""from"": null, ""to"": null}}, ""target_result"": {""event_name"": ""Austrian Championships"", ""year"": 2026, ""athlete_name"": ""Annika Huemer"", ""country"": ""AUT"", ""discipline"": ""WAG"", ""category"": ""junior"", ""apparatus"": ""VT"", ""vt_attempt"": 2, ""day"": null, ""format"": ""individual"", ""round"": ""final"", ""score"": null, ""D_score"": 3.2, ""vault_attempt_order_uncertain"": true, ""source_sheet"": ""WAG"", ""source_row"": 865, ""target_id"": ""target_b927794d425cb270""}}]"
orphan_8d99e8338ba73aae,missing_final_score_for_context,review,"The athlete/event exists, but not this apparatus/context.",WAG D,987,Salamunov Memorial,2026,Arya Hojs Rakic,SLO,WAG,junior,VT,2,,individual,final,3.2,True,0,,,,,,,,,,,,,,,,,,,,[]
orphan_d38bea7a4d411a1e,possible_context_mismatch,review,"Possible format, round, or day mismatch.",WAG D,1056,Luxembourg Open,2026,Aurelia Pellowe,GBR,WAG,junior,VT,1,,apparatus,final,3.2,True,1,suggestion_f862936472cf5ecb,context_correction,0.65,"Same athlete/event/apparatus exists in the score sheet, but format, round, or day is different.",Luxembourg Open,2026,Aurelia Pellowe,GBR,WAG,junior,VT,1,,individual,final,12.25,4.2,WAG,1068,"[{""suggestion_id"": ""suggestion_f862936472cf5ecb"", ""suggestion_type"": ""context_correction"", ""confidence"": 0.65, ""message"": ""Same athlete/event/apparatus exists in the score sheet, but format, round, or day is different."", ""action"": ""attach_d_score_to_target_result"", ""changes"": {""format"": {""from"": ""apparatus"", ""to"": ""individual""}, ""round"": {""from"": ""final"", ""to"": ""final""}, ""day"": {""from"": null, ""to"": null}}, ""target_result"": {""event_name"": ""Luxembourg Open"", ""year"": 2026, ""athlete_name"": ""Aurelia Pellowe"", ""country"": ""GBR"", ""discipline"": ""WAG"", ""category"": ""junior"", ""apparatus"": ""VT"", ""vt_attempt"": 1, ""day"": null, ""format"": ""individual"", ""round"": ""final"", ""score"": 12.25, ""D_score"": 4.2, ""vault_attempt_order_uncertain"": true, ""source_sheet"": ""WAG"", ""source_row"": 1068, ""target_id"": ""target_ccdd1ea69fa8ffbd""}}]"
orphan_a00c5ce075245d66,possible_context_mismatch,review,"Possible format, round, or day mismatch.",WAG D,1056,Luxembourg Open,2026,Aurelia Pellowe,GBR,WAG,junior,VT,2,,apparatus,final,3.0,True,1,suggestion_70efb772909cd41d,context_correction,0.65,"Same athlete/event/apparatus exists in the score sheet, but format, round, or day is different.",Luxembourg Open,2026,Aurelia Pellowe,GBR,WAG,junior,VT,2,,individual,final,,3.6,WAG,1068,"[{""suggestion_id"": ""suggestion_70efb772909cd41d"", ""suggestion_type"": ""context_correction"", ""confidence"": 0.65, ""message"": ""Same athlete/event/apparatus exists in the score sheet, but format, round, or day is different."", ""action"": ""attach_d_score_to_target_result"", ""changes"": {""format"": {""from"": ""apparatus"", ""to"": ""individual""}, ""round"": {""from"": ""final"", ""to"": ""final""}, ""day"": {""from"": null, ""to"": null}}, ""target_result"": {""event_name"": ""Luxembourg Open"", ""year"": 2026, ""athlete_name"": ""Aurelia Pellowe"", ""country"": ""GBR"", ""discipline"": ""WAG"", ""category"": ""junior"", ""apparatus"": ""VT"", ""vt_attempt"": 2, ""day"": null, ""format"": ""individual"", ""round"": ""final"", ""score"": null, ""D_score"": 3.6, ""vault_attempt_order_uncertain"": true, ""source_sheet"": ""WAG"", ""source_row"": 1068, ""target_id"": ""target_14498d1b5927ac12""}}]"
orphan_f89d46fb6640be56,possible_context_mismatch,review,"Possible format, round, or day mismatch.",WAG D,1204,City of Jesolo Trophy,2026,Bianca Holban,ROU,WAG,junior,VT,1,,apparatus,final,4.4,True,1,suggestion_ace77b884bd4a948,context_correction,0.65,"Same athlete/event/apparatus exists in the score sheet, but format, round, or day is different.",City of Jesolo Trophy,2026,Bianca Holban,ROU,WAG,junior,VT,1,,individual,final,13.267,4.4,WAG,1223,"[{""suggestion_id"": ""suggestion_ace77b884bd4a948"", ""suggestion_type"": ""context_correction"", ""confidence"": 0.65, ""message"": ""Same athlete/event/apparatus exists in the score sheet, but format, round, or day is different."", ""action"": ""attach_d_score_to_target_result"", ""changes"": {""format"": {""from"": ""apparatus"", ""to"": ""individual""}, ""round"": {""from"": ""final"", ""to"": ""final""}, ""day"": {""from"": null, ""to"": null}}, ""target_result"": {""event_name"": ""City of Jesolo Trophy"", ""year"": 2026, ""athlete_name"": ""Bianca Holban"", ""country"": ""ROU"", ""discipline"": ""WAG"", ""category"": ""junior"", ""apparatus"": ""VT"", ""vt_attempt"": 1, ""day"": null, ""format"": ""individual"", ""round"": ""final"", ""score"": 13.267, ""D_score"": 4.4, ""vault_attempt_order_uncertain"": true, ""source_sheet"": ""WAG"", ""source_row"": 1223, ""target_id"": ""target_8fb0954e75b91ae9""}}]"
orphan_c26454522a2b654c,possible_context_mismatch,review,"Possible format, round, or day mismatch.",WAG D,1204,City of Jesolo Trophy,2026,Bianca Holban,ROU,WAG,junior,VT,2,,apparatus,final,3.2,True,1,suggestion_4fca0ad041bfadb6,context_correction,0.65,"Same athlete/event/apparatus exists in the score sheet, but format, round, or day is different.",City of Jesolo Trophy,2026,Bianca Holban,ROU,WAG,junior,VT,2,,individual,final,,3.6,WAG,1223,"[{""suggestion_id"": ""suggestion_4fca0ad041bfadb6"", ""suggestion_type"": ""context_correction"", ""confidence"": 0.65, ""message"": ""Same athlete/event/apparatus exists in the score sheet, but format, round, or day is different."", ""action"": ""attach_d_score_to_target_result"", ""changes"": {""format"": {""from"": ""apparatus"", ""to"": ""individual""}, ""round"": {""from"": ""final"", ""to"": ""final""}, ""day"": {""from"": null, ""to"": null}}, ""target_result"": {""event_name"": ""City of Jesolo Trophy"", ""year"": 2026, ""athlete_name"": ""Bianca Holban"", ""country"": ""ROU"", ""discipline"": ""WAG"", ""category"": ""junior"", ""apparatus"": ""VT"", ""vt_attempt"": 2, ""day"": null, ""format"": ""individual"", ""round"": ""final"", ""score"": null, ""D_score"": 3.6, ""vault_attempt_order_uncertain"": true, ""source_sheet"": ""WAG"", ""source_row"": 1223, ""target_id"": ""target_52d03f8bf25565b2""}}]"
orphan_246c73913db9af93,possible_context_mismatch,review,"Possible format, round, or day mismatch.",WAG D,1447,Luxembourg Open,2026,Chaneve Bonaparte,NED,WAG,junior,VT,1,,apparatus,final,3.0,True,1,suggestion_9daa2fac29a46d5b,context_correction,0.65,"Same athlete/event/apparatus exists in the score sheet, but format, round, or day is different.",Luxembourg Open,2026,Chaneve Bonaparte,NED,WAG,junior,VT,1,,individual,final,12.1,3.6,WAG,1472,"[{""suggestion_id"": ""suggestion_9daa2fac29a46d5b"", ""suggestion_type"": ""context_correction"", ""confidence"": 0.65, ""message"": ""Same athlete/event/apparatus exists in the score sheet, but format, round, or day is different."", ""action"": ""attach_d_score_to_target_result"", ""changes"": {""format"": {""from"": ""apparatus"", ""to"": ""individual""}, ""round"": {""from"": ""final"", ""to"": ""final""}, ""day"": {""from"": null, ""to"": null}}, ""target_result"": {""event_name"": ""Luxembourg Open"", ""year"": 2026, ""athlete_name"": ""Chaneve Bonaparte"", ""country"": ""NED"", ""discipline"": ""WAG"", ""category"": ""junior"", ""apparatus"": ""VT"", ""vt_attempt"": 1, ""day"": null, ""format"": ""individual"", ""round"": ""final"", ""score"": 12.1, ""D_score"": 3.6, ""vault_attempt_order_uncertain"": true, ""source_sheet"": ""WAG"", ""source_row"": 1472, ""target_id"": ""target_124f4670fe0d433b""}}]"
orphan_bf47defc381cffa5,possible_context_mismatch,review,"Possible format, round, or day mismatch.",WAG D,1447,Luxembourg Open,2026,Chaneve Bonaparte,NED,WAG,junior,VT,2,,apparatus,final,3.0,True,1,suggestion_71e72576b69f4825,context_correction,0.65,"Same athlete/event/apparatus exists in the score sheet, but format, round, or day is different.",Luxembourg Open,2026,Chaneve Bonaparte,NED,WAG,junior,VT,2,,individual,final,,3.0,WAG,1472,"[{""suggestion_id"": ""suggestion_71e72576b69f4825"", ""suggestion_type"": ""context_correction"", ""confidence"": 0.65, ""message"": ""Same athlete/event/apparatus exists in the score sheet, but format, round, or day is different."", ""action"": ""attach_d_score_to_target_result"", ""changes"": {""format"": {""from"": ""apparatus"", ""to"": ""individual""}, ""round"": {""from"": ""final"", ""to"": ""final""}, ""day"": {""from"": null, ""to"": null}}, ""target_result"": {""event_name"": ""Luxembourg Open"", ""year"": 2026, ""athlete_name"": ""Chaneve Bonaparte"", ""country"": ""NED"", ""discipline"": ""WAG"", ""category"": ""junior"", ""apparatus"": ""VT"", ""vt_attempt"": 2, ""day"": null, ""format"": ""individual"", ""round"": ""final"", ""score"": null, ""D_score"": 3.0, ""vault_attempt_order_uncertain"": true, ""source_sheet"": ""WAG"", ""source_row"": 1472, ""target_id"": ""target_14c47978f7683bf1""}}]"
orphan_296546574f82956e,possible_athlete_name_typo,review,Possible athlete-name typo between the D sheet and the score sheet.,WAG D,1466,Canadian Championships,2026,Charlise Radencich,CAN,WAG,senior,BB,,,individual,final,4.9,False,1,suggestion_18be86d2bdb83558,athlete_name_correction,0.971,D-score athlete 'Charlise Radencich' probably matches score-sheet athlete 'Charlie Radencich'.,Canadian Championships,2026,Charlie Radencich,CAN,WAG,senior,BB,,,individual,final,11.85,,WAG,1494,"[{""suggestion_id"": ""suggestion_18be86d2bdb83558"", ""suggestion_type"": ""athlete_name_correction"", ""confidence"": 0.971, ""message"": ""D-score athlete 'Charlise Radencich' probably matches score-sheet athlete 'Charlie Radencich'."", ""action"": ""attach_d_score_to_target_result"", ""changes"": {""athlete_name"": {""from"": ""Charlise Radencich"", ""to"": ""Charlie Radencich""}}, ""target_result"": {""event_name"": ""Canadian Championships"", ""year"": 2026, ""athlete_name"": ""Charlie Radencich"", ""country"": ""CAN"", ""discipline"": ""WAG"", ""category"": ""senior"", ""apparatus"": ""BB"", ""vt_attempt"": null, ""day"": null, ""format"": ""individual"", ""round"": ""final"", ""score"": 11.85, ""D_score"": null, ""vault_attempt_order_uncertain"": false, ""source_sheet"": ""WAG"", ""source_row"": 1494, ""target_id"": ""target_c7e1b0876b004b3a""}}]"
orphan_b8fdc1f30b9d5b67,possible_athlete_name_typo,review,Possible athlete-name typo between the D sheet and the score sheet.,WAG D,1466,Canadian Championships,2026,Charlise Radencich,CAN,WAG,senior,FX,,,individual,final,4.4,False,1,suggestion_3820a83cfd0a66ea,athlete_name_correction,0.971,D-score athlete 'Charlise Radencich' probably matches score-sheet athlete 'Charlie Radencich'.,Canadian Championships,2026,Charlie Radencich,CAN,WAG,senior,FX,,,individual,final,9.2,,WAG,1494,"[{""suggestion_id"": ""suggestion_3820a83cfd0a66ea"", ""suggestion_type"": ""athlete_name_correction"", ""confidence"": 0.971, ""message"": ""D-score athlete 'Charlise Radencich' probably matches score-sheet athlete 'Charlie Radencich'."", ""action"": ""attach_d_score_to_target_result"", ""changes"": {""athlete_name"": {""from"": ""Charlise Radencich"", ""to"": ""Charlie Radencich""}}, ""target_result"": {""event_name"": ""Canadian Championships"", ""year"": 2026, ""athlete_name"": ""Charlie Radencich"", ""country"": ""CAN"", ""discipline"": ""WAG"", ""category"": ""senior"", ""apparatus"": ""FX"", ""vt_attempt"": null, ""day"": null, ""format"": ""individual"", ""round"": ""final"", ""score"": 9.2, ""D_score"": null, ""vault_attempt_order_uncertain"": false, ""source_sheet"": ""WAG"", ""source_row"": 1494, ""target_id"": ""target_4c73bc149b7c3248""}}]"
orphan_243ad3b59d2c1e5c,possible_athlete_name_typo,review,Possible athlete-name typo between the D sheet and the score sheet.,WAG D,1466,Canadian Championships,2026,Charlise Radencich,CAN,WAG,senior,UB,,,individual,final,4.5,False,1,suggestion_fa361233c7c0f8a8,athlete_name_correction,0.971,D-score athlete 'Charlise Radencich' probably matches score-sheet athlete 'Charlie Radencich'.,Canadian Championships,2026,Charlie Radencich,CAN,WAG,senior,UB,,,individual,final,12.3,,WAG,1494,"[{""suggestion_id"": ""suggestion_fa361233c7c0f8a8"", ""suggestion_type"": ""athlete_name_correction"", ""confidence"": 0.971, ""message"": ""D-score athlete 'Charlise Radencich' probably matches score-sheet athlete 'Charlie Radencich'."", ""action"": ""attach_d_score_to_target_result"", ""changes"": {""athlete_name"": {""from"": ""Charlise Radencich"", ""to"": ""Charlie Radencich""}}, ""target_result"": {""event_name"": ""Canadian Championships"", ""year"": 2026, ""athlete_name"": ""Charlie Radencich"", ""country"": ""CAN"", ""discipline"": ""WAG"", ""category"": ""senior"", ""apparatus"": ""UB"", ""vt_attempt"": null, ""day"": null, ""format"": ""individual"", ""round"": ""final"", ""score"": 12.3, ""D_score"": null, ""vault_attempt_order_uncertain"": false, ""source_sheet"": ""WAG"", ""source_row"": 1494, ""target_id"": ""target_ef20a786f2a401c1""}}]"
orphan_7b7efe8d15778f10,possible_athlete_name_typo,review,Possible athlete-name typo between the D sheet and the score sheet.,WAG D,1466,Canadian Championships,2026,Charlise Radencich,CAN,WAG,senior,VT,1,,individual,final,4.2,True,1,suggestion_681c36a5af6f5a2b,athlete_name_correction,0.971,D-score athlete 'Charlise Radencich' probably matches score-sheet athlete 'Charlie Radencich'.,Canadian Championships,2026,Charlie Radencich,CAN,WAG,senior,VT,1,,individual,final,13.1,,WAG,1494,"[{""suggestion_id"": ""suggestion_681c36a5af6f5a2b"", ""suggestion_type"": ""athlete_name_correction"", ""confidence"": 0.971, ""message"": ""D-score athlete 'Charlise Radencich' probably matches score-sheet athlete 'Charlie Radencich'."", ""action"": ""attach_d_score_to_target_result"", ""changes"": {""athlete_name"": {""from"": ""Charlise Radencich"", ""to"": ""Charlie Radencich""}}, ""target_result"": {""event_name"": ""Canadian Championships"", ""year"": 2026, ""athlete_name"": ""Charlie Radencich"", ""country"": ""CAN"", ""discipline"": ""WAG"", ""category"": ""senior"", ""apparatus"": ""VT"", ""vt_attempt"": 1, ""day"": null, ""format"": ""individual"", ""round"": ""final"", ""score"": 13.1, ""D_score"": null, ""vault_attempt_order_uncertain"": true, ""source_sheet"": ""WAG"", ""source_row"": 1494, ""target_id"": ""target_09513ffcaf1f0f49""}}]"
orphan_6d42bb3dbad6562a,possible_athlete_name_typo,review,Possible athlete-name typo between the D sheet and the score sheet.,WAG D,1467,Canadian Championships,2026,Charlise Radencich,CAN,WAG,senior,BB,,,individual,qualification,4.6,False,1,suggestion_b64883719da16a7f,athlete_name_correction,0.971,D-score athlete 'Charlise Radencich' probably matches score-sheet athlete 'Charlie Radencich'.,Canadian Championships,2026,Charlie Radencich,CAN,WAG,senior,BB,,,individual,qualification,10.8,,WAG,1495,"[{""suggestion_id"": ""suggestion_b64883719da16a7f"", ""suggestion_type"": ""athlete_name_correction"", ""confidence"": 0.971, ""message"": ""D-score athlete 'Charlise Radencich' probably matches score-sheet athlete 'Charlie Radencich'."", ""action"": ""attach_d_score_to_target_result"", ""changes"": {""athlete_name"": {""from"": ""Charlise Radencich"", ""to"": ""Charlie Radencich""}}, ""target_result"": {""event_name"": ""Canadian Championships"", ""year"": 2026, ""athlete_name"": ""Charlie Radencich"", ""country"": ""CAN"", ""discipline"": ""WAG"", ""category"": ""senior"", ""apparatus"": ""BB"", ""vt_attempt"": null, ""day"": null, ""format"": ""individual"", ""round"": ""qualification"", ""score"": 10.8, ""D_score"": null, ""vault_attempt_order_uncertain"": false, ""source_sheet"": ""WAG"", ""source_row"": 1495, ""target_id"": ""target_cf2bfcf11f180c8e""}}]"
orphan_c6ff252660eaf352,possible_athlete_name_typo,review,Possible athlete-name typo between the D sheet and the score sheet.,WAG D,1467,Canadian Championships,2026,Charlise Radencich,CAN,WAG,senior,FX,,,individual,qualification,4.2,False,1,suggestion_d3b872c348ba6756,athlete_name_correction,0.971,D-score athlete 'Charlise Radencich' probably matches score-sheet athlete 'Charlie Radencich'.,Canadian Championships,2026,Charlie Radencich,CAN,WAG,senior,FX,,,individual,qualification,10.95,,WAG,1495,"[{""suggestion_id"": ""suggestion_d3b872c348ba6756"", ""suggestion_type"": ""athlete_name_correction"", ""confidence"": 0.971, ""message"": ""D-score athlete 'Charlise Radencich' probably matches score-sheet athlete 'Charlie Radencich'."", ""action"": ""attach_d_score_to_target_result"", ""changes"": {""athlete_name"": {""from"": ""Charlise Radencich"", ""to"": ""Charlie Radencich""}}, ""target_result"": {""event_name"": ""Canadian Championships"", ""year"": 2026, ""athlete_name"": ""Charlie Radencich"", ""country"": ""CAN"", ""discipline"": ""WAG"", ""category"": ""senior"", ""apparatus"": ""FX"", ""vt_attempt"": null, ""day"": null, ""format"": ""individual"", ""round"": ""qualification"", ""score"": 10.95, ""D_score"": null, ""vault_attempt_order_uncertain"": false, ""source_sheet"": ""WAG"", ""source_row"": 1495, ""target_id"": ""target_be63b646dfa39c69""}}]"
orphan_143c008b95339275,possible_athlete_name_typo,review,Possible athlete-name typo between the D sheet and the score sheet.,WAG D,1467,Canadian Championships,2026,Charlise Radencich,CAN,WAG,senior,UB,,,individual,qualification,4.5,False,1,suggestion_478e8c7b2a206bcc,athlete_name_correction,0.971,D-score athlete 'Charlise Radencich' probably matches score-sheet athlete 'Charlie Radencich'.,Canadian Championships,2026,Charlie Radencich,CAN,WAG,senior,UB,,,individual,qualification,10.0,,WAG,1495,"[{""suggestion_id"": ""suggestion_478e8c7b2a206bcc"", ""suggestion_type"": ""athlete_name_correction"", ""confidence"": 0.971, ""message"": ""D-score athlete 'Charlise Radencich' probably matches score-sheet athlete 'Charlie Radencich'."", ""action"": ""attach_d_score_to_target_result"", ""changes"": {""athlete_name"": {""from"": ""Charlise Radencich"", ""to"": ""Charlie Radencich""}}, ""target_result"": {""event_name"": ""Canadian Championships"", ""year"": 2026, ""athlete_name"": ""Charlie Radencich"", ""country"": ""CAN"", ""discipline"": ""WAG"", ""category"": ""senior"", ""apparatus"": ""UB"", ""vt_attempt"": null, ""day"": null, ""format"": ""individual"", ""round"": ""qualification"", ""score"": 10.0, ""D_score"": null, ""vault_attempt_order_uncertain"": false, ""source_sheet"": ""WAG"", ""source_row"": 1495, ""target_id"": ""target_b8ad0bb156f9af1d""}}]"
orphan_02602992f61f6db7,possible_athlete_name_typo,review,Possible athlete-name typo between the D sheet and the score sheet.,WAG D,1467,Canadian Championships,2026,Charlise Radencich,CAN,WAG,senior,VT,1,,individual,qualification,4.2,True,1,suggestion_3021568e2d1d8c33,athlete_name_correction,0.971,D-score athlete 'Charlise Radencich' probably matches score-sheet athlete 'Charlie Radencich'.,Canadian Championships,2026,Charlie Radencich,CAN,WAG,senior,VT,1,,individual,qualification,12.0,,WAG,1495,"[{""suggestion_id"": ""suggestion_3021568e2d1d8c33"", ""suggestion_type"": ""athlete_name_correction"", ""confidence"": 0.971, ""message"": ""D-score athlete 'Charlise Radencich' probably matches score-sheet athlete 'Charlie Radencich'."", ""action"": ""attach_d_score_to_target_result"", ""changes"": {""athlete_name"": {""from"": ""Charlise Radencich"", ""to"": ""Charlie Radencich""}}, ""target_result"": {""event_name"": ""Canadian Championships"", ""year"": 2026, ""athlete_name"": ""Charlie Radencich"", ""country"": ""CAN"", ""discipline"": ""WAG"", ""category"": ""senior"", ""apparatus"": ""VT"", ""vt_attempt"": 1, ""day"": null, ""format"": ""individual"", ""round"": ""qualification"", ""score"": 12.0, ""D_score"": null, ""vault_attempt_order_uncertain"": true, ""source_sheet"": ""WAG"", ""source_row"": 1495, ""target_id"": ""target_825b0d74ed8005f1""}}]"
orphan_b09eebe990a960a4,missing_final_score_for_context,review,"The athlete/event exists, but not this apparatus/context.",WAG D,1838,Salamunov Memorial,2026,Dora Zuljevic,CRO,WAG,junior,VT,2,,individual,final,3.2,True,0,,,,,,,,,,,,,,,,,,,,[]
orphan_19f0e15209303f10,missing_final_score_for_context,review,"The athlete/event exists, but not this apparatus/context.",WAG D,1987,Salamunov Memorial,2026,Elisa Bugaqku,KOS,WAG,junior,VT,2,,individual,final,1.6,True,0,,,,,,,,,,,,,,,,,,,,[]
orphan_11ab4db1e266e207,missing_final_score_for_context,review,"The athlete/event exists, but not this apparatus/context.",WAG D,2018,Salamunov Memorial,2026,Eliza Badowiec,POL,WAG,junior,VT,2,,individual,final,3.2,True,0,,,,,,,,,,,,,,,,,,,,[]
orphan_514c76b6ec821846,possible_context_mismatch,review,"Possible format, round, or day mismatch.",WAG D,2054,Austrian Championships,2026,Ella Rief,AUT,WAG,senior,VT,1,,apparatus,final,3.4,True,1,suggestion_01675051264361b3,context_correction,0.65,"Same athlete/event/apparatus exists in the score sheet, but format, round, or day is different.",Austrian Championships,2026,Ella Rief,AUT,WAG,senior,VT,1,,individual,final,12.0,3.4,WAG,2097,"[{""suggestion_id"": ""suggestion_01675051264361b3"", ""suggestion_type"": ""context_correction"", ""confidence"": 0.65, ""message"": ""Same athlete/event/apparatus exists in the score sheet, but format, round, or day is different."", ""action"": ""attach_d_score_to_target_result"", ""changes"": {""format"": {""from"": ""apparatus"", ""to"": ""individual""}, ""round"": {""from"": ""final"", ""to"": ""final""}, ""day"": {""from"": null, ""to"": null}}, ""target_result"": {""event_name"": ""Austrian Championships"", ""year"": 2026, ""athlete_name"": ""Ella Rief"", ""country"": ""AUT"", ""discipline"": ""WAG"", ""category"": ""senior"", ""apparatus"": ""VT"", ""vt_attempt"": 1, ""day"": null, ""format"": ""individual"", ""round"": ""final"", ""score"": 12.0, ""D_score"": 3.4, ""vault_attempt_order_uncertain"": true, ""source_sheet"": ""WAG"", ""source_row"": 2097, ""target_id"": ""target_4307de9269ec9952""}}]"
orphan_79b30cca75b3a63f,possible_context_mismatch,review,"Possible format, round, or day mismatch.",WAG D,2054,Austrian Championships,2026,Ella Rief,AUT,WAG,senior,VT,2,,apparatus,final,3.2,True,1,suggestion_9796162b8432e49c,context_correction,0.65,"Same athlete/event/apparatus exists in the score sheet, but format, round, or day is different.",Austrian Championships,2026,Ella Rief,AUT,WAG,senior,VT,2,,individual,final,,3.2,WAG,2097,"[{""suggestion_id"": ""suggestion_9796162b8432e49c"", ""suggestion_type"": ""context_correction"", ""confidence"": 0.65, ""message"": ""Same athlete/event/apparatus exists in the score sheet, but format, round, or day is different."", ""action"": ""attach_d_score_to_target_result"", ""changes"": {""format"": {""from"": ""apparatus"", ""to"": ""individual""}, ""round"": {""from"": ""final"", ""to"": ""final""}, ""day"": {""from"": null, ""to"": null}}, ""target_result"": {""event_name"": ""Austrian Championships"", ""year"": 2026, ""athlete_name"": ""Ella Rief"", ""country"": ""AUT"", ""discipline"": ""WAG"", ""category"": ""senior"", ""apparatus"": ""VT"", ""vt_attempt"": 2, ""day"": null, ""format"": ""individual"", ""round"": ""final"", ""score"": null, ""D_score"": 3.2, ""vault_attempt_order_uncertain"": true, ""source_sheet"": ""WAG"", ""source_row"": 2097, ""target_id"": ""target_9da10680491c2e1a""}}]"
orphan_d1ff561756fe8a1d,missing_final_score_for_context,review,"The athlete/event exists, but not this apparatus/context.",WAG D,2117,Salamunov Memorial,2026,Ema Akrapovic,SLO,WAG,junior,VT,2,,individual,final,3.0,True,0,,,,,,,,,,,,,,,,,,,,[]
orphan_efa9ae099eb0ab28,possible_context_mismatch,review,"Possible format, round, or day mismatch.",WAG D,2124,Luxembourg Open,2026,Ema Oliveira,POR,WAG,junior,VT,1,,apparatus,final,3.4,True,1,suggestion_fc5746a200e07a91,context_correction,0.65,"Same athlete/event/apparatus exists in the score sheet, but format, round, or day is different.",Luxembourg Open,2026,Ema Oliveira,POR,WAG,junior,VT,1,,individual,final,12.05,3.4,WAG,2171,"[{""suggestion_id"": ""suggestion_fc5746a200e07a91"", ""suggestion_type"": ""context_correction"", ""confidence"": 0.65, ""message"": ""Same athlete/event/apparatus exists in the score sheet, but format, round, or day is different."", ""action"": ""attach_d_score_to_target_result"", ""changes"": {""format"": {""from"": ""apparatus"", ""to"": ""individual""}, ""round"": {""from"": ""final"", ""to"": ""final""}, ""day"": {""from"": null, ""to"": null}}, ""target_result"": {""event_name"": ""Luxembourg Open"", ""year"": 2026, ""athlete_name"": ""Ema Oliveira"", ""country"": ""POR"", ""discipline"": ""WAG"", ""category"": ""junior"", ""apparatus"": ""VT"", ""vt_attempt"": 1, ""day"": null, ""format"": ""individual"", ""round"": ""final"", ""score"": 12.05, ""D_score"": 3.4, ""vault_attempt_order_uncertain"": true, ""source_sheet"": ""WAG"", ""source_row"": 2171, ""target_id"": ""target_8caf9a90a4b9b2ad""}}]"
orphan_d633cdfdf454c718,possible_context_mismatch,review,"Possible format, round, or day mismatch.",WAG D,2124,Luxembourg Open,2026,Ema Oliveira,POR,WAG,junior,VT,2,,apparatus,final,3.2,True,1,suggestion_d4b4f0c14a524e6d,context_correction,0.65,"Same athlete/event/apparatus exists in the score sheet, but format, round, or day is different.",Luxembourg Open,2026,Ema Oliveira,POR,WAG,junior,VT,2,,individual,final,,3.2,WAG,2171,"[{""suggestion_id"": ""suggestion_d4b4f0c14a524e6d"", ""suggestion_type"": ""context_correction"", ""confidence"": 0.65, ""message"": ""Same athlete/event/apparatus exists in the score sheet, but format, round, or day is different."", ""action"": ""attach_d_score_to_target_result"", ""changes"": {""format"": {""from"": ""apparatus"", ""to"": ""individual""}, ""round"": {""from"": ""final"", ""to"": ""final""}, ""day"": {""from"": null, ""to"": null}}, ""target_result"": {""event_name"": ""Luxembourg Open"", ""year"": 2026, ""athlete_name"": ""Ema Oliveira"", ""country"": ""POR"", ""discipline"": ""WAG"", ""category"": ""junior"", ""apparatus"": ""VT"", ""vt_attempt"": 2, ""day"": null, ""format"": ""individual"", ""round"": ""final"", ""score"": null, ""D_score"": 3.2, ""vault_attempt_order_uncertain"": true, ""source_sheet"": ""WAG"", ""source_row"": 2171, ""target_id"": ""target_01047d6f27f0ba5b""}}]"
orphan_0e5714a6cc0ed05a,possible_context_mismatch,review,"Possible format, round, or day mismatch.",WAG D,2140,Austrian Championships,2026,Emely Joy Reindl,AUT,WAG,senior,VT,1,,apparatus,final,3.4,True,1,suggestion_0dceb291c61ffa31,context_correction,0.65,"Same athlete/event/apparatus exists in the score sheet, but format, round, or day is different.",Austrian Championships,2026,Emely Joy Reindl,AUT,WAG,senior,VT,1,,individual,final,12.4,3.4,WAG,2186,"[{""suggestion_id"": ""suggestion_0dceb291c61ffa31"", ""suggestion_type"": ""context_correction"", ""confidence"": 0.65, ""message"": ""Same athlete/event/apparatus exists in the score sheet, but format, round, or day is different."", ""action"": ""attach_d_score_to_target_result"", ""changes"": {""format"": {""from"": ""apparatus"", ""to"": ""individual""}, ""round"": {""from"": ""final"", ""to"": ""final""}, ""day"": {""from"": null, ""to"": null}}, ""target_result"": {""event_name"": ""Austrian Championships"", ""year"": 2026, ""athlete_name"": ""Emely Joy Reindl"", ""country"": ""AUT"", ""discipline"": ""WAG"", ""category"": ""senior"", ""apparatus"": ""VT"", ""vt_attempt"": 1, ""day"": null, ""format"": ""individual"", ""round"": ""final"", ""score"": 12.4, ""D_score"": 3.4, ""vault_attempt_order_uncertain"": true, ""source_sheet"": ""WAG"", ""source_row"": 2186, ""target_id"": ""target_5e6dc6663c51ce2d""}}]"
orphan_44c41d3a85878553,possible_context_mismatch,review,"Possible format, round, or day mismatch.",WAG D,2140,Austrian Championships,2026,Emely Joy Reindl,AUT,WAG,senior,VT,2,,apparatus,final,3.2,True,1,suggestion_42f6e1e1463f1387,context_correction,0.65,"Same athlete/event/apparatus exists in the score sheet, but format, round, or day is different.",Austrian Championships,2026,Emely Joy Reindl,AUT,WAG,senior,VT,2,,individual,final,,3.2,WAG,2186,"[{""suggestion_id"": ""suggestion_42f6e1e1463f1387"", ""suggestion_type"": ""context_correction"", ""confidence"": 0.65, ""message"": ""Same athlete/event/apparatus exists in the score sheet, but format, round, or day is different."", ""action"": ""attach_d_score_to_target_result"", ""changes"": {""format"": {""from"": ""apparatus"", ""to"": ""individual""}, ""round"": {""from"": ""final"", ""to"": ""final""}, ""day"": {""from"": null, ""to"": null}}, ""target_result"": {""event_name"": ""Austrian Championships"", ""year"": 2026, ""athlete_name"": ""Emely Joy Reindl"", ""country"": ""AUT"", ""discipline"": ""WAG"", ""category"": ""senior"", ""apparatus"": ""VT"", ""vt_attempt"": 2, ""day"": null, ""format"": ""individual"", ""round"": ""final"", ""score"": null, ""D_score"": 3.2, ""vault_attempt_order_uncertain"": true, ""source_sheet"": ""WAG"", ""source_row"": 2186, ""target_id"": ""target_9c717aa6184550bc""}}]"
orphan_dc905ba2cf517c66,possible_context_mismatch,review,"Possible format, round, or day mismatch.",WAG D,2296,Singapore Championships,2026,Emmanuelle Tan Hui En,SGP,WAG,junior,VT,2,,individual,final,3.2,True,1,suggestion_ea8dfbeb0bb677bd,context_correction,0.65,"Same athlete/event/apparatus exists in the score sheet, but format, round, or day is different.",Singapore Championships,2026,Emmanuelle Tan Hui En,SGP,WAG,junior,VT,2,,apparatus,final,,3.2,WAG,2344,"[{""suggestion_id"": ""suggestion_ea8dfbeb0bb677bd"", ""suggestion_type"": ""context_correction"", ""confidence"": 0.65, ""message"": ""Same athlete/event/apparatus exists in the score sheet, but format, round, or day is different."", ""action"": ""attach_d_score_to_target_result"", ""changes"": {""format"": {""from"": ""individual"", ""to"": ""apparatus""}, ""round"": {""from"": ""final"", ""to"": ""final""}, ""day"": {""from"": null, ""to"": null}}, ""target_result"": {""event_name"": ""Singapore Championships"", ""year"": 2026, ""athlete_name"": ""Emmanuelle Tan Hui En"", ""country"": ""SGP"", ""discipline"": ""WAG"", ""category"": ""junior"", ""apparatus"": ""VT"", ""vt_attempt"": 2, ""day"": null, ""format"": ""apparatus"", ""round"": ""final"", ""score"": null, ""D_score"": 3.2, ""vault_attempt_order_uncertain"": true, ""source_sheet"": ""WAG"", ""source_row"": 2344, ""target_id"": ""target_1ff09c7ed6a45649""}}]"
orphan_3c6df39b0133e22a,possible_context_mismatch,review,"Possible format, round, or day mismatch.",WAG D,2402,Salamunov Memorial,2026,Eva Ostarcevic,CRO,WAG,junior,VT,2,,individual,final,3.2,True,1,suggestion_d01c1e8bec38df56,context_correction,0.65,"Same athlete/event/apparatus exists in the score sheet, but format, round, or day is different.",Salamunov Memorial,2026,Eva Ostarcevic,CRO,WAG,junior,VT,2,,apparatus,final,,3.2,WAG,2453,"[{""suggestion_id"": ""suggestion_d01c1e8bec38df56"", ""suggestion_type"": ""context_correction"", ""confidence"": 0.65, ""message"": ""Same athlete/event/apparatus exists in the score sheet, but format, round, or day is different."", ""action"": ""attach_d_score_to_target_result"", ""changes"": {""format"": {""from"": ""individual"", ""to"": ""apparatus""}, ""round"": {""from"": ""final"", ""to"": ""final""}, ""day"": {""from"": null, ""to"": null}}, ""target_result"": {""event_name"": ""Salamunov Memorial"", ""year"": 2026, ""athlete_name"": ""Eva Ostarcevic"", ""country"": ""CRO"", ""discipline"": ""WAG"", ""category"": ""junior"", ""apparatus"": ""VT"", ""vt_attempt"": 2, ""day"": null, ""format"": ""apparatus"", ""round"": ""final"", ""score"": null, ""D_score"": 3.2, ""vault_attempt_order_uncertain"": true, ""source_sheet"": ""WAG"", ""source_row"": 2453, ""target_id"": ""target_cc16dd18a4a6da33""}}]"
orphan_ca970f31c5cef1b6,possible_context_mismatch,review,"Possible format, round, or day mismatch.",WAG D,2622,City of Jesolo Trophy,2026,Giada di Pietro,ITA,WAG,junior,VT,1,,apparatus,final,5.0,True,1,suggestion_ddeebcc7ca90de61,context_correction,0.65,"Same athlete/event/apparatus exists in the score sheet, but format, round, or day is different.",City of Jesolo Trophy,2026,Giada di Pietro,ITA,WAG,junior,VT,1,,individual,final,14.067,5.0,WAG,2673,"[{""suggestion_id"": ""suggestion_ddeebcc7ca90de61"", ""suggestion_type"": ""context_correction"", ""confidence"": 0.65, ""message"": ""Same athlete/event/apparatus exists in the score sheet, but format, round, or day is different."", ""action"": ""attach_d_score_to_target_result"", ""changes"": {""format"": {""from"": ""apparatus"", ""to"": ""individual""}, ""round"": {""from"": ""final"", ""to"": ""final""}, ""day"": {""from"": null, ""to"": null}}, ""target_result"": {""event_name"": ""City of Jesolo Trophy"", ""year"": 2026, ""athlete_name"": ""Giada di Pietro"", ""country"": ""ITA"", ""discipline"": ""WAG"", ""category"": ""junior"", ""apparatus"": ""VT"", ""vt_attempt"": 1, ""day"": null, ""format"": ""individual"", ""round"": ""final"", ""score"": 14.067, ""D_score"": 5.0, ""vault_attempt_order_uncertain"": true, ""source_sheet"": ""WAG"", ""source_row"": 2673, ""target_id"": ""target_20388f0ec54bdda3""}}]"
orphan_4aa29e1dc6106a0a,possible_context_mismatch,review,"Possible format, round, or day mismatch.",WAG D,2622,City of Jesolo Trophy,2026,Giada di Pietro,ITA,WAG,junior,VT,2,,apparatus,final,4.2,True,1,suggestion_4dc49ea4992fc8f6,context_correction,0.65,"Same athlete/event/apparatus exists in the score sheet, but format, round, or day is different.",City of Jesolo Trophy,2026,Giada di Pietro,ITA,WAG,junior,VT,2,,individual,final,,4.2,WAG,2673,"[{""suggestion_id"": ""suggestion_4dc49ea4992fc8f6"", ""suggestion_type"": ""context_correction"", ""confidence"": 0.65, ""message"": ""Same athlete/event/apparatus exists in the score sheet, but format, round, or day is different."", ""action"": ""attach_d_score_to_target_result"", ""changes"": {""format"": {""from"": ""apparatus"", ""to"": ""individual""}, ""round"": {""from"": ""final"", ""to"": ""final""}, ""day"": {""from"": null, ""to"": null}}, ""target_result"": {""event_name"": ""City of Jesolo Trophy"", ""year"": 2026, ""athlete_name"": ""Giada di Pietro"", ""country"": ""ITA"", ""discipline"": ""WAG"", ""category"": ""junior"", ""apparatus"": ""VT"", ""vt_attempt"": 2, ""day"": null, ""format"": ""individual"", ""round"": ""final"", ""score"": null, ""D_score"": 4.2, ""vault_attempt_order_uncertain"": true, ""source_sheet"": ""WAG"", ""source_row"": 2673, ""target_id"": ""target_f7bd267e8057d8f7""}}]"
orphan_8ce01e8f90c752fc,possible_context_mismatch,review,"Possible format, round, or day mismatch.",WAG D,2676,City of Jesolo Trophy,2026,Giulia Asaftei,POL,WAG,junior,VT,1,,apparatus,final,4.2,True,1,suggestion_9edd318d3f8290e7,context_correction,0.65,"Same athlete/event/apparatus exists in the score sheet, but format, round, or day is different.",City of Jesolo Trophy,2026,Giulia Asaftei,POL,WAG,junior,VT,1,,individual,final,12.867,4.2,WAG,2727,"[{""suggestion_id"": ""suggestion_9edd318d3f8290e7"", ""suggestion_type"": ""context_correction"", ""confidence"": 0.65, ""message"": ""Same athlete/event/apparatus exists in the score sheet, but format, round, or day is different."", ""action"": ""attach_d_score_to_target_result"", ""changes"": {""format"": {""from"": ""apparatus"", ""to"": ""individual""}, ""round"": {""from"": ""final"", ""to"": ""final""}, ""day"": {""from"": null, ""to"": null}}, ""target_result"": {""event_name"": ""City of Jesolo Trophy"", ""year"": 2026, ""athlete_name"": ""Giulia Asaftei"", ""country"": ""POL"", ""discipline"": ""WAG"", ""category"": ""junior"", ""apparatus"": ""VT"", ""vt_attempt"": 1, ""day"": null, ""format"": ""individual"", ""round"": ""final"", ""score"": 12.867, ""D_score"": 4.2, ""vault_attempt_order_uncertain"": true, ""source_sheet"": ""WAG"", ""source_row"": 2727, ""target_id"": ""target_4ce93a5807d5346c""}}]"
orphan_eacbbc5bb385f158,possible_context_mismatch,review,"Possible format, round, or day mismatch.",WAG D,2676,City of Jesolo Trophy,2026,Giulia Asaftei,POL,WAG,junior,VT,2,,apparatus,final,3.6,True,1,suggestion_6f667b49519be796,context_correction,0.65,"Same athlete/event/apparatus exists in the score sheet, but format, round, or day is different.",City of Jesolo Trophy,2026,Giulia Asaftei,POL,WAG,junior,VT,2,,individual,final,,3.6,WAG,2727,"[{""suggestion_id"": ""suggestion_6f667b49519be796"", ""suggestion_type"": ""context_correction"", ""confidence"": 0.65, ""message"": ""Same athlete/event/apparatus exists in the score sheet, but format, round, or day is different."", ""action"": ""attach_d_score_to_target_result"", ""changes"": {""format"": {""from"": ""apparatus"", ""to"": ""individual""}, ""round"": {""from"": ""final"", ""to"": ""final""}, ""day"": {""from"": null, ""to"": null}}, ""target_result"": {""event_name"": ""City of Jesolo Trophy"", ""year"": 2026, ""athlete_name"": ""Giulia Asaftei"", ""country"": ""POL"", ""discipline"": ""WAG"", ""category"": ""junior"", ""apparatus"": ""VT"", ""vt_attempt"": 2, ""day"": null, ""format"": ""individual"", ""round"": ""final"", ""score"": null, ""D_score"": 3.6, ""vault_attempt_order_uncertain"": true, ""source_sheet"": ""WAG"", ""source_row"": 2727, ""target_id"": ""target_ae2e6a36097040be""}}]"
orphan_d7c05e4ca3e6684c,possible_context_mismatch,review,"Possible format, round, or day mismatch.",WAG D,2677,Salamunov Memorial,2026,Giulia Asaftei,POL,WAG,junior,VT,2,,individual,final,3.6,True,1,suggestion_93b698ab3985d7dd,context_correction,0.65,"Same athlete/event/apparatus exists in the score sheet, but format, round, or day is different.",Salamunov Memorial,2026,Giulia Asaftei,POL,WAG,junior,VT,2,,apparatus,final,,3.2,WAG,2731,"[{""suggestion_id"": ""suggestion_93b698ab3985d7dd"", ""suggestion_type"": ""context_correction"", ""confidence"": 0.65, ""message"": ""Same athlete/event/apparatus exists in the score sheet, but format, round, or day is different."", ""action"": ""attach_d_score_to_target_result"", ""changes"": {""format"": {""from"": ""individual"", ""to"": ""apparatus""}, ""round"": {""from"": ""final"", ""to"": ""final""}, ""day"": {""from"": null, ""to"": null}}, ""target_result"": {""event_name"": ""Salamunov Memorial"", ""year"": 2026, ""athlete_name"": ""Giulia Asaftei"", ""country"": ""POL"", ""discipline"": ""WAG"", ""category"": ""junior"", ""apparatus"": ""VT"", ""vt_attempt"": 2, ""day"": null, ""format"": ""apparatus"", ""round"": ""final"", ""score"": null, ""D_score"": 3.2, ""vault_attempt_order_uncertain"": true, ""source_sheet"": ""WAG"", ""source_row"": 2731, ""target_id"": ""target_58fc654acf7b9cd4""}}]"
orphan_2b24d5ea6fd31fb9,possible_context_mismatch,review,"Possible format, round, or day mismatch.",WAG D,2717,Luxembourg Open,2026,Grace Davies,GBR,WAG,senior,VT,1,,apparatus,final,4.2,True,1,suggestion_c35dc953a0d232e6,context_correction,0.65,"Same athlete/event/apparatus exists in the score sheet, but format, round, or day is different.",Luxembourg Open,2026,Grace Davies,GBR,WAG,senior,VT,1,,individual,final,12.85,4.2,WAG,2765,"[{""suggestion_id"": ""suggestion_c35dc953a0d232e6"", ""suggestion_type"": ""context_correction"", ""confidence"": 0.65, ""message"": ""Same athlete/event/apparatus exists in the score sheet, but format, round, or day is different."", ""action"": ""attach_d_score_to_target_result"", ""changes"": {""format"": {""from"": ""apparatus"", ""to"": ""individual""}, ""round"": {""from"": ""final"", ""to"": ""final""}, ""day"": {""from"": null, ""to"": null}}, ""target_result"": {""event_name"": ""Luxembourg Open"", ""year"": 2026, ""athlete_name"": ""Grace Davies"", ""country"": ""GBR"", ""discipline"": ""WAG"", ""category"": ""senior"", ""apparatus"": ""VT"", ""vt_attempt"": 1, ""day"": null, ""format"": ""individual"", ""round"": ""final"", ""score"": 12.85, ""D_score"": 4.2, ""vault_attempt_order_uncertain"": true, ""source_sheet"": ""WAG"", ""source_row"": 2765, ""target_id"": ""target_a6cac19be2e537c7""}}]"
orphan_a43ebc039d737c8c,possible_context_mismatch,review,"Possible format, round, or day mismatch.",WAG D,2717,Luxembourg Open,2026,Grace Davies,GBR,WAG,senior,VT,2,,apparatus,final,3.8,True,1,suggestion_907e100042fbcffe,context_correction,0.65,"Same athlete/event/apparatus exists in the score sheet, but format, round, or day is different.",Luxembourg Open,2026,Grace Davies,GBR,WAG,senior,VT,2,,individual,final,,3.8,WAG,2765,"[{""suggestion_id"": ""suggestion_907e100042fbcffe"", ""suggestion_type"": ""context_correction"", ""confidence"": 0.65, ""message"": ""Same athlete/event/apparatus exists in the score sheet, but format, round, or day is different."", ""action"": ""attach_d_score_to_target_result"", ""changes"": {""format"": {""from"": ""apparatus"", ""to"": ""individual""}, ""round"": {""from"": ""final"", ""to"": ""final""}, ""day"": {""from"": null, ""to"": null}}, ""target_result"": {""event_name"": ""Luxembourg Open"", ""year"": 2026, ""athlete_name"": ""Grace Davies"", ""country"": ""GBR"", ""discipline"": ""WAG"", ""category"": ""senior"", ""apparatus"": ""VT"", ""vt_attempt"": 2, ""day"": null, ""format"": ""individual"", ""round"": ""final"", ""score"": null, ""D_score"": 3.8, ""vault_attempt_order_uncertain"": true, ""source_sheet"": ""WAG"", ""source_row"": 2765, ""target_id"": ""target_6aeb4d1303881d4b""}}]"
orphan_1747ce8688fb880d,missing_final_score_for_context,review,"The athlete/event exists, but not this apparatus/context.",WAG D,2719,Salamunov Memorial,2026,Grace Kimoto-Kayukwa,BEL,WAG,junior,VT,2,,individual,final,3.6,True,0,,,,,,,,,,,,,,,,,,,,[]
orphan_02dd99af2d1482a0,possible_context_mismatch,review,"Possible format, round, or day mismatch.",WAG D,2776,Salamunov Memorial,2026,Hana Brglez,SLO,WAG,junior,VT,2,,individual,final,3.2,True,1,suggestion_fd3c265f29baf2eb,context_correction,0.65,"Same athlete/event/apparatus exists in the score sheet, but format, round, or day is different.",Salamunov Memorial,2026,Hana Brglez,SLO,WAG,junior,VT,2,,apparatus,final,,3.2,WAG,2836,"[{""suggestion_id"": ""suggestion_fd3c265f29baf2eb"", ""suggestion_type"": ""context_correction"", ""confidence"": 0.65, ""message"": ""Same athlete/event/apparatus exists in the score sheet, but format, round, or day is different."", ""action"": ""attach_d_score_to_target_result"", ""changes"": {""format"": {""from"": ""individual"", ""to"": ""apparatus""}, ""round"": {""from"": ""final"", ""to"": ""final""}, ""day"": {""from"": null, ""to"": null}}, ""target_result"": {""event_name"": ""Salamunov Memorial"", ""year"": 2026, ""athlete_name"": ""Hana Brglez"", ""country"": ""SLO"", ""discipline"": ""WAG"", ""category"": ""junior"", ""apparatus"": ""VT"", ""vt_attempt"": 2, ""day"": null, ""format"": ""apparatus"", ""round"": ""final"", ""score"": null, ""D_score"": 3.2, ""vault_attempt_order_uncertain"": true, ""source_sheet"": ""WAG"", ""source_row"": 2836, ""target_id"": ""target_53f4a86b41fec390""}}]"
orphan_41ed4f10ff628338,possible_context_mismatch,review,"Possible format, round, or day mismatch.",WAG D,3018,Luxembourg Open,2026,Isabella Canning,GBR,WAG,junior,VT,1,,apparatus,final,4.2,True,1,suggestion_2cd0b06ae5914912,context_correction,0.65,"Same athlete/event/apparatus exists in the score sheet, but format, round, or day is different.",Luxembourg Open,2026,Isabella Canning,GBR,WAG,junior,VT,1,,individual,final,12.3,4.2,WAG,3081,"[{""suggestion_id"": ""suggestion_2cd0b06ae5914912"", ""suggestion_type"": ""context_correction"", ""confidence"": 0.65, ""message"": ""Same athlete/event/apparatus exists in the score sheet, but format, round, or day is different."", ""action"": ""attach_d_score_to_target_result"", ""changes"": {""format"": {""from"": ""apparatus"", ""to"": ""individual""}, ""round"": {""from"": ""final"", ""to"": ""final""}, ""day"": {""from"": null, ""to"": null}}, ""target_result"": {""event_name"": ""Luxembourg Open"", ""year"": 2026, ""athlete_name"": ""Isabella Canning"", ""country"": ""GBR"", ""discipline"": ""WAG"", ""category"": ""junior"", ""apparatus"": ""VT"", ""vt_attempt"": 1, ""day"": null, ""format"": ""individual"", ""round"": ""final"", ""score"": 12.3, ""D_score"": 4.2, ""vault_attempt_order_uncertain"": true, ""source_sheet"": ""WAG"", ""source_row"": 3081, ""target_id"": ""target_221025c8a94d3cd8""}}]"
orphan_fbc382fe2f11a683,possible_context_mismatch,review,"Possible format, round, or day mismatch.",WAG D,3018,Luxembourg Open,2026,Isabella Canning,GBR,WAG,junior,VT,2,,apparatus,final,3.6,True,1,suggestion_f96349d09d02f17a,context_correction,0.65,"Same athlete/event/apparatus exists in the score sheet, but format, round, or day is different.",Luxembourg Open,2026,Isabella Canning,GBR,WAG,junior,VT,2,,individual,final,,3.6,WAG,3081,"[{""suggestion_id"": ""suggestion_f96349d09d02f17a"", ""suggestion_type"": ""context_correction"", ""confidence"": 0.65, ""message"": ""Same athlete/event/apparatus exists in the score sheet, but format, round, or day is different."", ""action"": ""attach_d_score_to_target_result"", ""changes"": {""format"": {""from"": ""apparatus"", ""to"": ""individual""}, ""round"": {""from"": ""final"", ""to"": ""final""}, ""day"": {""from"": null, ""to"": null}}, ""target_result"": {""event_name"": ""Luxembourg Open"", ""year"": 2026, ""athlete_name"": ""Isabella Canning"", ""country"": ""GBR"", ""discipline"": ""WAG"", ""category"": ""junior"", ""apparatus"": ""VT"", ""vt_attempt"": 2, ""day"": null, ""format"": ""individual"", ""round"": ""final"", ""score"": null, ""D_score"": 3.6, ""vault_attempt_order_uncertain"": true, ""source_sheet"": ""WAG"", ""source_row"": 3081, ""target_id"": ""target_88ac12252f12de68""}}]"
orphan_0893cfd84a9df8c8,possible_context_mismatch,review,"Possible format, round, or day mismatch.",WAG D,3228,Singapore Championships,2026,Joan Ng,SGP,WAG,junior,VT,2,,individual,final,3.6,True,1,suggestion_27f806d79cb9a33c,context_correction,0.65,"Same athlete/event/apparatus exists in the score sheet, but format, round, or day is different.",Singapore Championships,2026,Joan Ng,SGP,WAG,junior,VT,2,,apparatus,final,,3.4,WAG,3300,"[{""suggestion_id"": ""suggestion_27f806d79cb9a33c"", ""suggestion_type"": ""context_correction"", ""confidence"": 0.65, ""message"": ""Same athlete/event/apparatus exists in the score sheet, but format, round, or day is different."", ""action"": ""attach_d_score_to_target_result"", ""changes"": {""format"": {""from"": ""individual"", ""to"": ""apparatus""}, ""round"": {""from"": ""final"", ""to"": ""final""}, ""day"": {""from"": null, ""to"": null}}, ""target_result"": {""event_name"": ""Singapore Championships"", ""year"": 2026, ""athlete_name"": ""Joan Ng"", ""country"": ""SGP"", ""discipline"": ""WAG"", ""category"": ""junior"", ""apparatus"": ""VT"", ""vt_attempt"": 2, ""day"": null, ""format"": ""apparatus"", ""round"": ""final"", ""score"": null, ""D_score"": 3.4, ""vault_attempt_order_uncertain"": true, ""source_sheet"": ""WAG"", ""source_row"": 3300, ""target_id"": ""target_748c5fb88eedaaac""}}]"
orphan_0f3a52b24cebb9cb,possible_context_mismatch,review,"Possible format, round, or day mismatch.",WAG D,3250,Austrian Championships,2026,Johanna Rankl,AUT,WAG,junior,VT,1,,apparatus,final,3.2,True,1,suggestion_8d72c355fa40a9e1,context_correction,0.65,"Same athlete/event/apparatus exists in the score sheet, but format, round, or day is different.",Austrian Championships,2026,Johanna Rankl,AUT,WAG,junior,VT,1,,individual,final,11.7,3.2,WAG,3321,"[{""suggestion_id"": ""suggestion_8d72c355fa40a9e1"", ""suggestion_type"": ""context_correction"", ""confidence"": 0.65, ""message"": ""Same athlete/event/apparatus exists in the score sheet, but format, round, or day is different."", ""action"": ""attach_d_score_to_target_result"", ""changes"": {""format"": {""from"": ""apparatus"", ""to"": ""individual""}, ""round"": {""from"": ""final"", ""to"": ""final""}, ""day"": {""from"": null, ""to"": null}}, ""target_result"": {""event_name"": ""Austrian Championships"", ""year"": 2026, ""athlete_name"": ""Johanna Rankl"", ""country"": ""AUT"", ""discipline"": ""WAG"", ""category"": ""junior"", ""apparatus"": ""VT"", ""vt_attempt"": 1, ""day"": null, ""format"": ""individual"", ""round"": ""final"", ""score"": 11.7, ""D_score"": 3.2, ""vault_attempt_order_uncertain"": true, ""source_sheet"": ""WAG"", ""source_row"": 3321, ""target_id"": ""target_f45f7b16b4b63fad""}}]"
orphan_67f2a7c06f6afa0a,possible_context_mismatch,review,"Possible format, round, or day mismatch.",WAG D,3250,Austrian Championships,2026,Johanna Rankl,AUT,WAG,junior,VT,2,,apparatus,final,2.0,True,1,suggestion_10541ccba3aa5d27,context_correction,0.65,"Same athlete/event/apparatus exists in the score sheet, but format, round, or day is different.",Austrian Championships,2026,Johanna Rankl,AUT,WAG,junior,VT,2,,individual,final,,2.0,WAG,3321,"[{""suggestion_id"": ""suggestion_10541ccba3aa5d27"", ""suggestion_type"": ""context_correction"", ""confidence"": 0.65, ""message"": ""Same athlete/event/apparatus exists in the score sheet, but format, round, or day is different."", ""action"": ""attach_d_score_to_target_result"", ""changes"": {""format"": {""from"": ""apparatus"", ""to"": ""individual""}, ""round"": {""from"": ""final"", ""to"": ""final""}, ""day"": {""from"": null, ""to"": null}}, ""target_result"": {""event_name"": ""Austrian Championships"", ""year"": 2026, ""athlete_name"": ""Johanna Rankl"", ""country"": ""AUT"", ""discipline"": ""WAG"", ""category"": ""junior"", ""apparatus"": ""VT"", ""vt_attempt"": 2, ""day"": null, ""format"": ""individual"", ""round"": ""final"", ""score"": null, ""D_score"": 2.0, ""vault_attempt_order_uncertain"": true, ""source_sheet"": ""WAG"", ""source_row"": 3321, ""target_id"": ""target_035ee8f4af1922b5""}}]"
orphan_6d6984310248b235,missing_final_score_for_context,review,"The athlete/event exists, but not this apparatus/context.",WAG D,3366,British Championships,2026,Kaci Sweeney,GBR,WAG,junior,VT,1,,individual,final,3.5,True,0,,,,,,,,,,,,,,,,,,,,[]
orphan_07b9571e02b37110,possible_context_mismatch,review,"Possible format, round, or day mismatch.",WAG D,3464,Austrian Championships,2026,Katrin Palicka,AUT,WAG,senior,VT,1,,apparatus,final,3.6,True,1,suggestion_91ff8f41930f7b7a,context_correction,0.65,"Same athlete/event/apparatus exists in the score sheet, but format, round, or day is different.",Austrian Championships,2026,Katrin Palicka,AUT,WAG,senior,VT,1,,individual,final,12.5,3.6,WAG,3537,"[{""suggestion_id"": ""suggestion_91ff8f41930f7b7a"", ""suggestion_type"": ""context_correction"", ""confidence"": 0.65, ""message"": ""Same athlete/event/apparatus exists in the score sheet, but format, round, or day is different."", ""action"": ""attach_d_score_to_target_result"", ""changes"": {""format"": {""from"": ""apparatus"", ""to"": ""individual""}, ""round"": {""from"": ""final"", ""to"": ""final""}, ""day"": {""from"": null, ""to"": null}}, ""target_result"": {""event_name"": ""Austrian Championships"", ""year"": 2026, ""athlete_name"": ""Katrin Palicka"", ""country"": ""AUT"", ""discipline"": ""WAG"", ""category"": ""senior"", ""apparatus"": ""VT"", ""vt_attempt"": 1, ""day"": null, ""format"": ""individual"", ""round"": ""final"", ""score"": 12.5, ""D_score"": 3.6, ""vault_attempt_order_uncertain"": true, ""source_sheet"": ""WAG"", ""source_row"": 3537, ""target_id"": ""target_c9f2e7267889df9e""}}]"
orphan_69929efb40dedbc6,possible_context_mismatch,review,"Possible format, round, or day mismatch.",WAG D,3464,Austrian Championships,2026,Katrin Palicka,AUT,WAG,senior,VT,2,,apparatus,final,3.2,True,1,suggestion_01cb8fe8ed2edf1c,context_correction,0.65,"Same athlete/event/apparatus exists in the score sheet, but format, round, or day is different.",Austrian Championships,2026,Katrin Palicka,AUT,WAG,senior,VT,2,,individual,final,,3.2,WAG,3537,"[{""suggestion_id"": ""suggestion_01cb8fe8ed2edf1c"", ""suggestion_type"": ""context_correction"", ""confidence"": 0.65, ""message"": ""Same athlete/event/apparatus exists in the score sheet, but format, round, or day is different."", ""action"": ""attach_d_score_to_target_result"", ""changes"": {""format"": {""from"": ""apparatus"", ""to"": ""individual""}, ""round"": {""from"": ""final"", ""to"": ""final""}, ""day"": {""from"": null, ""to"": null}}, ""target_result"": {""event_name"": ""Austrian Championships"", ""year"": 2026, ""athlete_name"": ""Katrin Palicka"", ""country"": ""AUT"", ""discipline"": ""WAG"", ""category"": ""senior"", ""apparatus"": ""VT"", ""vt_attempt"": 2, ""day"": null, ""format"": ""individual"", ""round"": ""final"", ""score"": null, ""D_score"": 3.2, ""vault_attempt_order_uncertain"": true, ""source_sheet"": ""WAG"", ""source_row"": 3537, ""target_id"": ""target_aaa344e0a269caf2""}}]"
orphan_a89081871b9383b6,possible_athlete_name_typo,review,Possible athlete-name typo between the D sheet and the score sheet.,WAG D,3514,DTB Pokal Team Challenge,2026,Ketevan Kariauli,GEO,WAG,junior,BB,,,individual,final,3.8,False,1,suggestion_11f68b7ee1e1abe8,athlete_name_correction,0.97,D-score athlete 'Ketevan Kariauli' probably matches score-sheet athlete 'Ketevani Kariauli'.,DTB Pokal Team Challenge,2026,Ketevani Kariauli,GEO,WAG,junior,BB,,,individual,final,8.8,,WAG,3592,"[{""suggestion_id"": ""suggestion_11f68b7ee1e1abe8"", ""suggestion_type"": ""athlete_name_correction"", ""confidence"": 0.97, ""message"": ""D-score athlete 'Ketevan Kariauli' probably matches score-sheet athlete 'Ketevani Kariauli'."", ""action"": ""attach_d_score_to_target_result"", ""changes"": {""athlete_name"": {""from"": ""Ketevan Kariauli"", ""to"": ""Ketevani Kariauli""}}, ""target_result"": {""event_name"": ""DTB Pokal Team Challenge"", ""year"": 2026, ""athlete_name"": ""Ketevani Kariauli"", ""country"": ""GEO"", ""discipline"": ""WAG"", ""category"": ""junior"", ""apparatus"": ""BB"", ""vt_attempt"": null, ""day"": null, ""format"": ""individual"", ""round"": ""final"", ""score"": 8.8, ""D_score"": null, ""vault_attempt_order_uncertain"": false, ""source_sheet"": ""WAG"", ""source_row"": 3592, ""target_id"": ""target_fd601b0100a8442f""}}]"
orphan_918a1f980ed91945,possible_athlete_name_typo,review,Possible athlete-name typo between the D sheet and the score sheet.,WAG D,3514,DTB Pokal Team Challenge,2026,Ketevan Kariauli,GEO,WAG,junior,FX,,,individual,final,4.1,False,1,suggestion_ec6cd42f4f0791ae,athlete_name_correction,0.97,D-score athlete 'Ketevan Kariauli' probably matches score-sheet athlete 'Ketevani Kariauli'.,DTB Pokal Team Challenge,2026,Ketevani Kariauli,GEO,WAG,junior,FX,,,individual,final,9.2,,WAG,3592,"[{""suggestion_id"": ""suggestion_ec6cd42f4f0791ae"", ""suggestion_type"": ""athlete_name_correction"", ""confidence"": 0.97, ""message"": ""D-score athlete 'Ketevan Kariauli' probably matches score-sheet athlete 'Ketevani Kariauli'."", ""action"": ""attach_d_score_to_target_result"", ""changes"": {""athlete_name"": {""from"": ""Ketevan Kariauli"", ""to"": ""Ketevani Kariauli""}}, ""target_result"": {""event_name"": ""DTB Pokal Team Challenge"", ""year"": 2026, ""athlete_name"": ""Ketevani Kariauli"", ""country"": ""GEO"", ""discipline"": ""WAG"", ""category"": ""junior"", ""apparatus"": ""FX"", ""vt_attempt"": null, ""day"": null, ""format"": ""individual"", ""round"": ""final"", ""score"": 9.2, ""D_score"": null, ""vault_attempt_order_uncertain"": false, ""source_sheet"": ""WAG"", ""source_row"": 3592, ""target_id"": ""target_1ce8ed891332f472""}}]"
orphan_10ff60ba3ead9efd,possible_athlete_name_typo,review,Possible athlete-name typo between the D sheet and the score sheet.,WAG D,3514,DTB Pokal Team Challenge,2026,Ketevan Kariauli,GEO,WAG,junior,UB,,,individual,final,2.1,False,1,suggestion_6b1f44265b7def29,athlete_name_correction,0.97,D-score athlete 'Ketevan Kariauli' probably matches score-sheet athlete 'Ketevani Kariauli'.,DTB Pokal Team Challenge,2026,Ketevani Kariauli,GEO,WAG,junior,UB,,,individual,final,7.9,,WAG,3592,"[{""suggestion_id"": ""suggestion_6b1f44265b7def29"", ""suggestion_type"": ""athlete_name_correction"", ""confidence"": 0.97, ""message"": ""D-score athlete 'Ketevan Kariauli' probably matches score-sheet athlete 'Ketevani Kariauli'."", ""action"": ""attach_d_score_to_target_result"", ""changes"": {""athlete_name"": {""from"": ""Ketevan Kariauli"", ""to"": ""Ketevani Kariauli""}}, ""target_result"": {""event_name"": ""DTB Pokal Team Challenge"", ""year"": 2026, ""athlete_name"": ""Ketevani Kariauli"", ""country"": ""GEO"", ""discipline"": ""WAG"", ""category"": ""junior"", ""apparatus"": ""UB"", ""vt_attempt"": null, ""day"": null, ""format"": ""individual"", ""round"": ""final"", ""score"": 7.9, ""D_score"": null, ""vault_attempt_order_uncertain"": false, ""source_sheet"": ""WAG"", ""source_row"": 3592, ""target_id"": ""target_8c52ef0610af3311""}}]"
orphan_42ec6a154dbd1872,possible_athlete_name_typo,review,Possible athlete-name typo between the D sheet and the score sheet.,WAG D,3514,DTB Pokal Team Challenge,2026,Ketevan Kariauli,GEO,WAG,junior,VT,1,,individual,final,3.8,True,1,suggestion_e4fe83a4202a6285,athlete_name_correction,0.97,D-score athlete 'Ketevan Kariauli' probably matches score-sheet athlete 'Ketevani Kariauli'.,DTB Pokal Team Challenge,2026,Ketevani Kariauli,GEO,WAG,junior,VT,1,,individual,final,12.233,,WAG,3592,"[{""suggestion_id"": ""suggestion_e4fe83a4202a6285"", ""suggestion_type"": ""athlete_name_correction"", ""confidence"": 0.97, ""message"": ""D-score athlete 'Ketevan Kariauli' probably matches score-sheet athlete 'Ketevani Kariauli'."", ""action"": ""attach_d_score_to_target_result"", ""changes"": {""athlete_name"": {""from"": ""Ketevan Kariauli"", ""to"": ""Ketevani Kariauli""}}, ""target_result"": {""event_name"": ""DTB Pokal Team Challenge"", ""year"": 2026, ""athlete_name"": ""Ketevani Kariauli"", ""country"": ""GEO"", ""discipline"": ""WAG"", ""category"": ""junior"", ""apparatus"": ""VT"", ""vt_attempt"": 1, ""day"": null, ""format"": ""individual"", ""round"": ""final"", ""score"": 12.233, ""D_score"": null, ""vault_attempt_order_uncertain"": true, ""source_sheet"": ""WAG"", ""source_row"": 3592, ""target_id"": ""target_0402b6480a624f95""}}]"
orphan_a85b19b84f57152d,possible_context_mismatch,review,"Possible format, round, or day mismatch.",WAG D,3515,Luxembourg Open,2026,Ketevani Kariauli,GEO,WAG,junior,VT,1,,apparatus,final,3.8,True,1,suggestion_3a9baa50b8fd580b,context_correction,0.65,"Same athlete/event/apparatus exists in the score sheet, but format, round, or day is different.",Luxembourg Open,2026,Ketevani Kariauli,GEO,WAG,junior,VT,1,,individual,final,11.4,3.8,WAG,3591,"[{""suggestion_id"": ""suggestion_3a9baa50b8fd580b"", ""suggestion_type"": ""context_correction"", ""confidence"": 0.65, ""message"": ""Same athlete/event/apparatus exists in the score sheet, but format, round, or day is different."", ""action"": ""attach_d_score_to_target_result"", ""changes"": {""format"": {""from"": ""apparatus"", ""to"": ""individual""}, ""round"": {""from"": ""final"", ""to"": ""final""}, ""day"": {""from"": null, ""to"": null}}, ""target_result"": {""event_name"": ""Luxembourg Open"", ""year"": 2026, ""athlete_name"": ""Ketevani Kariauli"", ""country"": ""GEO"", ""discipline"": ""WAG"", ""category"": ""junior"", ""apparatus"": ""VT"", ""vt_attempt"": 1, ""day"": null, ""format"": ""individual"", ""round"": ""final"", ""score"": 11.4, ""D_score"": 3.8, ""vault_attempt_order_uncertain"": true, ""source_sheet"": ""WAG"", ""source_row"": 3591, ""target_id"": ""target_e0cb7bd4645a6e52""}}]"
orphan_c00ba2eb31f124e5,possible_context_mismatch,review,"Possible format, round, or day mismatch.",WAG D,3515,Luxembourg Open,2026,Ketevani Kariauli,GEO,WAG,junior,VT,2,,apparatus,final,3.6,True,1,suggestion_c20d6757582194bb,context_correction,0.65,"Same athlete/event/apparatus exists in the score sheet, but format, round, or day is different.",Luxembourg Open,2026,Ketevani Kariauli,GEO,WAG,junior,VT,2,,individual,final,,3.6,WAG,3591,"[{""suggestion_id"": ""suggestion_c20d6757582194bb"", ""suggestion_type"": ""context_correction"", ""confidence"": 0.65, ""message"": ""Same athlete/event/apparatus exists in the score sheet, but format, round, or day is different."", ""action"": ""attach_d_score_to_target_result"", ""changes"": {""format"": {""from"": ""apparatus"", ""to"": ""individual""}, ""round"": {""from"": ""final"", ""to"": ""final""}, ""day"": {""from"": null, ""to"": null}}, ""target_result"": {""event_name"": ""Luxembourg Open"", ""year"": 2026, ""athlete_name"": ""Ketevani Kariauli"", ""country"": ""GEO"", ""discipline"": ""WAG"", ""category"": ""junior"", ""apparatus"": ""VT"", ""vt_attempt"": 2, ""day"": null, ""format"": ""individual"", ""round"": ""final"", ""score"": null, ""D_score"": 3.6, ""vault_attempt_order_uncertain"": true, ""source_sheet"": ""WAG"", ""source_row"": 3591, ""target_id"": ""target_5f6072c340926642""}}]"
orphan_2ba83c0c6a64f4d2,possible_context_mismatch,review,"Possible format, round, or day mismatch.",WAG D,3738,Austrian Championships,2026,Larissa Szanwald,AUT,WAG,junior,VT,1,,apparatus,final,3.8,True,1,suggestion_0a2de05c824623d3,context_correction,0.65,"Same athlete/event/apparatus exists in the score sheet, but format, round, or day is different.",Austrian Championships,2026,Larissa Szanwald,AUT,WAG,junior,VT,1,,individual,final,12.7,3.8,WAG,3817,"[{""suggestion_id"": ""suggestion_0a2de05c824623d3"", ""suggestion_type"": ""context_correction"", ""confidence"": 0.65, ""message"": ""Same athlete/event/apparatus exists in the score sheet, but format, round, or day is different."", ""action"": ""attach_d_score_to_target_result"", ""changes"": {""format"": {""from"": ""apparatus"", ""to"": ""individual""}, ""round"": {""from"": ""final"", ""to"": ""final""}, ""day"": {""from"": null, ""to"": null}}, ""target_result"": {""event_name"": ""Austrian Championships"", ""year"": 2026, ""athlete_name"": ""Larissa Szanwald"", ""country"": ""AUT"", ""discipline"": ""WAG"", ""category"": ""junior"", ""apparatus"": ""VT"", ""vt_attempt"": 1, ""day"": null, ""format"": ""individual"", ""round"": ""final"", ""score"": 12.7, ""D_score"": 3.8, ""vault_attempt_order_uncertain"": true, ""source_sheet"": ""WAG"", ""source_row"": 3817, ""target_id"": ""target_e553cda33d177a27""}}]"
orphan_fb342a0ce7d882d8,possible_context_mismatch,review,"Possible format, round, or day mismatch.",WAG D,3738,Austrian Championships,2026,Larissa Szanwald,AUT,WAG,junior,VT,2,,apparatus,final,3.6,True,1,suggestion_1b7b639a24550005,context_correction,0.65,"Same athlete/event/apparatus exists in the score sheet, but format, round, or day is different.",Austrian Championships,2026,Larissa Szanwald,AUT,WAG,junior,VT,2,,individual,final,,3.6,WAG,3817,"[{""suggestion_id"": ""suggestion_1b7b639a24550005"", ""suggestion_type"": ""context_correction"", ""confidence"": 0.65, ""message"": ""Same athlete/event/apparatus exists in the score sheet, but format, round, or day is different."", ""action"": ""attach_d_score_to_target_result"", ""changes"": {""format"": {""from"": ""apparatus"", ""to"": ""individual""}, ""round"": {""from"": ""final"", ""to"": ""final""}, ""day"": {""from"": null, ""to"": null}}, ""target_result"": {""event_name"": ""Austrian Championships"", ""year"": 2026, ""athlete_name"": ""Larissa Szanwald"", ""country"": ""AUT"", ""discipline"": ""WAG"", ""category"": ""junior"", ""apparatus"": ""VT"", ""vt_attempt"": 2, ""day"": null, ""format"": ""individual"", ""round"": ""final"", ""score"": null, ""D_score"": 3.6, ""vault_attempt_order_uncertain"": true, ""source_sheet"": ""WAG"", ""source_row"": 3817, ""target_id"": ""target_61cfbf6ed97e3ddd""}}]"
orphan_415259c9b7748ec8,possible_context_mismatch,review,"Possible format, round, or day mismatch.",WAG D,3770,Salamunov Memorial,2026,Lauren Kelly,IRL,WAG,junior,VT,2,,individual,final,3.2,True,1,suggestion_058e4c571eb71be1,context_correction,0.65,"Same athlete/event/apparatus exists in the score sheet, but format, round, or day is different.",Salamunov Memorial,2026,Lauren Kelly,IRL,WAG,junior,VT,2,,apparatus,final,,3.0,WAG,3854,"[{""suggestion_id"": ""suggestion_058e4c571eb71be1"", ""suggestion_type"": ""context_correction"", ""confidence"": 0.65, ""message"": ""Same athlete/event/apparatus exists in the score sheet, but format, round, or day is different."", ""action"": ""attach_d_score_to_target_result"", ""changes"": {""format"": {""from"": ""individual"", ""to"": ""apparatus""}, ""round"": {""from"": ""final"", ""to"": ""final""}, ""day"": {""from"": null, ""to"": null}}, ""target_result"": {""event_name"": ""Salamunov Memorial"", ""year"": 2026, ""athlete_name"": ""Lauren Kelly"", ""country"": ""IRL"", ""discipline"": ""WAG"", ""category"": ""junior"", ""apparatus"": ""VT"", ""vt_attempt"": 2, ""day"": null, ""format"": ""apparatus"", ""round"": ""final"", ""score"": null, ""D_score"": 3.0, ""vault_attempt_order_uncertain"": true, ""source_sheet"": ""WAG"", ""source_row"": 3854, ""target_id"": ""target_9c1a4279b556bc7a""}}]"
orphan_1023bf78d2dbe38b,possible_context_mismatch,review,"Possible format, round, or day mismatch.",WAG D,3857,Austrian Championships,2026,Leni Bohle,AUT,WAG,senior,VT,1,,apparatus,final,4.2,True,1,suggestion_4b809352c8b491b3,context_correction,0.65,"Same athlete/event/apparatus exists in the score sheet, but format, round, or day is different.",Austrian Championships,2026,Leni Bohle,AUT,WAG,senior,VT,1,,individual,final,13.45,4.2,WAG,3936,"[{""suggestion_id"": ""suggestion_4b809352c8b491b3"", ""suggestion_type"": ""context_correction"", ""confidence"": 0.65, ""message"": ""Same athlete/event/apparatus exists in the score sheet, but format, round, or day is different."", ""action"": ""attach_d_score_to_target_result"", ""changes"": {""format"": {""from"": ""apparatus"", ""to"": ""individual""}, ""round"": {""from"": ""final"", ""to"": ""final""}, ""day"": {""from"": null, ""to"": null}}, ""target_result"": {""event_name"": ""Austrian Championships"", ""year"": 2026, ""athlete_name"": ""Leni Bohle"", ""country"": ""AUT"", ""discipline"": ""WAG"", ""category"": ""senior"", ""apparatus"": ""VT"", ""vt_attempt"": 1, ""day"": null, ""format"": ""individual"", ""round"": ""final"", ""score"": 13.45, ""D_score"": 4.2, ""vault_attempt_order_uncertain"": true, ""source_sheet"": ""WAG"", ""source_row"": 3936, ""target_id"": ""target_00e7d81ad295d39a""}}]"
orphan_907ae99c9835bbb9,possible_context_mismatch,review,"Possible format, round, or day mismatch.",WAG D,3857,Austrian Championships,2026,Leni Bohle,AUT,WAG,senior,VT,2,,apparatus,final,3.6,True,1,suggestion_701c852e308859f5,context_correction,0.65,"Same athlete/event/apparatus exists in the score sheet, but format, round, or day is different.",Austrian Championships,2026,Leni Bohle,AUT,WAG,senior,VT,2,,individual,final,,3.6,WAG,3936,"[{""suggestion_id"": ""suggestion_701c852e308859f5"", ""suggestion_type"": ""context_correction"", ""confidence"": 0.65, ""message"": ""Same athlete/event/apparatus exists in the score sheet, but format, round, or day is different."", ""action"": ""attach_d_score_to_target_result"", ""changes"": {""format"": {""from"": ""apparatus"", ""to"": ""individual""}, ""round"": {""from"": ""final"", ""to"": ""final""}, ""day"": {""from"": null, ""to"": null}}, ""target_result"": {""event_name"": ""Austrian Championships"", ""year"": 2026, ""athlete_name"": ""Leni Bohle"", ""country"": ""AUT"", ""discipline"": ""WAG"", ""category"": ""senior"", ""apparatus"": ""VT"", ""vt_attempt"": 2, ""day"": null, ""format"": ""individual"", ""round"": ""final"", ""score"": null, ""D_score"": 3.6, ""vault_attempt_order_uncertain"": true, ""source_sheet"": ""WAG"", ""source_row"": 3936, ""target_id"": ""target_201f9858713e729f""}}]"
orphan_0fb95803685eb6a3,possible_context_mismatch,review,"Possible format, round, or day mismatch.",WAG D,3988,Welsh Championships,2026,Liliana Orhan,GBR,WAG,junior,VT,2,,individual,final,2.0,True,1,suggestion_5e51c5ae457d0d5f,context_correction,0.65,"Same athlete/event/apparatus exists in the score sheet, but format, round, or day is different.",Welsh Championships,2026,Liliana Orhan,GBR,WAG,junior,VT,2,,apparatus,final,,2.0,WAG,4077,"[{""suggestion_id"": ""suggestion_5e51c5ae457d0d5f"", ""suggestion_type"": ""context_correction"", ""confidence"": 0.65, ""message"": ""Same athlete/event/apparatus exists in the score sheet, but format, round, or day is different."", ""action"": ""attach_d_score_to_target_result"", ""changes"": {""format"": {""from"": ""individual"", ""to"": ""apparatus""}, ""round"": {""from"": ""final"", ""to"": ""final""}, ""day"": {""from"": null, ""to"": null}}, ""target_result"": {""event_name"": ""Welsh Championships"", ""year"": 2026, ""athlete_name"": ""Liliana Orhan"", ""country"": ""GBR"", ""discipline"": ""WAG"", ""category"": ""junior"", ""apparatus"": ""VT"", ""vt_attempt"": 2, ""day"": null, ""format"": ""apparatus"", ""round"": ""final"", ""score"": null, ""D_score"": 2.0, ""vault_attempt_order_uncertain"": true, ""source_sheet"": ""WAG"", ""source_row"": 4077, ""target_id"": ""target_a6f3b767af0ae3b4""}}]"
orphan_00435c0c6e9b5f9b,possible_context_mismatch,review,"Possible format, round, or day mismatch.",WAG D,4021,Salamunov Memorial,2026,Lilou Gustin,BEL,WAG,junior,VT,2,,individual,final,3.2,True,1,suggestion_c7cc5528d8ccca4c,context_correction,0.65,"Same athlete/event/apparatus exists in the score sheet, but format, round, or day is different.",Salamunov Memorial,2026,Lilou Gustin,BEL,WAG,junior,VT,2,,apparatus,final,,3.2,WAG,4109,"[{""suggestion_id"": ""suggestion_c7cc5528d8ccca4c"", ""suggestion_type"": ""context_correction"", ""confidence"": 0.65, ""message"": ""Same athlete/event/apparatus exists in the score sheet, but format, round, or day is different."", ""action"": ""attach_d_score_to_target_result"", ""changes"": {""format"": {""from"": ""individual"", ""to"": ""apparatus""}, ""round"": {""from"": ""final"", ""to"": ""final""}, ""day"": {""from"": null, ""to"": null}}, ""target_result"": {""event_name"": ""Salamunov Memorial"", ""year"": 2026, ""athlete_name"": ""Lilou Gustin"", ""country"": ""BEL"", ""discipline"": ""WAG"", ""category"": ""junior"", ""apparatus"": ""VT"", ""vt_attempt"": 2, ""day"": null, ""format"": ""apparatus"", ""round"": ""final"", ""score"": null, ""D_score"": 3.2, ""vault_attempt_order_uncertain"": true, ""source_sheet"": ""WAG"", ""source_row"": 4109, ""target_id"": ""target_60c0e701927ac997""}}]"
orphan_0fc57f7580dbc446,possible_context_mismatch,review,"Possible format, round, or day mismatch.",WAG D,4027,City of Jesolo Trophy,2026,Lilou Marliac,FRA,WAG,junior,VT,1,,apparatus,final,4.4,True,1,suggestion_6e258335336b7ca0,context_correction,0.65,"Same athlete/event/apparatus exists in the score sheet, but format, round, or day is different.",City of Jesolo Trophy,2026,Lilou Marliac,FRA,WAG,junior,VT,1,,individual,final,13.2,4.4,WAG,4111,"[{""suggestion_id"": ""suggestion_6e258335336b7ca0"", ""suggestion_type"": ""context_correction"", ""confidence"": 0.65, ""message"": ""Same athlete/event/apparatus exists in the score sheet, but format, round, or day is different."", ""action"": ""attach_d_score_to_target_result"", ""changes"": {""format"": {""from"": ""apparatus"", ""to"": ""individual""}, ""round"": {""from"": ""final"", ""to"": ""final""}, ""day"": {""from"": null, ""to"": null}}, ""target_result"": {""event_name"": ""City of Jesolo Trophy"", ""year"": 2026, ""athlete_name"": ""Lilou Marliac"", ""country"": ""FRA"", ""discipline"": ""WAG"", ""category"": ""junior"", ""apparatus"": ""VT"", ""vt_attempt"": 1, ""day"": null, ""format"": ""individual"", ""round"": ""final"", ""score"": 13.2, ""D_score"": 4.4, ""vault_attempt_order_uncertain"": true, ""source_sheet"": ""WAG"", ""source_row"": 4111, ""target_id"": ""target_4930bfb8a79b3391""}}]"
orphan_aa59b5a30d216130,possible_context_mismatch,review,"Possible format, round, or day mismatch.",WAG D,4027,City of Jesolo Trophy,2026,Lilou Marliac,FRA,WAG,junior,VT,2,,apparatus,final,4.0,True,1,suggestion_5d22d5fbbdda7b4a,context_correction,0.65,"Same athlete/event/apparatus exists in the score sheet, but format, round, or day is different.",City of Jesolo Trophy,2026,Lilou Marliac,FRA,WAG,junior,VT,2,,individual,final,,4.0,WAG,4111,"[{""suggestion_id"": ""suggestion_5d22d5fbbdda7b4a"", ""suggestion_type"": ""context_correction"", ""confidence"": 0.65, ""message"": ""Same athlete/event/apparatus exists in the score sheet, but format, round, or day is different."", ""action"": ""attach_d_score_to_target_result"", ""changes"": {""format"": {""from"": ""apparatus"", ""to"": ""individual""}, ""round"": {""from"": ""final"", ""to"": ""final""}, ""day"": {""from"": null, ""to"": null}}, ""target_result"": {""event_name"": ""City of Jesolo Trophy"", ""year"": 2026, ""athlete_name"": ""Lilou Marliac"", ""country"": ""FRA"", ""discipline"": ""WAG"", ""category"": ""junior"", ""apparatus"": ""VT"", ""vt_attempt"": 2, ""day"": null, ""format"": ""individual"", ""round"": ""final"", ""score"": null, ""D_score"": 4.0, ""vault_attempt_order_uncertain"": true, ""source_sheet"": ""WAG"", ""source_row"": 4111, ""target_id"": ""target_a2db924f9e033bfd""}}]"
orphan_d0fd039108df4c52,possible_context_mismatch,review,"Possible format, round, or day mismatch.",WAG D,4090,Luxembourg Open,2026,Lize de Haan,NED,WAG,junior,VT,1,,apparatus,final,3.2,True,1,suggestion_1612f656c316370a,context_correction,0.65,"Same athlete/event/apparatus exists in the score sheet, but format, round, or day is different.",Luxembourg Open,2026,Lize de Haan,NED,WAG,junior,VT,1,,individual,final,11.65,3.2,WAG,4181,"[{""suggestion_id"": ""suggestion_1612f656c316370a"", ""suggestion_type"": ""context_correction"", ""confidence"": 0.65, ""message"": ""Same athlete/event/apparatus exists in the score sheet, but format, round, or day is different."", ""action"": ""attach_d_score_to_target_result"", ""changes"": {""format"": {""from"": ""apparatus"", ""to"": ""individual""}, ""round"": {""from"": ""final"", ""to"": ""final""}, ""day"": {""from"": null, ""to"": null}}, ""target_result"": {""event_name"": ""Luxembourg Open"", ""year"": 2026, ""athlete_name"": ""Lize de Haan"", ""country"": ""NED"", ""discipline"": ""WAG"", ""category"": ""junior"", ""apparatus"": ""VT"", ""vt_attempt"": 1, ""day"": null, ""format"": ""individual"", ""round"": ""final"", ""score"": 11.65, ""D_score"": 3.2, ""vault_attempt_order_uncertain"": true, ""source_sheet"": ""WAG"", ""source_row"": 4181, ""target_id"": ""target_1f9b615c5aeb2b93""}}]"
orphan_5c8a060718388440,possible_context_mismatch,review,"Possible format, round, or day mismatch.",WAG D,4090,Luxembourg Open,2026,Lize de Haan,NED,WAG,junior,VT,2,,apparatus,final,3.0,True,1,suggestion_3c5de2e76687e520,context_correction,0.65,"Same athlete/event/apparatus exists in the score sheet, but format, round, or day is different.",Luxembourg Open,2026,Lize de Haan,NED,WAG,junior,VT,2,,individual,final,,3.0,WAG,4181,"[{""suggestion_id"": ""suggestion_3c5de2e76687e520"", ""suggestion_type"": ""context_correction"", ""confidence"": 0.65, ""message"": ""Same athlete/event/apparatus exists in the score sheet, but format, round, or day is different."", ""action"": ""attach_d_score_to_target_result"", ""changes"": {""format"": {""from"": ""apparatus"", ""to"": ""individual""}, ""round"": {""from"": ""final"", ""to"": ""final""}, ""day"": {""from"": null, ""to"": null}}, ""target_result"": {""event_name"": ""Luxembourg Open"", ""year"": 2026, ""athlete_name"": ""Lize de Haan"", ""country"": ""NED"", ""discipline"": ""WAG"", ""category"": ""junior"", ""apparatus"": ""VT"", ""vt_attempt"": 2, ""day"": null, ""format"": ""individual"", ""round"": ""final"", ""score"": null, ""D_score"": 3.0, ""vault_attempt_order_uncertain"": true, ""source_sheet"": ""WAG"", ""source_row"": 4181, ""target_id"": ""target_f075aa5db63c8d26""}}]"
orphan_e319c5dba17895f1,possible_context_mismatch,review,"Possible format, round, or day mismatch.",WAG D,4154,City of Jesolo Trophy,2026,Louane Plisson,FRA,WAG,junior,VT,1,,apparatus,final,4.2,True,1,suggestion_b663f91711099b80,context_correction,0.65,"Same athlete/event/apparatus exists in the score sheet, but format, round, or day is different.",City of Jesolo Trophy,2026,Louane Plisson,FRA,WAG,junior,VT,1,,individual,final,13.167,4.2,WAG,4251,"[{""suggestion_id"": ""suggestion_b663f91711099b80"", ""suggestion_type"": ""context_correction"", ""confidence"": 0.65, ""message"": ""Same athlete/event/apparatus exists in the score sheet, but format, round, or day is different."", ""action"": ""attach_d_score_to_target_result"", ""changes"": {""format"": {""from"": ""apparatus"", ""to"": ""individual""}, ""round"": {""from"": ""final"", ""to"": ""final""}, ""day"": {""from"": null, ""to"": null}}, ""target_result"": {""event_name"": ""City of Jesolo Trophy"", ""year"": 2026, ""athlete_name"": ""Louane Plisson"", ""country"": ""FRA"", ""discipline"": ""WAG"", ""category"": ""junior"", ""apparatus"": ""VT"", ""vt_attempt"": 1, ""day"": null, ""format"": ""individual"", ""round"": ""final"", ""score"": 13.167, ""D_score"": 4.2, ""vault_attempt_order_uncertain"": true, ""source_sheet"": ""WAG"", ""source_row"": 4251, ""target_id"": ""target_c8fc2572184bf594""}}]"
orphan_c65cdd0b7fdb9354,possible_context_mismatch,review,"Possible format, round, or day mismatch.",WAG D,4154,City of Jesolo Trophy,2026,Louane Plisson,FRA,WAG,junior,VT,2,,apparatus,final,3.6,True,1,suggestion_4e08962e9463539f,context_correction,0.65,"Same athlete/event/apparatus exists in the score sheet, but format, round, or day is different.",City of Jesolo Trophy,2026,Louane Plisson,FRA,WAG,junior,VT,2,,individual,final,,3.6,WAG,4251,"[{""suggestion_id"": ""suggestion_4e08962e9463539f"", ""suggestion_type"": ""context_correction"", ""confidence"": 0.65, ""message"": ""Same athlete/event/apparatus exists in the score sheet, but format, round, or day is different."", ""action"": ""attach_d_score_to_target_result"", ""changes"": {""format"": {""from"": ""apparatus"", ""to"": ""individual""}, ""round"": {""from"": ""final"", ""to"": ""final""}, ""day"": {""from"": null, ""to"": null}}, ""target_result"": {""event_name"": ""City of Jesolo Trophy"", ""year"": 2026, ""athlete_name"": ""Louane Plisson"", ""country"": ""FRA"", ""discipline"": ""WAG"", ""category"": ""junior"", ""apparatus"": ""VT"", ""vt_attempt"": 2, ""day"": null, ""format"": ""individual"", ""round"": ""final"", ""score"": null, ""D_score"": 3.6, ""vault_attempt_order_uncertain"": true, ""source_sheet"": ""WAG"", ""source_row"": 4251, ""target_id"": ""target_5ed425792af0988e""}}]"
orphan_0f23964e4b54b0f2,possible_context_mismatch,review,"Possible format, round, or day mismatch.",WAG D,4338,Luxembourg Open,2026,Maeve McGuinness,IRL,WAG,senior,VT,1,,apparatus,final,4.2,True,1,suggestion_a8fdc8565669d5ef,context_correction,0.65,"Same athlete/event/apparatus exists in the score sheet, but format, round, or day is different.",Luxembourg Open,2026,Maeve McGuinness,IRL,WAG,senior,VT,1,,individual,final,12.95,4.2,WAG,4442,"[{""suggestion_id"": ""suggestion_a8fdc8565669d5ef"", ""suggestion_type"": ""context_correction"", ""confidence"": 0.65, ""message"": ""Same athlete/event/apparatus exists in the score sheet, but format, round, or day is different."", ""action"": ""attach_d_score_to_target_result"", ""changes"": {""format"": {""from"": ""apparatus"", ""to"": ""individual""}, ""round"": {""from"": ""final"", ""to"": ""final""}, ""day"": {""from"": null, ""to"": null}}, ""target_result"": {""event_name"": ""Luxembourg Open"", ""year"": 2026, ""athlete_name"": ""Maeve McGuinness"", ""country"": ""IRL"", ""discipline"": ""WAG"", ""category"": ""senior"", ""apparatus"": ""VT"", ""vt_attempt"": 1, ""day"": null, ""format"": ""individual"", ""round"": ""final"", ""score"": 12.95, ""D_score"": 4.2, ""vault_attempt_order_uncertain"": true, ""source_sheet"": ""WAG"", ""source_row"": 4442, ""target_id"": ""target_39081c6d8412f3a3""}}]"
orphan_cd1d71c16dc2ce6b,possible_context_mismatch,review,"Possible format, round, or day mismatch.",WAG D,4338,Luxembourg Open,2026,Maeve McGuinness,IRL,WAG,senior,VT,2,,apparatus,final,3.6,True,1,suggestion_de0dcabbe55d12ea,context_correction,0.65,"Same athlete/event/apparatus exists in the score sheet, but format, round, or day is different.",Luxembourg Open,2026,Maeve McGuinness,IRL,WAG,senior,VT,2,,individual,final,,3.6,WAG,4442,"[{""suggestion_id"": ""suggestion_de0dcabbe55d12ea"", ""suggestion_type"": ""context_correction"", ""confidence"": 0.65, ""message"": ""Same athlete/event/apparatus exists in the score sheet, but format, round, or day is different."", ""action"": ""attach_d_score_to_target_result"", ""changes"": {""format"": {""from"": ""apparatus"", ""to"": ""individual""}, ""round"": {""from"": ""final"", ""to"": ""final""}, ""day"": {""from"": null, ""to"": null}}, ""target_result"": {""event_name"": ""Luxembourg Open"", ""year"": 2026, ""athlete_name"": ""Maeve McGuinness"", ""country"": ""IRL"", ""discipline"": ""WAG"", ""category"": ""senior"", ""apparatus"": ""VT"", ""vt_attempt"": 2, ""day"": null, ""format"": ""individual"", ""round"": ""final"", ""score"": null, ""D_score"": 3.6, ""vault_attempt_order_uncertain"": true, ""source_sheet"": ""WAG"", ""source_row"": 4442, ""target_id"": ""target_253b4b0fbd62d370""}}]"
orphan_e264d27ab8f17ba1,missing_final_score_for_context,review,"The athlete/event exists, but not this apparatus/context.",WAG D,4387,Salamunov Memorial,2026,Maja Engelsman,AUT,WAG,junior,VT,2,,individual,final,3.2,True,0,,,,,,,,,,,,,,,,,,,,[]
orphan_ec10d78ab39d7a39,possible_context_mismatch,review,"Possible format, round, or day mismatch.",WAG D,4606,Luxembourg Open,2026,Maria Torres,POR,WAG,junior,VT,1,,apparatus,final,3.4,True,1,suggestion_f9920072e0e91967,context_correction,0.65,"Same athlete/event/apparatus exists in the score sheet, but format, round, or day is different.",Luxembourg Open,2026,Maria Torres,POR,WAG,junior,VT,1,,individual,final,11.75,3.4,WAG,4711,"[{""suggestion_id"": ""suggestion_f9920072e0e91967"", ""suggestion_type"": ""context_correction"", ""confidence"": 0.65, ""message"": ""Same athlete/event/apparatus exists in the score sheet, but format, round, or day is different."", ""action"": ""attach_d_score_to_target_result"", ""changes"": {""format"": {""from"": ""apparatus"", ""to"": ""individual""}, ""round"": {""from"": ""final"", ""to"": ""final""}, ""day"": {""from"": null, ""to"": null}}, ""target_result"": {""event_name"": ""Luxembourg Open"", ""year"": 2026, ""athlete_name"": ""Maria Torres"", ""country"": ""POR"", ""discipline"": ""WAG"", ""category"": ""junior"", ""apparatus"": ""VT"", ""vt_attempt"": 1, ""day"": null, ""format"": ""individual"", ""round"": ""final"", ""score"": 11.75, ""D_score"": 3.4, ""vault_attempt_order_uncertain"": true, ""source_sheet"": ""WAG"", ""source_row"": 4711, ""target_id"": ""target_70f00e0be6f954fb""}}]"
orphan_7acb69177e9b058b,possible_context_mismatch,review,"Possible format, round, or day mismatch.",WAG D,4606,Luxembourg Open,2026,Maria Torres,POR,WAG,junior,VT,2,,apparatus,final,3.2,True,1,suggestion_f015cde232c7941e,context_correction,0.65,"Same athlete/event/apparatus exists in the score sheet, but format, round, or day is different.",Luxembourg Open,2026,Maria Torres,POR,WAG,junior,VT,2,,individual,final,,3.2,WAG,4711,"[{""suggestion_id"": ""suggestion_f015cde232c7941e"", ""suggestion_type"": ""context_correction"", ""confidence"": 0.65, ""message"": ""Same athlete/event/apparatus exists in the score sheet, but format, round, or day is different."", ""action"": ""attach_d_score_to_target_result"", ""changes"": {""format"": {""from"": ""apparatus"", ""to"": ""individual""}, ""round"": {""from"": ""final"", ""to"": ""final""}, ""day"": {""from"": null, ""to"": null}}, ""target_result"": {""event_name"": ""Luxembourg Open"", ""year"": 2026, ""athlete_name"": ""Maria Torres"", ""country"": ""POR"", ""discipline"": ""WAG"", ""category"": ""junior"", ""apparatus"": ""VT"", ""vt_attempt"": 2, ""day"": null, ""format"": ""individual"", ""round"": ""final"", ""score"": null, ""D_score"": 3.2, ""vault_attempt_order_uncertain"": true, ""source_sheet"": ""WAG"", ""source_row"": 4711, ""target_id"": ""target_cc327610bfeedc2a""}}]"
orphan_c1a3324e46aa09af,missing_final_score_for_context,review,"The athlete/event exists, but not this apparatus/context.",WAG D,4619,Colombian Championships,2026,Mariana Agudelo,COL,WAG,senior,BB,,,individual,final,1.3,False,0,,,,,,,,,,,,,,,,,,,,[]
orphan_f66e70e6d031188c,possible_context_mismatch,review,"Possible format, round, or day mismatch.",WAG D,4936,Luxembourg Open,2026,Mia Mainardi,ARG,WAG,senior,VT,1,,apparatus,final,4.2,True,1,suggestion_edb396d5381833e8,context_correction,0.65,"Same athlete/event/apparatus exists in the score sheet, but format, round, or day is different.",Luxembourg Open,2026,Mia Mainardi,ARG,WAG,senior,VT,1,,individual,final,12.8,4.2,WAG,5046,"[{""suggestion_id"": ""suggestion_edb396d5381833e8"", ""suggestion_type"": ""context_correction"", ""confidence"": 0.65, ""message"": ""Same athlete/event/apparatus exists in the score sheet, but format, round, or day is different."", ""action"": ""attach_d_score_to_target_result"", ""changes"": {""format"": {""from"": ""apparatus"", ""to"": ""individual""}, ""round"": {""from"": ""final"", ""to"": ""final""}, ""day"": {""from"": null, ""to"": null}}, ""target_result"": {""event_name"": ""Luxembourg Open"", ""year"": 2026, ""athlete_name"": ""Mia Mainardi"", ""country"": ""ARG"", ""discipline"": ""WAG"", ""category"": ""senior"", ""apparatus"": ""VT"", ""vt_attempt"": 1, ""day"": null, ""format"": ""individual"", ""round"": ""final"", ""score"": 12.8, ""D_score"": 4.2, ""vault_attempt_order_uncertain"": true, ""source_sheet"": ""WAG"", ""source_row"": 5046, ""target_id"": ""target_d5d1a0ded7c17be6""}}]"
orphan_cc64592dfe65aa65,athlete_missing_in_score_sheet,review,"The event/apparatus/context exists, but this athlete is missing in the score sheet.",WAG D,4941,English Championships,2026,Mia Quinton,GBR,WAG,junior,BB,,,individual,final,4.4,False,0,,,,,,,,,,,,,,,,,,,,[]
orphan_1e97f33b444cbae9,athlete_missing_in_score_sheet,review,"The event/apparatus/context exists, but this athlete is missing in the score sheet.",WAG D,4941,English Championships,2026,Mia Quinton,GBR,WAG,junior,FX,,,individual,final,4.3,False,0,,,,,,,,,,,,,,,,,,,,[]
orphan_cbddce0e630a8b92,athlete_missing_in_score_sheet,review,"The event/apparatus/context exists, but this athlete is missing in the score sheet.",WAG D,4941,English Championships,2026,Mia Quinton,GBR,WAG,junior,UB,,,individual,final,3.4,False,0,,,,,,,,,,,,,,,,,,,,[]
orphan_27502ecd331b688d,athlete_missing_in_score_sheet,review,"The event/apparatus/context exists, but this athlete is missing in the score sheet.",WAG D,4941,English Championships,2026,Mia Quinton,GBR,WAG,junior,VT,1,,individual,final,3.2,True,0,,,,,,,,,,,,,,,,,,,,[]
orphan_c5af82203cc307d0,athlete_missing_in_score_sheet,review,"The event/apparatus/context exists, but this athlete is missing in the score sheet.",WAG D,4941,English Championships,2026,Mia Quinton,GBR,WAG,junior,VT,2,,individual,final,3.0,True,0,,,,,,,,,,,,,,,,,,,,[]
orphan_fd8a9c7c515cd0ea,possible_context_mismatch,review,"Possible format, round, or day mismatch.",WAG D,5034,Luxembourg Open,2026,Mimi Moloney,IRL,WAG,senior,VT,1,,apparatus,final,4.2,True,1,suggestion_4e28ddbc6918a2a0,context_correction,0.65,"Same athlete/event/apparatus exists in the score sheet, but format, round, or day is different.",Luxembourg Open,2026,Mimi Moloney,IRL,WAG,senior,VT,1,,individual,final,12.75,4.2,WAG,5145,"[{""suggestion_id"": ""suggestion_4e28ddbc6918a2a0"", ""suggestion_type"": ""context_correction"", ""confidence"": 0.65, ""message"": ""Same athlete/event/apparatus exists in the score sheet, but format, round, or day is different."", ""action"": ""attach_d_score_to_target_result"", ""changes"": {""format"": {""from"": ""apparatus"", ""to"": ""individual""}, ""round"": {""from"": ""final"", ""to"": ""final""}, ""day"": {""from"": null, ""to"": null}}, ""target_result"": {""event_name"": ""Luxembourg Open"", ""year"": 2026, ""athlete_name"": ""Mimi Moloney"", ""country"": ""IRL"", ""discipline"": ""WAG"", ""category"": ""senior"", ""apparatus"": ""VT"", ""vt_attempt"": 1, ""day"": null, ""format"": ""individual"", ""round"": ""final"", ""score"": 12.75, ""D_score"": 4.2, ""vault_attempt_order_uncertain"": true, ""source_sheet"": ""WAG"", ""source_row"": 5145, ""target_id"": ""target_42e2d7f362a53ed4""}}]"
orphan_8772ee9c9eef96b2,possible_context_mismatch,review,"Possible format, round, or day mismatch.",WAG D,5034,Luxembourg Open,2026,Mimi Moloney,IRL,WAG,senior,VT,2,,apparatus,final,3.8,True,1,suggestion_ce3c86459492a9ad,context_correction,0.65,"Same athlete/event/apparatus exists in the score sheet, but format, round, or day is different.",Luxembourg Open,2026,Mimi Moloney,IRL,WAG,senior,VT,2,,individual,final,,3.8,WAG,5145,"[{""suggestion_id"": ""suggestion_ce3c86459492a9ad"", ""suggestion_type"": ""context_correction"", ""confidence"": 0.65, ""message"": ""Same athlete/event/apparatus exists in the score sheet, but format, round, or day is different."", ""action"": ""attach_d_score_to_target_result"", ""changes"": {""format"": {""from"": ""apparatus"", ""to"": ""individual""}, ""round"": {""from"": ""final"", ""to"": ""final""}, ""day"": {""from"": null, ""to"": null}}, ""target_result"": {""event_name"": ""Luxembourg Open"", ""year"": 2026, ""athlete_name"": ""Mimi Moloney"", ""country"": ""IRL"", ""discipline"": ""WAG"", ""category"": ""senior"", ""apparatus"": ""VT"", ""vt_attempt"": 2, ""day"": null, ""format"": ""individual"", ""round"": ""final"", ""score"": null, ""D_score"": 3.8, ""vault_attempt_order_uncertain"": true, ""source_sheet"": ""WAG"", ""source_row"": 5145, ""target_id"": ""target_0684d53148fea17a""}}]"
orphan_122bc5994e0394a9,possible_context_mismatch,review,"Possible format, round, or day mismatch.",WAG D,5347,Salamunov Memorial,2026,Ninon Fleres,BEL,WAG,junior,VT,2,,individual,final,3.2,True,1,suggestion_7f6046dbb5753fad,context_correction,0.65,"Same athlete/event/apparatus exists in the score sheet, but format, round, or day is different.",Salamunov Memorial,2026,Ninon Fleres,BEL,WAG,junior,VT,2,,apparatus,final,,3.2,WAG,5464,"[{""suggestion_id"": ""suggestion_7f6046dbb5753fad"", ""suggestion_type"": ""context_correction"", ""confidence"": 0.65, ""message"": ""Same athlete/event/apparatus exists in the score sheet, but format, round, or day is different."", ""action"": ""attach_d_score_to_target_result"", ""changes"": {""format"": {""from"": ""individual"", ""to"": ""apparatus""}, ""round"": {""from"": ""final"", ""to"": ""final""}, ""day"": {""from"": null, ""to"": null}}, ""target_result"": {""event_name"": ""Salamunov Memorial"", ""year"": 2026, ""athlete_name"": ""Ninon Fleres"", ""country"": ""BEL"", ""discipline"": ""WAG"", ""category"": ""junior"", ""apparatus"": ""VT"", ""vt_attempt"": 2, ""day"": null, ""format"": ""apparatus"", ""round"": ""final"", ""score"": null, ""D_score"": 3.2, ""vault_attempt_order_uncertain"": true, ""source_sheet"": ""WAG"", ""source_row"": 5464, ""target_id"": ""target_945ac9f81bb7a31b""}}]"
orphan_44447f74a69bcf6a,possible_context_mismatch,review,"Possible format, round, or day mismatch.",WAG D,5413,Luxembourg Open,2026,Nuria Emidio,POR,WAG,senior,VT,1,,apparatus,final,3.8,True,1,suggestion_b50882f35d0dd025,context_correction,0.65,"Same athlete/event/apparatus exists in the score sheet, but format, round, or day is different.",Luxembourg Open,2026,Nuria Emidio,POR,WAG,senior,VT,1,,individual,final,12.25,3.8,WAG,5531,"[{""suggestion_id"": ""suggestion_b50882f35d0dd025"", ""suggestion_type"": ""context_correction"", ""confidence"": 0.65, ""message"": ""Same athlete/event/apparatus exists in the score sheet, but format, round, or day is different."", ""action"": ""attach_d_score_to_target_result"", ""changes"": {""format"": {""from"": ""apparatus"", ""to"": ""individual""}, ""round"": {""from"": ""final"", ""to"": ""final""}, ""day"": {""from"": null, ""to"": null}}, ""target_result"": {""event_name"": ""Luxembourg Open"", ""year"": 2026, ""athlete_name"": ""Nuria Emidio"", ""country"": ""POR"", ""discipline"": ""WAG"", ""category"": ""senior"", ""apparatus"": ""VT"", ""vt_attempt"": 1, ""day"": null, ""format"": ""individual"", ""round"": ""final"", ""score"": 12.25, ""D_score"": 3.8, ""vault_attempt_order_uncertain"": true, ""source_sheet"": ""WAG"", ""source_row"": 5531, ""target_id"": ""target_223155b10fc7e4b9""}}]"
orphan_7d8c7ede0ab02436,possible_context_mismatch,review,"Possible format, round, or day mismatch.",WAG D,5413,Luxembourg Open,2026,Nuria Emidio,POR,WAG,senior,VT,2,,apparatus,final,3.8,True,1,suggestion_42d56282fe64159c,context_correction,0.65,"Same athlete/event/apparatus exists in the score sheet, but format, round, or day is different.",Luxembourg Open,2026,Nuria Emidio,POR,WAG,senior,VT,2,,individual,final,,3.8,WAG,5531,"[{""suggestion_id"": ""suggestion_42d56282fe64159c"", ""suggestion_type"": ""context_correction"", ""confidence"": 0.65, ""message"": ""Same athlete/event/apparatus exists in the score sheet, but format, round, or day is different."", ""action"": ""attach_d_score_to_target_result"", ""changes"": {""format"": {""from"": ""apparatus"", ""to"": ""individual""}, ""round"": {""from"": ""final"", ""to"": ""final""}, ""day"": {""from"": null, ""to"": null}}, ""target_result"": {""event_name"": ""Luxembourg Open"", ""year"": 2026, ""athlete_name"": ""Nuria Emidio"", ""country"": ""POR"", ""discipline"": ""WAG"", ""category"": ""senior"", ""apparatus"": ""VT"", ""vt_attempt"": 2, ""day"": null, ""format"": ""individual"", ""round"": ""final"", ""score"": null, ""D_score"": 3.8, ""vault_attempt_order_uncertain"": true, ""source_sheet"": ""WAG"", ""source_row"": 5531, ""target_id"": ""target_a2eae53507236202""}}]"
orphan_f22ba70c7a44cc23,possible_context_mismatch,review,"Possible format, round, or day mismatch.",WAG D,5466,Singapore Championships,2026,Olivia Eayrs,SGP,WAG,junior,VT,2,,individual,final,3.2,True,1,suggestion_07e0bee201095ba3,context_correction,0.65,"Same athlete/event/apparatus exists in the score sheet, but format, round, or day is different.",Singapore Championships,2026,Olivia Eayrs,SGP,WAG,junior,VT,2,,apparatus,final,,2.0,WAG,5587,"[{""suggestion_id"": ""suggestion_07e0bee201095ba3"", ""suggestion_type"": ""context_correction"", ""confidence"": 0.65, ""message"": ""Same athlete/event/apparatus exists in the score sheet, but format, round, or day is different."", ""action"": ""attach_d_score_to_target_result"", ""changes"": {""format"": {""from"": ""individual"", ""to"": ""apparatus""}, ""round"": {""from"": ""final"", ""to"": ""final""}, ""day"": {""from"": null, ""to"": null}}, ""target_result"": {""event_name"": ""Singapore Championships"", ""year"": 2026, ""athlete_name"": ""Olivia Eayrs"", ""country"": ""SGP"", ""discipline"": ""WAG"", ""category"": ""junior"", ""apparatus"": ""VT"", ""vt_attempt"": 2, ""day"": null, ""format"": ""apparatus"", ""round"": ""final"", ""score"": null, ""D_score"": 2.0, ""vault_attempt_order_uncertain"": true, ""source_sheet"": ""WAG"", ""source_row"": 5587, ""target_id"": ""target_8ad429fc07a7ccf5""}}]"
orphan_e3a3fd8eb2f697c0,missing_final_score_for_context,review,"The athlete/event exists, but not this apparatus/context.",WAG D,5496,Belgian Championships,2026,Ona Decorte,BEL,WAG,junior,BB,,,individual,final,2.8,False,0,,,,,,,,,,,,,,,,,,,,[]
orphan_3401dbac4713e819,missing_final_score_for_context,review,"The athlete/event exists, but not this apparatus/context.",WAG D,5809,Salamunov Memorial,2026,Roisin Hickey,IRL,WAG,junior,VT,2,,individual,final,3.0,True,0,,,,,,,,,,,,,,,,,,,,[]
orphan_e5b9078da19e570c,possible_context_mismatch,review,"Possible format, round, or day mismatch.",WAG D,6006,Salamunov Memorial,2026,Sara Pllana,KOS,WAG,junior,VT,2,,individual,final,3.2,True,1,suggestion_1ca3a3d568c224bc,context_correction,0.65,"Same athlete/event/apparatus exists in the score sheet, but format, round, or day is different.",Salamunov Memorial,2026,Sara Pllana,KOS,WAG,junior,VT,2,,apparatus,final,,3.2,WAG,6143,"[{""suggestion_id"": ""suggestion_1ca3a3d568c224bc"", ""suggestion_type"": ""context_correction"", ""confidence"": 0.65, ""message"": ""Same athlete/event/apparatus exists in the score sheet, but format, round, or day is different."", ""action"": ""attach_d_score_to_target_result"", ""changes"": {""format"": {""from"": ""individual"", ""to"": ""apparatus""}, ""round"": {""from"": ""final"", ""to"": ""final""}, ""day"": {""from"": null, ""to"": null}}, ""target_result"": {""event_name"": ""Salamunov Memorial"", ""year"": 2026, ""athlete_name"": ""Sara Pllana"", ""country"": ""KOS"", ""discipline"": ""WAG"", ""category"": ""junior"", ""apparatus"": ""VT"", ""vt_attempt"": 2, ""day"": null, ""format"": ""apparatus"", ""round"": ""final"", ""score"": null, ""D_score"": 3.2, ""vault_attempt_order_uncertain"": true, ""source_sheet"": ""WAG"", ""source_row"": 6143, ""target_id"": ""target_807856efdfe03e7f""}}]"
orphan_7920fbbac4674ad9,athlete_missing_in_score_sheet,review,"The event/apparatus/context exists, but this athlete is missing in the score sheet.",WAG D,6375,Next Era National Qualifier,2026,Sophia Buechler,USA,WAG,junior,BB,,,individual,final,5.5,False,0,,,,,,,,,,,,,,,,,,,,[]
orphan_1d9580d487b7c0b9,athlete_missing_in_score_sheet,review,"The event/apparatus/context exists, but this athlete is missing in the score sheet.",WAG D,6375,Next Era National Qualifier,2026,Sophia Buechler,USA,WAG,junior,FX,,,individual,final,5.0,False,0,,,,,,,,,,,,,,,,,,,,[]
orphan_33c61d3189c63ef5,athlete_missing_in_score_sheet,review,"The event/apparatus/context exists, but this athlete is missing in the score sheet.",WAG D,6375,Next Era National Qualifier,2026,Sophia Buechler,USA,WAG,junior,UB,,,individual,final,5.2,False,0,,,,,,,,,,,,,,,,,,,,[]
orphan_2f33f8f1256e9e78,athlete_missing_in_score_sheet,review,"The event/apparatus/context exists, but this athlete is missing in the score sheet.",WAG D,6375,Next Era National Qualifier,2026,Sophia Buechler,USA,WAG,junior,VT,1,,individual,final,4.2,True,0,,,,,,,,,,,,,,,,,,,,[]
orphan_f97d8def03d43c5b,missing_final_score_for_context,review,"The athlete/event exists, but not this apparatus/context.",WAG D,6530,Salamunov Memorial,2026,Tasa Jevdenic,SLO,WAG,junior,VT,2,,individual,final,3.2,True,0,,,,,,,,,,,,,,,,,,,,[]
orphan_fb4f5fb69cfad637,possible_context_mismatch,review,"Possible format, round, or day mismatch.",WAG D,6745,Luxembourg Open,2026,Valeriia Horanska,UKR,WAG,senior,VT,1,,apparatus,final,4.2,True,1,suggestion_b1afe9e117d41406,context_correction,0.65,"Same athlete/event/apparatus exists in the score sheet, but format, round, or day is different.",Luxembourg Open,2026,Valeriia Horanska,UKR,WAG,senior,VT,1,,individual,final,12.45,3.6,WAG,6892,"[{""suggestion_id"": ""suggestion_b1afe9e117d41406"", ""suggestion_type"": ""context_correction"", ""confidence"": 0.65, ""message"": ""Same athlete/event/apparatus exists in the score sheet, but format, round, or day is different."", ""action"": ""attach_d_score_to_target_result"", ""changes"": {""format"": {""from"": ""apparatus"", ""to"": ""individual""}, ""round"": {""from"": ""final"", ""to"": ""final""}, ""day"": {""from"": null, ""to"": null}}, ""target_result"": {""event_name"": ""Luxembourg Open"", ""year"": 2026, ""athlete_name"": ""Valeriia Horanska"", ""country"": ""UKR"", ""discipline"": ""WAG"", ""category"": ""senior"", ""apparatus"": ""VT"", ""vt_attempt"": 1, ""day"": null, ""format"": ""individual"", ""round"": ""final"", ""score"": 12.45, ""D_score"": 3.6, ""vault_attempt_order_uncertain"": true, ""source_sheet"": ""WAG"", ""source_row"": 6892, ""target_id"": ""target_2301769cf9255d37""}}]"
orphan_82b2fe829389ba96,possible_context_mismatch,review,"Possible format, round, or day mismatch.",WAG D,6745,Luxembourg Open,2026,Valeriia Horanska,UKR,WAG,senior,VT,2,,apparatus,final,3.4,True,1,suggestion_7114c1f087913431,context_correction,0.65,"Same athlete/event/apparatus exists in the score sheet, but format, round, or day is different.",Luxembourg Open,2026,Valeriia Horanska,UKR,WAG,senior,VT,2,,individual,final,,3.4,WAG,6892,"[{""suggestion_id"": ""suggestion_7114c1f087913431"", ""suggestion_type"": ""context_correction"", ""confidence"": 0.65, ""message"": ""Same athlete/event/apparatus exists in the score sheet, but format, round, or day is different."", ""action"": ""attach_d_score_to_target_result"", ""changes"": {""format"": {""from"": ""apparatus"", ""to"": ""individual""}, ""round"": {""from"": ""final"", ""to"": ""final""}, ""day"": {""from"": null, ""to"": null}}, ""target_result"": {""event_name"": ""Luxembourg Open"", ""year"": 2026, ""athlete_name"": ""Valeriia Horanska"", ""country"": ""UKR"", ""discipline"": ""WAG"", ""category"": ""senior"", ""apparatus"": ""VT"", ""vt_attempt"": 2, ""day"": null, ""format"": ""individual"", ""round"": ""final"", ""score"": null, ""D_score"": 3.4, ""vault_attempt_order_uncertain"": true, ""source_sheet"": ""WAG"", ""source_row"": 6892, ""target_id"": ""target_10df2928ec710a03""}}]"
orphan_9a9a1ee9149e84be,possible_context_mismatch,review,"Possible format, round, or day mismatch.",WAG D,6876,Luxembourg Open,2026,Viktoriia Ivanenko,UKR,WAG,senior,VT,1,,apparatus,final,4.2,True,1,suggestion_9e8b237ac51251bb,context_correction,0.65,"Same athlete/event/apparatus exists in the score sheet, but format, round, or day is different.",Luxembourg Open,2026,Viktoriia Ivanenko,UKR,WAG,senior,VT,1,,individual,final,12.2,4.2,WAG,7022,"[{""suggestion_id"": ""suggestion_9e8b237ac51251bb"", ""suggestion_type"": ""context_correction"", ""confidence"": 0.65, ""message"": ""Same athlete/event/apparatus exists in the score sheet, but format, round, or day is different."", ""action"": ""attach_d_score_to_target_result"", ""changes"": {""format"": {""from"": ""apparatus"", ""to"": ""individual""}, ""round"": {""from"": ""final"", ""to"": ""final""}, ""day"": {""from"": null, ""to"": null}}, ""target_result"": {""event_name"": ""Luxembourg Open"", ""year"": 2026, ""athlete_name"": ""Viktoriia Ivanenko"", ""country"": ""UKR"", ""discipline"": ""WAG"", ""category"": ""senior"", ""apparatus"": ""VT"", ""vt_attempt"": 1, ""day"": null, ""format"": ""individual"", ""round"": ""final"", ""score"": 12.2, ""D_score"": 4.2, ""vault_attempt_order_uncertain"": true, ""source_sheet"": ""WAG"", ""source_row"": 7022, ""target_id"": ""target_70b92bd5e43a5f05""}}]"
orphan_cfa03aab05babeeb,possible_context_mismatch,review,"Possible format, round, or day mismatch.",WAG D,6876,Luxembourg Open,2026,Viktoriia Ivanenko,UKR,WAG,senior,VT,2,,apparatus,final,3.6,True,1,suggestion_47fb7a1b05e30530,context_correction,0.65,"Same athlete/event/apparatus exists in the score sheet, but format, round, or day is different.",Luxembourg Open,2026,Viktoriia Ivanenko,UKR,WAG,senior,VT,2,,individual,final,,3.6,WAG,7022,"[{""suggestion_id"": ""suggestion_47fb7a1b05e30530"", ""suggestion_type"": ""context_correction"", ""confidence"": 0.65, ""message"": ""Same athlete/event/apparatus exists in the score sheet, but format, round, or day is different."", ""action"": ""attach_d_score_to_target_result"", ""changes"": {""format"": {""from"": ""apparatus"", ""to"": ""individual""}, ""round"": {""from"": ""final"", ""to"": ""final""}, ""day"": {""from"": null, ""to"": null}}, ""target_result"": {""event_name"": ""Luxembourg Open"", ""year"": 2026, ""athlete_name"": ""Viktoriia Ivanenko"", ""country"": ""UKR"", ""discipline"": ""WAG"", ""category"": ""senior"", ""apparatus"": ""VT"", ""vt_attempt"": 2, ""day"": null, ""format"": ""individual"", ""round"": ""final"", ""score"": null, ""D_score"": 3.6, ""vault_attempt_order_uncertain"": true, ""source_sheet"": ""WAG"", ""source_row"": 7022, ""target_id"": ""target_b5fe5090e7b93bff""}}]"
orphan_4fe09b23b40bc118,possible_context_mismatch,review,"Possible format, round, or day mismatch.",WAG D,7106,Salamunov Memorial,2026,Ziva Tomazic,SLO,WAG,junior,VT,2,,individual,final,3.0,True,1,suggestion_05dda4d4af12eee0,context_correction,0.65,"Same athlete/event/apparatus exists in the score sheet, but format, round, or day is different.",Salamunov Memorial,2026,Ziva Tomazic,SLO,WAG,junior,VT,2,,apparatus,final,,3.0,WAG,7271,"[{""suggestion_id"": ""suggestion_05dda4d4af12eee0"", ""suggestion_type"": ""context_correction"", ""confidence"": 0.65, ""message"": ""Same athlete/event/apparatus exists in the score sheet, but format, round, or day is different."", ""action"": ""attach_d_score_to_target_result"", ""changes"": {""format"": {""from"": ""individual"", ""to"": ""apparatus""}, ""round"": {""from"": ""final"", ""to"": ""final""}, ""day"": {""from"": null, ""to"": null}}, ""target_result"": {""event_name"": ""Salamunov Memorial"", ""year"": 2026, ""athlete_name"": ""Ziva Tomazic"", ""country"": ""SLO"", ""discipline"": ""WAG"", ""category"": ""junior"", ""apparatus"": ""VT"", ""vt_attempt"": 2, ""day"": null, ""format"": ""apparatus"", ""round"": ""final"", ""score"": null, ""D_score"": 3.0, ""vault_attempt_order_uncertain"": true, ""source_sheet"": ""WAG"", ""source_row"": 7271, ""target_id"": ""target_2766ffa5c54018f3""}}]"
