review_id,review_priority,problem_type,imported_athlete_2026,discipline,suggested_existing_athlete_id,suggested_existing_athlete,suggested_existing_country,suggestion_confidence,collision_or_change_countries,recommended_action,learned_rule_id,decision,action,country,notes,imported_2026_results_by_country,existing_athlete_previous_results_by_country,future_country_evidence
athlete_identity_collision_848c1df02c1db204,high,possible_athlete_identity_collision,Erik Ingimarsson,MAG,15201,Erik Ingimarsson,DEN,1.0,"DEN, NOR",,,merge as same athlete,canonical country,DEN,,DEN: 2026 - Unni & Haralds Trophy (5 results) | NOR: 2026 - Unni & Haralds Trophy (3 results),DEN: 2022 - International GymSport (13 results); 2024 - Danish Championships (9 results); 2024 - Nordic Championships (9 results); 2025 - Danish Championships (9 results); 2025 - Danish Team Championships (4 results); 2025 - Nordic Junior Championships (9 results),Erik Ingimarsson: not found 2027-2025
athlete_identity_collision_cd2ea6949c7fb487,high,possible_athlete_identity_collision,Rosanna Ojala,WAG,6393,Rosanna Ojala,FIN,1.0,"DEN, FIN",,,merge as same athlete,canonical country,FIN,,DEN: 2026 - Elek Matolay Memorial (1 results) | FIN: 2026 - Unni & Haralds Trophy (1 results),FIN: 2018 - Cottbus World Cup (1 results); 2018 - Finnish Championships (3 results); 2018 - Szombathely Challenge Cup (2 results); 2018 - World Championships (1 results); 2019 - 2nd Finnish Worlds Trials (5 results); 2019 - Finnish Championships (7 results); 2019 - Finnish Worlds Trials (5 results); 2019 - Summer Universiade (5 results); 2019 - World Championships (5 results); 2020 - 2nd Finnish Euros Trials (1 results); 2020 - Finnish Championships (2 results); 2021 - 2nd Finnish Euros Trials (5 results); 2021 - 2nd Finnish Worlds Trials (5 results); 2021 - 3rd Finnish Euros Trials (5 results); 2021 - Danish Team Championships (2 results); 2021 - Danish Team Championships Qualifier (1 results); 2021 - Finnish Championships (8 results); 2021 - Finnish Euros Trials (5 results); 2021 - Finnish Worlds Trials (5 results); 2021 - Northern European Championships (2 results); 2021 - World Championships (5 results); 2022 - Finnish Championships (7 results); 2023 - Finnish Championships (1 results); 2023 - Osijek Challenge Cup (1 results); 2023 - Varna Challenge Cup (1 results); 2024 - Christmas Cup (1 results); 2024 - Danish Championships (2 results); 2024 - Danish Team Championships (1 results); 2025 - Danish Championships (2 results); 2025 - Finnish Championships (1 results); 2025 - Finnish National Team Test (1 results); 2025 - Worlds Preparation Event (1 results),Rosanna Ojala: not found 2027-2025
athlete_identity_collision_70026bf16b2ae32e,high,possible_athlete_identity_collision,Nicholas Tarca,MAG,8240,Nicholas Tarca,ROU,1.0,"ROU, USA",,,merge as same athlete,canonical country,ROU,,ROU: 2026 - NCAA Week 11 (1 results); 2026 - NCAA Week 8 (2 results); 2026 - NCAA Week 9 (2 results) | USA: 2026 - NCAA Week 6 (2 results),ROU: 2020 - Romanian Championships (12 results); 2021 - Romanian Championships (10 results); 2022 - European Championships (7 results); 2022 - International Junior Team Cup (3 results); 2022 - Romanian Championships (16 results); 2023 - Baku World Cup (2 results); 2023 - European Championships (3 results); 2023 - Ghent Friendly (2 results); 2023 - Magglingen Friendly 2 (2 results); 2023 - Romanian Championships (4 results); 2023 - World Championships (5 results); 2024 - Antalya Challenge Cup (2 results); 2024 - Baku World Cup (3 results); 2024 - European Championships (7 results); 2024 - European Online Series (3 results); 2024 - European Online Series 2 (3 results); 2024 - RomGym Trophy (13 results); 2025 - European Championships (9 results); 2025 - Romanian Championships (13 results) | USA: 2019 - U.S. Championships D1 (7 results); 2019 - U.S. Championships D2 (7 results),Nicholas Tarca: not found 2027-2025
athlete_identity_collision_514756e59bd2a793,high,possible_athlete_identity_collision,Emma Gubbiotti,WAG,16388,Emma Gubbiotti,ITA,1.0,"ESP, ITA",,,merge as same athlete,canonical country,ITA,,ESP: 2026 - 1st Spanish League (3 results) | ITA: 2026 - 2nd Italian Serie A (5 results),ITA: 2022 - Italian Gold Championships (5 results); 2022 - Top Gym Tournament (7 results); 2023 - 1st Bundesliga (1 results); 2023 - 1st Italian Serie A (5 results); 2023 - 2nd Italian Serie A (5 results); 2023 - 3rd Italian Serie A (5 results); 2023 - Italian Championships (2 results); 2023 - Italian Gold Championships (6 results); 2023 - Italian Gold Championships Qualifier (5 results); 2024 - 1st Italian Serie A (5 results); 2024 - 2nd Italian Serie A (5 results); 2024 - 3rd Italian Serie A (5 results); 2024 - Gymnova Cup (8 results); 2024 - Italian Championships (2 results); 2024 - Italian Gold Championships (6 results); 2025 - 1st Italian Serie A (5 results); 2025 - 1st Spanish League (3 results); 2025 - 2nd Italian Serie A (5 results); 2025 - 2nd Spanish League (3 results); 2025 - 3rd Italian Serie A (5 results); 2025 - Champion's Cup (5 results); 2025 - Gymnova Cup (5 results); 2025 - Italian Gold Championships (7 results),Emma Gubbiotti: not found 2027-2025
athlete_identity_collision_e76ffe2db3fd5c22,high,possible_athlete_identity_collision,Elijah Ramirez,MAG,17797,Elijah Ramirez,GBR,1.0,"GBR, TTO",,,merge as same athlete,country history,TTO,,GBR: 2026 - English Championships (5 results) | TTO: 2026 - Pan American Championships (5 results),GBR: 2023 - British Championships (7 results); 2023 - English Championships (7 results); 2024 - British Championships (7 results); 2024 - English Championships (7 results),Elijah Ramirez: not found 2027-2025
athlete_identity_collision_d2dff6e16d323847,high,possible_athlete_identity_collision,Sophia Martin,WAG,17258,Sophia Martin,ESP,1.0,"ESP, FRA",,,merge as same athlete,canonical country,ESP,,ESP: 2026 - Top 12 Series 4 (5 results) | FRA: 2026 - Top 12 Finals (3 results),ESP: 2023 - 1st Spanish League 2023 (3 results); 2023 - Spanish League Final (1 results); 2024 - Spanish League Final (2 results); 2025 - Top 12 Series 2 (5 results); 2025 - Tournoi International (12 results); 2026 - Top 12 Series 3 (2026) (5 results),Sophia Martin: not found 2027-2025
athlete_identity_collision_db73c1ff1124b9a7,high,possible_athlete_identity_collision,Soley Laverty,WAG,23190,Soley Laverty,GBR,1.0,"GBR, IRL",,,merge as same athlete,canonical country,IRL,,GBR: 2026 - British Championships (5 results) | IRL: 2026 - English Championships (5 results),GBR: 2024 - Rushmoor Rose Bowl (5 results),Soley Laverty: not found 2027-2025
athlete_identity_collision_25655703f0217043,high,possible_athlete_identity_collision,Lorenzo Galli,MAG,1742,Lorenzo Galli,ITA,1.0,"FRA, ITA",,,merge as same athlete,canonical country,ITA,,FRA: 2026 - Top 12 Series 4 (5 results) | ITA: 2026 - 3rd Italian Serie A (5 results),ITA: 2018 - 1st Italian Serie A (7 results); 2018 - 2nd Italian Serie A (7 results); 2018 - 3rd Italian Serie A (5 results); 2018 - DTB Team Challenge (5 results); 2019 - 1st Italian Serie A (4 results); 2019 - 2nd Italian Serie A (5 results); 2019 - 3rd Italian Serie A (4 results); 2019 - Cottbus World Cup (2 results); 2019 - Italian Championships (8 results); 2019 - Szombathely Challenge Cup (3 results); 2020 - 1st Italian Serie A (4 results); 2020 - 2nd Italian Serie A (7 results); 2020 - 3rd Italian Serie A (4 results); 2020 - Italian Championships (11 results); 2021 - 1st Italian Serie A (5 results); 2021 - 2nd Itailan Serie A (7 results); 2021 - 3rd Italian Serie A (4 results); 2021 - Italian Championships (2 results); 2021 - Osijek Challenge Cup (4 results); 2022 - 1st Italian Serie A (7 results); 2022 - 2nd Italian Serie A (7 results); 2022 - 3rd Italian Serie A (7 results); 2022 - Istanbul Friendly (5 results); 2022 - Italian Championships (16 results); 2023 - 1st Italian Serie A (7 results); 2023 - 2nd Italian Serie A (7 results); 2023 - 3rd Italian Serie A (7 results); 2023 - Italian Championships (16 results); 2023 - Italian Serie A Final Six (5 results); 2024 - 1st Italian Serie A (5 results); 2024 - 2nd Italian Serie A (7 results); 2024 - 3rd Italian Serie A (7 results); 2024 - Italian Championships (8 results); 2025 - 1st Italian Serie A (7 results); 2025 - 2nd Italian Serie A (7 results); 2025 - 3rd Italian Serie A (7 results); 2025 - Champion's Cup (9 results); 2025 - Italian Championships (9 results),Lorenzo Galli: not found 2027-2025
athlete_identity_collision_8566e1bdafb9638c,high,possible_athlete_identity_collision,Brian Delf,MAG,12359,Brian Delf,CAN,1.0,"CAN, USA",,,merge as same athlete,canonical country,CAN,,CAN: 2026 - Canadian Championships (1 results) | USA: 2026 - NCAA Week 11 (2 results); 2026 - NCAA Week 6 (2 results); 2026 - NCAA Week 8 (1 results),CAN: 2021 - Elite Canada (2 results); 2023 - Canadian Championships (14 results); 2023 - Elite Canada (6 results); 2024 - Candadian Championships (14 results); 2024 - Elite Canada (14 results); 2025 - Canadian Championships (14 results),Brian Delf: not found 2027-2025
athlete_identity_collision_cedbc64b952bcbe5,high,possible_athlete_identity_collision,Hana Kovacic,WAG,25143,Hana Kovacic,SLO,1.0,"CRO, SLO",,,merge as same athlete,canonical country,SLO,,CRO: 2026 - Elek Matolay Memorial (5 results) | SLO: 2026 - Salamunov Memorial (5 results),SLO: 2025 - Balkan Championships (13 results); 2025 - Salamunov Memorial (5 results),Hana Kovacic: not found 2027-2025
athlete_identity_collision_98ade5fff4c3400e,high,possible_athlete_identity_collision,Clayton Bell,MAG,519,Clayton Bell,JAM,1.0,"GBR, JAM",,,merge as same athlete,country history,JAM,,GBR: 2026 - English Championships (5 results) | JAM: 2026 - Pan American Championships (5 results),GBR: 2018 - British Championships (7 results); 2019 - British Championships (12 results); 2019 - English Championships (7 results); 2021 - British Championships (7 results); 2021 - Northern European Championships (7 results); 2022 - English Championships (9 results); 2023 - British Championships (9 results); 2023 - English Championships (9 results); 2024 - British Team Championships (7 results); 2024 - English Championships (9 results) | JAM: 2025 - Pan American Championships (12 results); 2025 - Paris Challenge Cup (4 results); 2025 - World Championships (6 results),Clayton Bell: not found 2027-2025
athlete_identity_collision_0daf2c8f0dc165a9,high,possible_athlete_identity_collision,Luke James,MAG,1819,Luke James,RSA,1.0,"RSA, USA",,,merge as same athlete,canonical country,RSA,,RSA: 2026 - NCAA Week 4 (2 results) | USA: 2026 - NCAA Week 10 (2 results); 2026 - NCAA Week 11 (2 results); 2026 - NCAA Week 9 (1 results),RSA: 2018 - Africa Safari International (8 results); 2018 - African Championships (14 results); 2019 - Olympic Hopes Cup (11 results); 2022 - African Championships (15 results); 2022 - English Championships (9 results); 2024 - African Championships (15 results); 2025 - World Championships (4 results),Luke James: not found 2027-2025
athlete_identity_collision_6ee7dcc9ac7685b8,high,possible_athlete_identity_collision,Milo Wallace-Dunn,MAG,15568,Milo Wallace-Dunn,SGP,1.0,"IRL, SGP",,,merge as same athlete,canonical country,SGP,,IRL: 2026 - Irish Championships (5 results) | SGP: 2026 - Singapore Championships (4 results),SGP: 2022 - Singapore Open (8 results); 2023 - Singapore Open (9 results); 2024 - Singapore Open (10 results); 2025 - Singapore Championships (15 results); 2025 - Singapore Open (15 results),Milo Wallace-Dunn: not found 2027-2025
athlete_identity_collision_9719ac3029692124,high,possible_athlete_identity_collision,Nicolò Mozzato,MAG,18421,Nicolò Mozzato,ITA,1.0,"FRA, ITA",,,merge as same athlete,canonical country,ITA,,FRA: 2026 - Top 12 Series 4 (1 results) | ITA: 2026 - 1st Italian Serie A (3 results); 2026 - Top 12 Series 1 (2 results),ITA: 2023 - 1st Italian Serie A (2 results); 2023 - 2nd Italian Serie A (3 results); 2023 - Italian Championships (9 results); 2024 - 1st Italian Serie A (3 results); 2024 - 2nd Italian Serie A (1 results); 2024 - 3rd Italian Serie A (3 results); 2024 - Doha World Cup (4 results); 2024 - Italian Serie A Final Six (6 results); 2024 - Koper Challenge Cup (4 results); 2024 - Top 12 Series 1 (2024 Season) (1 results); 2024 - Top 12 Series 2 (2024 Season) (1 results); 2025 - Italian Championships (4 results); 2025 - Italian Serie A Final (2 results),Nicolò Mozzato: not found 2027-2025
athlete_identity_collision_7b46373e843f1898,high,possible_athlete_identity_collision,Roberto Marzocchi,MAG,2454,Roberto Marzocchi,ITA,1.0,"FRA, ITA",,,merge as same athlete,canonical country,ITA,,FRA: 2026 - Top 12 Series 2 (1 results) | ITA: 2026 - 1st Italian Serie A (4 results); 2026 - 2nd Italian Serie A (1 results),ITA: 2018 - 1st Italian Serie A (7 results); 2018 - 2nd Italian Serie A (3 results); 2018 - 3rd Italian Serie A (4 results); 2018 - Italian Championships (8 results); 2019 - 1st Italian Serie A (7 results); 2019 - 2nd Italian Serie A (7 results); 2019 - 3rd Italian Serie A (7 results); 2019 - Italian Championships (7 results); 2019 - Szombathely Challenge Cup (3 results); 2020 - 1st Italian Serie A (7 results); 2020 - 2nd Italian Serie A (7 results); 2020 - 3rd Italian Serie A (7 results); 2020 - Italian Championships (1 results); 2021 - 1st Italian Serie A (7 results); 2021 - 2nd Itailan Serie A (7 results); 2021 - 3rd Italian Serie A (5 results); 2021 - Italian Championships (8 results); 2021 - Italian Serie A Final Six (5 results); 2022 - 1st Italian Serie A (5 results); 2022 - 2nd Italian Serie A (5 results); 2022 - 3rd Italian Serie A (7 results); 2022 - Italian Championships (17 results); 2023 - 1st Italian Serie A (7 results); 2023 - 2nd Italian Serie A (7 results); 2023 - 3rd Italian Serie A (7 results); 2023 - Italian Championships (9 results); 2024 - 1st Italian Serie A (7 results); 2024 - 2nd Italian Serie A (7 results); 2024 - 3rd Italian Serie A (4 results); 2024 - European Online Series 3 (2 results); 2024 - Italian Championships (4 results); 2024 - Italian Serie A Final Six (1 results); 2025 - 1st Italian Serie A (4 results); 2025 - 2nd Italian Serie A (3 results); 2025 - 3rd Italian Serie A (3 results); 2025 - Champion's Cup (9 results); 2025 - Italian Championships (2 results); 2025 - Italian Serie A Final (4 results),Roberto Marzocchi: not found 2027-2025
athlete_identity_collision_f9c32bbe5ccdce0e,high,possible_athlete_identity_collision,Francisca Cancela,WAG,4516,Francisca Cancela,POR,1.0,"POL, POR",,,merge as same athlete,canonical country,POR,,POL: 2026 - Spanish League Final (1 results) | POR: 2026 - 1st Spanish League (1 results); 2026 - 2nd Spanish League (1 results),POR: 2018 - Junior Mediterranean Championships (5 results); 2019 - European Youth Olympic Festival (7 results); 2019 - International GymSport (8 results); 2019 - Junior World Championships (7 results); 2019 - Mediterranean Championships (1 results); 2019 - Portuguese Championships (5 results); 2019 - Portuguese Super Finals (6 results); 2021 - European Championships (5 results); 2022 - 1st Spanish League (3 results); 2022 - Spanish Championships (1 results); 2023 - 1st Spanish League 2023 (1 results); 2025 - 1st Spanish League (1 results),Francisca Cancela: not found 2027-2025
athlete_identity_collision_6d2ee59db354f657,high,possible_athlete_identity_collision,Mariia Hradyk,WAG,25598,Mariia Hradyk,UKR,1.0,"GER, UKR",,,merge as same athlete,canonical country,GER,,GER: 2026 - German Junior Championships (5 results) | UKR: 2026 - 1st Bundesliga (5 results),UKR: 2025 - 4th Bundesliga (2 results),Mariia Hradyk: not found 2027-2025
athlete_identity_collision_01762fa7487d6edb,high,possible_athlete_identity_collision,Finlay Hazelton,MAG,7551,Finlay Hazelton,IRL,1.0,"GBR, IRL",,,merge as same athlete,canonical country,IRL,,GBR: 2026 - British Team Championships (4 results) | IRL: 2026 - Irish Championships (5 results),IRL: 2019 - Irish Championships (7 results); 2022 - Austrian Future Cup (6 results); 2022 - British Championships (7 results); 2023 - Austrian Future Cup (8 results); 2023 - British Championships (4 results); 2023 - English Championships (7 results); 2024 - Austrian Future Cup (12 results); 2025 - British Championships (9 results); 2025 - British Team Championships (5 results); 2025 - European Youth Olymipc Festival (12 results); 2025 - Irish Championships (9 results); 2025 - Luxembourg Open (15 results); 2025 - Welsh Championships (7 results),Finlay Hazelton: not found 2027-2025
athlete_identity_collision_7c50f422e3cb3001,high,possible_athlete_identity_collision,Camille Galand,WAG,19221,Camille Galand,BEL,1.0,"BEL, FRA",,,merge as same athlete,canonical country,BEL,,BEL: 2026 - Belgian Championships (2 results); 2026 - International GymSport (2 results); 2026 - International Gymnix (1 results) | FRA: 2026 - Top 12 Series 4 (1 results),BEL: 2023 - Belgian Championships (5 results); 2023 - Swiss Cup Juniors (5 results); 2023 - Top Gym Tournament (9 results); 2024 - Belgian Championships (5 results); 2025 - Belgian Championships (7 results); 2025 - DTB Pokal Team Challenge (12 results); 2025 - EYOF Mixed Pairs (3 results); 2025 - European Youth Olympic Festival (8 results); 2025 - Luxembourg Open (9 results); 2025 - WOGA Classic (5 results),Camille Galand: not found 2027-2025
athlete_identity_collision_4da716f19fd303b4,high,possible_athlete_identity_collision,Colby Aranda,MAG,23535,Colby Aranda,CHI,1.0,"CHI, USA",,,merge as same athlete,canonical country,CHI,,CHI: 2026 - Koper Challenge Cup (1 results) | USA: 2026 - NCAA Week 11 (1 results); 2026 - NCAA Week 3 (1 results); 2026 - NCAA Week 5 (1 results); 2026 - NCAA Week 8 (1 results); 2026 - Rocky Mountain Open (1 results),CHI: 2025 - Liukin Invitational (1 results),Colby Aranda: not found 2027-2025
athlete_identity_collision_ee9039ef6744aa58,high,possible_athlete_identity_collision,Illia Kovtun,MAG,1212,Illia Kovtun,UKR,1.0,"CRO, UKR",,,merge as same athlete,country history,CRO,,CRO: 2026 - Italian Serie A Final (5 results) | UKR: 2026 - 2nd Bundesliga (4 results),UKR: 2018 - European Championships (4 results); 2019 - 4th Bundesliga (3 results); 2019 - 5th Bundesliga (3 results); 2019 - European Games Test Event (15 results); 2019 - European Youth Olympic Festival (17 results); 2019 - Junior World Championships (9 results); 2019 - Stella Zakharova Cup (15 results); 2020 - European Championships (16 results); 2021 - 1st Italian Serie A (3 results); 2021 - 2nd Itailan Serie A (3 results); 2021 - 3rd Italian Serie A (3 results); 2021 - Arthur Gander Memorial (4 results); 2021 - Bundesliga Finals (3 results); 2021 - Cairo Challenge Cup (16 results); 2021 - European Championships (16 results); 2021 - Hungarian Grand Prix (16 results); 2021 - Koper Challenge Cup (7 results); 2021 - Mersin Challenge Cup (8 results); 2021 - Olympic Games (18 results); 2021 - Ukraine International Cup (12 results); 2021 - Ukrainian Championships (21 results); 2021 - Varna Challenge Cup (11 results); 2021 - World Championships (15 results); 2022 - 1st Bundesliga (3 results); 2022 - 1st Italian Serie A (4 results); 2022 - 2nd Bundesliga (3 results); 2022 - 3rd Italian Serie A (4 results); 2022 - 4th Bundesliga (3 results); 2022 - 5th Bundesliga (3 results); 2022 - 6th Bundesliga (3 results); 2022 - 7th Bundesliga (7 results); 2022 - Arthur Gander Memorial (4 results); 2022 - Baku World Cup (11 results); 2022 - Bundesliga Finals (3 results); 2022 - Cairo World Cup (6 results); 2022 - Cottbus World Cup (12 results); 2022 - Doha World Cup (16 results); 2022 - European Championships (9 results); 2022 - Israeli Championships (4 results); 2022 - Szombathely Challenge Cup (6 results); 2022 - Top 12 Series 4 (3 results); 2022 - Top 12 Series 6 (3 results); 2022 - World Championships (14 results); 2023 - 1st Italian Serie A (4 results); 2023 - 2nd Bundesliga (3 results); 2023 - 3rd Italian Serie A (4 results); 2023 - 4th Bundesliga (4 results); 2023 - 5th Bundesliga (3 results); 2023 - 6th Bundesliga (3 results); 2023 - 7th Bundesliga (3 results); 2023 - Baku World Cup (11 results); 2023 - Bundesliga Finals (3 results); 2023 - Cairo World Cup (12 results); 2023 - Cottbus World Cup (13 results); 2023 - Doha World Cup (11 results); 2023 - European Championships (18 results); 2023 - Hungarian Championships (7 results); 2023 - Italian Serie A Final Six (6 results); 2023 - Osijek Challenge Cup (15 results); 2023 - Top 12 Series 3 (2023) (3 results); 2023 - World Championships (15 results); 2024 - 1st Bundesliga (7 results); 2024 - 1st Italian Serie A (4 results); 2024 - 2nd Bundesliga (7 results); 2024 - 3rd Italian Serie A (7 results); 2024 - 5th Bundesliga (3 results); 2024 - 6th Bundesliga (3 results); 2024 - 7th Bundesliga (3 results); 2024 - Arthur Gander Memorial (4 results); 2024 - Baku World Cup (6 results); 2024 - Bundesliga Finals (4 results); 2024 - Cairo World Cup (6 results); 2024 - Cottbus World Cup (7 results); 2024 - European Championships (15 results); 2024 - European Online Series 2 (5 results); 2024 - European Online Series 3 (8 results); 2024 - Italian Serie A Final Six (4 results); 2024 - Koper Challenge Cup (13 results); 2024 - Olympic Games (21 results); 2024 - Osijek Challenge Cup (10 results); 2024 - Platinum League Online (8 results); 2024 - Top 12 Series 7 (5 results); 2025 - 1st Italian Serie A (7 results); 2025 - 3rd Bundesliga (4 results); 2025 - 3rd Italian Serie A (7 results); 2025 - 4th Bundesliga (4 results); 2025 - 6th Bundesliga (3 results); 2025 - Bundesliga Finals (3 results); 2025 - Croatian Championships (7 results); 2025 - Italian Serie A Final (7 results); 2025 - Top 12 Series 4 (3 results); 2025 - Top 12 Series 6 (3 results),Illia Kovtun: not found 2027-2025
athlete_identity_collision_fef7e3c526e57abf,high,possible_athlete_identity_collision,Ella Rief,WAG,16350,Ella Rief,AUT,1.0,"AUT, GER",,,merge as same athlete,canonical country,AUT,,AUT: 2026 - Austrian Championships (5 results) | GER: 2026 - 1st Bundesliga (2 results),AUT: 2022 - Salamunov Memorial (5 results); 2023 - Austrian Championships (8 results); 2023 - Hanspeter Demetz Memorial (5 results); 2023 - Olympic Hopes Cup (5 results); 2023 - Zelena Jama Open (5 results); 2024 - Austrian Championships (5 results); 2024 - DTB Pokal Team Challenge (3 results); 2025 - 3rd Bundesliga (2 results); 2025 - Austrian Championships (8 results); 2025 - Austrian Team Championships (2 results); 2025 - Salamunov Memorial (7 results); 2025 - Zelena Jama Open (5 results),Ella Rief: not found 2027-2025
athlete_identity_collision_b744b76774cc0461,high,possible_athlete_identity_collision,Djenna Laroui,WAG,4157,Djenna Laroui,FRA,1.0,"ALG, FRA",,,merge as same athlete,country history,ALG,,ALG: 2026 - African Championships (5 results) | FRA: 2026 - Top 12 Series 4 (5 results),FRA: 2018 - Elite Gym Massilia (5 results); 2018 - International Gymnix (5 results); 2018 - Top 12 Series 1 (5 results); 2018 - Top 12 Series 4 (5 results); 2019 - Elite Gym Massilia (10 results); 2019 - French Championships (5 results); 2019 - Top 12 Semi-Finals (5 results); 2019 - Top 12 Series 3 (5 results); 2019 - Top Gym Tournament (9 results); 2020 - Coupe d'Hiver (5 results); 2020 - French Test Meet (5 results); 2021 - French Championships (10 results); 2021 - French National Team Review (5 results); 2022 - French Championships (12 results); 2022 - French Test Meet (1 results); 2022 - Mediterranean Games (2 results); 2023 - DTB Pokal Team Challenge (5 results); 2023 - European Championships (5 results); 2023 - French Championships (12 results); 2023 - Heidelberg Friendly (5 results); 2023 - Paris Challenge Cup (1 results); 2023 - Top 12 Series 1 (5 results); 2023 - Top 12 Series 2 (5 results); 2023 - Varna Challenge Cup (4 results); 2024 - City of Jesolo Trophy (5 results); 2024 - DTB Pokal Team Challenge (5 results); 2024 - French Championships (13 results); 2024 - Haguenau Friendly (5 results); 2024 - Top 12 Finals (5 results); 2024 - Top 12 Series 1 (2024 Season) (5 results); 2024 - Top 12 Series 3 (2024 Season) (5 results); 2024 - Top 12 Series 4 (5 results); 2025 - European Championships (5 results); 2025 - French Championships (12 results); 2025 - Paris Challenge Cup (3 results); 2025 - Szombathely Challenge Cup (7 results); 2025 - Top 12 Series 2 (1 results); 2025 - Top 12 Series 3 (5 results); 2025 - Top 12 Series 4 (5 results),Djenna Laroui: not found 2027-2025
athlete_identity_collision_f0fda7082608eb9d,high,possible_athlete_identity_collision,Christian Kuzdra,MAG,11393,Christian Kuzdra,POL,1.0,"POL, USA",,,merge as same athlete,canonical country,POL,,POL: 2026 - Salamunov Memorial (2 results) | USA: 2026 - Sam Mikulak Invitational (2 results),POL: 2020 - AGF Junior Trophy (3 results); 2020 - Polish Championships (10 results); 2020 - RD761 Junior International Cup (7 results); 2021 - Olympic Hopes Cup (7 results); 2021 - Wohnen Juniors Trophy (7 results); 2022 - European Youth Olympic Festival (7 results); 2022 - Klagenfurt Friendly (7 results); 2022 - Polish Championships (10 results); 2023 - Luxembourg Open (7 results); 2024 - Polish Championships (11 results),Christian Kuzdra: not found 2027-2025
athlete_identity_collision_f48d2afe217090d5,high,possible_athlete_identity_collision,Arthur Ballon,MAG,275,Arthur Ballon,FRA,1.0,"FRA, USA",,,merge as same athlete,canonical country,FRA,,FRA: 2026 - French Championships (5 results) | USA: 2026 - NCAA Week 4 (2 results),FRA: 2018 - French Championships (12 results); 2018 - Voronin Cup (11 results); 2019 - European Youth Olympic Festival (16 results); 2019 - French Championships (8 results); 2019 - International Junior Team Cup (9 results); 2019 - Junior World Championships (9 results); 2019 - RD761 International Cup (11 results); 2022 - French Championships (14 results); 2022 - Top 12 Series 1 (2 results); 2022 - Top 12 Series 2 (2 results); 2022 - Top 12 Series 4 (2 results); 2022 - Top 12 Series 5 (2 results); 2023 - French Championships (7 results); 2023 - Top 12 Series 1 (2023) (2 results); 2023 - Top 12 Series 3 (2023) (2 results); 2023 - Top 12 Series 4 (2 results); 2023 - Top 12 Series 6 (1 results); 2024 - French Championships (8 results); 2024 - Top 12 Finals (3 results); 2025 - Givet Friendly (4 results),Arthur Ballon: not found 2027-2025
athlete_identity_collision_eab7d10fa6fb37f2,high,possible_athlete_identity_collision,Ewan McAteer,MAG,893,Ewan McAteer,IRL,1.0,"GBR, IRL",,,merge as same athlete,canonical country,IRL,,GBR: 2026 - Welsh Championships (5 results) | IRL: 2026 - Irish Championships (5 results),IRL: 2018 - Commonwealth Games (16 results); 2018 - Irish Championships (9 results); 2018 - Irish Super Championships (6 results); 2019 - British Championships (6 results); 2021 - British Championships (3 results); 2021 - Northern European Championships (6 results); 2022 - Commonwealth Games (6 results); 2022 - English Championships (9 results); 2022 - European Championships (9 results); 2022 - Paris Challenge Cup (3 results); 2022 - Welsh Championships (9 results); 2022 - World Championships (3 results); 2024 - Cairo World Cup (3 results); 2024 - Cottbus World Cup (1 results); 2024 - Irish Championships (7 results),Ewan McAteer: not found 2027-2025
athlete_identity_collision_dbeebce745c857fa,high,possible_athlete_identity_collision,Radomyr Stelmakh,MAG,11581,Radomyr Stelmakh,UKR,1.0,"GER, UKR",,,merge as same athlete,canonical country,UKR,,GER: 2026 - 3rd Bundesliga (5 results) | UKR: 2026 - 2nd Bundesliga (5 results),UKR: 2020 - AGF Junior Trophy (16 results); 2020 - European Championships (8 results); 2021 - Ukraine International Cup (13 results); 2021 - Wohnen Juniors Trophy (14 results); 2022 - 5th Bundesliga (1 results); 2022 - 6th Bundesliga (2 results); 2022 - 7th Bundesliga (2 results); 2022 - Bundesliga Finals (3 results); 2022 - EYOF Mixed Pairs (3 results); 2022 - European Championships (8 results); 2022 - European Youth Olympic Festival (10 results); 2023 - 1st Bundesliga (7 results); 2023 - 2nd Bundesliga (4 results); 2023 - 3rd Bundesliga (4 results); 2023 - 4th Bundesliga (2 results); 2023 - 5th Bundesliga (2 results); 2023 - 6th Bundesliga (4 results); 2023 - 7th Bundesliga (2 results); 2023 - European Championships (7 results); 2023 - European Online Test Event (3 results); 2023 - Osijek Challenge Cup (6 results); 2023 - World Championships (4 results); 2024 - 1st Bundesliga (4 results); 2024 - 2nd Bundesliga (4 results); 2024 - 3rd Bundesliga (4 results); 2024 - 4th Bundesliga (4 results); 2024 - 5th Bundesliga (4 results); 2024 - 6th Bundesliga (4 results); 2024 - 7th Bundesliga (4 results); 2024 - Antalya Challenge Cup (14 results); 2024 - European Championships (8 results); 2024 - European Online Series (8 results); 2024 - Koper Challenge Cup (5 results); 2024 - Olympic Games (8 results); 2024 - Top 12 Series 4 (3 results); 2024 - Top 12 Series 5 (3 results); 2025 - 1st Bundesliga (7 results); 2025 - 2nd Bundesliga (7 results); 2025 - 3rd Bundesliga (3 results); 2025 - 4th Bundesliga (7 results); 2025 - 5th Bundesliga (7 results); 2025 - 6th Bundesliga (7 results); 2025 - 7th Bundesliga (7 results); 2025 - Bundesliga Finals (7 results); 2025 - German Championships (7 results); 2025 - Lausitz Cup (7 results); 2025 - Top 12 Semifinals (5 results); 2025 - Top 12 Series 4 (2 results); 2025 - Top 12 Series 5 (2 results),Radomyr Stelmakh: not found 2027-2025
athlete_identity_collision_30c107c4f358674b,high,possible_athlete_identity_collision,Jacob Söderqvist,MAG,7740,Jacob Söderqvist,SWE,1.0,"SWE, USA",,,merge as same athlete,canonical country,SWE,,SWE: 2026 - NCAA Week 4 (5 results) | USA: 2026 - NCAA Week 8 (2 results),SWE: 2019 - Lingvallen Cup (3 results); 2019 - Mälar Cup (10 results); 2019 - Swedish Junior Men's Championships (7 results); 2020 - Swedish Championships (17 results); 2021 - Mälar Cup (16 results); 2021 - Nordic Junior Championships (2 results); 2021 - Swedish Championships (16 results); 2021 - Swedish Cup (13 results); 2022 - European Championships (7 results); 2022 - European Youth Olympic Festival (7 results); 2022 - Mälar Cup (6 results); 2022 - Nordic Championships (13 results); 2023 - Mälar Cup (1 results); 2023 - Swedish Championships (12 results); 2023 - Swedish Cup (3 results),Jacob Söderqvist: not found 2027-2025
athlete_identity_collision_a6ef9b02d93f401b,high,possible_athlete_identity_collision,Lorenzo Pambianchi,MAG,1744,Lorenzo Pambianchi,FRA,1.0,"FRA, ITA",,,merge as same athlete,canonical country,FRA,,FRA: 2026 - Top 12 Series 1 (1 results); 2026 - Top 12 Series 3 (4 results) | ITA: 2026 - Top 12 Series 4 (4 results),FRA: 2018 - French Championships (7 results); 2018 - Top 12 Series 1 (3 results); 2018 - Top 12 Series 3 (3 results); 2018 - Top 12 Series 4 (3 results); 2018 - Top 12 Series 6 (1 results); 2019 - French Championships (7 results); 2019 - Top 12 Series 2 (2 results); 2019 - Top 12 Series 3 (2 results); 2019 - Top 12 Series 6 (3 results); 2020 - Top 12 Series 5 (3 results); 2020 - Top 12 Series 6 (3 results); 2021 - Top 12 Championships (1 results); 2022 - French Championships (14 results); 2022 - Top 12 Series 2 (1 results); 2022 - Top 12 Series 3 (1 results); 2022 - Top 12 Series 5 (1 results); 2022 - Top 12 Series 6 (3 results); 2022 - Top 12 Series 7 (3 results); 2023 - French Championships (7 results); 2023 - Top 12 Series 2 (2023) (2 results); 2023 - Top 12 Series 3 (1 results); 2023 - Top 12 Series 3 (2023) (1 results); 2023 - Top 12 Series 6 (1 results); 2023 - Top 12 Series 7 (1 results); 2024 - 2nd Italian Serie A (4 results); 2024 - 3rd Italian Serie A (4 results); 2024 - French Championships (9 results); 2024 - Top 12 Series 2 (2024 Season) (1 results); 2024 - Top 12 Series 6 (2 results); 2025 - Top 12 Series 1 (2025) (1 results); 2025 - Top 12 Series 3 (2025) (2 results); 2025 - Top 12 Series 4 (3 results); 2025 - Top 12 Series 6 (2 results),Lorenzo Pambianchi: not found 2027-2025
athlete_identity_collision_3f971ea4515085e2,high,possible_athlete_identity_collision,Trigg Dudley,MAG,2856,Trigg Dudley,GBR,1.0,"GBR, USA",,,merge as same athlete,canonical country,GBR,,GBR: 2026 - English Championships (3 results) | USA: 2026 - NCAA Week 1 (1 results); 2026 - NCAA Week 11 (1 results); 2026 - NCAA Week 9 (3 results),GBR: 2018 - British Championships (7 results); 2018 - English Championships (7 results); 2019 - British Championships (7 results); 2019 - English Championships (7 results); 2021 - British Championships (9 results); 2022 - Austrian Future Cup (8 results); 2022 - British Championships (7 results); 2022 - English Championships (7 results); 2022 - Wase Gymcup (8 results); 2023 - British Championships (12 results); 2023 - English Championships (7 results); 2023 - Unni & Haralds Trophy (7 results); 2024 - British Championships (11 results); 2024 - English Championships (7 results); 2025 - British Championships (8 results); 2025 - British Team Championships (4 results); 2025 - English Championships (7 results),Trigg Dudley: not found 2027-2025
athlete_identity_collision_65aff35ab7d16752,high,possible_athlete_identity_collision,Joy Palermo,MAG,12640,Joy Palermo,LUX,1.0,"LUX, NED",,,merge as same athlete,canonical country,LUX,,LUX: 2026 - Dutch Championships (5 results) | NED: 2026 - Dutch Championships (1 results),LUX: 2021 - Olympic Hopes Cup (4 results); 2021 - Wase Gymcup (4 results); 2022 - European Championships (7 results); 2022 - Gymnasiade (7 results); 2022 - International Junior Team Cup (7 results); 2023 - Austrian Future Cup (7 results); 2023 - European Youth Olympic Festival (7 results); 2023 - International Junior Team Cup (8 results); 2023 - Luxembourg Open (1 results); 2024 - International Junior Team Cup (7 results); 2024 - Luxembourg Open (12 results); 2025 - Luxembourg Open (4 results); 2025 - Paris Challenge Cup (1 results); 2025 - Szombathely Challenge Cup (2 results); 2025 - Wase Gymcup (2 results),Joy Palermo: not found 2027-2025
athlete_identity_collision_79960c27de8e35d9,high,possible_athlete_identity_collision,Matthew McClymont,MAG,1951,Matthew McClymont,GBR,1.0,"GBR, JAM",,,merge as same athlete,country history,JAM,,GBR: 2026 - English Championships (2 results); 2026 - Welsh Championships (2 results) | JAM: 2026 - Pan American Championships (4 results),GBR: 2018 - British Championships (7 results); 2018 - English Championships (7 results),Matthew McClymont: not found 2027-2025
athlete_identity_collision_97fe35bb4068d93b,high,possible_athlete_identity_collision,Rayderley Zapata,MAG,2387,Rayderley Zapata,ESP,1.0,"BLR, ESP",,,merge as same athlete,canonical country,ESP,,BLR: 2026 - Osijek World Cup (1 results) | ESP: 2026 - Antalya World Cup (4 results); 2026 - Cairo World Cup (1 results),ESP: 2018 - Cottbus World Cup (1 results); 2018 - European Championships (5 results); 2018 - Guimaraes Challenge Cup (5 results); 2018 - Mediterranean Games (3 results); 2018 - Paris Challenge Cup (3 results); 2018 - Spanish Championships (4 results); 2018 - World Championships (3 results); 2019 - 1st Bundesliga (2 results); 2019 - 2nd Bundesliga (2 results); 2019 - 3rd Bundesliga (2 results); 2019 - 4th Bundesliga (3 results); 2019 - 5th Bundesliga (3 results); 2019 - 6th Bundesliga (3 results); 2019 - 7th Bundesliga (3 results); 2019 - Baku World Cup (6 results); 2019 - Cottbus World Cup (4 results); 2019 - Doha World Cup (3 results); 2019 - European Championships (2 results); 2019 - Heerenveen Men's Friendly (4 results); 2019 - Magglingen Men's Friendly (4 results); 2019 - Melbourne World Cup (2 results); 2019 - Paris Challenge Cup (9 results); 2020 - Melbourne World Cup (2 results); 2020 - Spanish Championships (1 results); 2021 - Doha World Cup (8 results); 2021 - Olympic Games (2 results); 2021 - Osijek Challenge Cup (5 results); 2022 - European Championships (8 results); 2022 - Paris Challenge Cup (4 results); 2022 - World Championships (6 results); 2023 - European Championships (5 results); 2023 - Lenzburg Friendly (3 results); 2023 - RomGym Trophy (8 results); 2023 - World Championships (5 results); 2024 - Madrid Friendly (2 results); 2024 - Olympic Games (6 results); 2024 - Varna Challenge Cup (2 results); 2025 - European Championships (1 results); 2025 - Koper Challenge Cup (2 results); 2025 - World Championships (1 results),Rayderley Zapata: not found 2027-2025
athlete_country_2e1957b7067ea860,high,possible_athlete_country_change,Aaron Brancato,MAG,14958,Aaron Brancato,MON,,"FRA, MON",,,merge as same athlete,canonical country,MON,,FRA: 2026 - Top 12 Series 4 (1 results),MON: 2022 - International GymSport (10 results); 2024 - International GymSport (14 results),Aaron Brancato: not found 2027-2025
athlete_country_197d40fe061b4cbe,high,possible_athlete_country_change,Adam Lakomy,MAG,14968,Adam Lakomy,USA,,"CZE, USA",,,merge as same athlete,country history,CZE,,CZE: 2026 - Czech Championships (5 results),USA: 2022 - U.S. Championships (14 results); 2023 - U.S. Championships (14 results); 2023 - Winter Cup (8 results); 2024 - DTB Pokal Team Challenge (12 results); 2024 - Pan American Championships (15 results); 2024 - Winter Cup (10 results); 2025 - Winter Cup (10 results),Adam Lakomy: not found 2027-2025
athlete_country_49fb2aa2dc73a4c4,high,possible_athlete_country_change,Bastien Briano,MAG,20974,Bastien Briano,MON,,"FRA, MON",,,merge as same athlete,canonical country,MON,,FRA: 2026 - Top 12 Series 4 (1 results),MON: 2024 - European Championships (7 results); 2024 - International GymSport (7 results); 2025 - European Youth Olymipc Festival (7 results); 2025 - Junior World Championships (7 results),Bastien Briano: not found 2027-2025
athlete_country_1e026d23585a04e7,high,possible_athlete_country_change,Botond Kovats,MAG,17630,Botond Kovats,ISL,,"HUN, ISL",,,merge as same athlete,canonical country,ISL,,HUN: 2026 - Salamunov Memorial (5 results),ISL: 2023 - Mälar Cup (10 results); 2024 - Iceland Classic (17 results); 2024 - Icelandic Championships (16 results); 2025 - Iceland Classic (17 results); 2025 - Icelandic Championships (16 results),Botond Kovats: not found 2027-2025
athlete_country_7fbb81012a6b94ad,high,possible_athlete_country_change,Carson Crooks,MAG,17660,Carson Crooks,CAN,,"CAN, USA",,,merge as same athlete,canonical country,CAN,,USA: 2026 - NCAA Week 11 (1 results); 2026 - NCAA Week 8 (1 results),CAN: 2024 - Elite Canada (14 results) | USA: 2023 - Winter Cup (7 results),Carson Crooks: not found 2027-2025
athlete_country_72cf617aa8886a3b,high,possible_athlete_country_change,Chane Cumbermack,MAG,23519,Chane Cumbermack,USA,,"TTO, USA",,,merge as same athlete,country history,TTO,,TTO: 2026 - Pan American Championships (5 results),USA: 2025 - U.S. Championships (14 results),Chane Cumbermack: not found 2027-2025
athlete_country_a5059bf04a2a54a9,high,possible_athlete_country_change,David Martelli,MAG,650,David Martelli,IRL,,"GBR, IRL",,,merge as same athlete,canonical country,IRL,,GBR: 2026 - English Championships (1 results); 2026 - Scottish Championships (1 results),IRL: 2018 - Irish Championships (3 results); 2019 - Irish Championships (5 results); 2019 - Reykjavik International Games (5 results); 2021 - British Championships (2 results); 2022 - English Championships (2 results); 2022 - Welsh Championships (2 results); 2023 - Irish Championships (2 results); 2023 - Welsh Championships (2 results); 2024 - Irish Championships (1 results); 2025 - Irish Championships (1 results),David Martelli: not found 2027-2025
athlete_country_1d2441aa9ccaf575,high,possible_athlete_country_change,David Ramirez,MAG,15142,David Ramirez,USA,,"MEX, USA",,,merge as same athlete,canonical country,USA,,MEX: 2026 - NCAA Week 11 (5 results),USA: 2022 - U.S. Championships (14 results); 2023 - U.S. Championships (14 results); 2024 - U.S. Championships (14 results); 2024 - Winter Cup (9 results); 2025 - U.S. Championships (14 results); 2025 - Winter Cup (14 results),David Ramirez: not found 2027-2025
athlete_country_41ee17c38c1bfca5,high,possible_athlete_country_change,Davit Diasamidze,MAG,23576,Davit Diasamidze,LAT,,"GEO, LAT",,,merge as same athlete,canonical country,LAT,,GEO: 2026 - Tiger Cup (5 results),LAT: 2025 - Tiger Cup (10 results),Davit Diasamidze: not found 2027-2025
athlete_country_b17c98faea5c74fd,high,possible_athlete_country_change,Demetre Diasamidze,MAG,23578,Demetre Diasamidze,LAT,,"GEO, LAT",,,merge as same athlete,canonical country,LAT,,GEO: 2026 - Tiger Cup (5 results),LAT: 2025 - Tiger Cup (15 results),Demetre Diasamidze: not found 2027-2025
athlete_country_68e25cc93ce82032,high,possible_athlete_country_change,Evan Aliwalas,MAG,21124,Evan Aliwalas,CAN,,"CAN, PHI",,,merge as same athlete,canonical country,CAN,,PHI: 2026 - American Cup (1 results),CAN: 2024 - Elite Canada (14 results); 2025 - Asian Championships (7 results); 2025 - Canadian Championships (7 results); 2025 - Elite Canada (14 results),Evan Aliwalas: not found 2027-2025
athlete_country_c5f200dfd1f927fc,high,possible_athlete_country_change,Fabio Schmidl,MAG,17845,Fabio Schmidl,POL,,"GER, POL",,,merge as same athlete,country history,POL,,GER: 2026 - International Budapest Junior Cup (5 results),GER: 2023 - Wohnen Juniors Trophy (8 results) | POL: 2024 - Wohnen Juniors Trophy (1 results); 2025 - Wohnen Juniors Trophy (10 results),Fabio Schmidl: not found 2027-2025
athlete_country_ac39a47ecb1b4874,high,possible_athlete_country_change,Gethin Davies-Vaneetvelde,MAG,21170,Gethin Davies-Vaneetvelde,IRL,,"IRL, RSA",,,merge as same athlete,country history,RSA,,RSA: 2026 - Unni & Haralds Trophy (5 results),IRL: 2024 - Irish Championships (4 results); 2025 - International GymSport (11 results); 2025 - Irish Championships (7 results),Gethin Davies-Vaneetvelde: not found 2027-2025
athlete_country_89e4b41b7e624fce,high,possible_athlete_country_change,Hinata Kabeya,MAG,17942,Hinata Kabeya,JPN,,"AUS, JPN",,,merge as same athlete,country history,AUS,,AUS: 2026 - Australian Championships (5 results),JPN: 2023 - All-Japan Championships (7 results); 2023 - All-Japan Event Championships (8 results); 2023 - All-Japan Student Championships (7 results); 2023 - All-Japan Super Specialist Championships (3 results); 2023 - All-Japan Team Championships (4 results); 2023 - Paris Challenge Cup (9 results); 2024 - All-Japan Championships (8 results); 2024 - All-Japan Event Championships (3 results); 2024 - All-Japan Student Championships (7 results); 2024 - All-Japan Team Championships (4 results); 2024 - Japan Specialist Championships (3 results); 2025 - Australian Championships (13 results); 2025 - Japanese National Sports Festival (7 results),Hinata Kabeya: not found 2027-2025
athlete_country_73f819753a9827c7,high,possible_athlete_country_change,Hugo Villeneuve,MAG,11450,Hugo Villeneuve,MON,,"FRA, MON",,,merge as same athlete,country history,MON,,FRA: 2026 - French Championships (5 results),FRA: 2020 - Top 12 Series 5 (1 results); 2020 - Top 12 Series 6 (1 results) | MON: 2021 - Ukraine International Cup (10 results); 2022 - Top 12 Series 1 (1 results); 2022 - Top 12 Series 3 (1 results); 2022 - Top 12 Series 4 (2 results); 2022 - Top 12 Series 6 (1 results); 2022 - Top 12 Series 7 (1 results); 2024 - French Championships (7 results); 2024 - Top 12 Finals (1 results); 2024 - Top 12 Series 2 (2024 Season) (1 results); 2024 - Top 12 Series 5 (2 results); 2024 - Top 12 Series 6 (1 results); 2024 - Top 12 Series 7 (1 results); 2025 - French Championships (7 results); 2025 - Games of the Small States (12 results); 2025 - Top 12 Semifinals (3 results); 2025 - Top 12 Series 2 (2025) (3 results); 2025 - Top 12 Series 3 (2025) (3 results); 2025 - Top 12 Series 5 (3 results); 2025 - Top 12 Series 6 (3 results),Hugo Villeneuve: not found 2027-2025
athlete_country_431c15ffe8f0d5e6,high,possible_athlete_country_change,Jasper Smith-Gordon,MAG,1347,Jasper Smith-Gordon,GBR,,"GBR, USA",,,merge as same athlete,canonical country,GBR,,USA: 2026 - NCAA Week 10 (1 results); 2026 - NCAA Week 9 (2 results); 2026 - Stanford Open (2 results),GBR: 2018 - British Championships (7 results); 2018 - English Championships (7 results); 2019 - British Championships (12 results); 2019 - Cardiff Men's Friendly (5 results); 2019 - English Championships (7 results); 2019 - International Junior Team Cup (10 results); 2019 - Junior World Championships (12 results); 2023 - Stanford Open (1 results),Jasper Smith-Gordon: not found 2027-2025
athlete_country_6fd5243cf975b1ab,high,possible_athlete_country_change,Othmane Bayou,MAG,15623,Othmane Bayou,ALG,,"ALG, FRA",,,merge as same athlete,canonical country,ALG,,FRA: 2026 - Top 12 Series 2 (1 results),ALG: 2022 - African Championships (7 results); 2022 - COMEGYM Championships (7 results); 2023 - Mediterranean Championships (10 results); 2024 - Mediterranean Championships (8 results); 2024 - Voronin Cup (5 results),Othmane Bayou: not found 2027-2025
athlete_country_e742f06dc63daca7,high,possible_athlete_country_change,Rodrigo Woods,MAG,24258,Rodrigo Woods,CAN,,"CAN, PHI",,,merge as same athlete,canonical country,CAN,,PHI: 2026 - Elite Canada (5 results),CAN: 2025 - Canadian Championships (14 results),Rodrigo Woods: not found 2027-2025
athlete_country_d6b423f6f5f60353,high,possible_athlete_country_change,Romain Chapelle,MAG,2469,Romain Chapelle,MON,,"FRA, MON",,,merge as same athlete,country history,MON,,FRA: 2026 - Top 12 Series 1 (1 results); 2026 - Top 12 Series 2 (1 results),FRA: 2018 - Top 12 Series 1 (1 results); 2018 - Top 12 Series 2 (1 results); 2018 - Top 12 Series 4 (1 results); 2019 - Top 12 Finals (4 results); 2019 - Top 12 Semi-Final I (2 results); 2019 - Top 12 Semi-Final II (2 results); 2019 - Top 12 Series 2 (1 results); 2019 - Top 12 Series 3 (1 results); 2019 - Top 12 Series 5 (2 results); 2020 - Top 12 Semi-Final I (1 results); 2020 - Top 12 Series 5 (1 results); 2020 - Top 12 Series 6 (2 results); 2021 - Top 12 Championships (3 results); 2022 - Top 12 Series 3 (1 results); 2022 - Top 12 Series 7 (1 results); 2025 - Top 12 Series 3 (2025) (1 results) | MON: 2025 - Games of the Small States (7 results); 2025 - Top 12 Semifinals (1 results); 2025 - Top 12 Series 5 (2 results); 2025 - Top 12 Series 6 (1 results),Romain Chapelle: not found 2027-2025
athlete_country_883bb8c9dde6b4c8,high,possible_athlete_country_change,Rudy O'Sullivan,MAG,15701,Rudy O'Sullivan,IRL,,"GBR, IRL",,,merge as same athlete,country history,IRL,,GBR: 2026 - British Championships (5 results),GBR: 2022 - British Championships (7 results); 2023 - British Championships (7 results); 2023 - English Championships (7 results); 2024 - English Championships (7 results) | IRL: 2024 - Irish Championships (5 results); 2025 - British Championships (7 results); 2025 - English Championships (7 results),Rudy O'Sullivan: not found 2027-2025
athlete_country_568e8349d3c6c1f4,high,possible_athlete_country_change,Sofus Møllgaard,MAG,2677,Sofus Møllgaard,DEN,,"DEN, NOR",,,merge as same athlete,canonical country,DEN,,NOR: 2026 - Unni & Haralds Trophy (1 results),DEN: 2018 - Danish Championships (7 results); 2018 - Nordic Championships (7 results); 2019 - Nordic Junior Championships (7 results); 2020 - Danish Championships (10 results); 2021 - Danish Championships (9 results); 2021 - Danish Team Championships (7 results); 2021 - Danish Team Championships Qualifier (7 results); 2021 - Northern European Championships (7 results); 2022 - International GymSport (4 results); 2022 - Northern European Championships (7 results); 2023 - Danish Championships (7 results); 2023 - Northern European Championships (7 results); 2023 - RomGym Trophy (7 results); 2024 - Danish Championships (12 results); 2024 - Danish Team Championships (7 results); 2024 - Nordic Championships (7 results); 2025 - Danish Championships (12 results); 2025 - Danish Team Championships (7 results); 2025 - European Championships (7 results); 2025 - Northern European Championships (8 results),Sofus Møllgaard: not found 2027-2025
athlete_country_e58af3cdd1b83d88,high,possible_athlete_country_change,Vid Türk,MAG,18809,Vid Türk,SUI,,"SLO, SUI",,,merge as same athlete,country history,SLO,,SLO: 2026 - International Budapest Junior Cup (1 results); 2026 - Salamunov Memorial (2 results),SUI: 2023 - Austrian Future Cup (1 results),Vid Türk: not found 2027-2025
athlete_country_af9f1c8eae6dba1b,high,possible_athlete_country_change,Vsevolod Isayev,MAG,11664,Vsevolod Isayev,UKR,,"GBR, UKR",,,merge as same athlete,country history,GBR,,GBR: 2026 - Scottish Championships (5 results),UKR: 2020 - Ukrainian Championships (7 results); 2021 - Ukrainian Championships (14 results); 2024 - Scottish Championships (7 results),Vsevolod Isayev: not found 2027-2025
athlete_country_a1988c4ab37e1658,high,possible_athlete_country_change,Yaroslav Krutov,MAG,18861,Yaroslav Krutov,BLR,,"BLR, RUS",,,merge as same athlete,canonical country,BLR,,RUS: 2026 - Russian Cup (2 results),BLR: 2023 - Belarus Open Cup (5 results); 2023 - Russian Championships (2 results); 2024 - Belarus Open Cup (10 results),Yaroslav Krutov: not found 2027-2025
athlete_country_bb8455f15922b8da,high,possible_athlete_country_change,Zachary Gladu,MAG,15885,Zachary Gladu,CAN,,"CAN, USA",,,merge as same athlete,canonical country,CAN,,USA: 2026 - Sam Mikulak Invitational (3 results),CAN: 2022 - Canadian Championships (8 results),Zachary Gladu: not found 2027-2025
athlete_country_2457b49a786420a9,high,possible_athlete_country_change,Zachary Nunez,MAG,8869,Zachary Nunez,USA,,"PHI, USA",,,merge as same athlete,canonical country,USA,,PHI: 2026 - American Cup (1 results),USA: 2019 - U.S. Championships D1 (7 results); 2019 - U.S. Championships D2 (7 results); 2020 - Liukin Invitational (7 results); 2020 - Winter Cup Challenge (14 results); 2022 - Winter Cup (13 results); 2023 - Houston National Invitational (6 results); 2023 - U.S. Championships (8 results); 2023 - U.S. Classic (3 results),Zachary Nunez: not found 2027-2025
athlete_country_ad7ac93e023b18b2,high,possible_athlete_country_change,Alejandra Martinez,WAG,13365,Alejandra Martinez,RSA,,"MEX, RSA",,,merge as same athlete,country history,RSA,,MEX: 2026 - Mexican Championships (1 results),MEX: 2021 - Junior Pan American Championships (8 results); 2021 - Junior Pan American Games (5 results); 2025 - Mexican Championships (5 results) | RSA: 2024 - South African Championships (8 results); 2024 - Szombathely Challenge Cup (8 results); 2025 - South African Worlds Trials (10 results),Alejandra Martinez: not found 2027-2025
athlete_country_ed1726b594b72cec,high,possible_athlete_country_change,Analis Perez,WAG,16024,Analis Perez,ESP,,"DOM, ESP",,,merge as same athlete,canonical country,DOM,,DOM: 2026 - Pan American Championships (5 results),ESP: 2022 - 1st Spanish League (1 results); 2022 - 2nd Spanish League (5 results); 2023 - 1st Spanish League 2023 (5 results); 2023 - 2nd Spanish League (5 results); 2023 - 3rd Spanish League (5 results); 2024 - 1st Spanish League (2024 season) (3 results); 2024 - 2nd Spanish League (5 results); 2024 - 3rd Spanish League (3 results); 2024 - Spanish Championships (5 results); 2024 - Spanish League Final (5 results); 2025 - 1st Spanish League (5 results); 2025 - 2nd Spanish League (5 results); 2025 - Junior Pan American Games (7 results); 2025 - Junior World Championships (5 results); 2025 - Spanish Championships (5 results); 2025 - Spanish League Final (5 results),Analis Perez: not found 2027-2025
athlete_country_462148f783357572,high,possible_athlete_country_change,Ariana Henry,WAG,22082,Ariana Henry,USA,,"JAM, USA",,,merge as same athlete,country history,JAM,,JAM: 2026 - Pan American Championships (5 results),USA: 2024 - City of Lights National Qualifier (5 results),Ariana Henry: not found 2027-2025
athlete_country_1ef37e1256a3a1a9,high,possible_athlete_country_change,Claudine Soliman,WAG,11795,Claudine Soliman,GER,,"EGY, GER",,,merge as same athlete,canonical country,GER,,EGY: 2026 - 1st Bundesliga (5 results),GER: 2020 - German Junior Championships (5 results); 2020 - Pre-Olympic Youth Cup (5 results); 2021 - 1st Bundesliga (5 results); 2021 - 2nd Bundesliga (5 results); 2021 - 3rd Bundesliga (5 results); 2021 - German Junior Championships (7 results); 2022 - 1st Bundesliga (5 results); 2022 - 2nd Bundesliga (3 results); 2022 - 4th Bundesliga (3 results); 2022 - German Junior Championships (6 results); 2023 - Epernay Friendly (5 results); 2023 - German EYOF Trials (5 results); 2023 - German Junior Championships (13 results); 2023 - German Junior Cup (5 results); 2024 - 1st Bundesliga (5 results); 2024 - 2nd Bundesliga (2 results); 2024 - 3rd Bundesliga (3 results); 2024 - 4th Bundesliga (5 results); 2024 - DTB Pokal Team Challenge (2 results); 2024 - German Championships (5 results); 2025 - 1st Bundesliga (1 results); 2025 - 2nd Bundesliga (1 results); 2025 - 3rd Bundesliga (2 results); 2025 - 4th Bundesliga (5 results); 2025 - Bundesliga Finals (5 results),Claudine Soliman: not found 2027-2025
athlete_country_bffc497b8660f5f1,high,possible_athlete_country_change,Demi Dash,WAG,19328,Demi Dash,USA,,"DOM, USA",,,merge as same athlete,country history,DOM,,DOM: 2026 - Pan American Championships (1 results),USA: 2023 - Buckeye National Qualifier (5 results); 2023 - Las Vegas National Qualifier (5 results); 2023 - Parkettes National Qualifier (5 results); 2024 - City of Lights National Qualifier (3 results); 2024 - Rushmoor Rose Bowl (5 results); 2025 - Pikes Peak Cup National Qualifier (2 results); 2025 - Vegas Cup National Qualifier (2 results),Demi Dash: not found 2027-2025
athlete_country_74bc717ed59d6bb0,high,possible_athlete_country_change,Dina Safadi,WAG,22230,Dina Safadi,GER,,"GER, TUN",,,merge as same athlete,canonical country,GER,,TUN: 2026 - German Junior Championships (5 results),GER: 2024 - 1st Bundesliga (1 results); 2024 - 2nd Bundesliga (2 results); 2024 - German Cup (5 results); 2024 - German Junior Championships (8 results); 2025 - 3rd Bundesliga (1 results); 2025 - German Cup (5 results); 2025 - German Junior Championships (8 results),Dina Safadi: not found 2027-2025
athlete_country_62d9141f71695871,high,possible_athlete_country_change,Finley Young,WAG,16435,Finley Young,USA,,"CAN, USA",,,merge as same athlete,country history,CAN,,CAN: 2026 - Canadian Championships (5 results),USA: 2022 - Parkettes National Qualifier (5 results); 2023 - Hopes Classic (5 results); 2023 - Las Vegas National Qualifier (5 results); 2023 - WOGA Classic National Qualifier (5 results); 2024 - Hopes Championships (5 results); 2024 - Hopes Classic (5 results); 2024 - Magical March National Qualifier (5 results); 2024 - Vegas Cup National Qualifier (5 results),Finley Young: not found 2027-2025
athlete_country_4645f1eb9041eecb,high,possible_athlete_country_change,Giulia Asaftei,WAG,25123,Giulia Asaftei,ITA,,"ITA, POL",,,merge as same athlete,country history,POL,,POL: 2026 - Polish Championships (5 results),ITA: 2025 - 1st Italian Serie A (5 results); 2025 - 2nd Italian Serie A (5 results); 2025 - 3rd Italian Serie A (5 results); 2025 - Champion's Cup (5 results); 2025 - Italian Gold Championships (8 results),Giulia Asaftei: not found 2027-2025
athlete_country_19ce943ef95a4569,high,possible_athlete_country_change,Léna Khenoun,WAG,14210,Léna Khenoun,FRA,,"ALG, FRA",,,merge as same athlete,country history,ALG,,ALG: 2026 - African Championships (2 results),FRA: 2021 - Elite Gym Massilia (6 results); 2021 - French Championships (5 results); 2021 - French National Team Review (5 results); 2022 - City of Jesolo Trophy (5 results); 2022 - European Championships (3 results); 2022 - French Championships (3 results); 2022 - French Test Meet (5 results); 2022 - Top Gym Tournament (7 results); 2022 - Tournoi International (6 results); 2023 - DTB Pokal Team Challenge (5 results); 2023 - French Championships (12 results); 2023 - Tournoi International (5 results); 2024 - French National Team Review (5 results); 2025 - French Championships (8 results),Léna Khenoun: not found 2027-2025
athlete_country_02cfe06428899a20,high,possible_athlete_country_change,Lina Martin,WAG,14235,Lina Martin,FRA,,"ESP, FRA",,,merge as same athlete,canonical country,FRA,,ESP: 2026 - Top 12 Series 4 (3 results),FRA: 2021 - Top 12 Championships (5 results); 2022 - Top 12 Series 1 (1 results); 2023 - Top 12 Series 1 (1 results); 2024 - Top 12 Series 2 (2024 Season) (1 results); 2025 - Top 12 Series 1 (2 results); 2025 - Top 12 Series 1 (2025) (1 results); 2025 - Top 12 Series 2 (2025) (2 results); 2025 - Top 12 Series 4 (2 results); 2026 - Top 12 Series 3 (2026) (3 results),Lina Martin: not found 2027-2025
athlete_country_8dfb9837658027ac,high,possible_athlete_country_change,Louna Hamames Moallic,WAG,5491,Louna Hamames Moallic,FRA,,"ALG, FRA",,,merge as same athlete,country history,ALG,,ALG: 2026 - African Championships (5 results),FRA: 2018 - French Championships (7 results); 2019 - Elite Gym Massilia (5 results); 2019 - French Championships (5 results); 2023 - Top 12 Series 1 (3 results); 2023 - Top 12 Series 3 (3 results); 2023 - Top 12 Series 4 (1 results),Louna Hamames Moallic: not found 2027-2025
athlete_country_299b5d5252aa6e04,high,possible_athlete_country_change,Lucie Selvais,WAG,25511,Lucie Selvais,BEL,,"BEL, SLO",,,merge as same athlete,canonical country,BEL,,SLO: 2026 - Salamunov Memorial (5 results),BEL: 2025 - Horizon Cup (5 results); 2025 - Salamunov Memorial (5 results),Lucie Selvais: not found 2027-2025
athlete_country_90bc1aff297e2d39,high,possible_athlete_country_change,Maria Jvania,WAG,20084,Maria Jvania,FRA,,"FRA, GEO",,,merge as same athlete,canonical country,FRA,,GEO: 2026 - International GymSport (3 results); 2026 - Top 12 Finals (2 results),FRA: 2023 - French Championships (5 results); 2023 - French National Team Review (5 results); 2023 - Swiss Cup Juniors (5 results); 2023 - Tournoi International (6 results); 2024 - French Championships (5 results); 2024 - French National Team Review (5 results); 2024 - Tournoi International (6 results); 2025 - EYOF Preparation Event (7 results); 2025 - European Youth Olympic Festival (7 results); 2025 - French Championships (7 results); 2025 - Junior World Championships (10 results); 2025 - Top 12 Series 1 (5 results); 2025 - Top 12 Series 2 (3 results); 2025 - Tournoi International (6 results),Maria Jvania: not found 2027-2025
athlete_country_c0cce11313b814c4,high,possible_athlete_country_change,Paula Gonzalez,WAG,25822,Paula Gonzalez,MEX,,"ESP, MEX",,,merge as same athlete,canonical country,MEX,,ESP: 2026 - Spanish League Final (3 results),MEX: 2025 - Mexican Championships (5 results),Paula Gonzalez: not found 2027-2025
athlete_country_cb21215308f04812,high,possible_athlete_country_change,Poppy Elwood,WAG,17125,Poppy Elwood,IRL,,"GBR, IRL",,,merge as same athlete,canonical country,IRL,,GBR: 2026 - Unni & Haralds Trophy (5 results),IRL: 2022 - Rushmoor Rose Bowl (5 results); 2023 - Irish Championships (5 results); 2023 - Northern European Championships (5 results); 2023 - Rushmoor Rose Bowl (5 results); 2024 - British Team Championships (3 results); 2024 - Northern European Championships (6 results); 2024 - Welsh Championships (5 results); 2025 - British Championships (5 results); 2025 - Northern European Championships (6 results); 2025 - Scottish Championships (5 results),Poppy Elwood: not found 2027-2025
athlete_country_7fc2dc5dbd0da1f0,high,possible_athlete_country_change,Regina Kovacs,WAG,17141,Regina Kovacs,AUT,,"AUT, HUN",,,merge as same athlete,canonical country,AUT,,HUN: 2026 - Elek Matolay Memorial (5 results),AUT: 2022 - Hanspeter Demetz Memorial (5 results); 2023 - Austrian Championships (9 results); 2023 - Elek Matolay Memorial (11 results); 2023 - Hanspeter Demetz Memorial (5 results); 2025 - Elek Matolay Memorial (13 results); 2025 - European Youth Olympic Festival (5 results); 2025 - Hungarian Championships (5 results); 2025 - Hungarian Junior Championships (9 results); 2025 - Hungarian Junior Event Championships (3 results); 2025 - Olympic Hopes Cup (6 results),Regina Kovacs: not found 2027-2025
athlete_country_88b22a26a14cea5d,high,possible_athlete_country_change,Ruba Al Daoud,WAG,6401,Ruba Al Daoud,JOR,,"JOR, QAT",,,merge as same athlete,canonical country,JOR,,QAT: 2026 - Cottbus World Cup (3 results),JOR: 2018 - World Championships (7 results); 2019 - Doha World Cup (4 results); 2023 - Cairo World Cup (3 results),Ruba Al Daoud: not found 2027-2025
athlete_country_ada0b83245a6ac92,high,possible_athlete_country_change,Sofia Perez,WAG,20562,Sofia Perez,ECU,,"ECU, ESP",,,merge as same athlete,canonical country,ECU,,ESP: 2026 - 2nd Spanish League (1 results),ECU: 2023 - Junior World Championships (5 results); 2023 - South American Junior Championships (5 results),Sofia Perez: not found 2027-2025
athlete_country_932bf6ad330aea11,high,possible_athlete_country_change,Valeriia Horanska,WAG,23271,Valeriia Horanska,SUI,,"SUI, UKR",,,merge as same athlete,canonical country,SUI,,UKR: 2026 - Luxembourg Open (5 results),SUI: 2024 - Swiss Championships (3 results),Valeriia Horanska: not found 2027-2025
athlete_country_c49b4971426d4280,high,possible_athlete_country_change,Yannick Worring,WAG,12212,Yannick Worring,GER,,"GER, PER",,,merge as same athlete,country history,PER,,PER: 2026 - 1st Spanish League (2 results); 2026 - Pan American Championships (2 results),GER: 2020 - 1st Bundesliga (3 results); 2021 - 1st Bundesliga (2 results); 2021 - 2nd Bundesliga (1 results); 2022 - 1st Bundesliga (2 results); 2022 - 2nd Bundesliga (1 results); 2022 - 3rd Bundesliga (2 results); 2022 - 4th Bundesliga (2 results); 2022 - German Junior Championships (7 results); 2023 - 1st Bundesliga (5 results); 2023 - 2nd Bundesliga (5 results); 2023 - 3rd Bundesliga (5 results); 2023 - 4th Bundesliga (5 results); 2023 - German Junior Championships (5 results); 2023 - German Junior Cup (5 results); 2024 - 1st Bundesliga (1 results); 2024 - 2nd Bundesliga (5 results); 2024 - 3rd Bundesliga (5 results); 2024 - 4th Bundesliga (5 results); 2024 - Michel Wanten Cup (5 results); 2025 - 2nd Bundesliga (3 results),Yannick Worring: not found 2027-2025
athlete_country_04f82fd9d372d5cb,high,possible_athlete_country_change,Yliana Ndiaye,WAG,26197,Yliana Ndiaye,FRA,,"FRA, SEN",,,merge as same athlete,country history,SEN,,SEN: 2026 - African Championships (5 results),FRA: 2025 - Top 12 Series 2 (1 results); 2025 - Top 12 Series 3 (1 results),Yliana Ndiaye: not found 2027-2025
athlete_match_dda05fa80a968262,medium,possible_existing_athlete_match,Abu Saeed Rafi,MAG,2517,Saeed Rafi Abu,BAN,1.0,"BAN, BAN",accept_suggestion,same_country_review_reuse,merge as same athlete,,,Pre-filled from same-country admin decision memory. Country is unchanged; change-country cases still require manual review. Source: 2023 gymternet_2023_existing_athlete_match_review.csv.,BAN: 2026 - Asian Championships (3 results); 2026 - Singapore Open (1 results),BAN: 2018 - Asian Junior Championships (9 results); 2020 - Voronin Cup (7 results); 2022 - Commonwealth Games (7 results); 2022 - Islamic Solidarity Games (12 results); 2023 - Asian Games (2 results),Abu Saeed Rafi: not found 2027-2025 | Saeed Rafi Abu: not found 2027-2025
athlete_match_fcbe4182afd7fe8a,medium,possible_existing_athlete_match,Al-Harith Rakan,MAG,2366,Rakan Al-Harith,QAT,1.0,"QAT, QAT",accept_suggestion,same_country_review_reuse,merge as same athlete,,,Pre-filled from same-country admin decision memory. Country is unchanged; change-country cases still require manual review. Source: 2024 gymternet_2024_existing_athlete_match_review.csv.,QAT: 2026 - Cairo World Cup (1 results); 2026 - Cottbus World Cup (1 results); 2026 - Osijek World Cup (1 results); 2026 - Tashkent Challenge Cup (1 results),QAT: 2018 - Asian Junior Championships (1 results); 2019 - Singapore Open (5 results); 2022 - Asian Championships (2 results); 2022 - Cairo World Cup (1 results); 2022 - Doha World Cup (1 results); 2022 - Gymnasiade (2 results); 2022 - Islamic Solidarity Games (2 results); 2023 - Asian Championships (1 results); 2023 - Baku World Cup (1 results); 2023 - Cairo World Cup (1 results); 2023 - Cottbus World Cup (1 results); 2023 - Doha World Cup (1 results); 2023 - Mersin Challenge Cup (1 results); 2023 - Pharaoh's Cup (2 results); 2024 - Asian Championships (1 results); 2024 - Baku World Cup (1 results); 2024 - Cairo World Cup (1 results); 2024 - Cottbus World Cup (1 results); 2025 - Asian Championships (2 results); 2025 - Doha World Cup (1 results); 2025 - Koper Challenge Cup (2 results); 2025 - Osijek World Cup (1 results); 2025 - Szombathely Challenge Cup (1 results); 2025 - World Championships (1 results),Al-Harith Rakan: not found 2027-2025 | Rakan Al-Harith: not found 2027-2025
athlete_match_641fc1ba41f67abf,medium,possible_existing_athlete_match,Kai Jack Liew,MAG,15320,Jack Liew Kai,MAS,1.0,"MAS, MAS",,,merge as same athlete,,,,MAS: 2026 - Asian Championships (4 results),MAS: 2022 - Singapore Open (4 results),Kai Jack Liew: not found 2027-2025 | Jack Liew Kai: not found 2027-2025
athlete_match_989e3eb688760a2d,medium,possible_existing_athlete_match,Levin Eren,MAG,15197,Eren Levin,GER,1.0,"GER, GER",accept_suggestion,same_country_review_reuse,merge as same athlete,,,Pre-filled from same-country admin decision memory. Country is unchanged; change-country cases still require manual review. Source: 2025 gymternet_2025_existing_athlete_match_review.csv.,GER: 2026 - German Junior Championships (5 results),GER: 2022 - Austrian Future Cup (7 results); 2024 - Austrian Future Cup (7 results); 2024 - Rheintal Cup (7 results); 2024 - Wohnen Juniors Trophy (9 results); 2025 - German Cup (7 results),Levin Eren: not found 2027-2025 | Eren Levin: not found 2027-2025
athlete_match_b575c408c7104680,medium,possible_existing_athlete_match,Maximilian Ernst,MAG,15204,Ernst Maximilian,GER,1.0,"GER, GER",accept_suggestion,same_country_review_reuse,merge as same athlete,,,Pre-filled from same-country admin decision memory. Country is unchanged; change-country cases still require manual review. Source: 2025 gymternet_2025_existing_athlete_match_review.csv.,GER: 2026 - German Junior Championships (5 results),GER: 2022 - Austrian Future Cup (7 results); 2024 - Austrian Future Cup (7 results); 2024 - Rheintal Cup (8 results); 2024 - Wohnen Juniors Trophy (11 results); 2025 - Wohnen Juniors Trophy (13 results),Maximilian Ernst: not found 2027-2025 | Ernst Maximilian: not found 2027-2025
athlete_match_a650b65565cb8675,medium,possible_existing_athlete_match,Nikita Loran,MAG,15469,Loran Nikita,GER,1.0,"GER, GER",accept_suggestion,same_country_review_reuse,merge as same athlete,,,Pre-filled from same-country admin decision memory. Country is unchanged; change-country cases still require manual review. Source: 2024 gymternet_2024_existing_athlete_match_review.csv.,GER: 2026 - German Junior Championships (5 results),GER: 2022 - Austrian Future Cup (7 results); 2024 - Austrian Future Cup (7 results),Nikita Loran: not found 2027-2025 | Loran Nikita: not found 2027-2025
athlete_match_1dedbe27301affbd,medium,possible_existing_athlete_match,Phinyo Brick,MAG,15080,Brick Phinyo,GER,1.0,"GER, GER",accept_suggestion,same_country_review_reuse,merge as same athlete,,,Pre-filled from same-country admin decision memory. Country is unchanged; change-country cases still require manual review. Source: 2025 gymternet_2025_existing_athlete_match_review.csv.,GER: 2026 - International Junior Team Cup (5 results),GER: 2022 - Austrian Future Cup (7 results); 2024 - Austrian Future Cup (12 results); 2024 - International Junior Team Cup (10 results); 2024 - Rheintal Cup (8 results); 2024 - Wohnen Juniors Trophy (15 results); 2025 - German Cup (7 results); 2025 - German Junior Championships (10 results); 2025 - International Junior Team Cup (5 results); 2025 - Wohnen Juniors Trophy (10 results),Phinyo Brick: not found 2027-2025 | Brick Phinyo: not found 2027-2025
athlete_match_e4c6efe5f1fbca86,medium,possible_existing_athlete_match,Pier-Olivier Julien,MAG,12647,Julien Pier-Olivier,CAN,1.0,"CAN, CAN",accept_suggestion,same_country_review_reuse,merge as same athlete,,,Pre-filled from same-country admin decision memory. Country is unchanged; change-country cases still require manual review. Source: 2025 gymternet_2025_existing_athlete_match_review.csv.,CAN: 2026 - Canadian Championships (5 results),CAN: 2021 - Elite Canada (14 results); 2024 - Candadian Championships (14 results); 2024 - Elite Canada (14 results); 2025 - Canadian Championships (2 results),Pier-Olivier Julien: not found 2027-2025 | Julien Pier-Olivier: not found 2027-2025
athlete_match_6d1e818dd85c53a6,medium,possible_existing_athlete_match,Radek Cermak,MAG,17664,Cermak Radek,CZE,1.0,"CZE, CZE",accept_suggestion,same_country_review_reuse,merge as same athlete,,,Pre-filled from same-country admin decision memory. Country is unchanged; change-country cases still require manual review. Source: 2025 gymternet_2025_existing_athlete_match_review.csv.,CZE: 2026 - Czech Championships (5 results),CZE: 2023 - Wohnen Juniors Trophy (5 results); 2025 - Wohnen Juniors Trophy (13 results),Radek Cermak: not found 2027-2025 | Cermak Radek: not found 2027-2025
athlete_match_2905f0bd061cc0f8,medium,possible_existing_athlete_match,Shishir Ahmed,MAG,63,Ahmed Shishir,BAN,1.0,"BAN, BAN",accept_suggestion,same_country_review_reuse,merge as same athlete,,,Pre-filled from same-country admin decision memory. Country is unchanged; change-country cases still require manual review. Source: 2022 gymternet_2022_existing_athlete_match_review.csv.,BAN: 2026 - Asian Championships (4 results); 2026 - Singapore Open (1 results),BAN: 2018 - Asian Junior Championships (9 results); 2018 - Voronin Cup (7 results); 2022 - Commonwealth Games (9 results); 2022 - Islamic Solidarity Games (2 results),Shishir Ahmed: not found 2027-2025 | Ahmed Shishir: not found 2027-2025
athlete_match_7d490cebbe876416,medium,possible_existing_athlete_match,Sk Nabhigh Ali,MAG,24134,Nabhigh Ali Sk,IND,1.0,"IND, IND",,,merge as same athlete,,,,IND: 2026 - Asian Championships (3 results),IND: 2025 - Asian Championships (7 results),Sk Nabhigh Ali: not found 2027-2025 | Nabhigh Ali Sk: not found 2027-2025
athlete_match_069a8f9c947a68d6,medium,possible_existing_athlete_match,Suphacheep Baobenmad,MAG,328,Baobenmad Suphacheep,THA,1.0,"THA, THA",accept_suggestion,same_country_review_reuse,merge as same athlete,,,Pre-filled from same-country admin decision memory. Country is unchanged; change-country cases still require manual review. Source: 2025 gymternet_2025_existing_athlete_match_review.csv.,THA: 2026 - Asian Championships (5 results),THA: 2018 - Asian Junior Championships (9 results); 2018 - Singapore Open (14 results); 2021 - World Championships (7 results); 2022 - Southeast Asian Games (2 results); 2023 - Asian Championships (7 results); 2023 - Asian Games (14 results); 2023 - Southeast Asian Games (9 results); 2024 - Asian Championships (7 results); 2025 - Asian Championships (7 results); 2025 - Southeast Asian Games (3 results); 2025 - Strongest Athletes Cup (10 results),Suphacheep Baobenmad: not found 2027-2025 | Baobenmad Suphacheep: not found 2027-2025
athlete_match_78ee7c25287b92a4,medium,possible_existing_athlete_match,Sviatoslav Shved,MAG,18649,Shved Sviatoslav,UKR,1.0,"UKR, UKR",accept_suggestion,same_country_review_reuse,merge as same athlete,,,Pre-filled from same-country admin decision memory. Country is unchanged; change-country cases still require manual review. Source: 2025 gymternet_2025_existing_athlete_match_review.csv.,UKR: 2026 - Osijek World Cup (3 results); 2026 - Varna Challenge Cup (2 results),UKR: 2023 - Austrian Future Cup (10 results); 2023 - European Youth Olympic Festival (8 results); 2024 - European Championships (6 results); 2025 - Szombathely Challenge Cup (2 results); 2025 - World Championships (2 results),Sviatoslav Shved: not found 2027-2025 | Shved Sviatoslav: not found 2027-2025
athlete_match_0d02d1efffea39d3,medium,possible_existing_athlete_match,Taiga Baba,MAG,17594,Baba Taiga,JPN,1.0,"JPN, JPN",,,merge as same athlete,,,,JPN: 2026 - Liukin Invitational (5 results),JPN: 2023 - Austrian Future Cup (13 results); 2025 - All-Japan Junior Championships (7 results); 2025 - All-Japan Team Championships (1 results),Taiga Baba: not found 2027-2025 | Baba Taiga: not found 2027-2025
athlete_match_e7b69148c62d031f,medium,possible_existing_athlete_match,Zeno Csuka,MAG,15116,Csuka Zeno,GER,1.0,"GER, GER",accept_suggestion,same_country_review_reuse,merge as same athlete,,,Pre-filled from same-country admin decision memory. Country is unchanged; change-country cases still require manual review. Source: 2025 gymternet_2025_existing_athlete_match_review.csv.,GER: 2026 - International Junior Team Cup (5 results),GER: 2022 - Austrian Future Cup (7 results); 2023 - Austrian Future Cup (7 results); 2024 - Chemnitz Junior Friendly (7 results); 2024 - International Junior Team Cup (7 results); 2024 - Wohnen Juniors Trophy (12 results); 2025 - Biel Junior Friendly (5 results); 2025 - European Youth Olymipc Festival (7 results); 2025 - German Cup (1 results); 2025 - German Junior Championships (17 results); 2025 - International Junior Team Cup (8 results),Zeno Csuka: not found 2027-2025 | Csuka Zeno: not found 2027-2025
athlete_match_197a795e9f2d0f31,medium,possible_existing_athlete_match,Achta Derib,WAG,22222,Derib Achta,CHA,1.0,"CHA, CHA",accept_suggestion,same_country_review_reuse,merge as same athlete,,,Pre-filled from same-country admin decision memory. Country is unchanged; change-country cases still require manual review. Source: 2025 gymternet_2025_existing_athlete_match_review.csv.,CHA: 2026 - 2nd Spanish League (1 results),CHA: 2024 - African Championships (7 results); 2025 - 2nd Spanish League (5 results),Achta Derib: not found 2027-2025 | Derib Achta: not found 2027-2025
athlete_match_0a4c94226f136899,high,possible_existing_athlete_match,Frederik Davies-Vaneetvelde,MAG,21151,Frederick Davies-Vaneetvelde,IRL,0.982,"IRL, RSA",,,merge as same athlete,country history,RSA,,RSA: 2026 - Unni & Haralds Trophy (5 results),IRL: 2024 - Irish Championships (7 results),Frederik Davies-Vaneetvelde: not found 2027-2025 | Frederick Davies-Vaneetvelde: not found 2027-2025
athlete_match_ff2d860a748bebb1,medium,possible_existing_athlete_match,Emanuele Mastrostefan,MAG,23642,Emanuele Mastrostefano,ITA,0.977,"ITA, ITA",,,merge as same athlete,,,,ITA: 2026 - 2nd Italian Serie A (5 results),ITA: 2025 - Champion's Cup (7 results),Emanuele Mastrostefan: not found 2027-2025 | Emanuele Mastrostefano: not found 2027-2025
athlete_match_0bfd2482deb3d541,medium,possible_existing_athlete_match,Rubens Bourges Correia,MAG,8408,Rubens Borges Correia,FRA,0.977,"FRA, FRA",,,merge as same athlete,,,,FRA: 2026 - Top 12 Series 3 (1 results),FRA: 2019 - Top 12 Series 1 (1 results); 2019 - Top 12 Series 3 (1 results); 2019 - Top 12 Series 4 (1 results); 2020 - Top 12 Series 6 (1 results); 2021 - Top 12 Championships (1 results); 2022 - French Championships (14 results); 2022 - Top 12 Series 2 (2 results); 2022 - Top 12 Series 3 (2 results); 2022 - Top 12 Series 5 (3 results); 2022 - Top 12 Series 6 (3 results); 2023 - Avignon Friendly (7 results); 2023 - French Championships (14 results); 2023 - International Junior Team Cup (14 results); 2023 - Top 12 Finals (1 results); 2023 - Top 12 Series 1 (2023) (2 results); 2023 - Top 12 Series 3 (1 results); 2023 - Top 12 Series 3 (2023) (2 results); 2023 - Top 12 Series 7 (1 results); 2024 - French Championships (11 results); 2024 - Top 12 Finals (2 results); 2024 - Top 12 Series 5 (2 results); 2024 - Top 12 Series 6 (2 results); 2024 - Top 12 Series 7 (3 results); 2025 - French Championships (4 results); 2025 - Top 12 Finals (1 results); 2025 - Top 12 Semifinals (1 results); 2025 - Top 12 Series 5 (1 results); 2025 - Top 12 Series 6 (1 results),Rubens Bourges Correia: not found 2027-2025 | Rubens Borges Correia: not found 2027-2025
athlete_match_705914dc38e3eb1b,medium,possible_existing_athlete_match,Constanza Galfrascoli,WAG,22190,Constanza Galfranscoli,ARG,0.977,"ARG, ARG",accept_suggestion,same_country_review_reuse,merge as same athlete,,,Pre-filled from same-country admin decision memory. Country is unchanged; change-country cases still require manual review. Source: 2025 gymternet_2025_existing_athlete_match_review.csv.,ARG: 2026 - Luxembourg Open (4 results),ARG: 2024 - Pan American Championships (8 results); 2025 - Argentinian Championships (5 results),Constanza Galfrascoli: not found 2027-2025 | Constanza Galfranscoli: not found 2027-2025
athlete_match_9cddd5abb03294a8,medium,possible_existing_athlete_match,Kenza Ben Abderramane,WAG,16673,Kenza Ben Abderrahmane,AUT,0.977,"AUT, AUT",,,merge as same athlete,,,,AUT: 2026 - Elek Matolay Memorial (5 results),AUT: 2022 - Hanspeter Demetz Memorial (5 results); 2022 - Salamunov Memorial (3 results); 2023 - Hanspeter Demetz Memorial (5 results); 2025 - Austrian Team Championships (2 results); 2025 - Hanspeter Demetz Memorial (5 results),Kenza Ben Abderramane: not found 2027-2025 | Kenza Ben Abderrahmane: not found 2027-2025
athlete_match_236d28ed1200186c,medium,possible_existing_athlete_match,Wessel van de Sande,MAG,18839,Wessel van der Sande,NED,0.974,"NED, NED",accept_suggestion,same_country_review_reuse,merge as same athlete,,,Pre-filled from same-country admin decision memory. Country is unchanged; change-country cases still require manual review. Source: 2025 gymternet_2025_existing_athlete_match_review.csv.,NED: 2026 - Dutch Championships (3 results),NED: 2023 - Wase Gymcup (5 results); 2025 - Dutch Championships (16 results); 2025 - Wase Gymcup (2 results),Wessel van de Sande: not found 2027-2025 | Wessel van der Sande: not found 2027-2025
athlete_match_a77eeb73faaab340,medium,possible_existing_athlete_match,Nika Kukuljan Frleta,WAG,6099,Nika Kukljan Frleta,CRO,0.974,"CRO, CRO",accept_suggestion,same_country_review_reuse,merge as same athlete,,,Pre-filled from same-country admin decision memory. Country is unchanged; change-country cases still require manual review. Source: 2025 gymternet_2025_existing_athlete_match_review.csv.,CRO: 2026 - Salamunov Memorial (3 results),CRO: 2018 - Zelena Jama Open (5 results); 2019 - Salamunov Memorial (9 results); 2019 - Stella Zakharova Cup (6 results); 2020 - Croatian Championships (7 results); 2020 - European Championships (6 results); 2022 - Croatian Championships (2 results); 2022 - European Championships (5 results); 2022 - Mersin Challenge Cup (2 results); 2022 - Szombathely Challenge Cup (2 results); 2022 - World Championships (3 results); 2023 - Croatian Championships (5 results); 2023 - European Championships (5 results); 2023 - Salamunov Memorial (6 results); 2024 - Christmas Cup (1 results); 2024 - Croatian Championships (5 results); 2024 - Croatian Event Championships (6 results); 2024 - Salamunov Memorial (13 results); 2025 - Croatian Championships (5 results); 2025 - Croatian Event Championships (5 results),Nika Kukuljan Frleta: not found 2027-2025 | Nika Kukljan Frleta: not found 2027-2025
athlete_match_2de10d103fac6ba7,medium,possible_existing_athlete_match,Daniel Winterborne,MAG,609,Daniel Winterbourne,GBR,0.973,"GBR, GBR",accept_suggestion,same_country_review_reuse,merge as same athlete,,,Pre-filled from same-country admin decision memory. Country is unchanged; change-country cases still require manual review. Source: 2025 gymternet_2025_existing_athlete_match_review.csv.,GBR: 2026 - English Championships (5 results),GBR: 2018 - Welsh Championships (7 results); 2019 - Welsh Championships (7 results); 2021 - British Championships (7 results); 2022 - British Championships (7 results); 2022 - Welsh Championships (7 results); 2023 - Austrian Future Cup (5 results); 2024 - Austrian Future Cup (4 results); 2024 - British Championships (5 results); 2024 - Welsh Championships (7 results); 2025 - Sokol Grand Prix (2 results),Daniel Winterborne: not found 2027-2025 | Daniel Winterbourne: not found 2027-2025
athlete_match_237f316c3b5ef9d2,medium,possible_existing_athlete_match,Justine Ace de Leon,MAG,1520,Justine Ace Deleon,PHI,0.973,"PHI, PHI",accept_suggestion,same_country_review_reuse,merge as same athlete,,,Pre-filled from same-country admin decision memory. Country is unchanged; change-country cases still require manual review. Source: 2025 gymternet_2025_existing_athlete_match_review.csv.,PHI: 2026 - Asian Championships (3 results); 2026 - Cairo World Cup (1 results),PHI: 2018 - Singapore Open (12 results); 2019 - Southeast Asian Games (5 results); 2019 - Toyota International (5 results); 2020 - Baku World Cup (1 results); 2022 - Asian Championships (3 results); 2023 - Asian Championships (5 results); 2023 - Asian Games (4 results); 2023 - Philippine National Games (9 results); 2023 - Southeast Asian Games (5 results); 2024 - Asian Championships (7 results); 2024 - Pacific Rim Championships (8 results); 2025 - Asian Championships (5 results); 2025 - Southeast Asian Games (4 results); 2025 - World Championships (1 results),Justine Ace de Leon: not found 2027-2025 | Justine Ace Deleon: not found 2027-2025
athlete_match_b73f83cc6ec6ab66,medium,possible_existing_athlete_match,Miryusif Ahmadzada,MAG,24107,Miriyusif Ahmadzada,AZE,0.973,"AZE, AZE",,,merge as same athlete,,,,AZE: 2026 - AGF Trophy (4 results),AZE: 2025 - Wase Gymcup (2 results),Miryusif Ahmadzada: not found 2027-2025 | Miriyusif Ahmadzada: not found 2027-2025
athlete_match_bbbe9d83c4b68351,medium,possible_existing_athlete_match,Riquelme Wajawakana,MAG,24253,Riquelme Wajwakana,NED,0.973,"NED, NED",,,merge as same athlete,,,,NED: 2026 - International Junior Team Cup (5 results),NED: 2025 - Dutch Euros Trials 2 (3 results); 2025 - International Junior Team Cup (12 results),Riquelme Wajawakana: not found 2027-2025 | Riquelme Wajwakana: not found 2027-2025
athlete_match_8ecf26854ee7e962,medium,possible_existing_athlete_match,Victoriane Charron,WAG,6933,Victorianne Charron,CAN,0.973,"CAN, CAN",accept_suggestion,same_country_review_reuse,merge as same athlete,,,Pre-filled from same-country admin decision memory. Country is unchanged; change-country cases still require manual review. Source: 2025 gymternet_2025_existing_athlete_match_review.csv.,CAN: 2026 - International Gymnix (5 results),CAN: 2018 - Tournoi International (10 results); 2019 - Tournoi International (11 results); 2021 - Canadian Championships (14 results); 2021 - Canadian Technical Trial 1 (7 results); 2021 - Canadian Technical Trial 2 (1 results); 2021 - Elite Canada (5 results); 2022 - Canadian Championships (14 results); 2022 - Elite Canada (8 results); 2022 - International GymSport (12 results); 2022 - Pan American Championships (8 results); 2022 - Tournoi International (11 results); 2023 - Junior World Championships (16 results); 2024 - Elite Canada (1 results); 2024 - Gymnova Cup (6 results); 2024 - International Gymnix (4 results); 2025 - Canadian Championships (10 results); 2025 - City of Jesolo Trophy (5 results); 2025 - Elite Canada (10 results); 2025 - Gymnova Cup (5 results); 2025 - International Gymnix (5 results),Victoriane Charron: not found 2027-2025 | Victorianne Charron: not found 2027-2025
athlete_match_c4c5002db532bb1e,medium,possible_existing_athlete_match,Nikita Kolesnikov,MAG,2158,Nikita Kolyesnikov,RUS,0.971,"RUS, RUS",accept_suggestion,same_country_review_reuse,merge as same athlete,,,Pre-filled from same-country admin decision memory. Country is unchanged; change-country cases still require manual review. Source: 2025 gymternet_2025_existing_athlete_match_review.csv.,RUS: 2026 - Russian Cup (5 results),RUS: 2018 - Russian Junior Championships (7 results); 2019 - Russian Junior Championships (14 results); 2022 - Russian Championships (7 results); 2022 - Spartakiade (7 results); 2023 - Russian Championships (7 results); 2024 - Russian Championships (7 results); 2025 - Russian Championships (14 results); 2025 - Russian Cup (7 results),Nikita Kolesnikov: not found 2027-2025 | Nikita Kolyesnikov: not found 2027-2025
athlete_match_2b53ace1c890e9cf,medium,possible_existing_athlete_match,Victor Tournicourt,MAG,13246,Victor Tounicourt,BEL,0.971,"BEL, BEL",accept_suggestion,same_country_review_reuse,merge as same athlete,,,Pre-filled from same-country admin decision memory. Country is unchanged; change-country cases still require manual review. Source: 2025 gymternet_2025_existing_athlete_match_review.csv.,BEL: 2026 - Belgian Championships (5 results),BEL: 2021 - Wase Gymcup (6 results); 2022 - Belgian Championships (7 results); 2022 - DTB Pokal Team Challenge (4 results); 2022 - European Championships (3 results); 2022 - International Junior Team Cup (10 results); 2022 - Swiss Cup Juniors (4 results); 2022 - Wase Gymcup (8 results); 2023 - Belgian Championships (7 results); 2023 - Dutch EYOF Trials (7 results); 2023 - European Youth Olympic Festival (9 results); 2023 - Junior World Championships (7 results); 2023 - Luxembourg Open (9 results); 2023 - Wase Gymcup (10 results); 2024 - DTB Pokal Team Challenge (10 results); 2024 - European Championships (3 results); 2024 - Wase Gymcup (2 results); 2025 - Wase Gymcup (1 results),Victor Tournicourt: not found 2027-2025 | Victor Tounicourt: not found 2027-2025
athlete_match_ff8d6592919b2b34,medium,possible_existing_athlete_match,Anamaria Mihaescu,WAG,16022,Ana Maria Mihaescu,ROU,0.971,"ROU, ROU",accept_suggestion,same_country_review_reuse,merge as same athlete,,,Pre-filled from same-country admin decision memory. Country is unchanged; change-country cases still require manual review. Source: 2025 gymternet_2025_existing_athlete_match_review.csv.,ROU: 2026 - 2nd Italian Serie A (5 results),ROU: 2022 - Balkan Championships (11 results); 2022 - Elek Matolay Memorial (12 results); 2022 - Horizon Cup (5 results); 2022 - Petrom Cup (1 results); 2022 - Romanian Championships (10 results); 2022 - Romanian Junior Championships (5 results); 2022 - Romanian Junior Individual Championships (5 results); 2023 - DTB Pokal Team Challenge (8 results); 2023 - European Youth Olympic Festival (7 results); 2023 - Junior World Championships (5 results); 2023 - Rising Stars Trophy (5 results); 2023 - Romanian Championships (12 results); 2023 - Romanian Junior Championships (11 results); 2023 - Tournoi International (7 results); 2024 - European Championships (11 results); 2024 - International Gymnix (11 results); 2024 - Rising Stars Trophy (11 results); 2024 - Romanian Individual Championships (10 results); 2024 - Romanian Junior Championships (5 results); 2024 - Tournoi International (7 results); 2025 - City of Jesolo Trophy (5 results); 2025 - Romanian Championships (5 results); 2025 - Romanian Worlds Trials (6 results); 2025 - Saint-Étienne Friendly (3 results); 2025 - Szombathely Challenge Cup (6 results); 2025 - World Championships (5 results),Anamaria Mihaescu: not found 2027-2025 | Ana Maria Mihaescu: not found 2027-2025
athlete_match_239ef6882e924b0d,medium,possible_existing_athlete_match,Charlie Radencich,WAG,3916,Charlise Radencich,CAN,0.971,"CAN, CAN",,,merge as same athlete,,,,CAN: 2026 - Canadian Championships (5 results),CAN: 2018 - Tournoi International (5 results); 2020 - Elite Canada (10 results); 2021 - Canadian Championships (10 results); 2021 - Canadian Technical Trial 1 (5 results); 2021 - Canadian Technical Trial 2 (5 results); 2021 - Elite Canada (5 results),Charlie Radencich: not found 2027-2025 | Charlise Radencich: not found 2027-2025
athlete_match_08d9d257627a6ae1,medium,possible_existing_athlete_match,Helena Olyslaegers,WAG,19617,Helena Olyslagers,BEL,0.971,"BEL, BEL",accept_suggestion,same_country_review_reuse,merge as same athlete,,,Pre-filled from same-country admin decision memory. Country is unchanged; change-country cases still require manual review. Source: 2025 gymternet_2025_existing_athlete_match_review.csv.,BEL: 2026 - Belgian Championships (5 results),BEL: 2023 - Wase Gymcup (5 results); 2025 - Belgian Championships (5 results); 2025 - Salamunov Memorial (1 results),Helena Olyslaegers: not found 2027-2025 | Helena Olyslagers: not found 2027-2025
athlete_match_c70346ada85e0efc,medium,possible_existing_athlete_match,Philippa Busuttil,WAG,10722,Phillippa Busuttil,MLT,0.971,"MLT, MLT",accept_suggestion,same_country_review_reuse,merge as same athlete,,,Pre-filled from same-country admin decision memory. Country is unchanged; change-country cases still require manual review. Source: 2025 gymternet_2025_existing_athlete_match_review.csv.,MLT: 2026 - City of Jesolo Trophy (5 results),MLT: 2019 - Tiger Cup (5 results); 2021 - Gymstars International (1 results); 2022 - COMEGYM Championships (10 results); 2022 - European Championships (7 results); 2022 - European Youth Olympic Festival (7 results); 2022 - GymStars International (7 results); 2022 - Malta Championships (7 results); 2022 - Tournoi International (7 results); 2023 - Mediterranean Championships (8 results); 2024 - Antalya Challenge Cup (3 results); 2024 - European Championships (5 results); 2024 - Malta Championships (7 results); 2025 - 1st Italian Serie A (2 results); 2025 - 2nd Italian Serie A (3 results); 2025 - 3rd Italian Serie A (2 results); 2025 - City of Jesolo Trophy (6 results); 2025 - Games of the Small States (7 results); 2025 - Malta Championships (5 results); 2025 - Szombathely Challenge Cup (5 results),Philippa Busuttil: not found 2027-2025 | Phillippa Busuttil: not found 2027-2025
athlete_match_eadb934e33b686d5,medium,possible_existing_athlete_match,Asgeir Asgeirson,MAG,17571,Asgeir Asgeirsson,ISL,0.97,"ISL, ISL",,,merge as same athlete,,,,ISL: 2026 - Icelandic Championships (5 results),ISL: 2023 - Nordic Junior Championships (10 results); 2024 - Icelandic Championships (8 results); 2025 - Icelandic Championships (5 results),Asgeir Asgeirson: not found 2027-2025 | Asgeir Asgeirsson: not found 2027-2025
athlete_match_57c399e2c25765e4,medium,possible_existing_athlete_match,Denis Brusenskiy,MAG,686,Denis Brusyenskiy,RUS,0.97,"RUS, RUS",accept_suggestion,same_country_review_reuse,merge as same athlete,,,Pre-filled from same-country admin decision memory. Country is unchanged; change-country cases still require manual review. Source: 2025 gymternet_2025_existing_athlete_match_review.csv.,RUS: 2026 - Russian Cup (5 results),RUS: 2018 - Russian Junior Championships (14 results); 2020 - Russian Championships (16 results); 2023 - Russian Championships (3 results); 2024 - Russian Championships (7 results); 2024 - Voronin Cup (7 results); 2025 - Russian Championships (20 results); 2025 - Russian Cup (14 results); 2025 - Voronin Cup (7 results),Denis Brusenskiy: not found 2027-2025 | Denis Brusyenskiy: not found 2027-2025
athlete_match_07a0e8818f7df60c,medium,possible_existing_athlete_match,Mardan Duissenbek,MAG,24034,Mardan Duisenbek,KAZ,0.97,"KAZ, KAZ",,,merge as same athlete,,,,KAZ: 2026 - DTB Pokal Team Challenge (5 results),KAZ: 2025 - Voronin Cup (11 results),Mardan Duissenbek: not found 2027-2025 | Mardan Duisenbek: not found 2027-2025
athlete_match_caa0fcc1e2b23a17,medium,possible_existing_athlete_match,Tapeswaranath Das,MAG,2752,Tapeswarnath Das,IND,0.97,"IND, IND",accept_suggestion,same_country_review_reuse,merge as same athlete,,,Pre-filled from same-country admin decision memory. Country is unchanged; change-country cases still require manual review. Source: 2025 gymternet_2025_existing_athlete_match_review.csv.,IND: 2026 - Asian Championships (3 results),IND: 2018 - Indian Championships (7 results); 2019 - Indian Championships (7 results); 2022 - Baku World Cup (4 results); 2024 - Indian Championships (6 results); 2024 - Platinum League Online (1 results); 2025 - Baku World Cup (1 results); 2025 - Indian National Games (9 results); 2025 - Paris Challenge Cup (3 results); 2025 - Szombathely Challenge Cup (3 results); 2025 - World Championships (2 results),Tapeswaranath Das: not found 2027-2025 | Tapeswarnath Das: not found 2027-2025
athlete_match_027dbb3ebc66b165,medium,possible_existing_athlete_match,Almog Leizerovich,WAG,13416,Almog Leizrovich,ISR,0.97,"ISR, ISR",accept_suggestion,same_country_review_reuse,merge as same athlete,,,Pre-filled from same-country admin decision memory. Country is unchanged; change-country cases still require manual review. Source: 2025 gymternet_2025_existing_athlete_match_review.csv.,ISR: 2026 - Elek Matolay Memorial (5 results),ISR: 2021 - Israeli Championships (7 results); 2021 - Israeli Winter Cup (7 results); 2022 - European Championships (5 results); 2022 - European Youth Olympic Festival (7 results); 2022 - Israeli Championships (7 results); 2023 - DTB Pokal Team Challenge (10 results); 2023 - European Youth Olympic Festival (7 results); 2023 - Luxembourg Open (10 results); 2023 - Rising Stars Trophy (5 results); 2024 - European Championships (5 results); 2024 - Luxembourg Open (13 results); 2024 - Varna Challenge Cup (4 results); 2025 - DTB Pokal Team Challenge (5 results); 2025 - European Championships (3 results); 2025 - Israeli Championships (3 results),Almog Leizerovich: not found 2027-2025 | Almog Leizrovich: not found 2027-2025
athlete_match_3b3af1dd51ff7289,medium,possible_existing_athlete_match,Sirine Abouelhoda,WAG,14711,Sirine Aboulhoda,EGY,0.97,"EGY, EGY",accept_suggestion,same_country_review_reuse,merge as same athlete,,,Pre-filled from same-country admin decision memory. Country is unchanged; change-country cases still require manual review. Source: 2025 gymternet_2025_existing_athlete_match_review.csv.,EGY: 2026 - African Championships (5 results),EGY: 2021 - Tournoi International (5 results); 2022 - African Championships (11 results); 2023 - Junior World Championships (7 results); 2023 - Luxembourg Open (10 results); 2023 - Tournoi International (5 results); 2024 - African Championships (3 results); 2024 - Szombathely Challenge Cup (2 results); 2025 - Pharaoh's Cup (8 results),Sirine Abouelhoda: not found 2027-2025 | Sirine Aboulhoda: not found 2027-2025
athlete_match_693d1b33f7b5121e,medium,possible_existing_athlete_match,Daniils Lepuhovs,MAG,23561,Danils Lepuhovs,LAT,0.968,"LAT, LAT",,,merge as same athlete,,,,LAT: 2026 - Tiger Cup (5 results),LAT: 2025 - Latvian Championships (7 results),Daniils Lepuhovs: not found 2027-2025 | Danils Lepuhovs: not found 2027-2025
athlete_match_26faf408650b88b5,medium,possible_existing_athlete_match,Kirill Prokopiev,MAG,1611,Kirill Prokopev,RUS,0.968,"RUS, RUS",accept_suggestion,same_country_review_reuse,merge as same athlete,,,Pre-filled from same-country admin decision memory. Country is unchanged; change-country cases still require manual review. Source: 2025 gymternet_2025_existing_athlete_match_review.csv.,RUS: 2026 - Russian Championships (5 results),RUS: 2018 - 6th Bundesliga (7 results); 2018 - Cottbus World Cup (2 results); 2018 - Osijek Challenge Cup (3 results); 2019 - Cottbus World Cup (3 results); 2019 - Osijek Challenge Cup (4 results); 2019 - Paris Challenge Cup (5 results); 2019 - Russian Championships (17 results); 2019 - Russian Cup (16 results); 2019 - Summer Universiade (15 results); 2019 - Voronin Cup (4 results); 2020 - Baku World Cup (2 results); 2020 - Melbourne World Cup (3 results); 2021 - European Championships (8 results); 2021 - Koper Challenge Cup (4 results); 2021 - Russian Championships (16 results); 2021 - Russian Cup (15 results); 2022 - Mogilev Friendly (7 results); 2022 - Russian Championships (16 results); 2022 - Russian Cup (17 results); 2022 - Spartakiade (16 results); 2023 - Belarus Open Cup (9 results); 2023 - Russian Championships (17 results); 2023 - Russian Cup (15 results); 2024 - Russian Championships (15 results); 2024 - Russian Cup (17 results); 2025 - Russian Championships (14 results); 2025 - Russian Cup (16 results); 2025 - Voronin Cup (4 results),Kirill Prokopiev: not found 2027-2025 | Kirill Prokopev: not found 2027-2025
athlete_match_e4b61de1843ec1ad,medium,possible_existing_athlete_match,Ruddy O'Sullivan,MAG,15701,Rudy O'Sullivan,IRL,0.968,"IRL, IRL",,,merge as same athlete,,,,IRL: 2026 - Irish Championships (5 results),GBR: 2022 - British Championships (7 results); 2023 - British Championships (7 results); 2023 - English Championships (7 results); 2024 - English Championships (7 results) | IRL: 2024 - Irish Championships (5 results); 2025 - British Championships (7 results); 2025 - English Championships (7 results),Ruddy O'Sullivan: not found 2027-2025 | Rudy O'Sullivan: not found 2027-2025
athlete_match_5a0fba40222f4fe3,medium,possible_existing_athlete_match,Satyajit Mondal,MAG,8466,Satyatjit Mondal,IND,0.968,"IND, IND",accept_suggestion,same_country_review_reuse,merge as same athlete,,,Pre-filled from same-country admin decision memory. Country is unchanged; change-country cases still require manual review. Source: 2022 gymternet_2022_existing_athlete_match_review.csv.,IND: 2026 - Asian Championships (5 results),IND: 2019 - Indian Championships (9 results); 2022 - Asian Championships (5 results); 2022 - Commonwealth Games (4 results); 2022 - Osijek Challenge Cup (7 results),Satyajit Mondal: not found 2027-2025 | Satyatjit Mondal: not found 2027-2025
athlete_match_8e19caf3ea92093e,medium,possible_existing_athlete_match,Shoma Tsukiyama,MAG,8509,Shouma Tsukiyama,JPN,0.968,"JPN, JPN",accept_suggestion,same_country_review_reuse,merge as same athlete,,,Pre-filled from same-country admin decision memory. Country is unchanged; change-country cases still require manual review. Source: 2025 gymternet_2025_existing_athlete_match_review.csv.,JPN: 2026 - All-Japan Championships (5 results),JPN: 2019 - All-Japan Junior Championships (7 results); 2021 - All-Japan Championships (8 results); 2021 - All-Japan Event Championships (2 results); 2021 - All-Japan Junior Championships (7 results); 2021 - All-Japan Team Championships (2 results); 2022 - All-Japan Championships (2 results); 2022 - All-Japan Event Championships (1 results); 2022 - All-Japan Team Championships (3 results); 2022 - NHK Trophy (1 results); 2023 - All-Japan Championships (7 results); 2023 - All-Japan Event Championships (1 results); 2023 - All-Japan Student Championships (7 results); 2024 - All-Japan Event Championships (2 results); 2024 - All-Japan Student Championships (7 results); 2025 - All-Japan Championships (14 results); 2025 - All-Japan Event Championships (3 results); 2025 - All-Japan Student Championships (7 results); 2025 - NHK Trophy (14 results),Shoma Tsukiyama: not found 2027-2025 | Shouma Tsukiyama: not found 2027-2025
athlete_match_3f020370a83fd858,medium,possible_existing_athlete_match,Anastassia Pascu,WAG,3472,Anastasia Pascu,SUI,0.968,"SUI, SUI",accept_suggestion,same_country_review_reuse,merge as same athlete,,,Pre-filled from same-country admin decision memory. Country is unchanged; change-country cases still require manual review. Source: 2025 gymternet_2025_existing_athlete_match_review.csv.,SUI: 2026 - Luxembourg Open (5 results),SUI: 2018 - European Championships (2 results); 2018 - Pieve di Soligo Friendly (5 results); 2018 - Romanian Championships (8 results); 2018 - Swiss Junior Championships (8 results); 2019 - 3rd Bundesliga (5 results); 2019 - 4th Bundesliga (5 results); 2019 - Pre-Olympic Youth Cup (5 results); 2019 - Swiss Championships (5 results); 2019 - Swiss Junior Championships (3 results); 2019 - Swiss Team Championships (5 results); 2019 - Swiss Turnfest (5 results); 2021 - 1st Swiss Worlds Trials (1 results); 2022 - DTB Pokal Team Challenge (2 results); 2022 - Swiss Championships (2 results); 2022 - Züri Oberland Cup (1 results); 2023 - Swiss Team Championships (3 results); 2024 - Haguenau Friendly (3 results); 2024 - RomGym Trophy (6 results); 2024 - Swiss Championships (7 results); 2024 - Swiss Euros Trials (5 results); 2024 - Swiss Euros Trials 2 (5 results); 2025 - Arthur Gander Memorial (3 results); 2025 - Austrian Team Championships (2 results); 2025 - Gymnova Cup (5 results); 2025 - Swiss Championships (1 results); 2025 - Swiss Team Championships (3 results),Anastassia Pascu: not found 2027-2025 | Anastasia Pascu: not found 2027-2025
athlete_match_351c978c52bd995f,medium,possible_existing_athlete_match,Yulia Nikolaeva,WAG,7070,Yulia Nikolayeva,RUS,0.968,"RUS, RUS",accept_suggestion,same_country_review_reuse,merge as same athlete,,,Pre-filled from same-country admin decision memory. Country is unchanged; change-country cases still require manual review. Source: 2025 gymternet_2025_existing_athlete_match_review.csv.,RUS: 2026 - Russian Cup (5 results),RUS: 2018 - Russian Junior Championships (15 results); 2018 - Voronin Cup (5 results); 2019 - Russian Junior Championships (12 results); 2022 - Russian Championships (10 results); 2022 - Spartakiade (5 results); 2023 - Russian Championships (16 results); 2024 - Russian Championships (10 results); 2024 - Russian Cup (11 results); 2025 - Russian Championships (5 results); 2025 - Russian Cup (11 results),Yulia Nikolaeva: not found 2027-2025 | Yulia Nikolayeva: not found 2027-2025
athlete_match_2332a345356d2175,medium,possible_existing_athlete_match,Antton Villonen,MAG,12295,Anton Villonen,FIN,0.966,"FIN, FIN",accept_suggestion,same_country_review_reuse,merge as same athlete,,,Pre-filled from same-country admin decision memory. Country is unchanged; change-country cases still require manual review. Source: 2025 gymternet_2025_existing_athlete_match_review.csv.,FIN: 2026 - Finnish Championships (5 results),FIN: 2021 - Finnish Championships (7 results); 2022 - Finnish Championships (9 results); 2023 - Austrian Future Cup (7 results); 2023 - Finnish Championships (14 results); 2023 - Finnish Men's National Team Test 2 (7 results); 2023 - Finnish Men's National Team Test 3 (7 results); 2023 - Finnish National Team Test (7 results); 2023 - Nordic Junior Championships (12 results); 2024 - Finnish Championships (5 results); 2025 - DTB Pokal Team Challenge (1 results); 2025 - Finnish Championships (6 results); 2025 - Junior World Championships (9 results),Antton Villonen: not found 2027-2025 | Anton Villonen: not found 2027-2025
athlete_match_2d819f26f8020fb0,medium,possible_existing_athlete_match,Armann Andrason,MAG,17553,Arman Andrason,ISL,0.966,"ISL, ISL",accept_suggestion,same_country_review_reuse,merge as same athlete,,,Pre-filled from same-country admin decision memory. Country is unchanged; change-country cases still require manual review. Source: 2025 gymternet_2025_existing_athlete_match_review.csv.,ISL: 2026 - Icelandic Championships (2 results),ISL: 2023 - Mälar Cup (7 results); 2025 - Iceland Classic (12 results); 2025 - Mälar Cup (1 results); 2025 - Nordic Junior Championships (12 results),Armann Andrason: not found 2027-2025 | Arman Andrason: not found 2027-2025
athlete_match_5f422cc5b9bebe77,medium,possible_existing_athlete_match,David Melonyan,MAG,23572,David Melkonyan,RUS,0.966,"RUS, RUS",,,merge as same athlete,,,,RUS: 2026 - Russian Junior Team Championships (2 results),RUS: 2025 - Russian Junior Championships (7 results); 2025 - Russian Youth Spartakiade (7 results),David Melonyan: not found 2027-2025 | David Melkonyan: not found 2027-2025
athlete_match_b8d1ee562bb6961f,medium,possible_existing_athlete_match,Edward Gonzales,MAG,807,Edwar Gonzales,PER,0.966,"PER, PER",accept_suggestion,same_country_review_reuse,merge as same athlete,,,Pre-filled from same-country admin decision memory. Country is unchanged; change-country cases still require manual review. Source: 2023 gymternet_2023_existing_athlete_match_review.csv.,PER: 2026 - Pan American Championships (5 results),PER: 2018 - South American Junior Championships (11 results); 2021 - Junior Pan American Championships (9 results); 2021 - Junior Pan American Games (12 results); 2022 - Bolivarian Games (16 results); 2022 - Pan American Championships (7 results); 2022 - South American Games (14 results); 2022 - World Championships (7 results); 2023 - Pan American Championships (7 results); 2023 - Pan American Games (8 results); 2023 - South American Championships (10 results),Edward Gonzales: not found 2027-2025 | Edwar Gonzales: not found 2027-2025
athlete_match_24b8a8dffa015baa,medium,possible_existing_athlete_match,Igor Grunichev,MAG,1196,Igor Grunichyev,RUS,0.966,"RUS, RUS",accept_suggestion,same_country_review_reuse,merge as same athlete,,,Pre-filled from same-country admin decision memory. Country is unchanged; change-country cases still require manual review. Source: 2024 gymternet_2024_existing_athlete_match_review.csv.,RUS: 2026 - Russian Cup (3 results),RUS: 2018 - Russian Junior Championships (16 results); 2019 - Russian Junior Championships (16 results); 2020 - Russian Championships (18 results); 2022 - Russian Championships (7 results); 2022 - Spartakiade (7 results); 2023 - Russian Championships (14 results); 2023 - Russian Cup (14 results); 2024 - Russian Championships (7 results),Igor Grunichev: not found 2027-2025 | Igor Grunichyev: not found 2027-2025
athlete_match_aac3897a0971df73,medium,possible_existing_athlete_match,Jakson Kurecki,MAG,21255,Jackson Kurecki,USA,0.966,"USA, USA",accept_suggestion,same_country_review_reuse,merge as same athlete,,,Pre-filled from same-country admin decision memory. Country is unchanged; change-country cases still require manual review. Source: 2025 gymternet_2025_existing_athlete_match_review.csv.,USA: 2026 - DTB Pokal Team Challenge (1 results); 2026 - Winter Cup (4 results),USA: 2024 - Pan American Championships (8 results); 2025 - U.S. Championships (14 results),Jakson Kurecki: not found 2027-2025 | Jackson Kurecki: not found 2027-2025
athlete_match_f1f5b4665b540bb5,medium,possible_existing_athlete_match,Leonid Yeliseev,MAG,18223,Leonid Eliseev,RUS,0.966,"RUS, RUS",accept_suggestion,same_country_review_reuse,merge as same athlete,,,Pre-filled from same-country admin decision memory. Country is unchanged; change-country cases still require manual review. Source: 2025 gymternet_2025_existing_athlete_match_review.csv.,RUS: 2026 - Russian Junior Team Championships (5 results),RUS: 2023 - Russian Junior Championships (15 results); 2024 - Russian Junior Championships (7 results); 2025 - Russian Junior Championships (14 results); 2025 - Russian Youth Spartakiade (14 results),Leonid Yeliseev: not found 2027-2025 | Leonid Eliseev: not found 2027-2025
athlete_match_1266ce9a3227bdb8,medium,possible_existing_athlete_match,Niko Nevscanin,MAG,18428,Niko Nevescanin,CRO,0.966,"CRO, CRO",,,merge as same athlete,,,,CRO: 2026 - International Budapest Junior Cup (1 results),CRO: 2023 - Croatian Championships (1 results); 2024 - Balkan Championships (2 results); 2024 - Croatian Championships (7 results); 2024 - Croatian Event Championships (3 results); 2024 - European Championships (1 results); 2025 - Balkan Championships (9 results); 2025 - Croatian Event Championships (9 results); 2025 - Junior World Championships (7 results); 2025 - Salamunov Memorial (3 results),Niko Nevscanin: not found 2027-2025 | Niko Nevescanin: not found 2027-2025
athlete_match_9d34ed55c2227669,medium,possible_existing_athlete_match,Saveliy Saurin,MAG,21707,Saveeliy Saurin,RUS,0.966,"RUS, RUS",accept_suggestion,same_country_review_reuse,merge as same athlete,,,Pre-filled from same-country admin decision memory. Country is unchanged; change-country cases still require manual review. Source: 2025 gymternet_2025_existing_athlete_match_review.csv.,RUS: 2026 - Russian Junior Team Championships (2 results),RUS: 2024 - Russian Junior Championships (7 results); 2025 - Russian Junior Championships (14 results); 2025 - Russian Youth Spartakiade (18 results),Saveliy Saurin: not found 2027-2025 | Saveeliy Saurin: not found 2027-2025
athlete_match_5cc1567232bacea7,medium,possible_existing_athlete_match,Yoav Arie Meir,MAG,24486,Yoav Arie Meier,ISR,0.966,"ISR, ISR",,,merge as same athlete,,,,ISR: 2026 - International Budapest Junior Cup (2 results),ISR: 2025 - International Junior Team Cup (7 results),Yoav Arie Meir: not found 2027-2025 | Yoav Arie Meier: not found 2027-2025
athlete_match_3362041127cbb080,medium,possible_existing_athlete_match,Ariadna Piella,WAG,13539,Ariadna Piellas,ESP,0.966,"ESP, ESP",accept_suggestion,same_country_review_reuse,merge as same athlete,,,Pre-filled from same-country admin decision memory. Country is unchanged; change-country cases still require manual review. Source: 2025 gymternet_2025_existing_athlete_match_review.csv.,ESP: 2026 - 1st Spanish League (1 results); 2026 - 2nd Spanish League (3 results); 2026 - Spanish League Final (1 results),ESP: 2021 - 3rd Spanish League (3 results); 2022 - 1st Spanish League (3 results); 2022 - 2nd Spanish League (5 results); 2022 - 3rd Spanish League (5 results); 2023 - 1st Spanish League 2023 (5 results); 2023 - 2nd Spanish League (5 results); 2023 - 3rd Spanish League (5 results); 2024 - 1st Spanish League (2024 season) (5 results); 2024 - 2nd Spanish League (5 results); 2024 - 3rd Spanish League (5 results); 2024 - Spanish Championships (2 results); 2025 - 1st Spanish League (5 results),Ariadna Piella: not found 2027-2025 | Ariadna Piellas: not found 2027-2025
athlete_match_6490407e783a450f,medium,possible_existing_athlete_match,Jazmine Mendive,WAG,25261,Jazmin Mendive,ESP,0.966,"ESP, ESP",,,merge as same athlete,,,,ESP: 2026 - 1st Spanish League (2 results),ESP: 2025 - 1st Spanish League (2 results); 2025 - 2nd Spanish League (1 results),Jazmine Mendive: not found 2027-2025 | Jazmin Mendive: not found 2027-2025
athlete_match_2d809403866c2d55,medium,possible_existing_athlete_match,Leila Vasilieva,WAG,11950,Leila Vasileva,RUS,0.966,"RUS, RUS",accept_suggestion,same_country_review_reuse,merge as same athlete,,,Pre-filled from same-country admin decision memory. Country is unchanged; change-country cases still require manual review. Source: 2025 gymternet_2025_existing_athlete_match_review.csv.,RUS: 2026 - Cottbus World Cup (1 results); 2026 - Russian Championships (4 results),RUS: 2020 - Voronin Cup (8 results); 2021 - Russian Junior Championships (13 results); 2021 - Russian Youth Spartakiade (13 results); 2022 - Russian Championships (15 results); 2023 - Belarus Open Cup (10 results); 2023 - Russian Championships (11 results); 2023 - Russian Cup (11 results); 2024 - Belarus Open Cup (13 results); 2024 - Russian Championships (16 results); 2025 - Gymnastics Legends (5 results); 2025 - Russian Championships (18 results); 2025 - Russian Cup (13 results); 2025 - Strongest Athletes Cup (2 results); 2025 - World Championships (2 results),Leila Vasilieva: not found 2027-2025 | Leila Vasileva: not found 2027-2025
athlete_match_5d2c8567be43d524,medium,possible_existing_athlete_match,Mackenzie Grant,WAG,14318,Makenzie Grant,CAN,0.966,"CAN, CAN",accept_suggestion,same_country_review_reuse,merge as same athlete,,,Pre-filled from same-country admin decision memory. Country is unchanged; change-country cases still require manual review. Source: 2025 gymternet_2025_existing_athlete_match_review.csv.,CAN: 2026 - Canadian Championships (5 results),CAN: 2021 - Canadian Championships (14 results); 2021 - Canadian Technical Trial 1 (7 results); 2021 - Canadian Technical Trial 2 (5 results); 2021 - Elite Canada (5 results); 2022 - Canadian Championships (14 results); 2022 - Elite Canada (14 results); 2023 - Elite Canada (12 results); 2024 - Tournoi International (7 results); 2025 - Canadian Championships (14 results); 2025 - Elite Canada (10 results); 2025 - Tournoi International (10 results),Mackenzie Grant: not found 2027-2025 | Makenzie Grant: not found 2027-2025
athlete_match_15adf6f5ff48d9c8,medium,possible_existing_athlete_match,Ruddly Bordelais Maisonnable,MAG,13049,Ruddly Bordelais-Maisonnable,FRA,0.964,"FRA, FRA",accept_suggestion,same_country_review_reuse,merge as same athlete,,,Pre-filled from same-country admin decision memory. Country is unchanged; change-country cases still require manual review. Source: 2025 gymternet_2025_existing_athlete_match_review.csv.,FRA: 2026 - International Budapest Junior Cup (5 results),FRA: 2021 - Wohnen Juniors Trophy (7 results); 2023 - French Championships (7 results); 2023 - Top 12 Series 4 (2 results); 2023 - Top 12 Series 5 (2 results); 2024 - Chemnitz Junior Friendly (7 results); 2024 - French Championships (7 results); 2024 - Top 12 Series 1 (2024 Season) (1 results); 2024 - Top 12 Series 4 (2 results); 2024 - Top 12 Series 6 (2 results); 2024 - Top 12 Series 7 (3 results); 2024 - Wase Gymcup (8 results); 2025 - Biel Junior Friendly (7 results); 2025 - DTB Pokal Team Challenge (4 results); 2025 - EYOF Mixed Pairs (3 results); 2025 - European Youth Olymipc Festival (7 results); 2025 - French Championships (11 results); 2025 - International Junior Team Cup (10 results),Ruddly Bordelais Maisonnable: not found 2027-2025 | Ruddly Bordelais-Maisonnable: not found 2027-2025
athlete_match_9e849848a272a872,medium,possible_existing_athlete_match,Alessio Corda,MAG,7213,Allessio Corda,BEL,0.963,"BEL, BEL",accept_suggestion,same_country_review_reuse,merge as same athlete,,,Pre-filled from same-country admin decision memory. Country is unchanged; change-country cases still require manual review. Source: 2025 gymternet_2025_existing_athlete_match_review.csv.,BEL: 2026 - Belgian Championships (5 results),BEL: 2019 - Wase Gymcup (7 results); 2021 - Wase Gymcup (4 results); 2022 - Belgian Championships (5 results); 2022 - Wase Gymcup (1 results); 2023 - Andrea Massucchi Trophy (5 results); 2023 - Belgian Championships (7 results); 2023 - International Junior Team Cup (13 results); 2023 - Luxembourg Open (3 results); 2023 - Wase Gymcup (2 results); 2024 - Austrian Future Cup (10 results); 2024 - Belgian Championships (3 results); 2025 - Belgian Championships (3 results); 2025 - DTB Pokal Team Challenge (13 results); 2025 - Luxembourg Open (2 results),Alessio Corda: not found 2027-2025 | Allessio Corda: not found 2027-2025
athlete_match_f6f624d5eb0f6c88,medium,possible_existing_athlete_match,Andra Montoli,MAG,20912,Andrea Montoli,ITA,0.963,"ITA, ITA",,,merge as same athlete,,,,ITA: 2026 - Champion's Cup (3 results),ITA: 2024 - Austrian Future Cup (7 results),Andra Montoli: not found 2027-2025 | Andrea Montoli: not found 2027-2025
athlete_match_0e6aca8f95fc43b4,medium,possible_existing_athlete_match,Arne Seppänen,MAG,17432,Aarne Seppänen,FIN,0.963,"FIN, FIN",,,merge as same athlete,,,,FIN: 2026 - International Junior Team Cup (5 results),FIN: 2023 - Austrian Future Cup (7 results); 2023 - Finnish Championships (8 results); 2024 - Austrian Future Cup (11 results); 2024 - Finnish Championships (9 results); 2025 - Finnish Championships (14 results); 2025 - Gymnasiade (15 results); 2025 - Junior World Championships (7 results); 2025 - Nordic Junior Championships (14 results); 2025 - Northern European Championships (8 results),Arne Seppänen: not found 2027-2025 | Aarne Seppänen: not found 2027-2025
athlete_match_e3fe92015edca0c1,medium,possible_existing_athlete_match,August Gamkinn,MAG,17578,August Gamkin,NOR,0.963,"NOR, NOR",accept_suggestion,same_country_review_reuse,merge as same athlete,,,Pre-filled from same-country admin decision memory. Country is unchanged; change-country cases still require manual review. Source: 2025 gymternet_2025_existing_athlete_match_review.csv.,NOR: 2026 - Norwegian Championships (5 results),NOR: 2023 - Mälar Cup (12 results); 2023 - Unni & Haralds Trophy (7 results); 2024 - Austrian Future Cup (7 results); 2024 - Mälar Cup (8 results); 2024 - Norwegian Championships (7 results); 2024 - Unni & Haralds Trophy (7 results); 2025 - Ifact Norgescup (7 results); 2025 - Ifact Norgescup 2 (7 results); 2025 - Mälar Cup (17 results); 2025 - Norwegian Junior Championships (12 results); 2025 - Unni & Haralds Trophy (7 results),August Gamkinn: not found 2027-2025 | August Gamkin: not found 2027-2025
athlete_match_9e44ef6c7910237a,medium,possible_existing_athlete_match,Deano Roberts,MAG,15148,Dean-o Roberts,USA,0.963,"USA, USA",accept_suggestion,same_country_review_reuse,merge as same athlete,,,Pre-filled from same-country admin decision memory. Country is unchanged; change-country cases still require manual review. Source: 2025 gymternet_2025_existing_athlete_match_review.csv.,USA: 2026 - NCAA Week 1 (1 results); 2026 - Rocky Mountain Open (1 results); 2026 - U.S. Men's National Qualifier (3 results),USA: 2022 - U.S. Championships (14 results); 2023 - U.S. Classic (7 results); 2025 - Winter Cup (5 results),Deano Roberts: not found 2027-2025 | Dean-o Roberts: not found 2027-2025
athlete_match_54ca5d1f5d467ba9,medium,possible_existing_athlete_match,Gabriel Solar,MAG,15249,Gabrijel Solar,CRO,0.963,"CRO, CRO",accept_suggestion,same_country_review_reuse,merge as same athlete,,,Pre-filled from same-country admin decision memory. Country is unchanged; change-country cases still require manual review. Source: 2025 gymternet_2025_existing_athlete_match_review.csv.,CRO: 2026 - International Budapest Junior Cup (2 results); 2026 - Salamunov Memorial (3 results),CRO: 2022 - Balkan Championships (2 results); 2023 - Balkan Championships (1 results); 2024 - Balkan Championships (3 results); 2024 - Tiger Cup (4 results); 2025 - Balkan Championships (4 results); 2025 - Croatian Event Championships (3 results); 2025 - Salamunov Memorial (3 results),Gabriel Solar: not found 2027-2025 | Gabrijel Solar: not found 2027-2025
athlete_match_3ae3d0bae1c35db5,medium,possible_existing_athlete_match,Illia Yarusko,MAG,21231,Illia Yarushko,POR,0.963,"POR, POR",,,merge as same athlete,,,,POR: 2026 - International GymSport (5 results),POR: 2024 - International GymSport (7 results),Illia Yarusko: not found 2027-2025 | Illia Yarushko: not found 2027-2025
athlete_match_50446e3b968861f6,medium,possible_existing_athlete_match,Jedidiah Lewis,MAG,15349,Jedidah Lewis,GBR,0.963,"GBR, GBR",accept_suggestion,same_country_review_reuse,merge as same athlete,,,Pre-filled from same-country admin decision memory. Country is unchanged; change-country cases still require manual review. Source: 2025 gymternet_2025_existing_athlete_match_review.csv.,GBR: 2026 - British Championships (5 results),GBR: 2022 - British Championships (7 results); 2023 - Austrian Future Cup (5 results); 2023 - British Championships (7 results); 2023 - English Championships (7 results); 2023 - Welsh Championships (9 results); 2024 - British Championships (7 results); 2024 - English Championships (5 results); 2025 - British Championships (9 results); 2025 - Welsh Championships (9 results),Jedidiah Lewis: not found 2027-2025 | Jedidah Lewis: not found 2027-2025
athlete_match_e7b78d0d2a749900,medium,possible_existing_athlete_match,Shin Donghyen,MAG,8484,Shin Dong-hyen,KOR,0.963,"KOR, KOR",accept_suggestion,same_country_review_reuse,merge as same athlete,,,Pre-filled from same-country admin decision memory. Country is unchanged; change-country cases still require manual review. Source: 2024 gymternet_2024_existing_athlete_match_review.csv.,KOR: 2026 - Singapore Open (3 results),KOR: 2019 - Asian Championships (3 results); 2024 - South Korean Championships (5 results),Shin Donghyen: not found 2027-2025 | Shin Dong-hyen: not found 2027-2025
athlete_match_9e9b8165fede8028,medium,possible_existing_athlete_match,Emma Sneesens,WAG,22306,Emma Sneessens,BEL,0.963,"BEL, BEL",,,merge as same athlete,,,,BEL: 2026 - International Gymnix (5 results),BEL: 2024 - Köln Espoir Friendly (5 results); 2024 - Tournoi International (5 results); 2025 - Belgian Championships (7 results); 2025 - Top Gym Tournament (4 results); 2025 - Tournoi International (6 results); 2025 - WOGA Classic (5 results),Emma Sneesens: not found 2027-2025 | Emma Sneessens: not found 2027-2025
athlete_match_c344b3b0bc0c1b92,medium,possible_existing_athlete_match,Eva Villanova,WAG,4296,Elva Villanova,ESP,0.963,"ESP, ESP",accept_suggestion,same_country_review_reuse,merge as same athlete,,,Pre-filled from same-country admin decision memory. Country is unchanged; change-country cases still require manual review. Source: 2025 gymternet_2025_existing_athlete_match_review.csv.,ESP: 2026 - 1st Spanish League (5 results),ESP: 2018 - 3rd Spanish League (3 results); 2019 - Spanish League Finals (5 results); 2021 - 1st Spanish League (3 results); 2021 - 2nd Spanish League (3 results); 2021 - 3rd Spanish League (5 results); 2022 - 1st Spanish League (2 results); 2022 - 2nd Spanish League (3 results); 2022 - Spanish Championships (5 results); 2023 - 1st Spanish League 2023 (2 results); 2023 - 2nd Spanish League (5 results); 2023 - 3rd Spanish League (2 results); 2024 - 1st Spanish League (2024 season) (5 results); 2024 - 2nd Spanish League (5 results); 2024 - 3rd Spanish League (5 results); 2024 - Spanish League Final (5 results); 2025 - 1st Spanish League (5 results); 2025 - 2nd Spanish League (3 results); 2025 - Spanish League Final (1 results),Eva Villanova: not found 2027-2025 | Elva Villanova: not found 2027-2025
athlete_match_236f5c2db00dfc6a,medium,possible_existing_athlete_match,Maria Heimann,WAG,22807,Maria Heitmann,GER,0.963,"GER, GER",,,merge as same athlete,,,,GER: 2026 - Pre-Olympic Youth Cup (5 results),GER: 2024 - Michel Wanten Cup (3 results),Maria Heimann: not found 2027-2025 | Maria Heitmann: not found 2027-2025
athlete_match_e925f89914951b4b,medium,possible_existing_athlete_match,Mélanie De Jesus Dos Santos,WAG,5883,Melanie de Jesus dos Santos,FRA,0.963,"FRA, FRA",accept_suggestion,same_country_review_reuse,merge as same athlete,,,Pre-filled from same-country admin decision memory. Country is unchanged; change-country cases still require manual review. Source: 2024 gymternet_2024_existing_athlete_match_review.csv.,FRA: 2026 - French Championships (1 results),FRA: 2018 - Arthur Gander Memorial (2 results); 2018 - Doha World Cup (4 results); 2018 - European Championships (11 results); 2018 - French Championships (8 results); 2018 - Paris Challenge Cup (4 results); 2018 - Sainté Gym Cup (5 results); 2018 - Swiss Cup (2 results); 2018 - Tokyo World Cup (5 results); 2018 - World Championships (15 results); 2019 - DTB Team Challenge (4 results); 2019 - European Championships (13 results); 2019 - French Championships (8 results); 2019 - Paris Challenge Cup (4 results); 2019 - World Championships (16 results); 2020 - Coupe d'Hiver (1 results); 2020 - French Test Meet (5 results); 2021 - European Championships (3 results); 2021 - FIT Challenge (6 results); 2021 - Olympic Games (15 results); 2022 - Paris Challenge Cup (3 results); 2022 - World Championships (9 results); 2023 - American Classic (2 results); 2023 - Arthur Gander Memorial (3 results); 2023 - French Championships (4 results); 2023 - Paris Challenge Cup (5 results); 2023 - Swiss Cup (2 results); 2023 - U.S. Classic (5 results); 2023 - World Championships (14 results); 2024 - Antalya Challenge Cup (5 results); 2024 - French Championships (8 results); 2024 - Olympic Games (5 results); 2024 - Osijek Challenge Cup (6 results),Mélanie De Jesus Dos Santos: not found 2027-2025 | Melanie de Jesus dos Santos: not found 2027-2025
athlete_match_8f6b4397365735bc,medium,possible_existing_athlete_match,Yang Fanyuwei,WAG,11252,Yang Fan Yuwei,CHN,0.963,"CHN, CHN",accept_suggestion,same_country_review_reuse,merge as same athlete,,,Pre-filled from same-country admin decision memory. Country is unchanged; change-country cases still require manual review. Source: 2025 gymternet_2025_existing_athlete_match_review.csv.,CHN: 2026 - Chinese Championships (2 results); 2026 - Osijek World Cup (2 results),CHN: 2019 - Chinese Junior Championships (5 results); 2019 - Chinese National Youth Games (8 results); 2020 - Chinese Championships (5 results); 2020 - Chinese Individual Championships (14 results); 2021 - Chinese Championships (3 results); 2022 - Chinese Championships (2 results); 2023 - Chinese Championships (1 results); 2023 - Chinese Individual Championships (1 results); 2024 - Antalya Challenge Cup (2 results); 2024 - Asian Championships (2 results); 2024 - Chinese Championships (1 results); 2024 - Chinese Individual Championships (2 results); 2025 - Antalya World Cup (2 results); 2025 - Chinese Championships (2 results); 2025 - Chinese National Games (1 results); 2025 - Chinese Worlds Trials (1 results); 2025 - Osijek World Cup (2 results); 2025 - World Championships (2 results); 2025 - World University Games (2 results),Yang Fanyuwei: not found 2027-2025 | Yang Fan Yuwei: not found 2027-2025
athlete_match_b7d152e9756b72d2,medium,possible_existing_athlete_match,Mohammed Haroune Hamadouche,MAG,24117,Mohamed Haroun Hamadouche,ALG,0.962,"ALG, ALG",,,merge as same athlete,,,,ALG: 2026 - African Championships (3 results),ALG: 2025 - Mediterranean Championships (9 results),Mohammed Haroune Hamadouche: not found 2027-2025 | Mohamed Haroun Hamadouche: not found 2027-2025
athlete_match_28ff5bbea31a26f7,medium,possible_existing_athlete_match,Alex Adamcik,MAG,17489,Alex Adamncik,CZE,0.96,"CZE, CZE",accept_suggestion,same_country_review_reuse,merge as same athlete,,,Pre-filled from same-country admin decision memory. Country is unchanged; change-country cases still require manual review. Source: 2025 gymternet_2025_existing_athlete_match_review.csv.,CZE: 2026 - Czech Championships (5 results),CZE: 2023 - Wohnen Juniors Trophy (7 results); 2024 - Czech Championships (4 results); 2025 - Czech Championships (3 results),Alex Adamcik: not found 2027-2025 | Alex Adamncik: not found 2027-2025
athlete_match_250b32a1bdfeaa6a,medium,possible_existing_athlete_match,Assan Salimov,MAG,296,Asan Salimov,KAZ,0.96,"KAZ, KAZ",accept_suggestion,same_country_review_reuse,merge as same athlete,,,Pre-filled from same-country admin decision memory. Country is unchanged; change-country cases still require manual review. Source: 2025 gymternet_2025_existing_athlete_match_review.csv.,KAZ: 2026 - Varna Challenge Cup (5 results),KAZ: 2018 - Kazakhstan Junior Championships (8 results); 2018 - President's Cup (7 results); 2019 - Asian Junior Cup (11 results); 2019 - Voronin Cup (5 results); 2022 - Gymnasiade (8 results); 2022 - Voronin Cup (7 results); 2023 - Asian Games (7 results); 2023 - Osijek Challenge Cup (8 results); 2023 - Varna Challenge Cup (4 results); 2024 - Antalya Challenge Cup (7 results); 2024 - Szombathely Challenge Cup (8 results); 2024 - Varna Challenge Cup (5 results); 2024 - Voronin Cup (3 results); 2025 - Antalya World Cup (4 results); 2025 - Osijek World Cup (4 results); 2025 - Paris Challenge Cup (1 results); 2025 - Strongest Athletes Cup (8 results); 2025 - Voronin Cup (2 results); 2025 - World University Games (6 results),Assan Salimov: not found 2027-2025 | Asan Salimov: not found 2027-2025
athlete_match_f6db72f05bb153c5,medium,possible_existing_athlete_match,Daniil Tatru,MAG,15136,Daniil Tataru,RUS,0.96,"RUS, RUS",,,merge as same athlete,,,,RUS: 2026 - Russian Cup (5 results),RUS: 2022 - Spartakiade (7 results); 2023 - Russian Championships (7 results); 2024 - Russian Championships (7 results),Daniil Tatru: not found 2027-2025 | Daniil Tataru: not found 2027-2025
athlete_match_7bbe92164dcaf1d8,medium,possible_existing_athlete_match,Lukas Nielsen,MAG,12794,Lukas Nilsen,NOR,0.96,"NOR, NOR",,,merge as same athlete,,,,NOR: 2026 - Norwegian Championships (5 results),NOR: 2021 - Norwegian Junior Championships (7 results); 2022 - Norwegian Junior Championships (9 results); 2022 - Unni & Haralds Trophy (9 results); 2023 - Ifact Norges Cup (7 results); 2023 - Ifact Norges Cup 2 (7 results); 2023 - Ifact Norges Cup 3 (7 results); 2023 - Norwegian Junior Championships (13 results); 2023 - Unni & Haralds Trophy (13 results); 2024 - Ifact Norges Cup (7 results); 2024 - Ifact Norges Cup 2 (7 results); 2024 - Norwegian Championships (13 results); 2024 - Unni & Haralds Trophy (12 results); 2025 - Ifact Norgescup (7 results); 2025 - Ifact Norgescup 2 (7 results); 2025 - Norwegian Championships (9 results); 2025 - Norwegian Junior Championships (14 results); 2025 - Unni & Haralds Trophy (12 results),Lukas Nielsen: not found 2027-2025 | Lukas Nilsen: not found 2027-2025
athlete_match_14125c1f7ee5b207,medium,possible_existing_athlete_match,Mahir Salimov,MAG,24013,Mahir Alimov,AZE,0.96,"AZE, AZE",,,merge as same athlete,,,,AZE: 2026 - DTB Pokal Team Challenge (5 results),AZE: 2025 - Wase Gymcup (11 results),Mahir Salimov: not found 2027-2025 | Mahir Alimov: not found 2027-2025
athlete_match_98d4824fbd308c57,medium,possible_existing_athlete_match,Martin Flores,MAG,1903,Marti Flores,ESP,0.96,"ESP, ESP",accept_suggestion,same_country_review_reuse,merge as same athlete,,,Pre-filled from same-country admin decision memory. Country is unchanged; change-country cases still require manual review. Source: 2021 gymternet_2021_existing_athlete_match_review.csv.,ESP: 2026 - Luxembourg Open (5 results),ESP: 2018 - International Junior Team Cup (15 results); 2018 - Spanish Championships (7 results); 2020 - Mallorca Cup (5 results); 2021 - Spanish Championships (9 results); 2025 - Spanish Championships (5 results),Martin Flores: not found 2027-2025 | Marti Flores: not found 2027-2025
athlete_match_fecb6fb75e774f22,medium,possible_existing_athlete_match,Meng Xianggao,MAG,15551,Meng Xiangao,CHN,0.96,"CHN, CHN",accept_suggestion,same_country_review_reuse,merge as same athlete,,,Pre-filled from same-country admin decision memory. Country is unchanged; change-country cases still require manual review. Source: 2024 gymternet_2024_existing_athlete_match_review.csv.,CHN: 2026 - Chinese Championships (1 results),CHN: 2022 - Chinese Youth Championships (11 results); 2023 - Chinese National Student Youth Games (13 results); 2024 - Chinese Individual Championships (1 results),Meng Xianggao: not found 2027-2025 | Meng Xiangao: not found 2027-2025
athlete_match_e483abc3800afa29,medium,possible_existing_athlete_match,Misha Tinhev,MAG,24110,Misha Tinhaev,IRL,0.96,"IRL, IRL",,,merge as same athlete,,,,IRL: 2026 - Irish Championships (5 results),IRL: 2025 - Irish Championships (7 results),Misha Tinhev: not found 2027-2025 | Misha Tinhaev: not found 2027-2025
athlete_match_08518143bce5fcf9,medium,possible_existing_athlete_match,Rafaele Pili,MAG,24235,Raffaele Pili,ITA,0.96,"ITA, ITA",,,merge as same athlete,,,,ITA: 2026 - Champion's Cup (5 results),ITA: 2025 - Champion's Cup (7 results),Rafaele Pili: not found 2027-2025 | Raffaele Pili: not found 2027-2025
athlete_match_e16b3a61b7bd9ee3,medium,possible_existing_athlete_match,Rayan Amoura,MAG,21644,Rayane Amoura,ALG,0.96,"ALG, ALG",,,merge as same athlete,,,,ALG: 2026 - African Championships (5 results),ALG: 2024 - Mediterranean Championships (10 results); 2025 - Mediterranean Championships (13 results),Rayan Amoura: not found 2027-2025 | Rayane Amoura: not found 2027-2025
athlete_match_f3c163d591e48457,medium,possible_existing_athlete_match,Sergei Golov,MAG,2606,Sergei Goglov,RUS,0.96,"RUS, RUS",,,merge as same athlete,,,,RUS: 2026 - Russian Cup (3 results),RUS: 2018 - Russian Championships (4 results); 2019 - Russian Junior Championships (15 results); 2020 - Russian Championships (14 results); 2020 - Voronin Cup (7 results); 2021 - Russian Championships (7 results); 2022 - Russian Championships (7 results); 2025 - Russian Cup (4 results),Sergei Golov: not found 2027-2025 | Sergei Goglov: not found 2027-2025
athlete_match_aa851878b2dafece,medium,possible_existing_athlete_match,Ally Damelio,WAG,11703,Allyn Damelio,USA,0.96,"USA, USA",accept_suggestion,same_country_review_reuse,merge as same athlete,,,Pre-filled from same-country admin decision memory. Country is unchanged; change-country cases still require manual review. Source: 2025 gymternet_2025_existing_athlete_match_review.csv.,USA: 2026 - Fuzion National Qualifier (5 results),USA: 2020 - Metroplex National Qualifier (5 results); 2021 - Brestyan's National Qualifier (5 results); 2021 - Hopes Championships (5 results); 2021 - Hopes Classic (5 results); 2022 - All American National Qualifier (5 results); 2022 - Hopes Championships (5 results); 2022 - Hopes Classic (5 results); 2022 - NTTC National Qualifier (5 results); 2022 - Vegas Cup National Qualifier (5 results); 2022 - WOGA Classic (5 results); 2023 - American Classic (5 results); 2023 - Las Vegas National Qualifier (5 results); 2023 - Magical March National Qualifier (5 results); 2023 - U.S. Championships (10 results); 2023 - U.S. Classic (5 results); 2023 - WOGA Classic National Qualifier (5 results); 2024 - American Classic (5 results); 2024 - Vegas Cup National Qualifier (5 results); 2024 - Winter Cup (5 results); 2025 - American Classic (5 results); 2025 - Coastal Realm National Qualifier (5 results); 2025 - KPAC National Qualifier (5 results); 2025 - Metroplex National Qualifier (5 results); 2025 - Pikes Peak Cup National Qualifier (5 results); 2025 - U.S. Championships (10 results); 2025 - U.S. Classic (5 results); 2025 - Vegas Cup National Qualifier (5 results),Ally Damelio: not found 2027-2025 | Allyn Damelio: not found 2027-2025
athlete_match_e7331742198efce6,medium,possible_existing_athlete_match,Fayah Belkhof,WAG,19500,Fayah Bekhof,NED,0.96,"NED, NED",,,merge as same athlete,,,,NED: 2026 - Pre-Olympic Youth Cup (5 results),NED: 2023 - Wase Gymcup (5 results); 2024 - Wase Gymcup (3 results),Fayah Belkhof: not found 2027-2025 | Fayah Bekhof: not found 2027-2025
athlete_match_cf18f62d1f30cfe2,medium,possible_existing_athlete_match,Illinca Suciu,WAG,25202,Ilinca Suciu,ROU,0.96,"ROU, ROU",,,merge as same athlete,,,,ROU: 2026 - Romanian Junior Championships (5 results),ROU: 2025 - Romanian Junior Championships (3 results),Illinca Suciu: not found 2027-2025 | Ilinca Suciu: not found 2027-2025
athlete_match_56ed8db548cf0f7a,high,possible_existing_athlete_match,Roisin Hickey,WAG,20423,Rosin Hickey,SLO,0.96,"IRL, SLO",,,merge as same athlete,canonical country,IRL,,IRL: 2026 - Irish Championships (5 results),SLO: 2023 - Salamunov Memorial (5 results); 2025 - EYOF Mixed Pairs (1 results); 2025 - European Youth Olympic Festival (5 results); 2025 - Irish Championships (7 results); 2025 - Salamunov Memorial (13 results); 2025 - Unni & Haralds Trophy (9 results),Roisin Hickey: not found 2027-2025 | Rosin Hickey: not found 2027-2025
athlete_match_b761dd8ef5ab557c,medium,possible_existing_athlete_match,Sofia Marina,WAG,14727,Sofia Mavrina,RUS,0.96,"RUS, RUS",,,merge as same athlete,,,,RUS: 2026 - Russian Junior Team Championships (5 results),RUS: 2021 - Russian Championships (5 results); 2021 - Russian Federal Championships (11 results),Sofia Marina: not found 2027-2025 | Sofia Mavrina: not found 2027-2025
athlete_match_b2fc6539c13fecef,medium,possible_existing_athlete_match,Touwa Matsuda,WAG,11138,Towa Matsuda,JPN,0.96,"JPN, JPN",accept_suggestion,same_country_review_reuse,merge as same athlete,,,Pre-filled from same-country admin decision memory. Country is unchanged; change-country cases still require manual review. Source: 2025 gymternet_2025_existing_athlete_match_review.csv.,JPN: 2026 - All-Japan Championships (5 results),JPN: 2019 - All-Japan Event Championships (1 results); 2019 - All-Japan Junior Championships (5 results); 2020 - All-Japan Championships (10 results); 2021 - All-Japan Championships (10 results); 2021 - All-Japan Event Championships (2 results); 2021 - All-Japan Junior Championships (5 results); 2021 - All-Japan Team Championships (3 results); 2021 - NHK Trophy (5 results); 2022 - All-Japan Championships (10 results); 2022 - Asian Championships (2 results); 2022 - NHK Trophy (5 results); 2023 - All-Japan Championships (5 results); 2023 - All-Japan Event Championships (2 results); 2023 - All-Japan Student Championships (5 results); 2023 - All-Japan Team Championships (2 results); 2023 - City of Jesolo Trophy (6 results); 2023 - WOGA Classic (5 results); 2024 - All-Japan Championships (5 results); 2024 - All-Japan Student Championships (5 results); 2024 - All-Japan Team Championships (5 results); 2025 - All-Japan Championships (5 results); 2025 - All-Japan Student Championships (5 results); 2025 - All-Japan Team Championships (2 results); 2025 - Japanese National Spots Festival (5 results),Touwa Matsuda: not found 2027-2025 | Towa Matsuda: not found 2027-2025
athlete_match_8df3a4986806c0b6,medium,possible_existing_athlete_match,Jonah Stoltz,MAG,15361,Jonah Soltz,USA,0.957,"USA, USA",,,merge as same athlete,,,,USA: 2026 - NCAA Week 3 (2 results),USA: 2022 - U.S. Championships (14 results); 2023 - U.S. Championships (14 results); 2023 - Winter Cup (7 results); 2024 - Winter Cup (7 results),Jonah Stoltz: not found 2027-2025 | Jonah Soltz: not found 2027-2025
athlete_match_4efd252ed5e45dad,medium,possible_existing_athlete_match,Kahntalo Catoire Tomita,MAG,15401,Kahntalo Catoire-Tomita,FRA,0.957,"FRA, FRA",accept_suggestion,same_country_review_reuse,merge as same athlete,,,Pre-filled from same-country admin decision memory. Country is unchanged; change-country cases still require manual review. Source: 2024 gymternet_2024_existing_athlete_match_review.csv.,FRA: 2026 - Top 12 Series 4 (1 results),FRA: 2022 - French Championships (14 results); 2023 - French Championships (7 results); 2024 - French Championships (7 results); 2024 - Top 12 Series 4 (2 results); 2024 - Top 12 Series 5 (1 results); 2024 - Top 12 Series 7 (2 results); 2025 - Top 12 Semifinals (2 results); 2025 - Top 12 Series 4 (2 results); 2025 - Top 12 Series 5 (1 results),Kahntalo Catoire Tomita: not found 2027-2025 | Kahntalo Catoire-Tomita: not found 2027-2025
athlete_match_e52321f6e6c14b2b,medium,possible_existing_athlete_match,Marcel Kiss,MAG,15512,Marcell Kiss,HUN,0.957,"HUN, HUN",accept_suggestion,same_country_review_reuse,merge as same athlete,,,Pre-filled from same-country admin decision memory. Country is unchanged; change-country cases still require manual review. Source: 2024 gymternet_2024_existing_athlete_match_review.csv.,HUN: 2026 - Luxembourg Open (5 results),HUN: 2022 - Hungarian Championships (10 results); 2023 - Hungarian Team Championships (7 results); 2023 - Salamunov Memorial (7 results); 2024 - Olympic Hopes Cup (12 results); 2025 - Hungarian Championships (8 results); 2025 - Hungarian Team Championships (8 results),Marcel Kiss: not found 2027-2025 | Marcell Kiss: not found 2027-2025
athlete_match_1bb2d73704e703df,medium,possible_existing_athlete_match,Sebastian Ramirez-Capes,MAG,8471,Sebastian Ramirez Capes,GBR,0.957,"GBR, GBR",accept_suggestion,same_country_review_reuse,merge as same athlete,,,Pre-filled from same-country admin decision memory. Country is unchanged; change-country cases still require manual review. Source: 2025 gymternet_2025_existing_athlete_match_review.csv.,GBR: 2026 - British Team Championships (5 results),GBR: 2019 - British Championships (7 results); 2019 - English Championships (7 results); 2023 - British Championships (7 results); 2023 - English Championships (7 results); 2024 - Welsh Championships (7 results); 2025 - British Championships (7 results); 2025 - English Championships (7 results); 2025 - Wohnen Juniors Trophy (8 results),Sebastian Ramirez-Capes: not found 2027-2025 | Sebastian Ramirez Capes: not found 2027-2025
athlete_match_27cb5024e1b8cf82,medium,possible_existing_athlete_match,Will Wheeler,MAG,2993,Wil Wheeler,GBR,0.957,"GBR, GBR",accept_suggestion,same_country_review_reuse,merge as same athlete,,,Pre-filled from same-country admin decision memory. Country is unchanged; change-country cases still require manual review. Source: 2025 gymternet_2025_existing_athlete_match_review.csv.,GBR: 2026 - Welsh Championships (5 results),GBR: 2018 - British Championships (7 results); 2018 - Welsh Championships (7 results); 2019 - British Championships (7 results); 2019 - Welsh Championships (7 results); 2023 - Welsh Championships (7 results); 2024 - Welsh Championships (7 results); 2025 - Welsh Championships (3 results),Will Wheeler: not found 2027-2025 | Wil Wheeler: not found 2027-2025
athlete_match_033d676fe88739d2,medium,possible_existing_athlete_match,Alizée Letrange-Mouakit,WAG,3360,Alizee Letrange-Mouakit,FRA,0.957,"FRA, FRA",accept_suggestion,same_country_review_reuse,merge as same athlete,,,Pre-filled from same-country admin decision memory. Country is unchanged; change-country cases still require manual review. Source: 2025 gymternet_2025_existing_athlete_match_review.csv.,FRA: 2026 - DTB Pokal Team Challenge (3 results); 2026 - French National Test (2 results),FRA: 2018 - European Championships (3 results); 2018 - French Championships (5 results); 2018 - Pieve di Soligo Friendly (5 results); 2018 - Top Gym Tournament (7 results); 2019 - Elite Gym Massilia (7 results); 2019 - European Youth Olympic Festival (12 results); 2019 - French Championships (8 results); 2019 - Sainté Gym Cup (5 results); 2020 - Coupe d'Hiver (5 results); 2020 - French Test Meet (5 results); 2021 - French Championships (2 results); 2022 - Austrian Team Challenge (5 results); 2025 - French Championships (5 results); 2025 - Top 12 Series 1 (2025) (5 results); 2025 - World University Games (7 results),Alizée Letrange-Mouakit: not found 2027-2025 | Alizee Letrange-Mouakit: not found 2027-2025
athlete_match_0312d5f49d2ad65d,medium,possible_existing_athlete_match,Amelia Kowol,WAG,24637,Amelia Kwol,GBR,0.957,"GBR, GBR",,,merge as same athlete,,,,GBR: 2026 - English Championships (5 results),GBR: 2025 - Rushmoor Rose Bowl (5 results),Amelia Kowol: not found 2027-2025 | Amelia Kwol: not found 2027-2025
athlete_match_6ee9b5fadee94269,medium,possible_existing_athlete_match,Maddie Lewis,WAG,20033,Maddi Lewis,USA,0.957,"USA, USA",,,merge as same athlete,,,,USA: 2026 - Fuzion National Qualifier (2 results); 2026 - Parkettes National Qualifier (3 results),USA: 2023 - Parkettes National Qualifier (5 results); 2024 - Excalibur Cup National Qualifier (5 results); 2025 - Coastal Realm National Qualifier (5 results),Maddie Lewis: not found 2027-2025 | Maddi Lewis: not found 2027-2025
athlete_match_510735b99126341d,medium,possible_existing_athlete_match,Nika Fratic,WAG,25749,Nika Fratric,CRO,0.957,"CRO, CRO",,,merge as same athlete,,,,CRO: 2026 - Salamunov Memorial (5 results),CRO: 2025 - Balkan Championships (10 results),Nika Fratic: not found 2027-2025 | Nika Fratric: not found 2027-2025
athlete_match_16b04065022fec96,medium,possible_existing_athlete_match,Aleksandr Andreichenko,MAG,17481,Aleksandr Andreychenko,RUS,0.955,"RUS, RUS",,,merge as same athlete,,,,RUS: 2026 - Russian Junior Team Championships (5 results),RUS: 2023 - Russian Junior Championships (7 results); 2024 - Russian Junior Championships (13 results),Aleksandr Andreichenko: not found 2027-2025 | Aleksandr Andreychenko: not found 2027-2025
athlete_match_f048bae7e2424dfc,medium,possible_existing_athlete_match,Enkhtuvshin Damdimdorj,MAG,853,Enkhtuvshin Damdindorj,MGL,0.955,"MGL, MGL",,,merge as same athlete,,,,MGL: 2026 - Varna Challenge Cup (5 results),MGL: 2018 - Asian Junior Championships (9 results); 2019 - Asian Junior Cup (12 results); 2019 - Junior World Championships (7 results); 2021 - Koper Challenge Cup (7 results); 2021 - Mersin Challenge Cup (9 results); 2022 - Asian Championships (9 results); 2022 - Voronin Cup (9 results); 2023 - Asian Championships (9 results); 2023 - Baku World Cup (8 results); 2023 - Cottbus World Cup (6 results); 2023 - Mersin Challenge Cup (6 results); 2023 - Paris Challenge Cup (5 results); 2023 - Szombathely Challenge Cup (8 results); 2023 - World Championships (2 results); 2024 - Antalya Challenge Cup (8 results); 2024 - Asian Championships (9 results); 2024 - Baku World Cup (5 results); 2024 - Cairo World Cup (5 results); 2024 - Cottbus World Cup (5 results); 2024 - Doha World Cup (5 results); 2024 - Koper Challenge Cup (10 results); 2024 - Osijek Challenge Cup (10 results); 2024 - Szombathely Challenge Cup (9 results); 2024 - Varna Challenge Cup (6 results); 2025 - Szombathely Challenge Cup (9 results); 2025 - World Championships (5 results),Enkhtuvshin Damdimdorj: not found 2027-2025 | Enkhtuvshin Damdindorj: not found 2027-2025
athlete_match_0d7ddbf5d4f2e5eb,medium,possible_existing_athlete_match,Luqman Al-Hafiz Zulfa,MAG,1830,Luqman Al Hafiz Zulfa,MAS,0.952,"MAS, MAS",,,merge as same athlete,,,,MAS: 2026 - Asian Championships (5 results),MAS: 2018 - Asian Junior Championships (7 results); 2019 - Asian Junior Cup (10 results); 2019 - Singapore Open (10 results); 2022 - Southeast Asian Games (4 results); 2023 - Asian Championships (7 results); 2023 - Cottbus World Cup (3 results); 2023 - Southeast Asian Games (9 results); 2025 - Antalya World Cup (2 results); 2025 - Asian Championships (2 results); 2025 - Osijek World Cup (2 results); 2025 - Southeast Asian Games (5 results); 2025 - World Championships (7 results),Luqman Al-Hafiz Zulfa: not found 2027-2025 | Luqman Al Hafiz Zulfa: not found 2027-2025
athlete_match_0e912124a377d63e,medium,possible_existing_athlete_match,Nino Reyero del Prado,MAG,12946,Nino Rayero del Prado,NED,0.952,"NED, NED",accept_suggestion,same_country_review_reuse,merge as same athlete,,,Pre-filled from same-country admin decision memory. Country is unchanged; change-country cases still require manual review. Source: 2025 gymternet_2025_existing_athlete_match_review.csv.,NED: 2026 - Dutch Championships (5 results),NED: 2021 - Wase Gymcup (5 results); 2022 - Wase Gymcup (1 results); 2023 - Wase Gymcup (3 results); 2024 - Swiss Cup Juniors (7 results); 2025 - DTB Pokal Team Challenge (5 results); 2025 - Dutch Championships (11 results); 2025 - European Youth Olymipc Festival (8 results),Nino Reyero del Prado: not found 2027-2025 | Nino Rayero del Prado: not found 2027-2025
athlete_match_7cedebad2d5725d0,medium,possible_existing_athlete_match,Sin Jaewon,MAG,24317,Shin Jaewon,KOR,0.952,"KOR, KOR",,,merge as same athlete,,,,KOR: 2026 - Singapore Open (5 results),KOR: 2025 - South Korean Championships (8 results),Sin Jaewon: not found 2027-2025 | Shin Jaewon: not found 2027-2025
athlete_match_2ef6fc2cef699616,medium,possible_existing_athlete_match,Taiga Banba,MAG,17594,Baba Taiga,JPN,0.952,"JPN, JPN",accept_suggestion,same_country_review_reuse,merge as same athlete,,,Pre-filled from same-country admin decision memory. Country is unchanged; change-country cases still require manual review. Source: 2025 gymternet_2025_existing_athlete_match_review.csv.,JPN: 2026 - All-Japan Championships (5 results),JPN: 2023 - Austrian Future Cup (13 results); 2025 - All-Japan Junior Championships (7 results); 2025 - All-Japan Team Championships (1 results),Taiga Banba: not found 2027-2025 | Baba Taiga: not found 2027-2025
athlete_match_593e9ab2edb917dd,medium,possible_existing_athlete_match,Yegor Sukov,MAG,15183,Egor Sukov,RUS,0.952,"RUS, RUS",accept_suggestion,same_country_review_reuse,merge as same athlete,,,Pre-filled from same-country admin decision memory. Country is unchanged; change-country cases still require manual review. Source: 2025 gymternet_2025_existing_athlete_match_review.csv.,RUS: 2026 - Russian Junior Team Championships (5 results),RUS: 2022 - Russian Championships (8 results); 2023 - Minsk Friendly (7 results); 2023 - Russian Junior Championships (19 results); 2024 - Russian Junior Championships (14 results); 2025 - Russian Junior Championships (14 results); 2025 - Russian Youth Spartakiade (17 results),Yegor Sukov: not found 2027-2025 | Egor Sukov: not found 2027-2025
athlete_match_855a820282c2aceb,medium,possible_existing_athlete_match,Yuriy Busse,MAG,3099,Yuri Busse,RUS,0.952,"RUS, RUS",accept_suggestion,same_country_review_reuse,merge as same athlete,,,Pre-filled from same-country admin decision memory. Country is unchanged; change-country cases still require manual review. Source: 2025 gymternet_2025_existing_athlete_match_review.csv.,RUS: 2026 - Russian Cup (5 results),RUS: 2018 - Dityatin Cup (13 results); 2019 - Russian Championships (4 results); 2019 - Russian Cup (3 results); 2019 - Voronin Cup (7 results); 2020 - 1st Italian Serie A (3 results); 2020 - 2nd Italian Serie A (3 results); 2020 - Russian Championships (20 results); 2021 - Russian Cup (4 results); 2022 - Russian Championships (6 results); 2025 - Russian Championships (14 results); 2025 - Russian Cup (5 results),Yuriy Busse: not found 2027-2025 | Yuri Busse: not found 2027-2025
athlete_match_1b6102e61f3dc33a,high,possible_existing_athlete_match,Ana Ortega,WAG,3573,Anna Ortega,ESP,0.952,"ESP, MEX",,,keep separate,,,,MEX: 2026 - Mexican Championships (5 results),ESP: 2018 - 1st Spanish League (3 results); 2018 - 2nd Spanish League (3 results); 2019 - 2nd Spanish League (1 results); 2019 - 3rd Spanish League (2 results); 2020 - 1st Spanish League (2020 season) (3 results); 2020 - 2nd Spanish League (2 results); 2021 - 1st Spanish League (2 results); 2021 - 3rd Spanish League (2 results); 2021 - Spanish League Finals (1 results); 2022 - 1st Spanish League (1 results); 2022 - 3rd Spanish League (1 results),Ana Ortega: not found 2027-2025 | Anna Ortega: not found 2027-2025
athlete_match_7ef37f577f45de78,medium,possible_existing_athlete_match,Goo Laewon,WAG,9651,Goo Lae-won,KOR,0.952,"KOR, KOR",accept_suggestion,same_country_review_reuse,merge as same athlete,,,Pre-filled from same-country admin decision memory. Country is unchanged; change-country cases still require manual review. Source: 2025 gymternet_2025_existing_athlete_match_review.csv.,KOR: 2026 - Singapore Open (5 results),KOR: 2019 - Summer Universiade (5 results); 2025 - Korean National Sports Festival (7 results); 2025 - Singapore Open (7 results); 2025 - South Korean Championships (7 results),Goo Laewon: not found 2027-2025 | Goo Lae-won: not found 2027-2025
athlete_match_47c4bdf9dd79f2fd,medium,possible_existing_athlete_match,Isla Grant,WAG,4846,Islay Grant,GBR,0.952,"GBR, GBR",,,merge as same athlete,,,,GBR: 2026 - Scottish Championships (5 results),GBR: 2018 - Scottish Championships (5 results); 2019 - Scottish Championships (2 results); 2022 - Scottish Championships (2 results); 2023 - Scottish Championships (6 results); 2024 - Scottish Championships (5 results); 2025 - Scottish Championships (3 results),Isla Grant: not found 2027-2025 | Islay Grant: not found 2027-2025
athlete_match_6d75e92a5ea25a88,medium,possible_existing_athlete_match,Jana Garcia,WAG,3431,Ana Garcia,ESP,0.952,"ESP, ESP",,,keep separate,,,,ESP: 2026 - 2nd Spanish League (3 results),ESP: 2018 - 2nd Spanish League (1 results); 2021 - 1st Spanish League (3 results),Jana Garcia: not found 2027-2025 | Ana Garcia: not found 2027-2025
athlete_match_366ba4bebe9c62a8,medium,possible_existing_athlete_match,Luana Roda,WAG,14267,Luana Rodas,PER,0.952,"PER, PER",accept_suggestion,same_country_review_reuse,merge as same athlete,,,Pre-filled from same-country admin decision memory. Country is unchanged; change-country cases still require manual review. Source: 2025 gymternet_2025_existing_athlete_match_review.csv.,PER: 2026 - Pan American Championships (5 results),PER: 2021 - South American Junior Championships (7 results); 2022 - South American Junior Championships (8 results); 2022 - South American Junior Games (8 results); 2023 - South American Junior Championships (7 results); 2024 - South American Championships (5 results); 2025 - Bolivarian Games (5 results); 2025 - Pan American Championships (5 results); 2025 - South American Championships (5 results); 2025 - World Championships (5 results),Luana Roda: not found 2027-2025 | Luana Rodas: not found 2027-2025
athlete_match_b29bb21d2ae6e2dc,medium,possible_existing_athlete_match,Mara Silva,WAG,16922,Marta Silva,POR,0.952,"POR, POR",accept_suggestion,same_country_review_reuse,merge as same athlete,,,Pre-filled from same-country admin decision memory. Country is unchanged; change-country cases still require manual review. Source: 2025 gymternet_2025_existing_athlete_match_review.csv.,POR: 2026 - International GymSport (5 results),POR: 2022 - International GymSport (2 results); 2022 - Portuguese Championships (7 results); 2023 - International GymSport (7 results); 2023 - Portuguese Championships (7 results); 2024 - International GymSport (11 results); 2024 - Portuguese Championships (14 results); 2025 - International GymSport (7 results),Mara Silva: not found 2027-2025 | Marta Silva: not found 2027-2025
athlete_match_d77041398ff458d4,medium,possible_existing_athlete_match,Marina Olmo,WAG,25582,Maria Olmo,ESP,0.952,"ESP, ESP",,,merge as same athlete,,,,ESP: 2026 - 1st Spanish League (3 results),ESP: 2025 - 2nd Spanish League (2 results),Marina Olmo: not found 2027-2025 | Maria Olmo: not found 2027-2025
athlete_match_afdb8ca4be14977e,medium,possible_existing_athlete_match,Michaela Fürbacherova,WAG,20176,Michaela Furbacherova,CZE,0.952,"CZE, CZE",accept_suggestion,same_country_review_reuse,merge as same athlete,,,Pre-filled from same-country admin decision memory. Country is unchanged; change-country cases still require manual review. Source: 2025 gymternet_2025_existing_athlete_match_review.csv.,CZE: 2026 - Hanspeter Demetz Memorial (5 results),CZE: 2023 - Hanspeter Demetz Memorial (5 results); 2023 - Salamunov Memorial (5 results); 2025 - Czech Championships (5 results),Michaela Fürbacherova: not found 2027-2025 | Michaela Furbacherova: not found 2027-2025
athlete_match_d744e1497e1c146f,medium,possible_existing_athlete_match,Yang Jialin,WAG,17388,Yang Jiali,CHN,0.952,"CHN, CHN",,,merge as same athlete,,,,CHN: 2026 - Chinese Championships (3 results),CHN: 2022 - Chinese Youth Championships (7 results); 2023 - Chinese National Student Youth Games (11 results); 2024 - Chinese Championships (10 results); 2024 - Chinese Individual Championships (11 results); 2025 - Chinese Championships (6 results); 2025 - Chinese National Games (5 results),Yang Jialin: not found 2027-2025 | Yang Jiali: not found 2027-2025
athlete_match_933b497b27de5ba5,medium,possible_existing_athlete_match,Tyler Traore Malatre,MAG,24420,Tyler Traore-Malatre,FRA,0.95,"FRA, FRA",,,merge as same athlete,,,,FRA: 2026 - International Junior Team Cup (5 results),FRA: 2025 - French Championships (9 results); 2025 - International Junior Team Cup (14 results),Tyler Traore Malatre: not found 2027-2025 | Tyler Traore-Malatre: not found 2027-2025
athlete_match_516deda1be73ff54,medium,possible_existing_athlete_match,Vitaliy Sukhodolskiy,MAG,8726,Vitaliy Sukhodolskin,RUS,0.95,"RUS, RUS",accept_suggestion,same_country_review_reuse,merge as same athlete,,,Pre-filled from same-country admin decision memory. Country is unchanged; change-country cases still require manual review. Source: 2025 gymternet_2025_existing_athlete_match_review.csv.,RUS: 2026 - Russian Cup (2 results),RUS: 2019 - Russian Junior Championships (15 results); 2023 - Russian Championships (7 results); 2023 - Russian Cup (2 results); 2024 - Belarus Open Cup (2 results); 2024 - Russian Championships (4 results); 2025 - Russian Championships (7 results); 2025 - Russian Cup (14 results),Vitaliy Sukhodolskiy: not found 2027-2025 | Vitaliy Sukhodolskin: not found 2027-2025
athlete_match_1e473873981c3a50,medium,possible_existing_athlete_match,Yeshwin Walkadawatte,MAG,21900,Yeshwin Walakadawatt,SRI,0.95,"SRI, SRI",,,merge as same athlete,,,,SRI: 2026 - Asian Championships (5 results),SRI: 2024 - Asian Championships (7 results); 2025 - Asian Championships (7 results),Yeshwin Walkadawatte: not found 2027-2025 | Yeshwin Walakadawatt: not found 2027-2025
athlete_match_2295edbecdb959ce,medium,possible_existing_athlete_match,Joanne Chen Hoi Yuen,WAG,19731,Joanne Chen Hai Yuen,HKG,0.95,"HKG, HKG",accept_suggestion,same_country_review_reuse,merge as same athlete,,,Pre-filled from same-country admin decision memory. Country is unchanged; change-country cases still require manual review. Source: 2025 gymternet_2025_existing_athlete_match_review.csv.,HKG: 2026 - Asian Championships (5 results),HKG: 2023 - Asian Championships (7 results); 2023 - Olympic Hopes Cup (10 results); 2023 - Singapore Open (7 results); 2024 - Pacific Rim Championships (1 results); 2025 - Asian Championships (7 results); 2025 - Chinese National Games (10 results); 2025 - Doha World Cup (7 results); 2025 - Szombathely Challenge Cup (6 results),Joanne Chen Hoi Yuen: not found 2027-2025 | Joanne Chen Hai Yuen: not found 2027-2025
athlete_match_881b90efecf85ca7,medium,possible_existing_athlete_match,Ahmed Riadh Aliouat,MAG,14971,Ahmed-Riadh Aliouat,ALG,0.947,"ALG, ALG",accept_suggestion,same_country_review_reuse,merge as same athlete,,,Pre-filled from same-country admin decision memory. Country is unchanged; change-country cases still require manual review. Source: 2024 gymternet_2024_existing_athlete_match_review.csv.,ALG: 2026 - African Championships (5 results),ALG: 2022 - African Championships (10 results); 2023 - African Championships (2 results); 2023 - Cairo World Cup (2 results); 2023 - World Championships (2 results); 2024 - RomGym Trophy (9 results); 2025 - Antalya World Cup (3 results); 2025 - Cairo World Cup (2 results); 2025 - World Championships (2 results),Ahmed Riadh Aliouat: not found 2027-2025 | Ahmed-Riadh Aliouat: not found 2027-2025
athlete_match_bc55c6ef58f00391,medium,possible_existing_athlete_match,Sonny-John Breffitt,MAG,18672,Sonny John Breffitt,GBR,0.947,"GBR, GBR",,,merge as same athlete,,,,GBR: 2026 - British Championships (5 results),GBR: 2023 - English Championships (7 results); 2024 - British Championships (7 results); 2024 - English Championships (7 results),Sonny-John Breffitt: not found 2027-2025 | Sonny John Breffitt: not found 2027-2025
athlete_match_097179e956a0cfac,medium,possible_existing_athlete_match,Anastasija Ananjeva,WAG,3480,Anastasija Ananyeva,LAT,0.947,"LAT, LAT",accept_suggestion,same_country_review_reuse,merge as same athlete,,,Pre-filled from same-country admin decision memory. Country is unchanged; change-country cases still require manual review. Source: 2025 gymternet_2025_existing_athlete_match_review.csv.,LAT: 2026 - Baku World Cup (5 results),LAT: 2018 - Dityatin Cup (8 results); 2019 - Latvian Championships (10 results); 2019 - Tiger Cup (9 results); 2019 - Voronin Cup (5 results); 2020 - European Championships (5 results); 2022 - European Championships (7 results); 2022 - Latvian Championships (5 results); 2022 - Latvian Cup (11 results); 2022 - Mersin Challenge Cup (9 results); 2023 - European Championships (7 results); 2023 - Latvian Championships (13 results); 2023 - Mersin Challenge Cup (9 results); 2023 - Mälar Cup (11 results); 2023 - Tiger Cup (13 results); 2023 - World Championships (7 results); 2024 - Cottbus World Cup (4 results); 2024 - Doha World Cup (6 results); 2024 - European Championships (7 results); 2024 - Latvian Championships (5 results); 2024 - Szombathely Challenge Cup (5 results); 2024 - Tiger Cup (13 results); 2025 - Baku World Cup (5 results); 2025 - European Championships (7 results); 2025 - Latvian Championships (7 results); 2025 - Latvian Cup (8 results); 2025 - Paris Challenge Cup (2 results); 2025 - Tiger Cup (12 results),Anastasija Ananjeva: not found 2027-2025 | Anastasija Ananyeva: not found 2027-2025
athlete_match_713f1c259f6b1eec,medium,possible_existing_athlete_match,Haylee van Rensburg,WAG,25158,Haylee van Rensberg,RSA,0.947,"RSA, RSA",,,merge as same athlete,,,,RSA: 2026 - International GymSport (5 results),RSA: 2025 - South African Worlds Trials (10 results),Haylee van Rensburg: not found 2027-2025 | Haylee van Rensberg: not found 2027-2025
athlete_match_99fdbf173b312799,medium,possible_existing_athlete_match,Lia Monica Fontaine,WAG,16763,Lia-Monica Fontaine,CAN,0.947,"CAN, CAN",accept_suggestion,same_country_review_reuse,merge as same athlete,,,Pre-filled from same-country admin decision memory. Country is unchanged; change-country cases still require manual review. Source: 2025 gymternet_2025_existing_athlete_match_review.csv.,CAN: 2026 - Canadian Championships (5 results),CAN: 2022 - Gymnova Cup (8 results); 2023 - Canadian Championships (14 results); 2023 - DTB Pokal Team Challenge (8 results); 2023 - Elite Canada (14 results); 2023 - U.S.-Canada Junior Friendly (5 results); 2024 - Canadian Championships (14 results); 2024 - City of Jesolo Trophy (12 results); 2024 - Elite Canada (10 results); 2024 - International Gymnix (13 results); 2024 - Olympic Hopes Cup (11 results); 2024 - Pan American Championships (13 results); 2025 - Canadian Championships (14 results); 2025 - City of Jesolo Trophy (12 results); 2025 - Elite Canada (10 results); 2025 - International Gymnix (12 results); 2025 - Pan American Championships (16 results); 2025 - World Championships (10 results),Lia Monica Fontaine: not found 2027-2025 | Lia-Monica Fontaine: not found 2027-2025
athlete_match_6b44e4d2d41ce201,medium,possible_existing_athlete_match,Azuolas Garbauskas,MAG,15048,Azuolas Gabrauskas,LTU,0.944,"LTU, LTU",accept_suggestion,same_country_review_reuse,merge as same athlete,,,Pre-filled from same-country admin decision memory. Country is unchanged; change-country cases still require manual review. Source: 2025 gymternet_2025_existing_athlete_match_review.csv.,LTU: 2026 - Tiger Cup (5 results),LTU: 2022 - Wohnen Juniors Trophy (9 results); 2024 - Lithuanian Championships (9 results); 2024 - Tiger Cup (12 results); 2025 - Lithuanian Championships (9 results),Azuolas Garbauskas: not found 2027-2025 | Azuolas Gabrauskas: not found 2027-2025
athlete_match_b2ec62aa9bfe10d7,medium,possible_existing_athlete_match,Karim Mangala Bima,MAG,12667,Karim Mangala-Bima,FRA,0.944,"FRA, FRA",,,merge as same athlete,,,,FRA: 2026 - Top 12 Series 4 (5 results),FRA: 2021 - Wohnen Juniors Trophy (12 results); 2022 - French Championships (14 results); 2022 - Newport Friendly (7 results); 2023 - French Championships (9 results); 2023 - Lenzburg Junior Friendly (7 results); 2024 - European Championships (9 results); 2024 - French Championships (15 results); 2024 - Gymnasiade (4 results); 2024 - International Junior Team Cup (13 results); 2024 - Platinum League Online (1 results); 2024 - Ravenna Junior Friendly (7 results); 2025 - Top 12 Series 1 (2025) (3 results); 2025 - Top 12 Series 3 (2025) (3 results); 2025 - Top 12 Series 4 (3 results); 2025 - Top 12 Series 6 (3 results),Karim Mangala Bima: not found 2027-2025 | Karim Mangala-Bima: not found 2027-2025
athlete_match_05bf452fb165ed3f,medium,possible_existing_athlete_match,Matvei Uradovskikh,MAG,18327,Matvey Uradovskikh,RUS,0.944,"RUS, RUS",accept_suggestion,same_country_review_reuse,merge as same athlete,,,Pre-filled from same-country admin decision memory. Country is unchanged; change-country cases still require manual review. Source: 2025 gymternet_2025_existing_athlete_match_review.csv.,RUS: 2026 - Russian Junior Team Championships (5 results),RUS: 2023 - Russian Junior Championships (17 results); 2024 - Russian Junior Championships (11 results); 2024 - Voronin Cup (7 results); 2025 - Russian Junior Championships (14 results); 2025 - Russian Youth Spartakiade (17 results); 2025 - Voronin Cup (10 results),Matvei Uradovskikh: not found 2027-2025 | Matvey Uradovskikh: not found 2027-2025
athlete_match_8e91eb636719b856,medium,possible_existing_athlete_match,Sergei Shcherbakov,MAG,21724,Sergey Shcherbakov,RUS,0.944,"RUS, RUS",accept_suggestion,same_country_review_reuse,merge as same athlete,,,Pre-filled from same-country admin decision memory. Country is unchanged; change-country cases still require manual review. Source: 2025 gymternet_2025_existing_athlete_match_review.csv.,RUS: 2026 - Russian Championships (5 results),RUS: 2024 - Russian Junior Championships (8 results); 2025 - Russian Championships (4 results); 2025 - Russian Cup (7 results),Sergei Shcherbakov: not found 2027-2025 | Sergey Shcherbakov: not found 2027-2025
athlete_match_5f786b04258729d3,medium,possible_existing_athlete_match,Zachary Brotherton,MAG,24518,Zachery Brotherton,AUS,0.944,"AUS, AUS",,,merge as same athlete,,,,AUS: 2026 - Australian Championships (5 results),AUS: 2025 - Australian Championships (3 results),Zachary Brotherton: not found 2027-2025 | Zachery Brotherton: not found 2027-2025
athlete_match_c0ed837502fcaeed,medium,possible_existing_athlete_match,Andrei Alekseenko,MAG,17537,Andrey Alekseenko,RUS,0.941,"RUS, RUS",,,merge as same athlete,,,,RUS: 2026 - Russian Cup (5 results),RUS: 2023 - Russian Junior Championships (7 results); 2024 - Russian Junior Championships (7 results),Andrei Alekseenko: not found 2027-2025 | Andrey Alekseenko: not found 2027-2025
athlete_match_903e07dae54a6ccb,medium,possible_existing_athlete_match,Andrei Krivosheev,MAG,12284,Andrey Krivosheev,RUS,0.941,"RUS, RUS",accept_suggestion,same_country_review_reuse,merge as same athlete,,,Pre-filled from same-country admin decision memory. Country is unchanged; change-country cases still require manual review. Source: 2025 gymternet_2025_existing_athlete_match_review.csv.,RUS: 2026 - Russian Cup (5 results),RUS: 2021 - Russian Youth Spartakiade (7 results); 2024 - Russian Junior Championships (16 results); 2024 - Voronin Cup (7 results); 2025 - Russian Championships (15 results); 2025 - Russian Cup (14 results); 2025 - Voronin Cup (7 results),Andrei Krivosheev: not found 2027-2025 | Andrey Krivosheev: not found 2027-2025
athlete_match_5e3e7d8b3bb50409,medium,possible_existing_athlete_match,Maksimilian Pytel,MAG,8082,Maksymilian Pytel,IRL,0.941,"IRL, IRL",,,merge as same athlete,,,,IRL: 2026 - Luxembourg Open (5 results),IRL: 2019 - Irish Championships (7 results),Maksimilian Pytel: not found 2027-2025 | Maksymilian Pytel: not found 2027-2025
athlete_match_c3f65f28cf333bc9,medium,possible_existing_athlete_match,Mikhail Khorotsei,MAG,21505,Mikhail Khorotsey,RUS,0.941,"RUS, RUS",accept_suggestion,same_country_review_reuse,merge as same athlete,,,Pre-filled from same-country admin decision memory. Country is unchanged; change-country cases still require manual review. Source: 2025 gymternet_2025_existing_athlete_match_review.csv.,RUS: 2026 - Russian Junior Team Championships (5 results),RUS: 2024 - Russian Junior Championships (7 results); 2025 - Russian Youth Spartakiade (7 results),Mikhail Khorotsei: not found 2027-2025 | Mikhail Khorotsey: not found 2027-2025
athlete_match_65500476cd89e4d8,medium,possible_existing_athlete_match,Saxon Glendinning,MAG,18623,Saxon Glendenning,AUS,0.941,"AUS, AUS",,,merge as same athlete,,,,AUS: 2026 - Australian Championships (1 results),AUS: 2023 - Beach Blast Invitational (7 results); 2023 - HGA Invitational (7 results),Saxon Glendinning: not found 2027-2025 | Saxon Glendenning: not found 2027-2025
athlete_match_10b49691fe2c94e7,medium,possible_existing_athlete_match,Sébastien Lambert,MAG,2592,Sebastien Lambert,FRA,0.941,"FRA, FRA",accept_suggestion,same_country_review_reuse,merge as same athlete,,,Pre-filled from same-country admin decision memory. Country is unchanged; change-country cases still require manual review. Source: 2025 gymternet_2025_existing_athlete_match_review.csv.,FRA: 2026 - Top 12 Series 1 (2 results); 2026 - Top 12 Series 3 (1 results); 2026 - Top 12 Series 4 (1 results),FRA: 2018 - French Championships (7 results); 2019 - French Championships (7 results); 2019 - Top 12 Series 3 (1 results); 2021 - Top 12 Championships (1 results); 2022 - French Championships (12 results); 2022 - Top 12 Series 2 (1 results); 2022 - Top 12 Series 3 (1 results); 2022 - Top 12 Series 7 (1 results); 2023 - Top 12 Finals (2 results); 2023 - Top 12 Series 3 (1 results); 2023 - Top 12 Series 3 (2023) (1 results); 2023 - Top 12 Series 7 (2 results); 2024 - French Championships (7 results); 2024 - Top 12 Series 2 (2024 Season) (2 results); 2025 - Top 12 Series 1 (2025) (1 results); 2025 - Top 12 Series 3 (2025) (1 results); 2025 - Top 12 Series 6 (1 results),Sébastien Lambert: not found 2027-2025 | Sebastien Lambert: not found 2027-2025
athlete_match_24dd43ffd995327c,medium,possible_existing_athlete_match,Seo Hanul,MAG,18667,So Hanul,KOR,0.941,"KOR, KOR",accept_suggestion,same_country_review_reuse,merge as same athlete,,,Pre-filled from same-country admin decision memory. Country is unchanged; change-country cases still require manual review. Source: 2025 gymternet_2025_existing_athlete_match_review.csv.,KOR: 2026 - Asian Championships (5 results),KOR: 2023 - South Korean Championships (4 results); 2024 - South Korean Championships (5 results); 2025 - Korean National Sports Festival (12 results); 2025 - South Korean Championships (4 results),Seo Hanul: not found 2027-2025 | So Hanul: not found 2027-2025
athlete_match_3fa35e69844d3c74,medium,possible_existing_athlete_match,Steijn Laschewski,MAG,8557,Stejin Laschewski,NED,0.941,"NED, NED",accept_suggestion,same_country_review_reuse,merge as same athlete,,,Pre-filled from same-country admin decision memory. Country is unchanged; change-country cases still require manual review. Source: 2025 gymternet_2025_existing_athlete_match_review.csv.,NED: 2026 - International Junior Team Cup (5 results),NED: 2019 - Wase Gymcup (8 results); 2021 - Wase Gymcup (5 results); 2022 - International Junior Team Cup (10 results); 2023 - Dutch Championships (17 results); 2023 - International Junior Team Cup (7 results); 2024 - International Junior Team Cup (9 results); 2024 - Swiss Cup Juniors (7 results); 2025 - Dutch Championships (10 results); 2025 - International Junior Team Cup (8 results),Steijn Laschewski: not found 2027-2025 | Stejin Laschewski: not found 2027-2025
athlete_match_f3cb4a53f731aa09,medium,possible_existing_athlete_match,Vyacheslav Viktor,MAG,15835,Vyacheslav Viktov,RUS,0.941,"RUS, RUS",accept_suggestion,same_country_review_reuse,merge as same athlete,,,Pre-filled from same-country admin decision memory. Country is unchanged; change-country cases still require manual review. Source: 2024 gymternet_2024_existing_athlete_match_review.csv.,RUS: 2026 - Russian Cup (5 results),RUS: 2022 - Russian Championships (7 results); 2023 - Russian Cup (15 results); 2023 - Russian Junior Championships (17 results); 2024 - Russian Championships (2 results); 2025 - Russian Championships (4 results),Vyacheslav Viktor: not found 2027-2025 | Vyacheslav Viktov: not found 2027-2025
athlete_match_f46704eae8c4c8d2,medium,possible_existing_athlete_match,Vyacheslav Vitkov,MAG,15835,Vyacheslav Viktov,RUS,0.941,"RUS, RUS",accept_suggestion,same_country_review_reuse,merge as same athlete,,,Pre-filled from same-country admin decision memory. Country is unchanged; change-country cases still require manual review. Source: 2025 gymternet_2025_existing_athlete_match_review.csv.,RUS: 2026 - Russian Championships (4 results),RUS: 2022 - Russian Championships (7 results); 2023 - Russian Cup (15 results); 2023 - Russian Junior Championships (17 results); 2024 - Russian Championships (2 results); 2025 - Russian Championships (4 results),Vyacheslav Vitkov: not found 2027-2025 | Vyacheslav Viktov: not found 2027-2025
athlete_match_94add16bc6bea092,medium,possible_existing_athlete_match,Marlene Gutthardt,WAG,12007,Marlene Gotthardt,GER,0.941,"GER, GER",,,merge as same athlete,,,,GER: 2026 - 1st Bundesliga (3 results),GER: 2020 - German Junior Championships (5 results); 2020 - Pre-Olympic Youth Cup (5 results); 2021 - 1st Bundesliga (5 results); 2021 - 2nd Bundesliga (5 results); 2021 - German Junior Championships (11 results); 2021 - Swiss Cup Juniors (5 results); 2021 - Tournoi International (5 results); 2022 - 1st Bundesliga (3 results); 2022 - 2nd Bundesliga (5 results); 2022 - 3rd Bundesliga (5 results); 2022 - 4th Bundesliga (5 results); 2022 - Bundesliga Finals (5 results); 2022 - City of Jesolo Trophy (10 results); 2022 - DTB Pokal Team Challenge (8 results); 2022 - European Championships (10 results); 2022 - European Youth Olympic Festival (10 results); 2022 - German Junior Championships (11 results); 2022 - Haguenau Junior Friendly (3 results); 2023 - 1st Bundesliga (5 results); 2023 - 3rd Bundesliga (3 results); 2023 - 3rd Italian Serie A (2 results); 2023 - 4th Bundesliga (5 results); 2023 - Bundesliga Finals (2 results); 2023 - DTB Pokal Team Challenge (4 results); 2023 - Epernay Friendly (5 results); 2023 - European Youth Olympic Festival (8 results); 2023 - German EYOF Trials (5 results); 2023 - German Junior Championships (11 results); 2023 - Junior World Championships (13 results); 2024 - 1st Bundesliga (3 results); 2024 - 2nd Bundesliga (5 results); 2024 - 3rd Bundesliga (5 results); 2024 - 4th Bundesliga (3 results); 2024 - City of Jesolo Trophy (10 results); 2024 - DTB Pokal Mixed Cup (3 results); 2024 - DTB Pokal Team Challenge (9 results); 2024 - European Championships (11 results); 2024 - German Championships (8 results); 2024 - German Olympic Trials (5 results); 2025 - 1st Bundesliga (5 results); 2025 - 2nd Bundesliga (2 results); 2025 - 3rd Bundesliga (5 results); 2025 - 4th Bundesliga (5 results); 2025 - City of Jesolo Trophy (5 results); 2025 - DTB Pokal Team Challenge (2 results); 2025 - German Worlds Trials (3 results),Marlene Gutthardt: not found 2027-2025 | Marlene Gotthardt: not found 2027-2025
athlete_match_5bd52ff12d86ca85,medium,possible_existing_athlete_match,Oddvor Kimsdottir,WAG,23005,Oddvør Kimsdottir,DEN,0.941,"DEN, DEN",,,merge as same athlete,,,,DEN: 2026 - Elek Matolay Memorial (5 results),DEN: 2024 - Danish Championships (5 results); 2025 - Danish Championships (13 results); 2025 - Danish Team Championships (1 results); 2025 - Island Games (6 results); 2025 - Northern European Championships (6 results),Oddvor Kimsdottir: not found 2027-2025 | Oddvør Kimsdottir: not found 2027-2025
athlete_match_4085f5db1de8f91c,medium,possible_existing_athlete_match,Valentina Pujadas,WAG,23266,Valentina Pujades,ESP,0.941,"ESP, ESP",accept_suggestion,same_country_review_reuse,merge as same athlete,,,Pre-filled from same-country admin decision memory. Country is unchanged; change-country cases still require manual review. Source: 2025 gymternet_2025_existing_athlete_match_review.csv.,ESP: 2026 - 2nd Spanish League (5 results),ESP: 2024 - 3rd Spanish League (2 results); 2025 - 1st Spanish League (3 results); 2025 - 2nd Spanish League (3 results),Valentina Pujadas: not found 2027-2025 | Valentina Pujades: not found 2027-2025
athlete_match_c23ba950046cd838,medium,possible_existing_athlete_match,Yella Wagenschein,WAG,11260,Yelia Wagenschein,GER,0.941,"GER, GER",accept_suggestion,same_country_review_reuse,merge as same athlete,,,Pre-filled from same-country admin decision memory. Country is unchanged; change-country cases still require manual review. Source: 2025 gymternet_2025_existing_athlete_match_review.csv.,GER: 2026 - 1st Bundesliga (1 results),GER: 2019 - German Junior Cup (5 results); 2020 - Pre-Olympic Youth Cup (5 results); 2021 - 1st Bundesliga (3 results); 2021 - 2nd Bundesliga (5 results); 2021 - German Junior Championships (5 results); 2024 - 1st Bundesliga (2 results); 2024 - 2nd Bundesliga (3 results); 2024 - 3rd Bundesliga (5 results); 2024 - 4th Bundesliga (3 results); 2024 - German Championships (5 results); 2025 - 1st Bundesliga (3 results); 2025 - 2nd Bundesliga (3 results); 2025 - 3rd Bundesliga (3 results); 2025 - 4th Bundesliga (3 results),Yella Wagenschein: not found 2027-2025 | Yelia Wagenschein: not found 2027-2025
athlete_match_ec5f5ea41369836f,medium,possible_existing_athlete_match,Arseniy Zaboykin,MAG,23449,Arseniy Zaboikin,RUS,0.938,"RUS, RUS",,,merge as same athlete,,,,RUS: 2026 - Russian Championships (5 results),RUS: 2025 - Russian Junior Championships (7 results),Arseniy Zaboykin: not found 2027-2025 | Arseniy Zaboikin: not found 2027-2025
athlete_match_524267ebde7f1fdb,medium,possible_existing_athlete_match,Cameron Pefianko,MAG,23510,Cameron Pefianco,SGP,0.938,"SGP, SGP",,,merge as same athlete,,,,SGP: 2026 - Singapore Open (5 results),SGP: 2025 - Singapore Championships (16 results); 2025 - Singapore Open (13 results),Cameron Pefianko: not found 2027-2025 | Cameron Pefianco: not found 2027-2025
athlete_match_3024f2653375b38b,medium,possible_existing_athlete_match,Felipe Junquiera,MAG,17847,Felipe Junqueira,USA,0.938,"USA, USA",,,merge as same athlete,,,,USA: 2026 - NCAA Week 1 (2 results); 2026 - NCAA Week 5 (2 results); 2026 - NCAA Week 8 (1 results),USA: 2023 - U.S. Championships (14 results),Felipe Junquiera: not found 2027-2025 | Felipe Junqueira: not found 2027-2025
athlete_match_5de7e1a58cc1c23c,medium,possible_existing_athlete_match,Khusein Khalilov,MAG,21350,Khuseyn Khalilov,RUS,0.938,"RUS, RUS",accept_suggestion,same_country_review_reuse,merge as same athlete,,,Pre-filled from same-country admin decision memory. Country is unchanged; change-country cases still require manual review. Source: 2025 gymternet_2025_existing_athlete_match_review.csv.,RUS: 2026 - Russian Junior Team Championships (5 results),RUS: 2024 - Russian Junior Championships (9 results); 2025 - Russian Junior Championships (7 results); 2025 - Russian Youth Spartakiade (7 results),Khusein Khalilov: not found 2027-2025 | Khuseyn Khalilov: not found 2027-2025
athlete_match_9f6544c58f19c3fb,medium,possible_existing_athlete_match,Marcos Fernandez,MAG,21448,Marcos Fernández,ESP,0.938,"ESP, ESP",,,merge as same athlete,,,,ESP: 2026 - International GymSport (5 results),ESP: 2024 - International GymSport (17 results),Marcos Fernandez: not found 2027-2025 | Marcos Fernández: not found 2027-2025
athlete_match_294e5aeda67ab972,medium,possible_existing_athlete_match,Murilo Ponteduro,MAG,2099,Murilo Pontedura,BRA,0.938,"BRA, BRA",,,merge as same athlete,,,,BRA: 2026 - Brazil Trophy (1 results),BRA: 2018 - Brazilian Championships (7 results); 2018 - Brazilian Event Championships (7 results); 2018 - Brazilian Junior Championships (8 results); 2018 - Gymnasiade (10 results); 2018 - Junior Pan Am Championships (9 results); 2021 - Brazilian Championships (7 results); 2022 - Brazil Trophy (8 results); 2022 - Brazilian Championships (14 results); 2022 - South American Championships (8 results); 2023 - DTB Pokal Team Challenge (5 results); 2024 - Brazil Trophy (2 results); 2025 - Brazil Trophy (6 results); 2025 - Brazilian Championships (7 results); 2025 - South American Championships (5 results),Murilo Ponteduro: not found 2027-2025 | Murilo Pontedura: not found 2027-2025
athlete_match_84ecee272daccf4f,medium,possible_existing_athlete_match,Nicolò Lucchetti,MAG,8247,Nicolo Lucchetti,ITA,0.938,"ITA, ITA",accept_suggestion,same_country_review_reuse,merge as same athlete,,,Pre-filled from same-country admin decision memory. Country is unchanged; change-country cases still require manual review. Source: 2025 gymternet_2025_existing_athlete_match_review.csv.,ITA: 2026 - Champion's Cup (5 results),ITA: 2019 - 2nd Italian Serie A (1 results); 2019 - 3rd Italian Serie A (1 results); 2020 - 1st Italian Serie A (1 results); 2020 - 2nd Italian Serie A (1 results); 2020 - 3rd Italian Serie A (1 results); 2020 - Italian Serie A Final Six (2 results); 2021 - 2nd Itailan Serie A (2 results); 2023 - 1st Italian Serie A (2 results); 2023 - 2nd Italian Serie A (3 results); 2023 - 3rd Italian Serie A (2 results); 2024 - 1st Italian Serie A (3 results); 2024 - 2nd Italian Serie A (1 results); 2024 - 3rd Italian Serie A (2 results); 2024 - Italian Serie A Final Six (1 results); 2025 - 1st Italian Serie A (2 results); 2025 - 2nd Italian Serie A (2 results); 2025 - 3rd Italian Serie A (2 results); 2025 - Champion's Cup (3 results),Nicolò Lucchetti: not found 2027-2025 | Nicolo Lucchetti: not found 2027-2025
athlete_match_1fbc87309249524a,medium,possible_existing_athlete_match,Shumpei Fujimaki,MAG,2656,Shunpei Fujimaki,JPN,0.938,"JPN, JPN",accept_suggestion,same_country_review_reuse,merge as same athlete,,,Pre-filled from same-country admin decision memory. Country is unchanged; change-country cases still require manual review. Source: 2025 gymternet_2025_existing_athlete_match_review.csv.,JPN: 2026 - All-Japan Championships (5 results),JPN: 2018 - All-Japan Event Championships (1 results); 2019 - All-Japan Championships (7 results); 2019 - All-Japan Student Championships (7 results); 2020 - All-Japan Championships (14 results); 2020 - All-Japan Men's Qualifier (7 results); 2020 - All-Japan Student Championships (7 results); 2021 - All-Japan Championships (14 results); 2021 - All-Japan Event Championships (4 results); 2021 - All-Japan Student Championships (7 results); 2021 - All-Japan Team Championships (4 results); 2021 - NHK Trophy (7 results); 2022 - All-Japan Championships (9 results); 2023 - All-Japan Championships (8 results); 2023 - All-Japan Event Championships (5 results); 2023 - All-Japan Senior Championships (7 results); 2023 - NHK Trophy (1 results); 2024 - All-Japan Championships (14 results); 2024 - All-Japan Event Championships (6 results); 2024 - All-Japan Senior Championships (7 results); 2024 - NHK Trophy (14 results); 2025 - All-Japan Championships (14 results); 2025 - All-Japan Event Championships (5 results); 2025 - All-Japan Senior Championships (7 results); 2025 - All-Japan Super Specialist Championships (1 results); 2025 - Asian Championships (5 results); 2025 - NHK Trophy (14 results),Shumpei Fujimaki: not found 2027-2025 | Shunpei Fujimaki: not found 2027-2025
athlete_match_1cb1ea0938e64c35,medium,possible_existing_athlete_match,Timofei Akinshin,MAG,13202,Timofey Akinshin,RUS,0.938,"RUS, RUS",accept_suggestion,same_country_review_reuse,merge as same athlete,,,Pre-filled from same-country admin decision memory. Country is unchanged; change-country cases still require manual review. Source: 2025 gymternet_2025_existing_athlete_match_review.csv.,RUS: 2026 - Russian Cup (5 results),RUS: 2021 - Russian Youth Spartakiade (15 results); 2022 - Russian Championships (2 results); 2022 - Voronin Cup (7 results); 2023 - Minsk Friendly (7 results); 2023 - Russian Junior Championships (21 results); 2024 - Belarus Open Cup (9 results); 2024 - Russian Junior Championships (19 results); 2024 - Voronin Cup (7 results); 2025 - Russian Junior Championships (14 results); 2025 - Strongest Athletes Cup (12 results),Timofei Akinshin: not found 2027-2025 | Timofey Akinshin: not found 2027-2025
athlete_match_47e68dbc4c3caa79,medium,possible_existing_athlete_match,Timothé Geoffroy,MAG,13206,Timothe Geoffroy,FRA,0.938,"FRA, FRA",,,merge as same athlete,,,,FRA: 2026 - International Junior Team Cup (5 results),FRA: 2021 - Wohnen Juniors Trophy (7 results); 2023 - French Championships (7 results); 2024 - French Championships (7 results); 2024 - Top 12 Series 2 (2024 Season) (1 results); 2025 - French Championships (7 results); 2025 - Top 12 Series 1 (2025) (1 results); 2025 - Top 12 Series 4 (1 results); 2025 - Top 12 Series 6 (1 results),Timothé Geoffroy: not found 2027-2025 | Timothe Geoffroy: not found 2027-2025
athlete_match_5d0de6c18363c469,medium,possible_existing_athlete_match,Timur Abaidullin,MAG,18755,Timur Abaydullin,RUS,0.938,"RUS, RUS",,,merge as same athlete,,,,RUS: 2026 - Russian Junior Team Championships (5 results),RUS: 2023 - Russian Junior Championships (7 results),Timur Abaidullin: not found 2027-2025 | Timur Abaydullin: not found 2027-2025
athlete_match_a0a399c0a5de1ae8,medium,possible_existing_athlete_match,Tomoya Kashiwaga,MAG,2847,Tomoya Kashiwagi,JPN,0.938,"JPN, JPN",,,merge as same athlete,,,,JPN: 2026 - 4th Bundesliga (2 results),JPN: 2018 - All-Japan Team Championships (4 results); 2019 - All-Japan Championships (9 results); 2019 - All-Japan Event Championships (3 results); 2021 - All-Japan Senior Championships (7 results); 2022 - 1st Bundlesiga League 2 (7 results); 2022 - 2nd Bundlesiga League 2 (7 results); 2022 - 3rd Bundesliga League 2 (7 results); 2022 - 4th Bundesliga League 2 (7 results); 2022 - 5th Bundesliga League 2 (7 results); 2022 - 6th Bundesliga League 2 (7 results); 2022 - 7th Bundesliga League 2 (7 results); 2022 - German Championships (7 results); 2025 - 2nd Bundesliga (7 results); 2025 - 3rd Bundesliga (2 results); 2025 - 4th Bundesliga (2 results); 2025 - 5th Bundesliga (5 results); 2025 - 7th Bundesliga (2 results),Tomoya Kashiwaga: not found 2027-2025 | Tomoya Kashiwagi: not found 2027-2025
athlete_match_71405f8b4cce8e3d,medium,possible_existing_athlete_match,William Fu-Allen,MAG,3003,William Fu Allen,NZL,0.938,"NZL, NZL",accept_suggestion,same_country_review_reuse,merge as same athlete,,,Pre-filled from same-country admin decision memory. Country is unchanged; change-country cases still require manual review. Source: 2024 gymternet_2024_existing_athlete_match_review.csv.,NZL: 2026 - Oceania Championships (5 results),NZL: 2018 - New Zealand Championships (11 results); 2018 - Pacific Rim Championships (7 results); 2019 - Junior World Championships (9 results); 2019 - New Zealand Championships (13 results); 2021 - New Zealand Championships (14 results); 2022 - Commonwealth Games (3 results); 2022 - Cottbus World Cup (4 results); 2022 - Doha World Cup (5 results); 2022 - Oceania Championships (7 results); 2022 - World Championships (6 results); 2023 - New Zealand Championships (17 results); 2023 - Oceania Championships (4 results); 2024 - Cairo World Cup (2 results); 2024 - Cottbus World Cup (2 results); 2024 - New Zealand Championships (14 results); 2025 - New Zealand Championships (11 results); 2025 - World Championships (5 results),William Fu-Allen: not found 2027-2025 | William Fu Allen: not found 2027-2025
athlete_match_9d8c0ab128c786f9,medium,possible_existing_athlete_match,Chemène Lamaitre,WAG,13648,Chemene Lamaitre,NED,0.938,"NED, NED",accept_suggestion,same_country_review_reuse,merge as same athlete,,,Pre-filled from same-country admin decision memory. Country is unchanged; change-country cases still require manual review. Source: 2025 gymternet_2025_existing_athlete_match_review.csv.,NED: 2026 - 1st Spanish League (3 results); 2026 - 2nd Spanish League (2 results),NED: 2021 - Wase Gymcup (11 results); 2022 - Dutch Championships (11 results); 2022 - Dutch Worlds Trials (5 results); 2022 - Top Gym Tournament (7 results); 2022 - Vera Caslavska Grand Prix (1 results); 2022 - Wase Gymcup (10 results); 2022 - Zelena Jama Open (5 results); 2023 - Dutch Championships (9 results); 2023 - Dutch EYOF Trials (5 results); 2023 - Wase Gymcup (10 results); 2023 - Zelena Jama Open (5 results); 2024 - Baku World Cup (7 results); 2024 - Dutch Championships (9 results); 2024 - Dutch Euros Trials (3 results); 2024 - Dutch Team Championships (5 results); 2025 - 1st Spanish League (3 results); 2025 - 2nd Spanish League (3 results); 2025 - DTB Pokal Team Challenge (3 results); 2025 - Dutch Championships (10 results); 2025 - Dutch Euros Trials (5 results); 2025 - Dutch Team Championships (5 results); 2025 - Rotterdam Friendly (5 results); 2025 - Spanish League Final (3 results); 2025 - Wase Gymcup (13 results),Chemène Lamaitre: not found 2027-2025 | Chemene Lamaitre: not found 2027-2025
athlete_match_6600aef2d8cbacb6,medium,possible_existing_athlete_match,Raphaëlle Letort,WAG,10775,Raphaëlle Letord,FRA,0.938,"FRA, FRA",accept_suggestion,same_country_review_reuse,merge as same athlete,,,Pre-filled from same-country admin decision memory. Country is unchanged; change-country cases still require manual review. Source: 2025 gymternet_2025_existing_athlete_match_review.csv.,FRA: 2026 - French Championships (4 results); 2026 - French National Test (1 results),FRA: 2019 - Tournoi International (5 results); 2021 - French Championships (5 results); 2021 - French National Team Review (5 results); 2022 - French Championships (5 results); 2022 - Top 12 Series 1 (3 results); 2022 - Top 12 Series 3 (3 results); 2023 - French Championships (12 results); 2023 - French National Team Review (5 results); 2023 - Top 12 Series 1 (5 results); 2023 - Top 12 Series 2 (5 results); 2023 - Top 12 Series 4 (5 results); 2023 - Tournoi International (3 results); 2024 - French Championships (5 results); 2024 - Top 12 Series 1 (2024 Season) (5 results); 2024 - Top 12 Series 3 (2024 Season) (1 results); 2024 - Top 12 Series 4 (5 results); 2025 - French National Team Review (5 results); 2025 - Gymnova Cup (5 results); 2025 - Top 12 Series 2 (2 results); 2025 - Top 12 Series 4 (2 results); 2026 - Top 12 Series 3 (2026) (5 results),Raphaëlle Letort: not found 2027-2025 | Raphaëlle Letord: not found 2027-2025
athlete_match_9f60a3267347eb70,medium,possible_existing_athlete_match,Aidar Ismagilov,MAG,20959,Aydar Ismagilov,RUS,0.933,"RUS, RUS",accept_suggestion,same_country_review_reuse,merge as same athlete,,,Pre-filled from same-country admin decision memory. Country is unchanged; change-country cases still require manual review. Source: 2025 gymternet_2025_existing_athlete_match_review.csv.,RUS: 2026 - Russian Junior Team Championships (5 results),RUS: 2024 - Russian Junior Championships (17 results); 2025 - Russian Junior Championships (14 results); 2025 - Russian Youth Spartakiade (8 results),Aidar Ismagilov: not found 2027-2025 | Aydar Ismagilov: not found 2027-2025
athlete_match_0ef1c33c88f23a4d,medium,possible_existing_athlete_match,Aleksei Usachev,MAG,115,Aleksey Usachev,RUS,0.933,"RUS, RUS",accept_suggestion,same_country_review_reuse,merge as same athlete,,,Pre-filled from same-country admin decision memory. Country is unchanged; change-country cases still require manual review. Source: 2024 gymternet_2024_existing_athlete_match_review.csv.,RUS: 2026 - Baku World Cup (2 results); 2026 - Osijek World Cup (3 results),RUS: 2018 - Russian Championships (15 results); 2019 - Russian Junior Championships (19 results); 2020 - Russian Championships (18 results); 2020 - Voronin Cup (8 results); 2021 - Russian Championships (7 results); 2023 - Belarus Open Cup (7 results); 2023 - Russian Championships (10 results); 2024 - Belarus Open Cup (6 results); 2024 - Russian Championships (4 results); 2024 - Voronin Cup (2 results),Aleksei Usachev: not found 2027-2025 | Aleksey Usachev: not found 2027-2025
athlete_match_0a0cfc4c1b994c89,medium,possible_existing_athlete_match,Alexander Yolshin-Cash,MAG,140,Alexander Yolshina Cash,GBR,0.933,"GBR, GBR",accept_suggestion,same_country_review_reuse,merge as same athlete,,,Pre-filled from same-country admin decision memory. Country is unchanged; change-country cases still require manual review. Source: 2025 gymternet_2025_existing_athlete_match_review.csv.,GBR: 2026 - British Championships (4 results); 2026 - Welsh Championships (1 results),GBR: 2018 - British Championships (8 results); 2019 - British Championships (7 results); 2019 - English Championships (7 results); 2021 - British Championships (7 results); 2022 - British Championships (10 results); 2022 - English Championships (7 results); 2022 - Wohnen Juniors Trophy (13 results); 2023 - British Worlds Trials (1 results); 2023 - English Championships (9 results); 2023 - Junior World Championships (15 results); 2024 - British Championships (4 results); 2024 - British Team Championships (5 results); 2024 - Cairo World Cup (2 results); 2024 - English Championships (7 results); 2024 - Koper Challenge Cup (3 results); 2025 - British Team Championships (4 results); 2025 - British Worlds Trials (3 results); 2025 - Paris Challenge Cup (3 results); 2025 - World Championships (3 results),Alexander Yolshin-Cash: not found 2027-2025 | Alexander Yolshina Cash: not found 2027-2025
athlete_match_34581eeb1673b0bd,medium,possible_existing_athlete_match,Andrei Dmitriev,MAG,12283,Andrey Dmitriev,RUS,0.933,"RUS, RUS",accept_suggestion,same_country_review_reuse,merge as same athlete,,,Pre-filled from same-country admin decision memory. Country is unchanged; change-country cases still require manual review. Source: 2025 gymternet_2025_existing_athlete_match_review.csv.,RUS: 2026 - Russian Cup (1 results),RUS: 2021 - Russian Youth Spartakiade (15 results); 2022 - Russian Championships (15 results); 2022 - Spartakiade (4 results); 2023 - Russian Junior Championships (15 results); 2024 - Russian Championships (14 results); 2024 - Russian Cup (15 results); 2025 - Russian Championships (4 results); 2025 - Russian Cup (15 results),Andrei Dmitriev: not found 2027-2025 | Andrey Dmitriev: not found 2027-2025
athlete_match_d20269a02cbef294,medium,possible_existing_athlete_match,Bohdan Ilyinkov,MAG,17626,Bogdan Ilyinkov,BLR,0.933,"BLR, BLR",accept_suggestion,same_country_review_reuse,merge as same athlete,,,Pre-filled from same-country admin decision memory. Country is unchanged; change-country cases still require manual review. Source: 2025 gymternet_2025_existing_athlete_match_review.csv.,BLR: 2026 - Russian Cup (5 results),BLR: 2023 - Belarus Open Cup (15 results); 2023 - Russian Cup (15 results); 2024 - Russian Championships (16 results); 2025 - Gymnastics Legends (9 results); 2025 - Russian Cup (7 results); 2025 - Voronin Cup (12 results),Bohdan Ilyinkov: not found 2027-2025 | Bogdan Ilyinkov: not found 2027-2025
athlete_match_08e3b311856fd242,medium,possible_existing_athlete_match,Briek van Huele,MAG,7317,Briek van Heule,BEL,0.933,"BEL, BEL",accept_suggestion,same_country_review_reuse,merge as same athlete,,,Pre-filled from same-country admin decision memory. Country is unchanged; change-country cases still require manual review. Source: 2024 gymternet_2024_existing_athlete_match_review.csv.,BEL: 2026 - Belgian Championships (5 results),BEL: 2021 - Wase Gymcup (4 results); 2022 - Belgian Championships (7 results); 2022 - Wase Gymcup (4 results); 2023 - Belgian Championships (7 results); 2023 - Wase Gymcup (4 results); 2024 - Wase Gymcup (7 results) | NED: 2019 - Wase Gymcup (7 results),Briek van Huele: not found 2027-2025 | Briek van Heule: not found 2027-2025
athlete_match_4bbfc970f627578f,medium,possible_existing_athlete_match,Félix Blaquiere,MAG,931,Felix Blaquiere,CAN,0.933,"CAN, CAN",,,merge as same athlete,,,,CAN: 2026 - Canadian Championships (5 results),CAN: 2018 - Canadian Championships (12 results); 2018 - Junior Pan Am Championships (10 results); 2020 - Liukin Invitational (7 results); 2022 - Canadian Championships (8 results); 2022 - DTB Pokal Mixed Cup (3 results); 2022 - DTB Pokal Team Challenge (7 results); 2022 - Koper Challenge Cup (7 results); 2022 - Mersin Challenge Cup (5 results); 2023 - Pan American Championships (13 results),Félix Blaquiere: not found 2027-2025 | Felix Blaquiere: not found 2027-2025
athlete_match_fcf2aa071fe77549,medium,possible_existing_athlete_match,Magnus Schøning,MAG,18279,Magnus Schöning,NOR,0.933,"NOR, NOR",accept_suggestion,same_country_review_reuse,merge as same athlete,,,Pre-filled from same-country admin decision memory. Country is unchanged; change-country cases still require manual review. Source: 2025 gymternet_2025_existing_athlete_match_review.csv.,NOR: 2026 - Norwegian Championships (5 results),NOR: 2023 - Mälar Cup (8 results); 2025 - Norwegian Junior Championships (7 results),Magnus Schøning: not found 2027-2025 | Magnus Schöning: not found 2027-2025
athlete_match_d62c6b9002f5de71,medium,possible_existing_athlete_match,Matvei Akinshin,MAG,12865,Matvey Akinshin,RUS,0.933,"RUS, RUS",accept_suggestion,same_country_review_reuse,merge as same athlete,,,Pre-filled from same-country admin decision memory. Country is unchanged; change-country cases still require manual review. Source: 2025 gymternet_2025_existing_athlete_match_review.csv.,RUS: 2026 - Russian Championships (5 results),RUS: 2021 - Russian Youth Spartakiade (15 results); 2022 - Russian Championships (9 results); 2022 - Voronin Cup (7 results); 2023 - Kazan Friendly (18 results); 2023 - Minsk Friendly (7 results); 2023 - Russian Junior Championships (20 results); 2024 - Belarus Open Cup (10 results); 2024 - Russian Junior Championships (20 results); 2025 - Russian Junior Championships (14 results); 2025 - Strongest Athletes Cup (9 results),Matvei Akinshin: not found 2027-2025 | Matvey Akinshin: not found 2027-2025
athlete_match_ecee7e40cad46414,medium,possible_existing_athlete_match,Matvei Gushchin,MAG,18326,Matvey Gushchin,RUS,0.933,"RUS, RUS",,,merge as same athlete,,,,RUS: 2026 - Russian Junior Team Championships (5 results),RUS: 2023 - Russian Junior Championships (7 results),Matvei Gushchin: not found 2027-2025 | Matvey Gushchin: not found 2027-2025
athlete_match_2e493a79823a3cd0,medium,possible_existing_athlete_match,Rakan Al Harith,MAG,2366,Rakan Al-Harith,QAT,0.933,"QAT, QAT",accept_suggestion,same_country_review_reuse,merge as same athlete,,,Pre-filled from same-country admin decision memory. Country is unchanged; change-country cases still require manual review. Source: 2022 gymternet_2022_existing_athlete_match_review.csv.,QAT: 2026 - Asian Championships (2 results),QAT: 2018 - Asian Junior Championships (1 results); 2019 - Singapore Open (5 results); 2022 - Asian Championships (2 results); 2022 - Cairo World Cup (1 results); 2022 - Doha World Cup (1 results); 2022 - Gymnasiade (2 results); 2022 - Islamic Solidarity Games (2 results); 2023 - Asian Championships (1 results); 2023 - Baku World Cup (1 results); 2023 - Cairo World Cup (1 results); 2023 - Cottbus World Cup (1 results); 2023 - Doha World Cup (1 results); 2023 - Mersin Challenge Cup (1 results); 2023 - Pharaoh's Cup (2 results); 2024 - Asian Championships (1 results); 2024 - Baku World Cup (1 results); 2024 - Cairo World Cup (1 results); 2024 - Cottbus World Cup (1 results); 2025 - Asian Championships (2 results); 2025 - Doha World Cup (1 results); 2025 - Koper Challenge Cup (2 results); 2025 - Osijek World Cup (1 results); 2025 - Szombathely Challenge Cup (1 results); 2025 - World Championships (1 results),Rakan Al Harith: not found 2027-2025 | Rakan Al-Harith: not found 2027-2025
athlete_match_5812cb5bbfe1ced7,medium,possible_existing_athlete_match,Ryuto Fukashima,MAG,18591,Ryuto Fukushima,JPN,0.933,"JPN, JPN",accept_suggestion,same_country_review_reuse,merge as same athlete,,,Pre-filled from same-country admin decision memory. Country is unchanged; change-country cases still require manual review. Source: 2025 gymternet_2025_existing_athlete_match_review.csv.,JPN: 2026 - All-Japan Championships (1 results),JPN: 2023 - All-Japan Junior Championships (7 results); 2024 - All-Japan Junior Championships (7 results); 2025 - All-Japan Event Championships (2 results); 2025 - All-Japan Student Championships (7 results),Ryuto Fukashima: not found 2027-2025 | Ryuto Fukushima: not found 2027-2025
athlete_match_66b48ad930a5d646,medium,possible_existing_athlete_match,Zaid Al-Khalidi,MAG,15888,Zaid Al Khalidi,JOR,0.933,"JOR, JOR",,,merge as same athlete,,,,JOR: 2026 - Asian Championships (4 results); 2026 - Tashkent Challenge Cup (1 results),JOR: 2022 - COMEGYM Championships (12 results); 2023 - Junior World Championships (9 results); 2023 - Mediterranean Championships (14 results); 2023 - Pharaoh's Cup (12 results); 2024 - Asian Championships (12 results); 2025 - Antalya World Cup (6 results); 2025 - Cottbus World Cup (5 results); 2025 - Doha World Cup (6 results); 2025 - Pharaoh's Cup (8 results),Zaid Al-Khalidi: not found 2027-2025 | Zaid Al Khalidi: not found 2027-2025
athlete_match_c72e5ed243165204,medium,possible_existing_athlete_match,Amina Israilova,WAG,24641,Amina Isroilova,UZB,0.933,"UZB, UZB",,,merge as same athlete,,,,UZB: 2026 - AGF Trophy (5 results),UZB: 2025 - Gymnastics Legends (5 results),Amina Israilova: not found 2027-2025 | Amina Isroilova: not found 2027-2025
athlete_match_cd0df79d9f592af4,medium,possible_existing_athlete_match,Aynaz Majidzade,WAG,22119,Aynaz Majidzada,AZE,0.933,"AZE, AZE",accept_suggestion,same_country_review_reuse,merge as same athlete,,,Pre-filled from same-country admin decision memory. Country is unchanged; change-country cases still require manual review. Source: 2025 gymternet_2025_existing_athlete_match_review.csv.,AZE: 2026 - AGF Trophy (5 results),AZE: 2024 - Horizon Cup (5 results); 2025 - EYOF Preparation Event (7 results); 2025 - European Youth Olympic Festival (7 results); 2025 - Gymnasiade (1 results); 2025 - Junior World Championships (5 results),Aynaz Majidzade: not found 2027-2025 | Aynaz Majidzada: not found 2027-2025
athlete_match_d801fa2ea536bd9b,high,possible_existing_athlete_match,Daura Rodriguez,WAG,5279,Laura Rodriguez,PAN,0.933,"ESP, PAN",,,keep separate,,,,ESP: 2026 - 1st Spanish League (1 results),PAN: 2018 - Junior Pan American Championships (5 results); 2018 - Pacific Rim Championships (5 results); 2019 - South American Championships (5 results); 2019 - World Championships (5 results),Daura Rodriguez: not found 2027-2025 | Laura Rodriguez: not found 2027-2025
athlete_match_db0ff542d7c049dc,high,possible_existing_athlete_match,Luciana Martinez,WAG,10223,Lucia Martinez,ESP,0.933,"COL, ESP",,,keep separate,,,,COL: 2026 - Colombian Championships (5 results),ESP: 2019 - Spanish League Finals (1 results),Luciana Martinez: not found 2027-2025 | Lucia Martinez: not found 2027-2025
athlete_match_f96d2b6e137890ba,medium,possible_existing_athlete_match,Maïana Heidmann,WAG,25541,Maiana Heidmann,FRA,0.933,"FRA, FRA",,,merge as same athlete,,,,FRA: 2026 - French Championships (5 results),FRA: 2025 - French National Team Review (5 results); 2025 - Tournoi International (7 results),Maïana Heidmann: not found 2027-2025 | Maiana Heidmann: not found 2027-2025
athlete_match_4321ddfad0e1d496,medium,possible_existing_athlete_match,Marianna Kiniuk,WAG,16902,Mariana Kiniuik,UKR,0.933,"UKR, UKR",accept_suggestion,same_country_review_reuse,merge as same athlete,,,Pre-filled from same-country admin decision memory. Country is unchanged; change-country cases still require manual review. Source: 2025 gymternet_2025_existing_athlete_match_review.csv.,UKR: 2026 - Cairo World Cup (1 results); 2026 - Koper Challenge Cup (2 results); 2026 - Varna Challenge Cup (2 results),UKR: 2022 - Gym Festival Trnava (5 results); 2022 - Polish Championships (8 results); 2024 - European Championships (1 results); 2024 - Ukrainian Championships (4 results); 2025 - Cottbus World Cup (3 results); 2025 - European Championships (3 results); 2025 - Tashkent Challenge Cup (3 results); 2025 - Varna Challenge Cup (3 results),Marianna Kiniuk: not found 2027-2025 | Mariana Kiniuik: not found 2027-2025
athlete_match_c5e8ecdb4438031e,medium,possible_existing_athlete_match,Zara Marie Glen,WAG,26234,Zara-Marie Glen,TTO,0.933,"TTO, TTO",,,merge as same athlete,,,,TTO: 2026 - Pan American Championships (5 results),TTO: 2025 - Pan American Championships (5 results),Zara Marie Glen: not found 2027-2025 | Zara-Marie Glen: not found 2027-2025
athlete_match_9bef475973cd9eca,medium,possible_existing_athlete_match,Aleksei Rostov,MAG,113,Aleksey Rostov,RUS,0.929,"RUS, RUS",accept_suggestion,same_country_review_reuse,merge as same athlete,,,Pre-filled from same-country admin decision memory. Country is unchanged; change-country cases still require manual review. Source: 2025 gymternet_2025_existing_athlete_match_review.csv.,RUS: 2026 - Russian Cup (5 results),RUS: 2018 - Russian Championships (3 results); 2019 - Larisa Latynina Cup (10 results); 2025 - Russian Championships (15 results); 2025 - Russian Cup (16 results); 2025 - Voronin Cup (4 results),Aleksei Rostov: not found 2027-2025 | Aleksey Rostov: not found 2027-2025
athlete_match_a249092c6fd5dff4,medium,possible_existing_athlete_match,Dong Hongsheng,MAG,7451,Deng Hongsheng,CHN,0.929,"CHN, CHN",,,merge as same athlete,,,,CHN: 2026 - Osijek World Cup (1 results),CHN: 2019 - Chinese National Youth Games (20 results); 2022 - Chinese Championships (1 results); 2022 - Chinese Youth Championships (9 results); 2023 - Chinese Championships (2 results); 2024 - Chinese Individual Championships (1 results); 2025 - Chinese Championships (1 results); 2025 - Osijek World Cup (2 results),Dong Hongsheng: not found 2027-2025 | Deng Hongsheng: not found 2027-2025
athlete_match_cbbc5fd061043c80,medium,possible_existing_athlete_match,Kirill Maiorov,MAG,12719,Kirill Mayorov,RUS,0.929,"RUS, RUS",accept_suggestion,same_country_review_reuse,merge as same athlete,,,Pre-filled from same-country admin decision memory. Country is unchanged; change-country cases still require manual review. Source: 2025 gymternet_2025_existing_athlete_match_review.csv.,RUS: 2026 - Russian Cup (5 results),RUS: 2021 - Russian Youth Spartakiade (7 results); 2023 - Russian Junior Championships (10 results); 2024 - Voronin Cup (7 results); 2025 - Russian Cup (7 results),Kirill Maiorov: not found 2027-2025 | Kirill Mayorov: not found 2027-2025
athlete_match_3a045473c1ef3a37,medium,possible_existing_athlete_match,Michael Weiner,MAG,2012,Michael Wilner,USA,0.929,"USA, USA",accept_suggestion,same_country_review_reuse,merge as same athlete,,,Pre-filled from same-country admin decision memory. Country is unchanged; change-country cases still require manual review. Source: 2024 gymternet_2024_existing_athlete_match_review.csv.,USA: 2026 - NCAA Week 10 (1 results); 2026 - NCAA Week 4 (2 results); 2026 - NCAA Week 6 (2 results),USA: 2018 - Israeli Championships (3 results); 2018 - Winter Cup Challenge (2 results); 2019 - U.S. Championships D1 (1 results); 2019 - U.S. Championships D2 (1 results); 2019 - U.S. Men's National Qualifier (1 results); 2024 - Winter Cup (7 results),Michael Weiner: not found 2027-2025 | Michael Wilner: not found 2027-2025
athlete_match_564ab1618673141b,medium,possible_existing_athlete_match,Naoto Shiraiwa,MAG,18641,Shiroiwa Naoto,JPN,0.929,"JPN, JPN",accept_suggestion,same_country_review_reuse,merge as same athlete,,,Pre-filled from same-country admin decision memory. Country is unchanged; change-country cases still require manual review. Source: 2025 gymternet_2025_existing_athlete_match_review.csv.,JPN: 2026 - All-Japan Championships (5 results),JPN: 2023 - Austrian Future Cup (14 results); 2024 - All-Japan Junior Championships (7 results); 2025 - All-Japan Junior Championships (7 results); 2025 - All-Japan Team Championships (3 results),Naoto Shiraiwa: not found 2027-2025 | Shiroiwa Naoto: not found 2027-2025
athlete_match_190c61764c899fcc,medium,possible_existing_athlete_match,Raphaël Fortin,MAG,15670,Raphael Fortin,CAN,0.929,"CAN, CAN",accept_suggestion,same_country_review_reuse,merge as same athlete,,,Pre-filled from same-country admin decision memory. Country is unchanged; change-country cases still require manual review. Source: 2025 gymternet_2025_existing_athlete_match_review.csv.,CAN: 2026 - Canadian Championships (5 results),CAN: 2022 - Austrian Future Cup (8 results); 2022 - Canadian Championships (7 results); 2023 - Austrian Future Cup (7 results); 2023 - Canadian Championships (10 results); 2023 - Elite Canada (8 results); 2024 - Candadian Championships (8 results); 2024 - Elite Canada (14 results); 2025 - Canadian Championships (14 results),Raphaël Fortin: not found 2027-2025 | Raphael Fortin: not found 2027-2025
athlete_match_3aa157c78bb32281,medium,possible_existing_athlete_match,Tiléo Santucci,MAG,21799,Tileo Santucci,FRA,0.929,"FRA, FRA",,,merge as same athlete,,,,FRA: 2026 - International Budapest Junior Cup (5 results),FRA: 2024 - Austrian Future Cup (11 results); 2025 - International Junior Team Cup (12 results),Tiléo Santucci: not found 2027-2025 | Tileo Santucci: not found 2027-2025
athlete_match_9398e7c0b0593946,medium,possible_existing_athlete_match,Topias Juunila,MAG,18766,Topias Junnila,FIN,0.929,"FIN, FIN",,,merge as same athlete,,,,FIN: 2026 - Finnish Junior Championships (5 results),FIN: 2023 - Austrian Future Cup (5 results); 2023 - Finnish Championships (7 results); 2024 - Austrian Future Cup (7 results); 2024 - Finnish Championships (4 results); 2025 - Gymnasiade (3 results); 2025 - Wohnen Juniors Trophy (10 results),Topias Juunila: not found 2027-2025 | Topias Junnila: not found 2027-2025
athlete_match_a580eaa8a5256164,medium,possible_existing_athlete_match,Yigit Emre Gok,MAG,24485,Yigit Emre Gök,TUR,0.929,"TUR, TUR",,,merge as same athlete,,,,TUR: 2026 - DTB Pokal Team Challenge (5 results),TUR: 2025 - Balkan Championships (9 results); 2025 - Turkish Championships (9 results); 2025 - Turkish Team Championships (8 results),Yigit Emre Gok: not found 2027-2025 | Yigit Emre Gök: not found 2027-2025
athlete_match_90ec32baec20f86f,medium,possible_existing_athlete_match,Yuri Guimarães,MAG,3100,Yuri Guimaraes,BRA,0.929,"BRA, BRA",accept_suggestion,same_country_review_reuse,merge as same athlete,,,Pre-filled from same-country admin decision memory. Country is unchanged; change-country cases still require manual review. Source: 2025 gymternet_2025_existing_athlete_match_review.csv.,BRA: 2026 - Brazil Trophy (5 results),BRA: 2018 - Brazilian Championships (7 results); 2018 - Brazilian Junior Championships (5 results); 2019 - Brazilian Championships (24 results); 2019 - Brazilian Event Championships (8 results); 2019 - International Junior Team Cup (7 results); 2019 - South American Junior Championships (12 results); 2020 - RD761 Junior International Cup (10 results); 2021 - Brazilian Championships (13 results); 2021 - Junior Pan American Championships (16 results); 2021 - Junior Pan American Games (9 results); 2022 - Brazil Trophy (16 results); 2022 - Brazilian Championships (14 results); 2022 - Paris Challenge Cup (9 results); 2022 - South American Championships (14 results); 2022 - South American Games (9 results); 2022 - World Championships (7 results); 2023 - Brazil Trophy (13 results); 2023 - Brazilian Championships (18 results); 2023 - DTB Pokal Mixed Cup (4 results); 2023 - DTB Pokal Team Challenge (11 results); 2023 - Osijek Challenge Cup (10 results); 2023 - Pan American Championships (11 results); 2023 - Pan American Games (13 results); 2023 - World Championships (5 results); 2024 - Baku World Cup (5 results); 2024 - Brazil Trophy (15 results); 2024 - Brazilian Championships (11 results); 2024 - Cairo World Cup (4 results); 2024 - Cottbus World Cup (4 results); 2024 - Doha World Cup (5 results); 2025 - Brazilian Championships (15 results); 2025 - Szombathely Challenge Cup (7 results),Yuri Guimarães: not found 2027-2025 | Yuri Guimaraes: not found 2027-2025
athlete_match_5f41655eba5e8862,medium,possible_existing_athlete_match,Zeid Al-Saiddi,MAG,18911,Zeid Al-Saiddy,NOR,0.929,"NOR, NOR",,,merge as same athlete,,,,NOR: 2026 - Unni & Haralds Trophy (2 results),NOR: 2023 - Mälar Cup (16 results),Zeid Al-Saiddi: not found 2027-2025 | Zeid Al-Saiddy: not found 2027-2025
athlete_match_9b9b9b692d808fd9,high,possible_existing_athlete_match,Addison Wilson,WAG,25532,Madison Wilson,GBR,0.929,"GBR, USA",,,keep separate,,,,USA: 2026 - Winter Classic National Qualifier (5 results),GBR: 2025 - English Championships (5 results); 2025 - Rushmoor Rose Bowl (5 results),Addison Wilson: not found 2027-2025 | Madison Wilson: not found 2027-2025
athlete_match_60554f4921885787,medium,possible_existing_athlete_match,Alice Kanisova,WAG,15962,Alica Kanisova,SVK,0.929,"SVK, SVK",,,merge as same athlete,,,,SVK: 2026 - Elek Matolay Memorial (5 results),SVK: 2022 - Gym Festival Trnava (5 results),Alice Kanisova: not found 2027-2025 | Alica Kanisova: not found 2027-2025
athlete_match_33fc244dfa17a0ef,medium,possible_existing_athlete_match,Eloane Clément,WAG,19417,Eloane Clement,FRA,0.929,"FRA, FRA",,,merge as same athlete,,,,FRA: 2026 - French National Test (1 results); 2026 - Top 12 Series 4 (3 results),FRA: 2023 - French National Team Review (5 results); 2023 - Tournoi International (5 results); 2024 - French Championships (5 results); 2024 - Tournoi International (5 results); 2025 - French Championships (7 results); 2025 - French National Team Review (5 results); 2025 - Top 12 Series 1 (2 results); 2025 - Top 12 Series 2 (1 results),Eloane Clément: not found 2027-2025 | Eloane Clement: not found 2027-2025
athlete_match_cd0d452a0d0fa643,medium,possible_existing_athlete_match,Lena Devreker,WAG,14916,Yelena Devreker,BEL,0.929,"BEL, BEL",,,merge as same athlete,,,,BEL: 2026 - DTB Pokal Team Challenge (5 results),BEL: 2021 - Swiss Cup Juniors (5 results); 2021 - Tournoi International (5 results); 2022 - European Championships (5 results); 2022 - European Youth Olympic Festival (5 results); 2022 - Ghent Friendly (3 results); 2022 - Top Gym Tournament (7 results); 2022 - Tournoi International (5 results); 2023 - Belgian Championships (5 results); 2023 - DTB Pokal Team Challenge (5 results); 2023 - Junior World Championships (10 results); 2024 - Belgian Championships (5 results); 2024 - Koper Challenge Cup (2 results); 2025 - DTB Pokal Team Challenge (5 results); 2025 - European Championships (5 results); 2025 - Magglingen Friendly (5 results); 2025 - Rotterdam Friendly (5 results),Lena Devreker: not found 2027-2025 | Yelena Devreker: not found 2027-2025
athlete_match_8f67513b1fcfa50a,medium,possible_existing_athlete_match,Maria Rodriguez,WAG,16864,Mar Rodriguez,ESP,0.929,"ESP, ESP",,,merge as same athlete,,,,ESP: 2026 - Spanish League Final (5 results),ESP: 2023 - 1st Spanish League 2023 (3 results); 2023 - 3rd Spanish League (3 results); 2024 - 1st Spanish League (2024 season) (3 results); 2024 - 2nd Spanish League (3 results); 2024 - 3rd Spanish League (3 results); 2025 - 1st Spanish League (5 results); 2025 - 2nd Spanish League (5 results),Maria Rodriguez: not found 2027-2025 | Mar Rodriguez: not found 2027-2025
athlete_match_06c300b161b360ef,medium,possible_existing_athlete_match,Andrei Osipov,MAG,17538,Andrey Osipov,RUS,0.923,"RUS, RUS",accept_suggestion,same_country_review_reuse,merge as same athlete,,,Pre-filled from same-country admin decision memory. Country is unchanged; change-country cases still require manual review. Source: 2025 gymternet_2025_existing_athlete_match_review.csv.,RUS: 2026 - Russian Junior Team Championships (5 results),RUS: 2023 - Russian Junior Championships (8 results); 2024 - Russian Junior Championships (7 results); 2025 - Russian Junior Championships (14 results); 2025 - Russian Youth Spartakiade (15 results),Andrei Osipov: not found 2027-2025 | Andrey Osipov: not found 2027-2025
athlete_match_d975265c962bf2e0,medium,possible_existing_athlete_match,Chiou Min-Han,MAG,483,Chiou Min Han,TPE,0.923,"TPE, TPE",accept_suggestion,same_country_review_reuse,merge as same athlete,,,Pre-filled from same-country admin decision memory. Country is unchanged; change-country cases still require manual review. Source: 2025 gymternet_2025_existing_athlete_match_review.csv.,TPE: 2026 - Cottbus World Cup (2 results); 2026 - Osijek World Cup (1 results),TPE: 2018 - Gymnasiade (4 results); 2019 - Junior World Championships (7 results); 2025 - Antalya World Cup (1 results); 2025 - Cottbus World Cup (4 results); 2025 - Koper Challenge Cup (9 results); 2025 - World University Games (7 results),Chiou Min-Han: not found 2027-2025 | Chiou Min Han: not found 2027-2025
athlete_match_d7eb122b7c46b2a0,medium,possible_existing_athlete_match,Francesco Bertarelli,MAG,21148,Francesco Berarellt,ITA,0.923,"ITA, ITA",,,merge as same athlete,,,,ITA: 2026 - Champion's Cup (5 results),ITA: 2024 - Austrian Future Cup (7 results),Francesco Bertarelli: not found 2027-2025 | Francesco Berarellt: not found 2027-2025
athlete_match_efa6ad0b44c39fe2,medium,possible_existing_athlete_match,Kimi Kohnlein,MAG,18150,Kimi Köhnlein,GER,0.923,"GER, GER",,,merge as same athlete,,,,GER: 2026 - DTB Pokal Team Challenge (5 results),GER: 2023 - German Junior Championships (10 results); 2024 - German Junior Championships (13 results); 2025 - 1st Bundesliga (2 results); 2025 - 2nd Bundesliga (1 results); 2025 - 3rd Bundesliga (3 results); 2025 - 6th Bundesliga (4 results); 2025 - 7th Bundesliga (3 results); 2025 - Biel Junior Friendly (7 results); 2025 - Bundesliga Finals (3 results); 2025 - German Cup (7 results); 2025 - German Junior Championships (20 results); 2025 - International Junior Team Cup (8 results),Kimi Kohnlein: not found 2027-2025 | Kimi Köhnlein: not found 2027-2025
athlete_match_dfca620ce066d380,medium,possible_existing_athlete_match,Kirill Belaev,MAG,15420,Kirill Begaev,RUS,0.923,"RUS, RUS",,,merge as same athlete,,,,RUS: 2026 - Russian Cup (4 results),RUS: 2022 - Russian Championships (3 results); 2025 - Russian Junior Championships (6 results),Kirill Belaev: not found 2027-2025 | Kirill Begaev: not found 2027-2025
athlete_match_1598eae2717c1050,medium,possible_existing_athlete_match,Kirill Ivanov,MAG,23914,Kirill Vankov,RUS,0.923,"RUS, RUS",,,merge as same athlete,,,,RUS: 2026 - Russian Junior Team Championships (5 results),RUS: 2025 - Russian Youth Spartakiade (8 results),Kirill Ivanov: not found 2027-2025 | Kirill Vankov: not found 2027-2025
athlete_match_4c6b3ff6c55403c8,medium,possible_existing_athlete_match,Marcel Sailer,MAG,18290,Marcel Seiler,AUT,0.923,"AUT, AUT",accept_suggestion,same_country_review_reuse,merge as same athlete,,,Pre-filled from same-country admin decision memory. Country is unchanged; change-country cases still require manual review. Source: 2024 gymternet_2024_existing_athlete_match_review.csv.,AUT: 2026 - Salamunov Memorial (5 results),AUT: 2023 - Austrian Future Cup (7 results); 2024 - Austrian Future Cup (7 results),Marcel Sailer: not found 2027-2025 | Marcel Seiler: not found 2027-2025
athlete_match_a8c67f202d6f3208,medium,possible_existing_athlete_match,Max Bereznev,MAG,15544,Maxim Bereznev,USA,0.923,"USA, USA",,,merge as same athlete,,,,USA: 2026 - NCAA Week 3 (2 results),USA: 2022 - U.S. Championships (14 results); 2023 - Stanford Open (7 results); 2023 - U.S. Championships (14 results); 2023 - Winter Cup (12 results),Max Bereznev: not found 2027-2025 | Maxim Bereznev: not found 2027-2025
athlete_match_6f9ae191656e9a0e,medium,possible_existing_athlete_match,Max Veo Creek,MAG,15542,Max Veo-Creek,GBR,0.923,"GBR, GBR",accept_suggestion,same_country_review_reuse,merge as same athlete,,,Pre-filled from same-country admin decision memory. Country is unchanged; change-country cases still require manual review. Source: 2025 gymternet_2025_existing_athlete_match_review.csv.,GBR: 2026 - British Championships (5 results),GBR: 2022 - British Championships (7 results); 2023 - British Championships (7 results); 2023 - English Championships (7 results); 2024 - British Championships (7 results); 2024 - English Championships (7 results); 2025 - British Championships (7 results); 2025 - English Championships (7 results),Max Veo Creek: not found 2027-2025 | Max Veo-Creek: not found 2027-2025
athlete_match_6f6a8b616739eafc,medium,possible_existing_athlete_match,Miguel Besana,MAG,2021,Miguel Begana,PHI,0.923,"PHI, PHI",accept_suggestion,same_country_review_reuse,merge as same athlete,,,Pre-filled from same-country admin decision memory. Country is unchanged; change-country cases still require manual review. Source: 2025 gymternet_2025_existing_athlete_match_review.csv.,PHI: 2026 - Asian Championships (5 results),PHI: 2018 - Singapore Open (11 results); 2024 - Asian Championships (12 results); 2024 - Cottbus World Cup (3 results); 2025 - Asian Championships (9 results); 2025 - Southeast Asian Games (7 results); 2025 - World Championships (9 results); 2025 - World University Games (9 results),Miguel Besana: not found 2027-2025 | Miguel Begana: not found 2027-2025
athlete_match_073dcefcb1109dc4,medium,possible_existing_athlete_match,Quentin Bègue,MAG,2345,Quentin Begue,FRA,0.923,"FRA, FRA",accept_suggestion,same_country_review_reuse,merge as same athlete,,,Pre-filled from same-country admin decision memory. Country is unchanged; change-country cases still require manual review. Source: 2025 gymternet_2025_existing_athlete_match_review.csv.,FRA: 2026 - Top 12 Series 3 (5 results),FRA: 2018 - French Championships (7 results); 2018 - International Junior Team Cup (7 results); 2018 - Top 12 Series 2 (2 results); 2018 - Top 12 Series 3 (2 results); 2019 - French Championships (7 results); 2019 - Stella Zakharova Cup (9 results); 2019 - Top 12 Finals (4 results); 2019 - Top 12 Semi-Final I (3 results); 2019 - Top 12 Semi-Final II (3 results); 2019 - Top 12 Series 5 (1 results); 2019 - Top 12 Series 6 (3 results); 2020 - Top 12 Series 5 (1 results); 2020 - Top 12 Series 6 (1 results); 2023 - Top 12 Series 3 (2 results); 2023 - Top 12 Series 4 (3 results); 2023 - Top 12 Series 6 (3 results); 2024 - Top 12 Series 1 (2024 Season) (2 results); 2024 - Top 12 Series 4 (3 results); 2024 - Top 12 Series 6 (3 results); 2025 - Top 12 Series 1 (2025) (1 results); 2025 - Top 12 Series 3 (2025) (1 results); 2025 - Top 12 Series 6 (1 results) | LUX: 2022 - Top 12 Series 1 (1 results); 2022 - Top 12 Series 4 (2 results); 2022 - Top 12 Series 5 (2 results),Quentin Bègue: not found 2027-2025 | Quentin Begue: not found 2027-2025
athlete_match_8a6fa37a563afcf6,medium,possible_existing_athlete_match,Swaïmy Bellil,MAG,8577,Swaimy Bellil,FRA,0.923,"FRA, FRA",accept_suggestion,same_country_review_reuse,merge as same athlete,,,Pre-filled from same-country admin decision memory. Country is unchanged; change-country cases still require manual review. Source: 2025 gymternet_2025_existing_athlete_match_review.csv.,FRA: 2026 - French Championships (5 results),FRA: 2019 - French Championships (7 results); 2023 - French Championships (8 results); 2023 - Salamunov Memorial (12 results); 2024 - French Championships (7 results); 2024 - Top 12 Series 1 (2024 Season) (2 results); 2024 - Top 12 Series 2 (2024 Season) (2 results); 2024 - Top 12 Series 4 (3 results); 2024 - Top 12 Series 5 (3 results); 2024 - Top 12 Series 7 (7 results); 2024 - Troyes Friendly (7 results); 2025 - French Championships (9 results); 2025 - Givet Friendly (7 results); 2025 - Rotterdam Friendly (7 results); 2025 - Top 12 Semifinals (7 results); 2025 - Top 12 Series 1 (2025) (3 results); 2025 - Top 12 Series 2 (2025) (3 results); 2025 - Top 12 Series 4 (3 results); 2025 - Top 12 Series 5 (3 results),Swaïmy Bellil: not found 2027-2025 | Swaimy Bellil: not found 2027-2025
athlete_match_c001a28f74f7534e,medium,possible_existing_athlete_match,Toby Hazleton,MAG,18759,Toby Hazelton,IRL,0.923,"IRL, IRL",,,merge as same athlete,,,,IRL: 2026 - Irish Championships (4 results),GBR: 2023 - Austrian Future Cup (7 results); 2023 - British Championships (7 results); 2023 - English Championships (7 results); 2024 - British Championships (7 results); 2024 - English Championships (7 results) | IRL: 2025 - Irish Championships (7 results),Toby Hazleton: not found 2027-2025 | Toby Hazelton: not found 2027-2025
athlete_match_6460f2f1a9f1d819,high,possible_existing_athlete_match,Zachary Nuñez,MAG,8869,Zachary Nunez,USA,0.923,"PHI, USA",,,merge as same athlete,country history,PHI,,PHI: 2026 - Asian Championships (3 results),USA: 2019 - U.S. Championships D1 (7 results); 2019 - U.S. Championships D2 (7 results); 2020 - Liukin Invitational (7 results); 2020 - Winter Cup Challenge (14 results); 2022 - Winter Cup (13 results); 2023 - Houston National Invitational (6 results); 2023 - U.S. Championships (8 results); 2023 - U.S. Classic (3 results),Zachary Nuñez: not found 2027-2025 | Zachary Nunez: not found 2027-2025
athlete_match_0471f821deeb9dac,medium,possible_existing_athlete_match,Carla Garcia,WAG,9265,Carlota Garcia,ESP,0.923,"ESP, ESP",accept_suggestion,same_country_review_reuse,merge as same athlete,,,Pre-filled from same-country admin decision memory. Country is unchanged; change-country cases still require manual review. Source: 2025 gymternet_2025_existing_athlete_match_review.csv.,ESP: 2026 - 2nd Spanish League (2 results); 2026 - Spanish League Final (3 results),ESP: 2020 - 1st Spanish League (2020 season) (2 results); 2020 - 2nd Spanish League (5 results); 2020 - Spanish Championships (5 results); 2021 - 1st Spanish League (5 results); 2021 - 2nd Spanish League (5 results); 2021 - 3rd Spanish League (5 results); 2021 - Spanish Championships (2 results); 2025 - 1st Spanish League (2 results); 2025 - 2nd Spanish League (3 results),Carla Garcia: not found 2027-2025 | Carlota Garcia: not found 2027-2025
athlete_match_060eb8cf55a5f1a2,medium,possible_existing_athlete_match,Carla Martinez,WAG,3837,Carla Martin,ESP,0.923,"ESP, ESP",accept_suggestion,same_country_review_reuse,merge as same athlete,,,Pre-filled from same-country admin decision memory. Country is unchanged; change-country cases still require manual review. Source: 2024 gymternet_2024_existing_athlete_match_review.csv.,ESP: 2026 - Spanish League Final (3 results),ESP: 2018 - 1st Spanish League (1 results); 2018 - 2nd Spanish League (1 results); 2018 - 3rd Spanish League (1 results); 2019 - 1st Spanish League (1 results); 2023 - 2nd Spanish League (1 results); 2023 - 3rd Spanish League (3 results); 2024 - 1st Spanish League (2024 season) (3 results); 2024 - 2nd Spanish League (1 results); 2024 - 3rd Spanish League (3 results),Carla Martinez: not found 2027-2025 | Carla Martin: not found 2027-2025
athlete_match_d933bdbc520e223c,medium,possible_existing_athlete_match,Ema Kandalvoa,WAG,4303,Ema Kandalova,GBR,0.923,"GBR, GBR",,,merge as same athlete,,,,GBR: 2026 - British Championships (3 results),GBR: 2018 - British Team Championships (3 results); 2019 - Rushmoor Rose Bowl (5 results); 2021 - British Championships (5 results); 2021 - Rushmoor Rosebowl (5 results); 2022 - British Championships (5 results); 2022 - British Team Championships (5 results); 2022 - English Championships (5 results); 2022 - Rushmoor Rose Bowl (10 results); 2022 - Vera Caslavska Grand Prix (11 results); 2023 - British Championships (5 results); 2023 - EYOF Mixed Pairs (2 results); 2023 - English Championships (7 results); 2023 - European Youth Olympic Festival (11 results); 2023 - Junior World Championships (7 results); 2023 - Welsh Championships (2 results); 2024 - British Championships (7 results); 2024 - English Championships (5 results); 2024 - Leverkusen Cup (5 results); 2024 - Welsh Championships (5 results); 2025 - British Championships (7 results); 2025 - DTB Pokal Team Challenge (6 results); 2025 - English Championships (5 results),Ema Kandalvoa: not found 2027-2025 | Ema Kandalova: not found 2027-2025
athlete_match_57cd8b0146b4cd14,high,possible_existing_athlete_match,Isabella Ramos,WAG,16555,Isabel Ramos,BRA,0.923,"BRA, MEX",,,keep separate,,,,MEX: 2026 - Mexican Championships (3 results),BRA: 2022 - Brazilian Junior Championships (13 results); 2023 - Brazilian Championships (26 results); 2024 - Brazilian Championships (13 results); 2024 - Brazilian Junior Championships (12 results); 2024 - City of Jesolo Trophy (13 results); 2024 - International GymSport (8 results); 2024 - Pan American Championships (6 results); 2024 - South American Junior Championships (12 results); 2025 - Brazilian Championships (7 results); 2025 - Brazilian Junior Championships (8 results); 2025 - City of Jesolo Trophy (13 results); 2025 - Junior Pan American Games (12 results); 2025 - Junior World Championships (6 results),Isabella Ramos: not found 2027-2025 | Isabel Ramos: not found 2027-2025
athlete_match_971b22bc1d18a752,medium,possible_existing_athlete_match,Karol Sanchez,WAG,19801,Karla Sanchez,COL,0.923,"COL, COL",accept_suggestion,same_country_review_reuse,merge as same athlete,,,Pre-filled from same-country admin decision memory. Country is unchanged; change-country cases still require manual review. Source: 2025 gymternet_2025_existing_athlete_match_review.csv.,COL: 2026 - Colombian Championships (5 results),COL: 2023 - 2nd Colombian Championships (5 results); 2023 - Colombian Championships (3 results); 2024 - Colombian Championships (11 results); 2024 - Pacific Rim Championships (7 results); 2024 - Pan American Championships (7 results); 2025 - Colombian Championships (6 results),Karol Sanchez: not found 2027-2025 | Karla Sanchez: not found 2027-2025
athlete_match_e015325e5caaca45,medium,possible_existing_athlete_match,Léane Thonnel,WAG,14196,Leane Thonnel,FRA,0.923,"FRA, FRA",accept_suggestion,same_country_review_reuse,merge as same athlete,,,Pre-filled from same-country admin decision memory. Country is unchanged; change-country cases still require manual review. Source: 2025 gymternet_2025_existing_athlete_match_review.csv.,FRA: 2026 - French Championships (5 results),FRA: 2021 - French National Team Review (5 results); 2021 - Top 12 Championships (3 results); 2022 - French Championships (5 results); 2022 - Top 12 Series 1 (5 results); 2022 - Top 12 Series 2 (5 results); 2024 - Christmas Cup (2 results); 2025 - French National Team Review (5 results); 2025 - Top 12 Series 2 (3 results); 2026 - Top 12 Series 3 (2026) (2 results),Léane Thonnel: not found 2027-2025 | Leane Thonnel: not found 2027-2025
athlete_match_38706b0c39f3e8a0,medium,possible_existing_athlete_match,Martina Martin,WAG,10338,Maria Martin,ESP,0.923,"ESP, ESP",accept_suggestion,same_country_review_reuse,merge as same athlete,,,Pre-filled from same-country admin decision memory. Country is unchanged; change-country cases still require manual review. Source: 2025 gymternet_2025_existing_athlete_match_review.csv.,ESP: 2026 - 1st Spanish League (1 results); 2026 - 2nd Spanish League (1 results),ESP: 2020 - 1st Spanish League (2020 season) (2 results); 2020 - 2nd Spanish League (2 results); 2021 - 1st Spanish League (5 results); 2025 - 1st Spanish League (1 results),Martina Martin: not found 2027-2025 | Maria Martin: not found 2027-2025
athlete_match_56aec2656752298f,medium,possible_existing_athlete_match,Sara Sobolova,WAG,20461,Sara Dobolova,CZE,0.923,"CZE, CZE",accept_suggestion,same_country_review_reuse,merge as same athlete,,,Pre-filled from same-country admin decision memory. Country is unchanged; change-country cases still require manual review. Source: 2025 gymternet_2025_existing_athlete_match_review.csv.,CZE: 2026 - Czech Championships (5 results),CZE: 2023 - Czech Championships (5 results); 2024 - Czech Championships (6 results); 2025 - Czech Championships (7 results),Sara Sobolova: not found 2027-2025 | Sara Dobolova: not found 2027-2025
athlete_match_c243550e61e7bc08,high,possible_existing_athlete_match,Sophia Daniel,WAG,20592,Sophie Daniel,USA,0.923,"GBR, USA",,,keep separate,,,,GBR: 2026 - Welsh Championships (5 results),USA: 2023 - City of Lights National Qualifier (5 results),Sophia Daniel: not found 2027-2025 | Sophie Daniel: not found 2027-2025
athlete_match_8c17d1a4f35fbc9c,medium,possible_existing_athlete_match,Tasa Jevdenic,WAG,17286,Taja Jevdenic,SLO,0.923,"SLO, SLO",accept_suggestion,same_country_review_reuse,merge as same athlete,,,Pre-filled from same-country admin decision memory. Country is unchanged; change-country cases still require manual review. Source: 2025 gymternet_2025_existing_athlete_match_review.csv.,SLO: 2026 - Salamunov Memorial (5 results),SLO: 2022 - Hanspeter Demetz Memorial (5 results); 2022 - Salamunov Memorial (10 results); 2022 - Zelena Jama Open (5 results); 2023 - Gymnova Cup (5 results); 2023 - Salamunov Memorial (5 results); 2023 - Zelena Jama Open (5 results); 2025 - Balkan Championships (7 results); 2025 - Horizon Cup (5 results); 2025 - Iceland Classic (13 results); 2025 - Salamunov Memorial (5 results); 2025 - Zelena Jama Open (5 results),Tasa Jevdenic: not found 2027-2025 | Taja Jevdenic: not found 2027-2025
athlete_match_a9ed795b26b7041c,high,possible_existing_athlete_match,Dhruv Bhatia,MAG,7479,Drhuv Bhatia,IND,0.917,"CAN, IND",,,keep separate,,,,CAN: 2026 - Canadian Championships (2 results),IND: 2019 - Indian Championships (8 results),Dhruv Bhatia: not found 2027-2025 | Drhuv Bhatia: not found 2027-2025
athlete_match_9edd8fd19e47e1fc,medium,possible_existing_athlete_match,Franco Susic,MAG,21150,Franko Susic,CRO,0.917,"CRO, CRO",,,merge as same athlete,,,,CRO: 2026 - International Budapest Junior Cup (1 results),CRO: 2024 - Croatian Championships (7 results); 2024 - Croatian Event Championships (8 results); 2024 - Tiger Cup (17 results); 2025 - Balkan Championships (10 results); 2025 - Croatian Championships (7 results); 2025 - Salamunov Memorial (7 results),Franco Susic: not found 2027-2025 | Franko Susic: not found 2027-2025
athlete_match_e89ebf2eae907639,medium,possible_existing_athlete_match,Guo Tianlong,MAG,12497,Gao Tianlong,CHN,0.917,"CHN, CHN",,,merge as same athlete,,,,CHN: 2026 - Chinese Championships (1 results),CHN: 2021 - Chinese Youth Games (7 results); 2022 - Chinese Youth Championships (7 results); 2023 - Chinese Championships (7 results); 2023 - Chinese National Student Youth Games (2 results); 2024 - Chinese Championships (1 results); 2024 - Chinese Individual Championships (1 results); 2025 - Chinese Championships (1 results); 2025 - Osijek World Cup (2 results),Guo Tianlong: not found 2027-2025 | Gao Tianlong: not found 2027-2025
athlete_match_05b8a37d91661c9c,medium,possible_existing_athlete_match,Ivan Skhurov,MAG,1253,Ivan Shkurov,RUS,0.917,"RUS, RUS",accept_suggestion,same_country_review_reuse,merge as same athlete,,,Pre-filled from same-country admin decision memory. Country is unchanged; change-country cases still require manual review. Source: 2020 gymternet_2020_existing_athlete_match_review.csv.,RUS: 2026 - Russian Cup (5 results),RUS: 2018 - Russian Junior Championships (19 results); 2019 - Russian Junior Championships (15 results); 2020 - Russian Championships (14 results); 2020 - Voronin Cup (2 results); 2023 - Russian Championships (5 results),Ivan Skhurov: not found 2027-2025 | Ivan Shkurov: not found 2027-2025
athlete_match_8886c02743b252ba,medium,possible_existing_athlete_match,Josh George,MAG,21309,Joshua George,USA,0.917,"USA, USA",,,merge as same athlete,,,,USA: 2026 - Sam Mikulak Invitational (5 results),USA: 2024 - Beach Blast Invitational (3 results),Josh George: not found 2027-2025 | Joshua George: not found 2027-2025
athlete_match_e610f49561390704,medium,possible_existing_athlete_match,Kim Yungyung,MAG,12717,Kim Yunkyung,KOR,0.917,"KOR, KOR",accept_suggestion,same_country_review_reuse,merge as same athlete,,,Pre-filled from same-country admin decision memory. Country is unchanged; change-country cases still require manual review. Source: 2025 gymternet_2025_existing_athlete_match_review.csv.,KOR: 2026 - Singapore Open (5 results),KOR: 2021 - South Korean Championships (5 results); 2023 - South Korean Championships (3 results); 2024 - South Korean Championships (4 results); 2025 - Korean National Sports Festival (5 results); 2025 - Singapore Open (5 results); 2025 - South Korean Championships (2 results),Kim Yungyung: not found 2027-2025 | Kim Yunkyung: not found 2027-2025
athlete_match_6b80ba2664aba324,medium,possible_existing_athlete_match,Léo Saladino,MAG,1684,Leo Saladino,FRA,0.917,"FRA, FRA",accept_suggestion,same_country_review_reuse,merge as same athlete,,,Pre-filled from same-country admin decision memory. Country is unchanged; change-country cases still require manual review. Source: 2025 gymternet_2025_existing_athlete_match_review.csv.,FRA: 2026 - French Championships (5 results),FRA: 2018 - European Championships (4 results); 2018 - French Championships (7 results); 2018 - Gymnasiade (11 results); 2018 - Olympic Hopes Cup (15 results); 2018 - Top 12 Semi-Final 1 (3 results); 2018 - Top 12 Semi-Final 2 (3 results); 2018 - Top 12 Series 1 (3 results); 2018 - Top 12 Series 2 (3 results); 2018 - Top 12 Series 4 (3 results); 2018 - Top 12 Series 5 (3 results); 2018 - Youth Olympic Games Qualifier (7 results); 2019 - European Youth Olympic Festival (16 results); 2019 - French Championships (8 results); 2019 - International Junior Team Cup (8 results); 2019 - Junior World Championships (12 results); 2019 - Top 12 Series 1 (3 results); 2019 - Top 12 Series 3 (3 results); 2019 - Top 12 Series 4 (3 results); 2019 - Top 12 Series 5 (3 results); 2020 - RD761 Junior International Cup (11 results); 2020 - Top 12 Series 6 (3 results); 2021 - Arthur Gander Memorial (4 results); 2021 - European Championships (4 results); 2021 - French Championships (4 results); 2021 - Koper Challenge Cup (7 results); 2021 - Top 12 Championships (7 results); 2022 - DTB Pokal Team Challenge (11 results); 2022 - European Championships (18 results); 2022 - French Championships (16 results); 2022 - Magglingen Friendly (7 results); 2022 - Mediterranean Games (17 results); 2022 - Paris Challenge Cup (4 results); 2022 - Top 12 Series 2 (3 results); 2022 - Top 12 Series 3 (3 results); 2022 - Top 12 Series 5 (3 results); 2022 - Top 12 Series 6 (3 results); 2022 - Varna Challenge Cup (8 results); 2022 - World Championships (7 results); 2023 - DTB Pokal Team Challenge (7 results); 2023 - European Championships (16 results); 2023 - French Championships (11 results); 2023 - Ghent Friendly (3 results); 2023 - Paris Challenge Cup (9 results); 2023 - Top 12 Finals (5 results); 2023 - Top 12 Series 1 (2023) (3 results); 2023 - Top 12 Series 3 (3 results); 2023 - Top 12 Series 3 (2023) (3 results); 2023 - Top 12 Series 4 (3 results); 2023 - Top 12 Series 7 (4 results); 2023 - World Championships (7 results); 2024 - Arthur Gander Memorial (3 results); 2024 - Cairo World Cup (3 results); 2024 - European Championships (8 results); 2024 - French Championships (15 results); 2024 - Koper Challenge Cup (12 results); 2024 - Swiss Cup (4 results); 2024 - Top 12 Finals (4 results); 2024 - Top 12 Series 2 (2024 Season) (3 results); 2024 - Top 12 Series 5 (3 results); 2024 - Top 12 Series 6 (2 results); 2024 - Top 12 Series 7 (4 results); 2025 - 2nd Italian Serie A (7 results); 2025 - 3rd Italian Serie A (4 results); 2025 - Cairo World Cup (13 results); 2025 - European Championships (17 results); 2025 - French Championships (16 results); 2025 - Top 12 Finals (7 results); 2025 - Top 12 Semifinals (7 results); 2025 - Top 12 Series 2 (2025) (3 results); 2025 - Top 12 Series 3 (2025) (3 results); 2025 - Top 12 Series 5 (3 results); 2025 - Top 12 Series 6 (3 results),Léo Saladino: not found 2027-2025 | Leo Saladino: not found 2027-2025
athlete_match_21dbedac3ee0abd9,medium,possible_existing_athlete_match,Leui Holland,MAG,23963,Levi Holland,NED,0.917,"NED, NED",,,merge as same athlete,,,,NED: 2026 - Luxembourg Open (5 results),NED: 2025 - Dutch Euros Trials 2 (9 results); 2025 - International Junior Team Cup (13 results); 2025 - Wase Gymcup (12 results),Leui Holland: not found 2027-2025 | Levi Holland: not found 2027-2025
athlete_match_055de50772f8751d,medium,possible_existing_athlete_match,Matvei Zanin,MAG,15538,Matvey Zanin,RUS,0.917,"RUS, RUS",accept_suggestion,same_country_review_reuse,merge as same athlete,,,Pre-filled from same-country admin decision memory. Country is unchanged; change-country cases still require manual review. Source: 2025 gymternet_2025_existing_athlete_match_review.csv.,RUS: 2026 - Russian Cup (5 results),RUS: 2022 - Russian Championships (10 results); 2023 - Kazan Friendly (6 results); 2023 - Russian Junior Championships (19 results); 2024 - Belarus Open Cup (15 results); 2024 - Russian Junior Championships (17 results); 2024 - Voronin Cup (9 results); 2025 - Russian Youth Spartakiade (16 results); 2025 - Strongest Athletes Cup (9 results); 2025 - Voronin Cup (7 results),Matvei Zanin: not found 2027-2025 | Matvey Zanin: not found 2027-2025
athlete_match_36146e54e075a2e8,medium,possible_existing_athlete_match,Naël Sakouhi,MAG,8210,Nael Sakouhi,FRA,0.917,"FRA, FRA",accept_suggestion,same_country_review_reuse,merge as same athlete,,,Pre-filled from same-country admin decision memory. Country is unchanged; change-country cases still require manual review. Source: 2025 gymternet_2025_existing_athlete_match_review.csv.,FRA: 2026 - Top 12 Series 2 (5 results),FRA: 2019 - Horizon Cup (7 results); 2022 - French Championships (14 results); 2023 - Avignon Friendly (7 results); 2023 - EYOF Mixed Pairs (4 results); 2023 - European Youth Olympic Festival (9 results); 2023 - French Championships (15 results); 2023 - International Junior Team Cup (15 results); 2023 - Lenzburg Junior Friendly (7 results); 2024 - French Championships (16 results); 2024 - Gymnasiade (16 results); 2025 - Biel Junior Friendly (7 results); 2025 - French Championships (15 results); 2025 - Junior World Championships (17 results); 2025 - Top 12 Semifinals (7 results); 2025 - Top 12 Series 1 (2025) (3 results); 2025 - Top 12 Series 2 (2025) (3 results); 2025 - Top 12 Series 5 (1 results); 2025 - Wase Gymcup (10 results),Naël Sakouhi: not found 2027-2025 | Nael Sakouhi: not found 2027-2025
athlete_match_609c10846fab757c,medium,possible_existing_athlete_match,Petr Kliment,MAG,8310,Petr Klement,CZE,0.917,"CZE, CZE",,,merge as same athlete,,,,CZE: 2026 - Hanspeter Demetz Memorial (5 results),CZE: 2019 - Czech Championships (7 results),Petr Kliment: not found 2027-2025 | Petr Klement: not found 2027-2025
athlete_match_02ff42ba226dd64a,medium,possible_existing_athlete_match,Zhang Baoxin,MAG,15903,Zheng Baoxin,CHN,0.917,"CHN, CHN",,,merge as same athlete,,,,CHN: 2026 - Chinese Championships (5 results),CHN: 2022 - Chinese Youth Championships (19 results); 2023 - Chinese National Student Youth Games (28 results); 2025 - Chinese Championships (14 results); 2025 - Chinese National Games (7 results),Zhang Baoxin: not found 2027-2025 | Zheng Baoxin: not found 2027-2025
athlete_match_0145e7e28a100e31,medium,possible_existing_athlete_match,Ana Espinosa,WAG,13441,Ana Espinoza,COL,0.917,"COL, COL",accept_suggestion,same_country_review_reuse,merge as same athlete,,,Pre-filled from same-country admin decision memory. Country is unchanged; change-country cases still require manual review. Source: 2024 gymternet_2024_existing_athlete_match_review.csv.,COL: 2026 - Colombian Championships (5 results),COL: 2021 - Colombia Control Meet (7 results); 2022 - South American Junior Games (1 results); 2023 - 2nd Colombian Championships (5 results); 2024 - Colombian Championships (1 results),Ana Espinosa: not found 2027-2025 | Ana Espinoza: not found 2027-2025
athlete_match_85c365049cfb70e0,medium,possible_existing_athlete_match,Anita Del Bò,WAG,3537,Anita del Bo,ITA,0.917,"ITA, ITA",accept_suggestion,same_country_review_reuse,merge as same athlete,,,Pre-filled from same-country admin decision memory. Country is unchanged; change-country cases still require manual review. Source: 2025 gymternet_2025_existing_athlete_match_review.csv.,ITA: 2026 - 1st Italian Serie A (2 results); 2026 - 2nd Italian Serie A (1 results),ITA: 2018 - Italian Gold Championships (3 results); 2019 - Italian Gold Championships (1 results); 2020 - 2nd Italian Serie A (1 results); 2020 - 3rd Italian Serie A (1 results); 2020 - Italian Gold Championships (2 results); 2020 - Italian Serie A Final Six (1 results); 2021 - 1st Italian Serie A (2 results); 2021 - 2nd Italian Serie A (1 results); 2021 - Italian Serie A Final Six (1 results); 2022 - 3rd Italian Serie A (2 results); 2025 - 2nd Italian Serie A (1 results); 2025 - Champion's Cup (1 results),Anita Del Bò: not found 2027-2025 | Anita del Bo: not found 2027-2025
athlete_match_f329f4594f91d8cd,medium,possible_existing_athlete_match,Aurelie Tran,WAG,11744,Aurélie Tran,CAN,0.917,"CAN, CAN",,,merge as same athlete,,,,CAN: 2026 - Canadian Championships (5 results),CAN: 2020 - Elite Canada (10 results); 2020 - International Gymnix (8 results); 2021 - Canadian Championships (14 results); 2021 - Canadian Technical Trial 1 (7 results); 2021 - Canadian Technical Trial 2 (5 results); 2021 - Elite Canada (5 results); 2021 - Junior Pan American Games (9 results); 2022 - Elite Canada (7 results); 2022 - Gymnova Cup (3 results); 2023 - Canadian Championships (10 results); 2023 - Canadian Worlds Trials (10 results); 2023 - DTB Pokal Team Challenge (6 results); 2023 - Elite Canada (10 results); 2023 - Pan American Championships (9 results); 2023 - Pan American Games (13 results); 2023 - World Championships (5 results); 2024 - Canadian Championships (10 results); 2024 - City of Jesolo Trophy (7 results); 2024 - Elite Canada (5 results); 2024 - International Gymnix (13 results); 2024 - Olympic Games (7 results),Aurelie Tran: not found 2027-2025 | Aurélie Tran: not found 2027-2025
athlete_match_d75027c79a3df3b1,medium,possible_existing_athlete_match,Célia Serber,WAG,3894,Celia Serber,FRA,0.917,"FRA, FRA",accept_suggestion,same_country_review_reuse,merge as same athlete,,,Pre-filled from same-country admin decision memory. Country is unchanged; change-country cases still require manual review. Source: 2025 gymternet_2025_existing_athlete_match_review.csv.,FRA: 2026 - City of Jesolo Trophy (3 results); 2026 - French National Test (2 results),FRA: 2018 - City of Jesolo Trophy (10 results); 2018 - French Championships (12 results); 2019 - American Cup (5 results); 2019 - DTB Team Challenge (7 results); 2019 - French Championships (6 results); 2019 - Worms Friendly (5 results); 2021 - Elite Gym Massilia (9 results); 2021 - FIT Challenge (5 results); 2021 - French Championships (10 results); 2021 - French National Team Review (5 results); 2021 - Ukraine International Cup (3 results); 2021 - World Championships (10 results); 2022 - City of Jesolo Trophy (5 results); 2022 - French Championships (1 results); 2022 - French Test Meet (5 results); 2022 - Mediterranean Games (3 results); 2022 - Varna Challenge Cup (4 results); 2023 - French Championships (6 results); 2023 - Heidelberg Friendly (5 results); 2023 - Paris Challenge Cup (1 results); 2024 - Christmas Cup (3 results); 2024 - French Championships (6 results); 2024 - French National Team Review (3 results); 2024 - Varna Challenge Cup (3 results); 2025 - Paris Challenge Cup (3 results); 2025 - World Championships (5 results); 2025 - World University Games (11 results),Célia Serber: not found 2027-2025 | Celia Serber: not found 2027-2025
athlete_match_61265ee00bb090a3,medium,possible_existing_athlete_match,Dalila Burke,WAG,24886,Dailia Burke,TTO,0.917,"TTO, TTO",,,merge as same athlete,,,,TTO: 2026 - Pan American Championships (5 results),TTO: 2025 - Pan American Championships (5 results),Dalila Burke: not found 2027-2025 | Dailia Burke: not found 2027-2025
athlete_match_53cd8800468148bc,high,possible_existing_athlete_match,Danna Sanchez,WAG,9031,Ana Sanchez,ESP,0.917,"ESP, PER",,,keep separate,,,,PER: 2026 - South American Youth Games (5 results),ESP: 2019 - 1st Spanish League (5 results); 2019 - 2nd Spanish League (5 results); 2019 - 3rd Spanish League (3 results),Danna Sanchez: not found 2027-2025 | Ana Sanchez: not found 2027-2025
athlete_match_73d2afb9ede473b1,medium,possible_existing_athlete_match,Élina Nemour,WAG,24989,Elina Nemour,ALG,0.917,"ALG, ALG",,,merge as same athlete,,,,ALG: 2026 - French Championships (5 results),ALG: 2025 - Mediterranean Championships (9 results),Élina Nemour: not found 2027-2025 | Elina Nemour: not found 2027-2025
athlete_match_23d4d6061eb5111e,medium,possible_existing_athlete_match,Loïcia Porte,WAG,5469,Loicia Porte,FRA,0.917,"FRA, FRA",accept_suggestion,same_country_review_reuse,merge as same athlete,,,Pre-filled from same-country admin decision memory. Country is unchanged; change-country cases still require manual review. Source: 2021 gymternet_2021_existing_athlete_match_review.csv.,FRA: 2026 - French National Test (1 results),FRA: 2018 - Top 12 Series 1 (5 results); 2018 - Top 12 Series 2 (5 results); 2019 - Elite Gym Massilia (5 results); 2019 - French Championships (8 results); 2019 - Top 12 Semi-Finals (5 results); 2021 - Elite Gym Massilia (5 results); 2021 - French National Team Review (5 results); 2022 - French Championships (10 results); 2023 - French Championships (10 results); 2023 - French National Team Review (5 results); 2023 - Top 12 Series 1 (5 results); 2023 - Top 12 Series 2 (5 results); 2023 - Top 12 Series 4 (5 results); 2024 - French Championships (10 results); 2024 - French National Team Review (1 results); 2024 - Top 12 Finals (3 results); 2024 - Top 12 Series 2 (2024 Season) (3 results); 2024 - Top 12 Series 3 (2024 Season) (3 results); 2024 - Top 12 Series 4 (3 results); 2025 - French Championships (10 results); 2025 - French National Team Review (5 results); 2025 - Top 12 Finals (5 results); 2025 - Top 12 Series 2 (5 results); 2025 - Top 12 Series 2 (2025) (2 results); 2025 - Top 12 Series 3 (5 results); 2025 - Top 12 Series 4 (5 results); 2026 - Top 12 Series 3 (2026) (3 results),Loïcia Porte: not found 2027-2025 | Loicia Porte: not found 2027-2025
athlete_match_135a9c9981c124a1,high,possible_existing_athlete_match,Lya Lefebvre,WAG,10098,Lea Lefebvre,FRA,0.917,"CAN, FRA",,,keep separate,,,,CAN: 2026 - Canadian Championships (5 results),FRA: 2019 - French Championships (5 results); 2019 - Sarreguemines Cup (5 results); 2019 - Top 12 Series 1 (2 results); 2020 - Top 12 Series 3 (1 results); 2022 - Top 12 Series 2 (1 results),Lya Lefebvre: not found 2027-2025 | Lea Lefebvre: not found 2027-2025
athlete_match_5ddb096292af4e84,medium,possible_existing_athlete_match,Maria Perez,WAG,5765,Marimar Perez,ESP,0.917,"ESP, ESP",,,keep separate,,,,ESP: 2026 - 1st Spanish League (2 results); 2026 - 2nd Spanish League (2 results),ESP: 2018 - 1st Spanish League (5 results); 2018 - 2nd Spanish League (5 results); 2018 - 3rd Spanish League (3 results); 2018 - Houston National Invitational (5 results),Maria Perez: not found 2027-2025 | Marimar Perez: not found 2027-2025
athlete_match_b63eba52fbdd0079,high,possible_existing_athlete_match,Martina Diaz,WAG,5736,Mariana Diaz,MEX,0.917,"ESP, MEX",,,keep separate,,,,ESP: 2026 - 2nd Spanish League (1 results),MEX: 2018 - Mexican Championships (7 results); 2019 - Mexican Championships (5 results); 2022 - Mexican Championships (5 results),Martina Diaz: not found 2027-2025 | Mariana Diaz: not found 2027-2025
athlete_match_8a9f326480d4a5b2,medium,possible_existing_athlete_match,Sara Vicente,WAG,22623,Lara Vicente,BRA,0.917,"BRA, BRA",,,keep separate,,,,BRA: 2026 - Brazil Trophy (2 results),BRA: 2024 - Brazilian Junior Championships (3 results); 2025 - Brazilian Championships (5 results); 2025 - Brazilian Junior Championships (7 results),Sara Vicente: not found 2027-2025 | Lara Vicente: not found 2027-2025
athlete_match_737e44c0492dfc6a,medium,possible_existing_athlete_match,Zelmé Daries,WAG,7090,Zelme Daries,RSA,0.917,"RSA, RSA",accept_suggestion,same_country_review_reuse,merge as same athlete,,,Pre-filled from same-country admin decision memory. Country is unchanged; change-country cases still require manual review. Source: 2025 gymternet_2025_existing_athlete_match_review.csv.,RSA: 2026 - African Championships (5 results),RSA: 2018 - Africa Safari International (6 results); 2018 - African Championships (5 results); 2018 - South African Championships (8 results); 2018 - Top Gym Tournament (7 results); 2019 - South African Championships (10 results); 2021 - African Championships (5 results); 2021 - South African Championships (5 results); 2021 - South African National Trials (5 results); 2022 - Osijek Challenge Cup (2 results); 2023 - Rushmoor Rose Bowl (6 results); 2023 - South African Championships (6 results); 2024 - African Championships (6 results); 2024 - Antalya Challenge Cup (2 results); 2024 - South African Championships (8 results); 2025 - Paris Challenge Cup (2 results); 2025 - South African Worlds Trials (10 results); 2025 - Tashkent Challenge Cup (4 results); 2025 - World Championships (4 results),Zelmé Daries: not found 2027-2025 | Zelme Daries: not found 2027-2025
athlete_match_0edf42b9a9303845,medium,possible_existing_athlete_match,Arthur Olyslaegers,MAG,12315,Arthur Oylsaegers,BEL,0.914,"BEL, BEL",accept_suggestion,same_country_review_reuse,merge as same athlete,,,Pre-filled from same-country admin decision memory. Country is unchanged; change-country cases still require manual review. Source: 2025 gymternet_2025_existing_athlete_match_review.csv.,BEL: 2026 - DTB Pokal Team Challenge (5 results),BEL: 2021 - Wase Gymcup (7 results); 2022 - Wase Gymcup (1 results); 2023 - Wase Gymcup (4 results); 2024 - Belgian Championships (7 results); 2024 - Luxembourg Open (8 results); 2024 - Swiss Cup Juniors (5 results); 2024 - Wase Gymcup (13 results); 2025 - Belgian Championships (7 results); 2025 - DTB Pokal Team Challenge (5 results); 2025 - European Youth Olymipc Festival (4 results); 2025 - Luxembourg Open (10 results); 2025 - Wase Gymcup (6 results),Arthur Olyslaegers: not found 2027-2025 | Arthur Oylsaegers: not found 2027-2025
athlete_match_eb09286763b9837e,medium,possible_existing_athlete_match,Viktoria Gerasimova,WAG,6944,Viktoria Raimova,RUS,0.914,"RUS, RUS",,,keep separate,,,,RUS: 2026 - Russian Junior Team Championships (4 results),RUS: 2018 - Russian Junior Championships (10 results); 2019 - Russian Junior Championships (10 results); 2021 - Russian Championships (5 results); 2021 - Russian Federal Championships (13 results); 2022 - Russian Championships (5 results),Viktoria Gerasimova: not found 2027-2025 | Viktoria Raimova: not found 2027-2025
athlete_match_1eea26d7c8a7c577,medium,possible_existing_athlete_match,Aidan Myers,MAG,17466,Aiden Myers,USA,0.909,"USA, USA",,,merge as same athlete,,,,USA: 2026 - NCAA Week 6 (1 results),USA: 2023 - Beach Blast Invitational (3 results); 2024 - Beach Blast Invitational (7 results),Aidan Myers: not found 2027-2025 | Aiden Myers: not found 2027-2025
athlete_match_5559f5f158406edd,medium,possible_existing_athlete_match,Caleb Isava,MAG,21002,Caleb Ysava,VEN,0.909,"VEN, VEN",,,merge as same athlete,,,,VEN: 2026 - South American Youth Games (5 results),VEN: 2024 - South American Junior Championships (12 results); 2025 - Junior Pan American Games (7 results),Caleb Isava: not found 2027-2025 | Caleb Ysava: not found 2027-2025
athlete_match_bd3259e47b3915d6,medium,possible_existing_athlete_match,Denis Scala,MAG,17748,Denis Skala,GBR,0.909,"GBR, GBR",,,merge as same athlete,,,,GBR: 2026 - Welsh Championships (5 results),GBR: 2023 - Austrian Future Cup (14 results); 2023 - English Championships (7 results); 2024 - British Championships (9 results); 2024 - Chemnitz Junior Friendly (7 results); 2024 - English Championships (9 results); 2025 - British Championships (9 results); 2025 - English Championships (9 results); 2025 - International Junior Team Cup (9 results),Denis Scala: not found 2027-2025 | Denis Skala: not found 2027-2025
athlete_match_c96c9be4757c7545,medium,possible_existing_athlete_match,Ihor Dyshuk,MAG,15291,Igor Dyshuk,UKR,0.909,"UKR, UKR",accept_suggestion,same_country_review_reuse,merge as same athlete,,,Pre-filled from same-country admin decision memory. Country is unchanged; change-country cases still require manual review. Source: 2025 gymternet_2025_existing_athlete_match_review.csv.,UKR: 2026 - Koper Challenge Cup (1 results); 2026 - Osijek World Cup (2 results); 2026 - Varna Challenge Cup (2 results),UKR: 2022 - European Championships (3 results); 2024 - Ukrainian Championships (1 results); 2025 - DTB Pokal Team Challenge (3 results); 2025 - Szombathely Challenge Cup (2 results); 2025 - Tashkent Challenge Cup (3 results); 2025 - World Championships (2 results); 2025 - World University Games (4 results),Ihor Dyshuk: not found 2027-2025 | Igor Dyshuk: not found 2027-2025
athlete_match_455997eae9e417a0,medium,possible_existing_athlete_match,Kirill Korzhavich,MAG,21360,Kirill Korzhavin,RUS,0.909,"RUS, RUS",,,keep separate,,,,RUS: 2026 - Russian Cup (5 results),RUS: 2024 - Russian Championships (7 results),Kirill Korzhavich: not found 2027-2025 | Kirill Korzhavin: not found 2027-2025
athlete_match_6b57a2ad08e196fa,high,possible_existing_athlete_match,Lee Yu-Chen,MAG,18881,Yu Chen Lee,USA,0.909,"TPE, USA",,,merge as same athlete,country history,TPE,,TPE: 2026 - Koper Challenge Cup (2 results),USA: 2023 - Stanford Open (5 results),Lee Yu-Chen: not found 2027-2025 | Yu Chen Lee: not found 2027-2025
athlete_match_e52f146c08fe0576,high,possible_existing_athlete_match,Ritan Malik,MAG,18556,Ritam Malik,AUS,0.909,"AUS, USA",,,merge as same athlete,canonical country,AUS,,USA: 2026 - NCAA Week 8 (1 results),AUS: 2023 - DTB Pokal Team Challenge (8 results); 2023 - Junior World Championships (7 results); 2024 - DTB Pokal Team Challenge (8 results); 2024 - Oceania Championships (7 results); 2025 - DTB Pokal Team Challenge (8 results); 2025 - Junior World Championships (7 results),Ritan Malik: not found 2027-2025 | Ritam Malik: not found 2027-2025
athlete_match_fe2bca48980e4941,medium,possible_existing_athlete_match,Thomas Kjønsberg,MAG,18744,Thomas Kjoensberg,NOR,0.909,"NOR, NOR",accept_suggestion,same_country_review_reuse,merge as same athlete,,,Pre-filled from same-country admin decision memory. Country is unchanged; change-country cases still require manual review. Source: 2025 gymternet_2025_existing_athlete_match_review.csv.,NOR: 2026 - Norwegian Championships (5 results),NOR: 2023 - Nordic Junior Championships (10 results); 2024 - Norwegian Championships (9 results); 2025 - EYOF Preparation Event (7 results); 2025 - European Youth Olymipc Festival (7 results); 2025 - Ifact Norgescup 2 (7 results); 2025 - International Junior Team Cup (8 results); 2025 - Norwegian Championships (8 results); 2025 - Norwegian Junior Championships (11 results); 2025 - Unni & Haralds Trophy (10 results),Thomas Kjønsberg: not found 2027-2025 | Thomas Kjoensberg: not found 2027-2025
athlete_match_339d6ff28c6e83ca,medium,possible_existing_athlete_match,Yang Haoran,MAG,3040,Yang Haonan,CHN,0.909,"CHN, CHN",,,merge as same athlete,,,,CHN: 2026 - Chinese Championships MT (2 results),CHN: 2018 - Chinese Individual Junior Championships (13 results); 2018 - Olympic Hopes Cup (11 results); 2019 - Junior World Championships (15 results); 2021 - Chinese Championships (7 results); 2021 - Chinese National Games (20 results); 2022 - Chinese Championships (16 results); 2024 - Cottbus World Cup (1 results); 2025 - Asian Championships (9 results); 2025 - Chinese Championships (20 results); 2025 - Chinese National Games (26 results),Yang Haoran: not found 2027-2025 | Yang Haonan: not found 2027-2025
athlete_match_f96cbafb1ecbc0f8,medium,possible_existing_athlete_match,Charlotte Duthion Léon,WAG,24844,Charlotte Duthion León,FRA,0.909,"FRA, FRA",,,merge as same athlete,,,,FRA: 2026 - French Championships (5 results),FRA: 2025 - French National Team Review (5 results),Charlotte Duthion Léon: not found 2027-2025 | Charlotte Duthion León: not found 2027-2025
athlete_match_f311f6e260266e65,medium,possible_existing_athlete_match,Elizaveta Anosova,WAG,22265,Elizaveta Basova,RUS,0.909,"RUS, RUS",,,keep separate,,,,RUS: 2026 - Russian Junior Team Championships (4 results),RUS: 2024 - Russian Junior Championships (16 results); 2025 - Russian Junior Championships (12 results); 2025 - Russian Youth Spartakiade (12 results); 2025 - Strongest Athletes Cup (7 results),Elizaveta Anosova: not found 2027-2025 | Elizaveta Basova: not found 2027-2025
athlete_match_5af35e98acf347ee,medium,possible_existing_athlete_match,Hana Skubec,WAG,22405,Hana Skubic,SLO,0.909,"SLO, SLO",,,merge as same athlete,,,,SLO: 2026 - Hanspeter Demetz Memorial (5 results),SLO: 2024 - Zelena Jama Open (5 results); 2025 - Salamunov Memorial (5 results); 2025 - Zelena Jama Open (5 results),Hana Skubec: not found 2027-2025 | Hana Skubic: not found 2027-2025
athlete_match_e08bfe31cc659355,medium,possible_existing_athlete_match,Ines Del Bò,WAG,4773,Ines del Bo,ITA,0.909,"ITA, ITA",accept_suggestion,same_country_review_reuse,merge as same athlete,,,Pre-filled from same-country admin decision memory. Country is unchanged; change-country cases still require manual review. Source: 2025 gymternet_2025_existing_athlete_match_review.csv.,ITA: 2026 - 3rd Italian Serie A (2 results); 2026 - Champion's Cup (2 results),ITA: 2018 - Italian Gold Championships (5 results); 2019 - Italian Gold Championships (5 results); 2020 - 1st Italian Serie A (2 results); 2020 - 3rd Italian Serie A (2 results); 2021 - 2nd Italian Serie A (3 results); 2021 - 3rd Italian Serie A (3 results); 2021 - Italian Gold Championships (3 results); 2022 - 1st Italian Serie A (3 results); 2022 - 2nd Italian Serie A (5 results); 2022 - 3rd Italian Serie A (2 results); 2022 - Italian Gold Championships (5 results); 2023 - 2nd Italian Serie A (1 results); 2023 - 3rd Italian Serie A (2 results); 2023 - Italian Gold Championships (1 results); 2023 - Italian Gold Championships Qualifier (5 results); 2024 - 2nd Italian Serie A (1 results); 2024 - Italian Gold Championships (1 results); 2025 - 1st Italian Serie A (1 results); 2025 - Champion's Cup (2 results); 2025 - Italian Gold Championships (3 results),Ines Del Bò: not found 2027-2025 | Ines del Bo: not found 2027-2025
athlete_match_741bd895d0284938,medium,possible_existing_athlete_match,Julia Silva,WAG,19763,Julie Silva,BRA,0.909,"BRA, BRA",accept_suggestion,same_country_review_reuse,merge as same athlete,,,Pre-filled from same-country admin decision memory. Country is unchanged; change-country cases still require manual review. Source: 2025 gymternet_2025_existing_athlete_match_review.csv.,BRA: 2026 - Brazil Trophy (5 results),BRA: 2023 - Brazilian Championships (10 results); 2024 - Brazil Trophy (2 results); 2024 - Brazilian Championships (5 results); 2024 - Brazilian Junior Championships (1 results); 2025 - Brazil Trophy (10 results); 2025 - Brazilian Championships (6 results); 2025 - City of Jesolo Trophy (5 results); 2025 - World University Games (5 results),Julia Silva: not found 2027-2025 | Julie Silva: not found 2027-2025
athlete_match_79e9580f5eae7863,medium,possible_existing_athlete_match,Maïana Prat,WAG,16851,Maiana Prat,FRA,0.909,"FRA, FRA",accept_suggestion,same_country_review_reuse,merge as same athlete,,,Pre-filled from same-country admin decision memory. Country is unchanged; change-country cases still require manual review. Source: 2025 gymternet_2025_existing_athlete_match_review.csv.,FRA: 2026 - French Championships (5 results),FRA: 2022 - French Championships (5 results); 2023 - French Championships (5 results); 2023 - French National Team Review (5 results); 2023 - Swiss Cup Juniors (5 results); 2023 - Top Gym Tournament (9 results); 2023 - Tournoi International (10 results); 2024 - DTB Pokal Team Challenge (7 results); 2024 - European Championships (6 results); 2024 - French Championships (13 results); 2024 - French National Team Review (5 results); 2024 - Magglingen Junior Friendly (5 results); 2024 - Tournoi International (11 results); 2025 - 2nd Spanish League (3 results); 2025 - European Youth Olympic Festival (6 results); 2025 - French Championships (13 results); 2025 - French National Team Review (5 results); 2025 - International Gymnix (12 results); 2025 - Junior World Championships (13 results); 2025 - Sens Junior Friendly (5 results); 2025 - Spanish League Final (3 results); 2025 - Top 12 Series 2 (5 results); 2025 - Tournoi International (9 results),Maïana Prat: not found 2027-2025 | Maiana Prat: not found 2027-2025
athlete_match_193d683d747e8096,medium,possible_existing_athlete_match,Maria Cerdà,WAG,10326,Maria Cerda,ESP,0.909,"ESP, ESP",,,merge as same athlete,,,,ESP: 2026 - 1st Spanish League (2 results); 2026 - 2nd Spanish League (2 results),ESP: 2020 - 1st Spanish League (2020 season) (2 results); 2020 - 2nd Spanish League (1 results); 2021 - 1st Spanish League (1 results); 2021 - 2nd Spanish League (1 results); 2021 - 3rd Spanish League (1 results); 2024 - 1st Spanish League (2024 season) (1 results); 2024 - 2nd Spanish League (2 results); 2025 - 2nd Spanish League (1 results),Maria Cerdà: not found 2027-2025 | Maria Cerda: not found 2027-2025
athlete_match_b99769b3ed6d5e29,medium,possible_existing_athlete_match,Julianne Thibault,WAG,25296,Julia Thibault,CAN,0.903,"CAN, CAN",,,keep separate,,,Post-decision conflict review: same context with different scores; keep separate.,CAN: 2026 - Canadian Championships (5 results),CAN: 2025 - Gymnova Cup (5 results),Julianne Thibault: not found 2027-2025 | Julia Thibault: not found 2027-2025
athlete_match_126082b598f66664,medium,possible_existing_athlete_match,Karina Pavlova,WAG,19368,Ekaterina Pavlova,RUS,0.903,"RUS, RUS",accept_suggestion,same_country_review_reuse,merge as same athlete,,,Pre-filled from same-country admin decision memory. Country is unchanged; change-country cases still require manual review. Source: 2025 gymternet_2025_existing_athlete_match_review.csv.,RUS: 2026 - Russian Cup (5 results),RUS: 2023 - Russian Junior Championships (10 results); 2024 - Russian Junior Championships (10 results); 2025 - Russian Junior Championships (10 results); 2025 - Russian Youth Spartakiade (5 results),Karina Pavlova: not found 2027-2025 | Ekaterina Pavlova: not found 2027-2025
athlete_match_6ee9b3ed50efd1d3,medium,possible_existing_athlete_match,Muhammad Bariq Mat Daud,MAG,15580,Muhammad Bariq Adif Mat Daud,MAS,0.902,"MAS, MAS",accept_suggestion,same_country_review_reuse,merge as same athlete,,,Pre-filled from same-country admin decision memory. Country is unchanged; change-country cases still require manual review. Source: 2023 gymternet_2023_existing_athlete_match_review.csv.,MAS: 2026 - Asian Championships (5 results),MAS: 2022 - Singapore Open (7 results); 2023 - Asian Championships (7 results); 2024 - Asian Championships (7 results); 2025 - Asian Championships (7 results); 2025 - Southeast Asian Games (3 results),Muhammad Bariq Mat Daud: not found 2027-2025 | Muhammad Bariq Adif Mat Daud: not found 2027-2025
athlete_match_3d0fc4bad372a9bc,high,possible_existing_athlete_match,David Long,MAG,663,David Wong,SGP,0.9,"SGP, USA",,,keep separate,,,,USA: 2026 - West Point Open (3 results),SGP: 2018 - Asian Junior Championships (2 results),David Long: not found 2027-2025 | David Wong: not found 2027-2025
athlete_match_1c8dec85708e279f,medium,possible_existing_athlete_match,James Hill,MAG,1321,James Hall,GBR,0.9,"GBR, GBR",accept_suggestion,same_country_review_reuse,merge as same athlete,,,Pre-filled from same-country admin decision memory. Country is unchanged; change-country cases still require manual review. Source: 2025 gymternet_2025_existing_athlete_match_review.csv.,GBR: 2026 - British Championships (5 results),GBR: 2018 - American Cup (7 results); 2018 - Baiersbronn Men's Friendly (5 results); 2018 - Birmingham World Cup (7 results); 2018 - British Championships (3 results); 2018 - Commonwealth Games (17 results); 2018 - English Championships (7 results); 2018 - European Championships (14 results); 2018 - World Championships (19 results); 2019 - American Cup (7 results); 2019 - Backnang Men's Friendly (7 results); 2019 - British Championships (9 results); 2019 - Cardiff Men's Friendly (7 results); 2019 - European Championships (15 results); 2019 - World Championships (20 results); 2020 - American Cup (7 results); 2020 - Top 12 Series 6 (2 results); 2021 - Olympic Games (20 results); 2022 - British Championships (8 results); 2022 - Commonwealth Games (16 results); 2022 - English Championships (7 results); 2022 - European Championships (9 results); 2022 - World Championships (10 results); 2023 - British Worlds Trials (7 results); 2023 - English Championships (7 results); 2023 - World Championships (19 results); 2024 - British Championships (16 results); 2024 - Cottbus World Cup (3 results); 2024 - English Championships (14 results); 2024 - European Championships (9 results); 2024 - Troyes Friendly (3 results); 2025 - British Championships (7 results); 2025 - Doha World Cup (2 results); 2025 - English Championships (7 results),James Hill: not found 2027-2025 | James Hall: not found 2027-2025
athlete_match_e5605e3c5646eb02,medium,possible_existing_athlete_match,Roméo Jost,MAG,13046,Romeo Jost,BEL,0.9,"BEL, BEL",accept_suggestion,same_country_review_reuse,merge as same athlete,,,Pre-filled from same-country admin decision memory. Country is unchanged; change-country cases still require manual review. Source: 2025 gymternet_2025_existing_athlete_match_review.csv.,BEL: 2026 - Belgian Championships (1 results); 2026 - DTB Pokal Team Challenge (4 results),BEL: 2021 - Wase Gymcup (5 results); 2022 - Austrian Future Cup (9 results); 2022 - Belgian Championships (7 results); 2022 - DTB Pokal Team Challenge (4 results); 2023 - Belgian Championships (7 results); 2023 - DTB Pokal Team Challenge (5 results); 2023 - Luxembourg Open (1 results); 2024 - Belgian Championships (2 results); 2024 - Luxembourg Open (2 results); 2025 - Belgian Championships (3 results); 2025 - Luxembourg Open (3 results); 2025 - Szombathely Challenge Cup (3 results); 2025 - Wase Gymcup (10 results),Roméo Jost: not found 2027-2025 | Romeo Jost: not found 2027-2025
athlete_match_b30b5fd61df777c1,medium,possible_existing_athlete_match,Lee Hyejin,WAG,14197,Lee Haejin,KOR,0.9,"KOR, KOR",accept_suggestion,same_country_review_reuse,merge as same athlete,,,Pre-filled from same-country admin decision memory. Country is unchanged; change-country cases still require manual review. Source: 2025 gymternet_2025_existing_athlete_match_review.csv.,KOR: 2026 - Asian Championships (5 results),KOR: 2021 - South Korean Championships (5 results); 2024 - South Korean Championships (1 results); 2025 - Asian Championships (5 results); 2025 - South Korean Championships (11 results),Lee Hyejin: not found 2027-2025 | Lee Haejin: not found 2027-2025
athlete_match_4e802b4634eae7cb,medium,possible_existing_athlete_match,Marissa Zaiful Azian,WAG,16918,Marrisa Zaiful Azlan,MAS,0.9,"MAS, MAS",accept_suggestion,same_country_review_reuse,merge as same athlete,,,Pre-filled from same-country admin decision memory. Country is unchanged; change-country cases still require manual review. Source: 2024 gymternet_2024_existing_athlete_match_review.csv.,MAS: 2026 - Asian Championships (2 results),MAS: 2022 - Singapore Open (12 results); 2023 - Asian Championships (10 results); 2023 - Australian Junior Classic (7 results); 2024 - Asian Championships (7 results),Marissa Zaiful Azian: not found 2027-2025 | Marrisa Zaiful Azlan: not found 2027-2025
athlete_match_0c50f81ed1e118af,medium,possible_existing_athlete_match,Sophia Lee,WAG,20595,Sophie Lee,GBR,0.9,"GBR, GBR",,,merge as same athlete,,,,GBR: 2026 - English Championships (5 results),GBR: 2023 - British Team Championships (5 results); 2023 - English Championships (5 results); 2024 - British Team Championships (5 results); 2024 - English Championships (5 results); 2025 - English Championships (7 results),Sophia Lee: not found 2027-2025 | Sophie Lee: not found 2027-2025
athlete_match_bd65cf3dc4a8eb65,medium,possible_existing_athlete_match,Wang Jiali,WAG,17374,Wang Jiayi,CHN,0.9,"CHN, CHN",accept_suggestion,same_country_review_reuse,merge as same athlete,,,Pre-filled from same-country admin decision memory. Country is unchanged; change-country cases still require manual review. Source: 2025 gymternet_2025_existing_athlete_match_review.csv.,CHN: 2026 - Chinese Championships (3 results),CHN: 2022 - Chinese Youth Championships (7 results); 2025 - Chinese Championships (7 results),Wang Jiali: not found 2027-2025 | Wang Jiayi: not found 2027-2025
athlete_match_ba9d82c92c79ee6b,high,possible_existing_athlete_match,Angel Martinez,MAG,1863,Manuel Martinez,COL,0.897,"COL, MEX",,,keep separate,,,,MEX: 2026 - Mexican Championships (5 results),COL: 2018 - Cottbus World Cup (3 results); 2019 - Guimaraes Challenge Cup (8 results); 2019 - World Championships (7 results); 2022 - Varna Challenge Cup (2 results); 2022 - World Championships (7 results); 2023 - World Championships (7 results); 2024 - Pacific Rim Championships (8 results); 2024 - Pan American Championships (15 results),Angel Martinez: not found 2027-2025 | Manuel Martinez: not found 2027-2025
athlete_match_7e91792b860e95ec,medium,possible_existing_athlete_match,Artyom Selikhov,MAG,15031,Artem Selikhov,RUS,0.897,"RUS, RUS",accept_suggestion,same_country_review_reuse,merge as same athlete,,,Pre-filled from same-country admin decision memory. Country is unchanged; change-country cases still require manual review. Source: 2025 gymternet_2025_existing_athlete_match_review.csv.,RUS: 2026 - Russian Cup (5 results),RUS: 2022 - Russian Championships (7 results); 2023 - Russian Junior Championships (7 results); 2024 - Russian Junior Championships (19 results); 2025 - Russian Junior Championships (14 results),Artyom Selikhov: not found 2027-2025 | Artem Selikhov: not found 2027-2025
athlete_match_3137ba97db1ced57,medium,possible_existing_athlete_match,Bernardo Santos,MAG,15063,Bernardo Actos,BRA,0.897,"BRA, BRA",accept_suggestion,same_country_review_reuse,merge as same athlete,,,Pre-filled from same-country admin decision memory. Country is unchanged; change-country cases still require manual review. Source: 2025 gymternet_2025_existing_athlete_match_review.csv.,BRA: 2026 - Brazil Trophy (5 results),BRA: 2022 - Brazilian Championships (10 results); 2023 - Brazilian Junior Championships (16 results); 2024 - Brazilian Championships (7 results); 2024 - Brazilian Junior Championships (17 results); 2024 - South American Junior Championships (14 results); 2025 - Brazil Trophy (5 results); 2025 - Brazilian Championships (6 results),Bernardo Santos: not found 2027-2025 | Bernardo Actos: not found 2027-2025
athlete_match_b40ca23914a743ad,medium,possible_existing_athlete_match,Viktor Kortnev,MAG,13247,Viktor Kortynov,RUS,0.897,"RUS, RUS",accept_suggestion,same_country_review_reuse,merge as same athlete,,,Pre-filled from same-country admin decision memory. Country is unchanged; change-country cases still require manual review. Source: 2024 gymternet_2024_existing_athlete_match_review.csv.,RUS: 2026 - Russian Cup (3 results),RUS: 2021 - Russian Youth Spartakiade (16 results); 2022 - Russian Championships (8 results); 2023 - Russian Junior Championships (7 results); 2024 - Russian Junior Championships (17 results),Viktor Kortnev: not found 2027-2025 | Viktor Kortynov: not found 2027-2025
athlete_match_5a27da4475426f15,medium,possible_existing_athlete_match,Daniela Fialova,WAG,4062,Daniela Halova,CZE,0.897,"CZE, CZE",,,keep separate,,,,CZE: 2026 - Czech Championships (5 results),CZE: 2018 - Austrian Team Open (5 results); 2018 - Czech Championships (9 results); 2018 - Gym Festival Trnava (5 results); 2018 - Olympic Hopes Cup (9 results); 2018 - Zifcakovcov Memorial (8 results); 2019 - Czech Championships (8 results); 2019 - Elek Matolay Memorial (11 results); 2019 - European Youth Olympic Festival (7 results); 2019 - Olympic Hopes Cup (5 results); 2019 - Salamunov Memorial (11 results); 2020 - Czech Euros Trials (5 results); 2021 - Czech Championships (13 results); 2021 - Czech Team Championships (5 results); 2021 - Gym Festival Trnava (13 results); 2021 - Koper Challenge Cup (8 results); 2021 - Varna Challenge Cup (6 results); 2022 - Czech Championships (7 results); 2022 - Elek Matolay Memorial (8 results); 2022 - Gym Festival Trnava (11 results); 2022 - Koper Challenge Cup (5 results); 2023 - Czech Championships (1 results); 2023 - Leverkusen Cup (5 results); 2023 - Linz Friendly (2 results); 2023 - Salamunov Memorial (1 results); 2024 - Antalya Challenge Cup (2 results); 2024 - Czech Championships (1 results); 2024 - Leverkusen Cup (5 results); 2025 - Antalya World Cup (2 results); 2025 - Czech Championships (4 results); 2025 - World University Games (5 results),Daniela Fialova: not found 2027-2025 | Daniela Halova: not found 2027-2025
athlete_match_730751e72e4beb5c,high,possible_existing_athlete_match,Erika Ivanova,WAG,20697,Veronika Ivanova,BUL,0.897,"BUL, RUS",,,keep separate,,,,RUS: 2026 - Russian Junior Team Championships (4 results),BUL: 2023 - Horizon Cup (5 results); 2024 - Balkan Championships (5 results); 2024 - Bulgarian Championships (12 results); 2024 - Horizon Cup (5 results); 2025 - Bulgarian Championships (8 results),Erika Ivanova: not found 2027-2025 | Veronika Ivanova: not found 2027-2025
athlete_match_2afaeb352ef3f70c,medium,possible_existing_athlete_match,Hannah Schmidt,WAG,16607,Johanna Schmidt,GER,0.897,"GER, GER",accept_suggestion,same_country_review_reuse,merge as same athlete,,,Pre-filled from same-country admin decision memory. Country is unchanged; change-country cases still require manual review. Source: 2025 gymternet_2025_existing_athlete_match_review.csv.,GER: 2026 - German Junior Championships (5 results),GER: 2022 - German Junior Championships (5 results); 2023 - 2nd Bundesliga (2 results); 2023 - 3rd Bundesliga (2 results); 2023 - 4th Bundesliga (2 results); 2023 - German Junior Championships (5 results); 2023 - German Junior Cup (5 results); 2024 - German Cup (5 results); 2025 - 1st Bundesliga (2 results); 2025 - 3rd Bundesliga (1 results); 2025 - 4th Bundesliga (2 results); 2025 - German Cup (5 results); 2025 - German Junior Championships (6 results),Hannah Schmidt: not found 2027-2025 | Johanna Schmidt: not found 2027-2025
athlete_match_7fff8e3f582145d0,medium,possible_existing_athlete_match,Maria Fedorova,WAG,24913,Darina Fedorova,RUS,0.897,"RUS, RUS",,,keep separate,,,,RUS: 2026 - Russian Junior Team Championships (4 results),RUS: 2025 - Russian Junior Championships (5 results),Maria Fedorova: not found 2027-2025 | Darina Fedorova: not found 2027-2025
athlete_match_793e6bb20e55c05d,medium,possible_existing_athlete_match,Mariana Alvarez,WAG,3829,Carina Alvarez,MEX,0.897,"MEX, MEX",accept_suggestion,same_country_review_reuse,merge as same athlete,,,Pre-filled from same-country admin decision memory. Country is unchanged; change-country cases still require manual review. Source: 2025 gymternet_2025_existing_athlete_match_review.csv.,MEX: 2026 - Mexican Championships (5 results),MEX: 2018 - Mexican Championships (5 results); 2022 - Pan American Championships (5 results); 2024 - Mexican Championships (5 results); 2025 - Mexican Championships (5 results),Mariana Alvarez: not found 2027-2025 | Carina Alvarez: not found 2027-2025
athlete_match_ce8d90ab19935400,medium,possible_existing_athlete_match,Milana Lebedeva,WAG,13715,Diana Lebedeva,RUS,0.897,"RUS, RUS",accept_suggestion,same_country_review_reuse,merge as same athlete,,,Pre-filled from same-country admin decision memory. Country is unchanged; change-country cases still require manual review. Source: 2023 gymternet_2023_existing_athlete_match_review.csv.,RUS: 2026 - Russian Cup (5 results),RUS: 2021 - Russian Junior Championships (10 results); 2023 - Russian Championships (5 results); 2023 - Russian Junior Championships (3 results),Milana Lebedeva: not found 2027-2025 | Diana Lebedeva: not found 2027-2025
athlete_match_ef95f06cf1529617,medium,possible_existing_athlete_match,Safina Yusupova,WAG,25998,Sofia Yusupova,RUS,0.897,"RUS, RUS",,,keep separate,,,,RUS: 2026 - Russian Junior Team Championships (4 results),RUS: 2025 - Russian Junior Championships (3 results),Safina Yusupova: not found 2027-2025 | Sofia Yusupova: not found 2027-2025
athlete_match_ce3a97631cf46ce9,high,possible_existing_athlete_match,Sara Castrillon,WAG,23120,Sara Castellon,BOL,0.897,"BOL, COL",,,keep separate,,,,COL: 2026 - Colombian Championships (4 results),BOL: 2024 - Bolivarian Youth Games (5 results); 2024 - Pan American Championships (5 results); 2025 - Junior Pan American Games (5 results),Sara Castrillon: not found 2027-2025 | Sara Castellon: not found 2027-2025
athlete_match_3355b9de8b54ed70,medium,possible_existing_athlete_match,Sara Fernandez,WAG,16219,Clara Fernandez,ESP,0.897,"ESP, ESP",,,keep separate,,,,ESP: 2026 - 2nd Spanish League (2 results); 2026 - Spanish League Final (3 results),ESP: 2023 - 1st Spanish League 2023 (2 results); 2023 - 2nd Spanish League (2 results); 2023 - 3rd Spanish League (1 results); 2023 - Spanish League Final (1 results); 2024 - 1st Spanish League (2024 season) (2 results); 2024 - 2nd Spanish League (3 results); 2024 - 3rd Spanish League (3 results),Sara Fernandez: not found 2027-2025 | Clara Fernandez: not found 2027-2025
athlete_match_46a5ea32c74d70e5,medium,possible_existing_athlete_match,Ekaterina Semenova,WAG,16301,Ekaterina Emengulova,RUS,0.895,"RUS, RUS",,,keep separate,,,,RUS: 2026 - Russian Junior Team Championships (5 results),RUS: 2022 - Spartakiade (5 results),Ekaterina Semenova: not found 2027-2025 | Ekaterina Emengulova: not found 2027-2025
athlete_match_3da3ea565f743f50,medium,possible_existing_athlete_match,Lilja Gunnarsdottir,WAG,13760,Elisa Gunnarsdottir,ISL,0.895,"ISL, ISL",accept_suggestion,same_country_review_reuse,merge as same athlete,,,Pre-filled from same-country admin decision memory. Country is unchanged; change-country cases still require manual review. Source: 2025 gymternet_2025_existing_athlete_match_review.csv.,ISL: 2026 - Icelandic Championships (5 results),ISL: 2021 - Iceland Classic (7 results); 2022 - GK Championships (7 results); 2022 - Icelandic Championships (2 results); 2023 - European Youth Olympic Festival (2 results); 2023 - GK Championships (2 results); 2023 - Iceland Classic (7 results); 2023 - Icelandic Championships (13 results); 2023 - Icelandic Fall Championships (7 results); 2023 - Nordic Junior Championships (6 results); 2023 - Northern European Championships (10 results); 2024 - European Championships (5 results); 2024 - Iceland Classic (8 results); 2024 - Icelandic Championships (10 results); 2024 - Nordic Championships (5 results); 2024 - Northern European Championships (5 results); 2025 - Iceland Classic (8 results); 2025 - Icelandic Championships (13 results); 2025 - Paris Challenge Cup (2 results); 2025 - Varna Challenge Cup (9 results); 2025 - World Championships (5 results); 2025 - Worlds Preparation Event (2 results),Lilja Gunnarsdottir: not found 2027-2025 | Elisa Gunnarsdottir: not found 2027-2025
athlete_match_1ca9d2d4b29b705a,medium,possible_existing_athlete_match,Shantae-Eve Amankwaah,WAG,10952,Shantae Amankwaah,GBR,0.895,"GBR, GBR",accept_suggestion,same_country_review_reuse,merge as same athlete,,,Pre-filled from same-country admin decision memory. Country is unchanged; change-country cases still require manual review. Source: 2025 gymternet_2025_existing_athlete_match_review.csv.,GBR: 2026 - British Championships (5 results),GBR: 2019 - Rushmoor Rose Bowl (5 results); 2021 - British Championships (5 results); 2021 - Rushmoor Rosebowl (5 results); 2022 - British Championships (5 results); 2022 - British Team Championships (5 results); 2022 - English Championships (5 results); 2022 - Rushmoor Rose Bowl (10 results); 2023 - British Championships (7 results); 2023 - British Team Championships (5 results); 2023 - English Championships (5 results); 2023 - Rushmoor Rose Bowl (8 results); 2023 - Top Gym Tournament (7 results); 2024 - British Championships (10 results); 2024 - British Team Championships (5 results); 2024 - English Championships (7 results); 2024 - European Championships (9 results); 2024 - Magglingen Junior Friendly (5 results); 2024 - Rushmoor Rose Bowl (8 results); 2025 - British Championships (4 results); 2025 - British Worlds Trials (5 results); 2025 - DTB Pokal Team Challenge (2 results); 2025 - English Championships (3 results); 2025 - Szombathely Challenge Cup (3 results); 2025 - World Championships (2 results),Shantae-Eve Amankwaah: not found 2027-2025 | Shantae Amankwaah: not found 2027-2025
athlete_match_a903bc6b051f8152,medium,possible_existing_athlete_match,Sofiya Razumouskaya,WAG,20572,Sofiya Rozumowskaya,POL,0.895,"POL, POL",accept_suggestion,same_country_review_reuse,merge as same athlete,,,Pre-filled from same-country admin decision memory. Country is unchanged; change-country cases still require manual review. Source: 2025 gymternet_2025_existing_athlete_match_review.csv.,POL: 2026 - Salamunov Memorial (5 results),POL: 2023 - Rising Stars Trophy (7 results); 2024 - European Championships (5 results); 2024 - Olympic Hopes Cup (7 results); 2024 - Polish Championships (12 results); 2024 - Polish Cup (5 results); 2024 - Unni & Haralds Trophy (12 results); 2024 - Zelena Jama Open (5 results); 2025 - Barborka Cup (5 results); 2025 - European Youth Olympic Festival (7 results); 2025 - Olympic Hopes Cup (7 results); 2025 - Polish Championships (10 results); 2025 - Polish Cup (7 results); 2025 - Prievidza Friendly (5 results); 2025 - Salamunov Memorial (12 results),Sofiya Razumouskaya: not found 2027-2025 | Sofiya Rozumowskaya: not found 2027-2025
athlete_match_39cb3eba3170424d,medium,possible_existing_athlete_match,Danil Zaitsev,MAG,17726,Daniil Zaytsev,RUS,0.889,"RUS, RUS",accept_suggestion,same_country_review_reuse,merge as same athlete,,,Pre-filled from same-country admin decision memory. Country is unchanged; change-country cases still require manual review. Source: 2025 gymternet_2025_existing_athlete_match_review.csv.,RUS: 2026 - Russian Junior Team Championships (5 results),RUS: 2023 - Russian Junior Championships (7 results); 2025 - Russian Junior Championships (14 results); 2025 - Russian Youth Spartakiade (17 results),Danil Zaitsev: not found 2027-2025 | Daniil Zaytsev: not found 2027-2025
athlete_match_65ba3ab0965bd78f,medium,possible_existing_athlete_match,Erasmus Viljoen,MAG,23645,Eras Viljoen,NZL,0.889,"NZL, NZL",,,merge as same athlete,,,,NZL: 2026 - Oceania Championships (4 results),NZL: 2025 - New Zealand Championships (17 results),Erasmus Viljoen: not found 2027-2025 | Eras Viljoen: not found 2027-2025
athlete_match_3975578ca8734513,medium,possible_existing_athlete_match,Hillarion Iii Palles,MAG,23740,Hillarion Palles,PHI,0.889,"PHI, PHI",,,merge as same athlete,,,,PHI: 2026 - Asian Championships (5 results),PHI: 2025 - Junior World Championships (9 results),Hillarion Iii Palles: not found 2027-2025 | Hillarion Palles: not found 2027-2025
athlete_match_961317ea16a71c61,medium,possible_existing_athlete_match,Md Rafil Ahamed,MAG,15667,Rafil Ahamed,BAN,0.889,"BAN, BAN",,,merge as same athlete,,,,BAN: 2026 - Singapore Open (5 results),BAN: 2022 - Gymnasiade (9 results); 2023 - Asian Championships (12 results); 2025 - Asian Championships (9 results); 2025 - Singapore Open (14 results),Md Rafil Ahamed: not found 2027-2025 | Rafil Ahamed: not found 2027-2025
athlete_match_fb90f82ea52cdcab,medium,possible_existing_athlete_match,Nikita Eremin,MAG,21559,Nikita Eryomin,RUS,0.889,"RUS, RUS",,,merge as same athlete,,,,RUS: 2026 - Russian Junior Team Championships (5 results),RUS: 2024 - Russian Junior Championships (7 results); 2025 - Russian Junior Championships (14 results); 2025 - Russian Youth Spartakiade (7 results),Nikita Eremin: not found 2027-2025 | Nikita Eryomin: not found 2027-2025
athlete_match_2f479b49efa320f0,medium,possible_existing_athlete_match,Sam Phillips,MAG,2546,Samuel Phillips,USA,0.889,"USA, USA",accept_suggestion,same_country_review_reuse,merge as same athlete,,,Pre-filled from same-country admin decision memory. Country is unchanged; change-country cases still require manual review. Source: 2019 gymternet_2019_existing_athlete_match_review.csv.,USA: 2026 - NCAA Week 10 (3 results); 2026 - NCAA Week 9 (2 results),USA: 2018 - Winter Cup Challenge (7 results); 2019 - Winter Cup Challenge (1 results); 2022 - U.S. Classic (2 results); 2023 - U.S. Classic (5 results); 2024 - U.S. Championships (14 results),Sam Phillips: not found 2027-2025 | Samuel Phillips: not found 2027-2025
athlete_match_75d7e54aa727f4ec,medium,possible_existing_athlete_match,Tom Meier,MAG,13197,Tim Meier,GER,0.889,"GER, GER",accept_suggestion,same_country_review_reuse,merge as same athlete,,,Pre-filled from same-country admin decision memory. Country is unchanged; change-country cases still require manual review. Source: 2025 gymternet_2025_existing_athlete_match_review.csv.,GER: 2026 - German Junior Championships (5 results),GER: 2021 - 5th Bundesliga (1 results); 2021 - 7th Bundesliga (4 results); 2023 - Austrian Future Cup (7 results); 2023 - German Junior Championships (7 results); 2024 - 1st Bundesliga (7 results); 2024 - 2nd Bundesliga (7 results); 2024 - 3rd Bundesliga (7 results); 2024 - 4th Bundesliga (7 results); 2024 - 5th Bundesliga (5 results); 2024 - 6th Bundesliga (7 results); 2024 - 7th Bundesliga (5 results); 2024 - German Junior Championships (13 results); 2024 - International Junior Team Cup (7 results); 2024 - Rheintal Cup (7 results); 2025 - German Cup (7 results); 2025 - German Junior Championships (15 results),Tom Meier: not found 2027-2025 | Tim Meier: not found 2027-2025
athlete_match_ad785be2a76d06e2,medium,possible_existing_athlete_match,Andreza Lima,WAG,9068,Andreza de Lima,BRA,0.889,"BRA, BRA",accept_suggestion,same_country_review_reuse,merge as same athlete,,,Pre-filled from same-country admin decision memory. Country is unchanged; change-country cases still require manual review. Source: 2025 gymternet_2025_existing_athlete_match_review.csv.,BRA: 2026 - Brazil Trophy (2 results); 2026 - Koper Challenge Cup (1 results),BRA: 2019 - Brazilian Championships (10 results); 2021 - Brazilian Championships (1 results); 2021 - Brazilian Junior Championships (13 results); 2021 - Junior Pan American Championships (12 results); 2021 - Junior Pan American Games (9 results); 2022 - Brazil Trophy (11 results); 2022 - Brazilian Championships (10 results); 2022 - Brazilian Junior Championships (4 results); 2022 - Pan American Championships (12 results); 2022 - South American Junior Games (12 results); 2023 - Brazil Trophy (9 results); 2023 - Brazilian Championships (14 results); 2023 - Pan American Championships (8 results); 2023 - South American Championships (10 results); 2024 - Baku World Cup (3 results); 2024 - Brazil Trophy (3 results); 2024 - City of Jesolo Trophy (5 results); 2024 - Pan American Championships (14 results); 2025 - Brazil Trophy (1 results); 2025 - Brazilian Championships (2 results),Andreza Lima: not found 2027-2025 | Andreza de Lima: not found 2027-2025
athlete_match_e7b6c6cf70c7a9d5,high,possible_existing_athlete_match,Eira Martinez,WAG,5324,Leila Martinez,ARG,0.889,"ARG, MEX",,,keep separate,,,,MEX: 2026 - Mexican Championships (5 results),ARG: 2018 - Argentinian Championships (8 results); 2018 - Argentinian Club Championships (5 results); 2019 - Argentinian Championships (11 results); 2019 - Argentinian Club Championships (5 results); 2019 - South American Junior Championships (6 results); 2021 - South American Championships (5 results); 2022 - Argentinian Championships (4 results); 2022 - Paris Challenge Cup (1 results); 2022 - South American Championships (3 results); 2022 - South American Games (5 results); 2022 - World Championships (3 results); 2023 - Argentinian Championships (4 results); 2023 - Pan American Games (5 results); 2023 - South American Championships (1 results); 2023 - World Championships (2 results); 2024 - Argentinian Championships (5 results); 2025 - Argentinian Championships (1 results),Eira Martinez: not found 2027-2025 | Leila Martinez: not found 2027-2025
athlete_match_5f3a00b1ba980d7a,medium,possible_existing_athlete_match,Elisa Bugaqku,WAG,19470,Erlisa Bugacku,KOS,0.889,"KOS, KOS",,,merge as same athlete,,,,KOS: 2026 - Salamunov Memorial (5 results),KOS: 2023 - Horizon Cup (5 results); 2025 - Horizon Cup (7 results); 2025 - Salamunov Memorial (5 results),Elisa Bugaqku: not found 2027-2025 | Erlisa Bugacku: not found 2027-2025
athlete_match_e82538a9b96439b4,medium,possible_existing_athlete_match,Iisa Kettunen,WAG,4753,Iiris Kettunen,FIN,0.889,"FIN, FIN",,,merge as same athlete,,,,FIN: 2026 - Finnish Junior Championships (5 results),FIN: 2018 - Finnish Championships (2 results),Iisa Kettunen: not found 2027-2025 | Iiris Kettunen: not found 2027-2025
athlete_match_2b8dfab08c1dc21f,medium,possible_existing_athlete_match,Jessica Brown,WAG,4924,Jessica Burton,GBR,0.889,"GBR, GBR",,,keep separate,,,,GBR: 2026 - British Championships (5 results),GBR: 2018 - British Team Championships (3 results); 2022 - English Championships (5 results); 2025 - English Championships (7 results),Jessica Brown: not found 2027-2025 | Jessica Burton: not found 2027-2025
athlete_match_a44a41660c09d148,medium,possible_existing_athlete_match,Laia Vilà,WAG,16704,Laia Vila,ESP,0.889,"ESP, ESP",,,merge as same athlete,,,,ESP: 2026 - Spanish League Final (5 results),ESP: 2022 - 2nd Spanish League (3 results),Laia Vilà: not found 2027-2025 | Laia Vila: not found 2027-2025
athlete_match_b2b966c2a6e86495,medium,possible_existing_athlete_match,Léa Franceries,WAG,5301,Lea Francerie,FRA,0.889,"FRA, FRA",accept_suggestion,same_country_review_reuse,merge as same athlete,,,Pre-filled from same-country admin decision memory. Country is unchanged; change-country cases still require manual review. Source: 2025 gymternet_2025_existing_athlete_match_review.csv.,FRA: 2026 - French Championships (5 results),FRA: 2018 - Tournoi International (2 results); 2019 - Top 12 Semi-Finals (2 results); 2019 - Top 12 Series 2 (1 results); 2019 - Top 12 Series 3 (3 results); 2020 - Top 12 Series 3 (3 results); 2021 - 2nd Spanish League (3 results); 2021 - Elite Gym Massilia (15 results); 2021 - French Championships (10 results); 2021 - French National Team Review (5 results); 2021 - Spanish League Finals (3 results); 2021 - Top 12 Championships (5 results); 2022 - Austrian Team Challenge (5 results); 2022 - French Championships (12 results); 2022 - French Test Meet (5 results); 2022 - Gymnasiade (11 results); 2022 - Sedan Friendly (5 results); 2022 - Top 12 Finals (3 results); 2022 - Top 12 Series 2 (5 results); 2022 - Top 12 Series 3 (5 results); 2023 - DTB Pokal Team Challenge (4 results); 2023 - French Championships (10 results); 2023 - Tel Aviv Challenge Cup (8 results); 2023 - Top 12 Finals (2 results); 2023 - Top 12 Series 2 (2 results); 2023 - Top 12 Series 3 (2 results); 2023 - Top 12 Series 4 (3 results); 2024 - French Championships (10 results); 2025 - 2nd Spanish League (3 results); 2025 - French Championships (11 results); 2025 - French National Team Review (5 results); 2025 - Top 12 Finals (5 results); 2025 - Top 12 Series 1 (5 results); 2025 - Top 12 Series 2 (3 results),Léa Franceries: not found 2027-2025 | Lea Francerie: not found 2027-2025
athlete_match_6755cf7fc41703d9,medium,possible_existing_athlete_match,Liu Xingyu,WAG,5450,Liu Xing,CHN,0.889,"CHN, CHN",,,keep separate,,,,CHN: 2026 - Chinese Championships (5 results),CHN: 2018 - Chinese Championships (7 results); 2019 - Chinese Championships (5 results); 2019 - Chinese Individual Championships (2 results),Liu Xingyu: not found 2027-2025 | Liu Xing: not found 2027-2025
athlete_match_3106fa505e70ba88,high,possible_existing_athlete_match,Maria Ferreira,WAG,10343,Maria Pereira,GBR,0.889,"GBR, POR",,,keep separate,,,,POR: 2026 - International GymSport (5 results),GBR: 2019 - British Team Championships (1 results),Maria Ferreira: not found 2027-2025 | Maria Pereira: not found 2027-2025
athlete_match_4f9c02e32f918680,medium,possible_existing_athlete_match,Yu Yanyue,WAG,14924,Yu Hanyue,CHN,0.889,"CHN, CHN",,,merge as same athlete,,,,CHN: 2026 - Chinese Championships (5 results),CHN: 2021 - Chinese Youth Games (5 results); 2022 - Chinese Championships (7 results); 2022 - Chinese Youth Championships (15 results); 2023 - Asian Championships (8 results); 2023 - Chinese Championships (12 results); 2023 - Chinese Individual Championships (1 results); 2023 - Junior World Championships (6 results); 2023 - Kazan Friendly (7 results); 2024 - Chinese Individual Championships (11 results); 2025 - Chinese Championships (5 results),Yu Yanyue: not found 2027-2025 | Yu Hanyue: not found 2027-2025
athlete_match_f132000050b42cea,medium,possible_existing_athlete_match,Zoe Ewens,WAG,26250,Zoé Ewens,CAN,0.889,"CAN, CAN",,,merge as same athlete,,,,CAN: 2026 - Canadian Championships (5 results),CAN: 2025 - Tournoi International (8 results),Zoe Ewens: not found 2027-2025 | Zoé Ewens: not found 2027-2025
athlete_match_91d38acacdece872,medium,possible_existing_athlete_match,Andrei Kirvosheev,MAG,12284,Andrey Krivosheev,RUS,0.882,"RUS, RUS",,,merge as same athlete,,,,RUS: 2026 - Russian Championships (1 results),RUS: 2021 - Russian Youth Spartakiade (7 results); 2024 - Russian Junior Championships (16 results); 2024 - Voronin Cup (7 results); 2025 - Russian Championships (15 results); 2025 - Russian Cup (14 results); 2025 - Voronin Cup (7 results),Andrei Kirvosheev: not found 2027-2025 | Andrey Krivosheev: not found 2027-2025
athlete_match_97adb01d4ababb2f,medium,possible_existing_athlete_match,Maria Andryushina,WAG,5729,Maria Vanyushkina,RUS,0.882,"RUS, RUS",,,keep separate,,,,RUS: 2026 - Russian Junior Team Championships (4 results),RUS: 2018 - Russian Championships (5 results); 2018 - Russian Cup (10 results); 2019 - Russian Championships (5 results); 2024 - Russian Junior Championships (10 results); 2025 - Russian Junior Championships (10 results),Maria Andryushina: not found 2027-2025 | Maria Vanyushkina: not found 2027-2025
athlete_match_1b56328b3ac38154,medium,possible_existing_athlete_match,Tatiana Savrilova,WAG,14788,Tatiana Sviridova,RUS,0.882,"RUS, RUS",,,keep separate,,,,RUS: 2026 - Russian Junior Team Championships (5 results),RUS: 2021 - Russian Federal Championships (10 results),Tatiana Savrilova: not found 2027-2025 | Tatiana Sviridova: not found 2027-2025
athlete_match_51e0dca385564e8c,medium,possible_existing_athlete_match,Kim Hyeongman,MAG,18141,Kim Hyungman,KOR,0.88,"KOR, KOR",,,merge as same athlete,,,,KOR: 2026 - Singapore Open (5 results),KOR: 2023 - Singapore Open (15 results); 2023 - South Korean Championships (9 results); 2024 - Singapore Open (16 results); 2024 - South Korean Championships (12 results); 2025 - Korean National Sports Festival (13 results); 2025 - Singapore Open (15 results); 2025 - South Korean Championships (13 results),Kim Hyeongman: not found 2027-2025 | Kim Hyungman: not found 2027-2025
athlete_match_27e75777cade1df8,medium,possible_existing_athlete_match,Samuele Paci,MAG,11602,Samuele Liaci,ITA,0.88,"ITA, ITA",,,keep separate,,,,ITA: 2026 - Champion's Cup (1 results),ITA: 2020 - 3rd Italian Serie A (1 results); 2021 - 1st Italian Serie A (4 results); 2021 - 2nd Itailan Serie A (5 results); 2021 - 3rd Italian Serie A (2 results); 2025 - 3rd Italian Serie A (1 results),Samuele Paci: not found 2027-2025 | Samuele Liaci: not found 2027-2025
athlete_match_b079d5d32b1b8d50,medium,possible_existing_athlete_match,Will Howard,MAG,18842,William Howard,USA,0.88,"USA, USA",,,merge as same athlete,,,,USA: 2026 - U.S. Men's National Qualifier (4 results),USA: 2023 - Beach Blast Invitational (4 results); 2024 - Beach Blast Invitational (3 results),Will Howard: not found 2027-2025 | William Howard: not found 2027-2025
athlete_match_4a85ebb19f8bea38,medium,possible_existing_athlete_match,Alina Yashina,WAG,21978,Alina Yarina,RUS,0.88,"RUS, RUS",,,keep separate,,,,RUS: 2026 - Russian Cup (5 results),RUS: 2024 - Voronin Cup (3 results); 2025 - Russian Youth Spartakiade (11 results); 2025 - Voronin Cup (10 results),Alina Yashina: not found 2027-2025 | Alina Yarina: not found 2027-2025
athlete_match_34990dd88f4e91ae,medium,possible_existing_athlete_match,Jeon Seohyeon,WAG,14028,Jeon Seohyun,KOR,0.88,"KOR, KOR",,,merge as same athlete,,,,KOR: 2026 - Singapore Open (5 results),KOR: 2021 - South Korean Championships (5 results); 2024 - South Korean Championships (6 results); 2025 - Korean National Sports Festival (7 results); 2025 - South Korean Championships (7 results),Jeon Seohyeon: not found 2027-2025 | Jeon Seohyun: not found 2027-2025
athlete_match_f9711b8258d3f4e3,medium,possible_existing_athlete_match,Lucia Sanchez,WAG,13753,Elia Sanchez,ESP,0.88,"ESP, ESP",,,keep separate,,,,ESP: 2026 - 2nd Spanish League (1 results),ESP: 2021 - 1st Spanish League (3 results); 2021 - 2nd Spanish League (5 results); 2022 - 1st Spanish League (5 results); 2022 - 2nd Spanish League (5 results); 2023 - 1st Spanish League 2023 (5 results); 2023 - 2nd Spanish League (5 results); 2023 - 3rd Spanish League (3 results); 2023 - Spanish League Final (3 results); 2024 - 1st Spanish League (2024 season) (3 results); 2024 - 2nd Spanish League (5 results); 2024 - 3rd Spanish League (5 results); 2024 - Spanish League Final (3 results); 2025 - 1st Spanish League (2 results); 2025 - 2nd Spanish League (2 results); 2025 - Spanish League Final (1 results),Lucia Sanchez: not found 2027-2025 | Elia Sanchez: not found 2027-2025
athlete_match_5549f2d1af37ecb0,high,possible_existing_athlete_match,Maria Aguilar,WAG,13350,Aina Aguilar,ESP,0.88,"COL, ESP",,,keep separate,,,,COL: 2026 - Colombian Championships (2 results),ESP: 2021 - 1st Spanish League (3 results); 2021 - 2nd Spanish League (5 results); 2021 - 3rd Spanish League (5 results); 2022 - 1st Spanish League (5 results); 2022 - 2nd Spanish League (5 results); 2023 - 1st Spanish League 2023 (5 results); 2023 - 2nd Spanish League (3 results); 2023 - 3rd Spanish League (3 results); 2024 - 1st Spanish League (2024 season) (5 results); 2024 - 2nd Spanish League (3 results); 2024 - 3rd Spanish League (3 results); 2024 - Spanish League Final (5 results); 2025 - 2nd Spanish League (2 results); 2025 - Spanish League Final (2 results),Maria Aguilar: not found 2027-2025 | Aina Aguilar: not found 2027-2025
athlete_match_9bda66cb6aaefed7,medium,possible_existing_athlete_match,Maria Menezes,WAG,10339,Maria Mendes,POR,0.88,"POR, POR",accept_suggestion,same_country_review_reuse,merge as same athlete,,,Pre-filled from same-country admin decision memory. Country is unchanged; change-country cases still require manual review. Source: 2025 gymternet_2025_existing_athlete_match_review.csv.,POR: 2026 - International GymSport (5 results),POR: 2019 - European Youth Olympic Festival (7 results); 2019 - International GymSport (9 results); 2019 - Junior World Championships (7 results); 2019 - Portuguese Championships (5 results); 2019 - Portuguese Super Finals (2 results); 2021 - World Championships (5 results); 2022 - COMEGYM Championships (11 results); 2022 - European Championships (4 results); 2022 - European Youth Olympic Festival (7 results); 2022 - International GymSport (18 results); 2022 - Portuguese Championships (12 results); 2023 - European Championships (5 results); 2023 - International GymSport (6 results); 2023 - Luxembourg Open (5 results); 2023 - Portuguese Championships (5 results); 2024 - Baku World Cup (6 results); 2024 - Cottbus World Cup (6 results); 2024 - European Championships (5 results); 2024 - International GymSport (12 results); 2024 - Portuguese Championships (7 results); 2025 - European Championships (5 results); 2025 - International GymSport (5 results),Maria Menezes: not found 2027-2025 | Maria Mendes: not found 2027-2025
athlete_match_a0e57b661e686e69,high,possible_existing_athlete_match,Maria Titova,WAG,5073,Karina Titova,LAT,0.88,"LAT, RUS",,,keep separate,,,,RUS: 2026 - Russian Junior Team Championships (4 results),LAT: 2018 - Latvian Championships (7 results); 2018 - Liepaja Championships (6 results); 2019 - Latvian Championships (7 results),Maria Titova: not found 2027-2025 | Karina Titova: not found 2027-2025
athlete_match_c9cde0f4b5521107,high,possible_existing_athlete_match,Martina Begnes,WAG,16925,Martina Bes,ESP,0.88,"ARG, ESP",,,keep separate,,,,ARG: 2026 - Pan American Championships (5 results),ESP: 2022 - 1st Spanish League (3 results); 2022 - 2nd Spanish League (3 results); 2023 - 1st Spanish League 2023 (3 results); 2023 - 2nd Spanish League (5 results); 2023 - 3rd Spanish League (3 results); 2023 - Spanish League Final (3 results); 2024 - 1st Spanish League (2024 season) (5 results); 2024 - 2nd Spanish League (3 results); 2024 - 3rd Spanish League (3 results); 2024 - Spanish League Final (3 results); 2025 - 1st Spanish League (5 results); 2025 - 2nd Spanish League (2 results); 2025 - Spanish Championships (1 results); 2025 - Spanish League Final (1 results),Martina Begnes: not found 2027-2025 | Martina Bes: not found 2027-2025
athlete_match_a9dd07f37687facd,high,possible_existing_athlete_match,Sophia Garcia,WAG,25981,Sofia Garcia,VEN,0.88,"MEX, VEN",,,keep separate,,,,MEX: 2026 - Mexican Championships (5 results),VEN: 2025 - Junior Pan American Games (6 results); 2025 - Junior World Championships (5 results); 2025 - South American Championships (6 results),Sophia Garcia: not found 2027-2025 | Sofia Garcia: not found 2027-2025
athlete_match_86bea8072950eb97,high,possible_existing_athlete_match,Valeria Belova,WAG,22662,Lera Belova,BUL,0.88,"BUL, RUS",,,keep separate,,,,RUS: 2026 - Russian Cup (1 results),BUL: 2024 - Bulgarian Championships (5 results),Valeria Belova: not found 2027-2025 | Lera Belova: not found 2027-2025
athlete_match_472016408d822895,medium,possible_existing_athlete_match,Yeva Vakulina,WAG,25068,Eva Bakulina,RUS,0.88,"RUS, RUS",,,keep separate,,,,RUS: 2026 - Russian Cup (5 results),RUS: 2025 - Russian Youth Spartakiade (5 results),Yeva Vakulina: not found 2027-2025 | Eva Bakulina: not found 2027-2025
