review_id,problem_type,severity,message,source_sheet,source_row,event_name,year,athlete_name,country,discipline,category,apparatus,vt_attempt,day,format,round,D_score,vault_attempt_order_uncertain,suggestion_count,top_suggestion_id,top_suggestion_type,top_suggestion_confidence,top_suggestion_message,top_target_event_name,top_target_year,top_target_athlete_name,top_target_country,top_target_discipline,top_target_category,top_target_apparatus,top_target_vt_attempt,top_target_day,top_target_format,top_target_round,top_target_score,top_target_D_score,top_target_source_sheet,top_target_source_row,all_suggestions_json
orphan_b7bf6a0551b911e9,possible_context_mismatch,review,"Possible format, round, or day mismatch.",MAG D,7,Nordic Junior Championships,2019,Aaro Harju,FIN,MAG,junior,VT,2,,individual,final,1.6,True,1,suggestion_5105686af86596d4,context_correction,0.65,"Same athlete/event/apparatus exists in the score sheet, but format, round, or day is different.",Nordic Junior Championships,2019,Aaro Harju,FIN,MAG,junior,VT,2,,apparatus,final,9.966,2.4,MAG,8,"[{""suggestion_id"": ""suggestion_5105686af86596d4"", ""suggestion_type"": ""context_correction"", ""confidence"": 0.65, ""message"": ""Same athlete/event/apparatus exists in the score sheet, but format, round, or day is different."", ""action"": ""attach_d_score_to_target_result"", ""changes"": {""format"": {""from"": ""individual"", ""to"": ""apparatus""}, ""round"": {""from"": ""final"", ""to"": ""final""}, ""day"": {""from"": null, ""to"": null}}, ""target_result"": {""event_name"": ""Nordic Junior Championships"", ""year"": 2019, ""athlete_name"": ""Aaro Harju"", ""country"": ""FIN"", ""discipline"": ""MAG"", ""category"": ""junior"", ""apparatus"": ""VT"", ""vt_attempt"": 2, ""day"": null, ""format"": ""apparatus"", ""round"": ""final"", ""score"": 9.966, ""D_score"": 2.4, ""vault_attempt_order_uncertain"": true, ""source_sheet"": ""MAG"", ""source_row"": 8, ""target_id"": ""target_b5f18146cbf25066""}}]"
orphan_41337fbff26808ca,missing_final_score_for_context,review,"The athlete/event exists, but not this apparatus/context.",MAG D,18,Reykjavik International Games,2019,Aaron Drennan,IRL,MAG,junior,VT,2,,individual,final,1.8,True,0,,,,,,,,,,,,,,,,,,,,[]
orphan_f6b488877f5d9b69,possible_context_mismatch,review,"Possible format, round, or day mismatch.",MAG D,29,Stella Zakharova Cup,2019,Abdelrahman Abdelhaleem,EGY,MAG,junior,VT,2,,individual,final,3.2,True,1,suggestion_6db68c7d30a31fd7,context_correction,0.65,"Same athlete/event/apparatus exists in the score sheet, but format, round, or day is different.",Stella Zakharova Cup,2019,Abdelrahman Abdelhaleem,EGY,MAG,junior,VT,2,,apparatus,final,12.1,3.2,MAG,33,"[{""suggestion_id"": ""suggestion_6db68c7d30a31fd7"", ""suggestion_type"": ""context_correction"", ""confidence"": 0.65, ""message"": ""Same athlete/event/apparatus exists in the score sheet, but format, round, or day is different."", ""action"": ""attach_d_score_to_target_result"", ""changes"": {""format"": {""from"": ""individual"", ""to"": ""apparatus""}, ""round"": {""from"": ""final"", ""to"": ""final""}, ""day"": {""from"": null, ""to"": null}}, ""target_result"": {""event_name"": ""Stella Zakharova Cup"", ""year"": 2019, ""athlete_name"": ""Abdelrahman Abdelhaleem"", ""country"": ""EGY"", ""discipline"": ""MAG"", ""category"": ""junior"", ""apparatus"": ""VT"", ""vt_attempt"": 2, ""day"": null, ""format"": ""apparatus"", ""round"": ""final"", ""score"": 12.1, ""D_score"": 3.2, ""vault_attempt_order_uncertain"": true, ""source_sheet"": ""MAG"", ""source_row"": 33, ""target_id"": ""target_a1364310361dd636""}}]"
orphan_27aea482ac7c8fea,missing_final_score_for_context,review,"The athlete/event exists, but not this apparatus/context.",MAG D,33,Mediterranean Championships,2019,Abderrahmane Ouchefoun,ALG,MAG,junior,VT,2,,individual,final,2.4,True,0,,,,,,,,,,,,,,,,,,,,[]
orphan_8c755c72f1226ef1,missing_final_score_for_context,review,"The athlete/event exists, but not this apparatus/context.",MAG D,65,Mälar Cup,2019,Adam Björs,SWE,MAG,senior,VT,2,,individual,final,1.6,True,0,,,,,,,,,,,,,,,,,,,,[]
orphan_bdb18678e1f249cc,possible_context_mismatch,review,"Possible format, round, or day mismatch.",MAG D,67,Mediterranean Championships,2019,Adam Cogat,FRA,MAG,junior,VT,2,,individual,final,3.2,True,1,suggestion_ff1ece0aacfaaf85,context_correction,0.65,"Same athlete/event/apparatus exists in the score sheet, but format, round, or day is different.",Mediterranean Championships,2019,Adam Cogat,FRA,MAG,junior,VT,2,,apparatus,final,12.5,3.2,MAG,70,"[{""suggestion_id"": ""suggestion_ff1ece0aacfaaf85"", ""suggestion_type"": ""context_correction"", ""confidence"": 0.65, ""message"": ""Same athlete/event/apparatus exists in the score sheet, but format, round, or day is different."", ""action"": ""attach_d_score_to_target_result"", ""changes"": {""format"": {""from"": ""individual"", ""to"": ""apparatus""}, ""round"": {""from"": ""final"", ""to"": ""final""}, ""day"": {""from"": null, ""to"": null}}, ""target_result"": {""event_name"": ""Mediterranean Championships"", ""year"": 2019, ""athlete_name"": ""Adam Cogat"", ""country"": ""FRA"", ""discipline"": ""MAG"", ""category"": ""junior"", ""apparatus"": ""VT"", ""vt_attempt"": 2, ""day"": null, ""format"": ""apparatus"", ""round"": ""final"", ""score"": 12.5, ""D_score"": 3.2, ""vault_attempt_order_uncertain"": true, ""source_sheet"": ""MAG"", ""source_row"": 70, ""target_id"": ""target_d42b6d55eb715c7a""}}]"
orphan_941c761a4cb384fd,missing_final_score_for_context,review,"The athlete/event exists, but not this apparatus/context.",MAG D,140,Nordic Junior Championships,2019,Agust Davidsson,ISL,MAG,junior,VT,2,,individual,final,2.4,True,0,,,,,,,,,,,,,,,,,,,,[]
orphan_328ddf44396645be,possible_context_mismatch,review,"Possible format, round, or day mismatch.",MAG D,233,Nordic Junior Championships,2019,Akseli Karsikas,FIN,MAG,junior,VT,2,,individual,final,3.2,True,1,suggestion_d11aed7c10be9e6d,context_correction,0.65,"Same athlete/event/apparatus exists in the score sheet, but format, round, or day is different.",Nordic Junior Championships,2019,Akseli Karsikas,FIN,MAG,junior,VT,2,,apparatus,final,13.032,4.0,MAG,264,"[{""suggestion_id"": ""suggestion_d11aed7c10be9e6d"", ""suggestion_type"": ""context_correction"", ""confidence"": 0.65, ""message"": ""Same athlete/event/apparatus exists in the score sheet, but format, round, or day is different."", ""action"": ""attach_d_score_to_target_result"", ""changes"": {""format"": {""from"": ""individual"", ""to"": ""apparatus""}, ""round"": {""from"": ""final"", ""to"": ""final""}, ""day"": {""from"": null, ""to"": null}}, ""target_result"": {""event_name"": ""Nordic Junior Championships"", ""year"": 2019, ""athlete_name"": ""Akseli Karsikas"", ""country"": ""FIN"", ""discipline"": ""MAG"", ""category"": ""junior"", ""apparatus"": ""VT"", ""vt_attempt"": 2, ""day"": null, ""format"": ""apparatus"", ""round"": ""final"", ""score"": 13.032, ""D_score"": 4.0, ""vault_attempt_order_uncertain"": true, ""source_sheet"": ""MAG"", ""source_row"": 264, ""target_id"": ""target_63e0dfe520e19471""}}]"
orphan_f60f09b4471013e5,missing_final_score_for_context,review,"The athlete/event exists, but not this apparatus/context.",MAG D,312,Austrian Championships,2019,Alexander Benda,AUT,MAG,senior,VT,2,,individual,final,2.8,True,0,,,,,,,,,,,,,,,,,,,,[]
orphan_afb749411415f0c1,possible_context_mismatch,review,"Possible format, round, or day mismatch.",MAG D,313,Austrian Championships,2019,Alexander Benda,AUT,MAG,senior,VT,1,,apparatus,final,4.8,True,1,suggestion_6968837561ad145a,context_correction,0.65,"Same athlete/event/apparatus exists in the score sheet, but format, round, or day is different.",Austrian Championships,2019,Alexander Benda,AUT,MAG,senior,VT,1,,individual,final,13.7,4.8,MAG,371,"[{""suggestion_id"": ""suggestion_6968837561ad145a"", ""suggestion_type"": ""context_correction"", ""confidence"": 0.65, ""message"": ""Same athlete/event/apparatus exists in the score sheet, but format, round, or day is different."", ""action"": ""attach_d_score_to_target_result"", ""changes"": {""format"": {""from"": ""apparatus"", ""to"": ""individual""}, ""round"": {""from"": ""final"", ""to"": ""final""}, ""day"": {""from"": null, ""to"": null}}, ""target_result"": {""event_name"": ""Austrian Championships"", ""year"": 2019, ""athlete_name"": ""Alexander Benda"", ""country"": ""AUT"", ""discipline"": ""MAG"", ""category"": ""senior"", ""apparatus"": ""VT"", ""vt_attempt"": 1, ""day"": null, ""format"": ""individual"", ""round"": ""final"", ""score"": 13.7, ""D_score"": 4.8, ""vault_attempt_order_uncertain"": true, ""source_sheet"": ""MAG"", ""source_row"": 371, ""target_id"": ""target_5eeb5b7e92368339""}}]"
orphan_d079948aa711289f,missing_final_score_for_context,review,"The athlete/event exists, but not this apparatus/context.",MAG D,313,Austrian Championships,2019,Alexander Benda,AUT,MAG,senior,VT,2,,apparatus,final,4.0,True,0,,,,,,,,,,,,,,,,,,,,[]
orphan_e97b2eacaf33c057,missing_final_score_for_context,review,"The athlete/event exists, but not this apparatus/context.",MAG D,351,Austrian Championships,2019,Alexander Pfaffenbauer,AUT,MAG,junior,VT,2,,individual,final,2.4,True,0,,,,,,,,,,,,,,,,,,,,[]
orphan_64023f40504e55ae,missing_final_score_for_context,review,"The athlete/event exists, but not this apparatus/context.",MAG D,366,British Championships,2019,Alexander van Eesteren,GBR,MAG,junior,PH,,,individual,final,4.0,False,0,,,,,,,,,,,,,,,,,,,,[]
orphan_f8c5cc2bb3f50808,possible_event_name_mismatch,review,Possible event-name mismatch between the D sheet and the score sheet.,MAG D,451,Brazilian Championships,2019,Alowany Tsubota,BRA,MAG,senior,FX,,,individual,final,4.9,False,1,suggestion_30dcbb13b85ac2d7,event_name_correction,0.885,D-score event 'Brazilian Championships' may match score-sheet event 'Brazilian Event Championships'.,Brazilian Event Championships,2019,Alowany Tsubota,BRA,MAG,senior,FX,,,individual,final,13.2,,MAG,529,"[{""suggestion_id"": ""suggestion_30dcbb13b85ac2d7"", ""suggestion_type"": ""event_name_correction"", ""confidence"": 0.885, ""message"": ""D-score event 'Brazilian Championships' may match score-sheet event 'Brazilian Event Championships'."", ""action"": ""attach_d_score_to_target_result"", ""changes"": {""event_name"": {""from"": ""Brazilian Championships"", ""to"": ""Brazilian Event Championships""}}, ""target_result"": {""event_name"": ""Brazilian Event Championships"", ""year"": 2019, ""athlete_name"": ""Alowany Tsubota"", ""country"": ""BRA"", ""discipline"": ""MAG"", ""category"": ""senior"", ""apparatus"": ""FX"", ""vt_attempt"": null, ""day"": null, ""format"": ""individual"", ""round"": ""final"", ""score"": 13.2, ""D_score"": null, ""vault_attempt_order_uncertain"": false, ""source_sheet"": ""MAG"", ""source_row"": 529, ""target_id"": ""target_87bb441fbaa217be""}}]"
orphan_cd05b4810d3386d3,possible_event_name_mismatch,review,Possible event-name mismatch between the D sheet and the score sheet.,MAG D,452,Brazilian Championships,2019,Alowany Tsubota,BRA,MAG,senior,FX,,,apparatus,final,4.7,False,1,suggestion_5af5f1691f7fb55a,event_name_correction,0.885,D-score event 'Brazilian Championships' may match score-sheet event 'Brazilian Event Championships'.,Brazilian Event Championships,2019,Alowany Tsubota,BRA,MAG,senior,FX,,,apparatus,final,12.3,,MAG,530,"[{""suggestion_id"": ""suggestion_5af5f1691f7fb55a"", ""suggestion_type"": ""event_name_correction"", ""confidence"": 0.885, ""message"": ""D-score event 'Brazilian Championships' may match score-sheet event 'Brazilian Event Championships'."", ""action"": ""attach_d_score_to_target_result"", ""changes"": {""event_name"": {""from"": ""Brazilian Championships"", ""to"": ""Brazilian Event Championships""}}, ""target_result"": {""event_name"": ""Brazilian Event Championships"", ""year"": 2019, ""athlete_name"": ""Alowany Tsubota"", ""country"": ""BRA"", ""discipline"": ""MAG"", ""category"": ""senior"", ""apparatus"": ""FX"", ""vt_attempt"": null, ""day"": null, ""format"": ""apparatus"", ""round"": ""final"", ""score"": 12.3, ""D_score"": null, ""vault_attempt_order_uncertain"": false, ""source_sheet"": ""MAG"", ""source_row"": 530, ""target_id"": ""target_1b397e3a455ce41e""}}]"
orphan_e2901c8597cba233,possible_context_mismatch,review,"Possible format, round, or day mismatch.",MAG D,468,Danish Championships,2019,Anderson de Santana Teixeira,DEN,MAG,senior,VT,2,,individual,final,4.0,True,1,suggestion_95ac84cee344e6b2,context_correction,0.65,"Same athlete/event/apparatus exists in the score sheet, but format, round, or day is different.",Danish Championships,2019,Anderson de Santana Teixeira,DEN,MAG,senior,VT,2,,apparatus,final,13.4,,MAG,548,"[{""suggestion_id"": ""suggestion_95ac84cee344e6b2"", ""suggestion_type"": ""context_correction"", ""confidence"": 0.65, ""message"": ""Same athlete/event/apparatus exists in the score sheet, but format, round, or day is different."", ""action"": ""attach_d_score_to_target_result"", ""changes"": {""format"": {""from"": ""individual"", ""to"": ""apparatus""}, ""round"": {""from"": ""final"", ""to"": ""final""}, ""day"": {""from"": null, ""to"": null}}, ""target_result"": {""event_name"": ""Danish Championships"", ""year"": 2019, ""athlete_name"": ""Anderson de Santana Teixeira"", ""country"": ""DEN"", ""discipline"": ""MAG"", ""category"": ""senior"", ""apparatus"": ""VT"", ""vt_attempt"": 2, ""day"": null, ""format"": ""apparatus"", ""round"": ""final"", ""score"": 13.4, ""D_score"": null, ""vault_attempt_order_uncertain"": true, ""source_sheet"": ""MAG"", ""source_row"": 548, ""target_id"": ""target_355d3bf7e7a2a5fc""}}]"
orphan_9a9d3a20e99e68d8,missing_final_score_for_context,review,"The athlete/event exists, but not this apparatus/context.",MAG D,474,3rd Italian Serie A,2019,Andrea Bubbo,ITA,MAG,senior,SR,,,individual,final,2.8,False,0,,,,,,,,,,,,,,,,,,,,[]
orphan_1ab81603ccd08394,missing_final_score_for_context,review,"The athlete/event exists, but not this apparatus/context.",MAG D,482,Italian Championships,2019,Andrea Cingolani,ITA,MAG,senior,VT,2,,apparatus,final,5.2,True,0,,,,,,,,,,,,,,,,,,,,[]
orphan_11e7bc0296711e21,missing_final_score_for_context,review,"The athlete/event exists, but not this apparatus/context.",MAG D,486,Italian Championships,2019,Andrea Cingolani,ITA,MAG,senior,VT,2,,individual,final,5.2,True,0,,,,,,,,,,,,,,,,,,,,[]
orphan_1b974071922e2cd1,missing_final_score_for_context,review,"The athlete/event exists, but not this apparatus/context.",MAG D,606,European Championships,2019,Andrey Medvedev,ISR,MAG,senior,SR,,,individual,qualification,5.6,False,0,,,,,,,,,,,,,,,,,,,,[]
orphan_e856fe96363d2bc8,possible_event_name_mismatch,review,Possible event-name mismatch between the D sheet and the score sheet.,MAG D,617,Brazilian Championships,2019,Angelo Assumpção,BRA,MAG,senior,FX,,,individual,final,5.5,False,1,suggestion_5800965254661f65,event_name_correction,0.885,D-score event 'Brazilian Championships' may match score-sheet event 'Brazilian Event Championships'.,Brazilian Event Championships,2019,Angelo Assumpção,BRA,MAG,senior,FX,,,individual,final,13.2,,MAG,720,"[{""suggestion_id"": ""suggestion_5800965254661f65"", ""suggestion_type"": ""event_name_correction"", ""confidence"": 0.885, ""message"": ""D-score event 'Brazilian Championships' may match score-sheet event 'Brazilian Event Championships'."", ""action"": ""attach_d_score_to_target_result"", ""changes"": {""event_name"": {""from"": ""Brazilian Championships"", ""to"": ""Brazilian Event Championships""}}, ""target_result"": {""event_name"": ""Brazilian Event Championships"", ""year"": 2019, ""athlete_name"": ""Angelo Assumpção"", ""country"": ""BRA"", ""discipline"": ""MAG"", ""category"": ""senior"", ""apparatus"": ""FX"", ""vt_attempt"": null, ""day"": null, ""format"": ""individual"", ""round"": ""final"", ""score"": 13.2, ""D_score"": null, ""vault_attempt_order_uncertain"": false, ""source_sheet"": ""MAG"", ""source_row"": 720, ""target_id"": ""target_e66368fc4f44dcd1""}}]"
orphan_8400e197e37dcf9c,possible_event_name_mismatch,review,Possible event-name mismatch between the D sheet and the score sheet.,MAG D,617,Brazilian Championships,2019,Angelo Assumpção,BRA,MAG,senior,HB,,,individual,final,5.2,False,1,suggestion_79b377fd9efd38ac,event_name_correction,0.885,D-score event 'Brazilian Championships' may match score-sheet event 'Brazilian Event Championships'.,Brazilian Event Championships,2019,Angelo Assumpção,BRA,MAG,senior,HB,,,individual,final,12.6,,MAG,720,"[{""suggestion_id"": ""suggestion_79b377fd9efd38ac"", ""suggestion_type"": ""event_name_correction"", ""confidence"": 0.885, ""message"": ""D-score event 'Brazilian Championships' may match score-sheet event 'Brazilian Event Championships'."", ""action"": ""attach_d_score_to_target_result"", ""changes"": {""event_name"": {""from"": ""Brazilian Championships"", ""to"": ""Brazilian Event Championships""}}, ""target_result"": {""event_name"": ""Brazilian Event Championships"", ""year"": 2019, ""athlete_name"": ""Angelo Assumpção"", ""country"": ""BRA"", ""discipline"": ""MAG"", ""category"": ""senior"", ""apparatus"": ""HB"", ""vt_attempt"": null, ""day"": null, ""format"": ""individual"", ""round"": ""final"", ""score"": 12.6, ""D_score"": null, ""vault_attempt_order_uncertain"": false, ""source_sheet"": ""MAG"", ""source_row"": 720, ""target_id"": ""target_23da490f5a8fb141""}}]"
orphan_53e16f3a95396909,possible_event_name_mismatch,review,Possible event-name mismatch between the D sheet and the score sheet.,MAG D,617,Brazilian Championships,2019,Angelo Assumpção,BRA,MAG,senior,PB,,,individual,final,5.2,False,1,suggestion_c03a1ef3af1666ed,event_name_correction,0.885,D-score event 'Brazilian Championships' may match score-sheet event 'Brazilian Event Championships'.,Brazilian Event Championships,2019,Angelo Assumpção,BRA,MAG,senior,PB,,,individual,final,12.35,,MAG,720,"[{""suggestion_id"": ""suggestion_c03a1ef3af1666ed"", ""suggestion_type"": ""event_name_correction"", ""confidence"": 0.885, ""message"": ""D-score event 'Brazilian Championships' may match score-sheet event 'Brazilian Event Championships'."", ""action"": ""attach_d_score_to_target_result"", ""changes"": {""event_name"": {""from"": ""Brazilian Championships"", ""to"": ""Brazilian Event Championships""}}, ""target_result"": {""event_name"": ""Brazilian Event Championships"", ""year"": 2019, ""athlete_name"": ""Angelo Assumpção"", ""country"": ""BRA"", ""discipline"": ""MAG"", ""category"": ""senior"", ""apparatus"": ""PB"", ""vt_attempt"": null, ""day"": null, ""format"": ""individual"", ""round"": ""final"", ""score"": 12.35, ""D_score"": null, ""vault_attempt_order_uncertain"": false, ""source_sheet"": ""MAG"", ""source_row"": 720, ""target_id"": ""target_db73364b71f8f0f0""}}]"
orphan_b62475e36be52cca,possible_event_name_mismatch,review,Possible event-name mismatch between the D sheet and the score sheet.,MAG D,617,Brazilian Championships,2019,Angelo Assumpção,BRA,MAG,senior,PH,,,individual,final,5.6,False,1,suggestion_40d80dc4e2335a5b,event_name_correction,0.885,D-score event 'Brazilian Championships' may match score-sheet event 'Brazilian Event Championships'.,Brazilian Event Championships,2019,Angelo Assumpção,BRA,MAG,senior,PH,,,individual,final,10.75,,MAG,720,"[{""suggestion_id"": ""suggestion_40d80dc4e2335a5b"", ""suggestion_type"": ""event_name_correction"", ""confidence"": 0.885, ""message"": ""D-score event 'Brazilian Championships' may match score-sheet event 'Brazilian Event Championships'."", ""action"": ""attach_d_score_to_target_result"", ""changes"": {""event_name"": {""from"": ""Brazilian Championships"", ""to"": ""Brazilian Event Championships""}}, ""target_result"": {""event_name"": ""Brazilian Event Championships"", ""year"": 2019, ""athlete_name"": ""Angelo Assumpção"", ""country"": ""BRA"", ""discipline"": ""MAG"", ""category"": ""senior"", ""apparatus"": ""PH"", ""vt_attempt"": null, ""day"": null, ""format"": ""individual"", ""round"": ""final"", ""score"": 10.75, ""D_score"": null, ""vault_attempt_order_uncertain"": false, ""source_sheet"": ""MAG"", ""source_row"": 720, ""target_id"": ""target_bd3e71b71036d833""}}]"
orphan_c083a8ffa4606317,possible_event_name_mismatch,review,Possible event-name mismatch between the D sheet and the score sheet.,MAG D,617,Brazilian Championships,2019,Angelo Assumpção,BRA,MAG,senior,SR,,,individual,final,4.9,False,1,suggestion_ef83d35358650f82,event_name_correction,0.885,D-score event 'Brazilian Championships' may match score-sheet event 'Brazilian Event Championships'.,Brazilian Event Championships,2019,Angelo Assumpção,BRA,MAG,senior,SR,,,individual,final,12.7,,MAG,720,"[{""suggestion_id"": ""suggestion_ef83d35358650f82"", ""suggestion_type"": ""event_name_correction"", ""confidence"": 0.885, ""message"": ""D-score event 'Brazilian Championships' may match score-sheet event 'Brazilian Event Championships'."", ""action"": ""attach_d_score_to_target_result"", ""changes"": {""event_name"": {""from"": ""Brazilian Championships"", ""to"": ""Brazilian Event Championships""}}, ""target_result"": {""event_name"": ""Brazilian Event Championships"", ""year"": 2019, ""athlete_name"": ""Angelo Assumpção"", ""country"": ""BRA"", ""discipline"": ""MAG"", ""category"": ""senior"", ""apparatus"": ""SR"", ""vt_attempt"": null, ""day"": null, ""format"": ""individual"", ""round"": ""final"", ""score"": 12.7, ""D_score"": null, ""vault_attempt_order_uncertain"": false, ""source_sheet"": ""MAG"", ""source_row"": 720, ""target_id"": ""target_7cb7f517459a994e""}}]"
orphan_92053a82f82ace74,possible_event_name_mismatch,review,Possible event-name mismatch between the D sheet and the score sheet.,MAG D,617,Brazilian Championships,2019,Angelo Assumpção,BRA,MAG,senior,VT,1,,individual,final,5.2,True,1,suggestion_c285a08cf4039401,event_name_correction,0.885,D-score event 'Brazilian Championships' may match score-sheet event 'Brazilian Event Championships'.,Brazilian Event Championships,2019,Angelo Assumpção,BRA,MAG,senior,VT,1,,individual,final,14.45,,MAG,720,"[{""suggestion_id"": ""suggestion_c285a08cf4039401"", ""suggestion_type"": ""event_name_correction"", ""confidence"": 0.885, ""message"": ""D-score event 'Brazilian Championships' may match score-sheet event 'Brazilian Event Championships'."", ""action"": ""attach_d_score_to_target_result"", ""changes"": {""event_name"": {""from"": ""Brazilian Championships"", ""to"": ""Brazilian Event Championships""}}, ""target_result"": {""event_name"": ""Brazilian Event Championships"", ""year"": 2019, ""athlete_name"": ""Angelo Assumpção"", ""country"": ""BRA"", ""discipline"": ""MAG"", ""category"": ""senior"", ""apparatus"": ""VT"", ""vt_attempt"": 1, ""day"": null, ""format"": ""individual"", ""round"": ""final"", ""score"": 14.45, ""D_score"": null, ""vault_attempt_order_uncertain"": true, ""source_sheet"": ""MAG"", ""source_row"": 720, ""target_id"": ""target_3f49cb7f7a6be30b""}}]"
orphan_c76c4a6907d505fc,possible_event_name_mismatch,review,Possible event-name mismatch between the D sheet and the score sheet.,MAG D,618,Brazilian Championships,2019,Angelo Assumpção,BRA,MAG,senior,FX,,,apparatus,final,5.7,False,1,suggestion_fd574802041430ea,event_name_correction,0.885,D-score event 'Brazilian Championships' may match score-sheet event 'Brazilian Event Championships'.,Brazilian Event Championships,2019,Angelo Assumpção,BRA,MAG,senior,FX,,,apparatus,final,12.8,,MAG,721,"[{""suggestion_id"": ""suggestion_fd574802041430ea"", ""suggestion_type"": ""event_name_correction"", ""confidence"": 0.885, ""message"": ""D-score event 'Brazilian Championships' may match score-sheet event 'Brazilian Event Championships'."", ""action"": ""attach_d_score_to_target_result"", ""changes"": {""event_name"": {""from"": ""Brazilian Championships"", ""to"": ""Brazilian Event Championships""}}, ""target_result"": {""event_name"": ""Brazilian Event Championships"", ""year"": 2019, ""athlete_name"": ""Angelo Assumpção"", ""country"": ""BRA"", ""discipline"": ""MAG"", ""category"": ""senior"", ""apparatus"": ""FX"", ""vt_attempt"": null, ""day"": null, ""format"": ""apparatus"", ""round"": ""final"", ""score"": 12.8, ""D_score"": null, ""vault_attempt_order_uncertain"": false, ""source_sheet"": ""MAG"", ""source_row"": 721, ""target_id"": ""target_5f921fdc1bb40c3b""}}]"
orphan_c32e78feb6fe64d1,missing_final_score_for_context,review,"The athlete/event exists, but not this apparatus/context.",MAG D,628,Mälar Cup,2019,Anssi Valkama,FIN,MAG,junior,VT,2,,individual,final,2.4,True,0,,,,,,,,,,,,,,,,,,,,[]
orphan_5bf94950e4cffd78,possible_context_mismatch,review,"Possible format, round, or day mismatch.",MAG D,645,French Championships,2019,Antoine Borello,FRA,MAG,senior,VT,1,,apparatus,final,5.2,True,1,suggestion_247e2c0a15c5d7c2,context_correction,0.65,"Same athlete/event/apparatus exists in the score sheet, but format, round, or day is different.",French Championships,2019,Antoine Borello,FRA,MAG,senior,VT,1,,individual,final,12.95,4.8,MAG,749,"[{""suggestion_id"": ""suggestion_247e2c0a15c5d7c2"", ""suggestion_type"": ""context_correction"", ""confidence"": 0.65, ""message"": ""Same athlete/event/apparatus exists in the score sheet, but format, round, or day is different."", ""action"": ""attach_d_score_to_target_result"", ""changes"": {""format"": {""from"": ""apparatus"", ""to"": ""individual""}, ""round"": {""from"": ""final"", ""to"": ""final""}, ""day"": {""from"": null, ""to"": null}}, ""target_result"": {""event_name"": ""French Championships"", ""year"": 2019, ""athlete_name"": ""Antoine Borello"", ""country"": ""FRA"", ""discipline"": ""MAG"", ""category"": ""senior"", ""apparatus"": ""VT"", ""vt_attempt"": 1, ""day"": null, ""format"": ""individual"", ""round"": ""final"", ""score"": 12.95, ""D_score"": 4.8, ""vault_attempt_order_uncertain"": true, ""source_sheet"": ""MAG"", ""source_row"": 749, ""target_id"": ""target_f66e1490caeb059e""}}]"
orphan_c4734d25a12aa6e8,missing_final_score_for_context,review,"The athlete/event exists, but not this apparatus/context.",MAG D,697,Nordic Junior Championships,2019,Antti Varjolaakso,FIN,MAG,junior,VT,2,,individual,final,2.8,True,0,,,,,,,,,,,,,,,,,,,,[]
orphan_4d3a1eab75d9202e,possible_context_mismatch,review,"Possible format, round, or day mismatch.",MAG D,714,Italian Championships,2019,Ares Federici,ITA,MAG,senior,VT,2,,individual,final,4.8,True,1,suggestion_9abdc2eaca6f6e02,context_correction,0.65,"Same athlete/event/apparatus exists in the score sheet, but format, round, or day is different.",Italian Championships,2019,Ares Federici,ITA,MAG,senior,VT,2,,apparatus,final,13.9,4.8,MAG,825,"[{""suggestion_id"": ""suggestion_9abdc2eaca6f6e02"", ""suggestion_type"": ""context_correction"", ""confidence"": 0.65, ""message"": ""Same athlete/event/apparatus exists in the score sheet, but format, round, or day is different."", ""action"": ""attach_d_score_to_target_result"", ""changes"": {""format"": {""from"": ""individual"", ""to"": ""apparatus""}, ""round"": {""from"": ""final"", ""to"": ""final""}, ""day"": {""from"": null, ""to"": null}}, ""target_result"": {""event_name"": ""Italian Championships"", ""year"": 2019, ""athlete_name"": ""Ares Federici"", ""country"": ""ITA"", ""discipline"": ""MAG"", ""category"": ""senior"", ""apparatus"": ""VT"", ""vt_attempt"": 2, ""day"": null, ""format"": ""apparatus"", ""round"": ""final"", ""score"": 13.9, ""D_score"": 4.8, ""vault_attempt_order_uncertain"": true, ""source_sheet"": ""MAG"", ""source_row"": 825, ""target_id"": ""target_594175a9897beef3""}}]"
orphan_bc57752320ad05e8,possible_context_mismatch,review,"Possible format, round, or day mismatch.",MAG D,734,Nordic Junior Championships,2019,Arnar Arason,ISL,MAG,junior,VT,2,,individual,final,2.4,True,1,suggestion_9735105879c93074,context_correction,0.65,"Same athlete/event/apparatus exists in the score sheet, but format, round, or day is different.",Nordic Junior Championships,2019,Arnar Arason,ISL,MAG,junior,VT,2,,apparatus,final,10.332,2.4,MAG,850,"[{""suggestion_id"": ""suggestion_9735105879c93074"", ""suggestion_type"": ""context_correction"", ""confidence"": 0.65, ""message"": ""Same athlete/event/apparatus exists in the score sheet, but format, round, or day is different."", ""action"": ""attach_d_score_to_target_result"", ""changes"": {""format"": {""from"": ""individual"", ""to"": ""apparatus""}, ""round"": {""from"": ""final"", ""to"": ""final""}, ""day"": {""from"": null, ""to"": null}}, ""target_result"": {""event_name"": ""Nordic Junior Championships"", ""year"": 2019, ""athlete_name"": ""Arnar Arason"", ""country"": ""ISL"", ""discipline"": ""MAG"", ""category"": ""junior"", ""apparatus"": ""VT"", ""vt_attempt"": 2, ""day"": null, ""format"": ""apparatus"", ""round"": ""final"", ""score"": 10.332, ""D_score"": 2.4, ""vault_attempt_order_uncertain"": true, ""source_sheet"": ""MAG"", ""source_row"": 850, ""target_id"": ""target_bcdb6cb7d1b8a73d""}}]"
orphan_36f48e4c15d3c9b6,missing_final_score_for_context,review,"The athlete/event exists, but not this apparatus/context.",MAG D,749,Iceland Team Championships,2019,Arnor Masson,ISL,MAG,senior,VT,2,,individual,final,4.4,True,0,,,,,,,,,,,,,,,,,,,,[]
orphan_f60e3843ec31ae14,missing_final_score_for_context,review,"The athlete/event exists, but not this apparatus/context.",MAG D,753,Reykjavik International Games,2019,Arnor Masson,ISL,MAG,senior,VT,2,,individual,final,2.4,True,0,,,,,,,,,,,,,,,,,,,,[]
orphan_fe90d7752f371f9a,possible_event_name_mismatch,review,Possible event-name mismatch between the D sheet and the score sheet.,MAG D,804,Brazilian Championships,2019,Arthur Mariano,BRA,MAG,senior,HB,,,apparatus,final,6.3,False,3,suggestion_c07f7c564e7daf8d,event_name_correction,0.885,D-score event 'Brazilian Championships' may match score-sheet event 'Brazilian Event Championships'.,Brazilian Event Championships,2019,Arthur Mariano,BRA,MAG,senior,HB,,,apparatus,final,14.4,,MAG,929,"[{""suggestion_id"": ""suggestion_c07f7c564e7daf8d"", ""suggestion_type"": ""event_name_correction"", ""confidence"": 0.885, ""message"": ""D-score event 'Brazilian Championships' may match score-sheet event 'Brazilian Event Championships'."", ""action"": ""attach_d_score_to_target_result"", ""changes"": {""event_name"": {""from"": ""Brazilian Championships"", ""to"": ""Brazilian Event Championships""}}, ""target_result"": {""event_name"": ""Brazilian Event Championships"", ""year"": 2019, ""athlete_name"": ""Arthur Mariano"", ""country"": ""BRA"", ""discipline"": ""MAG"", ""category"": ""senior"", ""apparatus"": ""HB"", ""vt_attempt"": null, ""day"": null, ""format"": ""apparatus"", ""round"": ""final"", ""score"": 14.4, ""D_score"": null, ""vault_attempt_order_uncertain"": false, ""source_sheet"": ""MAG"", ""source_row"": 929, ""target_id"": ""target_7ecd26f34e24239b""}}, {""suggestion_id"": ""suggestion_72d6632757f0f0de"", ""suggestion_type"": ""context_correction"", ""confidence"": 0.65, ""message"": ""Same athlete/event/apparatus exists in the score sheet, but format, round, or day is different."", ""action"": ""attach_d_score_to_target_result"", ""changes"": {""format"": {""from"": ""apparatus"", ""to"": ""team""}, ""round"": {""from"": ""final"", ""to"": ""final""}, ""day"": {""from"": null, ""to"": null}}, ""target_result"": {""event_name"": ""Brazilian Championships"", ""year"": 2019, ""athlete_name"": ""Arthur Mariano"", ""country"": ""BRA"", ""discipline"": ""MAG"", ""category"": ""senior"", ""apparatus"": ""HB"", ""vt_attempt"": null, ""day"": null, ""format"": ""team"", ""round"": ""final"", ""score"": 13.75, ""D_score"": null, ""vault_attempt_order_uncertain"": false, ""source_sheet"": ""MAG"", ""source_row"": 932, ""target_id"": ""target_57e160bbfca2db79""}}, {""suggestion_id"": ""suggestion_2cc91d1f8e38c02d"", ""suggestion_type"": ""context_correction"", ""confidence"": 0.65, ""message"": ""Same athlete/event/apparatus exists in the score sheet, but format, round, or day is different."", ""action"": ""attach_d_score_to_target_result"", ""changes"": {""format"": {""from"": ""apparatus"", ""to"": ""individual""}, ""round"": {""from"": ""final"", ""to"": ""final""}, ""day"": {""from"": null, ""to"": null}}, ""target_result"": {""event_name"": ""Brazilian Championships"", ""year"": 2019, ""athlete_name"": ""Arthur Mariano"", ""country"": ""BRA"", ""discipline"": ""MAG"", ""category"": ""senior"", ""apparatus"": ""HB"", ""vt_attempt"": null, ""day"": null, ""format"": ""individual"", ""round"": ""final"", ""score"": 12.05, ""D_score"": 6.2, ""vault_attempt_order_uncertain"": false, ""source_sheet"": ""MAG"", ""source_row"": 933, ""target_id"": ""target_53ec7145dbebb03b""}}]"
orphan_71ef4d3221a36c55,possible_event_name_mismatch,review,Possible event-name mismatch between the D sheet and the score sheet.,MAG D,806,Brazilian Championships,2019,Arthur Mariano,BRA,MAG,senior,PH,,,individual,final,4.3,False,2,suggestion_512c0d6639085b27,event_name_correction,0.885,D-score event 'Brazilian Championships' may match score-sheet event 'Brazilian Event Championships'.,Brazilian Event Championships,2019,Arthur Mariano,BRA,MAG,senior,PH,,,individual,final,11.4,,MAG,931,"[{""suggestion_id"": ""suggestion_512c0d6639085b27"", ""suggestion_type"": ""event_name_correction"", ""confidence"": 0.885, ""message"": ""D-score event 'Brazilian Championships' may match score-sheet event 'Brazilian Event Championships'."", ""action"": ""attach_d_score_to_target_result"", ""changes"": {""event_name"": {""from"": ""Brazilian Championships"", ""to"": ""Brazilian Event Championships""}}, ""target_result"": {""event_name"": ""Brazilian Event Championships"", ""year"": 2019, ""athlete_name"": ""Arthur Mariano"", ""country"": ""BRA"", ""discipline"": ""MAG"", ""category"": ""senior"", ""apparatus"": ""PH"", ""vt_attempt"": null, ""day"": null, ""format"": ""individual"", ""round"": ""final"", ""score"": 11.4, ""D_score"": null, ""vault_attempt_order_uncertain"": false, ""source_sheet"": ""MAG"", ""source_row"": 931, ""target_id"": ""target_a1972a36e5bb494a""}}, {""suggestion_id"": ""suggestion_85c287c588bbffae"", ""suggestion_type"": ""context_correction"", ""confidence"": 0.65, ""message"": ""Same athlete/event/apparatus exists in the score sheet, but format, round, or day is different."", ""action"": ""attach_d_score_to_target_result"", ""changes"": {""format"": {""from"": ""individual"", ""to"": ""team""}, ""round"": {""from"": ""final"", ""to"": ""final""}, ""day"": {""from"": null, ""to"": null}}, ""target_result"": {""event_name"": ""Brazilian Championships"", ""year"": 2019, ""athlete_name"": ""Arthur Mariano"", ""country"": ""BRA"", ""discipline"": ""MAG"", ""category"": ""senior"", ""apparatus"": ""PH"", ""vt_attempt"": null, ""day"": null, ""format"": ""team"", ""round"": ""final"", ""score"": 12.8, ""D_score"": null, ""vault_attempt_order_uncertain"": false, ""source_sheet"": ""MAG"", ""source_row"": 932, ""target_id"": ""target_eb1d4f3265db85c2""}}]"
orphan_7c23f79ec9f14228,possible_event_name_mismatch,review,Possible event-name mismatch between the D sheet and the score sheet.,MAG D,806,Brazilian Championships,2019,Arthur Mariano,BRA,MAG,senior,SR,,,individual,final,4.8,False,1,suggestion_158cd888bcc0a51c,event_name_correction,0.885,D-score event 'Brazilian Championships' may match score-sheet event 'Brazilian Event Championships'.,Brazilian Event Championships,2019,Arthur Mariano,BRA,MAG,senior,SR,,,individual,final,12.65,,MAG,931,"[{""suggestion_id"": ""suggestion_158cd888bcc0a51c"", ""suggestion_type"": ""event_name_correction"", ""confidence"": 0.885, ""message"": ""D-score event 'Brazilian Championships' may match score-sheet event 'Brazilian Event Championships'."", ""action"": ""attach_d_score_to_target_result"", ""changes"": {""event_name"": {""from"": ""Brazilian Championships"", ""to"": ""Brazilian Event Championships""}}, ""target_result"": {""event_name"": ""Brazilian Event Championships"", ""year"": 2019, ""athlete_name"": ""Arthur Mariano"", ""country"": ""BRA"", ""discipline"": ""MAG"", ""category"": ""senior"", ""apparatus"": ""SR"", ""vt_attempt"": null, ""day"": null, ""format"": ""individual"", ""round"": ""final"", ""score"": 12.65, ""D_score"": null, ""vault_attempt_order_uncertain"": false, ""source_sheet"": ""MAG"", ""source_row"": 931, ""target_id"": ""target_ab876f249c29da4c""}}]"
orphan_81369c92baba82a1,possible_event_name_mismatch,review,Possible event-name mismatch between the D sheet and the score sheet.,MAG D,815,Brazilian Championships,2019,Arthur Zanetti,BRA,MAG,senior,FX,,,individual,final,5.9,False,1,suggestion_ae9a92c0cafe7cc7,event_name_correction,0.885,D-score event 'Brazilian Championships' may match score-sheet event 'Brazilian Event Championships'.,Brazilian Event Championships,2019,Arthur Zanetti,BRA,MAG,senior,FX,,,individual,final,13.55,,MAG,949,"[{""suggestion_id"": ""suggestion_ae9a92c0cafe7cc7"", ""suggestion_type"": ""event_name_correction"", ""confidence"": 0.885, ""message"": ""D-score event 'Brazilian Championships' may match score-sheet event 'Brazilian Event Championships'."", ""action"": ""attach_d_score_to_target_result"", ""changes"": {""event_name"": {""from"": ""Brazilian Championships"", ""to"": ""Brazilian Event Championships""}}, ""target_result"": {""event_name"": ""Brazilian Event Championships"", ""year"": 2019, ""athlete_name"": ""Arthur Zanetti"", ""country"": ""BRA"", ""discipline"": ""MAG"", ""category"": ""senior"", ""apparatus"": ""FX"", ""vt_attempt"": null, ""day"": null, ""format"": ""individual"", ""round"": ""final"", ""score"": 13.55, ""D_score"": null, ""vault_attempt_order_uncertain"": false, ""source_sheet"": ""MAG"", ""source_row"": 949, ""target_id"": ""target_b4226bd053be61df""}}]"
orphan_3c15e1394b74ce49,possible_event_name_mismatch,review,Possible event-name mismatch between the D sheet and the score sheet.,MAG D,815,Brazilian Championships,2019,Arthur Zanetti,BRA,MAG,senior,SR,,,individual,final,6.3,False,1,suggestion_c6053f24ff234956,event_name_correction,0.885,D-score event 'Brazilian Championships' may match score-sheet event 'Brazilian Event Championships'.,Brazilian Event Championships,2019,Arthur Zanetti,BRA,MAG,senior,SR,,,individual,final,15.2,,MAG,949,"[{""suggestion_id"": ""suggestion_c6053f24ff234956"", ""suggestion_type"": ""event_name_correction"", ""confidence"": 0.885, ""message"": ""D-score event 'Brazilian Championships' may match score-sheet event 'Brazilian Event Championships'."", ""action"": ""attach_d_score_to_target_result"", ""changes"": {""event_name"": {""from"": ""Brazilian Championships"", ""to"": ""Brazilian Event Championships""}}, ""target_result"": {""event_name"": ""Brazilian Event Championships"", ""year"": 2019, ""athlete_name"": ""Arthur Zanetti"", ""country"": ""BRA"", ""discipline"": ""MAG"", ""category"": ""senior"", ""apparatus"": ""SR"", ""vt_attempt"": null, ""day"": null, ""format"": ""individual"", ""round"": ""final"", ""score"": 15.2, ""D_score"": null, ""vault_attempt_order_uncertain"": false, ""source_sheet"": ""MAG"", ""source_row"": 949, ""target_id"": ""target_f3bc657ae6f83aba""}}]"
orphan_15487dd6ac960c58,possible_event_name_mismatch,review,Possible event-name mismatch between the D sheet and the score sheet.,MAG D,815,Brazilian Championships,2019,Arthur Zanetti,BRA,MAG,senior,VT,1,,individual,final,5.2,True,1,suggestion_9f4796bfc1eb802a,event_name_correction,0.885,D-score event 'Brazilian Championships' may match score-sheet event 'Brazilian Event Championships'.,Brazilian Event Championships,2019,Arthur Zanetti,BRA,MAG,senior,VT,1,,individual,final,13.4,,MAG,949,"[{""suggestion_id"": ""suggestion_9f4796bfc1eb802a"", ""suggestion_type"": ""event_name_correction"", ""confidence"": 0.885, ""message"": ""D-score event 'Brazilian Championships' may match score-sheet event 'Brazilian Event Championships'."", ""action"": ""attach_d_score_to_target_result"", ""changes"": {""event_name"": {""from"": ""Brazilian Championships"", ""to"": ""Brazilian Event Championships""}}, ""target_result"": {""event_name"": ""Brazilian Event Championships"", ""year"": 2019, ""athlete_name"": ""Arthur Zanetti"", ""country"": ""BRA"", ""discipline"": ""MAG"", ""category"": ""senior"", ""apparatus"": ""VT"", ""vt_attempt"": 1, ""day"": null, ""format"": ""individual"", ""round"": ""final"", ""score"": 13.4, ""D_score"": null, ""vault_attempt_order_uncertain"": true, ""source_sheet"": ""MAG"", ""source_row"": 949, ""target_id"": ""target_2621d072bc9c895b""}}]"
orphan_b96add96c19688fe,possible_event_name_mismatch,review,Possible event-name mismatch between the D sheet and the score sheet.,MAG D,820,Brazilian Championships,2019,Arthur Zanetti,BRA,MAG,senior,FX,,,apparatus,final,5.9,False,1,suggestion_560c545122c9e586,event_name_correction,0.885,D-score event 'Brazilian Championships' may match score-sheet event 'Brazilian Event Championships'.,Brazilian Event Championships,2019,Arthur Zanetti,BRA,MAG,senior,FX,,,apparatus,final,14.15,,MAG,942,"[{""suggestion_id"": ""suggestion_560c545122c9e586"", ""suggestion_type"": ""event_name_correction"", ""confidence"": 0.885, ""message"": ""D-score event 'Brazilian Championships' may match score-sheet event 'Brazilian Event Championships'."", ""action"": ""attach_d_score_to_target_result"", ""changes"": {""event_name"": {""from"": ""Brazilian Championships"", ""to"": ""Brazilian Event Championships""}}, ""target_result"": {""event_name"": ""Brazilian Event Championships"", ""year"": 2019, ""athlete_name"": ""Arthur Zanetti"", ""country"": ""BRA"", ""discipline"": ""MAG"", ""category"": ""senior"", ""apparatus"": ""FX"", ""vt_attempt"": null, ""day"": null, ""format"": ""apparatus"", ""round"": ""final"", ""score"": 14.15, ""D_score"": null, ""vault_attempt_order_uncertain"": false, ""source_sheet"": ""MAG"", ""source_row"": 942, ""target_id"": ""target_b0acb804aee3ee6b""}}]"
orphan_956f94c7c3cf28dc,possible_event_name_mismatch,review,Possible event-name mismatch between the D sheet and the score sheet.,MAG D,820,Brazilian Championships,2019,Arthur Zanetti,BRA,MAG,senior,SR,,,apparatus,final,6.2,False,1,suggestion_34cac4afe3a8ab5e,event_name_correction,0.885,D-score event 'Brazilian Championships' may match score-sheet event 'Brazilian Event Championships'.,Brazilian Event Championships,2019,Arthur Zanetti,BRA,MAG,senior,SR,,,apparatus,final,15.05,,MAG,942,"[{""suggestion_id"": ""suggestion_34cac4afe3a8ab5e"", ""suggestion_type"": ""event_name_correction"", ""confidence"": 0.885, ""message"": ""D-score event 'Brazilian Championships' may match score-sheet event 'Brazilian Event Championships'."", ""action"": ""attach_d_score_to_target_result"", ""changes"": {""event_name"": {""from"": ""Brazilian Championships"", ""to"": ""Brazilian Event Championships""}}, ""target_result"": {""event_name"": ""Brazilian Event Championships"", ""year"": 2019, ""athlete_name"": ""Arthur Zanetti"", ""country"": ""BRA"", ""discipline"": ""MAG"", ""category"": ""senior"", ""apparatus"": ""SR"", ""vt_attempt"": null, ""day"": null, ""format"": ""apparatus"", ""round"": ""final"", ""score"": 15.05, ""D_score"": null, ""vault_attempt_order_uncertain"": false, ""source_sheet"": ""MAG"", ""source_row"": 942, ""target_id"": ""target_4f05104976dd6668""}}]"
orphan_b6cd90a44308a5ae,missing_final_score_for_context,review,"The athlete/event exists, but not this apparatus/context.",MAG D,884,Austrian Championships,2019,Askhab Matiev,AUT,MAG,junior,VT,2,,individual,final,1.6,True,0,,,,,,,,,,,,,,,,,,,,[]
orphan_6f9d5366691ba184,possible_context_mismatch,review,"Possible format, round, or day mismatch.",MAG D,886,Austrian Championships,2019,Askhab Matiev,AUT,MAG,junior,VT,1,,apparatus,final,4.0,True,1,suggestion_545fc9ca899f50a6,context_correction,0.65,"Same athlete/event/apparatus exists in the score sheet, but format, round, or day is different.",Austrian Championships,2019,Askhab Matiev,AUT,MAG,junior,VT,1,,individual,final,13.1,4.0,MAG,1034,"[{""suggestion_id"": ""suggestion_545fc9ca899f50a6"", ""suggestion_type"": ""context_correction"", ""confidence"": 0.65, ""message"": ""Same athlete/event/apparatus exists in the score sheet, but format, round, or day is different."", ""action"": ""attach_d_score_to_target_result"", ""changes"": {""format"": {""from"": ""apparatus"", ""to"": ""individual""}, ""round"": {""from"": ""final"", ""to"": ""final""}, ""day"": {""from"": null, ""to"": null}}, ""target_result"": {""event_name"": ""Austrian Championships"", ""year"": 2019, ""athlete_name"": ""Askhab Matiev"", ""country"": ""AUT"", ""discipline"": ""MAG"", ""category"": ""junior"", ""apparatus"": ""VT"", ""vt_attempt"": 1, ""day"": null, ""format"": ""individual"", ""round"": ""final"", ""score"": 13.1, ""D_score"": 4.0, ""vault_attempt_order_uncertain"": true, ""source_sheet"": ""MAG"", ""source_row"": 1034, ""target_id"": ""target_021370b3c580bae7""}}]"
orphan_2207272a6b31e7a6,missing_final_score_for_context,review,"The athlete/event exists, but not this apparatus/context.",MAG D,886,Austrian Championships,2019,Askhab Matiev,AUT,MAG,junior,VT,2,,apparatus,final,1.6,True,0,,,,,,,,,,,,,,,,,,,,[]
orphan_3201cc1b5aed81c3,possible_context_mismatch,review,"Possible format, round, or day mismatch.",MAG D,914,Nordic Junior Championships,2019,August Burvil,DEN,MAG,junior,VT,2,,individual,final,1.6,True,1,suggestion_fa48cfb7a137e8c0,context_correction,0.65,"Same athlete/event/apparatus exists in the score sheet, but format, round, or day is different.",Nordic Junior Championships,2019,August Burvil,DEN,MAG,junior,VT,2,,apparatus,final,11.032,1.6,MAG,1069,"[{""suggestion_id"": ""suggestion_fa48cfb7a137e8c0"", ""suggestion_type"": ""context_correction"", ""confidence"": 0.65, ""message"": ""Same athlete/event/apparatus exists in the score sheet, but format, round, or day is different."", ""action"": ""attach_d_score_to_target_result"", ""changes"": {""format"": {""from"": ""individual"", ""to"": ""apparatus""}, ""round"": {""from"": ""final"", ""to"": ""final""}, ""day"": {""from"": null, ""to"": null}}, ""target_result"": {""event_name"": ""Nordic Junior Championships"", ""year"": 2019, ""athlete_name"": ""August Burvil"", ""country"": ""DEN"", ""discipline"": ""MAG"", ""category"": ""junior"", ""apparatus"": ""VT"", ""vt_attempt"": 2, ""day"": null, ""format"": ""apparatus"", ""round"": ""final"", ""score"": 11.032, ""D_score"": 1.6, ""vault_attempt_order_uncertain"": true, ""source_sheet"": ""MAG"", ""source_row"": 1069, ""target_id"": ""target_3fd4b0f709010cf6""}}]"
orphan_b503891c9e559d55,possible_context_mismatch,review,"Possible format, round, or day mismatch.",MAG D,990,Stella Zakharova Cup,2019,Bastien Eloy,FRA,MAG,senior,VT,2,,individual,final,4.4,True,1,suggestion_1b0530c1c9040051,context_correction,0.65,"Same athlete/event/apparatus exists in the score sheet, but format, round, or day is different.",Stella Zakharova Cup,2019,Bastien Eloy,FRA,MAG,senior,VT,2,,apparatus,final,12.95,4.4,MAG,1156,"[{""suggestion_id"": ""suggestion_1b0530c1c9040051"", ""suggestion_type"": ""context_correction"", ""confidence"": 0.65, ""message"": ""Same athlete/event/apparatus exists in the score sheet, but format, round, or day is different."", ""action"": ""attach_d_score_to_target_result"", ""changes"": {""format"": {""from"": ""individual"", ""to"": ""apparatus""}, ""round"": {""from"": ""final"", ""to"": ""final""}, ""day"": {""from"": null, ""to"": null}}, ""target_result"": {""event_name"": ""Stella Zakharova Cup"", ""year"": 2019, ""athlete_name"": ""Bastien Eloy"", ""country"": ""FRA"", ""discipline"": ""MAG"", ""category"": ""senior"", ""apparatus"": ""VT"", ""vt_attempt"": 2, ""day"": null, ""format"": ""apparatus"", ""round"": ""final"", ""score"": 12.95, ""D_score"": 4.4, ""vault_attempt_order_uncertain"": true, ""source_sheet"": ""MAG"", ""source_row"": 1156, ""target_id"": ""target_5bb7b58885eed64d""}}]"
orphan_115ae9241d196985,possible_context_mismatch,review,"Possible format, round, or day mismatch.",MAG D,1070,Danish Championships,2019,Bogi Berg,DEN,MAG,senior,VT,2,,individual,final,3.2,True,1,suggestion_3ac36b9616b4e1bf,context_correction,0.65,"Same athlete/event/apparatus exists in the score sheet, but format, round, or day is different.",Danish Championships,2019,Bogi Berg,DEN,MAG,senior,VT,2,,apparatus,final,11.0,,MAG,1235,"[{""suggestion_id"": ""suggestion_3ac36b9616b4e1bf"", ""suggestion_type"": ""context_correction"", ""confidence"": 0.65, ""message"": ""Same athlete/event/apparatus exists in the score sheet, but format, round, or day is different."", ""action"": ""attach_d_score_to_target_result"", ""changes"": {""format"": {""from"": ""individual"", ""to"": ""apparatus""}, ""round"": {""from"": ""final"", ""to"": ""final""}, ""day"": {""from"": null, ""to"": null}}, ""target_result"": {""event_name"": ""Danish Championships"", ""year"": 2019, ""athlete_name"": ""Bogi Berg"", ""country"": ""DEN"", ""discipline"": ""MAG"", ""category"": ""senior"", ""apparatus"": ""VT"", ""vt_attempt"": 2, ""day"": null, ""format"": ""apparatus"", ""round"": ""final"", ""score"": 11.0, ""D_score"": null, ""vault_attempt_order_uncertain"": true, ""source_sheet"": ""MAG"", ""source_row"": 1235, ""target_id"": ""target_11eb5c2111cc9216""}}]"
orphan_01ca167f778acaa4,possible_context_mismatch,review,"Possible format, round, or day mismatch.",MAG D,1078,Mediterranean Championships,2019,Bora Tarhan,TUR,MAG,junior,VT,2,,individual,final,2.8,True,1,suggestion_40e8c18283fb0603,context_correction,0.65,"Same athlete/event/apparatus exists in the score sheet, but format, round, or day is different.",Mediterranean Championships,2019,Bora Tarhan,TUR,MAG,junior,VT,2,,apparatus,final,11.934,2.8,MAG,1250,"[{""suggestion_id"": ""suggestion_40e8c18283fb0603"", ""suggestion_type"": ""context_correction"", ""confidence"": 0.65, ""message"": ""Same athlete/event/apparatus exists in the score sheet, but format, round, or day is different."", ""action"": ""attach_d_score_to_target_result"", ""changes"": {""format"": {""from"": ""individual"", ""to"": ""apparatus""}, ""round"": {""from"": ""final"", ""to"": ""final""}, ""day"": {""from"": null, ""to"": null}}, ""target_result"": {""event_name"": ""Mediterranean Championships"", ""year"": 2019, ""athlete_name"": ""Bora Tarhan"", ""country"": ""TUR"", ""discipline"": ""MAG"", ""category"": ""junior"", ""apparatus"": ""VT"", ""vt_attempt"": 2, ""day"": null, ""format"": ""apparatus"", ""round"": ""final"", ""score"": 11.934, ""D_score"": 2.8, ""vault_attempt_order_uncertain"": true, ""source_sheet"": ""MAG"", ""source_row"": 1250, ""target_id"": ""target_b8e5d7a77bea57a1""}}]"
orphan_69a8e44d3f9be13e,possible_context_mismatch,review,"Possible format, round, or day mismatch.",MAG D,1255,Italian Championships,2019,Carlo Magliocchetti,ITA,MAG,senior,VT,2,,individual,final,4.2,True,1,suggestion_ea50f014b3f33acf,context_correction,0.65,"Same athlete/event/apparatus exists in the score sheet, but format, round, or day is different.",Italian Championships,2019,Carlo Magliocchetti,ITA,MAG,senior,VT,2,,apparatus,final,13.55,4.2,MAG,1435,"[{""suggestion_id"": ""suggestion_ea50f014b3f33acf"", ""suggestion_type"": ""context_correction"", ""confidence"": 0.65, ""message"": ""Same athlete/event/apparatus exists in the score sheet, but format, round, or day is different."", ""action"": ""attach_d_score_to_target_result"", ""changes"": {""format"": {""from"": ""individual"", ""to"": ""apparatus""}, ""round"": {""from"": ""final"", ""to"": ""final""}, ""day"": {""from"": null, ""to"": null}}, ""target_result"": {""event_name"": ""Italian Championships"", ""year"": 2019, ""athlete_name"": ""Carlo Magliocchetti"", ""country"": ""ITA"", ""discipline"": ""MAG"", ""category"": ""senior"", ""apparatus"": ""VT"", ""vt_attempt"": 2, ""day"": null, ""format"": ""apparatus"", ""round"": ""final"", ""score"": 13.55, ""D_score"": 4.2, ""vault_attempt_order_uncertain"": true, ""source_sheet"": ""MAG"", ""source_row"": 1435, ""target_id"": ""target_1125a0bbd5fd87a7""}}]"
orphan_92eaea860f4a6e47,possible_context_mismatch,review,"Possible format, round, or day mismatch.",MAG D,1258,Italian Championships,2019,Carlo Salsedo,ITA,MAG,senior,VT,2,,individual,final,5.2,True,1,suggestion_60309138b2b0700d,context_correction,0.65,"Same athlete/event/apparatus exists in the score sheet, but format, round, or day is different.",Italian Championships,2019,Carlo Salsedo,ITA,MAG,senior,VT,2,,apparatus,final,13.0,5.2,MAG,1438,"[{""suggestion_id"": ""suggestion_60309138b2b0700d"", ""suggestion_type"": ""context_correction"", ""confidence"": 0.65, ""message"": ""Same athlete/event/apparatus exists in the score sheet, but format, round, or day is different."", ""action"": ""attach_d_score_to_target_result"", ""changes"": {""format"": {""from"": ""individual"", ""to"": ""apparatus""}, ""round"": {""from"": ""final"", ""to"": ""final""}, ""day"": {""from"": null, ""to"": null}}, ""target_result"": {""event_name"": ""Italian Championships"", ""year"": 2019, ""athlete_name"": ""Carlo Salsedo"", ""country"": ""ITA"", ""discipline"": ""MAG"", ""category"": ""senior"", ""apparatus"": ""VT"", ""vt_attempt"": 2, ""day"": null, ""format"": ""apparatus"", ""round"": ""final"", ""score"": 13.0, ""D_score"": 5.2, ""vault_attempt_order_uncertain"": true, ""source_sheet"": ""MAG"", ""source_row"": 1438, ""target_id"": ""target_455bb851971f73e0""}}]"
orphan_810ed8e7369c4800,possible_context_mismatch,review,"Possible format, round, or day mismatch.",MAG D,1281,Elite Canada,2019,Carter Shelton,CAN,MAG,senior,VT,2,,individual,final,4.8,True,1,suggestion_7c6a33973e082671,context_correction,0.65,"Same athlete/event/apparatus exists in the score sheet, but format, round, or day is different.",Elite Canada,2019,Carter Shelton,CAN,MAG,senior,VT,2,,apparatus,final,12.6,4.8,MAG,1471,"[{""suggestion_id"": ""suggestion_7c6a33973e082671"", ""suggestion_type"": ""context_correction"", ""confidence"": 0.65, ""message"": ""Same athlete/event/apparatus exists in the score sheet, but format, round, or day is different."", ""action"": ""attach_d_score_to_target_result"", ""changes"": {""format"": {""from"": ""individual"", ""to"": ""apparatus""}, ""round"": {""from"": ""final"", ""to"": ""final""}, ""day"": {""from"": null, ""to"": null}}, ""target_result"": {""event_name"": ""Elite Canada"", ""year"": 2019, ""athlete_name"": ""Carter Shelton"", ""country"": ""CAN"", ""discipline"": ""MAG"", ""category"": ""senior"", ""apparatus"": ""VT"", ""vt_attempt"": 2, ""day"": null, ""format"": ""apparatus"", ""round"": ""final"", ""score"": 12.6, ""D_score"": 4.8, ""vault_attempt_order_uncertain"": true, ""source_sheet"": ""MAG"", ""source_row"": 1471, ""target_id"": ""target_e5c64519b17ebaca""}}]"
orphan_0e65ed869bd44d8b,possible_context_mismatch,review,"Possible format, round, or day mismatch.",MAG D,1447,Mälar Cup,2019,Christopher Soos,SWE,MAG,senior,VT,2,,individual,final,2.8,True,1,suggestion_93d07c0939ff025c,context_correction,0.65,"Same athlete/event/apparatus exists in the score sheet, but format, round, or day is different.",Mälar Cup,2019,Christopher Soos,SWE,MAG,senior,VT,2,,apparatus,final,12.465,2.8,MAG,1648,"[{""suggestion_id"": ""suggestion_93d07c0939ff025c"", ""suggestion_type"": ""context_correction"", ""confidence"": 0.65, ""message"": ""Same athlete/event/apparatus exists in the score sheet, but format, round, or day is different."", ""action"": ""attach_d_score_to_target_result"", ""changes"": {""format"": {""from"": ""individual"", ""to"": ""apparatus""}, ""round"": {""from"": ""final"", ""to"": ""final""}, ""day"": {""from"": null, ""to"": null}}, ""target_result"": {""event_name"": ""Mälar Cup"", ""year"": 2019, ""athlete_name"": ""Christopher Soos"", ""country"": ""SWE"", ""discipline"": ""MAG"", ""category"": ""senior"", ""apparatus"": ""VT"", ""vt_attempt"": 2, ""day"": null, ""format"": ""apparatus"", ""round"": ""final"", ""score"": 12.465, ""D_score"": 2.8, ""vault_attempt_order_uncertain"": true, ""source_sheet"": ""MAG"", ""source_row"": 1648, ""target_id"": ""target_ed3a4ef3c6be0101""}}]"
orphan_8b429eb5c2b72d5e,missing_final_score_for_context,review,"The athlete/event exists, but not this apparatus/context.",MAG D,1559,French Championships,2019,Cyril Tommasone,FRA,MAG,senior,FX,,,individual,final,4.6,False,0,,,,,,,,,,,,,,,,,,,,[]
orphan_67aa0ac390d9acfd,possible_context_mismatch,review,"Possible format, round, or day mismatch.",MAG D,1626,Elite Canada,2019,Damien Cachia,CAN,MAG,senior,VT,2,,individual,final,5.2,True,1,suggestion_911f957bef3bb17c,context_correction,0.65,"Same athlete/event/apparatus exists in the score sheet, but format, round, or day is different.",Elite Canada,2019,Damien Cachia,CAN,MAG,senior,VT,2,,apparatus,final,13.05,5.2,MAG,1856,"[{""suggestion_id"": ""suggestion_911f957bef3bb17c"", ""suggestion_type"": ""context_correction"", ""confidence"": 0.65, ""message"": ""Same athlete/event/apparatus exists in the score sheet, but format, round, or day is different."", ""action"": ""attach_d_score_to_target_result"", ""changes"": {""format"": {""from"": ""individual"", ""to"": ""apparatus""}, ""round"": {""from"": ""final"", ""to"": ""final""}, ""day"": {""from"": null, ""to"": null}}, ""target_result"": {""event_name"": ""Elite Canada"", ""year"": 2019, ""athlete_name"": ""Damien Cachia"", ""country"": ""CAN"", ""discipline"": ""MAG"", ""category"": ""senior"", ""apparatus"": ""VT"", ""vt_attempt"": 2, ""day"": null, ""format"": ""apparatus"", ""round"": ""final"", ""score"": 13.05, ""D_score"": 5.2, ""vault_attempt_order_uncertain"": true, ""source_sheet"": ""MAG"", ""source_row"": 1856, ""target_id"": ""target_8dbf4182ad9647d7""}}]"
orphan_0acc221343525de5,missing_final_score_for_context,review,"The athlete/event exists, but not this apparatus/context.",MAG D,1647,Mediterranean Championships,2019,Daniel Carrion,ESP,MAG,junior,VT,2,,individual,final,2.8,True,0,,,,,,,,,,,,,,,,,,,,[]
orphan_c81f38d30c87f63f,possible_context_mismatch,review,"Possible format, round, or day mismatch.",MAG D,1687,Stella Zakharova Cup,2019,Daniel Mendieta,ESP,MAG,senior,VT,2,,individual,final,3.2,True,1,suggestion_9234e176c966aa6a,context_correction,0.65,"Same athlete/event/apparatus exists in the score sheet, but format, round, or day is different.",Stella Zakharova Cup,2019,Daniel Mendieta,ESP,MAG,senior,VT,2,,apparatus,final,12.0,3.2,MAG,1925,"[{""suggestion_id"": ""suggestion_9234e176c966aa6a"", ""suggestion_type"": ""context_correction"", ""confidence"": 0.65, ""message"": ""Same athlete/event/apparatus exists in the score sheet, but format, round, or day is different."", ""action"": ""attach_d_score_to_target_result"", ""changes"": {""format"": {""from"": ""individual"", ""to"": ""apparatus""}, ""round"": {""from"": ""final"", ""to"": ""final""}, ""day"": {""from"": null, ""to"": null}}, ""target_result"": {""event_name"": ""Stella Zakharova Cup"", ""year"": 2019, ""athlete_name"": ""Daniel Mendieta"", ""country"": ""ESP"", ""discipline"": ""MAG"", ""category"": ""senior"", ""apparatus"": ""VT"", ""vt_attempt"": 2, ""day"": null, ""format"": ""apparatus"", ""round"": ""final"", ""score"": 12.0, ""D_score"": 3.2, ""vault_attempt_order_uncertain"": true, ""source_sheet"": ""MAG"", ""source_row"": 1925, ""target_id"": ""target_b53d5fa8be149f28""}}]"
orphan_5ca8f0d3fc4e7ebb,missing_final_score_for_context,review,"The athlete/event exists, but not this apparatus/context.",MAG D,1798,Austrian Championships,2019,David Bickel,AUT,MAG,junior,VT,2,,individual,final,2.4,True,0,,,,,,,,,,,,,,,,,,,,[]
orphan_fd4557e43530631a,athlete_missing_in_score_sheet,review,"The event/apparatus/context exists, but this athlete is missing in the score sheet.",MAG D,1802,Croatian Championships,2019,David Duran,CRO,MAG,junior,FX,,,individual,final,2.1,False,0,,,,,,,,,,,,,,,,,,,,[]
orphan_8a86bc1762947f9d,athlete_missing_in_score_sheet,review,"The event/apparatus/context exists, but this athlete is missing in the score sheet.",MAG D,1802,Croatian Championships,2019,David Duran,CRO,MAG,junior,HB,,,individual,final,0.6,False,0,,,,,,,,,,,,,,,,,,,,[]
orphan_47a2928f70a389a5,athlete_missing_in_score_sheet,review,"The event/apparatus/context exists, but this athlete is missing in the score sheet.",MAG D,1802,Croatian Championships,2019,David Duran,CRO,MAG,junior,PB,,,individual,final,1.7,False,0,,,,,,,,,,,,,,,,,,,,[]
orphan_f308a17402ce7b3f,athlete_missing_in_score_sheet,review,"The event/apparatus/context exists, but this athlete is missing in the score sheet.",MAG D,1802,Croatian Championships,2019,David Duran,CRO,MAG,junior,PH,,,individual,final,2.9,False,0,,,,,,,,,,,,,,,,,,,,[]
orphan_d201fc84c7d2018b,athlete_missing_in_score_sheet,review,"The event/apparatus/context exists, but this athlete is missing in the score sheet.",MAG D,1802,Croatian Championships,2019,David Duran,CRO,MAG,junior,SR,,,individual,final,2.0,False,0,,,,,,,,,,,,,,,,,,,,[]
orphan_5e7d24d27b23ab4f,athlete_missing_in_score_sheet,review,"The event/apparatus/context exists, but this athlete is missing in the score sheet.",MAG D,1802,Croatian Championships,2019,David Duran,CRO,MAG,junior,VT,1,,individual,final,1.6,True,0,,,,,,,,,,,,,,,,,,,,[]
orphan_6f04a0f3739d2c27,athlete_missing_in_score_sheet,review,"The event/apparatus/context exists, but this athlete is missing in the score sheet.",MAG D,1802,Croatian Championships,2019,David Duran,CRO,MAG,junior,VT,2,,individual,final,1.6,True,0,,,,,,,,,,,,,,,,,,,,[]
orphan_5e746e8d90a9a570,possible_context_mismatch,review,"Possible format, round, or day mismatch.",MAG D,1884,Stella Zakharova Cup,2019,Dawid Weglarz,POL,MAG,senior,VT,2,,individual,final,4.0,True,1,suggestion_f872fbc90c31362d,context_correction,0.65,"Same athlete/event/apparatus exists in the score sheet, but format, round, or day is different.",Stella Zakharova Cup,2019,Dawid Weglarz,POL,MAG,senior,VT,2,,apparatus,final,13.0,4.0,MAG,2177,"[{""suggestion_id"": ""suggestion_f872fbc90c31362d"", ""suggestion_type"": ""context_correction"", ""confidence"": 0.65, ""message"": ""Same athlete/event/apparatus exists in the score sheet, but format, round, or day is different."", ""action"": ""attach_d_score_to_target_result"", ""changes"": {""format"": {""from"": ""individual"", ""to"": ""apparatus""}, ""round"": {""from"": ""final"", ""to"": ""final""}, ""day"": {""from"": null, ""to"": null}}, ""target_result"": {""event_name"": ""Stella Zakharova Cup"", ""year"": 2019, ""athlete_name"": ""Dawid Weglarz"", ""country"": ""POL"", ""discipline"": ""MAG"", ""category"": ""senior"", ""apparatus"": ""VT"", ""vt_attempt"": 2, ""day"": null, ""format"": ""apparatus"", ""round"": ""final"", ""score"": 13.0, ""D_score"": 4.0, ""vault_attempt_order_uncertain"": true, ""source_sheet"": ""MAG"", ""source_row"": 2177, ""target_id"": ""target_11417c344dd5de92""}}]"
orphan_9683088be41e165b,possible_event_name_mismatch,review,Possible event-name mismatch between the D sheet and the score sheet.,MAG D,2083,Brazilian Championships,2019,Douglas Silva,BRA,MAG,senior,FX,,,individual,final,4.1,False,1,suggestion_cb0886ca45ab5ce0,event_name_correction,0.885,D-score event 'Brazilian Championships' may match score-sheet event 'Brazilian Event Championships'.,Brazilian Event Championships,2019,Douglas Silva,BRA,MAG,senior,FX,,,individual,final,11.4,,MAG,2417,"[{""suggestion_id"": ""suggestion_cb0886ca45ab5ce0"", ""suggestion_type"": ""event_name_correction"", ""confidence"": 0.885, ""message"": ""D-score event 'Brazilian Championships' may match score-sheet event 'Brazilian Event Championships'."", ""action"": ""attach_d_score_to_target_result"", ""changes"": {""event_name"": {""from"": ""Brazilian Championships"", ""to"": ""Brazilian Event Championships""}}, ""target_result"": {""event_name"": ""Brazilian Event Championships"", ""year"": 2019, ""athlete_name"": ""Douglas Silva"", ""country"": ""BRA"", ""discipline"": ""MAG"", ""category"": ""senior"", ""apparatus"": ""FX"", ""vt_attempt"": null, ""day"": null, ""format"": ""individual"", ""round"": ""final"", ""score"": 11.4, ""D_score"": null, ""vault_attempt_order_uncertain"": false, ""source_sheet"": ""MAG"", ""source_row"": 2417, ""target_id"": ""target_20983c1eb750e6e6""}}]"
orphan_283e8c3c1caf4280,possible_event_name_mismatch,review,Possible event-name mismatch between the D sheet and the score sheet.,MAG D,2083,Brazilian Championships,2019,Douglas Silva,BRA,MAG,senior,VT,1,,individual,final,4.8,True,1,suggestion_74d9e4aad8f7937e,event_name_correction,0.885,D-score event 'Brazilian Championships' may match score-sheet event 'Brazilian Event Championships'.,Brazilian Event Championships,2019,Douglas Silva,BRA,MAG,senior,VT,1,,individual,final,12.25,,MAG,2417,"[{""suggestion_id"": ""suggestion_74d9e4aad8f7937e"", ""suggestion_type"": ""event_name_correction"", ""confidence"": 0.885, ""message"": ""D-score event 'Brazilian Championships' may match score-sheet event 'Brazilian Event Championships'."", ""action"": ""attach_d_score_to_target_result"", ""changes"": {""event_name"": {""from"": ""Brazilian Championships"", ""to"": ""Brazilian Event Championships""}}, ""target_result"": {""event_name"": ""Brazilian Event Championships"", ""year"": 2019, ""athlete_name"": ""Douglas Silva"", ""country"": ""BRA"", ""discipline"": ""MAG"", ""category"": ""senior"", ""apparatus"": ""VT"", ""vt_attempt"": 1, ""day"": null, ""format"": ""individual"", ""round"": ""final"", ""score"": 12.25, ""D_score"": null, ""vault_attempt_order_uncertain"": true, ""source_sheet"": ""MAG"", ""source_row"": 2417, ""target_id"": ""target_ff2d1695d9e6e43a""}}]"
orphan_7e88177ccfea7b34,missing_final_score_for_context,review,"The athlete/event exists, but not this apparatus/context.",MAG D,2108,British Championships,2019,Dylan Patter,GBR,MAG,junior,PH,,,individual,final,1.4,False,0,,,,,,,,,,,,,,,,,,,,[]
orphan_fdb5cd976d2c5859,possible_context_mismatch,review,"Possible format, round, or day mismatch.",MAG D,2143,French Championships,2019,Edgar Boulet,FRA,MAG,senior,PB,,,apparatus,final,2.9,False,1,suggestion_1baa9c9780738422,context_correction,0.65,"Same athlete/event/apparatus exists in the score sheet, but format, round, or day is different.",French Championships,2019,Edgar Boulet,FRA,MAG,senior,PB,,,individual,final,12.75,4.5,MAG,2484,"[{""suggestion_id"": ""suggestion_1baa9c9780738422"", ""suggestion_type"": ""context_correction"", ""confidence"": 0.65, ""message"": ""Same athlete/event/apparatus exists in the score sheet, but format, round, or day is different."", ""action"": ""attach_d_score_to_target_result"", ""changes"": {""format"": {""from"": ""apparatus"", ""to"": ""individual""}, ""round"": {""from"": ""final"", ""to"": ""final""}, ""day"": {""from"": null, ""to"": null}}, ""target_result"": {""event_name"": ""French Championships"", ""year"": 2019, ""athlete_name"": ""Edgar Boulet"", ""country"": ""FRA"", ""discipline"": ""MAG"", ""category"": ""senior"", ""apparatus"": ""PB"", ""vt_attempt"": null, ""day"": null, ""format"": ""individual"", ""round"": ""final"", ""score"": 12.75, ""D_score"": 4.5, ""vault_attempt_order_uncertain"": false, ""source_sheet"": ""MAG"", ""source_row"": 2484, ""target_id"": ""target_027699b6af4d0f01""}}]"
orphan_a817e87e64fc2c45,athlete_missing_in_score_sheet,review,"The event/apparatus/context exists, but this athlete is missing in the score sheet.",MAG D,2162,Brazilian Championships,2019,Edson Cabral Filho,BRA,MAG,senior,PB,,,individual,final,3.9,False,0,,,,,,,,,,,,,,,,,,,,[]
orphan_e1d618ba03c8784b,athlete_missing_in_score_sheet,review,"The event/apparatus/context exists, but this athlete is missing in the score sheet.",MAG D,2162,Brazilian Championships,2019,Edson Cabral Filho,BRA,MAG,senior,VT,1,,individual,final,4.8,True,0,,,,,,,,,,,,,,,,,,,,[]
orphan_8e314c3dbae37b44,missing_final_score_for_context,review,"The athlete/event exists, but not this apparatus/context.",MAG D,2226,Austrian Championships,2019,Elias Mayer,AUT,MAG,junior,VT,2,,individual,final,2.8,True,0,,,,,,,,,,,,,,,,,,,,[]
orphan_ed014c82d63409b5,possible_context_mismatch,review,"Possible format, round, or day mismatch.",MAG D,2228,Austrian Championships,2019,Elias Mayer,AUT,MAG,junior,VT,1,,apparatus,final,4.0,True,1,suggestion_5bef34ba5cf72e45,context_correction,0.65,"Same athlete/event/apparatus exists in the score sheet, but format, round, or day is different.",Austrian Championships,2019,Elias Mayer,AUT,MAG,junior,VT,1,,individual,final,12.59,4.0,MAG,2581,"[{""suggestion_id"": ""suggestion_5bef34ba5cf72e45"", ""suggestion_type"": ""context_correction"", ""confidence"": 0.65, ""message"": ""Same athlete/event/apparatus exists in the score sheet, but format, round, or day is different."", ""action"": ""attach_d_score_to_target_result"", ""changes"": {""format"": {""from"": ""apparatus"", ""to"": ""individual""}, ""round"": {""from"": ""final"", ""to"": ""final""}, ""day"": {""from"": null, ""to"": null}}, ""target_result"": {""event_name"": ""Austrian Championships"", ""year"": 2019, ""athlete_name"": ""Elias Mayer"", ""country"": ""AUT"", ""discipline"": ""MAG"", ""category"": ""junior"", ""apparatus"": ""VT"", ""vt_attempt"": 1, ""day"": null, ""format"": ""individual"", ""round"": ""final"", ""score"": 12.59, ""D_score"": 4.0, ""vault_attempt_order_uncertain"": true, ""source_sheet"": ""MAG"", ""source_row"": 2581, ""target_id"": ""target_e8583ace7c3b35b8""}}]"
orphan_6f2924adefcb181b,missing_final_score_for_context,review,"The athlete/event exists, but not this apparatus/context.",MAG D,2228,Austrian Championships,2019,Elias Mayer,AUT,MAG,junior,VT,2,,apparatus,final,2.8,True,0,,,,,,,,,,,,,,,,,,,,[]
orphan_22ce3e60488d4fba,possible_context_mismatch,review,"Possible format, round, or day mismatch.",MAG D,2232,French Championships,2019,Elies Rosieres,FRA,MAG,junior,PB,,,apparatus,final,4.6,False,1,suggestion_457876dfe5e129e9,context_correction,0.65,"Same athlete/event/apparatus exists in the score sheet, but format, round, or day is different.",French Championships,2019,Elies Rosieres,FRA,MAG,junior,PB,,,individual,final,12.6,4.1,MAG,2586,"[{""suggestion_id"": ""suggestion_457876dfe5e129e9"", ""suggestion_type"": ""context_correction"", ""confidence"": 0.65, ""message"": ""Same athlete/event/apparatus exists in the score sheet, but format, round, or day is different."", ""action"": ""attach_d_score_to_target_result"", ""changes"": {""format"": {""from"": ""apparatus"", ""to"": ""individual""}, ""round"": {""from"": ""final"", ""to"": ""final""}, ""day"": {""from"": null, ""to"": null}}, ""target_result"": {""event_name"": ""French Championships"", ""year"": 2019, ""athlete_name"": ""Elies Rosieres"", ""country"": ""FRA"", ""discipline"": ""MAG"", ""category"": ""junior"", ""apparatus"": ""PB"", ""vt_attempt"": null, ""day"": null, ""format"": ""individual"", ""round"": ""final"", ""score"": 12.6, ""D_score"": 4.1, ""vault_attempt_order_uncertain"": false, ""source_sheet"": ""MAG"", ""source_row"": 2586, ""target_id"": ""target_79b640d75e40e547""}}]"
orphan_d942b6f71548a39c,missing_final_score_for_context,review,"The athlete/event exists, but not this apparatus/context.",MAG D,2269,Swedish Junior Men's Championships,2019,Emil Espling,SWE,MAG,junior,VT,2,,individual,final,2.4,True,0,,,,,,,,,,,,,,,,,,,,[]
orphan_48caad01d00e73aa,possible_context_mismatch,review,"Possible format, round, or day mismatch.",MAG D,2270,Mälar Cup,2019,Emil Espling,SWE,MAG,junior,VT,2,,individual,final,2.4,True,1,suggestion_414ce8897b3f7b38,context_correction,0.65,"Same athlete/event/apparatus exists in the score sheet, but format, round, or day is different.",Mälar Cup,2019,Emil Espling,SWE,MAG,junior,VT,2,,apparatus,final,11.8,2.8,MAG,2631,"[{""suggestion_id"": ""suggestion_414ce8897b3f7b38"", ""suggestion_type"": ""context_correction"", ""confidence"": 0.65, ""message"": ""Same athlete/event/apparatus exists in the score sheet, but format, round, or day is different."", ""action"": ""attach_d_score_to_target_result"", ""changes"": {""format"": {""from"": ""individual"", ""to"": ""apparatus""}, ""round"": {""from"": ""final"", ""to"": ""final""}, ""day"": {""from"": null, ""to"": null}}, ""target_result"": {""event_name"": ""Mälar Cup"", ""year"": 2019, ""athlete_name"": ""Emil Espling"", ""country"": ""SWE"", ""discipline"": ""MAG"", ""category"": ""junior"", ""apparatus"": ""VT"", ""vt_attempt"": 2, ""day"": null, ""format"": ""apparatus"", ""round"": ""final"", ""score"": 11.8, ""D_score"": 2.8, ""vault_attempt_order_uncertain"": true, ""source_sheet"": ""MAG"", ""source_row"": 2631, ""target_id"": ""target_89d3e305fd1167c4""}}]"
orphan_b1d63e8735eb35c8,possible_event_name_mismatch,review,Possible event-name mismatch between the D sheet and the score sheet.,MAG D,2352,Top 12 Series 1,2019,Erwan Lazou,FRA,MAG,senior,FX,,,individual,final,4.1,False,1,suggestion_e972a7bfa64cb9e0,event_name_correction,0.933,D-score event 'Top 12 Series 1' may match score-sheet event 'Top 12 Series 2'.,Top 12 Series 2,2019,Erwan Lazou,FRA,MAG,senior,FX,,,individual,final,12.4,4.1,MAG,2717,"[{""suggestion_id"": ""suggestion_e972a7bfa64cb9e0"", ""suggestion_type"": ""event_name_correction"", ""confidence"": 0.933, ""message"": ""D-score event 'Top 12 Series 1' may match score-sheet event 'Top 12 Series 2'."", ""action"": ""attach_d_score_to_target_result"", ""changes"": {""event_name"": {""from"": ""Top 12 Series 1"", ""to"": ""Top 12 Series 2""}}, ""target_result"": {""event_name"": ""Top 12 Series 2"", ""year"": 2019, ""athlete_name"": ""Erwan Lazou"", ""country"": ""FRA"", ""discipline"": ""MAG"", ""category"": ""senior"", ""apparatus"": ""FX"", ""vt_attempt"": null, ""day"": null, ""format"": ""individual"", ""round"": ""final"", ""score"": 12.4, ""D_score"": 4.1, ""vault_attempt_order_uncertain"": false, ""source_sheet"": ""MAG"", ""source_row"": 2717, ""target_id"": ""target_b18c5191d3cad925""}}]"
orphan_c9a6b200bd12c97c,missing_final_score_for_context,review,"The athlete/event exists, but not this apparatus/context.",MAG D,2455,Swiss Team Championships,2019,Fabio Meier,SUI,MAG,senior,PH,,,individual,final,2.2,False,0,,,,,,,,,,,,,,,,,,,,[]
orphan_835a1c0ded29bc5a,possible_event_name_mismatch,review,Possible event-name mismatch between the D sheet and the score sheet.,MAG D,2496,Brazilian Championships,2019,Felipe Bono,BRA,MAG,senior,FX,,,individual,final,2.6,False,1,suggestion_22c4d814390cb6bb,event_name_correction,0.885,D-score event 'Brazilian Championships' may match score-sheet event 'Brazilian Event Championships'.,Brazilian Event Championships,2019,Felipe Bono,BRA,MAG,senior,FX,,,individual,final,5.0,,MAG,2876,"[{""suggestion_id"": ""suggestion_22c4d814390cb6bb"", ""suggestion_type"": ""event_name_correction"", ""confidence"": 0.885, ""message"": ""D-score event 'Brazilian Championships' may match score-sheet event 'Brazilian Event Championships'."", ""action"": ""attach_d_score_to_target_result"", ""changes"": {""event_name"": {""from"": ""Brazilian Championships"", ""to"": ""Brazilian Event Championships""}}, ""target_result"": {""event_name"": ""Brazilian Event Championships"", ""year"": 2019, ""athlete_name"": ""Felipe Bono"", ""country"": ""BRA"", ""discipline"": ""MAG"", ""category"": ""senior"", ""apparatus"": ""FX"", ""vt_attempt"": null, ""day"": null, ""format"": ""individual"", ""round"": ""final"", ""score"": 5.0, ""D_score"": null, ""vault_attempt_order_uncertain"": false, ""source_sheet"": ""MAG"", ""source_row"": 2876, ""target_id"": ""target_9314328dfecae6bc""}}]"
orphan_b3594a8b90f73e5b,possible_event_name_mismatch,review,Possible event-name mismatch between the D sheet and the score sheet.,MAG D,2496,Brazilian Championships,2019,Felipe Bono,BRA,MAG,senior,HB,,,individual,final,2.7,False,1,suggestion_d6084615a3ce05b5,event_name_correction,0.885,D-score event 'Brazilian Championships' may match score-sheet event 'Brazilian Event Championships'.,Brazilian Event Championships,2019,Felipe Bono,BRA,MAG,senior,HB,,,individual,final,10.7,,MAG,2876,"[{""suggestion_id"": ""suggestion_d6084615a3ce05b5"", ""suggestion_type"": ""event_name_correction"", ""confidence"": 0.885, ""message"": ""D-score event 'Brazilian Championships' may match score-sheet event 'Brazilian Event Championships'."", ""action"": ""attach_d_score_to_target_result"", ""changes"": {""event_name"": {""from"": ""Brazilian Championships"", ""to"": ""Brazilian Event Championships""}}, ""target_result"": {""event_name"": ""Brazilian Event Championships"", ""year"": 2019, ""athlete_name"": ""Felipe Bono"", ""country"": ""BRA"", ""discipline"": ""MAG"", ""category"": ""senior"", ""apparatus"": ""HB"", ""vt_attempt"": null, ""day"": null, ""format"": ""individual"", ""round"": ""final"", ""score"": 10.7, ""D_score"": null, ""vault_attempt_order_uncertain"": false, ""source_sheet"": ""MAG"", ""source_row"": 2876, ""target_id"": ""target_aa38fb8f3d2b1a1f""}}]"
orphan_54e5d127ae829161,possible_event_name_mismatch,review,Possible event-name mismatch between the D sheet and the score sheet.,MAG D,2496,Brazilian Championships,2019,Felipe Bono,BRA,MAG,senior,PB,,,individual,final,3.5,False,1,suggestion_9248083725681403,event_name_correction,0.885,D-score event 'Brazilian Championships' may match score-sheet event 'Brazilian Event Championships'.,Brazilian Event Championships,2019,Felipe Bono,BRA,MAG,senior,PB,,,individual,final,10.7,,MAG,2876,"[{""suggestion_id"": ""suggestion_9248083725681403"", ""suggestion_type"": ""event_name_correction"", ""confidence"": 0.885, ""message"": ""D-score event 'Brazilian Championships' may match score-sheet event 'Brazilian Event Championships'."", ""action"": ""attach_d_score_to_target_result"", ""changes"": {""event_name"": {""from"": ""Brazilian Championships"", ""to"": ""Brazilian Event Championships""}}, ""target_result"": {""event_name"": ""Brazilian Event Championships"", ""year"": 2019, ""athlete_name"": ""Felipe Bono"", ""country"": ""BRA"", ""discipline"": ""MAG"", ""category"": ""senior"", ""apparatus"": ""PB"", ""vt_attempt"": null, ""day"": null, ""format"": ""individual"", ""round"": ""final"", ""score"": 10.7, ""D_score"": null, ""vault_attempt_order_uncertain"": false, ""source_sheet"": ""MAG"", ""source_row"": 2876, ""target_id"": ""target_7ce1e40ef55c5772""}}]"
orphan_96ee27b2be791f1e,possible_event_name_mismatch,review,Possible event-name mismatch between the D sheet and the score sheet.,MAG D,2496,Brazilian Championships,2019,Felipe Bono,BRA,MAG,senior,PH,,,individual,final,1.6,False,1,suggestion_26f60efcdd718a7b,event_name_correction,0.885,D-score event 'Brazilian Championships' may match score-sheet event 'Brazilian Event Championships'.,Brazilian Event Championships,2019,Felipe Bono,BRA,MAG,senior,PH,,,individual,final,2.6,,MAG,2876,"[{""suggestion_id"": ""suggestion_26f60efcdd718a7b"", ""suggestion_type"": ""event_name_correction"", ""confidence"": 0.885, ""message"": ""D-score event 'Brazilian Championships' may match score-sheet event 'Brazilian Event Championships'."", ""action"": ""attach_d_score_to_target_result"", ""changes"": {""event_name"": {""from"": ""Brazilian Championships"", ""to"": ""Brazilian Event Championships""}}, ""target_result"": {""event_name"": ""Brazilian Event Championships"", ""year"": 2019, ""athlete_name"": ""Felipe Bono"", ""country"": ""BRA"", ""discipline"": ""MAG"", ""category"": ""senior"", ""apparatus"": ""PH"", ""vt_attempt"": null, ""day"": null, ""format"": ""individual"", ""round"": ""final"", ""score"": 2.6, ""D_score"": null, ""vault_attempt_order_uncertain"": false, ""source_sheet"": ""MAG"", ""source_row"": 2876, ""target_id"": ""target_68aa7fef187901cc""}}]"
orphan_4243d615c3e5e417,possible_event_name_mismatch,review,Possible event-name mismatch between the D sheet and the score sheet.,MAG D,2496,Brazilian Championships,2019,Felipe Bono,BRA,MAG,senior,VT,1,,individual,final,4.0,True,1,suggestion_1185cc03744210e7,event_name_correction,0.885,D-score event 'Brazilian Championships' may match score-sheet event 'Brazilian Event Championships'.,Brazilian Event Championships,2019,Felipe Bono,BRA,MAG,senior,VT,1,,individual,final,12.9,,MAG,2876,"[{""suggestion_id"": ""suggestion_1185cc03744210e7"", ""suggestion_type"": ""event_name_correction"", ""confidence"": 0.885, ""message"": ""D-score event 'Brazilian Championships' may match score-sheet event 'Brazilian Event Championships'."", ""action"": ""attach_d_score_to_target_result"", ""changes"": {""event_name"": {""from"": ""Brazilian Championships"", ""to"": ""Brazilian Event Championships""}}, ""target_result"": {""event_name"": ""Brazilian Event Championships"", ""year"": 2019, ""athlete_name"": ""Felipe Bono"", ""country"": ""BRA"", ""discipline"": ""MAG"", ""category"": ""senior"", ""apparatus"": ""VT"", ""vt_attempt"": 1, ""day"": null, ""format"": ""individual"", ""round"": ""final"", ""score"": 12.9, ""D_score"": null, ""vault_attempt_order_uncertain"": true, ""source_sheet"": ""MAG"", ""source_row"": 2876, ""target_id"": ""target_56024c8267640179""}}]"
orphan_ceef17a006797a1e,possible_event_name_mismatch,review,Possible event-name mismatch between the D sheet and the score sheet.,MAG D,2498,Brazilian Championships,2019,Felipe Ferreira,BRA,MAG,senior,HB,,,apparatus,final,5.1,False,3,suggestion_b457295d57a0e45b,event_name_correction,0.885,D-score event 'Brazilian Championships' may match score-sheet event 'Brazilian Event Championships'.,Brazilian Event Championships,2019,Felipe Ferreira,BRA,MAG,senior,HB,,,apparatus,final,13.75,,MAG,2879,"[{""suggestion_id"": ""suggestion_b457295d57a0e45b"", ""suggestion_type"": ""event_name_correction"", ""confidence"": 0.885, ""message"": ""D-score event 'Brazilian Championships' may match score-sheet event 'Brazilian Event Championships'."", ""action"": ""attach_d_score_to_target_result"", ""changes"": {""event_name"": {""from"": ""Brazilian Championships"", ""to"": ""Brazilian Event Championships""}}, ""target_result"": {""event_name"": ""Brazilian Event Championships"", ""year"": 2019, ""athlete_name"": ""Felipe Ferreira"", ""country"": ""BRA"", ""discipline"": ""MAG"", ""category"": ""senior"", ""apparatus"": ""HB"", ""vt_attempt"": null, ""day"": null, ""format"": ""apparatus"", ""round"": ""final"", ""score"": 13.75, ""D_score"": null, ""vault_attempt_order_uncertain"": false, ""source_sheet"": ""MAG"", ""source_row"": 2879, ""target_id"": ""target_1d0d415ffae2033f""}}, {""suggestion_id"": ""suggestion_570d106e0ad8ea98"", ""suggestion_type"": ""context_correction"", ""confidence"": 0.65, ""message"": ""Same athlete/event/apparatus exists in the score sheet, but format, round, or day is different."", ""action"": ""attach_d_score_to_target_result"", ""changes"": {""format"": {""from"": ""apparatus"", ""to"": ""individual""}, ""round"": {""from"": ""final"", ""to"": ""final""}, ""day"": {""from"": null, ""to"": null}}, ""target_result"": {""event_name"": ""Brazilian Championships"", ""year"": 2019, ""athlete_name"": ""Felipe Ferreira"", ""country"": ""BRA"", ""discipline"": ""MAG"", ""category"": ""senior"", ""apparatus"": ""HB"", ""vt_attempt"": null, ""day"": null, ""format"": ""individual"", ""round"": ""final"", ""score"": 13.55, ""D_score"": 5.0, ""vault_attempt_order_uncertain"": false, ""source_sheet"": ""MAG"", ""source_row"": 2880, ""target_id"": ""target_c2368092e50253a3""}}, {""suggestion_id"": ""suggestion_022d7421f589f250"", ""suggestion_type"": ""context_correction"", ""confidence"": 0.65, ""message"": ""Same athlete/event/apparatus exists in the score sheet, but format, round, or day is different."", ""action"": ""attach_d_score_to_target_result"", ""changes"": {""format"": {""from"": ""apparatus"", ""to"": ""team""}, ""round"": {""from"": ""final"", ""to"": ""final""}, ""day"": {""from"": null, ""to"": null}}, ""target_result"": {""event_name"": ""Brazilian Championships"", ""year"": 2019, ""athlete_name"": ""Felipe Ferreira"", ""country"": ""BRA"", ""discipline"": ""MAG"", ""category"": ""senior"", ""apparatus"": ""HB"", ""vt_attempt"": null, ""day"": null, ""format"": ""team"", ""round"": ""final"", ""score"": 13.35, ""D_score"": null, ""vault_attempt_order_uncertain"": false, ""source_sheet"": ""MAG"", ""source_row"": 2881, ""target_id"": ""target_10cb538e896fbc3e""}}]"
orphan_f1f64eea92314cfd,possible_event_name_mismatch,review,Possible event-name mismatch between the D sheet and the score sheet.,MAG D,2498,Brazilian Championships,2019,Felipe Ferreira,BRA,MAG,senior,PB,,,apparatus,final,5.5,False,2,suggestion_0979d94b26447a8b,event_name_correction,0.885,D-score event 'Brazilian Championships' may match score-sheet event 'Brazilian Event Championships'.,Brazilian Event Championships,2019,Felipe Ferreira,BRA,MAG,senior,PB,,,apparatus,final,12.95,,MAG,2879,"[{""suggestion_id"": ""suggestion_0979d94b26447a8b"", ""suggestion_type"": ""event_name_correction"", ""confidence"": 0.885, ""message"": ""D-score event 'Brazilian Championships' may match score-sheet event 'Brazilian Event Championships'."", ""action"": ""attach_d_score_to_target_result"", ""changes"": {""event_name"": {""from"": ""Brazilian Championships"", ""to"": ""Brazilian Event Championships""}}, ""target_result"": {""event_name"": ""Brazilian Event Championships"", ""year"": 2019, ""athlete_name"": ""Felipe Ferreira"", ""country"": ""BRA"", ""discipline"": ""MAG"", ""category"": ""senior"", ""apparatus"": ""PB"", ""vt_attempt"": null, ""day"": null, ""format"": ""apparatus"", ""round"": ""final"", ""score"": 12.95, ""D_score"": null, ""vault_attempt_order_uncertain"": false, ""source_sheet"": ""MAG"", ""source_row"": 2879, ""target_id"": ""target_d792652207549b2b""}}, {""suggestion_id"": ""suggestion_5574afc3dd5db876"", ""suggestion_type"": ""context_correction"", ""confidence"": 0.65, ""message"": ""Same athlete/event/apparatus exists in the score sheet, but format, round, or day is different."", ""action"": ""attach_d_score_to_target_result"", ""changes"": {""format"": {""from"": ""apparatus"", ""to"": ""individual""}, ""round"": {""from"": ""final"", ""to"": ""final""}, ""day"": {""from"": null, ""to"": null}}, ""target_result"": {""event_name"": ""Brazilian Championships"", ""year"": 2019, ""athlete_name"": ""Felipe Ferreira"", ""country"": ""BRA"", ""discipline"": ""MAG"", ""category"": ""senior"", ""apparatus"": ""PB"", ""vt_attempt"": null, ""day"": null, ""format"": ""individual"", ""round"": ""final"", ""score"": 12.45, ""D_score"": 5.5, ""vault_attempt_order_uncertain"": false, ""source_sheet"": ""MAG"", ""source_row"": 2880, ""target_id"": ""target_2e825b232484a5ec""}}]"
orphan_1396b8f17430dcbe,possible_event_name_mismatch,review,Possible event-name mismatch between the D sheet and the score sheet.,MAG D,2498,Brazilian Championships,2019,Felipe Ferreira,BRA,MAG,senior,PH,,,apparatus,final,6.2,False,3,suggestion_f5a24d05d2e233c9,event_name_correction,0.885,D-score event 'Brazilian Championships' may match score-sheet event 'Brazilian Event Championships'.,Brazilian Event Championships,2019,Felipe Ferreira,BRA,MAG,senior,PH,,,apparatus,final,13.25,,MAG,2879,"[{""suggestion_id"": ""suggestion_f5a24d05d2e233c9"", ""suggestion_type"": ""event_name_correction"", ""confidence"": 0.885, ""message"": ""D-score event 'Brazilian Championships' may match score-sheet event 'Brazilian Event Championships'."", ""action"": ""attach_d_score_to_target_result"", ""changes"": {""event_name"": {""from"": ""Brazilian Championships"", ""to"": ""Brazilian Event Championships""}}, ""target_result"": {""event_name"": ""Brazilian Event Championships"", ""year"": 2019, ""athlete_name"": ""Felipe Ferreira"", ""country"": ""BRA"", ""discipline"": ""MAG"", ""category"": ""senior"", ""apparatus"": ""PH"", ""vt_attempt"": null, ""day"": null, ""format"": ""apparatus"", ""round"": ""final"", ""score"": 13.25, ""D_score"": null, ""vault_attempt_order_uncertain"": false, ""source_sheet"": ""MAG"", ""source_row"": 2879, ""target_id"": ""target_87682c67c40383f9""}}, {""suggestion_id"": ""suggestion_1869131bd28801e1"", ""suggestion_type"": ""context_correction"", ""confidence"": 0.65, ""message"": ""Same athlete/event/apparatus exists in the score sheet, but format, round, or day is different."", ""action"": ""attach_d_score_to_target_result"", ""changes"": {""format"": {""from"": ""apparatus"", ""to"": ""individual""}, ""round"": {""from"": ""final"", ""to"": ""final""}, ""day"": {""from"": null, ""to"": null}}, ""target_result"": {""event_name"": ""Brazilian Championships"", ""year"": 2019, ""athlete_name"": ""Felipe Ferreira"", ""country"": ""BRA"", ""discipline"": ""MAG"", ""category"": ""senior"", ""apparatus"": ""PH"", ""vt_attempt"": null, ""day"": null, ""format"": ""individual"", ""round"": ""final"", ""score"": 13.15, ""D_score"": 5.9, ""vault_attempt_order_uncertain"": false, ""source_sheet"": ""MAG"", ""source_row"": 2880, ""target_id"": ""target_9a08751d39ef198e""}}, {""suggestion_id"": ""suggestion_888ddc987e611a3f"", ""suggestion_type"": ""context_correction"", ""confidence"": 0.65, ""message"": ""Same athlete/event/apparatus exists in the score sheet, but format, round, or day is different."", ""action"": ""attach_d_score_to_target_result"", ""changes"": {""format"": {""from"": ""apparatus"", ""to"": ""team""}, ""round"": {""from"": ""final"", ""to"": ""final""}, ""day"": {""from"": null, ""to"": null}}, ""target_result"": {""event_name"": ""Brazilian Championships"", ""year"": 2019, ""athlete_name"": ""Felipe Ferreira"", ""country"": ""BRA"", ""discipline"": ""MAG"", ""category"": ""senior"", ""apparatus"": ""PH"", ""vt_attempt"": null, ""day"": null, ""format"": ""team"", ""round"": ""final"", ""score"": 11.95, ""D_score"": null, ""vault_attempt_order_uncertain"": false, ""source_sheet"": ""MAG"", ""source_row"": 2881, ""target_id"": ""target_b620f003f3f89f1b""}}]"
orphan_c76b90d5e5ca437f,possible_context_mismatch,review,"Possible format, round, or day mismatch.",MAG D,2580,Stella Zakharova Cup,2019,Filip Sasnal,POL,MAG,senior,VT,2,,individual,final,3.6,True,1,suggestion_f10a59f5f29f2bf1,context_correction,0.65,"Same athlete/event/apparatus exists in the score sheet, but format, round, or day is different.",Stella Zakharova Cup,2019,Filip Sasnal,POL,MAG,senior,VT,2,,apparatus,final,12.4,4.4,MAG,2969,"[{""suggestion_id"": ""suggestion_f10a59f5f29f2bf1"", ""suggestion_type"": ""context_correction"", ""confidence"": 0.65, ""message"": ""Same athlete/event/apparatus exists in the score sheet, but format, round, or day is different."", ""action"": ""attach_d_score_to_target_result"", ""changes"": {""format"": {""from"": ""individual"", ""to"": ""apparatus""}, ""round"": {""from"": ""final"", ""to"": ""final""}, ""day"": {""from"": null, ""to"": null}}, ""target_result"": {""event_name"": ""Stella Zakharova Cup"", ""year"": 2019, ""athlete_name"": ""Filip Sasnal"", ""country"": ""POL"", ""discipline"": ""MAG"", ""category"": ""senior"", ""apparatus"": ""VT"", ""vt_attempt"": 2, ""day"": null, ""format"": ""apparatus"", ""round"": ""final"", ""score"": 12.4, ""D_score"": 4.4, ""vault_attempt_order_uncertain"": true, ""source_sheet"": ""MAG"", ""source_row"": 2969, ""target_id"": ""target_0ddd3e0385affd57""}}]"
orphan_c18aab5dd0bd8377,possible_context_mismatch,review,"Possible format, round, or day mismatch.",MAG D,2595,Mediterranean Championships,2019,Filipe Almeida,POR,MAG,junior,VT,2,,individual,final,3.2,True,1,suggestion_3d3c3067fda52b13,context_correction,0.65,"Same athlete/event/apparatus exists in the score sheet, but format, round, or day is different.",Mediterranean Championships,2019,Filipe Almeida,POR,MAG,junior,VT,2,,apparatus,final,12.434,3.2,MAG,2987,"[{""suggestion_id"": ""suggestion_3d3c3067fda52b13"", ""suggestion_type"": ""context_correction"", ""confidence"": 0.65, ""message"": ""Same athlete/event/apparatus exists in the score sheet, but format, round, or day is different."", ""action"": ""attach_d_score_to_target_result"", ""changes"": {""format"": {""from"": ""individual"", ""to"": ""apparatus""}, ""round"": {""from"": ""final"", ""to"": ""final""}, ""day"": {""from"": null, ""to"": null}}, ""target_result"": {""event_name"": ""Mediterranean Championships"", ""year"": 2019, ""athlete_name"": ""Filipe Almeida"", ""country"": ""POR"", ""discipline"": ""MAG"", ""category"": ""junior"", ""apparatus"": ""VT"", ""vt_attempt"": 2, ""day"": null, ""format"": ""apparatus"", ""round"": ""final"", ""score"": 12.434, ""D_score"": 3.2, ""vault_attempt_order_uncertain"": true, ""source_sheet"": ""MAG"", ""source_row"": 2987, ""target_id"": ""target_86689049795da585""}}]"
orphan_c28b998168521aa9,possible_event_name_mismatch,review,Possible event-name mismatch between the D sheet and the score sheet.,MAG D,2664,Brazilian Championships,2019,Francisco Barretto,BRA,MAG,senior,PH,,,apparatus,final,6.1,False,3,suggestion_9ce36737f6ee3442,event_name_correction,0.885,D-score event 'Brazilian Championships' may match score-sheet event 'Brazilian Event Championships'.,Brazilian Event Championships,2019,Francisco Barretto,BRA,MAG,senior,PH,,,apparatus,final,14.15,,MAG,3056,"[{""suggestion_id"": ""suggestion_9ce36737f6ee3442"", ""suggestion_type"": ""event_name_correction"", ""confidence"": 0.885, ""message"": ""D-score event 'Brazilian Championships' may match score-sheet event 'Brazilian Event Championships'."", ""action"": ""attach_d_score_to_target_result"", ""changes"": {""event_name"": {""from"": ""Brazilian Championships"", ""to"": ""Brazilian Event Championships""}}, ""target_result"": {""event_name"": ""Brazilian Event Championships"", ""year"": 2019, ""athlete_name"": ""Francisco Barretto"", ""country"": ""BRA"", ""discipline"": ""MAG"", ""category"": ""senior"", ""apparatus"": ""PH"", ""vt_attempt"": null, ""day"": null, ""format"": ""apparatus"", ""round"": ""final"", ""score"": 14.15, ""D_score"": null, ""vault_attempt_order_uncertain"": false, ""source_sheet"": ""MAG"", ""source_row"": 3056, ""target_id"": ""target_ee1e9bbcb376e8d0""}}, {""suggestion_id"": ""suggestion_f025553425d7a1d2"", ""suggestion_type"": ""context_correction"", ""confidence"": 0.65, ""message"": ""Same athlete/event/apparatus exists in the score sheet, but format, round, or day is different."", ""action"": ""attach_d_score_to_target_result"", ""changes"": {""format"": {""from"": ""apparatus"", ""to"": ""individual""}, ""round"": {""from"": ""final"", ""to"": ""final""}, ""day"": {""from"": null, ""to"": null}}, ""target_result"": {""event_name"": ""Brazilian Championships"", ""year"": 2019, ""athlete_name"": ""Francisco Barretto"", ""country"": ""BRA"", ""discipline"": ""MAG"", ""category"": ""senior"", ""apparatus"": ""PH"", ""vt_attempt"": null, ""day"": null, ""format"": ""individual"", ""round"": ""final"", ""score"": 13.7, ""D_score"": 6.1, ""vault_attempt_order_uncertain"": false, ""source_sheet"": ""MAG"", ""source_row"": 3048, ""target_id"": ""target_47dbf91d10831872""}}, {""suggestion_id"": ""suggestion_558c49a7c2a21f5d"", ""suggestion_type"": ""context_correction"", ""confidence"": 0.65, ""message"": ""Same athlete/event/apparatus exists in the score sheet, but format, round, or day is different."", ""action"": ""attach_d_score_to_target_result"", ""changes"": {""format"": {""from"": ""apparatus"", ""to"": ""team""}, ""round"": {""from"": ""final"", ""to"": ""final""}, ""day"": {""from"": null, ""to"": null}}, ""target_result"": {""event_name"": ""Brazilian Championships"", ""year"": 2019, ""athlete_name"": ""Francisco Barretto"", ""country"": ""BRA"", ""discipline"": ""MAG"", ""category"": ""senior"", ""apparatus"": ""PH"", ""vt_attempt"": null, ""day"": null, ""format"": ""team"", ""round"": ""final"", ""score"": 14.1, ""D_score"": null, ""vault_attempt_order_uncertain"": false, ""source_sheet"": ""MAG"", ""source_row"": 3053, ""target_id"": ""target_153b557bfcb79015""}}]"
orphan_53da3ce2f0c99f3a,possible_event_name_mismatch,review,Possible event-name mismatch between the D sheet and the score sheet.,MAG D,2759,Brazilian Championships,2019,Gabriel Faria Barbosa,BRA,MAG,senior,FX,,,individual,final,5.4,False,1,suggestion_b17abf7203049034,event_name_correction,0.885,D-score event 'Brazilian Championships' may match score-sheet event 'Brazilian Event Championships'.,Brazilian Event Championships,2019,Gabriel Faria Barbosa,BRA,MAG,senior,FX,,,individual,final,11.8,,MAG,3171,"[{""suggestion_id"": ""suggestion_b17abf7203049034"", ""suggestion_type"": ""event_name_correction"", ""confidence"": 0.885, ""message"": ""D-score event 'Brazilian Championships' may match score-sheet event 'Brazilian Event Championships'."", ""action"": ""attach_d_score_to_target_result"", ""changes"": {""event_name"": {""from"": ""Brazilian Championships"", ""to"": ""Brazilian Event Championships""}}, ""target_result"": {""event_name"": ""Brazilian Event Championships"", ""year"": 2019, ""athlete_name"": ""Gabriel Faria Barbosa"", ""country"": ""BRA"", ""discipline"": ""MAG"", ""category"": ""senior"", ""apparatus"": ""FX"", ""vt_attempt"": null, ""day"": null, ""format"": ""individual"", ""round"": ""final"", ""score"": 11.8, ""D_score"": null, ""vault_attempt_order_uncertain"": false, ""source_sheet"": ""MAG"", ""source_row"": 3171, ""target_id"": ""target_9c424d725890bc8c""}}]"
orphan_4db8f7aee9f6d8c7,possible_event_name_mismatch,review,Possible event-name mismatch between the D sheet and the score sheet.,MAG D,2759,Brazilian Championships,2019,Gabriel Faria Barbosa,BRA,MAG,senior,HB,,,individual,final,4.5,False,1,suggestion_a5722d422e533aa1,event_name_correction,0.885,D-score event 'Brazilian Championships' may match score-sheet event 'Brazilian Event Championships'.,Brazilian Event Championships,2019,Gabriel Faria Barbosa,BRA,MAG,senior,HB,,,individual,final,11.7,,MAG,3171,"[{""suggestion_id"": ""suggestion_a5722d422e533aa1"", ""suggestion_type"": ""event_name_correction"", ""confidence"": 0.885, ""message"": ""D-score event 'Brazilian Championships' may match score-sheet event 'Brazilian Event Championships'."", ""action"": ""attach_d_score_to_target_result"", ""changes"": {""event_name"": {""from"": ""Brazilian Championships"", ""to"": ""Brazilian Event Championships""}}, ""target_result"": {""event_name"": ""Brazilian Event Championships"", ""year"": 2019, ""athlete_name"": ""Gabriel Faria Barbosa"", ""country"": ""BRA"", ""discipline"": ""MAG"", ""category"": ""senior"", ""apparatus"": ""HB"", ""vt_attempt"": null, ""day"": null, ""format"": ""individual"", ""round"": ""final"", ""score"": 11.7, ""D_score"": null, ""vault_attempt_order_uncertain"": false, ""source_sheet"": ""MAG"", ""source_row"": 3171, ""target_id"": ""target_b926a1fc7d0d76c4""}}]"
orphan_d60690545c8a1320,possible_event_name_mismatch,review,Possible event-name mismatch between the D sheet and the score sheet.,MAG D,2759,Brazilian Championships,2019,Gabriel Faria Barbosa,BRA,MAG,senior,PB,,,individual,final,5.2,False,1,suggestion_e5358203612d52f0,event_name_correction,0.885,D-score event 'Brazilian Championships' may match score-sheet event 'Brazilian Event Championships'.,Brazilian Event Championships,2019,Gabriel Faria Barbosa,BRA,MAG,senior,PB,,,individual,final,12.45,,MAG,3171,"[{""suggestion_id"": ""suggestion_e5358203612d52f0"", ""suggestion_type"": ""event_name_correction"", ""confidence"": 0.885, ""message"": ""D-score event 'Brazilian Championships' may match score-sheet event 'Brazilian Event Championships'."", ""action"": ""attach_d_score_to_target_result"", ""changes"": {""event_name"": {""from"": ""Brazilian Championships"", ""to"": ""Brazilian Event Championships""}}, ""target_result"": {""event_name"": ""Brazilian Event Championships"", ""year"": 2019, ""athlete_name"": ""Gabriel Faria Barbosa"", ""country"": ""BRA"", ""discipline"": ""MAG"", ""category"": ""senior"", ""apparatus"": ""PB"", ""vt_attempt"": null, ""day"": null, ""format"": ""individual"", ""round"": ""final"", ""score"": 12.45, ""D_score"": null, ""vault_attempt_order_uncertain"": false, ""source_sheet"": ""MAG"", ""source_row"": 3171, ""target_id"": ""target_2dbac15f73f763c3""}}]"
orphan_7838a9e39f000ff1,possible_event_name_mismatch,review,Possible event-name mismatch between the D sheet and the score sheet.,MAG D,2759,Brazilian Championships,2019,Gabriel Faria Barbosa,BRA,MAG,senior,PH,,,individual,final,5.6,False,1,suggestion_a47a4dd7de8b570a,event_name_correction,0.885,D-score event 'Brazilian Championships' may match score-sheet event 'Brazilian Event Championships'.,Brazilian Event Championships,2019,Gabriel Faria Barbosa,BRA,MAG,senior,PH,,,individual,final,12.6,,MAG,3171,"[{""suggestion_id"": ""suggestion_a47a4dd7de8b570a"", ""suggestion_type"": ""event_name_correction"", ""confidence"": 0.885, ""message"": ""D-score event 'Brazilian Championships' may match score-sheet event 'Brazilian Event Championships'."", ""action"": ""attach_d_score_to_target_result"", ""changes"": {""event_name"": {""from"": ""Brazilian Championships"", ""to"": ""Brazilian Event Championships""}}, ""target_result"": {""event_name"": ""Brazilian Event Championships"", ""year"": 2019, ""athlete_name"": ""Gabriel Faria Barbosa"", ""country"": ""BRA"", ""discipline"": ""MAG"", ""category"": ""senior"", ""apparatus"": ""PH"", ""vt_attempt"": null, ""day"": null, ""format"": ""individual"", ""round"": ""final"", ""score"": 12.6, ""D_score"": null, ""vault_attempt_order_uncertain"": false, ""source_sheet"": ""MAG"", ""source_row"": 3171, ""target_id"": ""target_3356fb8aa71e01e0""}}]"
orphan_b176b6f5b8d2c428,possible_event_name_mismatch,review,Possible event-name mismatch between the D sheet and the score sheet.,MAG D,2759,Brazilian Championships,2019,Gabriel Faria Barbosa,BRA,MAG,senior,SR,,,individual,final,5.0,False,1,suggestion_2ea349816f41fc74,event_name_correction,0.885,D-score event 'Brazilian Championships' may match score-sheet event 'Brazilian Event Championships'.,Brazilian Event Championships,2019,Gabriel Faria Barbosa,BRA,MAG,senior,SR,,,individual,final,12.45,,MAG,3171,"[{""suggestion_id"": ""suggestion_2ea349816f41fc74"", ""suggestion_type"": ""event_name_correction"", ""confidence"": 0.885, ""message"": ""D-score event 'Brazilian Championships' may match score-sheet event 'Brazilian Event Championships'."", ""action"": ""attach_d_score_to_target_result"", ""changes"": {""event_name"": {""from"": ""Brazilian Championships"", ""to"": ""Brazilian Event Championships""}}, ""target_result"": {""event_name"": ""Brazilian Event Championships"", ""year"": 2019, ""athlete_name"": ""Gabriel Faria Barbosa"", ""country"": ""BRA"", ""discipline"": ""MAG"", ""category"": ""senior"", ""apparatus"": ""SR"", ""vt_attempt"": null, ""day"": null, ""format"": ""individual"", ""round"": ""final"", ""score"": 12.45, ""D_score"": null, ""vault_attempt_order_uncertain"": false, ""source_sheet"": ""MAG"", ""source_row"": 3171, ""target_id"": ""target_38583564141e4a0d""}}]"
orphan_f3c69818a9487d4d,possible_event_name_mismatch,review,Possible event-name mismatch between the D sheet and the score sheet.,MAG D,2759,Brazilian Championships,2019,Gabriel Faria Barbosa,BRA,MAG,senior,VT,1,,individual,final,5.2,True,1,suggestion_ccd28b8a33a2deec,event_name_correction,0.885,D-score event 'Brazilian Championships' may match score-sheet event 'Brazilian Event Championships'.,Brazilian Event Championships,2019,Gabriel Faria Barbosa,BRA,MAG,senior,VT,1,,individual,final,12.2,,MAG,3171,"[{""suggestion_id"": ""suggestion_ccd28b8a33a2deec"", ""suggestion_type"": ""event_name_correction"", ""confidence"": 0.885, ""message"": ""D-score event 'Brazilian Championships' may match score-sheet event 'Brazilian Event Championships'."", ""action"": ""attach_d_score_to_target_result"", ""changes"": {""event_name"": {""from"": ""Brazilian Championships"", ""to"": ""Brazilian Event Championships""}}, ""target_result"": {""event_name"": ""Brazilian Event Championships"", ""year"": 2019, ""athlete_name"": ""Gabriel Faria Barbosa"", ""country"": ""BRA"", ""discipline"": ""MAG"", ""category"": ""senior"", ""apparatus"": ""VT"", ""vt_attempt"": 1, ""day"": null, ""format"": ""individual"", ""round"": ""final"", ""score"": 12.2, ""D_score"": null, ""vault_attempt_order_uncertain"": true, ""source_sheet"": ""MAG"", ""source_row"": 3171, ""target_id"": ""target_9d627255b14ae82a""}}]"
orphan_394ba66c7277eed4,possible_event_name_mismatch,review,Possible event-name mismatch between the D sheet and the score sheet.,MAG D,2760,Brazilian Championships,2019,Gabriel Faria Barbosa,BRA,MAG,senior,PH,,,apparatus,final,5.7,False,1,suggestion_db305422c7731aa3,event_name_correction,0.885,D-score event 'Brazilian Championships' may match score-sheet event 'Brazilian Event Championships'.,Brazilian Event Championships,2019,Gabriel Faria Barbosa,BRA,MAG,senior,PH,,,apparatus,final,13.55,,MAG,3172,"[{""suggestion_id"": ""suggestion_db305422c7731aa3"", ""suggestion_type"": ""event_name_correction"", ""confidence"": 0.885, ""message"": ""D-score event 'Brazilian Championships' may match score-sheet event 'Brazilian Event Championships'."", ""action"": ""attach_d_score_to_target_result"", ""changes"": {""event_name"": {""from"": ""Brazilian Championships"", ""to"": ""Brazilian Event Championships""}}, ""target_result"": {""event_name"": ""Brazilian Event Championships"", ""year"": 2019, ""athlete_name"": ""Gabriel Faria Barbosa"", ""country"": ""BRA"", ""discipline"": ""MAG"", ""category"": ""senior"", ""apparatus"": ""PH"", ""vt_attempt"": null, ""day"": null, ""format"": ""apparatus"", ""round"": ""final"", ""score"": 13.55, ""D_score"": null, ""vault_attempt_order_uncertain"": false, ""source_sheet"": ""MAG"", ""source_row"": 3172, ""target_id"": ""target_a8e3b4a97806e2d1""}}]"
orphan_3085e794b4c1afe0,possible_event_name_mismatch,review,Possible event-name mismatch between the D sheet and the score sheet.,MAG D,2769,Brazilian Championships,2019,Gabriel Silva,BRA,MAG,senior,HB,,,individual,final,3.8,False,1,suggestion_f1c2af3baa3998ff,event_name_correction,0.885,D-score event 'Brazilian Championships' may match score-sheet event 'Brazilian Event Championships'.,Brazilian Event Championships,2019,Gabriel Silva,BRA,MAG,senior,HB,,,individual,final,10.2,,MAG,3181,"[{""suggestion_id"": ""suggestion_f1c2af3baa3998ff"", ""suggestion_type"": ""event_name_correction"", ""confidence"": 0.885, ""message"": ""D-score event 'Brazilian Championships' may match score-sheet event 'Brazilian Event Championships'."", ""action"": ""attach_d_score_to_target_result"", ""changes"": {""event_name"": {""from"": ""Brazilian Championships"", ""to"": ""Brazilian Event Championships""}}, ""target_result"": {""event_name"": ""Brazilian Event Championships"", ""year"": 2019, ""athlete_name"": ""Gabriel Silva"", ""country"": ""BRA"", ""discipline"": ""MAG"", ""category"": ""senior"", ""apparatus"": ""HB"", ""vt_attempt"": null, ""day"": null, ""format"": ""individual"", ""round"": ""final"", ""score"": 10.2, ""D_score"": null, ""vault_attempt_order_uncertain"": false, ""source_sheet"": ""MAG"", ""source_row"": 3181, ""target_id"": ""target_8139da5ecf999471""}}]"
orphan_656ba2d7aaa79ff9,possible_event_name_mismatch,review,Possible event-name mismatch between the D sheet and the score sheet.,MAG D,2770,Brazilian Championships,2019,Gabriel Silva,BRA,MAG,senior,SR,,,apparatus,final,4.7,False,2,suggestion_d476a99abd7537f7,event_name_correction,0.885,D-score event 'Brazilian Championships' may match score-sheet event 'Brazilian Event Championships'.,Brazilian Event Championships,2019,Gabriel Silva,BRA,MAG,senior,SR,,,apparatus,final,12.45,,MAG,3183,"[{""suggestion_id"": ""suggestion_d476a99abd7537f7"", ""suggestion_type"": ""event_name_correction"", ""confidence"": 0.885, ""message"": ""D-score event 'Brazilian Championships' may match score-sheet event 'Brazilian Event Championships'."", ""action"": ""attach_d_score_to_target_result"", ""changes"": {""event_name"": {""from"": ""Brazilian Championships"", ""to"": ""Brazilian Event Championships""}}, ""target_result"": {""event_name"": ""Brazilian Event Championships"", ""year"": 2019, ""athlete_name"": ""Gabriel Silva"", ""country"": ""BRA"", ""discipline"": ""MAG"", ""category"": ""senior"", ""apparatus"": ""SR"", ""vt_attempt"": null, ""day"": null, ""format"": ""apparatus"", ""round"": ""final"", ""score"": 12.45, ""D_score"": null, ""vault_attempt_order_uncertain"": false, ""source_sheet"": ""MAG"", ""source_row"": 3183, ""target_id"": ""target_5a90545cb3404d8e""}}, {""suggestion_id"": ""suggestion_69d4833b29903207"", ""suggestion_type"": ""context_correction"", ""confidence"": 0.65, ""message"": ""Same athlete/event/apparatus exists in the score sheet, but format, round, or day is different."", ""action"": ""attach_d_score_to_target_result"", ""changes"": {""format"": {""from"": ""apparatus"", ""to"": ""individual""}, ""round"": {""from"": ""final"", ""to"": ""final""}, ""day"": {""from"": null, ""to"": null}}, ""target_result"": {""event_name"": ""Brazilian Championships"", ""year"": 2019, ""athlete_name"": ""Gabriel Silva"", ""country"": ""BRA"", ""discipline"": ""MAG"", ""category"": ""senior"", ""apparatus"": ""SR"", ""vt_attempt"": null, ""day"": null, ""format"": ""individual"", ""round"": ""final"", ""score"": 10.95, ""D_score"": 4.8, ""vault_attempt_order_uncertain"": false, ""source_sheet"": ""MAG"", ""source_row"": 3182, ""target_id"": ""target_b1906aacc13c3bbd""}}]"
orphan_9cc8e902400feb9c,athlete_missing_in_score_sheet,review,"The event/apparatus/context exists, but this athlete is missing in the score sheet.",MAG D,2797,Liukin Invitational,2019,Garrett Braunton,USA,MAG,senior,FX,,,individual,final,4.8,False,0,,,,,,,,,,,,,,,,,,,,[]
orphan_bf78146da921d4da,athlete_missing_in_score_sheet,review,"The event/apparatus/context exists, but this athlete is missing in the score sheet.",MAG D,2797,Liukin Invitational,2019,Garrett Braunton,USA,MAG,senior,HB,,,individual,final,4.7,False,0,,,,,,,,,,,,,,,,,,,,[]
orphan_acda0d9d4957b6fb,athlete_missing_in_score_sheet,review,"The event/apparatus/context exists, but this athlete is missing in the score sheet.",MAG D,2797,Liukin Invitational,2019,Garrett Braunton,USA,MAG,senior,PB,,,individual,final,4.7,False,0,,,,,,,,,,,,,,,,,,,,[]
orphan_4dc2faf6858436dc,athlete_missing_in_score_sheet,review,"The event/apparatus/context exists, but this athlete is missing in the score sheet.",MAG D,2797,Liukin Invitational,2019,Garrett Braunton,USA,MAG,senior,PH,,,individual,final,4.1,False,0,,,,,,,,,,,,,,,,,,,,[]
orphan_0ed3b0f723b24ba0,athlete_missing_in_score_sheet,review,"The event/apparatus/context exists, but this athlete is missing in the score sheet.",MAG D,2797,Liukin Invitational,2019,Garrett Braunton,USA,MAG,senior,SR,,,individual,final,5.0,False,0,,,,,,,,,,,,,,,,,,,,[]
orphan_7f344da6e6def3d6,athlete_missing_in_score_sheet,review,"The event/apparatus/context exists, but this athlete is missing in the score sheet.",MAG D,2797,Liukin Invitational,2019,Garrett Braunton,USA,MAG,senior,VT,1,,individual,final,4.8,True,0,,,,,,,,,,,,,,,,,,,,[]
orphan_1ccfcce31098e5e6,possible_event_name_mismatch,review,Possible event-name mismatch between the D sheet and the score sheet.,MAG D,2888,Brazilian Championships,2019,Glauco Garrido,BRA,MAG,senior,FX,,,individual,final,5.5,False,1,suggestion_f777867f7e111475,event_name_correction,0.885,D-score event 'Brazilian Championships' may match score-sheet event 'Brazilian Event Championships'.,Brazilian Event Championships,2019,Glauco Garrido,BRA,MAG,senior,FX,,,individual,final,12.75,,MAG,3309,"[{""suggestion_id"": ""suggestion_f777867f7e111475"", ""suggestion_type"": ""event_name_correction"", ""confidence"": 0.885, ""message"": ""D-score event 'Brazilian Championships' may match score-sheet event 'Brazilian Event Championships'."", ""action"": ""attach_d_score_to_target_result"", ""changes"": {""event_name"": {""from"": ""Brazilian Championships"", ""to"": ""Brazilian Event Championships""}}, ""target_result"": {""event_name"": ""Brazilian Event Championships"", ""year"": 2019, ""athlete_name"": ""Glauco Garrido"", ""country"": ""BRA"", ""discipline"": ""MAG"", ""category"": ""senior"", ""apparatus"": ""FX"", ""vt_attempt"": null, ""day"": null, ""format"": ""individual"", ""round"": ""final"", ""score"": 12.75, ""D_score"": null, ""vault_attempt_order_uncertain"": false, ""source_sheet"": ""MAG"", ""source_row"": 3309, ""target_id"": ""target_97b91a0050930a22""}}]"
orphan_7b672ec47c9806e2,possible_event_name_mismatch,review,Possible event-name mismatch between the D sheet and the score sheet.,MAG D,2888,Brazilian Championships,2019,Glauco Garrido,BRA,MAG,senior,VT,1,,individual,final,4.8,True,1,suggestion_ac65411bcfe051d6,event_name_correction,0.885,D-score event 'Brazilian Championships' may match score-sheet event 'Brazilian Event Championships'.,Brazilian Event Championships,2019,Glauco Garrido,BRA,MAG,senior,VT,1,,individual,final,13.75,,MAG,3309,"[{""suggestion_id"": ""suggestion_ac65411bcfe051d6"", ""suggestion_type"": ""event_name_correction"", ""confidence"": 0.885, ""message"": ""D-score event 'Brazilian Championships' may match score-sheet event 'Brazilian Event Championships'."", ""action"": ""attach_d_score_to_target_result"", ""changes"": {""event_name"": {""from"": ""Brazilian Championships"", ""to"": ""Brazilian Event Championships""}}, ""target_result"": {""event_name"": ""Brazilian Event Championships"", ""year"": 2019, ""athlete_name"": ""Glauco Garrido"", ""country"": ""BRA"", ""discipline"": ""MAG"", ""category"": ""senior"", ""apparatus"": ""VT"", ""vt_attempt"": 1, ""day"": null, ""format"": ""individual"", ""round"": ""final"", ""score"": 13.75, ""D_score"": null, ""vault_attempt_order_uncertain"": true, ""source_sheet"": ""MAG"", ""source_row"": 3309, ""target_id"": ""target_b85417a4d5aab13d""}}]"
orphan_62f342e528db309c,possible_event_name_mismatch,review,Possible event-name mismatch between the D sheet and the score sheet.,MAG D,2941,Brazilian Championships,2019,Guilherme de Paula,BRA,MAG,senior,FX,,,individual,final,3.8,False,1,suggestion_9ee421c765dc92e5,event_name_correction,0.885,D-score event 'Brazilian Championships' may match score-sheet event 'Brazilian Event Championships'.,Brazilian Event Championships,2019,Guilherme de Paula,BRA,MAG,senior,FX,,,individual,final,10.95,,MAG,3374,"[{""suggestion_id"": ""suggestion_9ee421c765dc92e5"", ""suggestion_type"": ""event_name_correction"", ""confidence"": 0.885, ""message"": ""D-score event 'Brazilian Championships' may match score-sheet event 'Brazilian Event Championships'."", ""action"": ""attach_d_score_to_target_result"", ""changes"": {""event_name"": {""from"": ""Brazilian Championships"", ""to"": ""Brazilian Event Championships""}}, ""target_result"": {""event_name"": ""Brazilian Event Championships"", ""year"": 2019, ""athlete_name"": ""Guilherme de Paula"", ""country"": ""BRA"", ""discipline"": ""MAG"", ""category"": ""senior"", ""apparatus"": ""FX"", ""vt_attempt"": null, ""day"": null, ""format"": ""individual"", ""round"": ""final"", ""score"": 10.95, ""D_score"": null, ""vault_attempt_order_uncertain"": false, ""source_sheet"": ""MAG"", ""source_row"": 3374, ""target_id"": ""target_f2013574a4b62db4""}}]"
orphan_35e76060cca2e59a,possible_event_name_mismatch,review,Possible event-name mismatch between the D sheet and the score sheet.,MAG D,2941,Brazilian Championships,2019,Guilherme de Paula,BRA,MAG,senior,HB,,,individual,final,2.9,False,1,suggestion_15140f7908ea26f7,event_name_correction,0.885,D-score event 'Brazilian Championships' may match score-sheet event 'Brazilian Event Championships'.,Brazilian Event Championships,2019,Guilherme de Paula,BRA,MAG,senior,HB,,,individual,final,9.8,,MAG,3374,"[{""suggestion_id"": ""suggestion_15140f7908ea26f7"", ""suggestion_type"": ""event_name_correction"", ""confidence"": 0.885, ""message"": ""D-score event 'Brazilian Championships' may match score-sheet event 'Brazilian Event Championships'."", ""action"": ""attach_d_score_to_target_result"", ""changes"": {""event_name"": {""from"": ""Brazilian Championships"", ""to"": ""Brazilian Event Championships""}}, ""target_result"": {""event_name"": ""Brazilian Event Championships"", ""year"": 2019, ""athlete_name"": ""Guilherme de Paula"", ""country"": ""BRA"", ""discipline"": ""MAG"", ""category"": ""senior"", ""apparatus"": ""HB"", ""vt_attempt"": null, ""day"": null, ""format"": ""individual"", ""round"": ""final"", ""score"": 9.8, ""D_score"": null, ""vault_attempt_order_uncertain"": false, ""source_sheet"": ""MAG"", ""source_row"": 3374, ""target_id"": ""target_ea04d1894829205a""}}]"
orphan_b45bb6fc670a3f93,possible_event_name_mismatch,review,Possible event-name mismatch between the D sheet and the score sheet.,MAG D,2941,Brazilian Championships,2019,Guilherme de Paula,BRA,MAG,senior,PB,,,individual,final,3.4,False,1,suggestion_7d91e00a8691467b,event_name_correction,0.885,D-score event 'Brazilian Championships' may match score-sheet event 'Brazilian Event Championships'.,Brazilian Event Championships,2019,Guilherme de Paula,BRA,MAG,senior,PB,,,individual,final,11.5,,MAG,3374,"[{""suggestion_id"": ""suggestion_7d91e00a8691467b"", ""suggestion_type"": ""event_name_correction"", ""confidence"": 0.885, ""message"": ""D-score event 'Brazilian Championships' may match score-sheet event 'Brazilian Event Championships'."", ""action"": ""attach_d_score_to_target_result"", ""changes"": {""event_name"": {""from"": ""Brazilian Championships"", ""to"": ""Brazilian Event Championships""}}, ""target_result"": {""event_name"": ""Brazilian Event Championships"", ""year"": 2019, ""athlete_name"": ""Guilherme de Paula"", ""country"": ""BRA"", ""discipline"": ""MAG"", ""category"": ""senior"", ""apparatus"": ""PB"", ""vt_attempt"": null, ""day"": null, ""format"": ""individual"", ""round"": ""final"", ""score"": 11.5, ""D_score"": null, ""vault_attempt_order_uncertain"": false, ""source_sheet"": ""MAG"", ""source_row"": 3374, ""target_id"": ""target_d5a66b5601cf9207""}}]"
orphan_5d4971b4f7f2475f,possible_event_name_mismatch,review,Possible event-name mismatch between the D sheet and the score sheet.,MAG D,2941,Brazilian Championships,2019,Guilherme de Paula,BRA,MAG,senior,PH,,,individual,final,3.1,False,1,suggestion_b553c77f4b590364,event_name_correction,0.885,D-score event 'Brazilian Championships' may match score-sheet event 'Brazilian Event Championships'.,Brazilian Event Championships,2019,Guilherme de Paula,BRA,MAG,senior,PH,,,individual,final,9.6,,MAG,3374,"[{""suggestion_id"": ""suggestion_b553c77f4b590364"", ""suggestion_type"": ""event_name_correction"", ""confidence"": 0.885, ""message"": ""D-score event 'Brazilian Championships' may match score-sheet event 'Brazilian Event Championships'."", ""action"": ""attach_d_score_to_target_result"", ""changes"": {""event_name"": {""from"": ""Brazilian Championships"", ""to"": ""Brazilian Event Championships""}}, ""target_result"": {""event_name"": ""Brazilian Event Championships"", ""year"": 2019, ""athlete_name"": ""Guilherme de Paula"", ""country"": ""BRA"", ""discipline"": ""MAG"", ""category"": ""senior"", ""apparatus"": ""PH"", ""vt_attempt"": null, ""day"": null, ""format"": ""individual"", ""round"": ""final"", ""score"": 9.6, ""D_score"": null, ""vault_attempt_order_uncertain"": false, ""source_sheet"": ""MAG"", ""source_row"": 3374, ""target_id"": ""target_173033647208565f""}}]"
orphan_c2a49dd2d0d532bd,possible_event_name_mismatch,review,Possible event-name mismatch between the D sheet and the score sheet.,MAG D,2941,Brazilian Championships,2019,Guilherme de Paula,BRA,MAG,senior,SR,,,individual,final,3.6,False,1,suggestion_f121c1f4c32bb3e9,event_name_correction,0.885,D-score event 'Brazilian Championships' may match score-sheet event 'Brazilian Event Championships'.,Brazilian Event Championships,2019,Guilherme de Paula,BRA,MAG,senior,SR,,,individual,final,9.75,,MAG,3374,"[{""suggestion_id"": ""suggestion_f121c1f4c32bb3e9"", ""suggestion_type"": ""event_name_correction"", ""confidence"": 0.885, ""message"": ""D-score event 'Brazilian Championships' may match score-sheet event 'Brazilian Event Championships'."", ""action"": ""attach_d_score_to_target_result"", ""changes"": {""event_name"": {""from"": ""Brazilian Championships"", ""to"": ""Brazilian Event Championships""}}, ""target_result"": {""event_name"": ""Brazilian Event Championships"", ""year"": 2019, ""athlete_name"": ""Guilherme de Paula"", ""country"": ""BRA"", ""discipline"": ""MAG"", ""category"": ""senior"", ""apparatus"": ""SR"", ""vt_attempt"": null, ""day"": null, ""format"": ""individual"", ""round"": ""final"", ""score"": 9.75, ""D_score"": null, ""vault_attempt_order_uncertain"": false, ""source_sheet"": ""MAG"", ""source_row"": 3374, ""target_id"": ""target_94bdce86052ea2f0""}}]"
orphan_70144685d74a5381,possible_event_name_mismatch,review,Possible event-name mismatch between the D sheet and the score sheet.,MAG D,2941,Brazilian Championships,2019,Guilherme de Paula,BRA,MAG,senior,VT,1,,individual,final,4.0,True,1,suggestion_0ff4027dac38325f,event_name_correction,0.885,D-score event 'Brazilian Championships' may match score-sheet event 'Brazilian Event Championships'.,Brazilian Event Championships,2019,Guilherme de Paula,BRA,MAG,senior,VT,1,,individual,final,12.55,,MAG,3374,"[{""suggestion_id"": ""suggestion_0ff4027dac38325f"", ""suggestion_type"": ""event_name_correction"", ""confidence"": 0.885, ""message"": ""D-score event 'Brazilian Championships' may match score-sheet event 'Brazilian Event Championships'."", ""action"": ""attach_d_score_to_target_result"", ""changes"": {""event_name"": {""from"": ""Brazilian Championships"", ""to"": ""Brazilian Event Championships""}}, ""target_result"": {""event_name"": ""Brazilian Event Championships"", ""year"": 2019, ""athlete_name"": ""Guilherme de Paula"", ""country"": ""BRA"", ""discipline"": ""MAG"", ""category"": ""senior"", ""apparatus"": ""VT"", ""vt_attempt"": 1, ""day"": null, ""format"": ""individual"", ""round"": ""final"", ""score"": 12.55, ""D_score"": null, ""vault_attempt_order_uncertain"": true, ""source_sheet"": ""MAG"", ""source_row"": 3374, ""target_id"": ""target_70557335c7feaef6""}}]"
orphan_ad7c7a783f3832dd,possible_event_name_mismatch,review,Possible event-name mismatch between the D sheet and the score sheet.,MAG D,2945,Brazilian Championships,2019,Guilherme Oliveira,BRA,MAG,senior,PH,,,apparatus,final,4.8,False,2,suggestion_f5610f331350af69,event_name_correction,0.885,D-score event 'Brazilian Championships' may match score-sheet event 'Brazilian Event Championships'.,Brazilian Event Championships,2019,Guilherme Oliveira,BRA,MAG,senior,PH,,,apparatus,final,11.0,,MAG,3382,"[{""suggestion_id"": ""suggestion_f5610f331350af69"", ""suggestion_type"": ""event_name_correction"", ""confidence"": 0.885, ""message"": ""D-score event 'Brazilian Championships' may match score-sheet event 'Brazilian Event Championships'."", ""action"": ""attach_d_score_to_target_result"", ""changes"": {""event_name"": {""from"": ""Brazilian Championships"", ""to"": ""Brazilian Event Championships""}}, ""target_result"": {""event_name"": ""Brazilian Event Championships"", ""year"": 2019, ""athlete_name"": ""Guilherme Oliveira"", ""country"": ""BRA"", ""discipline"": ""MAG"", ""category"": ""senior"", ""apparatus"": ""PH"", ""vt_attempt"": null, ""day"": null, ""format"": ""apparatus"", ""round"": ""final"", ""score"": 11.0, ""D_score"": null, ""vault_attempt_order_uncertain"": false, ""source_sheet"": ""MAG"", ""source_row"": 3382, ""target_id"": ""target_7869809eaa007e50""}}, {""suggestion_id"": ""suggestion_400046f55b743542"", ""suggestion_type"": ""context_correction"", ""confidence"": 0.65, ""message"": ""Same athlete/event/apparatus exists in the score sheet, but format, round, or day is different."", ""action"": ""attach_d_score_to_target_result"", ""changes"": {""format"": {""from"": ""apparatus"", ""to"": ""individual""}, ""round"": {""from"": ""final"", ""to"": ""final""}, ""day"": {""from"": null, ""to"": null}}, ""target_result"": {""event_name"": ""Brazilian Championships"", ""year"": 2019, ""athlete_name"": ""Guilherme Oliveira"", ""country"": ""BRA"", ""discipline"": ""MAG"", ""category"": ""senior"", ""apparatus"": ""PH"", ""vt_attempt"": null, ""day"": null, ""format"": ""individual"", ""round"": ""final"", ""score"": 8.8, ""D_score"": 4.8, ""vault_attempt_order_uncertain"": false, ""source_sheet"": ""MAG"", ""source_row"": 3379, ""target_id"": ""target_1e5202726903cf88""}}]"
orphan_1c39041ed0818382,possible_context_mismatch,review,"Possible format, round, or day mismatch.",MAG D,2967,Stella Zakharova Cup,2019,Gytis Chasazyrovas,LTU,MAG,junior,VT,2,,individual,final,3.2,True,1,suggestion_d6479d7fdc90dcd9,context_correction,0.65,"Same athlete/event/apparatus exists in the score sheet, but format, round, or day is different.",Stella Zakharova Cup,2019,Gytis Chasazyrovas,LTU,MAG,junior,VT,2,,apparatus,final,12.05,3.2,MAG,3407,"[{""suggestion_id"": ""suggestion_d6479d7fdc90dcd9"", ""suggestion_type"": ""context_correction"", ""confidence"": 0.65, ""message"": ""Same athlete/event/apparatus exists in the score sheet, but format, round, or day is different."", ""action"": ""attach_d_score_to_target_result"", ""changes"": {""format"": {""from"": ""individual"", ""to"": ""apparatus""}, ""round"": {""from"": ""final"", ""to"": ""final""}, ""day"": {""from"": null, ""to"": null}}, ""target_result"": {""event_name"": ""Stella Zakharova Cup"", ""year"": 2019, ""athlete_name"": ""Gytis Chasazyrovas"", ""country"": ""LTU"", ""discipline"": ""MAG"", ""category"": ""junior"", ""apparatus"": ""VT"", ""vt_attempt"": 2, ""day"": null, ""format"": ""apparatus"", ""round"": ""final"", ""score"": 12.05, ""D_score"": 3.2, ""vault_attempt_order_uncertain"": true, ""source_sheet"": ""MAG"", ""source_row"": 3407, ""target_id"": ""target_53d476e01d765bd6""}}]"
orphan_591c92a45fc7a079,missing_final_score_for_context,review,"The athlete/event exists, but not this apparatus/context.",MAG D,3031,British Championships,2019,Harrison Langridge,GBR,MAG,junior,PH,,,individual,final,2.6,False,0,,,,,,,,,,,,,,,,,,,,[]
orphan_9bfe90144c9a2f8a,possible_context_mismatch,review,"Possible format, round, or day mismatch.",MAG D,3071,Turkish Championships,2019,Hasan Durna,TUR,MAG,junior,PH,,,apparatus,final,2.9,False,1,suggestion_211936b2ca0718b0,context_correction,0.65,"Same athlete/event/apparatus exists in the score sheet, but format, round, or day is different.",Turkish Championships,2019,Hasan Durna,TUR,MAG,junior,PH,,,individual,final,7.4,2.9,MAG,3524,"[{""suggestion_id"": ""suggestion_211936b2ca0718b0"", ""suggestion_type"": ""context_correction"", ""confidence"": 0.65, ""message"": ""Same athlete/event/apparatus exists in the score sheet, but format, round, or day is different."", ""action"": ""attach_d_score_to_target_result"", ""changes"": {""format"": {""from"": ""apparatus"", ""to"": ""individual""}, ""round"": {""from"": ""final"", ""to"": ""final""}, ""day"": {""from"": null, ""to"": null}}, ""target_result"": {""event_name"": ""Turkish Championships"", ""year"": 2019, ""athlete_name"": ""Hasan Durna"", ""country"": ""TUR"", ""discipline"": ""MAG"", ""category"": ""junior"", ""apparatus"": ""PH"", ""vt_attempt"": null, ""day"": null, ""format"": ""individual"", ""round"": ""final"", ""score"": 7.4, ""D_score"": 2.9, ""vault_attempt_order_uncertain"": false, ""source_sheet"": ""MAG"", ""source_row"": 3524, ""target_id"": ""target_ceb58e4b6ec0e112""}}]"
orphan_f005117ff1f0265c,missing_final_score_for_context,review,"The athlete/event exists, but not this apparatus/context.",MAG D,3136,Nordic Junior Championships,2019,Herman Sørensen,NOR,MAG,junior,VT,2,,individual,final,2.4,True,0,,,,,,,,,,,,,,,,,,,,[]
orphan_62a8bc4837da1c48,missing_final_score_for_context,review,"The athlete/event exists, but not this apparatus/context.",MAG D,3183,Danish Championships,2019,Hjalmar Dalsgard,DEN,MAG,senior,VT,2,,individual,final,2.2,True,0,,,,,,,,,,,,,,,,,,,,[]
orphan_1b4fe9432c90f95e,missing_final_score_for_context,review,"The athlete/event exists, but not this apparatus/context.",MAG D,3192,Mediterranean Championships,2019,Houssem Eddine Hamadouche,ALG,MAG,junior,VT,2,,individual,final,2.4,True,0,,,,,,,,,,,,,,,,,,,,[]
orphan_481ede7a7c87c76a,possible_context_mismatch,review,"Possible format, round, or day mismatch.",MAG D,3329,Mälar Cup,2019,Ilari Huovinen,FIN,MAG,junior,VT,2,,individual,final,2.4,True,1,suggestion_77fb35c05fdfb78b,context_correction,0.65,"Same athlete/event/apparatus exists in the score sheet, but format, round, or day is different.",Mälar Cup,2019,Ilari Huovinen,FIN,MAG,junior,VT,2,,apparatus,final,11.532,2.4,MAG,3836,"[{""suggestion_id"": ""suggestion_77fb35c05fdfb78b"", ""suggestion_type"": ""context_correction"", ""confidence"": 0.65, ""message"": ""Same athlete/event/apparatus exists in the score sheet, but format, round, or day is different."", ""action"": ""attach_d_score_to_target_result"", ""changes"": {""format"": {""from"": ""individual"", ""to"": ""apparatus""}, ""round"": {""from"": ""final"", ""to"": ""final""}, ""day"": {""from"": null, ""to"": null}}, ""target_result"": {""event_name"": ""Mälar Cup"", ""year"": 2019, ""athlete_name"": ""Ilari Huovinen"", ""country"": ""FIN"", ""discipline"": ""MAG"", ""category"": ""junior"", ""apparatus"": ""VT"", ""vt_attempt"": 2, ""day"": null, ""format"": ""apparatus"", ""round"": ""final"", ""score"": 11.532, ""D_score"": 2.4, ""vault_attempt_order_uncertain"": true, ""source_sheet"": ""MAG"", ""source_row"": 3836, ""target_id"": ""target_4b891342e2c187e7""}}]"
orphan_2849622658823f9f,missing_final_score_for_context,review,"The athlete/event exists, but not this apparatus/context.",MAG D,3335,Reykjavik International Games,2019,Ilia Pimanov,RUS,MAG,senior,VT,2,,individual,final,2.8,True,0,,,,,,,,,,,,,,,,,,,,[]
orphan_32698cb9fca3958b,possible_context_mismatch,review,"Possible format, round, or day mismatch.",MAG D,3357,Stella Zakharova Cup,2019,Illia Kovtun,UKR,MAG,junior,VT,2,,individual,final,5.2,True,1,suggestion_43d90ca59d9e7c16,context_correction,0.65,"Same athlete/event/apparatus exists in the score sheet, but format, round, or day is different.",Stella Zakharova Cup,2019,Illia Kovtun,UKR,MAG,junior,VT,2,,apparatus,final,13.2,4.8,MAG,3867,"[{""suggestion_id"": ""suggestion_43d90ca59d9e7c16"", ""suggestion_type"": ""context_correction"", ""confidence"": 0.65, ""message"": ""Same athlete/event/apparatus exists in the score sheet, but format, round, or day is different."", ""action"": ""attach_d_score_to_target_result"", ""changes"": {""format"": {""from"": ""individual"", ""to"": ""apparatus""}, ""round"": {""from"": ""final"", ""to"": ""final""}, ""day"": {""from"": null, ""to"": null}}, ""target_result"": {""event_name"": ""Stella Zakharova Cup"", ""year"": 2019, ""athlete_name"": ""Illia Kovtun"", ""country"": ""UKR"", ""discipline"": ""MAG"", ""category"": ""junior"", ""apparatus"": ""VT"", ""vt_attempt"": 2, ""day"": null, ""format"": ""apparatus"", ""round"": ""final"", ""score"": 13.2, ""D_score"": 4.8, ""vault_attempt_order_uncertain"": true, ""source_sheet"": ""MAG"", ""source_row"": 3867, ""target_id"": ""target_e4b469410ebe0295""}}]"
orphan_efb617c310006b5a,possible_context_mismatch,review,"Possible format, round, or day mismatch.",MAG D,3382,Stella Zakharova Cup,2019,Ioane Jimsheleishvili,GEO,MAG,senior,VT,2,,individual,final,4.4,True,1,suggestion_0e1a2efe75ee4914,context_correction,0.65,"Same athlete/event/apparatus exists in the score sheet, but format, round, or day is different.",Stella Zakharova Cup,2019,Ioane Jimsheleishvili,GEO,MAG,senior,VT,2,,apparatus,final,12.95,4.4,MAG,3902,"[{""suggestion_id"": ""suggestion_0e1a2efe75ee4914"", ""suggestion_type"": ""context_correction"", ""confidence"": 0.65, ""message"": ""Same athlete/event/apparatus exists in the score sheet, but format, round, or day is different."", ""action"": ""attach_d_score_to_target_result"", ""changes"": {""format"": {""from"": ""individual"", ""to"": ""apparatus""}, ""round"": {""from"": ""final"", ""to"": ""final""}, ""day"": {""from"": null, ""to"": null}}, ""target_result"": {""event_name"": ""Stella Zakharova Cup"", ""year"": 2019, ""athlete_name"": ""Ioane Jimsheleishvili"", ""country"": ""GEO"", ""discipline"": ""MAG"", ""category"": ""senior"", ""apparatus"": ""VT"", ""vt_attempt"": 2, ""day"": null, ""format"": ""apparatus"", ""round"": ""final"", ""score"": 12.95, ""D_score"": 4.4, ""vault_attempt_order_uncertain"": true, ""source_sheet"": ""MAG"", ""source_row"": 3902, ""target_id"": ""target_a0ebfacd00c773c6""}}]"
orphan_5bf4c51f3911c4ca,athlete_missing_in_score_sheet,review,"The event/apparatus/context exists, but this athlete is missing in the score sheet.",MAG D,3519,Liukin Invitational,2019,Jack Freeman,USA,MAG,senior,FX,,,individual,final,5.1,False,0,,,,,,,,,,,,,,,,,,,,[]
orphan_7a37c387ed1becd8,athlete_missing_in_score_sheet,review,"The event/apparatus/context exists, but this athlete is missing in the score sheet.",MAG D,3519,Liukin Invitational,2019,Jack Freeman,USA,MAG,senior,HB,,,individual,final,4.8,False,0,,,,,,,,,,,,,,,,,,,,[]
orphan_d1c91e56269a6652,athlete_missing_in_score_sheet,review,"The event/apparatus/context exists, but this athlete is missing in the score sheet.",MAG D,3519,Liukin Invitational,2019,Jack Freeman,USA,MAG,senior,PB,,,individual,final,4.5,False,0,,,,,,,,,,,,,,,,,,,,[]
orphan_037d31b6a449245c,athlete_missing_in_score_sheet,review,"The event/apparatus/context exists, but this athlete is missing in the score sheet.",MAG D,3519,Liukin Invitational,2019,Jack Freeman,USA,MAG,senior,PH,,,individual,final,3.6,False,0,,,,,,,,,,,,,,,,,,,,[]
orphan_f9bd8490ebb3bc5e,athlete_missing_in_score_sheet,review,"The event/apparatus/context exists, but this athlete is missing in the score sheet.",MAG D,3519,Liukin Invitational,2019,Jack Freeman,USA,MAG,senior,SR,,,individual,final,4.5,False,0,,,,,,,,,,,,,,,,,,,,[]
orphan_8c4d0eaa547cd550,athlete_missing_in_score_sheet,review,"The event/apparatus/context exists, but this athlete is missing in the score sheet.",MAG D,3519,Liukin Invitational,2019,Jack Freeman,USA,MAG,senior,VT,1,,individual,final,4.8,True,0,,,,,,,,,,,,,,,,,,,,[]
orphan_67216ff02ec05961,possible_context_mismatch,review,"Possible format, round, or day mismatch.",MAG D,3575,Nordic Junior Championships,2019,Jacob Karlsen,NOR,MAG,junior,VT,2,,individual,final,4.0,True,1,suggestion_837a96edaf1b1d98,context_correction,0.65,"Same athlete/event/apparatus exists in the score sheet, but format, round, or day is different.",Nordic Junior Championships,2019,Jacob Karlsen,NOR,MAG,junior,VT,2,,apparatus,final,13.265,4.0,MAG,4151,"[{""suggestion_id"": ""suggestion_837a96edaf1b1d98"", ""suggestion_type"": ""context_correction"", ""confidence"": 0.65, ""message"": ""Same athlete/event/apparatus exists in the score sheet, but format, round, or day is different."", ""action"": ""attach_d_score_to_target_result"", ""changes"": {""format"": {""from"": ""individual"", ""to"": ""apparatus""}, ""round"": {""from"": ""final"", ""to"": ""final""}, ""day"": {""from"": null, ""to"": null}}, ""target_result"": {""event_name"": ""Nordic Junior Championships"", ""year"": 2019, ""athlete_name"": ""Jacob Karlsen"", ""country"": ""NOR"", ""discipline"": ""MAG"", ""category"": ""junior"", ""apparatus"": ""VT"", ""vt_attempt"": 2, ""day"": null, ""format"": ""apparatus"", ""round"": ""final"", ""score"": 13.265, ""D_score"": 4.0, ""vault_attempt_order_uncertain"": true, ""source_sheet"": ""MAG"", ""source_row"": 4151, ""target_id"": ""target_d123575da7e456ee""}}]"
orphan_684dd618db6f0cba,possible_context_mismatch,review,"Possible format, round, or day mismatch.",MAG D,3581,Nordic Junior Championships,2019,Jacob Kvamsøe,NOR,MAG,junior,VT,2,,individual,final,2.4,True,1,suggestion_ece714c41f465081,context_correction,0.65,"Same athlete/event/apparatus exists in the score sheet, but format, round, or day is different.",Nordic Junior Championships,2019,Jacob Kvamsøe,NOR,MAG,junior,VT,2,,apparatus,final,11.633,2.4,MAG,4155,"[{""suggestion_id"": ""suggestion_ece714c41f465081"", ""suggestion_type"": ""context_correction"", ""confidence"": 0.65, ""message"": ""Same athlete/event/apparatus exists in the score sheet, but format, round, or day is different."", ""action"": ""attach_d_score_to_target_result"", ""changes"": {""format"": {""from"": ""individual"", ""to"": ""apparatus""}, ""round"": {""from"": ""final"", ""to"": ""final""}, ""day"": {""from"": null, ""to"": null}}, ""target_result"": {""event_name"": ""Nordic Junior Championships"", ""year"": 2019, ""athlete_name"": ""Jacob Kvamsøe"", ""country"": ""NOR"", ""discipline"": ""MAG"", ""category"": ""junior"", ""apparatus"": ""VT"", ""vt_attempt"": 2, ""day"": null, ""format"": ""apparatus"", ""round"": ""final"", ""score"": 11.633, ""D_score"": 2.4, ""vault_attempt_order_uncertain"": true, ""source_sheet"": ""MAG"", ""source_row"": 4155, ""target_id"": ""target_2a456adf1abbe09a""}}]"
orphan_0d9da0a847d08eba,missing_final_score_for_context,review,"The athlete/event exists, but not this apparatus/context.",MAG D,3619,Reykjavik International Games,2019,Jake Duggan,IRL,MAG,junior,VT,2,,individual,final,2.4,True,0,,,,,,,,,,,,,,,,,,,,[]
orphan_fe23fcd506d73d44,athlete_missing_in_score_sheet,review,"The event/apparatus/context exists, but this athlete is missing in the score sheet.",MAG D,3630,Scottish Championships,2019,Jake Jarman,GBR,MAG,junior,PH,,,individual,final,4.8,False,0,,,,,,,,,,,,,,,,,,,,[]
orphan_c7f8df6f6741f62c,athlete_missing_in_score_sheet,review,"The event/apparatus/context exists, but this athlete is missing in the score sheet.",MAG D,3630,Scottish Championships,2019,Jake Jarman,GBR,MAG,junior,SR,,,individual,final,3.5,False,0,,,,,,,,,,,,,,,,,,,,[]
orphan_bc8fafa84f003edb,athlete_missing_in_score_sheet,review,"The event/apparatus/context exists, but this athlete is missing in the score sheet.",MAG D,3630,Scottish Championships,2019,Jake Jarman,GBR,MAG,junior,VT,1,,individual,final,5.2,True,0,,,,,,,,,,,,,,,,,,,,[]
orphan_96b66acd1cdcbfbd,possible_event_name_mismatch,review,Possible event-name mismatch between the D sheet and the score sheet.,MAG D,3799,Brazilian Championships,2019,Jedson Santos,BRA,MAG,senior,FX,,,individual,final,5.0,False,1,suggestion_834615b120837647,event_name_correction,0.885,D-score event 'Brazilian Championships' may match score-sheet event 'Brazilian Event Championships'.,Brazilian Event Championships,2019,Jedson Santos,BRA,MAG,senior,FX,,,individual,final,11.05,,MAG,4388,"[{""suggestion_id"": ""suggestion_834615b120837647"", ""suggestion_type"": ""event_name_correction"", ""confidence"": 0.885, ""message"": ""D-score event 'Brazilian Championships' may match score-sheet event 'Brazilian Event Championships'."", ""action"": ""attach_d_score_to_target_result"", ""changes"": {""event_name"": {""from"": ""Brazilian Championships"", ""to"": ""Brazilian Event Championships""}}, ""target_result"": {""event_name"": ""Brazilian Event Championships"", ""year"": 2019, ""athlete_name"": ""Jedson Santos"", ""country"": ""BRA"", ""discipline"": ""MAG"", ""category"": ""senior"", ""apparatus"": ""FX"", ""vt_attempt"": null, ""day"": null, ""format"": ""individual"", ""round"": ""final"", ""score"": 11.05, ""D_score"": null, ""vault_attempt_order_uncertain"": false, ""source_sheet"": ""MAG"", ""source_row"": 4388, ""target_id"": ""target_c605a767089bad45""}}]"
orphan_daaca51f5484102f,possible_event_name_mismatch,review,Possible event-name mismatch between the D sheet and the score sheet.,MAG D,3799,Brazilian Championships,2019,Jedson Santos,BRA,MAG,senior,HB,,,individual,final,3.0,False,1,suggestion_ff71356e0d3b242e,event_name_correction,0.885,D-score event 'Brazilian Championships' may match score-sheet event 'Brazilian Event Championships'.,Brazilian Event Championships,2019,Jedson Santos,BRA,MAG,senior,HB,,,individual,final,9.4,,MAG,4388,"[{""suggestion_id"": ""suggestion_ff71356e0d3b242e"", ""suggestion_type"": ""event_name_correction"", ""confidence"": 0.885, ""message"": ""D-score event 'Brazilian Championships' may match score-sheet event 'Brazilian Event Championships'."", ""action"": ""attach_d_score_to_target_result"", ""changes"": {""event_name"": {""from"": ""Brazilian Championships"", ""to"": ""Brazilian Event Championships""}}, ""target_result"": {""event_name"": ""Brazilian Event Championships"", ""year"": 2019, ""athlete_name"": ""Jedson Santos"", ""country"": ""BRA"", ""discipline"": ""MAG"", ""category"": ""senior"", ""apparatus"": ""HB"", ""vt_attempt"": null, ""day"": null, ""format"": ""individual"", ""round"": ""final"", ""score"": 9.4, ""D_score"": null, ""vault_attempt_order_uncertain"": false, ""source_sheet"": ""MAG"", ""source_row"": 4388, ""target_id"": ""target_9cbcb46c54e24758""}}]"
orphan_5bc45933ebeb7a52,possible_event_name_mismatch,review,Possible event-name mismatch between the D sheet and the score sheet.,MAG D,3799,Brazilian Championships,2019,Jedson Santos,BRA,MAG,senior,PB,,,individual,final,3.4,False,1,suggestion_707992fa60a0b1e2,event_name_correction,0.885,D-score event 'Brazilian Championships' may match score-sheet event 'Brazilian Event Championships'.,Brazilian Event Championships,2019,Jedson Santos,BRA,MAG,senior,PB,,,individual,final,9.9,,MAG,4388,"[{""suggestion_id"": ""suggestion_707992fa60a0b1e2"", ""suggestion_type"": ""event_name_correction"", ""confidence"": 0.885, ""message"": ""D-score event 'Brazilian Championships' may match score-sheet event 'Brazilian Event Championships'."", ""action"": ""attach_d_score_to_target_result"", ""changes"": {""event_name"": {""from"": ""Brazilian Championships"", ""to"": ""Brazilian Event Championships""}}, ""target_result"": {""event_name"": ""Brazilian Event Championships"", ""year"": 2019, ""athlete_name"": ""Jedson Santos"", ""country"": ""BRA"", ""discipline"": ""MAG"", ""category"": ""senior"", ""apparatus"": ""PB"", ""vt_attempt"": null, ""day"": null, ""format"": ""individual"", ""round"": ""final"", ""score"": 9.9, ""D_score"": null, ""vault_attempt_order_uncertain"": false, ""source_sheet"": ""MAG"", ""source_row"": 4388, ""target_id"": ""target_af2a570d4525fb02""}}]"
orphan_4556a16b6bb39b71,possible_event_name_mismatch,review,Possible event-name mismatch between the D sheet and the score sheet.,MAG D,3799,Brazilian Championships,2019,Jedson Santos,BRA,MAG,senior,VT,1,,individual,final,4.4,True,1,suggestion_44711ddf4ef129a4,event_name_correction,0.885,D-score event 'Brazilian Championships' may match score-sheet event 'Brazilian Event Championships'.,Brazilian Event Championships,2019,Jedson Santos,BRA,MAG,senior,VT,1,,individual,final,12.15,,MAG,4388,"[{""suggestion_id"": ""suggestion_44711ddf4ef129a4"", ""suggestion_type"": ""event_name_correction"", ""confidence"": 0.885, ""message"": ""D-score event 'Brazilian Championships' may match score-sheet event 'Brazilian Event Championships'."", ""action"": ""attach_d_score_to_target_result"", ""changes"": {""event_name"": {""from"": ""Brazilian Championships"", ""to"": ""Brazilian Event Championships""}}, ""target_result"": {""event_name"": ""Brazilian Event Championships"", ""year"": 2019, ""athlete_name"": ""Jedson Santos"", ""country"": ""BRA"", ""discipline"": ""MAG"", ""category"": ""senior"", ""apparatus"": ""VT"", ""vt_attempt"": 1, ""day"": null, ""format"": ""individual"", ""round"": ""final"", ""score"": 12.15, ""D_score"": null, ""vault_attempt_order_uncertain"": true, ""source_sheet"": ""MAG"", ""source_row"": 4388, ""target_id"": ""target_4e7e7b685ad28787""}}]"
orphan_fc83c051979e2b0c,possible_context_mismatch,review,"Possible format, round, or day mismatch.",MAG D,3810,Danish Championships,2019,Jeppe Johansen,DEN,MAG,senior,VT,2,,individual,final,4.0,True,1,suggestion_79fd1fbd0ed297ee,context_correction,0.65,"Same athlete/event/apparatus exists in the score sheet, but format, round, or day is different.",Danish Championships,2019,Jeppe Johansen,DEN,MAG,senior,VT,2,,apparatus,final,11.8,,MAG,4399,"[{""suggestion_id"": ""suggestion_79fd1fbd0ed297ee"", ""suggestion_type"": ""context_correction"", ""confidence"": 0.65, ""message"": ""Same athlete/event/apparatus exists in the score sheet, but format, round, or day is different."", ""action"": ""attach_d_score_to_target_result"", ""changes"": {""format"": {""from"": ""individual"", ""to"": ""apparatus""}, ""round"": {""from"": ""final"", ""to"": ""final""}, ""day"": {""from"": null, ""to"": null}}, ""target_result"": {""event_name"": ""Danish Championships"", ""year"": 2019, ""athlete_name"": ""Jeppe Johansen"", ""country"": ""DEN"", ""discipline"": ""MAG"", ""category"": ""senior"", ""apparatus"": ""VT"", ""vt_attempt"": 2, ""day"": null, ""format"": ""apparatus"", ""round"": ""final"", ""score"": 11.8, ""D_score"": null, ""vault_attempt_order_uncertain"": true, ""source_sheet"": ""MAG"", ""source_row"": 4399, ""target_id"": ""target_57ab0f15378b28d4""}}]"
orphan_71b804ace3ab6d5d,missing_final_score_for_context,review,"The athlete/event exists, but not this apparatus/context.",MAG D,3901,European Youth Olympic Festival,2019,Joan Prat Bellsola,AND,MAG,junior,PH,,,individual,qualification,1.4,False,0,,,,,,,,,,,,,,,,,,,,[]
orphan_270c8111650a78ce,missing_final_score_for_context,review,"The athlete/event exists, but not this apparatus/context.",MAG D,3902,Danish Championships,2019,Joao Fuglsig,DEN,MAG,senior,VT,2,,individual,final,4.8,True,0,,,,,,,,,,,,,,,,,,,,[]
orphan_1d1a897c66e3772e,possible_athlete_name_typo,review,Possible athlete-name typo between the D sheet and the score sheet.,MAG D,3909,Brazilian Championships,2019,João Lucas Vieira,BRA,MAG,senior,FX,,,individual,final,5.6,False,2,suggestion_c931389c797d2454,athlete_name_correction,0.941,D-score athlete 'João Lucas Vieira' probably matches score-sheet athlete 'Joao Lucas Vieira'.,Brazilian Championships,2019,Joao Lucas Vieira,BRA,MAG,senior,FX,,,individual,final,13.9,,MAG,4510,"[{""suggestion_id"": ""suggestion_c931389c797d2454"", ""suggestion_type"": ""athlete_name_correction"", ""confidence"": 0.941, ""message"": ""D-score athlete 'João Lucas Vieira' probably matches score-sheet athlete 'Joao Lucas Vieira'."", ""action"": ""attach_d_score_to_target_result"", ""changes"": {""athlete_name"": {""from"": ""João Lucas Vieira"", ""to"": ""Joao Lucas Vieira""}}, ""target_result"": {""event_name"": ""Brazilian Championships"", ""year"": 2019, ""athlete_name"": ""Joao Lucas Vieira"", ""country"": ""BRA"", ""discipline"": ""MAG"", ""category"": ""senior"", ""apparatus"": ""FX"", ""vt_attempt"": null, ""day"": null, ""format"": ""individual"", ""round"": ""final"", ""score"": 13.9, ""D_score"": null, ""vault_attempt_order_uncertain"": false, ""source_sheet"": ""MAG"", ""source_row"": 4510, ""target_id"": ""target_14a63bb0680a000c""}}, {""suggestion_id"": ""suggestion_ff90893ee9ca8baa"", ""suggestion_type"": ""event_name_correction"", ""confidence"": 0.885, ""message"": ""D-score event 'Brazilian Championships' may match score-sheet event 'Brazilian Event Championships'."", ""action"": ""attach_d_score_to_target_result"", ""changes"": {""event_name"": {""from"": ""Brazilian Championships"", ""to"": ""Brazilian Event Championships""}}, ""target_result"": {""event_name"": ""Brazilian Event Championships"", ""year"": 2019, ""athlete_name"": ""João Lucas Vieira"", ""country"": ""BRA"", ""discipline"": ""MAG"", ""category"": ""senior"", ""apparatus"": ""FX"", ""vt_attempt"": null, ""day"": null, ""format"": ""individual"", ""round"": ""final"", ""score"": 13.2, ""D_score"": null, ""vault_attempt_order_uncertain"": false, ""source_sheet"": ""MAG"", ""source_row"": 4512, ""target_id"": ""target_81b498e05e9de11d""}}]"
orphan_1621b0528c58d623,possible_athlete_name_typo,review,Possible athlete-name typo between the D sheet and the score sheet.,MAG D,3909,Brazilian Championships,2019,João Lucas Vieira,BRA,MAG,senior,HB,,,individual,final,3.9,False,2,suggestion_e6d246da8f4895c0,athlete_name_correction,0.941,D-score athlete 'João Lucas Vieira' probably matches score-sheet athlete 'Joao Lucas Vieira'.,Brazilian Championships,2019,Joao Lucas Vieira,BRA,MAG,senior,HB,,,individual,final,12.2,,MAG,4510,"[{""suggestion_id"": ""suggestion_e6d246da8f4895c0"", ""suggestion_type"": ""athlete_name_correction"", ""confidence"": 0.941, ""message"": ""D-score athlete 'João Lucas Vieira' probably matches score-sheet athlete 'Joao Lucas Vieira'."", ""action"": ""attach_d_score_to_target_result"", ""changes"": {""athlete_name"": {""from"": ""João Lucas Vieira"", ""to"": ""Joao Lucas Vieira""}}, ""target_result"": {""event_name"": ""Brazilian Championships"", ""year"": 2019, ""athlete_name"": ""Joao Lucas Vieira"", ""country"": ""BRA"", ""discipline"": ""MAG"", ""category"": ""senior"", ""apparatus"": ""HB"", ""vt_attempt"": null, ""day"": null, ""format"": ""individual"", ""round"": ""final"", ""score"": 12.2, ""D_score"": null, ""vault_attempt_order_uncertain"": false, ""source_sheet"": ""MAG"", ""source_row"": 4510, ""target_id"": ""target_6c6adff37a59fe6c""}}, {""suggestion_id"": ""suggestion_964f60f941c2a725"", ""suggestion_type"": ""event_name_correction"", ""confidence"": 0.885, ""message"": ""D-score event 'Brazilian Championships' may match score-sheet event 'Brazilian Event Championships'."", ""action"": ""attach_d_score_to_target_result"", ""changes"": {""event_name"": {""from"": ""Brazilian Championships"", ""to"": ""Brazilian Event Championships""}}, ""target_result"": {""event_name"": ""Brazilian Event Championships"", ""year"": 2019, ""athlete_name"": ""João Lucas Vieira"", ""country"": ""BRA"", ""discipline"": ""MAG"", ""category"": ""senior"", ""apparatus"": ""HB"", ""vt_attempt"": null, ""day"": null, ""format"": ""individual"", ""round"": ""final"", ""score"": 12.05, ""D_score"": null, ""vault_attempt_order_uncertain"": false, ""source_sheet"": ""MAG"", ""source_row"": 4512, ""target_id"": ""target_beb8265f0f56daf5""}}]"
orphan_69acfece30c20362,possible_athlete_name_typo,review,Possible athlete-name typo between the D sheet and the score sheet.,MAG D,3909,Brazilian Championships,2019,João Lucas Vieira,BRA,MAG,senior,PB,,,individual,final,4.5,False,2,suggestion_814daabae72eadae,athlete_name_correction,0.941,D-score athlete 'João Lucas Vieira' probably matches score-sheet athlete 'Joao Lucas Vieira'.,Brazilian Championships,2019,Joao Lucas Vieira,BRA,MAG,senior,PB,,,individual,final,12.45,,MAG,4510,"[{""suggestion_id"": ""suggestion_814daabae72eadae"", ""suggestion_type"": ""athlete_name_correction"", ""confidence"": 0.941, ""message"": ""D-score athlete 'João Lucas Vieira' probably matches score-sheet athlete 'Joao Lucas Vieira'."", ""action"": ""attach_d_score_to_target_result"", ""changes"": {""athlete_name"": {""from"": ""João Lucas Vieira"", ""to"": ""Joao Lucas Vieira""}}, ""target_result"": {""event_name"": ""Brazilian Championships"", ""year"": 2019, ""athlete_name"": ""Joao Lucas Vieira"", ""country"": ""BRA"", ""discipline"": ""MAG"", ""category"": ""senior"", ""apparatus"": ""PB"", ""vt_attempt"": null, ""day"": null, ""format"": ""individual"", ""round"": ""final"", ""score"": 12.45, ""D_score"": null, ""vault_attempt_order_uncertain"": false, ""source_sheet"": ""MAG"", ""source_row"": 4510, ""target_id"": ""target_d41e7d1ade54eda8""}}, {""suggestion_id"": ""suggestion_b361611cd6c7b266"", ""suggestion_type"": ""event_name_correction"", ""confidence"": 0.885, ""message"": ""D-score event 'Brazilian Championships' may match score-sheet event 'Brazilian Event Championships'."", ""action"": ""attach_d_score_to_target_result"", ""changes"": {""event_name"": {""from"": ""Brazilian Championships"", ""to"": ""Brazilian Event Championships""}}, ""target_result"": {""event_name"": ""Brazilian Event Championships"", ""year"": 2019, ""athlete_name"": ""João Lucas Vieira"", ""country"": ""BRA"", ""discipline"": ""MAG"", ""category"": ""senior"", ""apparatus"": ""PB"", ""vt_attempt"": null, ""day"": null, ""format"": ""individual"", ""round"": ""final"", ""score"": 12.7, ""D_score"": null, ""vault_attempt_order_uncertain"": false, ""source_sheet"": ""MAG"", ""source_row"": 4512, ""target_id"": ""target_99a31435dd6c5cc0""}}]"
orphan_269838948c2185e6,possible_athlete_name_typo,review,Possible athlete-name typo between the D sheet and the score sheet.,MAG D,3909,Brazilian Championships,2019,João Lucas Vieira,BRA,MAG,senior,PH,,,individual,final,4.3,False,2,suggestion_4194c13a20fedfde,athlete_name_correction,0.941,D-score athlete 'João Lucas Vieira' probably matches score-sheet athlete 'Joao Lucas Vieira'.,Brazilian Championships,2019,Joao Lucas Vieira,BRA,MAG,senior,PH,,,individual,final,11.15,,MAG,4510,"[{""suggestion_id"": ""suggestion_4194c13a20fedfde"", ""suggestion_type"": ""athlete_name_correction"", ""confidence"": 0.941, ""message"": ""D-score athlete 'João Lucas Vieira' probably matches score-sheet athlete 'Joao Lucas Vieira'."", ""action"": ""attach_d_score_to_target_result"", ""changes"": {""athlete_name"": {""from"": ""João Lucas Vieira"", ""to"": ""Joao Lucas Vieira""}}, ""target_result"": {""event_name"": ""Brazilian Championships"", ""year"": 2019, ""athlete_name"": ""Joao Lucas Vieira"", ""country"": ""BRA"", ""discipline"": ""MAG"", ""category"": ""senior"", ""apparatus"": ""PH"", ""vt_attempt"": null, ""day"": null, ""format"": ""individual"", ""round"": ""final"", ""score"": 11.15, ""D_score"": null, ""vault_attempt_order_uncertain"": false, ""source_sheet"": ""MAG"", ""source_row"": 4510, ""target_id"": ""target_5de4200e50111565""}}, {""suggestion_id"": ""suggestion_a510ded66ee41d6e"", ""suggestion_type"": ""event_name_correction"", ""confidence"": 0.885, ""message"": ""D-score event 'Brazilian Championships' may match score-sheet event 'Brazilian Event Championships'."", ""action"": ""attach_d_score_to_target_result"", ""changes"": {""event_name"": {""from"": ""Brazilian Championships"", ""to"": ""Brazilian Event Championships""}}, ""target_result"": {""event_name"": ""Brazilian Event Championships"", ""year"": 2019, ""athlete_name"": ""João Lucas Vieira"", ""country"": ""BRA"", ""discipline"": ""MAG"", ""category"": ""senior"", ""apparatus"": ""PH"", ""vt_attempt"": null, ""day"": null, ""format"": ""individual"", ""round"": ""final"", ""score"": 10.4, ""D_score"": null, ""vault_attempt_order_uncertain"": false, ""source_sheet"": ""MAG"", ""source_row"": 4512, ""target_id"": ""target_be4ee7782f7fa98e""}}]"
orphan_24c2bea71f14ba0f,possible_athlete_name_typo,review,Possible athlete-name typo between the D sheet and the score sheet.,MAG D,3909,Brazilian Championships,2019,João Lucas Vieira,BRA,MAG,senior,SR,,,individual,final,3.3,False,2,suggestion_ed29e20cc8947a4a,athlete_name_correction,0.941,D-score athlete 'João Lucas Vieira' probably matches score-sheet athlete 'Joao Lucas Vieira'.,Brazilian Championships,2019,Joao Lucas Vieira,BRA,MAG,senior,SR,,,individual,final,11.65,,MAG,4510,"[{""suggestion_id"": ""suggestion_ed29e20cc8947a4a"", ""suggestion_type"": ""athlete_name_correction"", ""confidence"": 0.941, ""message"": ""D-score athlete 'João Lucas Vieira' probably matches score-sheet athlete 'Joao Lucas Vieira'."", ""action"": ""attach_d_score_to_target_result"", ""changes"": {""athlete_name"": {""from"": ""João Lucas Vieira"", ""to"": ""Joao Lucas Vieira""}}, ""target_result"": {""event_name"": ""Brazilian Championships"", ""year"": 2019, ""athlete_name"": ""Joao Lucas Vieira"", ""country"": ""BRA"", ""discipline"": ""MAG"", ""category"": ""senior"", ""apparatus"": ""SR"", ""vt_attempt"": null, ""day"": null, ""format"": ""individual"", ""round"": ""final"", ""score"": 11.65, ""D_score"": null, ""vault_attempt_order_uncertain"": false, ""source_sheet"": ""MAG"", ""source_row"": 4510, ""target_id"": ""target_cd2118602f42c3b6""}}, {""suggestion_id"": ""suggestion_c9131f1afb42a6a9"", ""suggestion_type"": ""event_name_correction"", ""confidence"": 0.885, ""message"": ""D-score event 'Brazilian Championships' may match score-sheet event 'Brazilian Event Championships'."", ""action"": ""attach_d_score_to_target_result"", ""changes"": {""event_name"": {""from"": ""Brazilian Championships"", ""to"": ""Brazilian Event Championships""}}, ""target_result"": {""event_name"": ""Brazilian Event Championships"", ""year"": 2019, ""athlete_name"": ""João Lucas Vieira"", ""country"": ""BRA"", ""discipline"": ""MAG"", ""category"": ""senior"", ""apparatus"": ""SR"", ""vt_attempt"": null, ""day"": null, ""format"": ""individual"", ""round"": ""final"", ""score"": 10.9, ""D_score"": null, ""vault_attempt_order_uncertain"": false, ""source_sheet"": ""MAG"", ""source_row"": 4512, ""target_id"": ""target_7139812f65c6fb8b""}}]"
orphan_290e0f0bec794d01,possible_athlete_name_typo,review,Possible athlete-name typo between the D sheet and the score sheet.,MAG D,3909,Brazilian Championships,2019,João Lucas Vieira,BRA,MAG,senior,VT,1,,individual,final,5.2,True,2,suggestion_4435a382a5eaf5c2,athlete_name_correction,0.941,D-score athlete 'João Lucas Vieira' probably matches score-sheet athlete 'Joao Lucas Vieira'.,Brazilian Championships,2019,Joao Lucas Vieira,BRA,MAG,senior,VT,1,,individual,final,14.1,,MAG,4510,"[{""suggestion_id"": ""suggestion_4435a382a5eaf5c2"", ""suggestion_type"": ""athlete_name_correction"", ""confidence"": 0.941, ""message"": ""D-score athlete 'João Lucas Vieira' probably matches score-sheet athlete 'Joao Lucas Vieira'."", ""action"": ""attach_d_score_to_target_result"", ""changes"": {""athlete_name"": {""from"": ""João Lucas Vieira"", ""to"": ""Joao Lucas Vieira""}}, ""target_result"": {""event_name"": ""Brazilian Championships"", ""year"": 2019, ""athlete_name"": ""Joao Lucas Vieira"", ""country"": ""BRA"", ""discipline"": ""MAG"", ""category"": ""senior"", ""apparatus"": ""VT"", ""vt_attempt"": 1, ""day"": null, ""format"": ""individual"", ""round"": ""final"", ""score"": 14.1, ""D_score"": null, ""vault_attempt_order_uncertain"": true, ""source_sheet"": ""MAG"", ""source_row"": 4510, ""target_id"": ""target_fe768229aa56d519""}}, {""suggestion_id"": ""suggestion_810c44b1206b3f07"", ""suggestion_type"": ""event_name_correction"", ""confidence"": 0.885, ""message"": ""D-score event 'Brazilian Championships' may match score-sheet event 'Brazilian Event Championships'."", ""action"": ""attach_d_score_to_target_result"", ""changes"": {""event_name"": {""from"": ""Brazilian Championships"", ""to"": ""Brazilian Event Championships""}}, ""target_result"": {""event_name"": ""Brazilian Event Championships"", ""year"": 2019, ""athlete_name"": ""João Lucas Vieira"", ""country"": ""BRA"", ""discipline"": ""MAG"", ""category"": ""senior"", ""apparatus"": ""VT"", ""vt_attempt"": 1, ""day"": null, ""format"": ""individual"", ""round"": ""final"", ""score"": 13.5, ""D_score"": null, ""vault_attempt_order_uncertain"": true, ""source_sheet"": ""MAG"", ""source_row"": 4512, ""target_id"": ""target_5d3a8647d0e3f760""}}]"
orphan_b87987cd20f22a9b,possible_event_name_mismatch,review,Possible event-name mismatch between the D sheet and the score sheet.,MAG D,3910,Brazilian Championships,2019,João Lucas Vieira,BRA,MAG,senior,FX,,,apparatus,final,5.6,False,1,suggestion_3cf06fc62d8339af,event_name_correction,0.885,D-score event 'Brazilian Championships' may match score-sheet event 'Brazilian Event Championships'.,Brazilian Event Championships,2019,João Lucas Vieira,BRA,MAG,senior,FX,,,apparatus,final,13.25,,MAG,4513,"[{""suggestion_id"": ""suggestion_3cf06fc62d8339af"", ""suggestion_type"": ""event_name_correction"", ""confidence"": 0.885, ""message"": ""D-score event 'Brazilian Championships' may match score-sheet event 'Brazilian Event Championships'."", ""action"": ""attach_d_score_to_target_result"", ""changes"": {""event_name"": {""from"": ""Brazilian Championships"", ""to"": ""Brazilian Event Championships""}}, ""target_result"": {""event_name"": ""Brazilian Event Championships"", ""year"": 2019, ""athlete_name"": ""João Lucas Vieira"", ""country"": ""BRA"", ""discipline"": ""MAG"", ""category"": ""senior"", ""apparatus"": ""FX"", ""vt_attempt"": null, ""day"": null, ""format"": ""apparatus"", ""round"": ""final"", ""score"": 13.25, ""D_score"": null, ""vault_attempt_order_uncertain"": false, ""source_sheet"": ""MAG"", ""source_row"": 4513, ""target_id"": ""target_38ed760e65d58c92""}}]"
orphan_1c5d07498c090885,possible_event_name_mismatch,review,Possible event-name mismatch between the D sheet and the score sheet.,MAG D,3910,Brazilian Championships,2019,João Lucas Vieira,BRA,MAG,senior,PB,,,apparatus,final,4.5,False,1,suggestion_a339677b4aef4928,event_name_correction,0.885,D-score event 'Brazilian Championships' may match score-sheet event 'Brazilian Event Championships'.,Brazilian Event Championships,2019,João Lucas Vieira,BRA,MAG,senior,PB,,,apparatus,final,12.6,,MAG,4513,"[{""suggestion_id"": ""suggestion_a339677b4aef4928"", ""suggestion_type"": ""event_name_correction"", ""confidence"": 0.885, ""message"": ""D-score event 'Brazilian Championships' may match score-sheet event 'Brazilian Event Championships'."", ""action"": ""attach_d_score_to_target_result"", ""changes"": {""event_name"": {""from"": ""Brazilian Championships"", ""to"": ""Brazilian Event Championships""}}, ""target_result"": {""event_name"": ""Brazilian Event Championships"", ""year"": 2019, ""athlete_name"": ""João Lucas Vieira"", ""country"": ""BRA"", ""discipline"": ""MAG"", ""category"": ""senior"", ""apparatus"": ""PB"", ""vt_attempt"": null, ""day"": null, ""format"": ""apparatus"", ""round"": ""final"", ""score"": 12.6, ""D_score"": null, ""vault_attempt_order_uncertain"": false, ""source_sheet"": ""MAG"", ""source_row"": 4513, ""target_id"": ""target_ac6af3eb837104e2""}}]"
orphan_6be1dc456b7ae005,missing_final_score_for_context,review,"The athlete/event exists, but not this apparatus/context.",MAG D,3916,Mediterranean Championships,2019,Joao Rios,POR,MAG,junior,VT,2,,individual,final,3.2,True,0,,,,,,,,,,,,,,,,,,,,[]
orphan_478f71f97d701dcd,possible_context_mismatch,review,"Possible format, round, or day mismatch.",MAG D,4031,Nordic Junior Championships,2019,Jonas Thorisson,ISL,MAG,junior,VT,2,,individual,final,4.0,True,1,suggestion_fba81dec2cb8059a,context_correction,0.65,"Same athlete/event/apparatus exists in the score sheet, but format, round, or day is different.",Nordic Junior Championships,2019,Jonas Thorisson,ISL,MAG,junior,VT,2,,apparatus,final,13.332,4.0,MAG,4646,"[{""suggestion_id"": ""suggestion_fba81dec2cb8059a"", ""suggestion_type"": ""context_correction"", ""confidence"": 0.65, ""message"": ""Same athlete/event/apparatus exists in the score sheet, but format, round, or day is different."", ""action"": ""attach_d_score_to_target_result"", ""changes"": {""format"": {""from"": ""individual"", ""to"": ""apparatus""}, ""round"": {""from"": ""final"", ""to"": ""final""}, ""day"": {""from"": null, ""to"": null}}, ""target_result"": {""event_name"": ""Nordic Junior Championships"", ""year"": 2019, ""athlete_name"": ""Jonas Thorisson"", ""country"": ""ISL"", ""discipline"": ""MAG"", ""category"": ""junior"", ""apparatus"": ""VT"", ""vt_attempt"": 2, ""day"": null, ""format"": ""apparatus"", ""round"": ""final"", ""score"": 13.332, ""D_score"": 4.0, ""vault_attempt_order_uncertain"": true, ""source_sheet"": ""MAG"", ""source_row"": 4646, ""target_id"": ""target_160823683c6b84fc""}}]"
orphan_1f2a902e2b946768,possible_context_mismatch,review,"Possible format, round, or day mismatch.",MAG D,4057,Mälar Cup,2019,Joona Reiman,FIN,MAG,junior,VT,2,,individual,final,2.4,True,1,suggestion_80032a94dfe48dfa,context_correction,0.65,"Same athlete/event/apparatus exists in the score sheet, but format, round, or day is different.",Mälar Cup,2019,Joona Reiman,FIN,MAG,junior,VT,2,,apparatus,final,11.366,2.4,MAG,4671,"[{""suggestion_id"": ""suggestion_80032a94dfe48dfa"", ""suggestion_type"": ""context_correction"", ""confidence"": 0.65, ""message"": ""Same athlete/event/apparatus exists in the score sheet, but format, round, or day is different."", ""action"": ""attach_d_score_to_target_result"", ""changes"": {""format"": {""from"": ""individual"", ""to"": ""apparatus""}, ""round"": {""from"": ""final"", ""to"": ""final""}, ""day"": {""from"": null, ""to"": null}}, ""target_result"": {""event_name"": ""Mälar Cup"", ""year"": 2019, ""athlete_name"": ""Joona Reiman"", ""country"": ""FIN"", ""discipline"": ""MAG"", ""category"": ""junior"", ""apparatus"": ""VT"", ""vt_attempt"": 2, ""day"": null, ""format"": ""apparatus"", ""round"": ""final"", ""score"": 11.366, ""D_score"": 2.4, ""vault_attempt_order_uncertain"": true, ""source_sheet"": ""MAG"", ""source_row"": 4671, ""target_id"": ""target_3d1bb2c68d9015a8""}}]"
orphan_757c2b8a7c52b0a5,missing_final_score_for_context,review,"The athlete/event exists, but not this apparatus/context.",MAG D,4106,Mediterranean Championships,2019,Jose Nogueira,POR,MAG,junior,VT,2,,individual,final,3.2,True,0,,,,,,,,,,,,,,,,,,,,[]
orphan_fedeba353527231e,athlete_missing_in_score_sheet,review,"The event/apparatus/context exists, but this athlete is missing in the score sheet.",MAG D,4162,Croatian Championships,2019,Josip Vukovac,CRO,MAG,junior,PH,,,individual,final,3.4,False,0,,,,,,,,,,,,,,,,,,,,[]
orphan_90bc3b11e152bc80,possible_context_mismatch,review,"Possible format, round, or day mismatch.",MAG D,4173,Mälar Cup,2019,Jouni Paavola,FIN,MAG,senior,VT,2,,individual,final,2.8,True,1,suggestion_3ac7b7e58e09d505,context_correction,0.65,"Same athlete/event/apparatus exists in the score sheet, but format, round, or day is different.",Mälar Cup,2019,Jouni Paavola,FIN,MAG,senior,VT,2,,apparatus,final,11.899,2.8,MAG,4815,"[{""suggestion_id"": ""suggestion_3ac7b7e58e09d505"", ""suggestion_type"": ""context_correction"", ""confidence"": 0.65, ""message"": ""Same athlete/event/apparatus exists in the score sheet, but format, round, or day is different."", ""action"": ""attach_d_score_to_target_result"", ""changes"": {""format"": {""from"": ""individual"", ""to"": ""apparatus""}, ""round"": {""from"": ""final"", ""to"": ""final""}, ""day"": {""from"": null, ""to"": null}}, ""target_result"": {""event_name"": ""Mälar Cup"", ""year"": 2019, ""athlete_name"": ""Jouni Paavola"", ""country"": ""FIN"", ""discipline"": ""MAG"", ""category"": ""senior"", ""apparatus"": ""VT"", ""vt_attempt"": 2, ""day"": null, ""format"": ""apparatus"", ""round"": ""final"", ""score"": 11.899, ""D_score"": 2.8, ""vault_attempt_order_uncertain"": true, ""source_sheet"": ""MAG"", ""source_row"": 4815, ""target_id"": ""target_4ee6554cb794c014""}}]"
orphan_65f605f1f5920dc0,possible_context_mismatch,review,"Possible format, round, or day mismatch.",MAG D,4177,Nordic Junior Championships,2019,Jouni Paavola,FIN,MAG,junior,VT,2,,individual,final,2.8,True,1,suggestion_9cca8fa170d4bf2d,context_correction,0.65,"Same athlete/event/apparatus exists in the score sheet, but format, round, or day is different.",Nordic Junior Championships,2019,Jouni Paavola,FIN,MAG,junior,VT,2,,apparatus,final,12.433,2.8,MAG,4817,"[{""suggestion_id"": ""suggestion_9cca8fa170d4bf2d"", ""suggestion_type"": ""context_correction"", ""confidence"": 0.65, ""message"": ""Same athlete/event/apparatus exists in the score sheet, but format, round, or day is different."", ""action"": ""attach_d_score_to_target_result"", ""changes"": {""format"": {""from"": ""individual"", ""to"": ""apparatus""}, ""round"": {""from"": ""final"", ""to"": ""final""}, ""day"": {""from"": null, ""to"": null}}, ""target_result"": {""event_name"": ""Nordic Junior Championships"", ""year"": 2019, ""athlete_name"": ""Jouni Paavola"", ""country"": ""FIN"", ""discipline"": ""MAG"", ""category"": ""junior"", ""apparatus"": ""VT"", ""vt_attempt"": 2, ""day"": null, ""format"": ""apparatus"", ""round"": ""final"", ""score"": 12.433, ""D_score"": 2.8, ""vault_attempt_order_uncertain"": true, ""source_sheet"": ""MAG"", ""source_row"": 4817, ""target_id"": ""target_d764e1f7f272c32f""}}]"
orphan_1fecfab6561b5052,possible_context_mismatch,review,"Possible format, round, or day mismatch.",MAG D,4218,French Championships,2019,Julien Saleur,FRA,MAG,senior,PB,,,apparatus,final,4.9,False,1,suggestion_c84fe409eb63c995,context_correction,0.65,"Same athlete/event/apparatus exists in the score sheet, but format, round, or day is different.",French Championships,2019,Julien Saleur,FRA,MAG,senior,PB,,,individual,final,13.3,5.1,MAG,4859,"[{""suggestion_id"": ""suggestion_c84fe409eb63c995"", ""suggestion_type"": ""context_correction"", ""confidence"": 0.65, ""message"": ""Same athlete/event/apparatus exists in the score sheet, but format, round, or day is different."", ""action"": ""attach_d_score_to_target_result"", ""changes"": {""format"": {""from"": ""apparatus"", ""to"": ""individual""}, ""round"": {""from"": ""final"", ""to"": ""final""}, ""day"": {""from"": null, ""to"": null}}, ""target_result"": {""event_name"": ""French Championships"", ""year"": 2019, ""athlete_name"": ""Julien Saleur"", ""country"": ""FRA"", ""discipline"": ""MAG"", ""category"": ""senior"", ""apparatus"": ""PB"", ""vt_attempt"": null, ""day"": null, ""format"": ""individual"", ""round"": ""final"", ""score"": 13.3, ""D_score"": 5.1, ""vault_attempt_order_uncertain"": false, ""source_sheet"": ""MAG"", ""source_row"": 4859, ""target_id"": ""target_1762707d264990a9""}}]"
orphan_dbc382911dab9424,missing_final_score_for_context,review,"The athlete/event exists, but not this apparatus/context.",MAG D,4339,Stella Zakharova Cup,2019,Karim Ayman Mohamed,EGY,MAG,senior,VT,2,,individual,final,3.2,True,0,,,,,,,,,,,,,,,,,,,,[]
orphan_4380c9453d749b85,possible_context_mismatch,review,"Possible format, round, or day mismatch.",MAG D,4488,French Championships,2019,Kevin Antoniotti,FRA,MAG,senior,VT,1,,apparatus,final,5.5,True,1,suggestion_48d87d6c75340a7a,context_correction,0.65,"Same athlete/event/apparatus exists in the score sheet, but format, round, or day is different.",French Championships,2019,Kevin Antoniotti,FRA,MAG,senior,VT,1,,individual,final,11.45,4.4,MAG,5240,"[{""suggestion_id"": ""suggestion_48d87d6c75340a7a"", ""suggestion_type"": ""context_correction"", ""confidence"": 0.65, ""message"": ""Same athlete/event/apparatus exists in the score sheet, but format, round, or day is different."", ""action"": ""attach_d_score_to_target_result"", ""changes"": {""format"": {""from"": ""apparatus"", ""to"": ""individual""}, ""round"": {""from"": ""final"", ""to"": ""final""}, ""day"": {""from"": null, ""to"": null}}, ""target_result"": {""event_name"": ""French Championships"", ""year"": 2019, ""athlete_name"": ""Kevin Antoniotti"", ""country"": ""FRA"", ""discipline"": ""MAG"", ""category"": ""senior"", ""apparatus"": ""VT"", ""vt_attempt"": 1, ""day"": null, ""format"": ""individual"", ""round"": ""final"", ""score"": 11.45, ""D_score"": 4.4, ""vault_attempt_order_uncertain"": true, ""source_sheet"": ""MAG"", ""source_row"": 5240, ""target_id"": ""target_1e5b17f5c3cc9c1d""}}]"
orphan_547055e3e1171c27,possible_context_mismatch,review,"Possible format, round, or day mismatch.",MAG D,4500,French Championships,2019,Kevin Carvalho,FRA,MAG,senior,VT,1,,apparatus,final,5.3,True,1,suggestion_ff05fef2fd96a989,context_correction,0.65,"Same athlete/event/apparatus exists in the score sheet, but format, round, or day is different.",French Championships,2019,Kevin Carvalho,FRA,MAG,senior,VT,1,,individual,final,14.4,5.2,MAG,5252,"[{""suggestion_id"": ""suggestion_ff05fef2fd96a989"", ""suggestion_type"": ""context_correction"", ""confidence"": 0.65, ""message"": ""Same athlete/event/apparatus exists in the score sheet, but format, round, or day is different."", ""action"": ""attach_d_score_to_target_result"", ""changes"": {""format"": {""from"": ""apparatus"", ""to"": ""individual""}, ""round"": {""from"": ""final"", ""to"": ""final""}, ""day"": {""from"": null, ""to"": null}}, ""target_result"": {""event_name"": ""French Championships"", ""year"": 2019, ""athlete_name"": ""Kevin Carvalho"", ""country"": ""FRA"", ""discipline"": ""MAG"", ""category"": ""senior"", ""apparatus"": ""VT"", ""vt_attempt"": 1, ""day"": null, ""format"": ""individual"", ""round"": ""final"", ""score"": 14.4, ""D_score"": 5.2, ""vault_attempt_order_uncertain"": true, ""source_sheet"": ""MAG"", ""source_row"": 5252, ""target_id"": ""target_ed33998709e77477""}}]"
orphan_07bede68227a15a4,possible_context_mismatch,review,"Possible format, round, or day mismatch.",MAG D,4536,French Championships,2019,Killian Mermet,FRA,MAG,senior,VT,1,,apparatus,final,5.5,True,1,suggestion_2b827a7d8bdf5cce,context_correction,0.65,"Same athlete/event/apparatus exists in the score sheet, but format, round, or day is different.",French Championships,2019,Killian Mermet,FRA,MAG,senior,VT,1,,individual,final,13.85,4.8,MAG,5295,"[{""suggestion_id"": ""suggestion_2b827a7d8bdf5cce"", ""suggestion_type"": ""context_correction"", ""confidence"": 0.65, ""message"": ""Same athlete/event/apparatus exists in the score sheet, but format, round, or day is different."", ""action"": ""attach_d_score_to_target_result"", ""changes"": {""format"": {""from"": ""apparatus"", ""to"": ""individual""}, ""round"": {""from"": ""final"", ""to"": ""final""}, ""day"": {""from"": null, ""to"": null}}, ""target_result"": {""event_name"": ""French Championships"", ""year"": 2019, ""athlete_name"": ""Killian Mermet"", ""country"": ""FRA"", ""discipline"": ""MAG"", ""category"": ""senior"", ""apparatus"": ""VT"", ""vt_attempt"": 1, ""day"": null, ""format"": ""individual"", ""round"": ""final"", ""score"": 13.85, ""D_score"": 4.8, ""vault_attempt_order_uncertain"": true, ""source_sheet"": ""MAG"", ""source_row"": 5295, ""target_id"": ""target_276f54f6bdf99db1""}}]"
orphan_8943216132a74ded,missing_final_score_for_context,review,"The athlete/event exists, but not this apparatus/context.",MAG D,4654,British Championships,2019,Korben Fellows,GBR,MAG,junior,PH,,,individual,final,4.1,False,0,,,,,,,,,,,,,,,,,,,,[]
orphan_520f44c21a0abd7b,athlete_missing_in_score_sheet,review,"The event/apparatus/context exists, but this athlete is missing in the score sheet.",MAG D,4738,Liukin Invitational,2019,Lazarus Barnhill,USA,MAG,senior,FX,,,individual,final,4.2,False,0,,,,,,,,,,,,,,,,,,,,[]
orphan_d1bc99e85855c8b4,athlete_missing_in_score_sheet,review,"The event/apparatus/context exists, but this athlete is missing in the score sheet.",MAG D,4738,Liukin Invitational,2019,Lazarus Barnhill,USA,MAG,senior,HB,,,individual,final,4.3,False,0,,,,,,,,,,,,,,,,,,,,[]
orphan_71d2a42958dd7726,athlete_missing_in_score_sheet,review,"The event/apparatus/context exists, but this athlete is missing in the score sheet.",MAG D,4738,Liukin Invitational,2019,Lazarus Barnhill,USA,MAG,senior,PB,,,individual,final,4.2,False,0,,,,,,,,,,,,,,,,,,,,[]
orphan_f70a3a4a0aeb4e98,athlete_missing_in_score_sheet,review,"The event/apparatus/context exists, but this athlete is missing in the score sheet.",MAG D,4738,Liukin Invitational,2019,Lazarus Barnhill,USA,MAG,senior,PH,,,individual,final,5.2,False,0,,,,,,,,,,,,,,,,,,,,[]
orphan_7b4083dab9e600f0,athlete_missing_in_score_sheet,review,"The event/apparatus/context exists, but this athlete is missing in the score sheet.",MAG D,4738,Liukin Invitational,2019,Lazarus Barnhill,USA,MAG,senior,VT,1,,individual,final,4.4,True,0,,,,,,,,,,,,,,,,,,,,[]
orphan_e5e8686b90835de7,possible_event_name_mismatch,review,Possible event-name mismatch between the D sheet and the score sheet.,MAG D,4752,Brazilian Championships,2019,Leandro Silva,BRA,MAG,senior,FX,,,individual,final,5.0,False,1,suggestion_00e3b49d6c4dc27c,event_name_correction,0.885,D-score event 'Brazilian Championships' may match score-sheet event 'Brazilian Event Championships'.,Brazilian Event Championships,2019,Leandro Silva,BRA,MAG,senior,FX,,,individual,final,10.3,,MAG,5572,"[{""suggestion_id"": ""suggestion_00e3b49d6c4dc27c"", ""suggestion_type"": ""event_name_correction"", ""confidence"": 0.885, ""message"": ""D-score event 'Brazilian Championships' may match score-sheet event 'Brazilian Event Championships'."", ""action"": ""attach_d_score_to_target_result"", ""changes"": {""event_name"": {""from"": ""Brazilian Championships"", ""to"": ""Brazilian Event Championships""}}, ""target_result"": {""event_name"": ""Brazilian Event Championships"", ""year"": 2019, ""athlete_name"": ""Leandro Silva"", ""country"": ""BRA"", ""discipline"": ""MAG"", ""category"": ""senior"", ""apparatus"": ""FX"", ""vt_attempt"": null, ""day"": null, ""format"": ""individual"", ""round"": ""final"", ""score"": 10.3, ""D_score"": null, ""vault_attempt_order_uncertain"": false, ""source_sheet"": ""MAG"", ""source_row"": 5572, ""target_id"": ""target_3831cdae9af4fb8f""}}]"
orphan_a0a4eede7490b5a9,possible_event_name_mismatch,review,Possible event-name mismatch between the D sheet and the score sheet.,MAG D,4752,Brazilian Championships,2019,Leandro Silva,BRA,MAG,senior,PH,,,individual,final,3.2,False,1,suggestion_4b609928655e4096,event_name_correction,0.885,D-score event 'Brazilian Championships' may match score-sheet event 'Brazilian Event Championships'.,Brazilian Event Championships,2019,Leandro Silva,BRA,MAG,senior,PH,,,individual,final,9.35,,MAG,5572,"[{""suggestion_id"": ""suggestion_4b609928655e4096"", ""suggestion_type"": ""event_name_correction"", ""confidence"": 0.885, ""message"": ""D-score event 'Brazilian Championships' may match score-sheet event 'Brazilian Event Championships'."", ""action"": ""attach_d_score_to_target_result"", ""changes"": {""event_name"": {""from"": ""Brazilian Championships"", ""to"": ""Brazilian Event Championships""}}, ""target_result"": {""event_name"": ""Brazilian Event Championships"", ""year"": 2019, ""athlete_name"": ""Leandro Silva"", ""country"": ""BRA"", ""discipline"": ""MAG"", ""category"": ""senior"", ""apparatus"": ""PH"", ""vt_attempt"": null, ""day"": null, ""format"": ""individual"", ""round"": ""final"", ""score"": 9.35, ""D_score"": null, ""vault_attempt_order_uncertain"": false, ""source_sheet"": ""MAG"", ""source_row"": 5572, ""target_id"": ""target_1673ec51dbb865f6""}}]"
orphan_8fd740ec2ea9a48e,possible_context_mismatch,review,"Possible format, round, or day mismatch.",MAG D,4807,French Championships,2019,Leo Saladino,FRA,MAG,junior,VT,1,,apparatus,final,5.5,True,1,suggestion_083eb15d0188a37d,context_correction,0.65,"Same athlete/event/apparatus exists in the score sheet, but format, round, or day is different.",French Championships,2019,Leo Saladino,FRA,MAG,junior,VT,1,,individual,final,13.3,5.2,MAG,5634,"[{""suggestion_id"": ""suggestion_083eb15d0188a37d"", ""suggestion_type"": ""context_correction"", ""confidence"": 0.65, ""message"": ""Same athlete/event/apparatus exists in the score sheet, but format, round, or day is different."", ""action"": ""attach_d_score_to_target_result"", ""changes"": {""format"": {""from"": ""apparatus"", ""to"": ""individual""}, ""round"": {""from"": ""final"", ""to"": ""final""}, ""day"": {""from"": null, ""to"": null}}, ""target_result"": {""event_name"": ""French Championships"", ""year"": 2019, ""athlete_name"": ""Leo Saladino"", ""country"": ""FRA"", ""discipline"": ""MAG"", ""category"": ""junior"", ""apparatus"": ""VT"", ""vt_attempt"": 1, ""day"": null, ""format"": ""individual"", ""round"": ""final"", ""score"": 13.3, ""D_score"": 5.2, ""vault_attempt_order_uncertain"": true, ""source_sheet"": ""MAG"", ""source_row"": 5634, ""target_id"": ""target_a8d25c890ddeca6c""}}]"
orphan_447920c4856b2d49,possible_event_name_mismatch,review,Possible event-name mismatch between the D sheet and the score sheet.,MAG D,4837,Brazilian Championships,2019,Leonardo Souza,BRA,MAG,senior,HB,,,apparatus,final,5.7,False,3,suggestion_bf1f5ded77921559,event_name_correction,0.885,D-score event 'Brazilian Championships' may match score-sheet event 'Brazilian Event Championships'.,Brazilian Event Championships,2019,Leonardo Souza,BRA,MAG,senior,HB,,,apparatus,final,13.3,,MAG,5665,"[{""suggestion_id"": ""suggestion_bf1f5ded77921559"", ""suggestion_type"": ""event_name_correction"", ""confidence"": 0.885, ""message"": ""D-score event 'Brazilian Championships' may match score-sheet event 'Brazilian Event Championships'."", ""action"": ""attach_d_score_to_target_result"", ""changes"": {""event_name"": {""from"": ""Brazilian Championships"", ""to"": ""Brazilian Event Championships""}}, ""target_result"": {""event_name"": ""Brazilian Event Championships"", ""year"": 2019, ""athlete_name"": ""Leonardo Souza"", ""country"": ""BRA"", ""discipline"": ""MAG"", ""category"": ""senior"", ""apparatus"": ""HB"", ""vt_attempt"": null, ""day"": null, ""format"": ""apparatus"", ""round"": ""final"", ""score"": 13.3, ""D_score"": null, ""vault_attempt_order_uncertain"": false, ""source_sheet"": ""MAG"", ""source_row"": 5665, ""target_id"": ""target_c7138eee923591b9""}}, {""suggestion_id"": ""suggestion_4968f813a0b775e6"", ""suggestion_type"": ""context_correction"", ""confidence"": 0.65, ""message"": ""Same athlete/event/apparatus exists in the score sheet, but format, round, or day is different."", ""action"": ""attach_d_score_to_target_result"", ""changes"": {""format"": {""from"": ""apparatus"", ""to"": ""individual""}, ""round"": {""from"": ""final"", ""to"": ""final""}, ""day"": {""from"": null, ""to"": null}}, ""target_result"": {""event_name"": ""Brazilian Championships"", ""year"": 2019, ""athlete_name"": ""Leonardo Souza"", ""country"": ""BRA"", ""discipline"": ""MAG"", ""category"": ""senior"", ""apparatus"": ""HB"", ""vt_attempt"": null, ""day"": null, ""format"": ""individual"", ""round"": ""final"", ""score"": 12.95, ""D_score"": 5.8, ""vault_attempt_order_uncertain"": false, ""source_sheet"": ""MAG"", ""source_row"": 5662, ""target_id"": ""target_56e69b7ad82cd4f6""}}, {""suggestion_id"": ""suggestion_f5fa7f0585931fef"", ""suggestion_type"": ""context_correction"", ""confidence"": 0.65, ""message"": ""Same athlete/event/apparatus exists in the score sheet, but format, round, or day is different."", ""action"": ""attach_d_score_to_target_result"", ""changes"": {""format"": {""from"": ""apparatus"", ""to"": ""team""}, ""round"": {""from"": ""final"", ""to"": ""final""}, ""day"": {""from"": null, ""to"": null}}, ""target_result"": {""event_name"": ""Brazilian Championships"", ""year"": 2019, ""athlete_name"": ""Leonardo Souza"", ""country"": ""BRA"", ""discipline"": ""MAG"", ""category"": ""senior"", ""apparatus"": ""HB"", ""vt_attempt"": null, ""day"": null, ""format"": ""team"", ""round"": ""final"", ""score"": 13.6, ""D_score"": null, ""vault_attempt_order_uncertain"": false, ""source_sheet"": ""MAG"", ""source_row"": 5664, ""target_id"": ""target_be4324350f1bf1d5""}}]"
orphan_3d9ed3df143d4111,possible_event_name_mismatch,review,Possible event-name mismatch between the D sheet and the score sheet.,MAG D,4837,Brazilian Championships,2019,Leonardo Souza,BRA,MAG,senior,PB,,,apparatus,final,4.5,False,3,suggestion_8b7eae26b3ad6263,event_name_correction,0.885,D-score event 'Brazilian Championships' may match score-sheet event 'Brazilian Event Championships'.,Brazilian Event Championships,2019,Leonardo Souza,BRA,MAG,senior,PB,,,apparatus,final,11.9,,MAG,5665,"[{""suggestion_id"": ""suggestion_8b7eae26b3ad6263"", ""suggestion_type"": ""event_name_correction"", ""confidence"": 0.885, ""message"": ""D-score event 'Brazilian Championships' may match score-sheet event 'Brazilian Event Championships'."", ""action"": ""attach_d_score_to_target_result"", ""changes"": {""event_name"": {""from"": ""Brazilian Championships"", ""to"": ""Brazilian Event Championships""}}, ""target_result"": {""event_name"": ""Brazilian Event Championships"", ""year"": 2019, ""athlete_name"": ""Leonardo Souza"", ""country"": ""BRA"", ""discipline"": ""MAG"", ""category"": ""senior"", ""apparatus"": ""PB"", ""vt_attempt"": null, ""day"": null, ""format"": ""apparatus"", ""round"": ""final"", ""score"": 11.9, ""D_score"": null, ""vault_attempt_order_uncertain"": false, ""source_sheet"": ""MAG"", ""source_row"": 5665, ""target_id"": ""target_996c94ee0363b33b""}}, {""suggestion_id"": ""suggestion_018a2818c1f74612"", ""suggestion_type"": ""context_correction"", ""confidence"": 0.65, ""message"": ""Same athlete/event/apparatus exists in the score sheet, but format, round, or day is different."", ""action"": ""attach_d_score_to_target_result"", ""changes"": {""format"": {""from"": ""apparatus"", ""to"": ""individual""}, ""round"": {""from"": ""final"", ""to"": ""final""}, ""day"": {""from"": null, ""to"": null}}, ""target_result"": {""event_name"": ""Brazilian Championships"", ""year"": 2019, ""athlete_name"": ""Leonardo Souza"", ""country"": ""BRA"", ""discipline"": ""MAG"", ""category"": ""senior"", ""apparatus"": ""PB"", ""vt_attempt"": null, ""day"": null, ""format"": ""individual"", ""round"": ""final"", ""score"": 13.2, ""D_score"": 5.3, ""vault_attempt_order_uncertain"": false, ""source_sheet"": ""MAG"", ""source_row"": 5662, ""target_id"": ""target_30a39af9d2c665ef""}}, {""suggestion_id"": ""suggestion_b83f25c7265d8859"", ""suggestion_type"": ""context_correction"", ""confidence"": 0.65, ""message"": ""Same athlete/event/apparatus exists in the score sheet, but format, round, or day is different."", ""action"": ""attach_d_score_to_target_result"", ""changes"": {""format"": {""from"": ""apparatus"", ""to"": ""team""}, ""round"": {""from"": ""final"", ""to"": ""final""}, ""day"": {""from"": null, ""to"": null}}, ""target_result"": {""event_name"": ""Brazilian Championships"", ""year"": 2019, ""athlete_name"": ""Leonardo Souza"", ""country"": ""BRA"", ""discipline"": ""MAG"", ""category"": ""senior"", ""apparatus"": ""PB"", ""vt_attempt"": null, ""day"": null, ""format"": ""team"", ""round"": ""final"", ""score"": 13.75, ""D_score"": null, ""vault_attempt_order_uncertain"": false, ""source_sheet"": ""MAG"", ""source_row"": 5664, ""target_id"": ""target_27f9b7c46b32c788""}}]"
orphan_aea982dcc6fa9aee,possible_event_name_mismatch,review,Possible event-name mismatch between the D sheet and the score sheet.,MAG D,4837,Brazilian Championships,2019,Leonardo Souza,BRA,MAG,senior,SR,,,apparatus,final,4.6,False,2,suggestion_b9f709c3e1679bc8,event_name_correction,0.885,D-score event 'Brazilian Championships' may match score-sheet event 'Brazilian Event Championships'.,Brazilian Event Championships,2019,Leonardo Souza,BRA,MAG,senior,SR,,,apparatus,final,13.2,,MAG,5665,"[{""suggestion_id"": ""suggestion_b9f709c3e1679bc8"", ""suggestion_type"": ""event_name_correction"", ""confidence"": 0.885, ""message"": ""D-score event 'Brazilian Championships' may match score-sheet event 'Brazilian Event Championships'."", ""action"": ""attach_d_score_to_target_result"", ""changes"": {""event_name"": {""from"": ""Brazilian Championships"", ""to"": ""Brazilian Event Championships""}}, ""target_result"": {""event_name"": ""Brazilian Event Championships"", ""year"": 2019, ""athlete_name"": ""Leonardo Souza"", ""country"": ""BRA"", ""discipline"": ""MAG"", ""category"": ""senior"", ""apparatus"": ""SR"", ""vt_attempt"": null, ""day"": null, ""format"": ""apparatus"", ""round"": ""final"", ""score"": 13.2, ""D_score"": null, ""vault_attempt_order_uncertain"": false, ""source_sheet"": ""MAG"", ""source_row"": 5665, ""target_id"": ""target_f1f0b269a85f51b8""}}, {""suggestion_id"": ""suggestion_4eb682cbd67c0412"", ""suggestion_type"": ""context_correction"", ""confidence"": 0.65, ""message"": ""Same athlete/event/apparatus exists in the score sheet, but format, round, or day is different."", ""action"": ""attach_d_score_to_target_result"", ""changes"": {""format"": {""from"": ""apparatus"", ""to"": ""individual""}, ""round"": {""from"": ""final"", ""to"": ""final""}, ""day"": {""from"": null, ""to"": null}}, ""target_result"": {""event_name"": ""Brazilian Championships"", ""year"": 2019, ""athlete_name"": ""Leonardo Souza"", ""country"": ""BRA"", ""discipline"": ""MAG"", ""category"": ""senior"", ""apparatus"": ""SR"", ""vt_attempt"": null, ""day"": null, ""format"": ""individual"", ""round"": ""final"", ""score"": 12.5, ""D_score"": 4.7, ""vault_attempt_order_uncertain"": false, ""source_sheet"": ""MAG"", ""source_row"": 5662, ""target_id"": ""target_8c82da4b37a1d2f2""}}]"
orphan_0ca2e7c82aabd514,athlete_missing_in_score_sheet,review,"The event/apparatus/context exists, but this athlete is missing in the score sheet.",MAG D,4892,Croatian Championships,2019,Liam Rabic,CRO,MAG,junior,FX,,,individual,final,3.3,False,0,,,,,,,,,,,,,,,,,,,,[]
orphan_02b0eaecf3b40513,athlete_missing_in_score_sheet,review,"The event/apparatus/context exists, but this athlete is missing in the score sheet.",MAG D,4892,Croatian Championships,2019,Liam Rabic,CRO,MAG,junior,HB,,,individual,final,1.9,False,0,,,,,,,,,,,,,,,,,,,,[]
orphan_d7f0e6385dc6cc42,athlete_missing_in_score_sheet,review,"The event/apparatus/context exists, but this athlete is missing in the score sheet.",MAG D,4892,Croatian Championships,2019,Liam Rabic,CRO,MAG,junior,PB,,,individual,final,2.5,False,0,,,,,,,,,,,,,,,,,,,,[]
orphan_58c5ce6ea73da16e,athlete_missing_in_score_sheet,review,"The event/apparatus/context exists, but this athlete is missing in the score sheet.",MAG D,4892,Croatian Championships,2019,Liam Rabic,CRO,MAG,junior,PH,,,individual,final,3.9,False,0,,,,,,,,,,,,,,,,,,,,[]
orphan_28c0838464bb519f,athlete_missing_in_score_sheet,review,"The event/apparatus/context exists, but this athlete is missing in the score sheet.",MAG D,4892,Croatian Championships,2019,Liam Rabic,CRO,MAG,junior,SR,,,individual,final,2.6,False,0,,,,,,,,,,,,,,,,,,,,[]
orphan_97c5fbc6d3224ba0,athlete_missing_in_score_sheet,review,"The event/apparatus/context exists, but this athlete is missing in the score sheet.",MAG D,4892,Croatian Championships,2019,Liam Rabic,CRO,MAG,junior,VT,1,,individual,final,1.6,True,0,,,,,,,,,,,,,,,,,,,,[]
orphan_437ebb02a6af0137,athlete_missing_in_score_sheet,review,"The event/apparatus/context exists, but this athlete is missing in the score sheet.",MAG D,4892,Croatian Championships,2019,Liam Rabic,CRO,MAG,junior,VT,2,,individual,final,1.6,True,0,,,,,,,,,,,,,,,,,,,,[]
orphan_28db297dc11bc201,missing_final_score_for_context,review,"The athlete/event exists, but not this apparatus/context.",MAG D,4984,Zhaoqing Challenge Cup,2019,Liu Yang,CHN,MAG,senior,PB,,,individual,qualification,5.9,False,0,,,,,,,,,,,,,,,,,,,,[]
orphan_0b9bff465bcff496,possible_context_mismatch,review,"Possible format, round, or day mismatch.",MAG D,5026,Stella Zakharova Cup,2019,Lorenzo Aymes,MON,MAG,junior,VT,2,,individual,final,2.4,True,1,suggestion_54ab25ba32eb3817,context_correction,0.65,"Same athlete/event/apparatus exists in the score sheet, but format, round, or day is different.",Stella Zakharova Cup,2019,Lorenzo Aymes,MON,MAG,junior,VT,2,,apparatus,final,10.45,2.4,MAG,5864,"[{""suggestion_id"": ""suggestion_54ab25ba32eb3817"", ""suggestion_type"": ""context_correction"", ""confidence"": 0.65, ""message"": ""Same athlete/event/apparatus exists in the score sheet, but format, round, or day is different."", ""action"": ""attach_d_score_to_target_result"", ""changes"": {""format"": {""from"": ""individual"", ""to"": ""apparatus""}, ""round"": {""from"": ""final"", ""to"": ""final""}, ""day"": {""from"": null, ""to"": null}}, ""target_result"": {""event_name"": ""Stella Zakharova Cup"", ""year"": 2019, ""athlete_name"": ""Lorenzo Aymes"", ""country"": ""MON"", ""discipline"": ""MAG"", ""category"": ""junior"", ""apparatus"": ""VT"", ""vt_attempt"": 2, ""day"": null, ""format"": ""apparatus"", ""round"": ""final"", ""score"": 10.45, ""D_score"": 2.4, ""vault_attempt_order_uncertain"": true, ""source_sheet"": ""MAG"", ""source_row"": 5864, ""target_id"": ""target_fa09fee179c8ca6d""}}]"
orphan_b604c116e2185a3f,missing_final_score_for_context,review,"The athlete/event exists, but not this apparatus/context.",MAG D,5042,Italian Championships,2019,Lorenzo Casali,ITA,MAG,senior,VT,2,,individual,final,4.8,True,0,,,,,,,,,,,,,,,,,,,,[]
orphan_ed7c3ad6ff544fbf,possible_context_mismatch,review,"Possible format, round, or day mismatch.",MAG D,5050,Italian Championships,2019,Lorenzo Crimi,ITA,MAG,senior,VT,2,,individual,final,4.4,True,1,suggestion_8d8fd239edaaf17a,context_correction,0.65,"Same athlete/event/apparatus exists in the score sheet, but format, round, or day is different.",Italian Championships,2019,Lorenzo Crimi,ITA,MAG,senior,VT,2,,apparatus,final,13.8,4.4,MAG,5888,"[{""suggestion_id"": ""suggestion_8d8fd239edaaf17a"", ""suggestion_type"": ""context_correction"", ""confidence"": 0.65, ""message"": ""Same athlete/event/apparatus exists in the score sheet, but format, round, or day is different."", ""action"": ""attach_d_score_to_target_result"", ""changes"": {""format"": {""from"": ""individual"", ""to"": ""apparatus""}, ""round"": {""from"": ""final"", ""to"": ""final""}, ""day"": {""from"": null, ""to"": null}}, ""target_result"": {""event_name"": ""Italian Championships"", ""year"": 2019, ""athlete_name"": ""Lorenzo Crimi"", ""country"": ""ITA"", ""discipline"": ""MAG"", ""category"": ""senior"", ""apparatus"": ""VT"", ""vt_attempt"": 2, ""day"": null, ""format"": ""apparatus"", ""round"": ""final"", ""score"": 13.8, ""D_score"": 4.4, ""vault_attempt_order_uncertain"": true, ""source_sheet"": ""MAG"", ""source_row"": 5888, ""target_id"": ""target_5cc03f264e9986d6""}}]"
orphan_d270fe62bf101986,missing_final_score_for_context,review,"The athlete/event exists, but not this apparatus/context.",MAG D,5169,Italian Championships,2019,Luca Lino Garza,ITA,MAG,senior,VT,2,,individual,final,5.2,True,0,,,,,,,,,,,,,,,,,,,,[]
orphan_9867aae07b61ea58,possible_event_name_mismatch,review,Possible event-name mismatch between the D sheet and the score sheet.,MAG D,5188,Brazilian Championships,2019,Lucas Bitencourt,BRA,MAG,senior,FX,,,apparatus,final,5.7,False,3,suggestion_786c3378b7481fab,event_name_correction,0.885,D-score event 'Brazilian Championships' may match score-sheet event 'Brazilian Event Championships'.,Brazilian Event Championships,2019,Lucas Bitencourt,BRA,MAG,senior,FX,,,apparatus,final,13.1,,MAG,6032,"[{""suggestion_id"": ""suggestion_786c3378b7481fab"", ""suggestion_type"": ""event_name_correction"", ""confidence"": 0.885, ""message"": ""D-score event 'Brazilian Championships' may match score-sheet event 'Brazilian Event Championships'."", ""action"": ""attach_d_score_to_target_result"", ""changes"": {""event_name"": {""from"": ""Brazilian Championships"", ""to"": ""Brazilian Event Championships""}}, ""target_result"": {""event_name"": ""Brazilian Event Championships"", ""year"": 2019, ""athlete_name"": ""Lucas Bitencourt"", ""country"": ""BRA"", ""discipline"": ""MAG"", ""category"": ""senior"", ""apparatus"": ""FX"", ""vt_attempt"": null, ""day"": null, ""format"": ""apparatus"", ""round"": ""final"", ""score"": 13.1, ""D_score"": null, ""vault_attempt_order_uncertain"": false, ""source_sheet"": ""MAG"", ""source_row"": 6032, ""target_id"": ""target_3060d57ac56dd557""}}, {""suggestion_id"": ""suggestion_3062c96840be5bd0"", ""suggestion_type"": ""context_correction"", ""confidence"": 0.65, ""message"": ""Same athlete/event/apparatus exists in the score sheet, but format, round, or day is different."", ""action"": ""attach_d_score_to_target_result"", ""changes"": {""format"": {""from"": ""apparatus"", ""to"": ""team""}, ""round"": {""from"": ""final"", ""to"": ""final""}, ""day"": {""from"": null, ""to"": null}}, ""target_result"": {""event_name"": ""Brazilian Championships"", ""year"": 2019, ""athlete_name"": ""Lucas Bitencourt"", ""country"": ""BRA"", ""discipline"": ""MAG"", ""category"": ""senior"", ""apparatus"": ""FX"", ""vt_attempt"": null, ""day"": null, ""format"": ""team"", ""round"": ""final"", ""score"": 13.55, ""D_score"": null, ""vault_attempt_order_uncertain"": false, ""source_sheet"": ""MAG"", ""source_row"": 6027, ""target_id"": ""target_61612d6def3596e1""}}, {""suggestion_id"": ""suggestion_3f2cbaf933bfc7e9"", ""suggestion_type"": ""context_correction"", ""confidence"": 0.65, ""message"": ""Same athlete/event/apparatus exists in the score sheet, but format, round, or day is different."", ""action"": ""attach_d_score_to_target_result"", ""changes"": {""format"": {""from"": ""apparatus"", ""to"": ""individual""}, ""round"": {""from"": ""final"", ""to"": ""final""}, ""day"": {""from"": null, ""to"": null}}, ""target_result"": {""event_name"": ""Brazilian Championships"", ""year"": 2019, ""athlete_name"": ""Lucas Bitencourt"", ""country"": ""BRA"", ""discipline"": ""MAG"", ""category"": ""senior"", ""apparatus"": ""FX"", ""vt_attempt"": null, ""day"": null, ""format"": ""individual"", ""round"": ""final"", ""score"": 13.55, ""D_score"": 5.7, ""vault_attempt_order_uncertain"": false, ""source_sheet"": ""MAG"", ""source_row"": 6029, ""target_id"": ""target_2af8eab07f7885c2""}}]"
orphan_ae1c40f08c7d57eb,possible_event_name_mismatch,review,Possible event-name mismatch between the D sheet and the score sheet.,MAG D,5188,Brazilian Championships,2019,Lucas Bitencourt,BRA,MAG,senior,HB,,,apparatus,final,5.9,False,3,suggestion_f16ef0e9909dd86c,event_name_correction,0.885,D-score event 'Brazilian Championships' may match score-sheet event 'Brazilian Event Championships'.,Brazilian Event Championships,2019,Lucas Bitencourt,BRA,MAG,senior,HB,,,apparatus,final,14.25,,MAG,6032,"[{""suggestion_id"": ""suggestion_f16ef0e9909dd86c"", ""suggestion_type"": ""event_name_correction"", ""confidence"": 0.885, ""message"": ""D-score event 'Brazilian Championships' may match score-sheet event 'Brazilian Event Championships'."", ""action"": ""attach_d_score_to_target_result"", ""changes"": {""event_name"": {""from"": ""Brazilian Championships"", ""to"": ""Brazilian Event Championships""}}, ""target_result"": {""event_name"": ""Brazilian Event Championships"", ""year"": 2019, ""athlete_name"": ""Lucas Bitencourt"", ""country"": ""BRA"", ""discipline"": ""MAG"", ""category"": ""senior"", ""apparatus"": ""HB"", ""vt_attempt"": null, ""day"": null, ""format"": ""apparatus"", ""round"": ""final"", ""score"": 14.25, ""D_score"": null, ""vault_attempt_order_uncertain"": false, ""source_sheet"": ""MAG"", ""source_row"": 6032, ""target_id"": ""target_eaba2a3faed895b7""}}, {""suggestion_id"": ""suggestion_7e87ecf2b9a1870d"", ""suggestion_type"": ""context_correction"", ""confidence"": 0.65, ""message"": ""Same athlete/event/apparatus exists in the score sheet, but format, round, or day is different."", ""action"": ""attach_d_score_to_target_result"", ""changes"": {""format"": {""from"": ""apparatus"", ""to"": ""team""}, ""round"": {""from"": ""final"", ""to"": ""final""}, ""day"": {""from"": null, ""to"": null}}, ""target_result"": {""event_name"": ""Brazilian Championships"", ""year"": 2019, ""athlete_name"": ""Lucas Bitencourt"", ""country"": ""BRA"", ""discipline"": ""MAG"", ""category"": ""senior"", ""apparatus"": ""HB"", ""vt_attempt"": null, ""day"": null, ""format"": ""team"", ""round"": ""final"", ""score"": 13.55, ""D_score"": null, ""vault_attempt_order_uncertain"": false, ""source_sheet"": ""MAG"", ""source_row"": 6027, ""target_id"": ""target_0018a6c357f13458""}}, {""suggestion_id"": ""suggestion_d138b1cb4475be78"", ""suggestion_type"": ""context_correction"", ""confidence"": 0.65, ""message"": ""Same athlete/event/apparatus exists in the score sheet, but format, round, or day is different."", ""action"": ""attach_d_score_to_target_result"", ""changes"": {""format"": {""from"": ""apparatus"", ""to"": ""individual""}, ""round"": {""from"": ""final"", ""to"": ""final""}, ""day"": {""from"": null, ""to"": null}}, ""target_result"": {""event_name"": ""Brazilian Championships"", ""year"": 2019, ""athlete_name"": ""Lucas Bitencourt"", ""country"": ""BRA"", ""discipline"": ""MAG"", ""category"": ""senior"", ""apparatus"": ""HB"", ""vt_attempt"": null, ""day"": null, ""format"": ""individual"", ""round"": ""final"", ""score"": 13.25, ""D_score"": 5.8, ""vault_attempt_order_uncertain"": false, ""source_sheet"": ""MAG"", ""source_row"": 6029, ""target_id"": ""target_8d2fef93bfa865c3""}}]"
orphan_1aca87fd2ace7d88,possible_event_name_mismatch,review,Possible event-name mismatch between the D sheet and the score sheet.,MAG D,5188,Brazilian Championships,2019,Lucas Bitencourt,BRA,MAG,senior,PB,,,apparatus,final,5.6,False,3,suggestion_c634d09fbfbb8ba6,event_name_correction,0.885,D-score event 'Brazilian Championships' may match score-sheet event 'Brazilian Event Championships'.,Brazilian Event Championships,2019,Lucas Bitencourt,BRA,MAG,senior,PB,,,apparatus,final,12.7,,MAG,6032,"[{""suggestion_id"": ""suggestion_c634d09fbfbb8ba6"", ""suggestion_type"": ""event_name_correction"", ""confidence"": 0.885, ""message"": ""D-score event 'Brazilian Championships' may match score-sheet event 'Brazilian Event Championships'."", ""action"": ""attach_d_score_to_target_result"", ""changes"": {""event_name"": {""from"": ""Brazilian Championships"", ""to"": ""Brazilian Event Championships""}}, ""target_result"": {""event_name"": ""Brazilian Event Championships"", ""year"": 2019, ""athlete_name"": ""Lucas Bitencourt"", ""country"": ""BRA"", ""discipline"": ""MAG"", ""category"": ""senior"", ""apparatus"": ""PB"", ""vt_attempt"": null, ""day"": null, ""format"": ""apparatus"", ""round"": ""final"", ""score"": 12.7, ""D_score"": null, ""vault_attempt_order_uncertain"": false, ""source_sheet"": ""MAG"", ""source_row"": 6032, ""target_id"": ""target_56480a1125198dbc""}}, {""suggestion_id"": ""suggestion_9078a41e3a38cdfd"", ""suggestion_type"": ""context_correction"", ""confidence"": 0.65, ""message"": ""Same athlete/event/apparatus exists in the score sheet, but format, round, or day is different."", ""action"": ""attach_d_score_to_target_result"", ""changes"": {""format"": {""from"": ""apparatus"", ""to"": ""team""}, ""round"": {""from"": ""final"", ""to"": ""final""}, ""day"": {""from"": null, ""to"": null}}, ""target_result"": {""event_name"": ""Brazilian Championships"", ""year"": 2019, ""athlete_name"": ""Lucas Bitencourt"", ""country"": ""BRA"", ""discipline"": ""MAG"", ""category"": ""senior"", ""apparatus"": ""PB"", ""vt_attempt"": null, ""day"": null, ""format"": ""team"", ""round"": ""final"", ""score"": 13.95, ""D_score"": null, ""vault_attempt_order_uncertain"": false, ""source_sheet"": ""MAG"", ""source_row"": 6027, ""target_id"": ""target_8ecb81b697def59e""}}, {""suggestion_id"": ""suggestion_d0635f139044e615"", ""suggestion_type"": ""context_correction"", ""confidence"": 0.65, ""message"": ""Same athlete/event/apparatus exists in the score sheet, but format, round, or day is different."", ""action"": ""attach_d_score_to_target_result"", ""changes"": {""format"": {""from"": ""apparatus"", ""to"": ""individual""}, ""round"": {""from"": ""final"", ""to"": ""final""}, ""day"": {""from"": null, ""to"": null}}, ""target_result"": {""event_name"": ""Brazilian Championships"", ""year"": 2019, ""athlete_name"": ""Lucas Bitencourt"", ""country"": ""BRA"", ""discipline"": ""MAG"", ""category"": ""senior"", ""apparatus"": ""PB"", ""vt_attempt"": null, ""day"": null, ""format"": ""individual"", ""round"": ""final"", ""score"": 12.1, ""D_score"": 5.4, ""vault_attempt_order_uncertain"": false, ""source_sheet"": ""MAG"", ""source_row"": 6029, ""target_id"": ""target_70bf5ca6f03e8061""}}]"
orphan_cafec38ddf80a179,possible_event_name_mismatch,review,Possible event-name mismatch between the D sheet and the score sheet.,MAG D,5188,Brazilian Championships,2019,Lucas Bitencourt,BRA,MAG,senior,PH,,,apparatus,final,5.6,False,3,suggestion_1817c59beb0855e0,event_name_correction,0.885,D-score event 'Brazilian Championships' may match score-sheet event 'Brazilian Event Championships'.,Brazilian Event Championships,2019,Lucas Bitencourt,BRA,MAG,senior,PH,,,apparatus,final,13.55,,MAG,6032,"[{""suggestion_id"": ""suggestion_1817c59beb0855e0"", ""suggestion_type"": ""event_name_correction"", ""confidence"": 0.885, ""message"": ""D-score event 'Brazilian Championships' may match score-sheet event 'Brazilian Event Championships'."", ""action"": ""attach_d_score_to_target_result"", ""changes"": {""event_name"": {""from"": ""Brazilian Championships"", ""to"": ""Brazilian Event Championships""}}, ""target_result"": {""event_name"": ""Brazilian Event Championships"", ""year"": 2019, ""athlete_name"": ""Lucas Bitencourt"", ""country"": ""BRA"", ""discipline"": ""MAG"", ""category"": ""senior"", ""apparatus"": ""PH"", ""vt_attempt"": null, ""day"": null, ""format"": ""apparatus"", ""round"": ""final"", ""score"": 13.55, ""D_score"": null, ""vault_attempt_order_uncertain"": false, ""source_sheet"": ""MAG"", ""source_row"": 6032, ""target_id"": ""target_62a6cdb1ac2cddd1""}}, {""suggestion_id"": ""suggestion_eee5ec788db1cdae"", ""suggestion_type"": ""context_correction"", ""confidence"": 0.65, ""message"": ""Same athlete/event/apparatus exists in the score sheet, but format, round, or day is different."", ""action"": ""attach_d_score_to_target_result"", ""changes"": {""format"": {""from"": ""apparatus"", ""to"": ""team""}, ""round"": {""from"": ""final"", ""to"": ""final""}, ""day"": {""from"": null, ""to"": null}}, ""target_result"": {""event_name"": ""Brazilian Championships"", ""year"": 2019, ""athlete_name"": ""Lucas Bitencourt"", ""country"": ""BRA"", ""discipline"": ""MAG"", ""category"": ""senior"", ""apparatus"": ""PH"", ""vt_attempt"": null, ""day"": null, ""format"": ""team"", ""round"": ""final"", ""score"": 12.55, ""D_score"": null, ""vault_attempt_order_uncertain"": false, ""source_sheet"": ""MAG"", ""source_row"": 6027, ""target_id"": ""target_0551b7b88d174ce0""}}, {""suggestion_id"": ""suggestion_f44a982b2620289b"", ""suggestion_type"": ""context_correction"", ""confidence"": 0.65, ""message"": ""Same athlete/event/apparatus exists in the score sheet, but format, round, or day is different."", ""action"": ""attach_d_score_to_target_result"", ""changes"": {""format"": {""from"": ""apparatus"", ""to"": ""individual""}, ""round"": {""from"": ""final"", ""to"": ""final""}, ""day"": {""from"": null, ""to"": null}}, ""target_result"": {""event_name"": ""Brazilian Championships"", ""year"": 2019, ""athlete_name"": ""Lucas Bitencourt"", ""country"": ""BRA"", ""discipline"": ""MAG"", ""category"": ""senior"", ""apparatus"": ""PH"", ""vt_attempt"": null, ""day"": null, ""format"": ""individual"", ""round"": ""final"", ""score"": 12.75, ""D_score"": 5.6, ""vault_attempt_order_uncertain"": false, ""source_sheet"": ""MAG"", ""source_row"": 6029, ""target_id"": ""target_699e7abac7bb8fc2""}}]"
orphan_6dee8365a1c589b2,possible_event_name_mismatch,review,Possible event-name mismatch between the D sheet and the score sheet.,MAG D,5188,Brazilian Championships,2019,Lucas Bitencourt,BRA,MAG,senior,SR,,,apparatus,final,5.5,False,3,suggestion_6f72ee37c635c37f,event_name_correction,0.885,D-score event 'Brazilian Championships' may match score-sheet event 'Brazilian Event Championships'.,Brazilian Event Championships,2019,Lucas Bitencourt,BRA,MAG,senior,SR,,,apparatus,final,13.75,,MAG,6032,"[{""suggestion_id"": ""suggestion_6f72ee37c635c37f"", ""suggestion_type"": ""event_name_correction"", ""confidence"": 0.885, ""message"": ""D-score event 'Brazilian Championships' may match score-sheet event 'Brazilian Event Championships'."", ""action"": ""attach_d_score_to_target_result"", ""changes"": {""event_name"": {""from"": ""Brazilian Championships"", ""to"": ""Brazilian Event Championships""}}, ""target_result"": {""event_name"": ""Brazilian Event Championships"", ""year"": 2019, ""athlete_name"": ""Lucas Bitencourt"", ""country"": ""BRA"", ""discipline"": ""MAG"", ""category"": ""senior"", ""apparatus"": ""SR"", ""vt_attempt"": null, ""day"": null, ""format"": ""apparatus"", ""round"": ""final"", ""score"": 13.75, ""D_score"": null, ""vault_attempt_order_uncertain"": false, ""source_sheet"": ""MAG"", ""source_row"": 6032, ""target_id"": ""target_cd3a333476931798""}}, {""suggestion_id"": ""suggestion_6de6a09f653f098a"", ""suggestion_type"": ""context_correction"", ""confidence"": 0.65, ""message"": ""Same athlete/event/apparatus exists in the score sheet, but format, round, or day is different."", ""action"": ""attach_d_score_to_target_result"", ""changes"": {""format"": {""from"": ""apparatus"", ""to"": ""team""}, ""round"": {""from"": ""final"", ""to"": ""final""}, ""day"": {""from"": null, ""to"": null}}, ""target_result"": {""event_name"": ""Brazilian Championships"", ""year"": 2019, ""athlete_name"": ""Lucas Bitencourt"", ""country"": ""BRA"", ""discipline"": ""MAG"", ""category"": ""senior"", ""apparatus"": ""SR"", ""vt_attempt"": null, ""day"": null, ""format"": ""team"", ""round"": ""final"", ""score"": 13.8, ""D_score"": null, ""vault_attempt_order_uncertain"": false, ""source_sheet"": ""MAG"", ""source_row"": 6027, ""target_id"": ""target_c67caa35bf772e36""}}, {""suggestion_id"": ""suggestion_990c2cf11421f6e5"", ""suggestion_type"": ""context_correction"", ""confidence"": 0.65, ""message"": ""Same athlete/event/apparatus exists in the score sheet, but format, round, or day is different."", ""action"": ""attach_d_score_to_target_result"", ""changes"": {""format"": {""from"": ""apparatus"", ""to"": ""individual""}, ""round"": {""from"": ""final"", ""to"": ""final""}, ""day"": {""from"": null, ""to"": null}}, ""target_result"": {""event_name"": ""Brazilian Championships"", ""year"": 2019, ""athlete_name"": ""Lucas Bitencourt"", ""country"": ""BRA"", ""discipline"": ""MAG"", ""category"": ""senior"", ""apparatus"": ""SR"", ""vt_attempt"": null, ""day"": null, ""format"": ""individual"", ""round"": ""final"", ""score"": 13.65, ""D_score"": 5.2, ""vault_attempt_order_uncertain"": false, ""source_sheet"": ""MAG"", ""source_row"": 6029, ""target_id"": ""target_8998f8f99cf8c4d7""}}]"
orphan_b36b2472266f6547,possible_context_mismatch,review,"Possible format, round, or day mismatch.",MAG D,5205,French Championships,2019,Lucas Desanges,FRA,MAG,junior,PB,,,apparatus,final,4.7,False,1,suggestion_1348eae3010b8820,context_correction,0.65,"Same athlete/event/apparatus exists in the score sheet, but format, round, or day is different.",French Championships,2019,Lucas Desanges,FRA,MAG,junior,PB,,,individual,final,9.05,4.3,MAG,6046,"[{""suggestion_id"": ""suggestion_1348eae3010b8820"", ""suggestion_type"": ""context_correction"", ""confidence"": 0.65, ""message"": ""Same athlete/event/apparatus exists in the score sheet, but format, round, or day is different."", ""action"": ""attach_d_score_to_target_result"", ""changes"": {""format"": {""from"": ""apparatus"", ""to"": ""individual""}, ""round"": {""from"": ""final"", ""to"": ""final""}, ""day"": {""from"": null, ""to"": null}}, ""target_result"": {""event_name"": ""French Championships"", ""year"": 2019, ""athlete_name"": ""Lucas Desanges"", ""country"": ""FRA"", ""discipline"": ""MAG"", ""category"": ""junior"", ""apparatus"": ""PB"", ""vt_attempt"": null, ""day"": null, ""format"": ""individual"", ""round"": ""final"", ""score"": 9.05, ""D_score"": 4.3, ""vault_attempt_order_uncertain"": false, ""source_sheet"": ""MAG"", ""source_row"": 6046, ""target_id"": ""target_f5228865dc8c648c""}}]"
orphan_420eb2e84772848a,possible_event_name_mismatch,review,Possible event-name mismatch between the D sheet and the score sheet.,MAG D,5265,Brazilian Championships,2019,Luis Porto,BRA,MAG,senior,HB,,,apparatus,final,4.7,False,2,suggestion_b5a6f5125106dfa8,event_name_correction,0.885,D-score event 'Brazilian Championships' may match score-sheet event 'Brazilian Event Championships'.,Brazilian Event Championships,2019,Luis Porto,BRA,MAG,senior,HB,,,apparatus,final,13.0,,MAG,6113,"[{""suggestion_id"": ""suggestion_b5a6f5125106dfa8"", ""suggestion_type"": ""event_name_correction"", ""confidence"": 0.885, ""message"": ""D-score event 'Brazilian Championships' may match score-sheet event 'Brazilian Event Championships'."", ""action"": ""attach_d_score_to_target_result"", ""changes"": {""event_name"": {""from"": ""Brazilian Championships"", ""to"": ""Brazilian Event Championships""}}, ""target_result"": {""event_name"": ""Brazilian Event Championships"", ""year"": 2019, ""athlete_name"": ""Luis Porto"", ""country"": ""BRA"", ""discipline"": ""MAG"", ""category"": ""senior"", ""apparatus"": ""HB"", ""vt_attempt"": null, ""day"": null, ""format"": ""apparatus"", ""round"": ""final"", ""score"": 13.0, ""D_score"": null, ""vault_attempt_order_uncertain"": false, ""source_sheet"": ""MAG"", ""source_row"": 6113, ""target_id"": ""target_25006ef045ff2380""}}, {""suggestion_id"": ""suggestion_cbcbe9d9da8699e2"", ""suggestion_type"": ""context_correction"", ""confidence"": 0.65, ""message"": ""Same athlete/event/apparatus exists in the score sheet, but format, round, or day is different."", ""action"": ""attach_d_score_to_target_result"", ""changes"": {""format"": {""from"": ""apparatus"", ""to"": ""individual""}, ""round"": {""from"": ""final"", ""to"": ""final""}, ""day"": {""from"": null, ""to"": null}}, ""target_result"": {""event_name"": ""Brazilian Championships"", ""year"": 2019, ""athlete_name"": ""Luis Porto"", ""country"": ""BRA"", ""discipline"": ""MAG"", ""category"": ""senior"", ""apparatus"": ""HB"", ""vt_attempt"": null, ""day"": null, ""format"": ""individual"", ""round"": ""final"", ""score"": 12.15, ""D_score"": 4.6, ""vault_attempt_order_uncertain"": false, ""source_sheet"": ""MAG"", ""source_row"": 6111, ""target_id"": ""target_01e5fd49ce9f246f""}}]"
orphan_278dd6df171de159,possible_event_name_mismatch,review,Possible event-name mismatch between the D sheet and the score sheet.,MAG D,5265,Brazilian Championships,2019,Luis Porto,BRA,MAG,senior,PB,,,apparatus,final,4.9,False,2,suggestion_ca45cf2503ef2247,event_name_correction,0.885,D-score event 'Brazilian Championships' may match score-sheet event 'Brazilian Event Championships'.,Brazilian Event Championships,2019,Luis Porto,BRA,MAG,senior,PB,,,apparatus,final,12.8,,MAG,6113,"[{""suggestion_id"": ""suggestion_ca45cf2503ef2247"", ""suggestion_type"": ""event_name_correction"", ""confidence"": 0.885, ""message"": ""D-score event 'Brazilian Championships' may match score-sheet event 'Brazilian Event Championships'."", ""action"": ""attach_d_score_to_target_result"", ""changes"": {""event_name"": {""from"": ""Brazilian Championships"", ""to"": ""Brazilian Event Championships""}}, ""target_result"": {""event_name"": ""Brazilian Event Championships"", ""year"": 2019, ""athlete_name"": ""Luis Porto"", ""country"": ""BRA"", ""discipline"": ""MAG"", ""category"": ""senior"", ""apparatus"": ""PB"", ""vt_attempt"": null, ""day"": null, ""format"": ""apparatus"", ""round"": ""final"", ""score"": 12.8, ""D_score"": null, ""vault_attempt_order_uncertain"": false, ""source_sheet"": ""MAG"", ""source_row"": 6113, ""target_id"": ""target_69ba284d5d3d1cf9""}}, {""suggestion_id"": ""suggestion_fe8e98c88d39b2bb"", ""suggestion_type"": ""context_correction"", ""confidence"": 0.65, ""message"": ""Same athlete/event/apparatus exists in the score sheet, but format, round, or day is different."", ""action"": ""attach_d_score_to_target_result"", ""changes"": {""format"": {""from"": ""apparatus"", ""to"": ""individual""}, ""round"": {""from"": ""final"", ""to"": ""final""}, ""day"": {""from"": null, ""to"": null}}, ""target_result"": {""event_name"": ""Brazilian Championships"", ""year"": 2019, ""athlete_name"": ""Luis Porto"", ""country"": ""BRA"", ""discipline"": ""MAG"", ""category"": ""senior"", ""apparatus"": ""PB"", ""vt_attempt"": null, ""day"": null, ""format"": ""individual"", ""round"": ""final"", ""score"": 12.55, ""D_score"": 5.0, ""vault_attempt_order_uncertain"": false, ""source_sheet"": ""MAG"", ""source_row"": 6111, ""target_id"": ""target_e3f7debda43bc807""}}]"
orphan_f60c21d4a38a80ca,possible_event_name_mismatch,review,Possible event-name mismatch between the D sheet and the score sheet.,MAG D,5265,Brazilian Championships,2019,Luis Porto,BRA,MAG,senior,PH,,,apparatus,final,5.3,False,2,suggestion_8c65a7d8ed1dcf49,event_name_correction,0.885,D-score event 'Brazilian Championships' may match score-sheet event 'Brazilian Event Championships'.,Brazilian Event Championships,2019,Luis Porto,BRA,MAG,senior,PH,,,apparatus,final,13.1,,MAG,6113,"[{""suggestion_id"": ""suggestion_8c65a7d8ed1dcf49"", ""suggestion_type"": ""event_name_correction"", ""confidence"": 0.885, ""message"": ""D-score event 'Brazilian Championships' may match score-sheet event 'Brazilian Event Championships'."", ""action"": ""attach_d_score_to_target_result"", ""changes"": {""event_name"": {""from"": ""Brazilian Championships"", ""to"": ""Brazilian Event Championships""}}, ""target_result"": {""event_name"": ""Brazilian Event Championships"", ""year"": 2019, ""athlete_name"": ""Luis Porto"", ""country"": ""BRA"", ""discipline"": ""MAG"", ""category"": ""senior"", ""apparatus"": ""PH"", ""vt_attempt"": null, ""day"": null, ""format"": ""apparatus"", ""round"": ""final"", ""score"": 13.1, ""D_score"": null, ""vault_attempt_order_uncertain"": false, ""source_sheet"": ""MAG"", ""source_row"": 6113, ""target_id"": ""target_a2204894516e7f1b""}}, {""suggestion_id"": ""suggestion_c9231be072fe66b0"", ""suggestion_type"": ""context_correction"", ""confidence"": 0.65, ""message"": ""Same athlete/event/apparatus exists in the score sheet, but format, round, or day is different."", ""action"": ""attach_d_score_to_target_result"", ""changes"": {""format"": {""from"": ""apparatus"", ""to"": ""individual""}, ""round"": {""from"": ""final"", ""to"": ""final""}, ""day"": {""from"": null, ""to"": null}}, ""target_result"": {""event_name"": ""Brazilian Championships"", ""year"": 2019, ""athlete_name"": ""Luis Porto"", ""country"": ""BRA"", ""discipline"": ""MAG"", ""category"": ""senior"", ""apparatus"": ""PH"", ""vt_attempt"": null, ""day"": null, ""format"": ""individual"", ""round"": ""final"", ""score"": 10.7, ""D_score"": 5.1, ""vault_attempt_order_uncertain"": false, ""source_sheet"": ""MAG"", ""source_row"": 6111, ""target_id"": ""target_fe91aa5e0334f2a0""}}]"
orphan_fab179b0e1982bc7,possible_event_name_mismatch,review,Possible event-name mismatch between the D sheet and the score sheet.,MAG D,5265,Brazilian Championships,2019,Luis Porto,BRA,MAG,senior,SR,,,apparatus,final,4.5,False,2,suggestion_74fbd98a38086744,event_name_correction,0.885,D-score event 'Brazilian Championships' may match score-sheet event 'Brazilian Event Championships'.,Brazilian Event Championships,2019,Luis Porto,BRA,MAG,senior,SR,,,apparatus,final,13.0,,MAG,6113,"[{""suggestion_id"": ""suggestion_74fbd98a38086744"", ""suggestion_type"": ""event_name_correction"", ""confidence"": 0.885, ""message"": ""D-score event 'Brazilian Championships' may match score-sheet event 'Brazilian Event Championships'."", ""action"": ""attach_d_score_to_target_result"", ""changes"": {""event_name"": {""from"": ""Brazilian Championships"", ""to"": ""Brazilian Event Championships""}}, ""target_result"": {""event_name"": ""Brazilian Event Championships"", ""year"": 2019, ""athlete_name"": ""Luis Porto"", ""country"": ""BRA"", ""discipline"": ""MAG"", ""category"": ""senior"", ""apparatus"": ""SR"", ""vt_attempt"": null, ""day"": null, ""format"": ""apparatus"", ""round"": ""final"", ""score"": 13.0, ""D_score"": null, ""vault_attempt_order_uncertain"": false, ""source_sheet"": ""MAG"", ""source_row"": 6113, ""target_id"": ""target_d043d92392116b76""}}, {""suggestion_id"": ""suggestion_b8df607ac2e7990d"", ""suggestion_type"": ""context_correction"", ""confidence"": 0.65, ""message"": ""Same athlete/event/apparatus exists in the score sheet, but format, round, or day is different."", ""action"": ""attach_d_score_to_target_result"", ""changes"": {""format"": {""from"": ""apparatus"", ""to"": ""individual""}, ""round"": {""from"": ""final"", ""to"": ""final""}, ""day"": {""from"": null, ""to"": null}}, ""target_result"": {""event_name"": ""Brazilian Championships"", ""year"": 2019, ""athlete_name"": ""Luis Porto"", ""country"": ""BRA"", ""discipline"": ""MAG"", ""category"": ""senior"", ""apparatus"": ""SR"", ""vt_attempt"": null, ""day"": null, ""format"": ""individual"", ""round"": ""final"", ""score"": 12.3, ""D_score"": 4.5, ""vault_attempt_order_uncertain"": false, ""source_sheet"": ""MAG"", ""source_row"": 6111, ""target_id"": ""target_c96c979ca58a5560""}}]"
orphan_3b093dcf420b8539,athlete_missing_in_score_sheet,review,"The event/apparatus/context exists, but this athlete is missing in the score sheet.",MAG D,5281,Croatian Championships,2019,Luka Sedmak,CRO,MAG,junior,FX,,,individual,final,2.8,False,0,,,,,,,,,,,,,,,,,,,,[]
orphan_90eaf163fe691f08,athlete_missing_in_score_sheet,review,"The event/apparatus/context exists, but this athlete is missing in the score sheet.",MAG D,5281,Croatian Championships,2019,Luka Sedmak,CRO,MAG,junior,HB,,,individual,final,0.6,False,0,,,,,,,,,,,,,,,,,,,,[]
orphan_cdd7ec8a6f950882,athlete_missing_in_score_sheet,review,"The event/apparatus/context exists, but this athlete is missing in the score sheet.",MAG D,5281,Croatian Championships,2019,Luka Sedmak,CRO,MAG,junior,PB,,,individual,final,2.3,False,0,,,,,,,,,,,,,,,,,,,,[]
orphan_a9a2411e99979168,athlete_missing_in_score_sheet,review,"The event/apparatus/context exists, but this athlete is missing in the score sheet.",MAG D,5281,Croatian Championships,2019,Luka Sedmak,CRO,MAG,junior,PH,,,individual,final,2.4,False,0,,,,,,,,,,,,,,,,,,,,[]
orphan_cb1ad6988eabb2a3,athlete_missing_in_score_sheet,review,"The event/apparatus/context exists, but this athlete is missing in the score sheet.",MAG D,5281,Croatian Championships,2019,Luka Sedmak,CRO,MAG,junior,SR,,,individual,final,2.2,False,0,,,,,,,,,,,,,,,,,,,,[]
orphan_b5af870640e9b79b,athlete_missing_in_score_sheet,review,"The event/apparatus/context exists, but this athlete is missing in the score sheet.",MAG D,5281,Croatian Championships,2019,Luka Sedmak,CRO,MAG,junior,VT,1,,individual,final,1.6,True,0,,,,,,,,,,,,,,,,,,,,[]
orphan_d0c77db980c6cbef,athlete_missing_in_score_sheet,review,"The event/apparatus/context exists, but this athlete is missing in the score sheet.",MAG D,5281,Croatian Championships,2019,Luka Sedmak,CRO,MAG,junior,VT,2,,individual,final,1.6,True,0,,,,,,,,,,,,,,,,,,,,[]
orphan_a5d4b14466fb66fd,possible_context_mismatch,review,"Possible format, round, or day mismatch.",MAG D,5334,Mälar Cup,2019,Lukas Houser,SWE,MAG,junior,VT,2,,individual,final,3.2,True,1,suggestion_6691ebfb5291eadb,context_correction,0.65,"Same athlete/event/apparatus exists in the score sheet, but format, round, or day is different.",Mälar Cup,2019,Lukas Houser,SWE,MAG,junior,VT,2,,apparatus,final,12.6,3.2,MAG,6187,"[{""suggestion_id"": ""suggestion_6691ebfb5291eadb"", ""suggestion_type"": ""context_correction"", ""confidence"": 0.65, ""message"": ""Same athlete/event/apparatus exists in the score sheet, but format, round, or day is different."", ""action"": ""attach_d_score_to_target_result"", ""changes"": {""format"": {""from"": ""individual"", ""to"": ""apparatus""}, ""round"": {""from"": ""final"", ""to"": ""final""}, ""day"": {""from"": null, ""to"": null}}, ""target_result"": {""event_name"": ""Mälar Cup"", ""year"": 2019, ""athlete_name"": ""Lukas Houser"", ""country"": ""SWE"", ""discipline"": ""MAG"", ""category"": ""junior"", ""apparatus"": ""VT"", ""vt_attempt"": 2, ""day"": null, ""format"": ""apparatus"", ""round"": ""final"", ""score"": 12.6, ""D_score"": 3.2, ""vault_attempt_order_uncertain"": true, ""source_sheet"": ""MAG"", ""source_row"": 6187, ""target_id"": ""target_89e059dadf153edb""}}]"
orphan_c533905bebc8de37,missing_final_score_for_context,review,"The athlete/event exists, but not this apparatus/context.",MAG D,5336,Swedish Junior Men's Championships,2019,Lukas Houser,SWE,MAG,junior,VT,2,,individual,final,2.8,True,0,,,,,,,,,,,,,,,,,,,,[]
orphan_1afec9cfce62c7b9,possible_context_mismatch,review,"Possible format, round, or day mismatch.",MAG D,5342,Nordic Junior Championships,2019,Lukas Norin,SWE,MAG,junior,VT,2,,individual,final,1.6,True,1,suggestion_8108ab70bd5729ec,context_correction,0.65,"Same athlete/event/apparatus exists in the score sheet, but format, round, or day is different.",Nordic Junior Championships,2019,Lukas Norin,SWE,MAG,junior,VT,2,,apparatus,final,10.232,2.4,MAG,6191,"[{""suggestion_id"": ""suggestion_8108ab70bd5729ec"", ""suggestion_type"": ""context_correction"", ""confidence"": 0.65, ""message"": ""Same athlete/event/apparatus exists in the score sheet, but format, round, or day is different."", ""action"": ""attach_d_score_to_target_result"", ""changes"": {""format"": {""from"": ""individual"", ""to"": ""apparatus""}, ""round"": {""from"": ""final"", ""to"": ""final""}, ""day"": {""from"": null, ""to"": null}}, ""target_result"": {""event_name"": ""Nordic Junior Championships"", ""year"": 2019, ""athlete_name"": ""Lukas Norin"", ""country"": ""SWE"", ""discipline"": ""MAG"", ""category"": ""junior"", ""apparatus"": ""VT"", ""vt_attempt"": 2, ""day"": null, ""format"": ""apparatus"", ""round"": ""final"", ""score"": 10.232, ""D_score"": 2.4, ""vault_attempt_order_uncertain"": true, ""source_sheet"": ""MAG"", ""source_row"": 6191, ""target_id"": ""target_89103e8788681734""}}]"
orphan_4b6d2c469d4eea31,missing_final_score_for_context,review,"The athlete/event exists, but not this apparatus/context.",MAG D,5345,Stella Zakharova Cup,2019,Lukasz Borkowski,POL,MAG,senior,VT,2,,individual,final,4.4,True,0,,,,,,,,,,,,,,,,,,,,[]
orphan_c3485c173add0cdb,missing_final_score_for_context,review,"The athlete/event exists, but not this apparatus/context.",MAG D,5404,Danish Championships,2019,Mads Freitag,DEN,MAG,senior,VT,2,,individual,final,2.8,True,0,,,,,,,,,,,,,,,,,,,,[]
orphan_a0afc8e15c7221eb,possible_event_name_mismatch,review,Possible event-name mismatch between the D sheet and the score sheet.,MAG D,5544,Brazilian Championships,2019,Marcus Santos,BRA,MAG,senior,FX,,,individual,final,5.4,False,1,suggestion_1c32ebb5e626402c,event_name_correction,0.885,D-score event 'Brazilian Championships' may match score-sheet event 'Brazilian Event Championships'.,Brazilian Event Championships,2019,Marcus Santos,BRA,MAG,senior,FX,,,individual,final,13.9,,MAG,6424,"[{""suggestion_id"": ""suggestion_1c32ebb5e626402c"", ""suggestion_type"": ""event_name_correction"", ""confidence"": 0.885, ""message"": ""D-score event 'Brazilian Championships' may match score-sheet event 'Brazilian Event Championships'."", ""action"": ""attach_d_score_to_target_result"", ""changes"": {""event_name"": {""from"": ""Brazilian Championships"", ""to"": ""Brazilian Event Championships""}}, ""target_result"": {""event_name"": ""Brazilian Event Championships"", ""year"": 2019, ""athlete_name"": ""Marcus Santos"", ""country"": ""BRA"", ""discipline"": ""MAG"", ""category"": ""senior"", ""apparatus"": ""FX"", ""vt_attempt"": null, ""day"": null, ""format"": ""individual"", ""round"": ""final"", ""score"": 13.9, ""D_score"": null, ""vault_attempt_order_uncertain"": false, ""source_sheet"": ""MAG"", ""source_row"": 6424, ""target_id"": ""target_1d846b748ad1b110""}}]"
orphan_7fb15b915d386823,possible_event_name_mismatch,review,Possible event-name mismatch between the D sheet and the score sheet.,MAG D,5544,Brazilian Championships,2019,Marcus Santos,BRA,MAG,senior,HB,,,individual,final,5.0,False,1,suggestion_d2aa4a2263ed079c,event_name_correction,0.885,D-score event 'Brazilian Championships' may match score-sheet event 'Brazilian Event Championships'.,Brazilian Event Championships,2019,Marcus Santos,BRA,MAG,senior,HB,,,individual,final,12.3,,MAG,6424,"[{""suggestion_id"": ""suggestion_d2aa4a2263ed079c"", ""suggestion_type"": ""event_name_correction"", ""confidence"": 0.885, ""message"": ""D-score event 'Brazilian Championships' may match score-sheet event 'Brazilian Event Championships'."", ""action"": ""attach_d_score_to_target_result"", ""changes"": {""event_name"": {""from"": ""Brazilian Championships"", ""to"": ""Brazilian Event Championships""}}, ""target_result"": {""event_name"": ""Brazilian Event Championships"", ""year"": 2019, ""athlete_name"": ""Marcus Santos"", ""country"": ""BRA"", ""discipline"": ""MAG"", ""category"": ""senior"", ""apparatus"": ""HB"", ""vt_attempt"": null, ""day"": null, ""format"": ""individual"", ""round"": ""final"", ""score"": 12.3, ""D_score"": null, ""vault_attempt_order_uncertain"": false, ""source_sheet"": ""MAG"", ""source_row"": 6424, ""target_id"": ""target_d00243bda7a6023b""}}]"
orphan_bf7c6b388e581f4d,possible_event_name_mismatch,review,Possible event-name mismatch between the D sheet and the score sheet.,MAG D,5544,Brazilian Championships,2019,Marcus Santos,BRA,MAG,senior,PB,,,individual,final,4.3,False,1,suggestion_525547be48bc023b,event_name_correction,0.885,D-score event 'Brazilian Championships' may match score-sheet event 'Brazilian Event Championships'.,Brazilian Event Championships,2019,Marcus Santos,BRA,MAG,senior,PB,,,individual,final,12.25,,MAG,6424,"[{""suggestion_id"": ""suggestion_525547be48bc023b"", ""suggestion_type"": ""event_name_correction"", ""confidence"": 0.885, ""message"": ""D-score event 'Brazilian Championships' may match score-sheet event 'Brazilian Event Championships'."", ""action"": ""attach_d_score_to_target_result"", ""changes"": {""event_name"": {""from"": ""Brazilian Championships"", ""to"": ""Brazilian Event Championships""}}, ""target_result"": {""event_name"": ""Brazilian Event Championships"", ""year"": 2019, ""athlete_name"": ""Marcus Santos"", ""country"": ""BRA"", ""discipline"": ""MAG"", ""category"": ""senior"", ""apparatus"": ""PB"", ""vt_attempt"": null, ""day"": null, ""format"": ""individual"", ""round"": ""final"", ""score"": 12.25, ""D_score"": null, ""vault_attempt_order_uncertain"": false, ""source_sheet"": ""MAG"", ""source_row"": 6424, ""target_id"": ""target_ad1b670d055b5a4b""}}]"
orphan_b6df4a36feedd87d,possible_event_name_mismatch,review,Possible event-name mismatch between the D sheet and the score sheet.,MAG D,5544,Brazilian Championships,2019,Marcus Santos,BRA,MAG,senior,PH,,,individual,final,5.2,False,1,suggestion_afab95810c9c3bc1,event_name_correction,0.885,D-score event 'Brazilian Championships' may match score-sheet event 'Brazilian Event Championships'.,Brazilian Event Championships,2019,Marcus Santos,BRA,MAG,senior,PH,,,individual,final,11.8,,MAG,6424,"[{""suggestion_id"": ""suggestion_afab95810c9c3bc1"", ""suggestion_type"": ""event_name_correction"", ""confidence"": 0.885, ""message"": ""D-score event 'Brazilian Championships' may match score-sheet event 'Brazilian Event Championships'."", ""action"": ""attach_d_score_to_target_result"", ""changes"": {""event_name"": {""from"": ""Brazilian Championships"", ""to"": ""Brazilian Event Championships""}}, ""target_result"": {""event_name"": ""Brazilian Event Championships"", ""year"": 2019, ""athlete_name"": ""Marcus Santos"", ""country"": ""BRA"", ""discipline"": ""MAG"", ""category"": ""senior"", ""apparatus"": ""PH"", ""vt_attempt"": null, ""day"": null, ""format"": ""individual"", ""round"": ""final"", ""score"": 11.8, ""D_score"": null, ""vault_attempt_order_uncertain"": false, ""source_sheet"": ""MAG"", ""source_row"": 6424, ""target_id"": ""target_9ce6ee7ebe92e263""}}]"
orphan_c055918384771a0f,possible_event_name_mismatch,review,Possible event-name mismatch between the D sheet and the score sheet.,MAG D,5544,Brazilian Championships,2019,Marcus Santos,BRA,MAG,senior,SR,,,individual,final,4.7,False,1,suggestion_7363eb5539438729,event_name_correction,0.885,D-score event 'Brazilian Championships' may match score-sheet event 'Brazilian Event Championships'.,Brazilian Event Championships,2019,Marcus Santos,BRA,MAG,senior,SR,,,individual,final,12.7,,MAG,6424,"[{""suggestion_id"": ""suggestion_7363eb5539438729"", ""suggestion_type"": ""event_name_correction"", ""confidence"": 0.885, ""message"": ""D-score event 'Brazilian Championships' may match score-sheet event 'Brazilian Event Championships'."", ""action"": ""attach_d_score_to_target_result"", ""changes"": {""event_name"": {""from"": ""Brazilian Championships"", ""to"": ""Brazilian Event Championships""}}, ""target_result"": {""event_name"": ""Brazilian Event Championships"", ""year"": 2019, ""athlete_name"": ""Marcus Santos"", ""country"": ""BRA"", ""discipline"": ""MAG"", ""category"": ""senior"", ""apparatus"": ""SR"", ""vt_attempt"": null, ""day"": null, ""format"": ""individual"", ""round"": ""final"", ""score"": 12.7, ""D_score"": null, ""vault_attempt_order_uncertain"": false, ""source_sheet"": ""MAG"", ""source_row"": 6424, ""target_id"": ""target_dc2a3c5df5520a7f""}}]"
orphan_2b4b79803701e31a,possible_event_name_mismatch,review,Possible event-name mismatch between the D sheet and the score sheet.,MAG D,5544,Brazilian Championships,2019,Marcus Santos,BRA,MAG,senior,VT,1,,individual,final,4.8,True,1,suggestion_19b8bc0adb4cd611,event_name_correction,0.885,D-score event 'Brazilian Championships' may match score-sheet event 'Brazilian Event Championships'.,Brazilian Event Championships,2019,Marcus Santos,BRA,MAG,senior,VT,1,,individual,final,13.95,,MAG,6424,"[{""suggestion_id"": ""suggestion_19b8bc0adb4cd611"", ""suggestion_type"": ""event_name_correction"", ""confidence"": 0.885, ""message"": ""D-score event 'Brazilian Championships' may match score-sheet event 'Brazilian Event Championships'."", ""action"": ""attach_d_score_to_target_result"", ""changes"": {""event_name"": {""from"": ""Brazilian Championships"", ""to"": ""Brazilian Event Championships""}}, ""target_result"": {""event_name"": ""Brazilian Event Championships"", ""year"": 2019, ""athlete_name"": ""Marcus Santos"", ""country"": ""BRA"", ""discipline"": ""MAG"", ""category"": ""senior"", ""apparatus"": ""VT"", ""vt_attempt"": 1, ""day"": null, ""format"": ""individual"", ""round"": ""final"", ""score"": 13.95, ""D_score"": null, ""vault_attempt_order_uncertain"": true, ""source_sheet"": ""MAG"", ""source_row"": 6424, ""target_id"": ""target_387761b3877ec371""}}]"
orphan_baab41ef8865d559,possible_event_name_mismatch,review,Possible event-name mismatch between the D sheet and the score sheet.,MAG D,5545,Brazilian Championships,2019,Marcus Santos,BRA,MAG,senior,FX,,,apparatus,final,5.4,False,1,suggestion_6200a211d85ee570,event_name_correction,0.885,D-score event 'Brazilian Championships' may match score-sheet event 'Brazilian Event Championships'.,Brazilian Event Championships,2019,Marcus Santos,BRA,MAG,senior,FX,,,apparatus,final,12.65,,MAG,6425,"[{""suggestion_id"": ""suggestion_6200a211d85ee570"", ""suggestion_type"": ""event_name_correction"", ""confidence"": 0.885, ""message"": ""D-score event 'Brazilian Championships' may match score-sheet event 'Brazilian Event Championships'."", ""action"": ""attach_d_score_to_target_result"", ""changes"": {""event_name"": {""from"": ""Brazilian Championships"", ""to"": ""Brazilian Event Championships""}}, ""target_result"": {""event_name"": ""Brazilian Event Championships"", ""year"": 2019, ""athlete_name"": ""Marcus Santos"", ""country"": ""BRA"", ""discipline"": ""MAG"", ""category"": ""senior"", ""apparatus"": ""FX"", ""vt_attempt"": null, ""day"": null, ""format"": ""apparatus"", ""round"": ""final"", ""score"": 12.65, ""D_score"": null, ""vault_attempt_order_uncertain"": false, ""source_sheet"": ""MAG"", ""source_row"": 6425, ""target_id"": ""target_53ffa1bb1d3b890d""}}]"
orphan_d2f341a6a1fc42a4,possible_event_name_mismatch,review,Possible event-name mismatch between the D sheet and the score sheet.,MAG D,5545,Brazilian Championships,2019,Marcus Santos,BRA,MAG,senior,SR,,,apparatus,final,4.4,False,1,suggestion_64bd8aeff187f0ab,event_name_correction,0.885,D-score event 'Brazilian Championships' may match score-sheet event 'Brazilian Event Championships'.,Brazilian Event Championships,2019,Marcus Santos,BRA,MAG,senior,SR,,,apparatus,final,12.0,,MAG,6425,"[{""suggestion_id"": ""suggestion_64bd8aeff187f0ab"", ""suggestion_type"": ""event_name_correction"", ""confidence"": 0.885, ""message"": ""D-score event 'Brazilian Championships' may match score-sheet event 'Brazilian Event Championships'."", ""action"": ""attach_d_score_to_target_result"", ""changes"": {""event_name"": {""from"": ""Brazilian Championships"", ""to"": ""Brazilian Event Championships""}}, ""target_result"": {""event_name"": ""Brazilian Event Championships"", ""year"": 2019, ""athlete_name"": ""Marcus Santos"", ""country"": ""BRA"", ""discipline"": ""MAG"", ""category"": ""senior"", ""apparatus"": ""SR"", ""vt_attempt"": null, ""day"": null, ""format"": ""apparatus"", ""round"": ""final"", ""score"": 12.0, ""D_score"": null, ""vault_attempt_order_uncertain"": false, ""source_sheet"": ""MAG"", ""source_row"": 6425, ""target_id"": ""target_b2bb6b0e9329a39c""}}]"
orphan_412eee638658c07d,possible_context_mismatch,review,"Possible format, round, or day mismatch.",MAG D,5546,Mälar Cup,2019,Marcus Stenberg,SWE,MAG,junior,VT,2,,individual,final,3.2,True,1,suggestion_7f3e45a0d844d889,context_correction,0.65,"Same athlete/event/apparatus exists in the score sheet, but format, round, or day is different.",Mälar Cup,2019,Marcus Stenberg,SWE,MAG,junior,VT,2,,apparatus,final,11.965,3.2,MAG,6432,"[{""suggestion_id"": ""suggestion_7f3e45a0d844d889"", ""suggestion_type"": ""context_correction"", ""confidence"": 0.65, ""message"": ""Same athlete/event/apparatus exists in the score sheet, but format, round, or day is different."", ""action"": ""attach_d_score_to_target_result"", ""changes"": {""format"": {""from"": ""individual"", ""to"": ""apparatus""}, ""round"": {""from"": ""final"", ""to"": ""final""}, ""day"": {""from"": null, ""to"": null}}, ""target_result"": {""event_name"": ""Mälar Cup"", ""year"": 2019, ""athlete_name"": ""Marcus Stenberg"", ""country"": ""SWE"", ""discipline"": ""MAG"", ""category"": ""junior"", ""apparatus"": ""VT"", ""vt_attempt"": 2, ""day"": null, ""format"": ""apparatus"", ""round"": ""final"", ""score"": 11.965, ""D_score"": 3.2, ""vault_attempt_order_uncertain"": true, ""source_sheet"": ""MAG"", ""source_row"": 6432, ""target_id"": ""target_923fb74b02c26346""}}]"
orphan_b1895b890c821315,missing_final_score_for_context,review,"The athlete/event exists, but not this apparatus/context.",MAG D,5547,Swedish Junior Men's Championships,2019,Marcus Stenberg,SWE,MAG,junior,VT,2,,individual,final,3.2,True,0,,,,,,,,,,,,,,,,,,,,[]
orphan_887d120ebc4136d1,missing_final_score_for_context,review,"The athlete/event exists, but not this apparatus/context.",MAG D,5569,Italian Championships,2019,Mario Macchiati,ITA,MAG,senior,VT,2,,individual,final,4.0,True,0,,,,,,,,,,,,,,,,,,,,[]
orphan_2d5b53ae89b5c7fe,athlete_missing_in_score_sheet,review,"The event/apparatus/context exists, but this athlete is missing in the score sheet.",MAG D,5594,Croatian Championships,2019,Marko Sambolec,CRO,MAG,junior,PH,,,individual,final,5.1,False,0,,,,,,,,,,,,,,,,,,,,[]
orphan_e2eb9c59e485d565,missing_score_sheet_context,review,No matching final-score result is available in the score sheet.,MAG D,5610,Iceland Team Championships,2019,Martin Gudmundsson,ISL,MAG,junior,FX,,,individual,final,4.8,False,0,,,,,,,,,,,,,,,,,,,,[]
orphan_92fb8539ca5018e5,missing_score_sheet_context,review,No matching final-score result is available in the score sheet.,MAG D,5610,Iceland Team Championships,2019,Martin Gudmundsson,ISL,MAG,junior,HB,,,individual,final,4.0,False,0,,,,,,,,,,,,,,,,,,,,[]
orphan_b8b4a1a29c851a84,missing_score_sheet_context,review,No matching final-score result is available in the score sheet.,MAG D,5610,Iceland Team Championships,2019,Martin Gudmundsson,ISL,MAG,junior,PB,,,individual,final,3.9,False,0,,,,,,,,,,,,,,,,,,,,[]
orphan_a2cc36d634b19996,missing_score_sheet_context,review,No matching final-score result is available in the score sheet.,MAG D,5610,Iceland Team Championships,2019,Martin Gudmundsson,ISL,MAG,junior,PH,,,individual,final,3.2,False,0,,,,,,,,,,,,,,,,,,,,[]
orphan_e8083f0ca6fa243d,missing_score_sheet_context,review,No matching final-score result is available in the score sheet.,MAG D,5610,Iceland Team Championships,2019,Martin Gudmundsson,ISL,MAG,junior,SR,,,individual,final,3.7,False,0,,,,,,,,,,,,,,,,,,,,[]
orphan_fa73f732ba5e6b2a,missing_score_sheet_context,review,No matching final-score result is available in the score sheet.,MAG D,5610,Iceland Team Championships,2019,Martin Gudmundsson,ISL,MAG,junior,VT,1,,individual,final,4.8,True,0,,,,,,,,,,,,,,,,,,,,[]
orphan_5b0c35c05d8457c2,possible_context_mismatch,review,"Possible format, round, or day mismatch.",MAG D,5611,Nordic Junior Championships,2019,Martin Gudmundsson,ISL,MAG,junior,VT,2,,individual,final,4.0,True,1,suggestion_5ea399fbb58cdcbd,context_correction,0.65,"Same athlete/event/apparatus exists in the score sheet, but format, round, or day is different.",Nordic Junior Championships,2019,Martin Gudmundsson,ISL,MAG,junior,VT,2,,apparatus,final,13.265,4.0,MAG,6497,"[{""suggestion_id"": ""suggestion_5ea399fbb58cdcbd"", ""suggestion_type"": ""context_correction"", ""confidence"": 0.65, ""message"": ""Same athlete/event/apparatus exists in the score sheet, but format, round, or day is different."", ""action"": ""attach_d_score_to_target_result"", ""changes"": {""format"": {""from"": ""individual"", ""to"": ""apparatus""}, ""round"": {""from"": ""final"", ""to"": ""final""}, ""day"": {""from"": null, ""to"": null}}, ""target_result"": {""event_name"": ""Nordic Junior Championships"", ""year"": 2019, ""athlete_name"": ""Martin Gudmundsson"", ""country"": ""ISL"", ""discipline"": ""MAG"", ""category"": ""junior"", ""apparatus"": ""VT"", ""vt_attempt"": 2, ""day"": null, ""format"": ""apparatus"", ""round"": ""final"", ""score"": 13.265, ""D_score"": 4.0, ""vault_attempt_order_uncertain"": true, ""source_sheet"": ""MAG"", ""source_row"": 6497, ""target_id"": ""target_91e5feee120d4136""}}]"
orphan_9ff0d58c0605cb7f,athlete_missing_in_score_sheet,review,"The event/apparatus/context exists, but this athlete is missing in the score sheet.",MAG D,5612,International Junior Team Cup,2019,Martin Gudmundsson,ISL,MAG,junior,FX,,,individual,final,4.7,False,0,,,,,,,,,,,,,,,,,,,,[]
orphan_4e777cdc42cc49df,athlete_missing_in_score_sheet,review,"The event/apparatus/context exists, but this athlete is missing in the score sheet.",MAG D,5612,International Junior Team Cup,2019,Martin Gudmundsson,ISL,MAG,junior,HB,,,individual,final,3.9,False,0,,,,,,,,,,,,,,,,,,,,[]
orphan_92e5d84711d09612,athlete_missing_in_score_sheet,review,"The event/apparatus/context exists, but this athlete is missing in the score sheet.",MAG D,5612,International Junior Team Cup,2019,Martin Gudmundsson,ISL,MAG,junior,PB,,,individual,final,3.9,False,0,,,,,,,,,,,,,,,,,,,,[]
orphan_2df05053482f6e33,athlete_missing_in_score_sheet,review,"The event/apparatus/context exists, but this athlete is missing in the score sheet.",MAG D,5612,International Junior Team Cup,2019,Martin Gudmundsson,ISL,MAG,junior,PH,,,individual,final,3.2,False,0,,,,,,,,,,,,,,,,,,,,[]
orphan_09ef1be5d582a2c6,athlete_missing_in_score_sheet,review,"The event/apparatus/context exists, but this athlete is missing in the score sheet.",MAG D,5612,International Junior Team Cup,2019,Martin Gudmundsson,ISL,MAG,junior,SR,,,individual,final,3.9,False,0,,,,,,,,,,,,,,,,,,,,[]
orphan_4504200708110ff8,athlete_missing_in_score_sheet,review,"The event/apparatus/context exists, but this athlete is missing in the score sheet.",MAG D,5612,International Junior Team Cup,2019,Martin Gudmundsson,ISL,MAG,junior,VT,1,,individual,final,4.8,True,0,,,,,,,,,,,,,,,,,,,,[]
orphan_163b45a3a43ea997,athlete_missing_in_score_sheet,review,"The event/apparatus/context exists, but this athlete is missing in the score sheet.",MAG D,5615,International Junior Team Cup,2019,Martin Gudmundsson,ISL,MAG,junior,VT,1,,apparatus,final,4.8,True,0,,,,,,,,,,,,,,,,,,,,[]
orphan_87c693f00bcb1533,athlete_missing_in_score_sheet,review,"The event/apparatus/context exists, but this athlete is missing in the score sheet.",MAG D,5615,International Junior Team Cup,2019,Martin Gudmundsson,ISL,MAG,junior,VT,2,,apparatus,final,4.0,True,0,,,,,,,,,,,,,,,,,,,,[]
orphan_45e65400af25b4de,missing_final_score_for_context,review,"The athlete/event exists, but not this apparatus/context.",MAG D,5620,Austrian Championships,2019,Martin Miggitsch,AUT,MAG,junior,VT,2,,individual,final,2.8,True,0,,,,,,,,,,,,,,,,,,,,[]
orphan_48fb01df64068ab2,possible_context_mismatch,review,"Possible format, round, or day mismatch.",MAG D,5621,Austrian Championships,2019,Martin Miggitsch,AUT,MAG,junior,VT,1,,apparatus,final,4.0,True,1,suggestion_307f9c820770b590,context_correction,0.65,"Same athlete/event/apparatus exists in the score sheet, but format, round, or day is different.",Austrian Championships,2019,Martin Miggitsch,AUT,MAG,junior,VT,1,,individual,final,12.95,4.0,MAG,6500,"[{""suggestion_id"": ""suggestion_307f9c820770b590"", ""suggestion_type"": ""context_correction"", ""confidence"": 0.65, ""message"": ""Same athlete/event/apparatus exists in the score sheet, but format, round, or day is different."", ""action"": ""attach_d_score_to_target_result"", ""changes"": {""format"": {""from"": ""apparatus"", ""to"": ""individual""}, ""round"": {""from"": ""final"", ""to"": ""final""}, ""day"": {""from"": null, ""to"": null}}, ""target_result"": {""event_name"": ""Austrian Championships"", ""year"": 2019, ""athlete_name"": ""Martin Miggitsch"", ""country"": ""AUT"", ""discipline"": ""MAG"", ""category"": ""junior"", ""apparatus"": ""VT"", ""vt_attempt"": 1, ""day"": null, ""format"": ""individual"", ""round"": ""final"", ""score"": 12.95, ""D_score"": 4.0, ""vault_attempt_order_uncertain"": true, ""source_sheet"": ""MAG"", ""source_row"": 6500, ""target_id"": ""target_372af8c331ed1009""}}]"
orphan_2f4aeb375f0c94bc,missing_final_score_for_context,review,"The athlete/event exists, but not this apparatus/context.",MAG D,5621,Austrian Championships,2019,Martin Miggitsch,AUT,MAG,junior,VT,2,,apparatus,final,2.8,True,0,,,,,,,,,,,,,,,,,,,,[]
orphan_69737c21bb4bd790,athlete_missing_in_score_sheet,review,"The event/apparatus/context exists, but this athlete is missing in the score sheet.",MAG D,5669,Croatian Championships,2019,Mateo Zugec,CRO,MAG,junior,PH,,,individual,final,4.7,False,0,,,,,,,,,,,,,,,,,,,,[]
orphan_89079264b166b458,possible_event_name_mismatch,review,Possible event-name mismatch between the D sheet and the score sheet.,MAG D,5672,Brazilian Championships,2019,Mateus Silva,BRA,MAG,senior,FX,,,individual,final,4.4,False,1,suggestion_9debdb8567816402,event_name_correction,0.885,D-score event 'Brazilian Championships' may match score-sheet event 'Brazilian Event Championships'.,Brazilian Event Championships,2019,Mateus Silva,BRA,MAG,senior,FX,,,individual,final,12.8,,MAG,6567,"[{""suggestion_id"": ""suggestion_9debdb8567816402"", ""suggestion_type"": ""event_name_correction"", ""confidence"": 0.885, ""message"": ""D-score event 'Brazilian Championships' may match score-sheet event 'Brazilian Event Championships'."", ""action"": ""attach_d_score_to_target_result"", ""changes"": {""event_name"": {""from"": ""Brazilian Championships"", ""to"": ""Brazilian Event Championships""}}, ""target_result"": {""event_name"": ""Brazilian Event Championships"", ""year"": 2019, ""athlete_name"": ""Mateus Silva"", ""country"": ""BRA"", ""discipline"": ""MAG"", ""category"": ""senior"", ""apparatus"": ""FX"", ""vt_attempt"": null, ""day"": null, ""format"": ""individual"", ""round"": ""final"", ""score"": 12.8, ""D_score"": null, ""vault_attempt_order_uncertain"": false, ""source_sheet"": ""MAG"", ""source_row"": 6567, ""target_id"": ""target_252da2194fc5da51""}}]"
orphan_4f1ec0463644a09d,possible_event_name_mismatch,review,Possible event-name mismatch between the D sheet and the score sheet.,MAG D,5672,Brazilian Championships,2019,Mateus Silva,BRA,MAG,senior,HB,,,individual,final,4.4,False,1,suggestion_cc7566a489857adc,event_name_correction,0.885,D-score event 'Brazilian Championships' may match score-sheet event 'Brazilian Event Championships'.,Brazilian Event Championships,2019,Mateus Silva,BRA,MAG,senior,HB,,,individual,final,11.9,,MAG,6567,"[{""suggestion_id"": ""suggestion_cc7566a489857adc"", ""suggestion_type"": ""event_name_correction"", ""confidence"": 0.885, ""message"": ""D-score event 'Brazilian Championships' may match score-sheet event 'Brazilian Event Championships'."", ""action"": ""attach_d_score_to_target_result"", ""changes"": {""event_name"": {""from"": ""Brazilian Championships"", ""to"": ""Brazilian Event Championships""}}, ""target_result"": {""event_name"": ""Brazilian Event Championships"", ""year"": 2019, ""athlete_name"": ""Mateus Silva"", ""country"": ""BRA"", ""discipline"": ""MAG"", ""category"": ""senior"", ""apparatus"": ""HB"", ""vt_attempt"": null, ""day"": null, ""format"": ""individual"", ""round"": ""final"", ""score"": 11.9, ""D_score"": null, ""vault_attempt_order_uncertain"": false, ""source_sheet"": ""MAG"", ""source_row"": 6567, ""target_id"": ""target_a099161bc8f22a6f""}}]"
orphan_aea14139c8ee7f4b,possible_event_name_mismatch,review,Possible event-name mismatch between the D sheet and the score sheet.,MAG D,5672,Brazilian Championships,2019,Mateus Silva,BRA,MAG,senior,PB,,,individual,final,4.4,False,1,suggestion_1ee604b522faf324,event_name_correction,0.885,D-score event 'Brazilian Championships' may match score-sheet event 'Brazilian Event Championships'.,Brazilian Event Championships,2019,Mateus Silva,BRA,MAG,senior,PB,,,individual,final,12.25,,MAG,6567,"[{""suggestion_id"": ""suggestion_1ee604b522faf324"", ""suggestion_type"": ""event_name_correction"", ""confidence"": 0.885, ""message"": ""D-score event 'Brazilian Championships' may match score-sheet event 'Brazilian Event Championships'."", ""action"": ""attach_d_score_to_target_result"", ""changes"": {""event_name"": {""from"": ""Brazilian Championships"", ""to"": ""Brazilian Event Championships""}}, ""target_result"": {""event_name"": ""Brazilian Event Championships"", ""year"": 2019, ""athlete_name"": ""Mateus Silva"", ""country"": ""BRA"", ""discipline"": ""MAG"", ""category"": ""senior"", ""apparatus"": ""PB"", ""vt_attempt"": null, ""day"": null, ""format"": ""individual"", ""round"": ""final"", ""score"": 12.25, ""D_score"": null, ""vault_attempt_order_uncertain"": false, ""source_sheet"": ""MAG"", ""source_row"": 6567, ""target_id"": ""target_f92b5b3390454eb3""}}]"
orphan_df1ee230eb422e4b,possible_event_name_mismatch,review,Possible event-name mismatch between the D sheet and the score sheet.,MAG D,5672,Brazilian Championships,2019,Mateus Silva,BRA,MAG,senior,PH,,,individual,final,4.0,False,1,suggestion_9d3b8175085cd7eb,event_name_correction,0.885,D-score event 'Brazilian Championships' may match score-sheet event 'Brazilian Event Championships'.,Brazilian Event Championships,2019,Mateus Silva,BRA,MAG,senior,PH,,,individual,final,12.1,,MAG,6567,"[{""suggestion_id"": ""suggestion_9d3b8175085cd7eb"", ""suggestion_type"": ""event_name_correction"", ""confidence"": 0.885, ""message"": ""D-score event 'Brazilian Championships' may match score-sheet event 'Brazilian Event Championships'."", ""action"": ""attach_d_score_to_target_result"", ""changes"": {""event_name"": {""from"": ""Brazilian Championships"", ""to"": ""Brazilian Event Championships""}}, ""target_result"": {""event_name"": ""Brazilian Event Championships"", ""year"": 2019, ""athlete_name"": ""Mateus Silva"", ""country"": ""BRA"", ""discipline"": ""MAG"", ""category"": ""senior"", ""apparatus"": ""PH"", ""vt_attempt"": null, ""day"": null, ""format"": ""individual"", ""round"": ""final"", ""score"": 12.1, ""D_score"": null, ""vault_attempt_order_uncertain"": false, ""source_sheet"": ""MAG"", ""source_row"": 6567, ""target_id"": ""target_11ebffaf472d4a61""}}]"
orphan_fad851dbedabc3e0,possible_event_name_mismatch,review,Possible event-name mismatch between the D sheet and the score sheet.,MAG D,5672,Brazilian Championships,2019,Mateus Silva,BRA,MAG,senior,SR,,,individual,final,4.1,False,1,suggestion_37a12ffc532f315f,event_name_correction,0.885,D-score event 'Brazilian Championships' may match score-sheet event 'Brazilian Event Championships'.,Brazilian Event Championships,2019,Mateus Silva,BRA,MAG,senior,SR,,,individual,final,11.45,,MAG,6567,"[{""suggestion_id"": ""suggestion_37a12ffc532f315f"", ""suggestion_type"": ""event_name_correction"", ""confidence"": 0.885, ""message"": ""D-score event 'Brazilian Championships' may match score-sheet event 'Brazilian Event Championships'."", ""action"": ""attach_d_score_to_target_result"", ""changes"": {""event_name"": {""from"": ""Brazilian Championships"", ""to"": ""Brazilian Event Championships""}}, ""target_result"": {""event_name"": ""Brazilian Event Championships"", ""year"": 2019, ""athlete_name"": ""Mateus Silva"", ""country"": ""BRA"", ""discipline"": ""MAG"", ""category"": ""senior"", ""apparatus"": ""SR"", ""vt_attempt"": null, ""day"": null, ""format"": ""individual"", ""round"": ""final"", ""score"": 11.45, ""D_score"": null, ""vault_attempt_order_uncertain"": false, ""source_sheet"": ""MAG"", ""source_row"": 6567, ""target_id"": ""target_d882069051bf7436""}}]"
orphan_c0b5c62b1d5ef8d7,possible_event_name_mismatch,review,Possible event-name mismatch between the D sheet and the score sheet.,MAG D,5672,Brazilian Championships,2019,Mateus Silva,BRA,MAG,senior,VT,1,,individual,final,4.4,True,1,suggestion_ab1b1b5d242459ca,event_name_correction,0.885,D-score event 'Brazilian Championships' may match score-sheet event 'Brazilian Event Championships'.,Brazilian Event Championships,2019,Mateus Silva,BRA,MAG,senior,VT,1,,individual,final,12.5,,MAG,6567,"[{""suggestion_id"": ""suggestion_ab1b1b5d242459ca"", ""suggestion_type"": ""event_name_correction"", ""confidence"": 0.885, ""message"": ""D-score event 'Brazilian Championships' may match score-sheet event 'Brazilian Event Championships'."", ""action"": ""attach_d_score_to_target_result"", ""changes"": {""event_name"": {""from"": ""Brazilian Championships"", ""to"": ""Brazilian Event Championships""}}, ""target_result"": {""event_name"": ""Brazilian Event Championships"", ""year"": 2019, ""athlete_name"": ""Mateus Silva"", ""country"": ""BRA"", ""discipline"": ""MAG"", ""category"": ""senior"", ""apparatus"": ""VT"", ""vt_attempt"": 1, ""day"": null, ""format"": ""individual"", ""round"": ""final"", ""score"": 12.5, ""D_score"": null, ""vault_attempt_order_uncertain"": true, ""source_sheet"": ""MAG"", ""source_row"": 6567, ""target_id"": ""target_8cac5b066a7b914f""}}]"
orphan_d3281fdb17adb3b4,missing_final_score_for_context,review,"The athlete/event exists, but not this apparatus/context.",MAG D,5677,French Championships,2019,Mathias Philippe,FRA,MAG,senior,VT,1,,apparatus,final,5.6,True,0,,,,,,,,,,,,,,,,,,,,[]
orphan_c701370ada530da1,athlete_missing_in_score_sheet,review,"The event/apparatus/context exists, but this athlete is missing in the score sheet.",MAG D,5716,Croatian Championships,2019,Matija Tek,CRO,MAG,junior,FX,,,individual,final,3.7,False,0,,,,,,,,,,,,,,,,,,,,[]
orphan_c9b77d909205c717,athlete_missing_in_score_sheet,review,"The event/apparatus/context exists, but this athlete is missing in the score sheet.",MAG D,5716,Croatian Championships,2019,Matija Tek,CRO,MAG,junior,HB,,,individual,final,1.7,False,0,,,,,,,,,,,,,,,,,,,,[]
orphan_319046df4a051e6d,athlete_missing_in_score_sheet,review,"The event/apparatus/context exists, but this athlete is missing in the score sheet.",MAG D,5716,Croatian Championships,2019,Matija Tek,CRO,MAG,junior,PB,,,individual,final,2.4,False,0,,,,,,,,,,,,,,,,,,,,[]
orphan_d1913dc05e03ef1b,athlete_missing_in_score_sheet,review,"The event/apparatus/context exists, but this athlete is missing in the score sheet.",MAG D,5716,Croatian Championships,2019,Matija Tek,CRO,MAG,junior,PH,,,individual,final,2.9,False,0,,,,,,,,,,,,,,,,,,,,[]
orphan_5e33ff6f17569872,athlete_missing_in_score_sheet,review,"The event/apparatus/context exists, but this athlete is missing in the score sheet.",MAG D,5716,Croatian Championships,2019,Matija Tek,CRO,MAG,junior,SR,,,individual,final,1.8,False,0,,,,,,,,,,,,,,,,,,,,[]
orphan_2e8ef3162aa13742,athlete_missing_in_score_sheet,review,"The event/apparatus/context exists, but this athlete is missing in the score sheet.",MAG D,5716,Croatian Championships,2019,Matija Tek,CRO,MAG,junior,VT,1,,individual,final,2.4,True,0,,,,,,,,,,,,,,,,,,,,[]
orphan_9944971365353273,athlete_missing_in_score_sheet,review,"The event/apparatus/context exists, but this athlete is missing in the score sheet.",MAG D,5716,Croatian Championships,2019,Matija Tek,CRO,MAG,junior,VT,2,,individual,final,1.6,True,0,,,,,,,,,,,,,,,,,,,,[]
orphan_d04da233cf876526,missing_final_score_for_context,review,"The athlete/event exists, but not this apparatus/context.",MAG D,5731,2nd Italian Serie A,2019,Matteo Morini,ITA,MAG,senior,PB,,,individual,final,3.8,False,0,,,,,,,,,,,,,,,,,,,,[]
orphan_dd3f36c03d504599,possible_context_mismatch,review,"Possible format, round, or day mismatch.",MAG D,5763,Mälar Cup,2019,Mattias Larsson,SWE,MAG,senior,VT,2,,individual,final,2.8,True,1,suggestion_c38a4ef3e18238d3,context_correction,0.65,"Same athlete/event/apparatus exists in the score sheet, but format, round, or day is different.",Mälar Cup,2019,Mattias Larsson,SWE,MAG,senior,VT,2,,apparatus,final,12.2,2.8,MAG,6663,"[{""suggestion_id"": ""suggestion_c38a4ef3e18238d3"", ""suggestion_type"": ""context_correction"", ""confidence"": 0.65, ""message"": ""Same athlete/event/apparatus exists in the score sheet, but format, round, or day is different."", ""action"": ""attach_d_score_to_target_result"", ""changes"": {""format"": {""from"": ""individual"", ""to"": ""apparatus""}, ""round"": {""from"": ""final"", ""to"": ""final""}, ""day"": {""from"": null, ""to"": null}}, ""target_result"": {""event_name"": ""Mälar Cup"", ""year"": 2019, ""athlete_name"": ""Mattias Larsson"", ""country"": ""SWE"", ""discipline"": ""MAG"", ""category"": ""senior"", ""apparatus"": ""VT"", ""vt_attempt"": 2, ""day"": null, ""format"": ""apparatus"", ""round"": ""final"", ""score"": 12.2, ""D_score"": 2.8, ""vault_attempt_order_uncertain"": true, ""source_sheet"": ""MAG"", ""source_row"": 6663, ""target_id"": ""target_d086b3c7f2e4563f""}}]"
orphan_d1042613bd550fa0,missing_final_score_for_context,review,"The athlete/event exists, but not this apparatus/context.",MAG D,5765,Nordic Junior Championships,2019,Mattias Larsson,SWE,MAG,junior,VT,2,,individual,final,2.8,True,0,,,,,,,,,,,,,,,,,,,,[]
orphan_28dc0cf259ec3626,missing_final_score_for_context,review,"The athlete/event exists, but not this apparatus/context.",MAG D,5982,Danish Championships,2019,Mikkel Rørlund,DEN,MAG,senior,VT,2,,individual,final,3.2,True,0,,,,,,,,,,,,,,,,,,,,[]
orphan_5c0af102560c79be,possible_context_mismatch,review,"Possible format, round, or day mismatch.",MAG D,5985,Danish Championships,2019,Mikkel Stokholm,DEN,MAG,senior,VT,2,,individual,final,2.4,True,1,suggestion_ee4d9cc5babb3b12,context_correction,0.65,"Same athlete/event/apparatus exists in the score sheet, but format, round, or day is different.",Danish Championships,2019,Mikkel Stokholm,DEN,MAG,senior,VT,2,,apparatus,final,11.6,,MAG,6920,"[{""suggestion_id"": ""suggestion_ee4d9cc5babb3b12"", ""suggestion_type"": ""context_correction"", ""confidence"": 0.65, ""message"": ""Same athlete/event/apparatus exists in the score sheet, but format, round, or day is different."", ""action"": ""attach_d_score_to_target_result"", ""changes"": {""format"": {""from"": ""individual"", ""to"": ""apparatus""}, ""round"": {""from"": ""final"", ""to"": ""final""}, ""day"": {""from"": null, ""to"": null}}, ""target_result"": {""event_name"": ""Danish Championships"", ""year"": 2019, ""athlete_name"": ""Mikkel Stokholm"", ""country"": ""DEN"", ""discipline"": ""MAG"", ""category"": ""senior"", ""apparatus"": ""VT"", ""vt_attempt"": 2, ""day"": null, ""format"": ""apparatus"", ""round"": ""final"", ""score"": 11.6, ""D_score"": null, ""vault_attempt_order_uncertain"": true, ""source_sheet"": ""MAG"", ""source_row"": 6920, ""target_id"": ""target_e6a9e9a3d6508c6b""}}]"
orphan_c1c98137640d5a02,missing_final_score_for_context,review,"The athlete/event exists, but not this apparatus/context.",MAG D,6074,Mediterranean Championships,2019,Mohamed Moussa,EGY,MAG,junior,VT,2,,individual,final,2.8,True,0,,,,,,,,,,,,,,,,,,,,[]
orphan_d45ba7ba9e78381a,possible_context_mismatch,review,"Possible format, round, or day mismatch.",MAG D,6075,Stella Zakharova Cup,2019,Mohamed Moussa,EGY,MAG,junior,VT,2,,individual,final,2.4,True,1,suggestion_e9491e3f36098e26,context_correction,0.65,"Same athlete/event/apparatus exists in the score sheet, but format, round, or day is different.",Stella Zakharova Cup,2019,Mohamed Moussa,EGY,MAG,junior,VT,2,,apparatus,final,11.2,2.8,MAG,7022,"[{""suggestion_id"": ""suggestion_e9491e3f36098e26"", ""suggestion_type"": ""context_correction"", ""confidence"": 0.65, ""message"": ""Same athlete/event/apparatus exists in the score sheet, but format, round, or day is different."", ""action"": ""attach_d_score_to_target_result"", ""changes"": {""format"": {""from"": ""individual"", ""to"": ""apparatus""}, ""round"": {""from"": ""final"", ""to"": ""final""}, ""day"": {""from"": null, ""to"": null}}, ""target_result"": {""event_name"": ""Stella Zakharova Cup"", ""year"": 2019, ""athlete_name"": ""Mohamed Moussa"", ""country"": ""EGY"", ""discipline"": ""MAG"", ""category"": ""junior"", ""apparatus"": ""VT"", ""vt_attempt"": 2, ""day"": null, ""format"": ""apparatus"", ""round"": ""final"", ""score"": 11.2, ""D_score"": 2.8, ""vault_attempt_order_uncertain"": true, ""source_sheet"": ""MAG"", ""source_row"": 7022, ""target_id"": ""target_90bbbd4701c9c738""}}]"
orphan_07063720a1b46a0e,missing_final_score_for_context,review,"The athlete/event exists, but not this apparatus/context.",MAG D,6080,Reykjavik International Games,2019,Mohammad Ramezanpour,IRI,MAG,senior,VT,2,,individual,final,4.4,True,0,,,,,,,,,,,,,,,,,,,,[]
orphan_797a3eee8e29cbea,possible_context_mismatch,review,"Possible format, round, or day mismatch.",MAG D,6149,Mediterranean Championships,2019,Mustapha Djemal,ALG,MAG,junior,VT,2,,individual,final,2.8,True,1,suggestion_5722d7a6cacba3f5,context_correction,0.65,"Same athlete/event/apparatus exists in the score sheet, but format, round, or day is different.",Mediterranean Championships,2019,Mustapha Djemal,ALG,MAG,junior,VT,2,,apparatus,final,11.9,2.8,MAG,7106,"[{""suggestion_id"": ""suggestion_5722d7a6cacba3f5"", ""suggestion_type"": ""context_correction"", ""confidence"": 0.65, ""message"": ""Same athlete/event/apparatus exists in the score sheet, but format, round, or day is different."", ""action"": ""attach_d_score_to_target_result"", ""changes"": {""format"": {""from"": ""individual"", ""to"": ""apparatus""}, ""round"": {""from"": ""final"", ""to"": ""final""}, ""day"": {""from"": null, ""to"": null}}, ""target_result"": {""event_name"": ""Mediterranean Championships"", ""year"": 2019, ""athlete_name"": ""Mustapha Djemal"", ""country"": ""ALG"", ""discipline"": ""MAG"", ""category"": ""junior"", ""apparatus"": ""VT"", ""vt_attempt"": 2, ""day"": null, ""format"": ""apparatus"", ""round"": ""final"", ""score"": 11.9, ""D_score"": 2.8, ""vault_attempt_order_uncertain"": true, ""source_sheet"": ""MAG"", ""source_row"": 7106, ""target_id"": ""target_d83d57f693a46dd3""}}]"
orphan_0e4c4aaf39abd0f5,possible_context_mismatch,review,"Possible format, round, or day mismatch.",MAG D,6214,Stella Zakharova Cup,2019,Nazar Chepurnyi,UKR,MAG,junior,VT,2,,individual,final,10.2,True,1,suggestion_8b88b0111129e8c9,context_correction,0.65,"Same athlete/event/apparatus exists in the score sheet, but format, round, or day is different.",Stella Zakharova Cup,2019,Nazar Chepurnyi,UKR,MAG,junior,VT,2,,apparatus,final,13.95,5.2,MAG,7189,"[{""suggestion_id"": ""suggestion_8b88b0111129e8c9"", ""suggestion_type"": ""context_correction"", ""confidence"": 0.65, ""message"": ""Same athlete/event/apparatus exists in the score sheet, but format, round, or day is different."", ""action"": ""attach_d_score_to_target_result"", ""changes"": {""format"": {""from"": ""individual"", ""to"": ""apparatus""}, ""round"": {""from"": ""final"", ""to"": ""final""}, ""day"": {""from"": null, ""to"": null}}, ""target_result"": {""event_name"": ""Stella Zakharova Cup"", ""year"": 2019, ""athlete_name"": ""Nazar Chepurnyi"", ""country"": ""UKR"", ""discipline"": ""MAG"", ""category"": ""junior"", ""apparatus"": ""VT"", ""vt_attempt"": 2, ""day"": null, ""format"": ""apparatus"", ""round"": ""final"", ""score"": 13.95, ""D_score"": 5.2, ""vault_attempt_order_uncertain"": true, ""source_sheet"": ""MAG"", ""source_row"": 7189, ""target_id"": ""target_ea749c62a9d7cdb9""}}]"
orphan_d4b46f1083fdee73,possible_context_mismatch,review,"Possible format, round, or day mismatch.",MAG D,6268,Italian Championships,2019,Niccolo Vannucchi,ITA,MAG,senior,VT,2,,individual,final,5.2,True,1,suggestion_f47da372b550fbf8,context_correction,0.65,"Same athlete/event/apparatus exists in the score sheet, but format, round, or day is different.",Italian Championships,2019,Niccolo Vannucchi,ITA,MAG,senior,VT,2,,apparatus,final,13.7,5.2,MAG,7244,"[{""suggestion_id"": ""suggestion_f47da372b550fbf8"", ""suggestion_type"": ""context_correction"", ""confidence"": 0.65, ""message"": ""Same athlete/event/apparatus exists in the score sheet, but format, round, or day is different."", ""action"": ""attach_d_score_to_target_result"", ""changes"": {""format"": {""from"": ""individual"", ""to"": ""apparatus""}, ""round"": {""from"": ""final"", ""to"": ""final""}, ""day"": {""from"": null, ""to"": null}}, ""target_result"": {""event_name"": ""Italian Championships"", ""year"": 2019, ""athlete_name"": ""Niccolo Vannucchi"", ""country"": ""ITA"", ""discipline"": ""MAG"", ""category"": ""senior"", ""apparatus"": ""VT"", ""vt_attempt"": 2, ""day"": null, ""format"": ""apparatus"", ""round"": ""final"", ""score"": 13.7, ""D_score"": 5.2, ""vault_attempt_order_uncertain"": true, ""source_sheet"": ""MAG"", ""source_row"": 7244, ""target_id"": ""target_c43ddc3fb4de841e""}}]"
orphan_6c7a2c7816b36ac3,possible_context_mismatch,review,"Possible format, round, or day mismatch.",MAG D,6312,Italian Championships,2019,Nicola Bartolini,ITA,MAG,senior,VT,2,,individual,final,4.8,True,1,suggestion_95648bcdacf79bb2,context_correction,0.65,"Same athlete/event/apparatus exists in the score sheet, but format, round, or day is different.",Italian Championships,2019,Nicola Bartolini,ITA,MAG,senior,VT,2,,apparatus,final,13.45,4.8,MAG,7290,"[{""suggestion_id"": ""suggestion_95648bcdacf79bb2"", ""suggestion_type"": ""context_correction"", ""confidence"": 0.65, ""message"": ""Same athlete/event/apparatus exists in the score sheet, but format, round, or day is different."", ""action"": ""attach_d_score_to_target_result"", ""changes"": {""format"": {""from"": ""individual"", ""to"": ""apparatus""}, ""round"": {""from"": ""final"", ""to"": ""final""}, ""day"": {""from"": null, ""to"": null}}, ""target_result"": {""event_name"": ""Italian Championships"", ""year"": 2019, ""athlete_name"": ""Nicola Bartolini"", ""country"": ""ITA"", ""discipline"": ""MAG"", ""category"": ""senior"", ""apparatus"": ""VT"", ""vt_attempt"": 2, ""day"": null, ""format"": ""apparatus"", ""round"": ""final"", ""score"": 13.45, ""D_score"": 4.8, ""vault_attempt_order_uncertain"": true, ""source_sheet"": ""MAG"", ""source_row"": 7290, ""target_id"": ""target_3f091c65bbee3eab""}}]"
orphan_c8b78cd31664641d,missing_final_score_for_context,review,"The athlete/event exists, but not this apparatus/context.",MAG D,6332,Austrian Championships,2019,Nicolas Ivkic,AUT,MAG,junior,VT,2,,individual,final,2.4,True,0,,,,,,,,,,,,,,,,,,,,[]
orphan_e89a61784eab2125,possible_context_mismatch,review,"Possible format, round, or day mismatch.",MAG D,6362,Mediterranean Championships,2019,Nicolo Vannucchi,ITA,MAG,junior,VT,2,,individual,final,4.0,True,1,suggestion_5a4b0022fd070c23,context_correction,0.65,"Same athlete/event/apparatus exists in the score sheet, but format, round, or day is different.",Mediterranean Championships,2019,Nicolo Vannucchi,ITA,MAG,junior,VT,2,,apparatus,final,14.001,5.2,MAG,7341,"[{""suggestion_id"": ""suggestion_5a4b0022fd070c23"", ""suggestion_type"": ""context_correction"", ""confidence"": 0.65, ""message"": ""Same athlete/event/apparatus exists in the score sheet, but format, round, or day is different."", ""action"": ""attach_d_score_to_target_result"", ""changes"": {""format"": {""from"": ""individual"", ""to"": ""apparatus""}, ""round"": {""from"": ""final"", ""to"": ""final""}, ""day"": {""from"": null, ""to"": null}}, ""target_result"": {""event_name"": ""Mediterranean Championships"", ""year"": 2019, ""athlete_name"": ""Nicolo Vannucchi"", ""country"": ""ITA"", ""discipline"": ""MAG"", ""category"": ""junior"", ""apparatus"": ""VT"", ""vt_attempt"": 2, ""day"": null, ""format"": ""apparatus"", ""round"": ""final"", ""score"": 14.001, ""D_score"": 5.2, ""vault_attempt_order_uncertain"": true, ""source_sheet"": ""MAG"", ""source_row"": 7341, ""target_id"": ""target_a03be451a06a0229""}}]"
orphan_eb03cb172833590b,possible_context_mismatch,review,"Possible format, round, or day mismatch.",MAG D,6372,Nordic Junior Championships,2019,Niila-Petteri Äijänen,FIN,MAG,junior,VT,2,,individual,final,2.4,True,1,suggestion_d155d8808357e836,context_correction,0.65,"Same athlete/event/apparatus exists in the score sheet, but format, round, or day is different.",Nordic Junior Championships,2019,Niila-Petteri Äijänen,FIN,MAG,junior,VT,2,,apparatus,final,11.365,2.4,MAG,7353,"[{""suggestion_id"": ""suggestion_d155d8808357e836"", ""suggestion_type"": ""context_correction"", ""confidence"": 0.65, ""message"": ""Same athlete/event/apparatus exists in the score sheet, but format, round, or day is different."", ""action"": ""attach_d_score_to_target_result"", ""changes"": {""format"": {""from"": ""individual"", ""to"": ""apparatus""}, ""round"": {""from"": ""final"", ""to"": ""final""}, ""day"": {""from"": null, ""to"": null}}, ""target_result"": {""event_name"": ""Nordic Junior Championships"", ""year"": 2019, ""athlete_name"": ""Niila-Petteri Äijänen"", ""country"": ""FIN"", ""discipline"": ""MAG"", ""category"": ""junior"", ""apparatus"": ""VT"", ""vt_attempt"": 2, ""day"": null, ""format"": ""apparatus"", ""round"": ""final"", ""score"": 11.365, ""D_score"": 2.4, ""vault_attempt_order_uncertain"": true, ""source_sheet"": ""MAG"", ""source_row"": 7353, ""target_id"": ""target_fd992c8c6d19d589""}}]"
orphan_27ce2cc7757dcc08,possible_context_mismatch,review,"Possible format, round, or day mismatch.",MAG D,6373,Mälar Cup,2019,Niila-Petteri Äijänen,FIN,MAG,junior,VT,2,,individual,final,2.4,True,1,suggestion_1a19832f0ad2c21d,context_correction,0.65,"Same athlete/event/apparatus exists in the score sheet, but format, round, or day is different.",Mälar Cup,2019,Niila-Petteri Äijänen,SWE,MAG,junior,VT,2,,apparatus,final,11.265,2.4,MAG,7352,"[{""suggestion_id"": ""suggestion_1a19832f0ad2c21d"", ""suggestion_type"": ""context_correction"", ""confidence"": 0.65, ""message"": ""Same athlete/event/apparatus exists in the score sheet, but format, round, or day is different."", ""action"": ""attach_d_score_to_target_result"", ""changes"": {""format"": {""from"": ""individual"", ""to"": ""apparatus""}, ""round"": {""from"": ""final"", ""to"": ""final""}, ""day"": {""from"": null, ""to"": null}}, ""target_result"": {""event_name"": ""Mälar Cup"", ""year"": 2019, ""athlete_name"": ""Niila-Petteri Äijänen"", ""country"": ""SWE"", ""discipline"": ""MAG"", ""category"": ""junior"", ""apparatus"": ""VT"", ""vt_attempt"": 2, ""day"": null, ""format"": ""apparatus"", ""round"": ""final"", ""score"": 11.265, ""D_score"": 2.4, ""vault_attempt_order_uncertain"": true, ""source_sheet"": ""MAG"", ""source_row"": 7352, ""target_id"": ""target_74debc98b982d7ae""}}]"
orphan_43992e1dd3bba4fa,missing_final_score_for_context,review,"The athlete/event exists, but not this apparatus/context.",MAG D,6580,Danish Championships,2019,Oliver Schultz,DEN,MAG,senior,VT,2,,individual,final,2.4,True,0,,,,,,,,,,,,,,,,,,,,[]
orphan_388eb60d4375470c,missing_final_score_for_context,review,"The athlete/event exists, but not this apparatus/context.",MAG D,6620,Mälar Cup,2019,Oula-Pekka Äjiänen,FIN,MAG,junior,VT,2,,individual,final,2.8,True,0,,,,,,,,,,,,,,,,,,,,[]
orphan_53b57cd12c927147,missing_final_score_for_context,review,"The athlete/event exists, but not this apparatus/context.",MAG D,6726,Austrian Championships,2019,Paul Schmölzer,AUT,MAG,junior,VT,2,,individual,final,4.0,True,0,,,,,,,,,,,,,,,,,,,,[]
orphan_4e5736500f904047,possible_context_mismatch,review,"Possible format, round, or day mismatch.",MAG D,6727,Austrian Championships,2019,Paul Schmölzer,AUT,MAG,junior,VT,1,,apparatus,final,4.8,True,1,suggestion_a0b5e0ded15b003e,context_correction,0.65,"Same athlete/event/apparatus exists in the score sheet, but format, round, or day is different.",Austrian Championships,2019,Paul Schmölzer,AUT,MAG,junior,VT,1,,individual,final,13.45,4.8,MAG,7773,"[{""suggestion_id"": ""suggestion_a0b5e0ded15b003e"", ""suggestion_type"": ""context_correction"", ""confidence"": 0.65, ""message"": ""Same athlete/event/apparatus exists in the score sheet, but format, round, or day is different."", ""action"": ""attach_d_score_to_target_result"", ""changes"": {""format"": {""from"": ""apparatus"", ""to"": ""individual""}, ""round"": {""from"": ""final"", ""to"": ""final""}, ""day"": {""from"": null, ""to"": null}}, ""target_result"": {""event_name"": ""Austrian Championships"", ""year"": 2019, ""athlete_name"": ""Paul Schmölzer"", ""country"": ""AUT"", ""discipline"": ""MAG"", ""category"": ""junior"", ""apparatus"": ""VT"", ""vt_attempt"": 1, ""day"": null, ""format"": ""individual"", ""round"": ""final"", ""score"": 13.45, ""D_score"": 4.8, ""vault_attempt_order_uncertain"": true, ""source_sheet"": ""MAG"", ""source_row"": 7773, ""target_id"": ""target_27533cfa6bf38bcb""}}]"
orphan_afac431269451f52,missing_final_score_for_context,review,"The athlete/event exists, but not this apparatus/context.",MAG D,6727,Austrian Championships,2019,Paul Schmölzer,AUT,MAG,junior,VT,2,,apparatus,final,4.0,True,0,,,,,,,,,,,,,,,,,,,,[]
orphan_5117013027184c10,possible_context_mismatch,review,"Possible format, round, or day mismatch.",MAG D,6736,Stella Zakharova Cup,2019,Pavel Gulidov,ISR,MAG,senior,VT,2,,individual,final,5.2,True,1,suggestion_ed67d721667eb4e4,context_correction,0.65,"Same athlete/event/apparatus exists in the score sheet, but format, round, or day is different.",Stella Zakharova Cup,2019,Pavel Gulidov,ISR,MAG,senior,VT,2,,apparatus,final,13.0,5.2,MAG,7786,"[{""suggestion_id"": ""suggestion_ed67d721667eb4e4"", ""suggestion_type"": ""context_correction"", ""confidence"": 0.65, ""message"": ""Same athlete/event/apparatus exists in the score sheet, but format, round, or day is different."", ""action"": ""attach_d_score_to_target_result"", ""changes"": {""format"": {""from"": ""individual"", ""to"": ""apparatus""}, ""round"": {""from"": ""final"", ""to"": ""final""}, ""day"": {""from"": null, ""to"": null}}, ""target_result"": {""event_name"": ""Stella Zakharova Cup"", ""year"": 2019, ""athlete_name"": ""Pavel Gulidov"", ""country"": ""ISR"", ""discipline"": ""MAG"", ""category"": ""senior"", ""apparatus"": ""VT"", ""vt_attempt"": 2, ""day"": null, ""format"": ""apparatus"", ""round"": ""final"", ""score"": 13.0, ""D_score"": 5.2, ""vault_attempt_order_uncertain"": true, ""source_sheet"": ""MAG"", ""source_row"": 7786, ""target_id"": ""target_4949195fc05a55a7""}}]"
orphan_84807e6f7995ff43,missing_final_score_for_context,review,"The athlete/event exists, but not this apparatus/context.",MAG D,6756,European Youth Olympic Festival,2019,Pavel Yakubau,BLR,MAG,junior,HB,,,individual,qualification,3.8,False,0,,,,,,,,,,,,,,,,,,,,[]
orphan_15e5ee033275b162,possible_context_mismatch,review,"Possible format, round, or day mismatch.",MAG D,6764,Mälar Cup,2019,Pawel Klimczuk,POL,MAG,junior,VT,2,,individual,final,2.4,True,1,suggestion_b2397be4dd81fba6,context_correction,0.65,"Same athlete/event/apparatus exists in the score sheet, but format, round, or day is different.",Mälar Cup,2019,Pawel Klimczuk,POL,MAG,junior,VT,2,,apparatus,final,10.0,2.4,MAG,7817,"[{""suggestion_id"": ""suggestion_b2397be4dd81fba6"", ""suggestion_type"": ""context_correction"", ""confidence"": 0.65, ""message"": ""Same athlete/event/apparatus exists in the score sheet, but format, round, or day is different."", ""action"": ""attach_d_score_to_target_result"", ""changes"": {""format"": {""from"": ""individual"", ""to"": ""apparatus""}, ""round"": {""from"": ""final"", ""to"": ""final""}, ""day"": {""from"": null, ""to"": null}}, ""target_result"": {""event_name"": ""Mälar Cup"", ""year"": 2019, ""athlete_name"": ""Pawel Klimczuk"", ""country"": ""POL"", ""discipline"": ""MAG"", ""category"": ""junior"", ""apparatus"": ""VT"", ""vt_attempt"": 2, ""day"": null, ""format"": ""apparatus"", ""round"": ""final"", ""score"": 10.0, ""D_score"": 2.4, ""vault_attempt_order_uncertain"": true, ""source_sheet"": ""MAG"", ""source_row"": 7817, ""target_id"": ""target_112c9e548fea57b5""}}]"
orphan_0c18de6cccb47bdd,possible_event_name_mismatch,review,Possible event-name mismatch between the D sheet and the score sheet.,MAG D,6779,Brazilian Championships,2019,Pericles Silva,BRA,MAG,senior,HB,,,apparatus,final,4.9,False,2,suggestion_4bab317ebfbccb2a,event_name_correction,0.885,D-score event 'Brazilian Championships' may match score-sheet event 'Brazilian Event Championships'.,Brazilian Event Championships,2019,Pericles Silva,BRA,MAG,senior,HB,,,apparatus,final,13.05,,MAG,7832,"[{""suggestion_id"": ""suggestion_4bab317ebfbccb2a"", ""suggestion_type"": ""event_name_correction"", ""confidence"": 0.885, ""message"": ""D-score event 'Brazilian Championships' may match score-sheet event 'Brazilian Event Championships'."", ""action"": ""attach_d_score_to_target_result"", ""changes"": {""event_name"": {""from"": ""Brazilian Championships"", ""to"": ""Brazilian Event Championships""}}, ""target_result"": {""event_name"": ""Brazilian Event Championships"", ""year"": 2019, ""athlete_name"": ""Pericles Silva"", ""country"": ""BRA"", ""discipline"": ""MAG"", ""category"": ""senior"", ""apparatus"": ""HB"", ""vt_attempt"": null, ""day"": null, ""format"": ""apparatus"", ""round"": ""final"", ""score"": 13.05, ""D_score"": null, ""vault_attempt_order_uncertain"": false, ""source_sheet"": ""MAG"", ""source_row"": 7832, ""target_id"": ""target_357afbaa1db1973f""}}, {""suggestion_id"": ""suggestion_fd44c68238102a9f"", ""suggestion_type"": ""context_correction"", ""confidence"": 0.65, ""message"": ""Same athlete/event/apparatus exists in the score sheet, but format, round, or day is different."", ""action"": ""attach_d_score_to_target_result"", ""changes"": {""format"": {""from"": ""apparatus"", ""to"": ""individual""}, ""round"": {""from"": ""final"", ""to"": ""final""}, ""day"": {""from"": null, ""to"": null}}, ""target_result"": {""event_name"": ""Brazilian Championships"", ""year"": 2019, ""athlete_name"": ""Pericles Silva"", ""country"": ""BRA"", ""discipline"": ""MAG"", ""category"": ""senior"", ""apparatus"": ""HB"", ""vt_attempt"": null, ""day"": null, ""format"": ""individual"", ""round"": ""final"", ""score"": 12.05, ""D_score"": 5.0, ""vault_attempt_order_uncertain"": false, ""source_sheet"": ""MAG"", ""source_row"": 7833, ""target_id"": ""target_4c7371a943af86e8""}}]"
orphan_a070da51566d1d8e,possible_event_name_mismatch,review,Possible event-name mismatch between the D sheet and the score sheet.,MAG D,6779,Brazilian Championships,2019,Pericles Silva,BRA,MAG,senior,PH,,,apparatus,final,6.0,False,3,suggestion_eb77510b9780ee33,event_name_correction,0.885,D-score event 'Brazilian Championships' may match score-sheet event 'Brazilian Event Championships'.,Brazilian Event Championships,2019,Pericles Silva,BRA,MAG,senior,PH,,,apparatus,final,12.25,,MAG,7832,"[{""suggestion_id"": ""suggestion_eb77510b9780ee33"", ""suggestion_type"": ""event_name_correction"", ""confidence"": 0.885, ""message"": ""D-score event 'Brazilian Championships' may match score-sheet event 'Brazilian Event Championships'."", ""action"": ""attach_d_score_to_target_result"", ""changes"": {""event_name"": {""from"": ""Brazilian Championships"", ""to"": ""Brazilian Event Championships""}}, ""target_result"": {""event_name"": ""Brazilian Event Championships"", ""year"": 2019, ""athlete_name"": ""Pericles Silva"", ""country"": ""BRA"", ""discipline"": ""MAG"", ""category"": ""senior"", ""apparatus"": ""PH"", ""vt_attempt"": null, ""day"": null, ""format"": ""apparatus"", ""round"": ""final"", ""score"": 12.25, ""D_score"": null, ""vault_attempt_order_uncertain"": false, ""source_sheet"": ""MAG"", ""source_row"": 7832, ""target_id"": ""target_8999e03a70340723""}}, {""suggestion_id"": ""suggestion_55103942845803f2"", ""suggestion_type"": ""context_correction"", ""confidence"": 0.65, ""message"": ""Same athlete/event/apparatus exists in the score sheet, but format, round, or day is different."", ""action"": ""attach_d_score_to_target_result"", ""changes"": {""format"": {""from"": ""apparatus"", ""to"": ""individual""}, ""round"": {""from"": ""final"", ""to"": ""final""}, ""day"": {""from"": null, ""to"": null}}, ""target_result"": {""event_name"": ""Brazilian Championships"", ""year"": 2019, ""athlete_name"": ""Pericles Silva"", ""country"": ""BRA"", ""discipline"": ""MAG"", ""category"": ""senior"", ""apparatus"": ""PH"", ""vt_attempt"": null, ""day"": null, ""format"": ""individual"", ""round"": ""final"", ""score"": 12.1, ""D_score"": 5.5, ""vault_attempt_order_uncertain"": false, ""source_sheet"": ""MAG"", ""source_row"": 7833, ""target_id"": ""target_32ae1cfd7d9052aa""}}, {""suggestion_id"": ""suggestion_162f17025521a642"", ""suggestion_type"": ""context_correction"", ""confidence"": 0.65, ""message"": ""Same athlete/event/apparatus exists in the score sheet, but format, round, or day is different."", ""action"": ""attach_d_score_to_target_result"", ""changes"": {""format"": {""from"": ""apparatus"", ""to"": ""team""}, ""round"": {""from"": ""final"", ""to"": ""final""}, ""day"": {""from"": null, ""to"": null}}, ""target_result"": {""event_name"": ""Brazilian Championships"", ""year"": 2019, ""athlete_name"": ""Pericles Silva"", ""country"": ""BRA"", ""discipline"": ""MAG"", ""category"": ""senior"", ""apparatus"": ""PH"", ""vt_attempt"": null, ""day"": null, ""format"": ""team"", ""round"": ""final"", ""score"": 12.35, ""D_score"": null, ""vault_attempt_order_uncertain"": false, ""source_sheet"": ""MAG"", ""source_row"": 7834, ""target_id"": ""target_56c178aa77814b39""}}]"
orphan_884d574a294beb51,possible_context_mismatch,review,"Possible format, round, or day mismatch.",MAG D,6835,Nordic Junior Championships,2019,Philip Rojas-Bigseth,NOR,MAG,junior,VT,2,,individual,final,2.4,True,1,suggestion_05c80a5aea579093,context_correction,0.65,"Same athlete/event/apparatus exists in the score sheet, but format, round, or day is different.",Nordic Junior Championships,2019,Philip Rojas-Bigseth,NOR,MAG,junior,VT,2,,apparatus,final,11.732,2.4,MAG,7894,"[{""suggestion_id"": ""suggestion_05c80a5aea579093"", ""suggestion_type"": ""context_correction"", ""confidence"": 0.65, ""message"": ""Same athlete/event/apparatus exists in the score sheet, but format, round, or day is different."", ""action"": ""attach_d_score_to_target_result"", ""changes"": {""format"": {""from"": ""individual"", ""to"": ""apparatus""}, ""round"": {""from"": ""final"", ""to"": ""final""}, ""day"": {""from"": null, ""to"": null}}, ""target_result"": {""event_name"": ""Nordic Junior Championships"", ""year"": 2019, ""athlete_name"": ""Philip Rojas-Bigseth"", ""country"": ""NOR"", ""discipline"": ""MAG"", ""category"": ""junior"", ""apparatus"": ""VT"", ""vt_attempt"": 2, ""day"": null, ""format"": ""apparatus"", ""round"": ""final"", ""score"": 11.732, ""D_score"": 2.4, ""vault_attempt_order_uncertain"": true, ""source_sheet"": ""MAG"", ""source_row"": 7894, ""target_id"": ""target_cf02a8ea93f310d1""}}]"
orphan_f67b5eee66422021,missing_final_score_for_context,review,"The athlete/event exists, but not this apparatus/context.",MAG D,6985,Stella Zakharova Cup,2019,Ran Arnon,ISR,MAG,senior,HB,,,individual,final,4.3,False,0,,,,,,,,,,,,,,,,,,,,[]
orphan_3c46403d00f7f9ae,possible_context_mismatch,review,"Possible format, round, or day mismatch.",MAG D,6985,Stella Zakharova Cup,2019,Ran Arnon,ISR,MAG,senior,VT,2,,individual,final,4.8,True,1,suggestion_98b57965e6c7dc4e,context_correction,0.65,"Same athlete/event/apparatus exists in the score sheet, but format, round, or day is different.",Stella Zakharova Cup,2019,Ran Arnon,ISR,MAG,senior,VT,2,,apparatus,final,13.0,4.8,MAG,8053,"[{""suggestion_id"": ""suggestion_98b57965e6c7dc4e"", ""suggestion_type"": ""context_correction"", ""confidence"": 0.65, ""message"": ""Same athlete/event/apparatus exists in the score sheet, but format, round, or day is different."", ""action"": ""attach_d_score_to_target_result"", ""changes"": {""format"": {""from"": ""individual"", ""to"": ""apparatus""}, ""round"": {""from"": ""final"", ""to"": ""final""}, ""day"": {""from"": null, ""to"": null}}, ""target_result"": {""event_name"": ""Stella Zakharova Cup"", ""year"": 2019, ""athlete_name"": ""Ran Arnon"", ""country"": ""ISR"", ""discipline"": ""MAG"", ""category"": ""senior"", ""apparatus"": ""VT"", ""vt_attempt"": 2, ""day"": null, ""format"": ""apparatus"", ""round"": ""final"", ""score"": 13.0, ""D_score"": 4.8, ""vault_attempt_order_uncertain"": true, ""source_sheet"": ""MAG"", ""source_row"": 8053, ""target_id"": ""target_613d3029c6bf3cd7""}}]"
orphan_dad4c90607f70f38,missing_final_score_for_context,review,"The athlete/event exists, but not this apparatus/context.",MAG D,7001,Danish Championships,2019,Rani Dalsgard,DEN,MAG,senior,VT,2,,individual,final,4.0,True,0,,,,,,,,,,,,,,,,,,,,[]
orphan_5dde0e768d1a4fa0,possible_event_name_mismatch,review,Possible event-name mismatch between the D sheet and the score sheet.,MAG D,7005,Brazilian Championships,2019,Rankiel Neves,BRA,MAG,senior,FX,,,apparatus,final,4.8,False,2,suggestion_0c9b37d6ce8f2fe9,event_name_correction,0.885,D-score event 'Brazilian Championships' may match score-sheet event 'Brazilian Event Championships'.,Brazilian Event Championships,2019,Rankiel Neves,BRA,MAG,senior,FX,,,apparatus,final,12.6,,MAG,8069,"[{""suggestion_id"": ""suggestion_0c9b37d6ce8f2fe9"", ""suggestion_type"": ""event_name_correction"", ""confidence"": 0.885, ""message"": ""D-score event 'Brazilian Championships' may match score-sheet event 'Brazilian Event Championships'."", ""action"": ""attach_d_score_to_target_result"", ""changes"": {""event_name"": {""from"": ""Brazilian Championships"", ""to"": ""Brazilian Event Championships""}}, ""target_result"": {""event_name"": ""Brazilian Event Championships"", ""year"": 2019, ""athlete_name"": ""Rankiel Neves"", ""country"": ""BRA"", ""discipline"": ""MAG"", ""category"": ""senior"", ""apparatus"": ""FX"", ""vt_attempt"": null, ""day"": null, ""format"": ""apparatus"", ""round"": ""final"", ""score"": 12.6, ""D_score"": null, ""vault_attempt_order_uncertain"": false, ""source_sheet"": ""MAG"", ""source_row"": 8069, ""target_id"": ""target_f76cadbec7320da8""}}, {""suggestion_id"": ""suggestion_b73ff7410b90527e"", ""suggestion_type"": ""context_correction"", ""confidence"": 0.65, ""message"": ""Same athlete/event/apparatus exists in the score sheet, but format, round, or day is different."", ""action"": ""attach_d_score_to_target_result"", ""changes"": {""format"": {""from"": ""apparatus"", ""to"": ""individual""}, ""round"": {""from"": ""final"", ""to"": ""final""}, ""day"": {""from"": null, ""to"": null}}, ""target_result"": {""event_name"": ""Brazilian Championships"", ""year"": 2019, ""athlete_name"": ""Rankiel Neves"", ""country"": ""BRA"", ""discipline"": ""MAG"", ""category"": ""senior"", ""apparatus"": ""FX"", ""vt_attempt"": null, ""day"": null, ""format"": ""individual"", ""round"": ""final"", ""score"": 10.65, ""D_score"": 5.0, ""vault_attempt_order_uncertain"": false, ""source_sheet"": ""MAG"", ""source_row"": 8068, ""target_id"": ""target_57df5a2b858d974b""}}]"
orphan_30ad33b0f535df62,possible_event_name_mismatch,review,Possible event-name mismatch between the D sheet and the score sheet.,MAG D,7005,Brazilian Championships,2019,Rankiel Neves,BRA,MAG,senior,HB,,,apparatus,final,4.7,False,2,suggestion_6064c00d4c8e2213,event_name_correction,0.885,D-score event 'Brazilian Championships' may match score-sheet event 'Brazilian Event Championships'.,Brazilian Event Championships,2019,Rankiel Neves,BRA,MAG,senior,HB,,,apparatus,final,12.2,,MAG,8069,"[{""suggestion_id"": ""suggestion_6064c00d4c8e2213"", ""suggestion_type"": ""event_name_correction"", ""confidence"": 0.885, ""message"": ""D-score event 'Brazilian Championships' may match score-sheet event 'Brazilian Event Championships'."", ""action"": ""attach_d_score_to_target_result"", ""changes"": {""event_name"": {""from"": ""Brazilian Championships"", ""to"": ""Brazilian Event Championships""}}, ""target_result"": {""event_name"": ""Brazilian Event Championships"", ""year"": 2019, ""athlete_name"": ""Rankiel Neves"", ""country"": ""BRA"", ""discipline"": ""MAG"", ""category"": ""senior"", ""apparatus"": ""HB"", ""vt_attempt"": null, ""day"": null, ""format"": ""apparatus"", ""round"": ""final"", ""score"": 12.2, ""D_score"": null, ""vault_attempt_order_uncertain"": false, ""source_sheet"": ""MAG"", ""source_row"": 8069, ""target_id"": ""target_5aee2571493f77ce""}}, {""suggestion_id"": ""suggestion_e91606c08cdf80a3"", ""suggestion_type"": ""context_correction"", ""confidence"": 0.65, ""message"": ""Same athlete/event/apparatus exists in the score sheet, but format, round, or day is different."", ""action"": ""attach_d_score_to_target_result"", ""changes"": {""format"": {""from"": ""apparatus"", ""to"": ""individual""}, ""round"": {""from"": ""final"", ""to"": ""final""}, ""day"": {""from"": null, ""to"": null}}, ""target_result"": {""event_name"": ""Brazilian Championships"", ""year"": 2019, ""athlete_name"": ""Rankiel Neves"", ""country"": ""BRA"", ""discipline"": ""MAG"", ""category"": ""senior"", ""apparatus"": ""HB"", ""vt_attempt"": null, ""day"": null, ""format"": ""individual"", ""round"": ""final"", ""score"": 11.95, ""D_score"": 4.8, ""vault_attempt_order_uncertain"": false, ""source_sheet"": ""MAG"", ""source_row"": 8068, ""target_id"": ""target_3d9df45970590bc3""}}]"
orphan_361012ee5637a8f9,possible_event_name_mismatch,review,Possible event-name mismatch between the D sheet and the score sheet.,MAG D,7005,Brazilian Championships,2019,Rankiel Neves,BRA,MAG,senior,PB,,,apparatus,final,5.3,False,3,suggestion_1f4cae897a590439,event_name_correction,0.885,D-score event 'Brazilian Championships' may match score-sheet event 'Brazilian Event Championships'.,Brazilian Event Championships,2019,Rankiel Neves,BRA,MAG,senior,PB,,,apparatus,final,12.15,,MAG,8069,"[{""suggestion_id"": ""suggestion_1f4cae897a590439"", ""suggestion_type"": ""event_name_correction"", ""confidence"": 0.885, ""message"": ""D-score event 'Brazilian Championships' may match score-sheet event 'Brazilian Event Championships'."", ""action"": ""attach_d_score_to_target_result"", ""changes"": {""event_name"": {""from"": ""Brazilian Championships"", ""to"": ""Brazilian Event Championships""}}, ""target_result"": {""event_name"": ""Brazilian Event Championships"", ""year"": 2019, ""athlete_name"": ""Rankiel Neves"", ""country"": ""BRA"", ""discipline"": ""MAG"", ""category"": ""senior"", ""apparatus"": ""PB"", ""vt_attempt"": null, ""day"": null, ""format"": ""apparatus"", ""round"": ""final"", ""score"": 12.15, ""D_score"": null, ""vault_attempt_order_uncertain"": false, ""source_sheet"": ""MAG"", ""source_row"": 8069, ""target_id"": ""target_3a71b262b909483a""}}, {""suggestion_id"": ""suggestion_d3932215ca19105a"", ""suggestion_type"": ""context_correction"", ""confidence"": 0.65, ""message"": ""Same athlete/event/apparatus exists in the score sheet, but format, round, or day is different."", ""action"": ""attach_d_score_to_target_result"", ""changes"": {""format"": {""from"": ""apparatus"", ""to"": ""individual""}, ""round"": {""from"": ""final"", ""to"": ""final""}, ""day"": {""from"": null, ""to"": null}}, ""target_result"": {""event_name"": ""Brazilian Championships"", ""year"": 2019, ""athlete_name"": ""Rankiel Neves"", ""country"": ""BRA"", ""discipline"": ""MAG"", ""category"": ""senior"", ""apparatus"": ""PB"", ""vt_attempt"": null, ""day"": null, ""format"": ""individual"", ""round"": ""final"", ""score"": 12.3, ""D_score"": 5.3, ""vault_attempt_order_uncertain"": false, ""source_sheet"": ""MAG"", ""source_row"": 8068, ""target_id"": ""target_cdd2be4879ac8790""}}, {""suggestion_id"": ""suggestion_8e983c8e1a88762f"", ""suggestion_type"": ""context_correction"", ""confidence"": 0.65, ""message"": ""Same athlete/event/apparatus exists in the score sheet, but format, round, or day is different."", ""action"": ""attach_d_score_to_target_result"", ""changes"": {""format"": {""from"": ""apparatus"", ""to"": ""team""}, ""round"": {""from"": ""final"", ""to"": ""final""}, ""day"": {""from"": null, ""to"": null}}, ""target_result"": {""event_name"": ""Brazilian Championships"", ""year"": 2019, ""athlete_name"": ""Rankiel Neves"", ""country"": ""BRA"", ""discipline"": ""MAG"", ""category"": ""senior"", ""apparatus"": ""PB"", ""vt_attempt"": null, ""day"": null, ""format"": ""team"", ""round"": ""final"", ""score"": 11.35, ""D_score"": null, ""vault_attempt_order_uncertain"": false, ""source_sheet"": ""MAG"", ""source_row"": 8070, ""target_id"": ""target_bc3ce15dfaa94725""}}]"
orphan_6246a2375206254a,possible_event_name_mismatch,review,Possible event-name mismatch between the D sheet and the score sheet.,MAG D,7005,Brazilian Championships,2019,Rankiel Neves,BRA,MAG,senior,SR,,,apparatus,final,4.1,False,2,suggestion_9ab360ddc53c9680,event_name_correction,0.885,D-score event 'Brazilian Championships' may match score-sheet event 'Brazilian Event Championships'.,Brazilian Event Championships,2019,Rankiel Neves,BRA,MAG,senior,SR,,,apparatus,final,12.55,,MAG,8069,"[{""suggestion_id"": ""suggestion_9ab360ddc53c9680"", ""suggestion_type"": ""event_name_correction"", ""confidence"": 0.885, ""message"": ""D-score event 'Brazilian Championships' may match score-sheet event 'Brazilian Event Championships'."", ""action"": ""attach_d_score_to_target_result"", ""changes"": {""event_name"": {""from"": ""Brazilian Championships"", ""to"": ""Brazilian Event Championships""}}, ""target_result"": {""event_name"": ""Brazilian Event Championships"", ""year"": 2019, ""athlete_name"": ""Rankiel Neves"", ""country"": ""BRA"", ""discipline"": ""MAG"", ""category"": ""senior"", ""apparatus"": ""SR"", ""vt_attempt"": null, ""day"": null, ""format"": ""apparatus"", ""round"": ""final"", ""score"": 12.55, ""D_score"": null, ""vault_attempt_order_uncertain"": false, ""source_sheet"": ""MAG"", ""source_row"": 8069, ""target_id"": ""target_804037006813c9f6""}}, {""suggestion_id"": ""suggestion_8acc85c696375f62"", ""suggestion_type"": ""context_correction"", ""confidence"": 0.65, ""message"": ""Same athlete/event/apparatus exists in the score sheet, but format, round, or day is different."", ""action"": ""attach_d_score_to_target_result"", ""changes"": {""format"": {""from"": ""apparatus"", ""to"": ""individual""}, ""round"": {""from"": ""final"", ""to"": ""final""}, ""day"": {""from"": null, ""to"": null}}, ""target_result"": {""event_name"": ""Brazilian Championships"", ""year"": 2019, ""athlete_name"": ""Rankiel Neves"", ""country"": ""BRA"", ""discipline"": ""MAG"", ""category"": ""senior"", ""apparatus"": ""SR"", ""vt_attempt"": null, ""day"": null, ""format"": ""individual"", ""round"": ""final"", ""score"": 12.65, ""D_score"": 4.9, ""vault_attempt_order_uncertain"": false, ""source_sheet"": ""MAG"", ""source_row"": 8068, ""target_id"": ""target_7c0b9530d03b0da1""}}]"
orphan_4f67ee68894e5066,missing_final_score_for_context,review,"The athlete/event exists, but not this apparatus/context.",MAG D,7015,Austrian Championships,2019,Rasul Astamirov,AUT,MAG,junior,VT,2,,individual,final,1.6,True,0,,,,,,,,,,,,,,,,,,,,[]
orphan_0abb54d58a073b92,missing_final_score_for_context,review,"The athlete/event exists, but not this apparatus/context.",MAG D,7125,Austrian Championships,2019,Ricardo Rudy,AUT,MAG,senior,VT,2,,individual,final,4.0,True,0,,,,,,,,,,,,,,,,,,,,[]
orphan_895dffcc53d1d600,possible_context_mismatch,review,"Possible format, round, or day mismatch.",MAG D,7126,Austrian Championships,2019,Ricardo Rudy,AUT,MAG,senior,VT,1,,apparatus,final,4.8,True,1,suggestion_cecbed66177baff1,context_correction,0.65,"Same athlete/event/apparatus exists in the score sheet, but format, round, or day is different.",Austrian Championships,2019,Ricardo Rudy,AUT,MAG,senior,VT,1,,individual,final,13.75,4.8,MAG,8214,"[{""suggestion_id"": ""suggestion_cecbed66177baff1"", ""suggestion_type"": ""context_correction"", ""confidence"": 0.65, ""message"": ""Same athlete/event/apparatus exists in the score sheet, but format, round, or day is different."", ""action"": ""attach_d_score_to_target_result"", ""changes"": {""format"": {""from"": ""apparatus"", ""to"": ""individual""}, ""round"": {""from"": ""final"", ""to"": ""final""}, ""day"": {""from"": null, ""to"": null}}, ""target_result"": {""event_name"": ""Austrian Championships"", ""year"": 2019, ""athlete_name"": ""Ricardo Rudy"", ""country"": ""AUT"", ""discipline"": ""MAG"", ""category"": ""senior"", ""apparatus"": ""VT"", ""vt_attempt"": 1, ""day"": null, ""format"": ""individual"", ""round"": ""final"", ""score"": 13.75, ""D_score"": 4.8, ""vault_attempt_order_uncertain"": true, ""source_sheet"": ""MAG"", ""source_row"": 8214, ""target_id"": ""target_c28d2845cf6d9859""}}]"
orphan_33260b5272ce8c51,missing_final_score_for_context,review,"The athlete/event exists, but not this apparatus/context.",MAG D,7126,Austrian Championships,2019,Ricardo Rudy,AUT,MAG,senior,VT,2,,apparatus,final,4.0,True,0,,,,,,,,,,,,,,,,,,,,[]
orphan_2254196f4b2621c1,missing_final_score_for_context,review,"The athlete/event exists, but not this apparatus/context.",MAG D,7250,Salamunov Memorial,2019,Rok Klavora,SLO,MAG,senior,SR,,,individual,final,4.0,False,0,,,,,,,,,,,,,,,,,,,,[]
orphan_f60b8f3be7479fb9,missing_final_score_for_context,review,"The athlete/event exists, but not this apparatus/context.",MAG D,7386,Top 12 Series 1,2019,Sacha Stancheris,FRA,MAG,senior,SR,,,individual,final,4.1,False,0,,,,,,,,,,,,,,,,,,,,[]
orphan_7c8ad0835b564914,missing_final_score_for_context,review,"The athlete/event exists, but not this apparatus/context.",MAG D,7433,Winter Cup Challenge,2019,Sam Phillips,USA,MAG,junior,PB,,,individual,qualification,4.3,False,0,,,,,,,,,,,,,,,,,,,,[]
orphan_c0a1e47fb5fb1a61,missing_final_score_for_context,review,"The athlete/event exists, but not this apparatus/context.",MAG D,7465,French Championships,2019,Samir Aït Saïd,FRA,MAG,senior,PH,,,individual,final,6.0,False,0,,,,,,,,,,,,,,,,,,,,[]
orphan_8fce48544a969b29,missing_final_score_for_context,review,"The athlete/event exists, but not this apparatus/context.",MAG D,7584,Nordic Junior Championships,2019,Sebastian Dyngeland,NOR,MAG,junior,VT,2,,individual,final,2.4,True,0,,,,,,,,,,,,,,,,,,,,[]
orphan_83404e263c45cfec,missing_final_score_for_context,review,"The athlete/event exists, but not this apparatus/context.",MAG D,7603,Nordic Junior Championships,2019,Sebastian Kyllesbech,DEN,MAG,junior,VT,2,,individual,final,1.6,True,0,,,,,,,,,,,,,,,,,,,,[]
orphan_4a52a56057e59855,possible_context_mismatch,review,"Possible format, round, or day mismatch.",MAG D,7616,Nordic Junior Championships,2019,Sebastian Sponevik,NOR,MAG,junior,VT,2,,individual,final,2.8,True,1,suggestion_ce7bf969d3ae3202,context_correction,0.65,"Same athlete/event/apparatus exists in the score sheet, but format, round, or day is different.",Nordic Junior Championships,2019,Sebastian Sponevik,NOR,MAG,junior,VT,2,,apparatus,final,12.0,2.8,MAG,8803,"[{""suggestion_id"": ""suggestion_ce7bf969d3ae3202"", ""suggestion_type"": ""context_correction"", ""confidence"": 0.65, ""message"": ""Same athlete/event/apparatus exists in the score sheet, but format, round, or day is different."", ""action"": ""attach_d_score_to_target_result"", ""changes"": {""format"": {""from"": ""individual"", ""to"": ""apparatus""}, ""round"": {""from"": ""final"", ""to"": ""final""}, ""day"": {""from"": null, ""to"": null}}, ""target_result"": {""event_name"": ""Nordic Junior Championships"", ""year"": 2019, ""athlete_name"": ""Sebastian Sponevik"", ""country"": ""NOR"", ""discipline"": ""MAG"", ""category"": ""junior"", ""apparatus"": ""VT"", ""vt_attempt"": 2, ""day"": null, ""format"": ""apparatus"", ""round"": ""final"", ""score"": 12.0, ""D_score"": 2.8, ""vault_attempt_order_uncertain"": true, ""source_sheet"": ""MAG"", ""source_row"": 8803, ""target_id"": ""target_862d287d491c54c2""}}]"
orphan_b04181a96cef2d23,possible_context_mismatch,review,"Possible format, round, or day mismatch.",MAG D,7658,Mediterranean Championships,2019,Sergio Moreno,ESP,MAG,junior,VT,2,,individual,final,4.0,True,1,suggestion_b0fa6a9d67e1293f,context_correction,0.65,"Same athlete/event/apparatus exists in the score sheet, but format, round, or day is different.",Mediterranean Championships,2019,Sergio Moreno,ESP,MAG,junior,VT,2,,apparatus,final,10.634,4.0,MAG,8875,"[{""suggestion_id"": ""suggestion_b0fa6a9d67e1293f"", ""suggestion_type"": ""context_correction"", ""confidence"": 0.65, ""message"": ""Same athlete/event/apparatus exists in the score sheet, but format, round, or day is different."", ""action"": ""attach_d_score_to_target_result"", ""changes"": {""format"": {""from"": ""individual"", ""to"": ""apparatus""}, ""round"": {""from"": ""final"", ""to"": ""final""}, ""day"": {""from"": null, ""to"": null}}, ""target_result"": {""event_name"": ""Mediterranean Championships"", ""year"": 2019, ""athlete_name"": ""Sergio Moreno"", ""country"": ""ESP"", ""discipline"": ""MAG"", ""category"": ""junior"", ""apparatus"": ""VT"", ""vt_attempt"": 2, ""day"": null, ""format"": ""apparatus"", ""round"": ""final"", ""score"": 10.634, ""D_score"": 4.0, ""vault_attempt_order_uncertain"": true, ""source_sheet"": ""MAG"", ""source_row"": 8875, ""target_id"": ""target_1b01eac6e9d04acd""}}]"
orphan_95f6545932a2a9d4,possible_context_mismatch,review,"Possible format, round, or day mismatch.",MAG D,7968,Chinese Championships,2019,Ta Yinga,CHN,MAG,senior,HB,,,individual,qualification,5.4,False,1,suggestion_40eb30b8cd924115,context_correction,0.65,"Same athlete/event/apparatus exists in the score sheet, but format, round, or day is different.",Chinese Championships,2019,Ta Yinga,CHN,MAG,senior,HB,,,team,final,13.5,5.4,MAG,9279,"[{""suggestion_id"": ""suggestion_40eb30b8cd924115"", ""suggestion_type"": ""context_correction"", ""confidence"": 0.65, ""message"": ""Same athlete/event/apparatus exists in the score sheet, but format, round, or day is different."", ""action"": ""attach_d_score_to_target_result"", ""changes"": {""format"": {""from"": ""individual"", ""to"": ""team""}, ""round"": {""from"": ""qualification"", ""to"": ""final""}, ""day"": {""from"": null, ""to"": null}}, ""target_result"": {""event_name"": ""Chinese Championships"", ""year"": 2019, ""athlete_name"": ""Ta Yinga"", ""country"": ""CHN"", ""discipline"": ""MAG"", ""category"": ""senior"", ""apparatus"": ""HB"", ""vt_attempt"": null, ""day"": null, ""format"": ""team"", ""round"": ""final"", ""score"": 13.5, ""D_score"": 5.4, ""vault_attempt_order_uncertain"": false, ""source_sheet"": ""MAG"", ""source_row"": 9279, ""target_id"": ""target_f93f4c1dfe27f32d""}}]"
orphan_3e66e75187c9c262,possible_context_mismatch,review,"Possible format, round, or day mismatch.",MAG D,7968,Chinese Championships,2019,Ta Yinga,CHN,MAG,senior,PB,,,individual,qualification,5.6,False,1,suggestion_b2a2fdd8c0101890,context_correction,0.65,"Same athlete/event/apparatus exists in the score sheet, but format, round, or day is different.",Chinese Championships,2019,Ta Yinga,CHN,MAG,senior,PB,,,team,final,14.15,5.6,MAG,9279,"[{""suggestion_id"": ""suggestion_b2a2fdd8c0101890"", ""suggestion_type"": ""context_correction"", ""confidence"": 0.65, ""message"": ""Same athlete/event/apparatus exists in the score sheet, but format, round, or day is different."", ""action"": ""attach_d_score_to_target_result"", ""changes"": {""format"": {""from"": ""individual"", ""to"": ""team""}, ""round"": {""from"": ""qualification"", ""to"": ""final""}, ""day"": {""from"": null, ""to"": null}}, ""target_result"": {""event_name"": ""Chinese Championships"", ""year"": 2019, ""athlete_name"": ""Ta Yinga"", ""country"": ""CHN"", ""discipline"": ""MAG"", ""category"": ""senior"", ""apparatus"": ""PB"", ""vt_attempt"": null, ""day"": null, ""format"": ""team"", ""round"": ""final"", ""score"": 14.15, ""D_score"": 5.6, ""vault_attempt_order_uncertain"": false, ""source_sheet"": ""MAG"", ""source_row"": 9279, ""target_id"": ""target_20487e64ba645a91""}}]"
orphan_d8fe6c0788ec4d82,possible_context_mismatch,review,"Possible format, round, or day mismatch.",MAG D,7968,Chinese Championships,2019,Ta Yinga,CHN,MAG,senior,PH,,,individual,qualification,5.4,False,1,suggestion_54652c83c2161718,context_correction,0.65,"Same athlete/event/apparatus exists in the score sheet, but format, round, or day is different.",Chinese Championships,2019,Ta Yinga,CHN,MAG,senior,PH,,,team,final,13.9,5.4,MAG,9279,"[{""suggestion_id"": ""suggestion_54652c83c2161718"", ""suggestion_type"": ""context_correction"", ""confidence"": 0.65, ""message"": ""Same athlete/event/apparatus exists in the score sheet, but format, round, or day is different."", ""action"": ""attach_d_score_to_target_result"", ""changes"": {""format"": {""from"": ""individual"", ""to"": ""team""}, ""round"": {""from"": ""qualification"", ""to"": ""final""}, ""day"": {""from"": null, ""to"": null}}, ""target_result"": {""event_name"": ""Chinese Championships"", ""year"": 2019, ""athlete_name"": ""Ta Yinga"", ""country"": ""CHN"", ""discipline"": ""MAG"", ""category"": ""senior"", ""apparatus"": ""PH"", ""vt_attempt"": null, ""day"": null, ""format"": ""team"", ""round"": ""final"", ""score"": 13.9, ""D_score"": 5.4, ""vault_attempt_order_uncertain"": false, ""source_sheet"": ""MAG"", ""source_row"": 9279, ""target_id"": ""target_909155679fc65bca""}}]"
orphan_7e4d746c965cb856,possible_context_mismatch,review,"Possible format, round, or day mismatch.",MAG D,7968,Chinese Championships,2019,Ta Yinga,CHN,MAG,senior,SR,,,individual,qualification,5.1,False,1,suggestion_7ebba0f952963f45,context_correction,0.65,"Same athlete/event/apparatus exists in the score sheet, but format, round, or day is different.",Chinese Championships,2019,Ta Yinga,CHN,MAG,senior,SR,,,team,final,13.1,5.1,MAG,9279,"[{""suggestion_id"": ""suggestion_7ebba0f952963f45"", ""suggestion_type"": ""context_correction"", ""confidence"": 0.65, ""message"": ""Same athlete/event/apparatus exists in the score sheet, but format, round, or day is different."", ""action"": ""attach_d_score_to_target_result"", ""changes"": {""format"": {""from"": ""individual"", ""to"": ""team""}, ""round"": {""from"": ""qualification"", ""to"": ""final""}, ""day"": {""from"": null, ""to"": null}}, ""target_result"": {""event_name"": ""Chinese Championships"", ""year"": 2019, ""athlete_name"": ""Ta Yinga"", ""country"": ""CHN"", ""discipline"": ""MAG"", ""category"": ""senior"", ""apparatus"": ""SR"", ""vt_attempt"": null, ""day"": null, ""format"": ""team"", ""round"": ""final"", ""score"": 13.1, ""D_score"": 5.1, ""vault_attempt_order_uncertain"": false, ""source_sheet"": ""MAG"", ""source_row"": 9279, ""target_id"": ""target_a2af85d674b984e6""}}]"
orphan_300a21719fd6c628,possible_event_name_mismatch,review,Possible event-name mismatch between the D sheet and the score sheet.,MAG D,8039,Brazilian Championships,2019,Tales Damasio,BRA,MAG,senior,FX,,,apparatus,final,5.6,False,3,suggestion_39c24403a5492106,event_name_correction,0.885,D-score event 'Brazilian Championships' may match score-sheet event 'Brazilian Event Championships'.,Brazilian Event Championships,2019,Tales Damasio,BRA,MAG,senior,FX,,,apparatus,final,12.85,,MAG,9404,"[{""suggestion_id"": ""suggestion_39c24403a5492106"", ""suggestion_type"": ""event_name_correction"", ""confidence"": 0.885, ""message"": ""D-score event 'Brazilian Championships' may match score-sheet event 'Brazilian Event Championships'."", ""action"": ""attach_d_score_to_target_result"", ""changes"": {""event_name"": {""from"": ""Brazilian Championships"", ""to"": ""Brazilian Event Championships""}}, ""target_result"": {""event_name"": ""Brazilian Event Championships"", ""year"": 2019, ""athlete_name"": ""Tales Damasio"", ""country"": ""BRA"", ""discipline"": ""MAG"", ""category"": ""senior"", ""apparatus"": ""FX"", ""vt_attempt"": null, ""day"": null, ""format"": ""apparatus"", ""round"": ""final"", ""score"": 12.85, ""D_score"": null, ""vault_attempt_order_uncertain"": false, ""source_sheet"": ""MAG"", ""source_row"": 9404, ""target_id"": ""target_67c1860fa13bf3a5""}}, {""suggestion_id"": ""suggestion_8bc46b3d59d60f46"", ""suggestion_type"": ""context_correction"", ""confidence"": 0.65, ""message"": ""Same athlete/event/apparatus exists in the score sheet, but format, round, or day is different."", ""action"": ""attach_d_score_to_target_result"", ""changes"": {""format"": {""from"": ""apparatus"", ""to"": ""team""}, ""round"": {""from"": ""final"", ""to"": ""final""}, ""day"": {""from"": null, ""to"": null}}, ""target_result"": {""event_name"": ""Brazilian Championships"", ""year"": 2019, ""athlete_name"": ""Tales Damasio"", ""country"": ""BRA"", ""discipline"": ""MAG"", ""category"": ""senior"", ""apparatus"": ""FX"", ""vt_attempt"": null, ""day"": null, ""format"": ""team"", ""round"": ""final"", ""score"": 13.0, ""D_score"": null, ""vault_attempt_order_uncertain"": false, ""source_sheet"": ""MAG"", ""source_row"": 9401, ""target_id"": ""target_aab840fb2e6cd38b""}}, {""suggestion_id"": ""suggestion_dcb6fc6611e69cac"", ""suggestion_type"": ""context_correction"", ""confidence"": 0.65, ""message"": ""Same athlete/event/apparatus exists in the score sheet, but format, round, or day is different."", ""action"": ""attach_d_score_to_target_result"", ""changes"": {""format"": {""from"": ""apparatus"", ""to"": ""individual""}, ""round"": {""from"": ""final"", ""to"": ""final""}, ""day"": {""from"": null, ""to"": null}}, ""target_result"": {""event_name"": ""Brazilian Championships"", ""year"": 2019, ""athlete_name"": ""Tales Damasio"", ""country"": ""BRA"", ""discipline"": ""MAG"", ""category"": ""senior"", ""apparatus"": ""FX"", ""vt_attempt"": null, ""day"": null, ""format"": ""individual"", ""round"": ""final"", ""score"": 13.85, ""D_score"": 5.6, ""vault_attempt_order_uncertain"": false, ""source_sheet"": ""MAG"", ""source_row"": 9403, ""target_id"": ""target_f4c878ec2af29266""}}]"
orphan_b4ad14b3599c89de,possible_context_mismatch,review,"Possible format, round, or day mismatch.",MAG D,8197,Italian Championships,2019,Thomas Grasso,ITA,MAG,senior,VT,2,,individual,final,4.8,True,1,suggestion_e2d1eed9e76a66eb,context_correction,0.65,"Same athlete/event/apparatus exists in the score sheet, but format, round, or day is different.",Italian Championships,2019,Thomas Grasso,ITA,MAG,senior,VT,2,,apparatus,final,13.05,4.8,MAG,9582,"[{""suggestion_id"": ""suggestion_e2d1eed9e76a66eb"", ""suggestion_type"": ""context_correction"", ""confidence"": 0.65, ""message"": ""Same athlete/event/apparatus exists in the score sheet, but format, round, or day is different."", ""action"": ""attach_d_score_to_target_result"", ""changes"": {""format"": {""from"": ""individual"", ""to"": ""apparatus""}, ""round"": {""from"": ""final"", ""to"": ""final""}, ""day"": {""from"": null, ""to"": null}}, ""target_result"": {""event_name"": ""Italian Championships"", ""year"": 2019, ""athlete_name"": ""Thomas Grasso"", ""country"": ""ITA"", ""discipline"": ""MAG"", ""category"": ""senior"", ""apparatus"": ""VT"", ""vt_attempt"": 2, ""day"": null, ""format"": ""apparatus"", ""round"": ""final"", ""score"": 13.05, ""D_score"": 4.8, ""vault_attempt_order_uncertain"": true, ""source_sheet"": ""MAG"", ""source_row"": 9582, ""target_id"": ""target_a7eef7fe8b667f05""}}]"
orphan_c6d558f5a57612e5,possible_context_mismatch,review,"Possible format, round, or day mismatch.",MAG D,8308,Nordic Junior Championships,2019,Tobias Schultz,DEN,MAG,junior,VT,2,,individual,final,1.6,True,1,suggestion_9c32d0d042461e9e,context_correction,0.65,"Same athlete/event/apparatus exists in the score sheet, but format, round, or day is different.",Nordic Junior Championships,2019,Tobias Schultz,DEN,MAG,junior,VT,2,,apparatus,final,10.9,1.6,MAG,9701,"[{""suggestion_id"": ""suggestion_9c32d0d042461e9e"", ""suggestion_type"": ""context_correction"", ""confidence"": 0.65, ""message"": ""Same athlete/event/apparatus exists in the score sheet, but format, round, or day is different."", ""action"": ""attach_d_score_to_target_result"", ""changes"": {""format"": {""from"": ""individual"", ""to"": ""apparatus""}, ""round"": {""from"": ""final"", ""to"": ""final""}, ""day"": {""from"": null, ""to"": null}}, ""target_result"": {""event_name"": ""Nordic Junior Championships"", ""year"": 2019, ""athlete_name"": ""Tobias Schultz"", ""country"": ""DEN"", ""discipline"": ""MAG"", ""category"": ""junior"", ""apparatus"": ""VT"", ""vt_attempt"": 2, ""day"": null, ""format"": ""apparatus"", ""round"": ""final"", ""score"": 10.9, ""D_score"": 1.6, ""vault_attempt_order_uncertain"": true, ""source_sheet"": ""MAG"", ""source_row"": 9701, ""target_id"": ""target_fd2cfed2c87c9b5a""}}]"
orphan_a420245b97360b00,possible_event_name_mismatch,review,Possible event-name mismatch between the D sheet and the score sheet.,MAG D,8347,Brazilian Championships,2019,Tomas Florencio,BRA,MAG,senior,FX,,,apparatus,final,5.6,False,3,suggestion_3ae875b52f65796e,event_name_correction,0.885,D-score event 'Brazilian Championships' may match score-sheet event 'Brazilian Event Championships'.,Brazilian Event Championships,2019,Tomas Florencio,BRA,MAG,senior,FX,,,apparatus,final,13.55,,MAG,9742,"[{""suggestion_id"": ""suggestion_3ae875b52f65796e"", ""suggestion_type"": ""event_name_correction"", ""confidence"": 0.885, ""message"": ""D-score event 'Brazilian Championships' may match score-sheet event 'Brazilian Event Championships'."", ""action"": ""attach_d_score_to_target_result"", ""changes"": {""event_name"": {""from"": ""Brazilian Championships"", ""to"": ""Brazilian Event Championships""}}, ""target_result"": {""event_name"": ""Brazilian Event Championships"", ""year"": 2019, ""athlete_name"": ""Tomas Florencio"", ""country"": ""BRA"", ""discipline"": ""MAG"", ""category"": ""senior"", ""apparatus"": ""FX"", ""vt_attempt"": null, ""day"": null, ""format"": ""apparatus"", ""round"": ""final"", ""score"": 13.55, ""D_score"": null, ""vault_attempt_order_uncertain"": false, ""source_sheet"": ""MAG"", ""source_row"": 9742, ""target_id"": ""target_f0537e843c341156""}}, {""suggestion_id"": ""suggestion_aba01be5a41a9c80"", ""suggestion_type"": ""context_correction"", ""confidence"": 0.65, ""message"": ""Same athlete/event/apparatus exists in the score sheet, but format, round, or day is different."", ""action"": ""attach_d_score_to_target_result"", ""changes"": {""format"": {""from"": ""apparatus"", ""to"": ""individual""}, ""round"": {""from"": ""final"", ""to"": ""final""}, ""day"": {""from"": null, ""to"": null}}, ""target_result"": {""event_name"": ""Brazilian Championships"", ""year"": 2019, ""athlete_name"": ""Tomas Florencio"", ""country"": ""BRA"", ""discipline"": ""MAG"", ""category"": ""senior"", ""apparatus"": ""FX"", ""vt_attempt"": null, ""day"": null, ""format"": ""individual"", ""round"": ""final"", ""score"": 13.35, ""D_score"": 5.6, ""vault_attempt_order_uncertain"": false, ""source_sheet"": ""MAG"", ""source_row"": 9739, ""target_id"": ""target_ab3ffe5094537b91""}}, {""suggestion_id"": ""suggestion_95dfb4430ffe12d7"", ""suggestion_type"": ""context_correction"", ""confidence"": 0.65, ""message"": ""Same athlete/event/apparatus exists in the score sheet, but format, round, or day is different."", ""action"": ""attach_d_score_to_target_result"", ""changes"": {""format"": {""from"": ""apparatus"", ""to"": ""team""}, ""round"": {""from"": ""final"", ""to"": ""final""}, ""day"": {""from"": null, ""to"": null}}, ""target_result"": {""event_name"": ""Brazilian Championships"", ""year"": 2019, ""athlete_name"": ""Tomas Florencio"", ""country"": ""BRA"", ""discipline"": ""MAG"", ""category"": ""senior"", ""apparatus"": ""FX"", ""vt_attempt"": null, ""day"": null, ""format"": ""team"", ""round"": ""final"", ""score"": 13.45, ""D_score"": null, ""vault_attempt_order_uncertain"": false, ""source_sheet"": ""MAG"", ""source_row"": 9740, ""target_id"": ""target_bee93f585e54443d""}}]"
orphan_1eb762b7c9960918,possible_event_name_mismatch,review,Possible event-name mismatch between the D sheet and the score sheet.,MAG D,8347,Brazilian Championships,2019,Tomas Florencio,BRA,MAG,senior,HB,,,apparatus,final,4.8,False,3,suggestion_de131d749fa1f17d,event_name_correction,0.885,D-score event 'Brazilian Championships' may match score-sheet event 'Brazilian Event Championships'.,Brazilian Event Championships,2019,Tomas Florencio,BRA,MAG,senior,HB,,,apparatus,final,13.2,,MAG,9742,"[{""suggestion_id"": ""suggestion_de131d749fa1f17d"", ""suggestion_type"": ""event_name_correction"", ""confidence"": 0.885, ""message"": ""D-score event 'Brazilian Championships' may match score-sheet event 'Brazilian Event Championships'."", ""action"": ""attach_d_score_to_target_result"", ""changes"": {""event_name"": {""from"": ""Brazilian Championships"", ""to"": ""Brazilian Event Championships""}}, ""target_result"": {""event_name"": ""Brazilian Event Championships"", ""year"": 2019, ""athlete_name"": ""Tomas Florencio"", ""country"": ""BRA"", ""discipline"": ""MAG"", ""category"": ""senior"", ""apparatus"": ""HB"", ""vt_attempt"": null, ""day"": null, ""format"": ""apparatus"", ""round"": ""final"", ""score"": 13.2, ""D_score"": null, ""vault_attempt_order_uncertain"": false, ""source_sheet"": ""MAG"", ""source_row"": 9742, ""target_id"": ""target_32175369c5f317af""}}, {""suggestion_id"": ""suggestion_da09380d0d991d89"", ""suggestion_type"": ""context_correction"", ""confidence"": 0.65, ""message"": ""Same athlete/event/apparatus exists in the score sheet, but format, round, or day is different."", ""action"": ""attach_d_score_to_target_result"", ""changes"": {""format"": {""from"": ""apparatus"", ""to"": ""individual""}, ""round"": {""from"": ""final"", ""to"": ""final""}, ""day"": {""from"": null, ""to"": null}}, ""target_result"": {""event_name"": ""Brazilian Championships"", ""year"": 2019, ""athlete_name"": ""Tomas Florencio"", ""country"": ""BRA"", ""discipline"": ""MAG"", ""category"": ""senior"", ""apparatus"": ""HB"", ""vt_attempt"": null, ""day"": null, ""format"": ""individual"", ""round"": ""final"", ""score"": 13.3, ""D_score"": 5.3, ""vault_attempt_order_uncertain"": false, ""source_sheet"": ""MAG"", ""source_row"": 9739, ""target_id"": ""target_e39b5a3b7ef1f0c2""}}, {""suggestion_id"": ""suggestion_c4f41cbf5fa63552"", ""suggestion_type"": ""context_correction"", ""confidence"": 0.65, ""message"": ""Same athlete/event/apparatus exists in the score sheet, but format, round, or day is different."", ""action"": ""attach_d_score_to_target_result"", ""changes"": {""format"": {""from"": ""apparatus"", ""to"": ""team""}, ""round"": {""from"": ""final"", ""to"": ""final""}, ""day"": {""from"": null, ""to"": null}}, ""target_result"": {""event_name"": ""Brazilian Championships"", ""year"": 2019, ""athlete_name"": ""Tomas Florencio"", ""country"": ""BRA"", ""discipline"": ""MAG"", ""category"": ""senior"", ""apparatus"": ""HB"", ""vt_attempt"": null, ""day"": null, ""format"": ""team"", ""round"": ""final"", ""score"": 12.5, ""D_score"": null, ""vault_attempt_order_uncertain"": false, ""source_sheet"": ""MAG"", ""source_row"": 9740, ""target_id"": ""target_1090902968aed8ee""}}]"
orphan_031fc82cbf2da595,possible_event_name_mismatch,review,Possible event-name mismatch between the D sheet and the score sheet.,MAG D,8347,Brazilian Championships,2019,Tomas Florencio,BRA,MAG,senior,SR,,,apparatus,final,4.8,False,3,suggestion_5c208793781818f8,event_name_correction,0.885,D-score event 'Brazilian Championships' may match score-sheet event 'Brazilian Event Championships'.,Brazilian Event Championships,2019,Tomas Florencio,BRA,MAG,senior,SR,,,apparatus,final,12.9,,MAG,9742,"[{""suggestion_id"": ""suggestion_5c208793781818f8"", ""suggestion_type"": ""event_name_correction"", ""confidence"": 0.885, ""message"": ""D-score event 'Brazilian Championships' may match score-sheet event 'Brazilian Event Championships'."", ""action"": ""attach_d_score_to_target_result"", ""changes"": {""event_name"": {""from"": ""Brazilian Championships"", ""to"": ""Brazilian Event Championships""}}, ""target_result"": {""event_name"": ""Brazilian Event Championships"", ""year"": 2019, ""athlete_name"": ""Tomas Florencio"", ""country"": ""BRA"", ""discipline"": ""MAG"", ""category"": ""senior"", ""apparatus"": ""SR"", ""vt_attempt"": null, ""day"": null, ""format"": ""apparatus"", ""round"": ""final"", ""score"": 12.9, ""D_score"": null, ""vault_attempt_order_uncertain"": false, ""source_sheet"": ""MAG"", ""source_row"": 9742, ""target_id"": ""target_2c57d0123296fe09""}}, {""suggestion_id"": ""suggestion_21349f249d009d77"", ""suggestion_type"": ""context_correction"", ""confidence"": 0.65, ""message"": ""Same athlete/event/apparatus exists in the score sheet, but format, round, or day is different."", ""action"": ""attach_d_score_to_target_result"", ""changes"": {""format"": {""from"": ""apparatus"", ""to"": ""individual""}, ""round"": {""from"": ""final"", ""to"": ""final""}, ""day"": {""from"": null, ""to"": null}}, ""target_result"": {""event_name"": ""Brazilian Championships"", ""year"": 2019, ""athlete_name"": ""Tomas Florencio"", ""country"": ""BRA"", ""discipline"": ""MAG"", ""category"": ""senior"", ""apparatus"": ""SR"", ""vt_attempt"": null, ""day"": null, ""format"": ""individual"", ""round"": ""final"", ""score"": 13.6, ""D_score"": 4.8, ""vault_attempt_order_uncertain"": false, ""source_sheet"": ""MAG"", ""source_row"": 9739, ""target_id"": ""target_3e44ef6363a75959""}}, {""suggestion_id"": ""suggestion_8f3e24d4098cdc88"", ""suggestion_type"": ""context_correction"", ""confidence"": 0.65, ""message"": ""Same athlete/event/apparatus exists in the score sheet, but format, round, or day is different."", ""action"": ""attach_d_score_to_target_result"", ""changes"": {""format"": {""from"": ""apparatus"", ""to"": ""team""}, ""round"": {""from"": ""final"", ""to"": ""final""}, ""day"": {""from"": null, ""to"": null}}, ""target_result"": {""event_name"": ""Brazilian Championships"", ""year"": 2019, ""athlete_name"": ""Tomas Florencio"", ""country"": ""BRA"", ""discipline"": ""MAG"", ""category"": ""senior"", ""apparatus"": ""SR"", ""vt_attempt"": null, ""day"": null, ""format"": ""team"", ""round"": ""final"", ""score"": 13.3, ""D_score"": null, ""vault_attempt_order_uncertain"": false, ""source_sheet"": ""MAG"", ""source_row"": 9740, ""target_id"": ""target_391a379e51d829de""}}]"
orphan_d490e71038c90492,possible_context_mismatch,review,"Possible format, round, or day mismatch.",MAG D,8472,Danish Championships,2019,Uffe Høy,DEN,MAG,senior,VT,2,,individual,final,2.8,True,1,suggestion_d1942c3fcda9610d,context_correction,0.65,"Same athlete/event/apparatus exists in the score sheet, but format, round, or day is different.",Danish Championships,2019,Uffe Høy,DEN,MAG,senior,VT,2,,apparatus,final,12.35,,MAG,9900,"[{""suggestion_id"": ""suggestion_d1942c3fcda9610d"", ""suggestion_type"": ""context_correction"", ""confidence"": 0.65, ""message"": ""Same athlete/event/apparatus exists in the score sheet, but format, round, or day is different."", ""action"": ""attach_d_score_to_target_result"", ""changes"": {""format"": {""from"": ""individual"", ""to"": ""apparatus""}, ""round"": {""from"": ""final"", ""to"": ""final""}, ""day"": {""from"": null, ""to"": null}}, ""target_result"": {""event_name"": ""Danish Championships"", ""year"": 2019, ""athlete_name"": ""Uffe Høy"", ""country"": ""DEN"", ""discipline"": ""MAG"", ""category"": ""senior"", ""apparatus"": ""VT"", ""vt_attempt"": 2, ""day"": null, ""format"": ""apparatus"", ""round"": ""final"", ""score"": 12.35, ""D_score"": null, ""vault_attempt_order_uncertain"": true, ""source_sheet"": ""MAG"", ""source_row"": 9900, ""target_id"": ""target_a7d1295165e231c1""}}]"
orphan_a017d630fd7caff6,missing_final_score_for_context,review,"The athlete/event exists, but not this apparatus/context.",MAG D,8476,Italian Championships,2019,Umberto Zurlini,ITA,MAG,senior,VT,2,,individual,final,4.0,True,0,,,,,,,,,,,,,,,,,,,,[]
orphan_19aa7db5a45aa620,possible_context_mismatch,review,"Possible format, round, or day mismatch.",MAG D,8599,Austrian Championships,2019,Vincent Lindpointner,AUT,MAG,junior,VT,1,,apparatus,final,4.0,True,1,suggestion_0f917e859d1c1a35,context_correction,0.65,"Same athlete/event/apparatus exists in the score sheet, but format, round, or day is different.",Austrian Championships,2019,Vincent Lindpointner,AUT,MAG,junior,VT,1,,individual,final,11.65,2.8,MAG,10062,"[{""suggestion_id"": ""suggestion_0f917e859d1c1a35"", ""suggestion_type"": ""context_correction"", ""confidence"": 0.65, ""message"": ""Same athlete/event/apparatus exists in the score sheet, but format, round, or day is different."", ""action"": ""attach_d_score_to_target_result"", ""changes"": {""format"": {""from"": ""apparatus"", ""to"": ""individual""}, ""round"": {""from"": ""final"", ""to"": ""final""}, ""day"": {""from"": null, ""to"": null}}, ""target_result"": {""event_name"": ""Austrian Championships"", ""year"": 2019, ""athlete_name"": ""Vincent Lindpointner"", ""country"": ""AUT"", ""discipline"": ""MAG"", ""category"": ""junior"", ""apparatus"": ""VT"", ""vt_attempt"": 1, ""day"": null, ""format"": ""individual"", ""round"": ""final"", ""score"": 11.65, ""D_score"": 2.8, ""vault_attempt_order_uncertain"": true, ""source_sheet"": ""MAG"", ""source_row"": 10062, ""target_id"": ""target_1dd801c6d50a9b77""}}]"
orphan_06c6f302ba7d06f2,missing_final_score_for_context,review,"The athlete/event exists, but not this apparatus/context.",MAG D,8599,Austrian Championships,2019,Vincent Lindpointner,AUT,MAG,junior,VT,2,,apparatus,final,2.8,True,0,,,,,,,,,,,,,,,,,,,,[]
orphan_d6312fc006cea442,missing_final_score_for_context,review,"The athlete/event exists, but not this apparatus/context.",MAG D,8600,Austrian Championships,2019,Vincent Lindpointner,AUT,MAG,junior,VT,2,,individual,final,2.8,True,0,,,,,,,,,,,,,,,,,,,,[]
orphan_110392d65c938a0d,possible_event_name_mismatch,review,Possible event-name mismatch between the D sheet and the score sheet.,MAG D,8604,Brazilian Championships,2019,Vinicius Machado,BRA,MAG,senior,PB,,,apparatus,final,5.1,False,1,suggestion_37e2110cdfe75a94,event_name_correction,0.885,D-score event 'Brazilian Championships' may match score-sheet event 'Brazilian Event Championships'.,Brazilian Event Championships,2019,Vinicius Machado,BRA,MAG,senior,PB,,,apparatus,final,13.4,,MAG,10067,"[{""suggestion_id"": ""suggestion_37e2110cdfe75a94"", ""suggestion_type"": ""event_name_correction"", ""confidence"": 0.885, ""message"": ""D-score event 'Brazilian Championships' may match score-sheet event 'Brazilian Event Championships'."", ""action"": ""attach_d_score_to_target_result"", ""changes"": {""event_name"": {""from"": ""Brazilian Championships"", ""to"": ""Brazilian Event Championships""}}, ""target_result"": {""event_name"": ""Brazilian Event Championships"", ""year"": 2019, ""athlete_name"": ""Vinicius Machado"", ""country"": ""BRA"", ""discipline"": ""MAG"", ""category"": ""senior"", ""apparatus"": ""PB"", ""vt_attempt"": null, ""day"": null, ""format"": ""apparatus"", ""round"": ""final"", ""score"": 13.4, ""D_score"": null, ""vault_attempt_order_uncertain"": false, ""source_sheet"": ""MAG"", ""source_row"": 10067, ""target_id"": ""target_fe281382ddbcc276""}}]"
orphan_fa7d63e698306940,possible_event_name_mismatch,review,Possible event-name mismatch between the D sheet and the score sheet.,MAG D,8604,Brazilian Championships,2019,Vinicius Machado,BRA,MAG,senior,PH,,,apparatus,final,5.3,False,2,suggestion_e0cc4225cae9767b,event_name_correction,0.885,D-score event 'Brazilian Championships' may match score-sheet event 'Brazilian Event Championships'.,Brazilian Event Championships,2019,Vinicius Machado,BRA,MAG,senior,PH,,,apparatus,final,13.25,,MAG,10067,"[{""suggestion_id"": ""suggestion_e0cc4225cae9767b"", ""suggestion_type"": ""event_name_correction"", ""confidence"": 0.885, ""message"": ""D-score event 'Brazilian Championships' may match score-sheet event 'Brazilian Event Championships'."", ""action"": ""attach_d_score_to_target_result"", ""changes"": {""event_name"": {""from"": ""Brazilian Championships"", ""to"": ""Brazilian Event Championships""}}, ""target_result"": {""event_name"": ""Brazilian Event Championships"", ""year"": 2019, ""athlete_name"": ""Vinicius Machado"", ""country"": ""BRA"", ""discipline"": ""MAG"", ""category"": ""senior"", ""apparatus"": ""PH"", ""vt_attempt"": null, ""day"": null, ""format"": ""apparatus"", ""round"": ""final"", ""score"": 13.25, ""D_score"": null, ""vault_attempt_order_uncertain"": false, ""source_sheet"": ""MAG"", ""source_row"": 10067, ""target_id"": ""target_8d90a04024eea995""}}, {""suggestion_id"": ""suggestion_1ba69edc28e688cc"", ""suggestion_type"": ""context_correction"", ""confidence"": 0.65, ""message"": ""Same athlete/event/apparatus exists in the score sheet, but format, round, or day is different."", ""action"": ""attach_d_score_to_target_result"", ""changes"": {""format"": {""from"": ""apparatus"", ""to"": ""individual""}, ""round"": {""from"": ""final"", ""to"": ""final""}, ""day"": {""from"": null, ""to"": null}}, ""target_result"": {""event_name"": ""Brazilian Championships"", ""year"": 2019, ""athlete_name"": ""Vinicius Machado"", ""country"": ""BRA"", ""discipline"": ""MAG"", ""category"": ""senior"", ""apparatus"": ""PH"", ""vt_attempt"": null, ""day"": null, ""format"": ""individual"", ""round"": ""final"", ""score"": 11.75, ""D_score"": 5.4, ""vault_attempt_order_uncertain"": false, ""source_sheet"": ""MAG"", ""source_row"": 10069, ""target_id"": ""target_d5f015e2207f0e15""}}]"
orphan_6416d96369e4e45e,possible_event_name_mismatch,review,Possible event-name mismatch between the D sheet and the score sheet.,MAG D,8605,Brazilian Championships,2019,Vinicius Machado,BRA,MAG,senior,FX,,,individual,final,5.2,False,1,suggestion_2cff31158ff440b9,event_name_correction,0.885,D-score event 'Brazilian Championships' may match score-sheet event 'Brazilian Event Championships'.,Brazilian Event Championships,2019,Vinicius Machado,BRA,MAG,senior,FX,,,individual,final,12.2,,MAG,10068,"[{""suggestion_id"": ""suggestion_2cff31158ff440b9"", ""suggestion_type"": ""event_name_correction"", ""confidence"": 0.885, ""message"": ""D-score event 'Brazilian Championships' may match score-sheet event 'Brazilian Event Championships'."", ""action"": ""attach_d_score_to_target_result"", ""changes"": {""event_name"": {""from"": ""Brazilian Championships"", ""to"": ""Brazilian Event Championships""}}, ""target_result"": {""event_name"": ""Brazilian Event Championships"", ""year"": 2019, ""athlete_name"": ""Vinicius Machado"", ""country"": ""BRA"", ""discipline"": ""MAG"", ""category"": ""senior"", ""apparatus"": ""FX"", ""vt_attempt"": null, ""day"": null, ""format"": ""individual"", ""round"": ""final"", ""score"": 12.2, ""D_score"": null, ""vault_attempt_order_uncertain"": false, ""source_sheet"": ""MAG"", ""source_row"": 10068, ""target_id"": ""target_64f87111460db59c""}}]"
orphan_3bfaa1377b9db784,possible_event_name_mismatch,review,Possible event-name mismatch between the D sheet and the score sheet.,MAG D,8605,Brazilian Championships,2019,Vinicius Machado,BRA,MAG,senior,PB,,,individual,final,5.0,False,1,suggestion_c115d27f23a229f9,event_name_correction,0.885,D-score event 'Brazilian Championships' may match score-sheet event 'Brazilian Event Championships'.,Brazilian Event Championships,2019,Vinicius Machado,BRA,MAG,senior,PB,,,individual,final,13.0,,MAG,10068,"[{""suggestion_id"": ""suggestion_c115d27f23a229f9"", ""suggestion_type"": ""event_name_correction"", ""confidence"": 0.885, ""message"": ""D-score event 'Brazilian Championships' may match score-sheet event 'Brazilian Event Championships'."", ""action"": ""attach_d_score_to_target_result"", ""changes"": {""event_name"": {""from"": ""Brazilian Championships"", ""to"": ""Brazilian Event Championships""}}, ""target_result"": {""event_name"": ""Brazilian Event Championships"", ""year"": 2019, ""athlete_name"": ""Vinicius Machado"", ""country"": ""BRA"", ""discipline"": ""MAG"", ""category"": ""senior"", ""apparatus"": ""PB"", ""vt_attempt"": null, ""day"": null, ""format"": ""individual"", ""round"": ""final"", ""score"": 13.0, ""D_score"": null, ""vault_attempt_order_uncertain"": false, ""source_sheet"": ""MAG"", ""source_row"": 10068, ""target_id"": ""target_ed580e47788199a8""}}]"
orphan_fa0c6edaf0220671,missing_final_score_for_context,review,"The athlete/event exists, but not this apparatus/context.",MAG D,8611,Austrian Championships,2019,Vinzenz Höck,AUT,MAG,senior,VT,2,,individual,final,4.0,True,0,,,,,,,,,,,,,,,,,,,,[]
orphan_5710e6fc3cdf2b6a,possible_context_mismatch,review,"Possible format, round, or day mismatch.",MAG D,8612,Austrian Championships,2019,Vinzenz Höck,AUT,MAG,senior,VT,1,,apparatus,final,4.8,True,1,suggestion_3a2be76cdf3d8ef0,context_correction,0.65,"Same athlete/event/apparatus exists in the score sheet, but format, round, or day is different.",Austrian Championships,2019,Vinzenz Höck,AUT,MAG,senior,VT,1,,individual,final,13.9,4.8,MAG,10073,"[{""suggestion_id"": ""suggestion_3a2be76cdf3d8ef0"", ""suggestion_type"": ""context_correction"", ""confidence"": 0.65, ""message"": ""Same athlete/event/apparatus exists in the score sheet, but format, round, or day is different."", ""action"": ""attach_d_score_to_target_result"", ""changes"": {""format"": {""from"": ""apparatus"", ""to"": ""individual""}, ""round"": {""from"": ""final"", ""to"": ""final""}, ""day"": {""from"": null, ""to"": null}}, ""target_result"": {""event_name"": ""Austrian Championships"", ""year"": 2019, ""athlete_name"": ""Vinzenz Höck"", ""country"": ""AUT"", ""discipline"": ""MAG"", ""category"": ""senior"", ""apparatus"": ""VT"", ""vt_attempt"": 1, ""day"": null, ""format"": ""individual"", ""round"": ""final"", ""score"": 13.9, ""D_score"": 4.8, ""vault_attempt_order_uncertain"": true, ""source_sheet"": ""MAG"", ""source_row"": 10073, ""target_id"": ""target_5c06510b43f74143""}}]"
orphan_962ffa5dac3db8ed,missing_final_score_for_context,review,"The athlete/event exists, but not this apparatus/context.",MAG D,8612,Austrian Championships,2019,Vinzenz Höck,AUT,MAG,senior,VT,2,,apparatus,final,4.0,True,0,,,,,,,,,,,,,,,,,,,,[]
orphan_6afe42f3866db9c5,possible_context_mismatch,review,"Possible format, round, or day mismatch.",MAG D,8635,Mälar Cup,2019,Vitalijs Kardasovs,LAT,MAG,senior,VT,2,,individual,final,4.8,True,1,suggestion_d4af45f6ccfa9ae4,context_correction,0.65,"Same athlete/event/apparatus exists in the score sheet, but format, round, or day is different.",Mälar Cup,2019,Vitalijs Kardasovs,LAT,MAG,senior,VT,2,,apparatus,final,13.565,4.8,MAG,10101,"[{""suggestion_id"": ""suggestion_d4af45f6ccfa9ae4"", ""suggestion_type"": ""context_correction"", ""confidence"": 0.65, ""message"": ""Same athlete/event/apparatus exists in the score sheet, but format, round, or day is different."", ""action"": ""attach_d_score_to_target_result"", ""changes"": {""format"": {""from"": ""individual"", ""to"": ""apparatus""}, ""round"": {""from"": ""final"", ""to"": ""final""}, ""day"": {""from"": null, ""to"": null}}, ""target_result"": {""event_name"": ""Mälar Cup"", ""year"": 2019, ""athlete_name"": ""Vitalijs Kardasovs"", ""country"": ""LAT"", ""discipline"": ""MAG"", ""category"": ""senior"", ""apparatus"": ""VT"", ""vt_attempt"": 2, ""day"": null, ""format"": ""apparatus"", ""round"": ""final"", ""score"": 13.565, ""D_score"": 4.8, ""vault_attempt_order_uncertain"": true, ""source_sheet"": ""MAG"", ""source_row"": 10101, ""target_id"": ""target_0fe7b1405d879ef6""}}]"
orphan_6f5bfae246e89098,missing_final_score_for_context,review,"The athlete/event exists, but not this apparatus/context.",MAG D,8651,Reykjavik International Games,2019,Vladislav Gudz,RUS,MAG,junior,VT,2,,individual,final,4.8,True,0,,,,,,,,,,,,,,,,,,,,[]
orphan_4965b3ef5b80e9c4,missing_final_score_for_context,review,"The athlete/event exists, but not this apparatus/context.",MAG D,8801,Chinese Individual Championships,2019,Wei Xiao,CHN,MAG,senior,PB,,,individual,qualification,5.3,False,0,,,,,,,,,,,,,,,,,,,,[]
orphan_74f967cbc299b6cd,possible_context_mismatch,review,"Possible format, round, or day mismatch.",MAG D,8848,Elite Canada,2019,William Emard,CAN,MAG,senior,VT,2,,individual,final,4.8,True,1,suggestion_aceba15b60d90a9b,context_correction,0.65,"Same athlete/event/apparatus exists in the score sheet, but format, round, or day is different.",Elite Canada,2019,William Emard,CAN,MAG,senior,VT,2,,apparatus,final,14.25,4.8,MAG,10339,"[{""suggestion_id"": ""suggestion_aceba15b60d90a9b"", ""suggestion_type"": ""context_correction"", ""confidence"": 0.65, ""message"": ""Same athlete/event/apparatus exists in the score sheet, but format, round, or day is different."", ""action"": ""attach_d_score_to_target_result"", ""changes"": {""format"": {""from"": ""individual"", ""to"": ""apparatus""}, ""round"": {""from"": ""final"", ""to"": ""final""}, ""day"": {""from"": null, ""to"": null}}, ""target_result"": {""event_name"": ""Elite Canada"", ""year"": 2019, ""athlete_name"": ""William Emard"", ""country"": ""CAN"", ""discipline"": ""MAG"", ""category"": ""senior"", ""apparatus"": ""VT"", ""vt_attempt"": 2, ""day"": null, ""format"": ""apparatus"", ""round"": ""final"", ""score"": 14.25, ""D_score"": 4.8, ""vault_attempt_order_uncertain"": true, ""source_sheet"": ""MAG"", ""source_row"": 10339, ""target_id"": ""target_c88cf2fdfaa6d435""}}]"
orphan_5b7fa37dd1f02d9f,possible_context_mismatch,review,"Possible format, round, or day mismatch.",MAG D,9128,Cottbus World Cup,2019,You Hao,CHN,MAG,senior,PB,,,individual,qualification,6.7,False,1,suggestion_dd41e1ae7d09a6f4,context_correction,0.65,"Same athlete/event/apparatus exists in the score sheet, but format, round, or day is different.",Cottbus World Cup,2019,You Hao,CHN,MAG,senior,PB,,,apparatus,final,15.4,6.9,MAG,10641,"[{""suggestion_id"": ""suggestion_dd41e1ae7d09a6f4"", ""suggestion_type"": ""context_correction"", ""confidence"": 0.65, ""message"": ""Same athlete/event/apparatus exists in the score sheet, but format, round, or day is different."", ""action"": ""attach_d_score_to_target_result"", ""changes"": {""format"": {""from"": ""individual"", ""to"": ""apparatus""}, ""round"": {""from"": ""qualification"", ""to"": ""final""}, ""day"": {""from"": null, ""to"": null}}, ""target_result"": {""event_name"": ""Cottbus World Cup"", ""year"": 2019, ""athlete_name"": ""You Hao"", ""country"": ""CHN"", ""discipline"": ""MAG"", ""category"": ""senior"", ""apparatus"": ""PB"", ""vt_attempt"": null, ""day"": null, ""format"": ""apparatus"", ""round"": ""final"", ""score"": 15.4, ""D_score"": 6.9, ""vault_attempt_order_uncertain"": false, ""source_sheet"": ""MAG"", ""source_row"": 10641, ""target_id"": ""target_9e296306b0293da8""}}]"
orphan_d45e740f082287ea,missing_final_score_for_context,review,"The athlete/event exists, but not this apparatus/context.",MAG D,9130,Mediterranean Championships,2019,Younes Khemakhem,MAR,MAG,junior,VT,2,,individual,final,2.4,True,0,,,,,,,,,,,,,,,,,,,,[]
orphan_8bd6489aa1b21e74,possible_athlete_name_typo,review,Possible athlete-name typo between the D sheet and the score sheet.,MAG D,9188,Brazilian Championships,2019,Yuri Guimarães,BRA,MAG,senior,FX,,,individual,final,4.6,False,2,suggestion_197f739650b6e80d,athlete_name_correction,0.929,D-score athlete 'Yuri Guimarães' probably matches score-sheet athlete 'Yuri Guimaraes'.,Brazilian Championships,2019,Yuri Guimaraes,BRA,MAG,senior,FX,,,individual,final,12.4,,MAG,10749,"[{""suggestion_id"": ""suggestion_197f739650b6e80d"", ""suggestion_type"": ""athlete_name_correction"", ""confidence"": 0.929, ""message"": ""D-score athlete 'Yuri Guimarães' probably matches score-sheet athlete 'Yuri Guimaraes'."", ""action"": ""attach_d_score_to_target_result"", ""changes"": {""athlete_name"": {""from"": ""Yuri Guimarães"", ""to"": ""Yuri Guimaraes""}}, ""target_result"": {""event_name"": ""Brazilian Championships"", ""year"": 2019, ""athlete_name"": ""Yuri Guimaraes"", ""country"": ""BRA"", ""discipline"": ""MAG"", ""category"": ""senior"", ""apparatus"": ""FX"", ""vt_attempt"": null, ""day"": null, ""format"": ""individual"", ""round"": ""final"", ""score"": 12.4, ""D_score"": null, ""vault_attempt_order_uncertain"": false, ""source_sheet"": ""MAG"", ""source_row"": 10749, ""target_id"": ""target_ac102148ab946098""}}, {""suggestion_id"": ""suggestion_7bb2651742a1bc4a"", ""suggestion_type"": ""event_name_correction"", ""confidence"": 0.885, ""message"": ""D-score event 'Brazilian Championships' may match score-sheet event 'Brazilian Event Championships'."", ""action"": ""attach_d_score_to_target_result"", ""changes"": {""event_name"": {""from"": ""Brazilian Championships"", ""to"": ""Brazilian Event Championships""}}, ""target_result"": {""event_name"": ""Brazilian Event Championships"", ""year"": 2019, ""athlete_name"": ""Yuri Guimarães"", ""country"": ""BRA"", ""discipline"": ""MAG"", ""category"": ""senior"", ""apparatus"": ""FX"", ""vt_attempt"": null, ""day"": null, ""format"": ""individual"", ""round"": ""final"", ""score"": 12.85, ""D_score"": null, ""vault_attempt_order_uncertain"": false, ""source_sheet"": ""MAG"", ""source_row"": 10751, ""target_id"": ""target_55865c7668a2b325""}}]"
orphan_bf724f410c5a2b84,possible_athlete_name_typo,review,Possible athlete-name typo between the D sheet and the score sheet.,MAG D,9188,Brazilian Championships,2019,Yuri Guimarães,BRA,MAG,senior,HB,,,individual,final,4.5,False,2,suggestion_50239d8d4094f76a,athlete_name_correction,0.929,D-score athlete 'Yuri Guimarães' probably matches score-sheet athlete 'Yuri Guimaraes'.,Brazilian Championships,2019,Yuri Guimaraes,BRA,MAG,senior,HB,,,individual,final,11.8,,MAG,10749,"[{""suggestion_id"": ""suggestion_50239d8d4094f76a"", ""suggestion_type"": ""athlete_name_correction"", ""confidence"": 0.929, ""message"": ""D-score athlete 'Yuri Guimarães' probably matches score-sheet athlete 'Yuri Guimaraes'."", ""action"": ""attach_d_score_to_target_result"", ""changes"": {""athlete_name"": {""from"": ""Yuri Guimarães"", ""to"": ""Yuri Guimaraes""}}, ""target_result"": {""event_name"": ""Brazilian Championships"", ""year"": 2019, ""athlete_name"": ""Yuri Guimaraes"", ""country"": ""BRA"", ""discipline"": ""MAG"", ""category"": ""senior"", ""apparatus"": ""HB"", ""vt_attempt"": null, ""day"": null, ""format"": ""individual"", ""round"": ""final"", ""score"": 11.8, ""D_score"": null, ""vault_attempt_order_uncertain"": false, ""source_sheet"": ""MAG"", ""source_row"": 10749, ""target_id"": ""target_ef1d15cffdf3b1c7""}}, {""suggestion_id"": ""suggestion_751d05b59b7ab809"", ""suggestion_type"": ""event_name_correction"", ""confidence"": 0.885, ""message"": ""D-score event 'Brazilian Championships' may match score-sheet event 'Brazilian Event Championships'."", ""action"": ""attach_d_score_to_target_result"", ""changes"": {""event_name"": {""from"": ""Brazilian Championships"", ""to"": ""Brazilian Event Championships""}}, ""target_result"": {""event_name"": ""Brazilian Event Championships"", ""year"": 2019, ""athlete_name"": ""Yuri Guimarães"", ""country"": ""BRA"", ""discipline"": ""MAG"", ""category"": ""senior"", ""apparatus"": ""HB"", ""vt_attempt"": null, ""day"": null, ""format"": ""individual"", ""round"": ""final"", ""score"": 12.5, ""D_score"": null, ""vault_attempt_order_uncertain"": false, ""source_sheet"": ""MAG"", ""source_row"": 10751, ""target_id"": ""target_aa8c184f345bc8b0""}}]"
orphan_cf142b11f3fcbbb8,possible_athlete_name_typo,review,Possible athlete-name typo between the D sheet and the score sheet.,MAG D,9188,Brazilian Championships,2019,Yuri Guimarães,BRA,MAG,senior,PB,,,individual,final,4.5,False,2,suggestion_950312c4fdc42db1,athlete_name_correction,0.929,D-score athlete 'Yuri Guimarães' probably matches score-sheet athlete 'Yuri Guimaraes'.,Brazilian Championships,2019,Yuri Guimaraes,BRA,MAG,senior,PB,,,individual,final,12.55,,MAG,10749,"[{""suggestion_id"": ""suggestion_950312c4fdc42db1"", ""suggestion_type"": ""athlete_name_correction"", ""confidence"": 0.929, ""message"": ""D-score athlete 'Yuri Guimarães' probably matches score-sheet athlete 'Yuri Guimaraes'."", ""action"": ""attach_d_score_to_target_result"", ""changes"": {""athlete_name"": {""from"": ""Yuri Guimarães"", ""to"": ""Yuri Guimaraes""}}, ""target_result"": {""event_name"": ""Brazilian Championships"", ""year"": 2019, ""athlete_name"": ""Yuri Guimaraes"", ""country"": ""BRA"", ""discipline"": ""MAG"", ""category"": ""senior"", ""apparatus"": ""PB"", ""vt_attempt"": null, ""day"": null, ""format"": ""individual"", ""round"": ""final"", ""score"": 12.55, ""D_score"": null, ""vault_attempt_order_uncertain"": false, ""source_sheet"": ""MAG"", ""source_row"": 10749, ""target_id"": ""target_68af4b46cd4fbef2""}}, {""suggestion_id"": ""suggestion_9aedc391e76a41c5"", ""suggestion_type"": ""event_name_correction"", ""confidence"": 0.885, ""message"": ""D-score event 'Brazilian Championships' may match score-sheet event 'Brazilian Event Championships'."", ""action"": ""attach_d_score_to_target_result"", ""changes"": {""event_name"": {""from"": ""Brazilian Championships"", ""to"": ""Brazilian Event Championships""}}, ""target_result"": {""event_name"": ""Brazilian Event Championships"", ""year"": 2019, ""athlete_name"": ""Yuri Guimarães"", ""country"": ""BRA"", ""discipline"": ""MAG"", ""category"": ""senior"", ""apparatus"": ""PB"", ""vt_attempt"": null, ""day"": null, ""format"": ""individual"", ""round"": ""final"", ""score"": 12.7, ""D_score"": null, ""vault_attempt_order_uncertain"": false, ""source_sheet"": ""MAG"", ""source_row"": 10751, ""target_id"": ""target_4d8d2747066e0700""}}]"
orphan_c1d5ecd4fcd1ba48,possible_athlete_name_typo,review,Possible athlete-name typo between the D sheet and the score sheet.,MAG D,9188,Brazilian Championships,2019,Yuri Guimarães,BRA,MAG,senior,PH,,,individual,final,3.4,False,2,suggestion_d85bcc74c6cd8f1c,athlete_name_correction,0.929,D-score athlete 'Yuri Guimarães' probably matches score-sheet athlete 'Yuri Guimaraes'.,Brazilian Championships,2019,Yuri Guimaraes,BRA,MAG,senior,PH,,,individual,final,9.45,,MAG,10749,"[{""suggestion_id"": ""suggestion_d85bcc74c6cd8f1c"", ""suggestion_type"": ""athlete_name_correction"", ""confidence"": 0.929, ""message"": ""D-score athlete 'Yuri Guimarães' probably matches score-sheet athlete 'Yuri Guimaraes'."", ""action"": ""attach_d_score_to_target_result"", ""changes"": {""athlete_name"": {""from"": ""Yuri Guimarães"", ""to"": ""Yuri Guimaraes""}}, ""target_result"": {""event_name"": ""Brazilian Championships"", ""year"": 2019, ""athlete_name"": ""Yuri Guimaraes"", ""country"": ""BRA"", ""discipline"": ""MAG"", ""category"": ""senior"", ""apparatus"": ""PH"", ""vt_attempt"": null, ""day"": null, ""format"": ""individual"", ""round"": ""final"", ""score"": 9.45, ""D_score"": null, ""vault_attempt_order_uncertain"": false, ""source_sheet"": ""MAG"", ""source_row"": 10749, ""target_id"": ""target_cc54622c41741fce""}}, {""suggestion_id"": ""suggestion_5256bf97afa284c1"", ""suggestion_type"": ""event_name_correction"", ""confidence"": 0.885, ""message"": ""D-score event 'Brazilian Championships' may match score-sheet event 'Brazilian Event Championships'."", ""action"": ""attach_d_score_to_target_result"", ""changes"": {""event_name"": {""from"": ""Brazilian Championships"", ""to"": ""Brazilian Event Championships""}}, ""target_result"": {""event_name"": ""Brazilian Event Championships"", ""year"": 2019, ""athlete_name"": ""Yuri Guimarães"", ""country"": ""BRA"", ""discipline"": ""MAG"", ""category"": ""senior"", ""apparatus"": ""PH"", ""vt_attempt"": null, ""day"": null, ""format"": ""individual"", ""round"": ""final"", ""score"": 9.05, ""D_score"": null, ""vault_attempt_order_uncertain"": false, ""source_sheet"": ""MAG"", ""source_row"": 10751, ""target_id"": ""target_5959324e5268a728""}}]"
orphan_bc05d5da33652d40,possible_athlete_name_typo,review,Possible athlete-name typo between the D sheet and the score sheet.,MAG D,9188,Brazilian Championships,2019,Yuri Guimarães,BRA,MAG,senior,SR,,,individual,final,3.8,False,2,suggestion_f7d1c5b44099dbec,athlete_name_correction,0.929,D-score athlete 'Yuri Guimarães' probably matches score-sheet athlete 'Yuri Guimaraes'.,Brazilian Championships,2019,Yuri Guimaraes,BRA,MAG,senior,SR,,,individual,final,12.25,,MAG,10749,"[{""suggestion_id"": ""suggestion_f7d1c5b44099dbec"", ""suggestion_type"": ""athlete_name_correction"", ""confidence"": 0.929, ""message"": ""D-score athlete 'Yuri Guimarães' probably matches score-sheet athlete 'Yuri Guimaraes'."", ""action"": ""attach_d_score_to_target_result"", ""changes"": {""athlete_name"": {""from"": ""Yuri Guimarães"", ""to"": ""Yuri Guimaraes""}}, ""target_result"": {""event_name"": ""Brazilian Championships"", ""year"": 2019, ""athlete_name"": ""Yuri Guimaraes"", ""country"": ""BRA"", ""discipline"": ""MAG"", ""category"": ""senior"", ""apparatus"": ""SR"", ""vt_attempt"": null, ""day"": null, ""format"": ""individual"", ""round"": ""final"", ""score"": 12.25, ""D_score"": null, ""vault_attempt_order_uncertain"": false, ""source_sheet"": ""MAG"", ""source_row"": 10749, ""target_id"": ""target_698a0a69d5327534""}}, {""suggestion_id"": ""suggestion_beb36ec07fd70cc5"", ""suggestion_type"": ""event_name_correction"", ""confidence"": 0.885, ""message"": ""D-score event 'Brazilian Championships' may match score-sheet event 'Brazilian Event Championships'."", ""action"": ""attach_d_score_to_target_result"", ""changes"": {""event_name"": {""from"": ""Brazilian Championships"", ""to"": ""Brazilian Event Championships""}}, ""target_result"": {""event_name"": ""Brazilian Event Championships"", ""year"": 2019, ""athlete_name"": ""Yuri Guimarães"", ""country"": ""BRA"", ""discipline"": ""MAG"", ""category"": ""senior"", ""apparatus"": ""SR"", ""vt_attempt"": null, ""day"": null, ""format"": ""individual"", ""round"": ""final"", ""score"": 12.25, ""D_score"": null, ""vault_attempt_order_uncertain"": false, ""source_sheet"": ""MAG"", ""source_row"": 10751, ""target_id"": ""target_496e12175ab42344""}}]"
orphan_159983419e42acc7,possible_athlete_name_typo,review,Possible athlete-name typo between the D sheet and the score sheet.,MAG D,9188,Brazilian Championships,2019,Yuri Guimarães,BRA,MAG,senior,VT,1,,individual,final,4.8,True,2,suggestion_ec8d15776fce489d,athlete_name_correction,0.929,D-score athlete 'Yuri Guimarães' probably matches score-sheet athlete 'Yuri Guimaraes'.,Brazilian Championships,2019,Yuri Guimaraes,BRA,MAG,senior,VT,1,,individual,final,13.25,,MAG,10749,"[{""suggestion_id"": ""suggestion_ec8d15776fce489d"", ""suggestion_type"": ""athlete_name_correction"", ""confidence"": 0.929, ""message"": ""D-score athlete 'Yuri Guimarães' probably matches score-sheet athlete 'Yuri Guimaraes'."", ""action"": ""attach_d_score_to_target_result"", ""changes"": {""athlete_name"": {""from"": ""Yuri Guimarães"", ""to"": ""Yuri Guimaraes""}}, ""target_result"": {""event_name"": ""Brazilian Championships"", ""year"": 2019, ""athlete_name"": ""Yuri Guimaraes"", ""country"": ""BRA"", ""discipline"": ""MAG"", ""category"": ""senior"", ""apparatus"": ""VT"", ""vt_attempt"": 1, ""day"": null, ""format"": ""individual"", ""round"": ""final"", ""score"": 13.25, ""D_score"": null, ""vault_attempt_order_uncertain"": true, ""source_sheet"": ""MAG"", ""source_row"": 10749, ""target_id"": ""target_53d66bfc32383ec2""}}, {""suggestion_id"": ""suggestion_b737cb6e3e4e94d7"", ""suggestion_type"": ""event_name_correction"", ""confidence"": 0.885, ""message"": ""D-score event 'Brazilian Championships' may match score-sheet event 'Brazilian Event Championships'."", ""action"": ""attach_d_score_to_target_result"", ""changes"": {""event_name"": {""from"": ""Brazilian Championships"", ""to"": ""Brazilian Event Championships""}}, ""target_result"": {""event_name"": ""Brazilian Event Championships"", ""year"": 2019, ""athlete_name"": ""Yuri Guimarães"", ""country"": ""BRA"", ""discipline"": ""MAG"", ""category"": ""senior"", ""apparatus"": ""VT"", ""vt_attempt"": 1, ""day"": null, ""format"": ""individual"", ""round"": ""final"", ""score"": 13.45, ""D_score"": null, ""vault_attempt_order_uncertain"": true, ""source_sheet"": ""MAG"", ""source_row"": 10751, ""target_id"": ""target_7e66236d46772c42""}}]"
orphan_7d28678f28ce5d51,possible_event_name_mismatch,review,Possible event-name mismatch between the D sheet and the score sheet.,MAG D,9189,Brazilian Championships,2019,Yuri Guimarães,BRA,MAG,senior,PB,,,apparatus,final,4.2,False,1,suggestion_a2488b3483c2e3f9,event_name_correction,0.885,D-score event 'Brazilian Championships' may match score-sheet event 'Brazilian Event Championships'.,Brazilian Event Championships,2019,Yuri Guimarães,BRA,MAG,senior,PB,,,apparatus,final,12.5,,MAG,10752,"[{""suggestion_id"": ""suggestion_a2488b3483c2e3f9"", ""suggestion_type"": ""event_name_correction"", ""confidence"": 0.885, ""message"": ""D-score event 'Brazilian Championships' may match score-sheet event 'Brazilian Event Championships'."", ""action"": ""attach_d_score_to_target_result"", ""changes"": {""event_name"": {""from"": ""Brazilian Championships"", ""to"": ""Brazilian Event Championships""}}, ""target_result"": {""event_name"": ""Brazilian Event Championships"", ""year"": 2019, ""athlete_name"": ""Yuri Guimarães"", ""country"": ""BRA"", ""discipline"": ""MAG"", ""category"": ""senior"", ""apparatus"": ""PB"", ""vt_attempt"": null, ""day"": null, ""format"": ""apparatus"", ""round"": ""final"", ""score"": 12.5, ""D_score"": null, ""vault_attempt_order_uncertain"": false, ""source_sheet"": ""MAG"", ""source_row"": 10752, ""target_id"": ""target_00c132f8438e75d8""}}]"
orphan_f18c9a9e65e20de7,possible_athlete_name_typo,review,Possible athlete-name typo between the D sheet and the score sheet.,MAG D,9330,Baku World Cup,2019,Zheng Chenglong,CHN,MAG,senior,HB,,,apparatus,final,6.5,False,1,suggestion_f5f71931591fa788,athlete_name_correction,0.933,D-score athlete 'Zheng Chenglong' probably matches score-sheet athlete 'Zhang Chenglong'.,Baku World Cup,2019,Zhang Chenglong,CHN,MAG,senior,HB,,,apparatus,final,13.2,,MAG,10879,"[{""suggestion_id"": ""suggestion_f5f71931591fa788"", ""suggestion_type"": ""athlete_name_correction"", ""confidence"": 0.933, ""message"": ""D-score athlete 'Zheng Chenglong' probably matches score-sheet athlete 'Zhang Chenglong'."", ""action"": ""attach_d_score_to_target_result"", ""changes"": {""athlete_name"": {""from"": ""Zheng Chenglong"", ""to"": ""Zhang Chenglong""}}, ""target_result"": {""event_name"": ""Baku World Cup"", ""year"": 2019, ""athlete_name"": ""Zhang Chenglong"", ""country"": ""CHN"", ""discipline"": ""MAG"", ""category"": ""senior"", ""apparatus"": ""HB"", ""vt_attempt"": null, ""day"": null, ""format"": ""apparatus"", ""round"": ""final"", ""score"": 13.2, ""D_score"": null, ""vault_attempt_order_uncertain"": false, ""source_sheet"": ""MAG"", ""source_row"": 10879, ""target_id"": ""target_9b8fbe596277995d""}}]"
orphan_c523bf87d44d179e,possible_context_mismatch,review,"Possible format, round, or day mismatch.",MAG D,9372,Southeast Asian Games,2019,Zul Bahrin Mat Asri,MAS,MAG,senior,PB,,,individual,final,4.1,False,1,suggestion_c38d25e32958cddf,context_correction,0.65,"Same athlete/event/apparatus exists in the score sheet, but format, round, or day is different.",Southeast Asian Games,2019,Zul Bahrin Mat Asri,MAS,MAG,senior,PB,,,apparatus,final,11.833,4.1,MAG,10974,"[{""suggestion_id"": ""suggestion_c38d25e32958cddf"", ""suggestion_type"": ""context_correction"", ""confidence"": 0.65, ""message"": ""Same athlete/event/apparatus exists in the score sheet, but format, round, or day is different."", ""action"": ""attach_d_score_to_target_result"", ""changes"": {""format"": {""from"": ""individual"", ""to"": ""apparatus""}, ""round"": {""from"": ""final"", ""to"": ""final""}, ""day"": {""from"": null, ""to"": null}}, ""target_result"": {""event_name"": ""Southeast Asian Games"", ""year"": 2019, ""athlete_name"": ""Zul Bahrin Mat Asri"", ""country"": ""MAS"", ""discipline"": ""MAG"", ""category"": ""senior"", ""apparatus"": ""PB"", ""vt_attempt"": null, ""day"": null, ""format"": ""apparatus"", ""round"": ""final"", ""score"": 11.833, ""D_score"": 4.1, ""vault_attempt_order_uncertain"": false, ""source_sheet"": ""MAG"", ""source_row"": 10974, ""target_id"": ""target_2ac6d59ea61fd730""}}]"
orphan_4606241b4831885a,possible_athlete_name_typo,review,Possible athlete-name typo between the D sheet and the score sheet.,WAG D,5,Irish Championships,2019,Abbey Corbett,IRL,WAG,junior,BB,,,individual,final,4.4,False,1,suggestion_de6650e735bcfc38,athlete_name_correction,0.923,D-score athlete 'Abbey Corbett' probably matches score-sheet athlete 'Abbie Corbett'.,Irish Championships,2019,Abbie Corbett,IRL,WAG,junior,BB,,,individual,final,11.75,,WAG,9,"[{""suggestion_id"": ""suggestion_de6650e735bcfc38"", ""suggestion_type"": ""athlete_name_correction"", ""confidence"": 0.923, ""message"": ""D-score athlete 'Abbey Corbett' probably matches score-sheet athlete 'Abbie Corbett'."", ""action"": ""attach_d_score_to_target_result"", ""changes"": {""athlete_name"": {""from"": ""Abbey Corbett"", ""to"": ""Abbie Corbett""}}, ""target_result"": {""event_name"": ""Irish Championships"", ""year"": 2019, ""athlete_name"": ""Abbie Corbett"", ""country"": ""IRL"", ""discipline"": ""WAG"", ""category"": ""junior"", ""apparatus"": ""BB"", ""vt_attempt"": null, ""day"": null, ""format"": ""individual"", ""round"": ""final"", ""score"": 11.75, ""D_score"": null, ""vault_attempt_order_uncertain"": false, ""source_sheet"": ""WAG"", ""source_row"": 9, ""target_id"": ""target_908cf14c491a4bc7""}}]"
orphan_e8c9380aeacd6fed,possible_athlete_name_typo,review,Possible athlete-name typo between the D sheet and the score sheet.,WAG D,5,Irish Championships,2019,Abbey Corbett,IRL,WAG,junior,FX,,,individual,final,4.0,False,1,suggestion_b6d745e9492af0f3,athlete_name_correction,0.923,D-score athlete 'Abbey Corbett' probably matches score-sheet athlete 'Abbie Corbett'.,Irish Championships,2019,Abbie Corbett,IRL,WAG,junior,FX,,,individual,final,10.367,,WAG,9,"[{""suggestion_id"": ""suggestion_b6d745e9492af0f3"", ""suggestion_type"": ""athlete_name_correction"", ""confidence"": 0.923, ""message"": ""D-score athlete 'Abbey Corbett' probably matches score-sheet athlete 'Abbie Corbett'."", ""action"": ""attach_d_score_to_target_result"", ""changes"": {""athlete_name"": {""from"": ""Abbey Corbett"", ""to"": ""Abbie Corbett""}}, ""target_result"": {""event_name"": ""Irish Championships"", ""year"": 2019, ""athlete_name"": ""Abbie Corbett"", ""country"": ""IRL"", ""discipline"": ""WAG"", ""category"": ""junior"", ""apparatus"": ""FX"", ""vt_attempt"": null, ""day"": null, ""format"": ""individual"", ""round"": ""final"", ""score"": 10.367, ""D_score"": null, ""vault_attempt_order_uncertain"": false, ""source_sheet"": ""WAG"", ""source_row"": 9, ""target_id"": ""target_21a642807a04160e""}}]"
orphan_f6336ed26a5a41b1,possible_athlete_name_typo,review,Possible athlete-name typo between the D sheet and the score sheet.,WAG D,5,Irish Championships,2019,Abbey Corbett,IRL,WAG,junior,UB,,,individual,final,2.8,False,1,suggestion_fde10f5ed88ea5e8,athlete_name_correction,0.923,D-score athlete 'Abbey Corbett' probably matches score-sheet athlete 'Abbie Corbett'.,Irish Championships,2019,Abbie Corbett,IRL,WAG,junior,UB,,,individual,final,10.166,,WAG,9,"[{""suggestion_id"": ""suggestion_fde10f5ed88ea5e8"", ""suggestion_type"": ""athlete_name_correction"", ""confidence"": 0.923, ""message"": ""D-score athlete 'Abbey Corbett' probably matches score-sheet athlete 'Abbie Corbett'."", ""action"": ""attach_d_score_to_target_result"", ""changes"": {""athlete_name"": {""from"": ""Abbey Corbett"", ""to"": ""Abbie Corbett""}}, ""target_result"": {""event_name"": ""Irish Championships"", ""year"": 2019, ""athlete_name"": ""Abbie Corbett"", ""country"": ""IRL"", ""discipline"": ""WAG"", ""category"": ""junior"", ""apparatus"": ""UB"", ""vt_attempt"": null, ""day"": null, ""format"": ""individual"", ""round"": ""final"", ""score"": 10.166, ""D_score"": null, ""vault_attempt_order_uncertain"": false, ""source_sheet"": ""WAG"", ""source_row"": 9, ""target_id"": ""target_b8b53fbdcb0a789e""}}]"
orphan_5ce118ff47803cbc,possible_athlete_name_typo,review,Possible athlete-name typo between the D sheet and the score sheet.,WAG D,5,Irish Championships,2019,Abbey Corbett,IRL,WAG,junior,VT,1,,individual,final,3.7,True,1,suggestion_0b39da6a63735f15,athlete_name_correction,0.923,D-score athlete 'Abbey Corbett' probably matches score-sheet athlete 'Abbie Corbett'.,Irish Championships,2019,Abbie Corbett,IRL,WAG,junior,VT,1,,individual,final,12.6,,WAG,9,"[{""suggestion_id"": ""suggestion_0b39da6a63735f15"", ""suggestion_type"": ""athlete_name_correction"", ""confidence"": 0.923, ""message"": ""D-score athlete 'Abbey Corbett' probably matches score-sheet athlete 'Abbie Corbett'."", ""action"": ""attach_d_score_to_target_result"", ""changes"": {""athlete_name"": {""from"": ""Abbey Corbett"", ""to"": ""Abbie Corbett""}}, ""target_result"": {""event_name"": ""Irish Championships"", ""year"": 2019, ""athlete_name"": ""Abbie Corbett"", ""country"": ""IRL"", ""discipline"": ""WAG"", ""category"": ""junior"", ""apparatus"": ""VT"", ""vt_attempt"": 1, ""day"": null, ""format"": ""individual"", ""round"": ""final"", ""score"": 12.6, ""D_score"": null, ""vault_attempt_order_uncertain"": true, ""source_sheet"": ""WAG"", ""source_row"": 9, ""target_id"": ""target_d1d7bfdb8abd1f0d""}}]"
orphan_230e6c0b4953f9cd,missing_final_score_for_context,review,"The athlete/event exists, but not this apparatus/context.",WAG D,63,Mälar Cup,2019,Adela Larsson,SWE,WAG,junior,VT,2,,individual,final,2.0,True,0,,,,,,,,,,,,,,,,,,,,[]
orphan_834dbe1283726dfe,possible_athlete_name_typo,review,Possible athlete-name typo between the D sheet and the score sheet.,WAG D,89,Elek Matolay Memorial,2019,Adelina Siikala,FIN,WAG,senior,BB,,,individual,final,3.3,False,1,suggestion_2fa68832ef7efc26,athlete_name_correction,0.968,D-score athlete 'Adelina Siikala' probably matches score-sheet athlete 'Adeliina Siikala'.,Elek Matolay Memorial,2019,Adeliina Siikala,FIN,WAG,senior,BB,,,individual,final,10.6,,WAG,96,"[{""suggestion_id"": ""suggestion_2fa68832ef7efc26"", ""suggestion_type"": ""athlete_name_correction"", ""confidence"": 0.968, ""message"": ""D-score athlete 'Adelina Siikala' probably matches score-sheet athlete 'Adeliina Siikala'."", ""action"": ""attach_d_score_to_target_result"", ""changes"": {""athlete_name"": {""from"": ""Adelina Siikala"", ""to"": ""Adeliina Siikala""}}, ""target_result"": {""event_name"": ""Elek Matolay Memorial"", ""year"": 2019, ""athlete_name"": ""Adeliina Siikala"", ""country"": ""FIN"", ""discipline"": ""WAG"", ""category"": ""senior"", ""apparatus"": ""BB"", ""vt_attempt"": null, ""day"": null, ""format"": ""individual"", ""round"": ""final"", ""score"": 10.6, ""D_score"": null, ""vault_attempt_order_uncertain"": false, ""source_sheet"": ""WAG"", ""source_row"": 96, ""target_id"": ""target_f9828be8d8bbe895""}}]"
orphan_1f23ed22c0c1ce1f,possible_athlete_name_typo,review,Possible athlete-name typo between the D sheet and the score sheet.,WAG D,89,Elek Matolay Memorial,2019,Adelina Siikala,FIN,WAG,senior,FX,,,individual,final,4.1,False,1,suggestion_7b1b83267b62cc3a,athlete_name_correction,0.968,D-score athlete 'Adelina Siikala' probably matches score-sheet athlete 'Adeliina Siikala'.,Elek Matolay Memorial,2019,Adeliina Siikala,FIN,WAG,senior,FX,,,individual,final,11.5,,WAG,96,"[{""suggestion_id"": ""suggestion_7b1b83267b62cc3a"", ""suggestion_type"": ""athlete_name_correction"", ""confidence"": 0.968, ""message"": ""D-score athlete 'Adelina Siikala' probably matches score-sheet athlete 'Adeliina Siikala'."", ""action"": ""attach_d_score_to_target_result"", ""changes"": {""athlete_name"": {""from"": ""Adelina Siikala"", ""to"": ""Adeliina Siikala""}}, ""target_result"": {""event_name"": ""Elek Matolay Memorial"", ""year"": 2019, ""athlete_name"": ""Adeliina Siikala"", ""country"": ""FIN"", ""discipline"": ""WAG"", ""category"": ""senior"", ""apparatus"": ""FX"", ""vt_attempt"": null, ""day"": null, ""format"": ""individual"", ""round"": ""final"", ""score"": 11.5, ""D_score"": null, ""vault_attempt_order_uncertain"": false, ""source_sheet"": ""WAG"", ""source_row"": 96, ""target_id"": ""target_2a6ecf17e9a5f13f""}}]"
orphan_bbb1af8a649835a6,possible_athlete_name_typo,review,Possible athlete-name typo between the D sheet and the score sheet.,WAG D,89,Elek Matolay Memorial,2019,Adelina Siikala,FIN,WAG,senior,UB,,,individual,final,1.6,False,1,suggestion_b3af3c37283b8eaa,athlete_name_correction,0.968,D-score athlete 'Adelina Siikala' probably matches score-sheet athlete 'Adeliina Siikala'.,Elek Matolay Memorial,2019,Adeliina Siikala,FIN,WAG,senior,UB,,,individual,final,8.2,,WAG,96,"[{""suggestion_id"": ""suggestion_b3af3c37283b8eaa"", ""suggestion_type"": ""athlete_name_correction"", ""confidence"": 0.968, ""message"": ""D-score athlete 'Adelina Siikala' probably matches score-sheet athlete 'Adeliina Siikala'."", ""action"": ""attach_d_score_to_target_result"", ""changes"": {""athlete_name"": {""from"": ""Adelina Siikala"", ""to"": ""Adeliina Siikala""}}, ""target_result"": {""event_name"": ""Elek Matolay Memorial"", ""year"": 2019, ""athlete_name"": ""Adeliina Siikala"", ""country"": ""FIN"", ""discipline"": ""WAG"", ""category"": ""senior"", ""apparatus"": ""UB"", ""vt_attempt"": null, ""day"": null, ""format"": ""individual"", ""round"": ""final"", ""score"": 8.2, ""D_score"": null, ""vault_attempt_order_uncertain"": false, ""source_sheet"": ""WAG"", ""source_row"": 96, ""target_id"": ""target_305d72e742202b7f""}}]"
orphan_ee1152f8af43dc5c,possible_athlete_name_typo,review,Possible athlete-name typo between the D sheet and the score sheet.,WAG D,89,Elek Matolay Memorial,2019,Adelina Siikala,FIN,WAG,senior,VT,1,,individual,final,4.0,True,1,suggestion_6d3210bbfdf4a93e,athlete_name_correction,0.968,D-score athlete 'Adelina Siikala' probably matches score-sheet athlete 'Adeliina Siikala'.,Elek Matolay Memorial,2019,Adeliina Siikala,FIN,WAG,senior,VT,1,,individual,final,12.9,,WAG,96,"[{""suggestion_id"": ""suggestion_6d3210bbfdf4a93e"", ""suggestion_type"": ""athlete_name_correction"", ""confidence"": 0.968, ""message"": ""D-score athlete 'Adelina Siikala' probably matches score-sheet athlete 'Adeliina Siikala'."", ""action"": ""attach_d_score_to_target_result"", ""changes"": {""athlete_name"": {""from"": ""Adelina Siikala"", ""to"": ""Adeliina Siikala""}}, ""target_result"": {""event_name"": ""Elek Matolay Memorial"", ""year"": 2019, ""athlete_name"": ""Adeliina Siikala"", ""country"": ""FIN"", ""discipline"": ""WAG"", ""category"": ""senior"", ""apparatus"": ""VT"", ""vt_attempt"": 1, ""day"": null, ""format"": ""individual"", ""round"": ""final"", ""score"": 12.9, ""D_score"": null, ""vault_attempt_order_uncertain"": true, ""source_sheet"": ""WAG"", ""source_row"": 96, ""target_id"": ""target_3dccbbe99e95a15e""}}]"
orphan_62253f6fe276aa17,possible_athlete_name_typo,review,Possible athlete-name typo between the D sheet and the score sheet.,WAG D,89,Elek Matolay Memorial,2019,Adelina Siikala,FIN,WAG,senior,VT,2,,individual,final,3.7,True,1,suggestion_e3a6e388896117b9,athlete_name_correction,0.968,D-score athlete 'Adelina Siikala' probably matches score-sheet athlete 'Adeliina Siikala'.,Elek Matolay Memorial,2019,Adeliina Siikala,FIN,WAG,senior,VT,2,,individual,final,12.5,,WAG,96,"[{""suggestion_id"": ""suggestion_e3a6e388896117b9"", ""suggestion_type"": ""athlete_name_correction"", ""confidence"": 0.968, ""message"": ""D-score athlete 'Adelina Siikala' probably matches score-sheet athlete 'Adeliina Siikala'."", ""action"": ""attach_d_score_to_target_result"", ""changes"": {""athlete_name"": {""from"": ""Adelina Siikala"", ""to"": ""Adeliina Siikala""}}, ""target_result"": {""event_name"": ""Elek Matolay Memorial"", ""year"": 2019, ""athlete_name"": ""Adeliina Siikala"", ""country"": ""FIN"", ""discipline"": ""WAG"", ""category"": ""senior"", ""apparatus"": ""VT"", ""vt_attempt"": 2, ""day"": null, ""format"": ""individual"", ""round"": ""final"", ""score"": 12.5, ""D_score"": null, ""vault_attempt_order_uncertain"": true, ""source_sheet"": ""WAG"", ""source_row"": 96, ""target_id"": ""target_d8e54a936084a6da""}}]"
orphan_ae155156208f1c3a,possible_athlete_name_typo,review,Possible athlete-name typo between the D sheet and the score sheet.,WAG D,90,Elek Matolay Memorial,2019,Adelina Siikala,FIN,WAG,senior,FX,,,apparatus,final,3.5,False,1,suggestion_50d2d4e4807e3a62,athlete_name_correction,0.968,D-score athlete 'Adelina Siikala' probably matches score-sheet athlete 'Adeliina Siikala'.,Elek Matolay Memorial,2019,Adeliina Siikala,FIN,WAG,senior,FX,,,apparatus,final,9.9,,WAG,99,"[{""suggestion_id"": ""suggestion_50d2d4e4807e3a62"", ""suggestion_type"": ""athlete_name_correction"", ""confidence"": 0.968, ""message"": ""D-score athlete 'Adelina Siikala' probably matches score-sheet athlete 'Adeliina Siikala'."", ""action"": ""attach_d_score_to_target_result"", ""changes"": {""athlete_name"": {""from"": ""Adelina Siikala"", ""to"": ""Adeliina Siikala""}}, ""target_result"": {""event_name"": ""Elek Matolay Memorial"", ""year"": 2019, ""athlete_name"": ""Adeliina Siikala"", ""country"": ""FIN"", ""discipline"": ""WAG"", ""category"": ""senior"", ""apparatus"": ""FX"", ""vt_attempt"": null, ""day"": null, ""format"": ""apparatus"", ""round"": ""final"", ""score"": 9.9, ""D_score"": null, ""vault_attempt_order_uncertain"": false, ""source_sheet"": ""WAG"", ""source_row"": 99, ""target_id"": ""target_a769232db0d78aae""}}]"
orphan_7061bb30f0c33f7a,possible_athlete_name_typo,review,Possible athlete-name typo between the D sheet and the score sheet.,WAG D,90,Elek Matolay Memorial,2019,Adelina Siikala,FIN,WAG,senior,VT,1,,apparatus,final,4.0,True,1,suggestion_01a36730daab854f,athlete_name_correction,0.968,D-score athlete 'Adelina Siikala' probably matches score-sheet athlete 'Adeliina Siikala'.,Elek Matolay Memorial,2019,Adeliina Siikala,FIN,WAG,senior,VT,1,,apparatus,final,12.0,,WAG,99,"[{""suggestion_id"": ""suggestion_01a36730daab854f"", ""suggestion_type"": ""athlete_name_correction"", ""confidence"": 0.968, ""message"": ""D-score athlete 'Adelina Siikala' probably matches score-sheet athlete 'Adeliina Siikala'."", ""action"": ""attach_d_score_to_target_result"", ""changes"": {""athlete_name"": {""from"": ""Adelina Siikala"", ""to"": ""Adeliina Siikala""}}, ""target_result"": {""event_name"": ""Elek Matolay Memorial"", ""year"": 2019, ""athlete_name"": ""Adeliina Siikala"", ""country"": ""FIN"", ""discipline"": ""WAG"", ""category"": ""senior"", ""apparatus"": ""VT"", ""vt_attempt"": 1, ""day"": null, ""format"": ""apparatus"", ""round"": ""final"", ""score"": 12.0, ""D_score"": null, ""vault_attempt_order_uncertain"": true, ""source_sheet"": ""WAG"", ""source_row"": 99, ""target_id"": ""target_6c97cdc6334b198c""}}]"
orphan_0272916be586213c,possible_athlete_name_typo,review,Possible athlete-name typo between the D sheet and the score sheet.,WAG D,90,Elek Matolay Memorial,2019,Adelina Siikala,FIN,WAG,senior,VT,2,,apparatus,final,3.7,True,1,suggestion_62b5e199073df6fc,athlete_name_correction,0.968,D-score athlete 'Adelina Siikala' probably matches score-sheet athlete 'Adeliina Siikala'.,Elek Matolay Memorial,2019,Adeliina Siikala,FIN,WAG,senior,VT,2,,apparatus,final,10.3,,WAG,99,"[{""suggestion_id"": ""suggestion_62b5e199073df6fc"", ""suggestion_type"": ""athlete_name_correction"", ""confidence"": 0.968, ""message"": ""D-score athlete 'Adelina Siikala' probably matches score-sheet athlete 'Adeliina Siikala'."", ""action"": ""attach_d_score_to_target_result"", ""changes"": {""athlete_name"": {""from"": ""Adelina Siikala"", ""to"": ""Adeliina Siikala""}}, ""target_result"": {""event_name"": ""Elek Matolay Memorial"", ""year"": 2019, ""athlete_name"": ""Adeliina Siikala"", ""country"": ""FIN"", ""discipline"": ""WAG"", ""category"": ""senior"", ""apparatus"": ""VT"", ""vt_attempt"": 2, ""day"": null, ""format"": ""apparatus"", ""round"": ""final"", ""score"": 10.3, ""D_score"": null, ""vault_attempt_order_uncertain"": true, ""source_sheet"": ""WAG"", ""source_row"": 99, ""target_id"": ""target_a2fc8c46636d0d09""}}]"
orphan_64f421b2ae759b29,possible_athlete_name_typo,review,Possible athlete-name typo between the D sheet and the score sheet.,WAG D,96,1st Spanish League,2019,Adriana Campos,ESP,WAG,senior,FX,,,individual,final,3.1,False,1,suggestion_0fdae9c6a739cf2b,athlete_name_correction,0.903,D-score athlete 'Adriana Campos' probably matches score-sheet athlete 'Adriana de Campos'.,1st Spanish League,2019,Adriana de Campos,ESP,WAG,senior,FX,,,individual,final,10.533,,WAG,109,"[{""suggestion_id"": ""suggestion_0fdae9c6a739cf2b"", ""suggestion_type"": ""athlete_name_correction"", ""confidence"": 0.903, ""message"": ""D-score athlete 'Adriana Campos' probably matches score-sheet athlete 'Adriana de Campos'."", ""action"": ""attach_d_score_to_target_result"", ""changes"": {""athlete_name"": {""from"": ""Adriana Campos"", ""to"": ""Adriana de Campos""}}, ""target_result"": {""event_name"": ""1st Spanish League"", ""year"": 2019, ""athlete_name"": ""Adriana de Campos"", ""country"": ""ESP"", ""discipline"": ""WAG"", ""category"": ""senior"", ""apparatus"": ""FX"", ""vt_attempt"": null, ""day"": null, ""format"": ""individual"", ""round"": ""final"", ""score"": 10.533, ""D_score"": null, ""vault_attempt_order_uncertain"": false, ""source_sheet"": ""WAG"", ""source_row"": 109, ""target_id"": ""target_cd79441557aee848""}}]"
orphan_f45b21d02aa09a80,possible_athlete_name_typo,review,Possible athlete-name typo between the D sheet and the score sheet.,WAG D,96,1st Spanish League,2019,Adriana Campos,ESP,WAG,senior,VT,1,,individual,final,3.7,True,1,suggestion_f5be18a40d351896,athlete_name_correction,0.903,D-score athlete 'Adriana Campos' probably matches score-sheet athlete 'Adriana de Campos'.,1st Spanish League,2019,Adriana de Campos,ESP,WAG,senior,VT,1,,individual,final,12.067,,WAG,109,"[{""suggestion_id"": ""suggestion_f5be18a40d351896"", ""suggestion_type"": ""athlete_name_correction"", ""confidence"": 0.903, ""message"": ""D-score athlete 'Adriana Campos' probably matches score-sheet athlete 'Adriana de Campos'."", ""action"": ""attach_d_score_to_target_result"", ""changes"": {""athlete_name"": {""from"": ""Adriana Campos"", ""to"": ""Adriana de Campos""}}, ""target_result"": {""event_name"": ""1st Spanish League"", ""year"": 2019, ""athlete_name"": ""Adriana de Campos"", ""country"": ""ESP"", ""discipline"": ""WAG"", ""category"": ""senior"", ""apparatus"": ""VT"", ""vt_attempt"": 1, ""day"": null, ""format"": ""individual"", ""round"": ""final"", ""score"": 12.067, ""D_score"": null, ""vault_attempt_order_uncertain"": true, ""source_sheet"": ""WAG"", ""source_row"": 109, ""target_id"": ""target_8e2541218a3e60cf""}}]"
orphan_97659f7dc6be9270,athlete_missing_in_score_sheet,review,"The event/apparatus/context exists, but this athlete is missing in the score sheet.",WAG D,102,2nd Italian Serie A,2019,Adua Dalla Mutta,ITA,WAG,senior,BB,,,individual,final,4.2,False,0,,,,,,,,,,,,,,,,,,,,[]
orphan_20339d1b22eccd12,athlete_missing_in_score_sheet,review,"The event/apparatus/context exists, but this athlete is missing in the score sheet.",WAG D,102,2nd Italian Serie A,2019,Adua Dalla Mutta,ITA,WAG,senior,UB,,,individual,final,4.1,False,0,,,,,,,,,,,,,,,,,,,,[]
orphan_681bdcddf79c9edf,athlete_missing_in_score_sheet,review,"The event/apparatus/context exists, but this athlete is missing in the score sheet.",WAG D,103,1st Italian Serie A,2019,Adua Dalla Mutta,ITA,WAG,senior,FX,,,individual,final,3.5,False,0,,,,,,,,,,,,,,,,,,,,[]
orphan_4ecd9fd86b7bfa07,athlete_missing_in_score_sheet,review,"The event/apparatus/context exists, but this athlete is missing in the score sheet.",WAG D,103,1st Italian Serie A,2019,Adua Dalla Mutta,ITA,WAG,senior,UB,,,individual,final,4.1,False,0,,,,,,,,,,,,,,,,,,,,[]
orphan_a615eb8ca3cc9fde,missing_final_score_for_context,review,"The athlete/event exists, but not this apparatus/context.",WAG D,129,Mälar Cup,2019,Agnes Lind,SWE,WAG,junior,VT,2,,individual,final,2.0,True,0,,,,,,,,,,,,,,,,,,,,[]
orphan_955e9b1482c148a2,possible_context_mismatch,review,"Possible format, round, or day mismatch.",WAG D,176,Argentinian Championships,2019,Aimara Gomez,ARG,WAG,junior,VT,2,,individual,final,4.0,True,1,suggestion_1ff2e2adc8c3c6df,context_correction,0.65,"Same athlete/event/apparatus exists in the score sheet, but format, round, or day is different.",Argentinian Championships,2019,Aimara Gomez,ARG,WAG,junior,VT,2,,apparatus,final,12.7,4.0,WAG,212,"[{""suggestion_id"": ""suggestion_1ff2e2adc8c3c6df"", ""suggestion_type"": ""context_correction"", ""confidence"": 0.65, ""message"": ""Same athlete/event/apparatus exists in the score sheet, but format, round, or day is different."", ""action"": ""attach_d_score_to_target_result"", ""changes"": {""format"": {""from"": ""individual"", ""to"": ""apparatus""}, ""round"": {""from"": ""final"", ""to"": ""final""}, ""day"": {""from"": null, ""to"": null}}, ""target_result"": {""event_name"": ""Argentinian Championships"", ""year"": 2019, ""athlete_name"": ""Aimara Gomez"", ""country"": ""ARG"", ""discipline"": ""WAG"", ""category"": ""junior"", ""apparatus"": ""VT"", ""vt_attempt"": 2, ""day"": null, ""format"": ""apparatus"", ""round"": ""final"", ""score"": 12.7, ""D_score"": 4.0, ""vault_attempt_order_uncertain"": true, ""source_sheet"": ""WAG"", ""source_row"": 212, ""target_id"": ""target_ec4e59ba110988ee""}}]"
orphan_1b99267ac9a62852,possible_context_mismatch,review,"Possible format, round, or day mismatch.",WAG D,199,Norwegian Championships,2019,Aino Namtvedt,NOR,WAG,senior,VT,2,,individual,final,3.7,True,1,suggestion_1cd282eed97e4cca,context_correction,0.65,"Same athlete/event/apparatus exists in the score sheet, but format, round, or day is different.",Norwegian Championships,2019,Aino Namtvedt,NOR,WAG,senior,VT,2,,apparatus,final,12.55,3.7,WAG,258,"[{""suggestion_id"": ""suggestion_1cd282eed97e4cca"", ""suggestion_type"": ""context_correction"", ""confidence"": 0.65, ""message"": ""Same athlete/event/apparatus exists in the score sheet, but format, round, or day is different."", ""action"": ""attach_d_score_to_target_result"", ""changes"": {""format"": {""from"": ""individual"", ""to"": ""apparatus""}, ""round"": {""from"": ""final"", ""to"": ""final""}, ""day"": {""from"": null, ""to"": null}}, ""target_result"": {""event_name"": ""Norwegian Championships"", ""year"": 2019, ""athlete_name"": ""Aino Namtvedt"", ""country"": ""NOR"", ""discipline"": ""WAG"", ""category"": ""senior"", ""apparatus"": ""VT"", ""vt_attempt"": 2, ""day"": null, ""format"": ""apparatus"", ""round"": ""final"", ""score"": 12.55, ""D_score"": 3.7, ""vault_attempt_order_uncertain"": true, ""source_sheet"": ""WAG"", ""source_row"": 258, ""target_id"": ""target_6b52a25bb9b21053""}}]"
orphan_9eec868130969fb3,possible_context_mismatch,review,"Possible format, round, or day mismatch.",WAG D,200,GymStars International,2019,Aino Namtvedt,NOR,WAG,senior,VT,2,,individual,final,3.7,True,1,suggestion_ce71202214830e13,context_correction,0.65,"Same athlete/event/apparatus exists in the score sheet, but format, round, or day is different.",GymStars International,2019,Aino Namtvedt,NOR,WAG,senior,VT,2,,apparatus,final,12.4,3.7,WAG,259,"[{""suggestion_id"": ""suggestion_ce71202214830e13"", ""suggestion_type"": ""context_correction"", ""confidence"": 0.65, ""message"": ""Same athlete/event/apparatus exists in the score sheet, but format, round, or day is different."", ""action"": ""attach_d_score_to_target_result"", ""changes"": {""format"": {""from"": ""individual"", ""to"": ""apparatus""}, ""round"": {""from"": ""final"", ""to"": ""final""}, ""day"": {""from"": null, ""to"": null}}, ""target_result"": {""event_name"": ""GymStars International"", ""year"": 2019, ""athlete_name"": ""Aino Namtvedt"", ""country"": ""NOR"", ""discipline"": ""WAG"", ""category"": ""senior"", ""apparatus"": ""VT"", ""vt_attempt"": 2, ""day"": null, ""format"": ""apparatus"", ""round"": ""final"", ""score"": 12.4, ""D_score"": 3.7, ""vault_attempt_order_uncertain"": true, ""source_sheet"": ""WAG"", ""source_row"": 259, ""target_id"": ""target_829533ac6b8b2bba""}}]"
orphan_dbdc74d51dbd45fa,athlete_missing_in_score_sheet,review,"The event/apparatus/context exists, but this athlete is missing in the score sheet.",WAG D,223,All-Japan Championships,2019,Akiho Tokita,JPN,WAG,senior,BB,,,individual,qualification,5.1,False,0,,,,,,,,,,,,,,,,,,,,[]
orphan_e86ed5a9a42b27fa,athlete_missing_in_score_sheet,review,"The event/apparatus/context exists, but this athlete is missing in the score sheet.",WAG D,223,All-Japan Championships,2019,Akiho Tokita,JPN,WAG,senior,FX,,,individual,qualification,4.7,False,0,,,,,,,,,,,,,,,,,,,,[]
orphan_f2169e6e93a2ef82,athlete_missing_in_score_sheet,review,"The event/apparatus/context exists, but this athlete is missing in the score sheet.",WAG D,223,All-Japan Championships,2019,Akiho Tokita,JPN,WAG,senior,UB,,,individual,qualification,4.5,False,0,,,,,,,,,,,,,,,,,,,,[]
orphan_35e053e0fc33a8d0,athlete_missing_in_score_sheet,review,"The event/apparatus/context exists, but this athlete is missing in the score sheet.",WAG D,223,All-Japan Championships,2019,Akiho Tokita,JPN,WAG,senior,VT,1,,individual,qualification,4.6,True,0,,,,,,,,,,,,,,,,,,,,[]
orphan_6ac9e6bdfc8de59b,missing_final_score_for_context,review,"The athlete/event exists, but not this apparatus/context.",WAG D,226,Indian Championships,2019,Akshata Kukarni,IND,WAG,senior,UB,,,individual,final,0.2,False,0,,,,,,,,,,,,,,,,,,,,[]
orphan_70c3f7884d7ee710,athlete_missing_in_score_sheet,review,"The event/apparatus/context exists, but this athlete is missing in the score sheet.",WAG D,227,Lithuanian Championships,2019,Akvile Kurtinyte,LTU,WAG,senior,BB,,,individual,final,3.2,False,0,,,,,,,,,,,,,,,,,,,,[]
orphan_f953a2ff9f75174b,athlete_missing_in_score_sheet,review,"The event/apparatus/context exists, but this athlete is missing in the score sheet.",WAG D,227,Lithuanian Championships,2019,Akvile Kurtinyte,LTU,WAG,senior,FX,,,individual,final,3.3,False,0,,,,,,,,,,,,,,,,,,,,[]
orphan_65a46b958362a908,athlete_missing_in_score_sheet,review,"The event/apparatus/context exists, but this athlete is missing in the score sheet.",WAG D,227,Lithuanian Championships,2019,Akvile Kurtinyte,LTU,WAG,senior,UB,,,individual,final,1.5,False,0,,,,,,,,,,,,,,,,,,,,[]
orphan_f486d933806c98c2,athlete_missing_in_score_sheet,review,"The event/apparatus/context exists, but this athlete is missing in the score sheet.",WAG D,227,Lithuanian Championships,2019,Akvile Kurtinyte,LTU,WAG,senior,VT,1,,individual,final,3.5,True,0,,,,,,,,,,,,,,,,,,,,[]
orphan_7478c68b6a002690,athlete_missing_in_score_sheet,review,"The event/apparatus/context exists, but this athlete is missing in the score sheet.",WAG D,227,Lithuanian Championships,2019,Akvile Kurtinyte,LTU,WAG,senior,VT,2,,individual,final,2.4,True,0,,,,,,,,,,,,,,,,,,,,[]
orphan_bf8369fc41438a33,possible_event_name_mismatch,review,Possible event-name mismatch between the D sheet and the score sheet.,WAG D,406,2nd Italian Serie A,2019,Alice D'Amato,ITA,WAG,senior,VT,1,,individual,final,5.4,True,1,suggestion_278a61c4edb5084c,event_name_correction,0.895,D-score event '2nd Italian Serie A' may match score-sheet event '3rd Italian Serie A'.,3rd Italian Serie A,2019,Alice D'Amato,ITA,WAG,senior,VT,1,,individual,final,14.5,5.4,WAG,521,"[{""suggestion_id"": ""suggestion_278a61c4edb5084c"", ""suggestion_type"": ""event_name_correction"", ""confidence"": 0.895, ""message"": ""D-score event '2nd Italian Serie A' may match score-sheet event '3rd Italian Serie A'."", ""action"": ""attach_d_score_to_target_result"", ""changes"": {""event_name"": {""from"": ""2nd Italian Serie A"", ""to"": ""3rd Italian Serie A""}}, ""target_result"": {""event_name"": ""3rd Italian Serie A"", ""year"": 2019, ""athlete_name"": ""Alice D'Amato"", ""country"": ""ITA"", ""discipline"": ""WAG"", ""category"": ""senior"", ""apparatus"": ""VT"", ""vt_attempt"": 1, ""day"": null, ""format"": ""individual"", ""round"": ""final"", ""score"": 14.5, ""D_score"": 5.4, ""vault_attempt_order_uncertain"": true, ""source_sheet"": ""WAG"", ""source_row"": 521, ""target_id"": ""target_8a40ab426f9204ec""}}]"
orphan_86c28a880d3dd84e,possible_context_mismatch,review,"Possible format, round, or day mismatch.",WAG D,452,Mälar Cup,2019,Alice Zakrisson,SWE,WAG,junior,VT,2,,individual,final,3.7,True,1,suggestion_c417ec6cb094f805,context_correction,0.65,"Same athlete/event/apparatus exists in the score sheet, but format, round, or day is different.",Mälar Cup,2019,Alice Zakrisson,SWE,WAG,junior,VT,2,,apparatus,final,11.95,3.7,WAG,575,"[{""suggestion_id"": ""suggestion_c417ec6cb094f805"", ""suggestion_type"": ""context_correction"", ""confidence"": 0.65, ""message"": ""Same athlete/event/apparatus exists in the score sheet, but format, round, or day is different."", ""action"": ""attach_d_score_to_target_result"", ""changes"": {""format"": {""from"": ""individual"", ""to"": ""apparatus""}, ""round"": {""from"": ""final"", ""to"": ""final""}, ""day"": {""from"": null, ""to"": null}}, ""target_result"": {""event_name"": ""Mälar Cup"", ""year"": 2019, ""athlete_name"": ""Alice Zakrisson"", ""country"": ""SWE"", ""discipline"": ""WAG"", ""category"": ""junior"", ""apparatus"": ""VT"", ""vt_attempt"": 2, ""day"": null, ""format"": ""apparatus"", ""round"": ""final"", ""score"": 11.95, ""D_score"": 3.7, ""vault_attempt_order_uncertain"": true, ""source_sheet"": ""WAG"", ""source_row"": 575, ""target_id"": ""target_2ccf7f6b7c669ee1""}}]"
orphan_2523126362f71201,missing_final_score_for_context,review,"The athlete/event exists, but not this apparatus/context.",WAG D,493,German Junior Championships,2019,Alina Schlegel,GER,WAG,junior,VT,2,,individual,final,4.2,True,0,,,,,,,,,,,,,,,,,,,,[]
orphan_cec1d300f8cdb1e2,athlete_missing_in_score_sheet,review,"The event/apparatus/context exists, but this athlete is missing in the score sheet.",WAG D,519,4th Bundesliga,2019,Alisha Igüs,GER,WAG,senior,BB,,,individual,final,3.5,False,0,,,,,,,,,,,,,,,,,,,,[]
orphan_279c8b62e05bd18e,athlete_missing_in_score_sheet,review,"The event/apparatus/context exists, but this athlete is missing in the score sheet.",WAG D,519,4th Bundesliga,2019,Alisha Igüs,GER,WAG,senior,FX,,,individual,final,3.8,False,0,,,,,,,,,,,,,,,,,,,,[]
orphan_d39ba8f477db4951,athlete_missing_in_score_sheet,review,"The event/apparatus/context exists, but this athlete is missing in the score sheet.",WAG D,519,4th Bundesliga,2019,Alisha Igüs,GER,WAG,senior,UB,,,individual,final,3.7,False,0,,,,,,,,,,,,,,,,,,,,[]
orphan_04515407a937776c,athlete_missing_in_score_sheet,review,"The event/apparatus/context exists, but this athlete is missing in the score sheet.",WAG D,519,4th Bundesliga,2019,Alisha Igüs,GER,WAG,senior,VT,1,,individual,final,3.5,True,0,,,,,,,,,,,,,,,,,,,,[]
orphan_8d4da5b9fd0bfcd0,missing_final_score_for_context,review,"The athlete/event exists, but not this apparatus/context.",WAG D,541,Sokol Grand Prix,2019,Alissa Mörz,AUT,WAG,senior,BB,,,individual,final,4.2,False,0,,,,,,,,,,,,,,,,,,,,[]
orphan_72ed1967567f2098,possible_context_mismatch,review,"Possible format, round, or day mismatch.",WAG D,543,Austrian Championships,2019,Alissa Mörz,AUT,WAG,senior,VT,1,,apparatus,final,4.2,True,1,suggestion_4015fae72661ec66,context_correction,0.65,"Same athlete/event/apparatus exists in the score sheet, but format, round, or day is different.",Austrian Championships,2019,Alissa Mörz,AUT,WAG,senior,VT,1,,individual,final,13.15,4.2,WAG,682,"[{""suggestion_id"": ""suggestion_4015fae72661ec66"", ""suggestion_type"": ""context_correction"", ""confidence"": 0.65, ""message"": ""Same athlete/event/apparatus exists in the score sheet, but format, round, or day is different."", ""action"": ""attach_d_score_to_target_result"", ""changes"": {""format"": {""from"": ""apparatus"", ""to"": ""individual""}, ""round"": {""from"": ""final"", ""to"": ""final""}, ""day"": {""from"": null, ""to"": null}}, ""target_result"": {""event_name"": ""Austrian Championships"", ""year"": 2019, ""athlete_name"": ""Alissa Mörz"", ""country"": ""AUT"", ""discipline"": ""WAG"", ""category"": ""senior"", ""apparatus"": ""VT"", ""vt_attempt"": 1, ""day"": null, ""format"": ""individual"", ""round"": ""final"", ""score"": 13.15, ""D_score"": 4.2, ""vault_attempt_order_uncertain"": true, ""source_sheet"": ""WAG"", ""source_row"": 682, ""target_id"": ""target_65c5f366bbee6ed6""}}]"
orphan_ad9f7f99344dc4d3,possible_context_mismatch,review,"Possible format, round, or day mismatch.",WAG D,543,Austrian Championships,2019,Alissa Mörz,AUT,WAG,senior,VT,2,,apparatus,final,4.0,True,1,suggestion_93a6721d75104010,context_correction,0.65,"Same athlete/event/apparatus exists in the score sheet, but format, round, or day is different.",Austrian Championships,2019,Alissa Mörz,AUT,WAG,senior,VT,2,,individual,final,12.45,4.0,WAG,682,"[{""suggestion_id"": ""suggestion_93a6721d75104010"", ""suggestion_type"": ""context_correction"", ""confidence"": 0.65, ""message"": ""Same athlete/event/apparatus exists in the score sheet, but format, round, or day is different."", ""action"": ""attach_d_score_to_target_result"", ""changes"": {""format"": {""from"": ""apparatus"", ""to"": ""individual""}, ""round"": {""from"": ""final"", ""to"": ""final""}, ""day"": {""from"": null, ""to"": null}}, ""target_result"": {""event_name"": ""Austrian Championships"", ""year"": 2019, ""athlete_name"": ""Alissa Mörz"", ""country"": ""AUT"", ""discipline"": ""WAG"", ""category"": ""senior"", ""apparatus"": ""VT"", ""vt_attempt"": 2, ""day"": null, ""format"": ""individual"", ""round"": ""final"", ""score"": 12.45, ""D_score"": 4.0, ""vault_attempt_order_uncertain"": true, ""source_sheet"": ""WAG"", ""source_row"": 682, ""target_id"": ""target_0b887c34ceefffb7""}}]"
orphan_0c18a49d4982d114,missing_final_score_for_context,review,"The athlete/event exists, but not this apparatus/context.",WAG D,570,Mälar Cup,2019,Alma Isomöttönen,FIN,WAG,junior,VT,2,,individual,final,2.4,True,0,,,,,,,,,,,,,,,,,,,,[]
orphan_88a80823b2d43dad,missing_final_score_for_context,review,"The athlete/event exists, but not this apparatus/context.",WAG D,580,Mälar Cup,2019,Alva Fredriksson,SWE,WAG,junior,VT,2,,individual,final,3.5,True,0,,,,,,,,,,,,,,,,,,,,[]
orphan_5ca6998b83cfe8dc,missing_final_score_for_context,review,"The athlete/event exists, but not this apparatus/context.",WAG D,623,Mälar Cup,2019,Amanda Helsing,SWE,WAG,junior,VT,2,,individual,final,3.5,True,0,,,,,,,,,,,,,,,,,,,,[]
orphan_e4ee8474f484921c,missing_final_score_for_context,review,"The athlete/event exists, but not this apparatus/context.",WAG D,655,World Champion's National Qualifier,2019,Amelia Ulmer,USA,WAG,junior,BB,,,individual,final,4.5,False,0,,,,,,,,,,,,,,,,,,,,[]
orphan_4e86e1a31e35b147,missing_final_score_for_context,review,"The athlete/event exists, but not this apparatus/context.",WAG D,655,World Champion's National Qualifier,2019,Amelia Ulmer,USA,WAG,junior,FX,,,individual,final,4.4,False,0,,,,,,,,,,,,,,,,,,,,[]
orphan_ce7f6bac02de82d9,missing_final_score_for_context,review,"The athlete/event exists, but not this apparatus/context.",WAG D,655,World Champion's National Qualifier,2019,Amelia Ulmer,USA,WAG,junior,UB,,,individual,final,3.5,False,0,,,,,,,,,,,,,,,,,,,,[]
orphan_b1d5216de790fbd3,possible_event_name_mismatch,review,Possible event-name mismatch between the D sheet and the score sheet.,WAG D,717,Brazilian Championships,2019,Ana Luiza Lima,BRA,WAG,junior,BB,,,individual,final,5.3,False,1,suggestion_0b174c04c6558215,event_name_correction,0.885,D-score event 'Brazilian Championships' may match score-sheet event 'Brazilian Event Championships'.,Brazilian Event Championships,2019,Ana Luiza Lima,BRA,WAG,junior,BB,,,individual,final,12.533,,WAG,892,"[{""suggestion_id"": ""suggestion_0b174c04c6558215"", ""suggestion_type"": ""event_name_correction"", ""confidence"": 0.885, ""message"": ""D-score event 'Brazilian Championships' may match score-sheet event 'Brazilian Event Championships'."", ""action"": ""attach_d_score_to_target_result"", ""changes"": {""event_name"": {""from"": ""Brazilian Championships"", ""to"": ""Brazilian Event Championships""}}, ""target_result"": {""event_name"": ""Brazilian Event Championships"", ""year"": 2019, ""athlete_name"": ""Ana Luiza Lima"", ""country"": ""BRA"", ""discipline"": ""WAG"", ""category"": ""junior"", ""apparatus"": ""BB"", ""vt_attempt"": null, ""day"": null, ""format"": ""individual"", ""round"": ""final"", ""score"": 12.533, ""D_score"": null, ""vault_attempt_order_uncertain"": false, ""source_sheet"": ""WAG"", ""source_row"": 892, ""target_id"": ""target_b6b3da3f2e2fd171""}}]"
orphan_b4a0643c864f4792,possible_event_name_mismatch,review,Possible event-name mismatch between the D sheet and the score sheet.,WAG D,717,Brazilian Championships,2019,Ana Luiza Lima,BRA,WAG,junior,FX,,,individual,final,5.3,False,1,suggestion_8c9630c62020ee4a,event_name_correction,0.885,D-score event 'Brazilian Championships' may match score-sheet event 'Brazilian Event Championships'.,Brazilian Event Championships,2019,Ana Luiza Lima,BRA,WAG,junior,FX,,,individual,final,13.1,,WAG,892,"[{""suggestion_id"": ""suggestion_8c9630c62020ee4a"", ""suggestion_type"": ""event_name_correction"", ""confidence"": 0.885, ""message"": ""D-score event 'Brazilian Championships' may match score-sheet event 'Brazilian Event Championships'."", ""action"": ""attach_d_score_to_target_result"", ""changes"": {""event_name"": {""from"": ""Brazilian Championships"", ""to"": ""Brazilian Event Championships""}}, ""target_result"": {""event_name"": ""Brazilian Event Championships"", ""year"": 2019, ""athlete_name"": ""Ana Luiza Lima"", ""country"": ""BRA"", ""discipline"": ""WAG"", ""category"": ""junior"", ""apparatus"": ""FX"", ""vt_attempt"": null, ""day"": null, ""format"": ""individual"", ""round"": ""final"", ""score"": 13.1, ""D_score"": null, ""vault_attempt_order_uncertain"": false, ""source_sheet"": ""WAG"", ""source_row"": 892, ""target_id"": ""target_b8bfeb5b15b5e53b""}}]"
orphan_115196d47b77e0e5,possible_event_name_mismatch,review,Possible event-name mismatch between the D sheet and the score sheet.,WAG D,717,Brazilian Championships,2019,Ana Luiza Lima,BRA,WAG,junior,UB,,,individual,final,4.1,False,1,suggestion_7df4c2e18f1f62dd,event_name_correction,0.885,D-score event 'Brazilian Championships' may match score-sheet event 'Brazilian Event Championships'.,Brazilian Event Championships,2019,Ana Luiza Lima,BRA,WAG,junior,UB,,,individual,final,10.167,,WAG,892,"[{""suggestion_id"": ""suggestion_7df4c2e18f1f62dd"", ""suggestion_type"": ""event_name_correction"", ""confidence"": 0.885, ""message"": ""D-score event 'Brazilian Championships' may match score-sheet event 'Brazilian Event Championships'."", ""action"": ""attach_d_score_to_target_result"", ""changes"": {""event_name"": {""from"": ""Brazilian Championships"", ""to"": ""Brazilian Event Championships""}}, ""target_result"": {""event_name"": ""Brazilian Event Championships"", ""year"": 2019, ""athlete_name"": ""Ana Luiza Lima"", ""country"": ""BRA"", ""discipline"": ""WAG"", ""category"": ""junior"", ""apparatus"": ""UB"", ""vt_attempt"": null, ""day"": null, ""format"": ""individual"", ""round"": ""final"", ""score"": 10.167, ""D_score"": null, ""vault_attempt_order_uncertain"": false, ""source_sheet"": ""WAG"", ""source_row"": 892, ""target_id"": ""target_68a1a9c14c1a331b""}}]"
orphan_18cde004117ae77f,possible_event_name_mismatch,review,Possible event-name mismatch between the D sheet and the score sheet.,WAG D,717,Brazilian Championships,2019,Ana Luiza Lima,BRA,WAG,junior,VT,1,,individual,final,4.6,True,1,suggestion_4d3218625a7d7c2a,event_name_correction,0.885,D-score event 'Brazilian Championships' may match score-sheet event 'Brazilian Event Championships'.,Brazilian Event Championships,2019,Ana Luiza Lima,BRA,WAG,junior,VT,1,,individual,final,13.167,,WAG,892,"[{""suggestion_id"": ""suggestion_4d3218625a7d7c2a"", ""suggestion_type"": ""event_name_correction"", ""confidence"": 0.885, ""message"": ""D-score event 'Brazilian Championships' may match score-sheet event 'Brazilian Event Championships'."", ""action"": ""attach_d_score_to_target_result"", ""changes"": {""event_name"": {""from"": ""Brazilian Championships"", ""to"": ""Brazilian Event Championships""}}, ""target_result"": {""event_name"": ""Brazilian Event Championships"", ""year"": 2019, ""athlete_name"": ""Ana Luiza Lima"", ""country"": ""BRA"", ""discipline"": ""WAG"", ""category"": ""junior"", ""apparatus"": ""VT"", ""vt_attempt"": 1, ""day"": null, ""format"": ""individual"", ""round"": ""final"", ""score"": 13.167, ""D_score"": null, ""vault_attempt_order_uncertain"": true, ""source_sheet"": ""WAG"", ""source_row"": 892, ""target_id"": ""target_0b9c5c06770680bc""}}]"
orphan_5f00d149350786f2,possible_event_name_mismatch,review,Possible event-name mismatch between the D sheet and the score sheet.,WAG D,719,Brazilian Championships,2019,Ana Luiza Lima,BRA,WAG,junior,FX,,,apparatus,final,5.3,False,1,suggestion_1ada5e19f29ab4e4,event_name_correction,0.885,D-score event 'Brazilian Championships' may match score-sheet event 'Brazilian Event Championships'.,Brazilian Event Championships,2019,Ana Luiza Lima,BRA,WAG,junior,FX,,,apparatus,final,14.1,,WAG,890,"[{""suggestion_id"": ""suggestion_1ada5e19f29ab4e4"", ""suggestion_type"": ""event_name_correction"", ""confidence"": 0.885, ""message"": ""D-score event 'Brazilian Championships' may match score-sheet event 'Brazilian Event Championships'."", ""action"": ""attach_d_score_to_target_result"", ""changes"": {""event_name"": {""from"": ""Brazilian Championships"", ""to"": ""Brazilian Event Championships""}}, ""target_result"": {""event_name"": ""Brazilian Event Championships"", ""year"": 2019, ""athlete_name"": ""Ana Luiza Lima"", ""country"": ""BRA"", ""discipline"": ""WAG"", ""category"": ""junior"", ""apparatus"": ""FX"", ""vt_attempt"": null, ""day"": null, ""format"": ""apparatus"", ""round"": ""final"", ""score"": 14.1, ""D_score"": null, ""vault_attempt_order_uncertain"": false, ""source_sheet"": ""WAG"", ""source_row"": 890, ""target_id"": ""target_8bd395c77cfd1ef3""}}]"
orphan_7b7445de6aa1c48f,missing_final_score_for_context,review,"The athlete/event exists, but not this apparatus/context.",WAG D,820,Horizon Cup,2019,Anastasia Trontsou,GRE,WAG,junior,VT,1,,individual,final,2.0,True,0,,,,,,,,,,,,,,,,,,,,[]
orphan_d1f1d03c52f2e9fb,possible_context_mismatch,review,"Possible format, round, or day mismatch.",WAG D,839,Stella Zakharova Cup,2019,Anastasiia Motak,UKR,WAG,junior,VT,2,,individual,final,5.0,True,1,suggestion_f74a21ef521cfdbc,context_correction,0.65,"Same athlete/event/apparatus exists in the score sheet, but format, round, or day is different.",Stella Zakharova Cup,2019,Anastasiia Motak,UKR,WAG,junior,VT,2,,apparatus,final,12.7,5.0,WAG,1074,"[{""suggestion_id"": ""suggestion_f74a21ef521cfdbc"", ""suggestion_type"": ""context_correction"", ""confidence"": 0.65, ""message"": ""Same athlete/event/apparatus exists in the score sheet, but format, round, or day is different."", ""action"": ""attach_d_score_to_target_result"", ""changes"": {""format"": {""from"": ""individual"", ""to"": ""apparatus""}, ""round"": {""from"": ""final"", ""to"": ""final""}, ""day"": {""from"": null, ""to"": null}}, ""target_result"": {""event_name"": ""Stella Zakharova Cup"", ""year"": 2019, ""athlete_name"": ""Anastasiia Motak"", ""country"": ""UKR"", ""discipline"": ""WAG"", ""category"": ""junior"", ""apparatus"": ""VT"", ""vt_attempt"": 2, ""day"": null, ""format"": ""apparatus"", ""round"": ""final"", ""score"": 12.7, ""D_score"": 5.0, ""vault_attempt_order_uncertain"": true, ""source_sheet"": ""WAG"", ""source_row"": 1074, ""target_id"": ""target_67363ea78bbdb027""}}]"
orphan_16c38c8529af6c0b,possible_context_mismatch,review,"Possible format, round, or day mismatch.",WAG D,858,Latvian Championships,2019,Anastasija Zulina,LAT,WAG,senior,FX,,,individual,final,3.4,False,1,suggestion_4856b3699d0db832,context_correction,0.65,"Same athlete/event/apparatus exists in the score sheet, but format, round, or day is different.",Latvian Championships,2019,Anastasija Zulina,LAT,WAG,senior,FX,,,apparatus,final,10.6,3.4,WAG,1093,"[{""suggestion_id"": ""suggestion_4856b3699d0db832"", ""suggestion_type"": ""context_correction"", ""confidence"": 0.65, ""message"": ""Same athlete/event/apparatus exists in the score sheet, but format, round, or day is different."", ""action"": ""attach_d_score_to_target_result"", ""changes"": {""format"": {""from"": ""individual"", ""to"": ""apparatus""}, ""round"": {""from"": ""final"", ""to"": ""final""}, ""day"": {""from"": null, ""to"": null}}, ""target_result"": {""event_name"": ""Latvian Championships"", ""year"": 2019, ""athlete_name"": ""Anastasija Zulina"", ""country"": ""LAT"", ""discipline"": ""WAG"", ""category"": ""senior"", ""apparatus"": ""FX"", ""vt_attempt"": null, ""day"": null, ""format"": ""apparatus"", ""round"": ""final"", ""score"": 10.6, ""D_score"": 3.4, ""vault_attempt_order_uncertain"": false, ""source_sheet"": ""WAG"", ""source_row"": 1093, ""target_id"": ""target_bc770a75d54b12ff""}}]"
orphan_008ca4e5011e6605,possible_athlete_name_typo,review,Possible athlete-name typo between the D sheet and the score sheet.,WAG D,880,Swiss Championships,2019,Anastassia Pascu,SUI,WAG,junior,BB,,,individual,final,4.6,False,1,suggestion_3551b369165924a5,athlete_name_correction,0.968,D-score athlete 'Anastassia Pascu' probably matches score-sheet athlete 'Anastasia Pascu'.,Swiss Championships,2019,Anastasia Pascu,SUI,WAG,junior,BB,,,individual,final,9.55,,WAG,1025,"[{""suggestion_id"": ""suggestion_3551b369165924a5"", ""suggestion_type"": ""athlete_name_correction"", ""confidence"": 0.968, ""message"": ""D-score athlete 'Anastassia Pascu' probably matches score-sheet athlete 'Anastasia Pascu'."", ""action"": ""attach_d_score_to_target_result"", ""changes"": {""athlete_name"": {""from"": ""Anastassia Pascu"", ""to"": ""Anastasia Pascu""}}, ""target_result"": {""event_name"": ""Swiss Championships"", ""year"": 2019, ""athlete_name"": ""Anastasia Pascu"", ""country"": ""SUI"", ""discipline"": ""WAG"", ""category"": ""junior"", ""apparatus"": ""BB"", ""vt_attempt"": null, ""day"": null, ""format"": ""individual"", ""round"": ""final"", ""score"": 9.55, ""D_score"": null, ""vault_attempt_order_uncertain"": false, ""source_sheet"": ""WAG"", ""source_row"": 1025, ""target_id"": ""target_0f4e4b431d32a8ba""}}]"
orphan_b7a6645f45450caa,possible_athlete_name_typo,review,Possible athlete-name typo between the D sheet and the score sheet.,WAG D,880,Swiss Championships,2019,Anastassia Pascu,SUI,WAG,junior,FX,,,individual,final,4.5,False,1,suggestion_42a3539b0e156c76,athlete_name_correction,0.968,D-score athlete 'Anastassia Pascu' probably matches score-sheet athlete 'Anastasia Pascu'.,Swiss Championships,2019,Anastasia Pascu,SUI,WAG,junior,FX,,,individual,final,11.9,,WAG,1025,"[{""suggestion_id"": ""suggestion_42a3539b0e156c76"", ""suggestion_type"": ""athlete_name_correction"", ""confidence"": 0.968, ""message"": ""D-score athlete 'Anastassia Pascu' probably matches score-sheet athlete 'Anastasia Pascu'."", ""action"": ""attach_d_score_to_target_result"", ""changes"": {""athlete_name"": {""from"": ""Anastassia Pascu"", ""to"": ""Anastasia Pascu""}}, ""target_result"": {""event_name"": ""Swiss Championships"", ""year"": 2019, ""athlete_name"": ""Anastasia Pascu"", ""country"": ""SUI"", ""discipline"": ""WAG"", ""category"": ""junior"", ""apparatus"": ""FX"", ""vt_attempt"": null, ""day"": null, ""format"": ""individual"", ""round"": ""final"", ""score"": 11.9, ""D_score"": null, ""vault_attempt_order_uncertain"": false, ""source_sheet"": ""WAG"", ""source_row"": 1025, ""target_id"": ""target_b7f2501288b95c67""}}]"
orphan_8a94b2126104629a,possible_athlete_name_typo,review,Possible athlete-name typo between the D sheet and the score sheet.,WAG D,880,Swiss Championships,2019,Anastassia Pascu,SUI,WAG,junior,UB,,,individual,final,4.6,False,1,suggestion_926b8691078056ce,athlete_name_correction,0.968,D-score athlete 'Anastassia Pascu' probably matches score-sheet athlete 'Anastasia Pascu'.,Swiss Championships,2019,Anastasia Pascu,SUI,WAG,junior,UB,,,individual,final,12.1,,WAG,1025,"[{""suggestion_id"": ""suggestion_926b8691078056ce"", ""suggestion_type"": ""athlete_name_correction"", ""confidence"": 0.968, ""message"": ""D-score athlete 'Anastassia Pascu' probably matches score-sheet athlete 'Anastasia Pascu'."", ""action"": ""attach_d_score_to_target_result"", ""changes"": {""athlete_name"": {""from"": ""Anastassia Pascu"", ""to"": ""Anastasia Pascu""}}, ""target_result"": {""event_name"": ""Swiss Championships"", ""year"": 2019, ""athlete_name"": ""Anastasia Pascu"", ""country"": ""SUI"", ""discipline"": ""WAG"", ""category"": ""junior"", ""apparatus"": ""UB"", ""vt_attempt"": null, ""day"": null, ""format"": ""individual"", ""round"": ""final"", ""score"": 12.1, ""D_score"": null, ""vault_attempt_order_uncertain"": false, ""source_sheet"": ""WAG"", ""source_row"": 1025, ""target_id"": ""target_9f00df49f7e4cd15""}}]"
orphan_740b21638dd04238,possible_athlete_name_typo,review,Possible athlete-name typo between the D sheet and the score sheet.,WAG D,880,Swiss Championships,2019,Anastassia Pascu,SUI,WAG,junior,VT,1,,individual,final,4.0,True,1,suggestion_40d3486925bfbd54,athlete_name_correction,0.968,D-score athlete 'Anastassia Pascu' probably matches score-sheet athlete 'Anastasia Pascu'.,Swiss Championships,2019,Anastasia Pascu,SUI,WAG,junior,VT,1,,individual,final,12.75,,WAG,1025,"[{""suggestion_id"": ""suggestion_40d3486925bfbd54"", ""suggestion_type"": ""athlete_name_correction"", ""confidence"": 0.968, ""message"": ""D-score athlete 'Anastassia Pascu' probably matches score-sheet athlete 'Anastasia Pascu'."", ""action"": ""attach_d_score_to_target_result"", ""changes"": {""athlete_name"": {""from"": ""Anastassia Pascu"", ""to"": ""Anastasia Pascu""}}, ""target_result"": {""event_name"": ""Swiss Championships"", ""year"": 2019, ""athlete_name"": ""Anastasia Pascu"", ""country"": ""SUI"", ""discipline"": ""WAG"", ""category"": ""junior"", ""apparatus"": ""VT"", ""vt_attempt"": 1, ""day"": null, ""format"": ""individual"", ""round"": ""final"", ""score"": 12.75, ""D_score"": null, ""vault_attempt_order_uncertain"": true, ""source_sheet"": ""WAG"", ""source_row"": 1025, ""target_id"": ""target_e5c8bdc8646978db""}}]"
orphan_69f3f06bbecaf746,missing_final_score_for_context,review,"The athlete/event exists, but not this apparatus/context.",WAG D,909,1st Spanish League,2019,Andrea Villaroya,ESP,WAG,junior,VT,1,,individual,final,3.3,True,0,,,,,,,,,,,,,,,,,,,,[]
orphan_ee60f073b10bd28c,missing_final_score_for_context,review,"The athlete/event exists, but not this apparatus/context.",WAG D,950,Norwegian Championships,2019,Anette Kvaløy,NOR,WAG,senior,VT,2,,individual,final,3.5,True,0,,,,,,,,,,,,,,,,,,,,[]
orphan_da8d1c18ad939365,athlete_missing_in_score_sheet,review,"The event/apparatus/context exists, but this athlete is missing in the score sheet.",WAG D,952,Singapore Open,2019,Ang Tracie,MAS,WAG,senior,BB,,,individual,final,5.2,False,0,,,,,,,,,,,,,,,,,,,,[]
orphan_5fb4ae061ee5dbe7,athlete_missing_in_score_sheet,review,"The event/apparatus/context exists, but this athlete is missing in the score sheet.",WAG D,952,Singapore Open,2019,Ang Tracie,MAS,WAG,senior,FX,,,individual,final,4.6,False,0,,,,,,,,,,,,,,,,,,,,[]
orphan_a8a01773a4101087,athlete_missing_in_score_sheet,review,"The event/apparatus/context exists, but this athlete is missing in the score sheet.",WAG D,952,Singapore Open,2019,Ang Tracie,MAS,WAG,senior,UB,,,individual,final,4.2,False,0,,,,,,,,,,,,,,,,,,,,[]
orphan_95f4b34407263bc1,athlete_missing_in_score_sheet,review,"The event/apparatus/context exists, but this athlete is missing in the score sheet.",WAG D,952,Singapore Open,2019,Ang Tracie,MAS,WAG,senior,VT,1,,individual,final,4.4,True,0,,,,,,,,,,,,,,,,,,,,[]
orphan_53ae10f625358e3a,athlete_missing_in_score_sheet,review,"The event/apparatus/context exists, but this athlete is missing in the score sheet.",WAG D,953,Singapore Open,2019,Ang Tracie,MAS,WAG,senior,BB,,,apparatus,final,4.6,False,0,,,,,,,,,,,,,,,,,,,,[]
orphan_95a519f9fa2cf171,athlete_missing_in_score_sheet,review,"The event/apparatus/context exists, but this athlete is missing in the score sheet.",WAG D,953,Singapore Open,2019,Ang Tracie,MAS,WAG,senior,FX,,,apparatus,final,4.5,False,0,,,,,,,,,,,,,,,,,,,,[]
orphan_91d8c46ad16b666d,athlete_missing_in_score_sheet,review,"The event/apparatus/context exists, but this athlete is missing in the score sheet.",WAG D,953,Singapore Open,2019,Ang Tracie,MAS,WAG,senior,UB,,,apparatus,final,4.3,False,0,,,,,,,,,,,,,,,,,,,,[]
orphan_51667a0cde9e42d5,athlete_missing_in_score_sheet,review,"The event/apparatus/context exists, but this athlete is missing in the score sheet.",WAG D,954,Stella Zakharova Cup,2019,Ang Tracie,MAS,WAG,senior,BB,,,individual,final,4.6,False,0,,,,,,,,,,,,,,,,,,,,[]
orphan_a3393497475e236c,athlete_missing_in_score_sheet,review,"The event/apparatus/context exists, but this athlete is missing in the score sheet.",WAG D,954,Stella Zakharova Cup,2019,Ang Tracie,MAS,WAG,senior,FX,,,individual,final,4.4,False,0,,,,,,,,,,,,,,,,,,,,[]
orphan_d517fc206769f37c,athlete_missing_in_score_sheet,review,"The event/apparatus/context exists, but this athlete is missing in the score sheet.",WAG D,954,Stella Zakharova Cup,2019,Ang Tracie,MAS,WAG,senior,UB,,,individual,final,4.4,False,0,,,,,,,,,,,,,,,,,,,,[]
orphan_2a0c575716bda5d5,athlete_missing_in_score_sheet,review,"The event/apparatus/context exists, but this athlete is missing in the score sheet.",WAG D,954,Stella Zakharova Cup,2019,Ang Tracie,MAS,WAG,senior,VT,1,,individual,final,3.5,True,0,,,,,,,,,,,,,,,,,,,,[]
orphan_4d4ba7f98b68a1bc,missing_final_score_for_context,review,"The athlete/event exists, but not this apparatus/context.",WAG D,1017,Indian Championships,2019,Anjali Ashok,IND,WAG,senior,BB,,,individual,final,0.1,False,0,,,,,,,,,,,,,,,,,,,,[]
orphan_94fa5010a18ce7cc,missing_final_score_for_context,review,"The athlete/event exists, but not this apparatus/context.",WAG D,1017,Indian Championships,2019,Anjali Ashok,IND,WAG,senior,UB,,,individual,final,0.1,False,0,,,,,,,,,,,,,,,,,,,,[]
orphan_e70fd5f7fdc8515f,athlete_missing_in_score_sheet,review,"The event/apparatus/context exists, but this athlete is missing in the score sheet.",WAG D,1050,Christmas Cup,2019,Anna Huber,SUI,WAG,senior,BB,,,individual,final,2.9,False,0,,,,,,,,,,,,,,,,,,,,[]
orphan_0e15eeab802099bb,athlete_missing_in_score_sheet,review,"The event/apparatus/context exists, but this athlete is missing in the score sheet.",WAG D,1050,Christmas Cup,2019,Anna Huber,SUI,WAG,senior,FX,,,individual,final,2.9,False,0,,,,,,,,,,,,,,,,,,,,[]
orphan_23c1c0223420cc54,athlete_missing_in_score_sheet,review,"The event/apparatus/context exists, but this athlete is missing in the score sheet.",WAG D,1050,Christmas Cup,2019,Anna Huber,SUI,WAG,senior,UB,,,individual,final,2.6,False,0,,,,,,,,,,,,,,,,,,,,[]
orphan_15b88ee99bf51a68,athlete_missing_in_score_sheet,review,"The event/apparatus/context exists, but this athlete is missing in the score sheet.",WAG D,1050,Christmas Cup,2019,Anna Huber,SUI,WAG,senior,VT,1,,individual,final,3.7,True,0,,,,,,,,,,,,,,,,,,,,[]
orphan_9a577a99ac3f38bf,missing_final_score_for_context,review,"The athlete/event exists, but not this apparatus/context.",WAG D,1110,Mälar Cup,2019,Anna-Sofia Nieminen,FIN,WAG,junior,VT,2,,individual,final,2.0,True,0,,,,,,,,,,,,,,,,,,,,[]
orphan_47fad9233ea5b1b7,possible_context_mismatch,review,"Possible format, round, or day mismatch.",WAG D,1134,Dutch Championships,2019,Anne Klein,NED,WAG,senior,VT,2,,individual,final,4.2,True,1,suggestion_7106a2fce8251577,context_correction,0.65,"Same athlete/event/apparatus exists in the score sheet, but format, round, or day is different.",Dutch Championships,2019,Anne Klein,NED,WAG,senior,VT,2,,apparatus,final,13.0,4.2,WAG,1432,"[{""suggestion_id"": ""suggestion_7106a2fce8251577"", ""suggestion_type"": ""context_correction"", ""confidence"": 0.65, ""message"": ""Same athlete/event/apparatus exists in the score sheet, but format, round, or day is different."", ""action"": ""attach_d_score_to_target_result"", ""changes"": {""format"": {""from"": ""individual"", ""to"": ""apparatus""}, ""round"": {""from"": ""final"", ""to"": ""final""}, ""day"": {""from"": null, ""to"": null}}, ""target_result"": {""event_name"": ""Dutch Championships"", ""year"": 2019, ""athlete_name"": ""Anne Klein"", ""country"": ""NED"", ""discipline"": ""WAG"", ""category"": ""senior"", ""apparatus"": ""VT"", ""vt_attempt"": 2, ""day"": null, ""format"": ""apparatus"", ""round"": ""final"", ""score"": 13.0, ""D_score"": 4.2, ""vault_attempt_order_uncertain"": true, ""source_sheet"": ""WAG"", ""source_row"": 1432, ""target_id"": ""target_1a4ac8c19aa5a3bc""}}]"
orphan_be358688ce0d7c31,missing_final_score_for_context,review,"The athlete/event exists, but not this apparatus/context.",WAG D,1173,Mälar Cup,2019,Annika Hegreberg,NOR,WAG,junior,VT,2,,individual,final,3.5,True,0,,,,,,,,,,,,,,,,,,,,[]
orphan_2914c3e8205f68f1,missing_final_score_for_context,review,"The athlete/event exists, but not this apparatus/context.",WAG D,1208,Stella Zakharova Cup,2019,Antea Ercegovic,CRO,WAG,junior,VT,2,,individual,final,3.5,True,0,,,,,,,,,,,,,,,,,,,,[]
orphan_a1ae4a7342e47378,missing_final_score_for_context,review,"The athlete/event exists, but not this apparatus/context.",WAG D,1209,Croatian Championships,2019,Antea Ercegovic,CRO,WAG,junior,VT,2,,individual,final,3.5,True,0,,,,,,,,,,,,,,,,,,,,[]
orphan_48c6d0cba399da24,missing_final_score_for_context,review,"The athlete/event exists, but not this apparatus/context.",WAG D,1290,Summer Universiade,2019,Armartiani,INA,WAG,senior,UB,,,individual,qualification,5.5,False,0,,,,,,,,,,,,,,,,,,,,[]
orphan_b4c2c1eb82626956,possible_context_mismatch,review,"Possible format, round, or day mismatch.",WAG D,1329,City of Jesolo Trophy,2019,Asia D'Amato,ITA,WAG,senior,VT,2,,individual,final,5.2,True,1,suggestion_7e11929bff9e0bac,context_correction,0.65,"Same athlete/event/apparatus exists in the score sheet, but format, round, or day is different.",City of Jesolo Trophy,2019,Asia D'Amato,ITA,WAG,senior,VT,2,,apparatus,final,13.85,5.2,WAG,1661,"[{""suggestion_id"": ""suggestion_7e11929bff9e0bac"", ""suggestion_type"": ""context_correction"", ""confidence"": 0.65, ""message"": ""Same athlete/event/apparatus exists in the score sheet, but format, round, or day is different."", ""action"": ""attach_d_score_to_target_result"", ""changes"": {""format"": {""from"": ""individual"", ""to"": ""apparatus""}, ""round"": {""from"": ""final"", ""to"": ""final""}, ""day"": {""from"": null, ""to"": null}}, ""target_result"": {""event_name"": ""City of Jesolo Trophy"", ""year"": 2019, ""athlete_name"": ""Asia D'Amato"", ""country"": ""ITA"", ""discipline"": ""WAG"", ""category"": ""senior"", ""apparatus"": ""VT"", ""vt_attempt"": 2, ""day"": null, ""format"": ""apparatus"", ""round"": ""final"", ""score"": 13.85, ""D_score"": 5.2, ""vault_attempt_order_uncertain"": true, ""source_sheet"": ""WAG"", ""source_row"": 1661, ""target_id"": ""target_c1acd78347716ae2""}}]"
orphan_3b935adc4e8e4a16,missing_final_score_for_context,review,"The athlete/event exists, but not this apparatus/context.",WAG D,1339,Nordic Junior Championships,2019,Astrid Breckmann,FAR,WAG,junior,VT,2,,individual,final,3.5,True,0,,,,,,,,,,,,,,,,,,,,[]
orphan_41d7983e8b6a1e0c,athlete_missing_in_score_sheet,review,"The event/apparatus/context exists, but this athlete is missing in the score sheet.",WAG D,1393,1st Italian Serie A,2019,Aurora Lo Cicero,ITA,WAG,senior,VT,1,,individual,final,3.3,True,0,,,,,,,,,,,,,,,,,,,,[]
orphan_cfe357dd7a445482,athlete_missing_in_score_sheet,review,"The event/apparatus/context exists, but this athlete is missing in the score sheet.",WAG D,1394,2nd Italian Serie A,2019,Aurora Lo Cicero,ITA,WAG,senior,VT,1,,individual,final,3.3,True,0,,,,,,,,,,,,,,,,,,,,[]
orphan_da8b8009f0c55baf,missing_final_score_for_context,review,"The athlete/event exists, but not this apparatus/context.",WAG D,1487,Indian Championships,2019,B. Pavitra,IND,WAG,senior,UB,,,individual,final,0.2,False,0,,,,,,,,,,,,,,,,,,,,[]
orphan_2c80e8ea9ca0aaf9,possible_athlete_name_typo,review,Possible athlete-name typo between the D sheet and the score sheet.,WAG D,1508,Italian Gold Championships,2019,Beatrice Iona Stregapede,ITA,WAG,junior,BB,,,individual,final,3.8,False,1,suggestion_c2e395c4bd429e4b,athlete_name_correction,0.884,D-score athlete 'Beatrice Iona Stregapede' probably matches score-sheet athlete 'Beatrice Stregapede'.,Italian Gold Championships,2019,Beatrice Stregapede,ITA,WAG,junior,BB,,,individual,final,8.5,,WAG,1914,"[{""suggestion_id"": ""suggestion_c2e395c4bd429e4b"", ""suggestion_type"": ""athlete_name_correction"", ""confidence"": 0.884, ""message"": ""D-score athlete 'Beatrice Iona Stregapede' probably matches score-sheet athlete 'Beatrice Stregapede'."", ""action"": ""attach_d_score_to_target_result"", ""changes"": {""athlete_name"": {""from"": ""Beatrice Iona Stregapede"", ""to"": ""Beatrice Stregapede""}}, ""target_result"": {""event_name"": ""Italian Gold Championships"", ""year"": 2019, ""athlete_name"": ""Beatrice Stregapede"", ""country"": ""ITA"", ""discipline"": ""WAG"", ""category"": ""junior"", ""apparatus"": ""BB"", ""vt_attempt"": null, ""day"": null, ""format"": ""individual"", ""round"": ""final"", ""score"": 8.5, ""D_score"": null, ""vault_attempt_order_uncertain"": false, ""source_sheet"": ""WAG"", ""source_row"": 1914, ""target_id"": ""target_fcf67c384afe8ec4""}}]"
orphan_33110d89f6e69e36,possible_athlete_name_typo,review,Possible athlete-name typo between the D sheet and the score sheet.,WAG D,1508,Italian Gold Championships,2019,Beatrice Iona Stregapede,ITA,WAG,junior,FX,,,individual,final,3.3,False,1,suggestion_1b3f396a16de0dc7,athlete_name_correction,0.884,D-score athlete 'Beatrice Iona Stregapede' probably matches score-sheet athlete 'Beatrice Stregapede'.,Italian Gold Championships,2019,Beatrice Stregapede,ITA,WAG,junior,FX,,,individual,final,10.05,,WAG,1914,"[{""suggestion_id"": ""suggestion_1b3f396a16de0dc7"", ""suggestion_type"": ""athlete_name_correction"", ""confidence"": 0.884, ""message"": ""D-score athlete 'Beatrice Iona Stregapede' probably matches score-sheet athlete 'Beatrice Stregapede'."", ""action"": ""attach_d_score_to_target_result"", ""changes"": {""athlete_name"": {""from"": ""Beatrice Iona Stregapede"", ""to"": ""Beatrice Stregapede""}}, ""target_result"": {""event_name"": ""Italian Gold Championships"", ""year"": 2019, ""athlete_name"": ""Beatrice Stregapede"", ""country"": ""ITA"", ""discipline"": ""WAG"", ""category"": ""junior"", ""apparatus"": ""FX"", ""vt_attempt"": null, ""day"": null, ""format"": ""individual"", ""round"": ""final"", ""score"": 10.05, ""D_score"": null, ""vault_attempt_order_uncertain"": false, ""source_sheet"": ""WAG"", ""source_row"": 1914, ""target_id"": ""target_c43a756356d1543a""}}]"
orphan_8e8404c9ccffd020,possible_athlete_name_typo,review,Possible athlete-name typo between the D sheet and the score sheet.,WAG D,1508,Italian Gold Championships,2019,Beatrice Iona Stregapede,ITA,WAG,junior,UB,,,individual,final,1.3,False,1,suggestion_4dc0dc097bd46788,athlete_name_correction,0.884,D-score athlete 'Beatrice Iona Stregapede' probably matches score-sheet athlete 'Beatrice Stregapede'.,Italian Gold Championships,2019,Beatrice Stregapede,ITA,WAG,junior,UB,,,individual,final,7.2,,WAG,1914,"[{""suggestion_id"": ""suggestion_4dc0dc097bd46788"", ""suggestion_type"": ""athlete_name_correction"", ""confidence"": 0.884, ""message"": ""D-score athlete 'Beatrice Iona Stregapede' probably matches score-sheet athlete 'Beatrice Stregapede'."", ""action"": ""attach_d_score_to_target_result"", ""changes"": {""athlete_name"": {""from"": ""Beatrice Iona Stregapede"", ""to"": ""Beatrice Stregapede""}}, ""target_result"": {""event_name"": ""Italian Gold Championships"", ""year"": 2019, ""athlete_name"": ""Beatrice Stregapede"", ""country"": ""ITA"", ""discipline"": ""WAG"", ""category"": ""junior"", ""apparatus"": ""UB"", ""vt_attempt"": null, ""day"": null, ""format"": ""individual"", ""round"": ""final"", ""score"": 7.2, ""D_score"": null, ""vault_attempt_order_uncertain"": false, ""source_sheet"": ""WAG"", ""source_row"": 1914, ""target_id"": ""target_84786c7d0d849bf8""}}]"
orphan_ab8f26962990c482,possible_athlete_name_typo,review,Possible athlete-name typo between the D sheet and the score sheet.,WAG D,1508,Italian Gold Championships,2019,Beatrice Iona Stregapede,ITA,WAG,junior,VT,1,,individual,final,3.7,True,1,suggestion_f24df6392fc2259a,athlete_name_correction,0.884,D-score athlete 'Beatrice Iona Stregapede' probably matches score-sheet athlete 'Beatrice Stregapede'.,Italian Gold Championships,2019,Beatrice Stregapede,ITA,WAG,junior,VT,1,,individual,final,12.3,,WAG,1914,"[{""suggestion_id"": ""suggestion_f24df6392fc2259a"", ""suggestion_type"": ""athlete_name_correction"", ""confidence"": 0.884, ""message"": ""D-score athlete 'Beatrice Iona Stregapede' probably matches score-sheet athlete 'Beatrice Stregapede'."", ""action"": ""attach_d_score_to_target_result"", ""changes"": {""athlete_name"": {""from"": ""Beatrice Iona Stregapede"", ""to"": ""Beatrice Stregapede""}}, ""target_result"": {""event_name"": ""Italian Gold Championships"", ""year"": 2019, ""athlete_name"": ""Beatrice Stregapede"", ""country"": ""ITA"", ""discipline"": ""WAG"", ""category"": ""junior"", ""apparatus"": ""VT"", ""vt_attempt"": 1, ""day"": null, ""format"": ""individual"", ""round"": ""final"", ""score"": 12.3, ""D_score"": null, ""vault_attempt_order_uncertain"": true, ""source_sheet"": ""WAG"", ""source_row"": 1914, ""target_id"": ""target_45b07e8386a9a1f4""}}]"
orphan_a1584f2ca6811103,possible_context_mismatch,review,"Possible format, round, or day mismatch.",WAG D,1566,Austrian Championships,2019,Berta Schwaninger,AUT,WAG,junior,VT,1,,apparatus,final,3.9,True,1,suggestion_1e39e5440b39067b,context_correction,0.65,"Same athlete/event/apparatus exists in the score sheet, but format, round, or day is different.",Austrian Championships,2019,Berta Schwaninger,AUT,WAG,junior,VT,1,,individual,final,12.85,4.0,WAG,1983,"[{""suggestion_id"": ""suggestion_1e39e5440b39067b"", ""suggestion_type"": ""context_correction"", ""confidence"": 0.65, ""message"": ""Same athlete/event/apparatus exists in the score sheet, but format, round, or day is different."", ""action"": ""attach_d_score_to_target_result"", ""changes"": {""format"": {""from"": ""apparatus"", ""to"": ""individual""}, ""round"": {""from"": ""final"", ""to"": ""final""}, ""day"": {""from"": null, ""to"": null}}, ""target_result"": {""event_name"": ""Austrian Championships"", ""year"": 2019, ""athlete_name"": ""Berta Schwaninger"", ""country"": ""AUT"", ""discipline"": ""WAG"", ""category"": ""junior"", ""apparatus"": ""VT"", ""vt_attempt"": 1, ""day"": null, ""format"": ""individual"", ""round"": ""final"", ""score"": 12.85, ""D_score"": 4.0, ""vault_attempt_order_uncertain"": true, ""source_sheet"": ""WAG"", ""source_row"": 1983, ""target_id"": ""target_9a4eee534dfecf5d""}}]"
orphan_9e1951d87b0e2eed,possible_context_mismatch,review,"Possible format, round, or day mismatch.",WAG D,1566,Austrian Championships,2019,Berta Schwaninger,AUT,WAG,junior,VT,2,,apparatus,final,3.1,True,1,suggestion_c0882507baaa330b,context_correction,0.65,"Same athlete/event/apparatus exists in the score sheet, but format, round, or day is different.",Austrian Championships,2019,Berta Schwaninger,AUT,WAG,junior,VT,2,,individual,final,12.7,3.9,WAG,1983,"[{""suggestion_id"": ""suggestion_c0882507baaa330b"", ""suggestion_type"": ""context_correction"", ""confidence"": 0.65, ""message"": ""Same athlete/event/apparatus exists in the score sheet, but format, round, or day is different."", ""action"": ""attach_d_score_to_target_result"", ""changes"": {""format"": {""from"": ""apparatus"", ""to"": ""individual""}, ""round"": {""from"": ""final"", ""to"": ""final""}, ""day"": {""from"": null, ""to"": null}}, ""target_result"": {""event_name"": ""Austrian Championships"", ""year"": 2019, ""athlete_name"": ""Berta Schwaninger"", ""country"": ""AUT"", ""discipline"": ""WAG"", ""category"": ""junior"", ""apparatus"": ""VT"", ""vt_attempt"": 2, ""day"": null, ""format"": ""individual"", ""round"": ""final"", ""score"": 12.7, ""D_score"": 3.9, ""vault_attempt_order_uncertain"": true, ""source_sheet"": ""WAG"", ""source_row"": 1983, ""target_id"": ""target_e0842868cf893d9c""}}]"
orphan_19a713ae7db31c9b,athlete_missing_in_score_sheet,review,"The event/apparatus/context exists, but this athlete is missing in the score sheet.",WAG D,1580,1st Italian Serie A,2019,Bianca Benedetti,ITA,WAG,senior,BB,,,individual,final,4.7,False,0,,,,,,,,,,,,,,,,,,,,[]
orphan_136ccf16155f9bf7,athlete_missing_in_score_sheet,review,"The event/apparatus/context exists, but this athlete is missing in the score sheet.",WAG D,1581,2nd Italian Serie A,2019,Bianca Benedetti,ITA,WAG,senior,BB,,,individual,final,4.5,False,0,,,,,,,,,,,,,,,,,,,,[]
orphan_d0022b69dc4a5a39,athlete_missing_in_score_sheet,review,"The event/apparatus/context exists, but this athlete is missing in the score sheet.",WAG D,1581,2nd Italian Serie A,2019,Bianca Benedetti,ITA,WAG,senior,FX,,,individual,final,4.3,False,0,,,,,,,,,,,,,,,,,,,,[]
orphan_417535215766bf44,possible_athlete_name_typo,review,Possible athlete-name typo between the D sheet and the score sheet.,WAG D,1584,Romanian Junior Championships,2019,Bianca Campan,ROU,WAG,junior,BB,,,individual,final,4.3,False,1,suggestion_ae14935fdda75559,athlete_name_correction,0.889,D-score athlete 'Bianca Campan' probably matches score-sheet athlete 'Bianca Cimpian'.,Romanian Junior Championships,2019,Bianca Cimpian,ROU,WAG,junior,BB,,,individual,final,12.3,,WAG,2007,"[{""suggestion_id"": ""suggestion_ae14935fdda75559"", ""suggestion_type"": ""athlete_name_correction"", ""confidence"": 0.889, ""message"": ""D-score athlete 'Bianca Campan' probably matches score-sheet athlete 'Bianca Cimpian'."", ""action"": ""attach_d_score_to_target_result"", ""changes"": {""athlete_name"": {""from"": ""Bianca Campan"", ""to"": ""Bianca Cimpian""}}, ""target_result"": {""event_name"": ""Romanian Junior Championships"", ""year"": 2019, ""athlete_name"": ""Bianca Cimpian"", ""country"": ""ROU"", ""discipline"": ""WAG"", ""category"": ""junior"", ""apparatus"": ""BB"", ""vt_attempt"": null, ""day"": null, ""format"": ""individual"", ""round"": ""final"", ""score"": 12.3, ""D_score"": null, ""vault_attempt_order_uncertain"": false, ""source_sheet"": ""WAG"", ""source_row"": 2007, ""target_id"": ""target_c0ebdca6393d0006""}}]"
orphan_9706a33781e64ddc,possible_athlete_name_typo,review,Possible athlete-name typo between the D sheet and the score sheet.,WAG D,1584,Romanian Junior Championships,2019,Bianca Campan,ROU,WAG,junior,FX,,,individual,final,4.8,False,1,suggestion_da6371791ca8ff46,athlete_name_correction,0.889,D-score athlete 'Bianca Campan' probably matches score-sheet athlete 'Bianca Cimpian'.,Romanian Junior Championships,2019,Bianca Cimpian,ROU,WAG,junior,FX,,,individual,final,12.85,,WAG,2007,"[{""suggestion_id"": ""suggestion_da6371791ca8ff46"", ""suggestion_type"": ""athlete_name_correction"", ""confidence"": 0.889, ""message"": ""D-score athlete 'Bianca Campan' probably matches score-sheet athlete 'Bianca Cimpian'."", ""action"": ""attach_d_score_to_target_result"", ""changes"": {""athlete_name"": {""from"": ""Bianca Campan"", ""to"": ""Bianca Cimpian""}}, ""target_result"": {""event_name"": ""Romanian Junior Championships"", ""year"": 2019, ""athlete_name"": ""Bianca Cimpian"", ""country"": ""ROU"", ""discipline"": ""WAG"", ""category"": ""junior"", ""apparatus"": ""FX"", ""vt_attempt"": null, ""day"": null, ""format"": ""individual"", ""round"": ""final"", ""score"": 12.85, ""D_score"": null, ""vault_attempt_order_uncertain"": false, ""source_sheet"": ""WAG"", ""source_row"": 2007, ""target_id"": ""target_afbdfe0cb1054c94""}}]"
orphan_a422035332ba1cc1,possible_athlete_name_typo,review,Possible athlete-name typo between the D sheet and the score sheet.,WAG D,1584,Romanian Junior Championships,2019,Bianca Campan,ROU,WAG,junior,UB,,,individual,final,4.4,False,1,suggestion_35ac802b12defe2f,athlete_name_correction,0.889,D-score athlete 'Bianca Campan' probably matches score-sheet athlete 'Bianca Cimpian'.,Romanian Junior Championships,2019,Bianca Cimpian,ROU,WAG,junior,UB,,,individual,final,12.35,,WAG,2007,"[{""suggestion_id"": ""suggestion_35ac802b12defe2f"", ""suggestion_type"": ""athlete_name_correction"", ""confidence"": 0.889, ""message"": ""D-score athlete 'Bianca Campan' probably matches score-sheet athlete 'Bianca Cimpian'."", ""action"": ""attach_d_score_to_target_result"", ""changes"": {""athlete_name"": {""from"": ""Bianca Campan"", ""to"": ""Bianca Cimpian""}}, ""target_result"": {""event_name"": ""Romanian Junior Championships"", ""year"": 2019, ""athlete_name"": ""Bianca Cimpian"", ""country"": ""ROU"", ""discipline"": ""WAG"", ""category"": ""junior"", ""apparatus"": ""UB"", ""vt_attempt"": null, ""day"": null, ""format"": ""individual"", ""round"": ""final"", ""score"": 12.35, ""D_score"": null, ""vault_attempt_order_uncertain"": false, ""source_sheet"": ""WAG"", ""source_row"": 2007, ""target_id"": ""target_71af34f4e0f2d219""}}]"
orphan_d949799f7dc6251e,possible_athlete_name_typo,review,Possible athlete-name typo between the D sheet and the score sheet.,WAG D,1584,Romanian Junior Championships,2019,Bianca Campan,ROU,WAG,junior,VT,1,,individual,final,3.5,True,1,suggestion_16c2ebad9a0fa3e4,athlete_name_correction,0.889,D-score athlete 'Bianca Campan' probably matches score-sheet athlete 'Bianca Cimpian'.,Romanian Junior Championships,2019,Bianca Cimpian,ROU,WAG,junior,VT,1,,individual,final,12.15,,WAG,2007,"[{""suggestion_id"": ""suggestion_16c2ebad9a0fa3e4"", ""suggestion_type"": ""athlete_name_correction"", ""confidence"": 0.889, ""message"": ""D-score athlete 'Bianca Campan' probably matches score-sheet athlete 'Bianca Cimpian'."", ""action"": ""attach_d_score_to_target_result"", ""changes"": {""athlete_name"": {""from"": ""Bianca Campan"", ""to"": ""Bianca Cimpian""}}, ""target_result"": {""event_name"": ""Romanian Junior Championships"", ""year"": 2019, ""athlete_name"": ""Bianca Cimpian"", ""country"": ""ROU"", ""discipline"": ""WAG"", ""category"": ""junior"", ""apparatus"": ""VT"", ""vt_attempt"": 1, ""day"": null, ""format"": ""individual"", ""round"": ""final"", ""score"": 12.15, ""D_score"": null, ""vault_attempt_order_uncertain"": true, ""source_sheet"": ""WAG"", ""source_row"": 2007, ""target_id"": ""target_29e55f8383321124""}}]"
orphan_7625c34783c96e98,possible_context_mismatch,review,"Possible format, round, or day mismatch.",WAG D,1632,Stella Zakharova Cup,2019,Bilge Tarhan,TUR,WAG,junior,VT,2,,individual,final,4.4,True,1,suggestion_c8eb42cf336655dd,context_correction,0.65,"Same athlete/event/apparatus exists in the score sheet, but format, round, or day is different.",Stella Zakharova Cup,2019,Bilge Tarhan,TUR,WAG,junior,VT,2,,apparatus,final,12.45,4.4,WAG,2057,"[{""suggestion_id"": ""suggestion_c8eb42cf336655dd"", ""suggestion_type"": ""context_correction"", ""confidence"": 0.65, ""message"": ""Same athlete/event/apparatus exists in the score sheet, but format, round, or day is different."", ""action"": ""attach_d_score_to_target_result"", ""changes"": {""format"": {""from"": ""individual"", ""to"": ""apparatus""}, ""round"": {""from"": ""final"", ""to"": ""final""}, ""day"": {""from"": null, ""to"": null}}, ""target_result"": {""event_name"": ""Stella Zakharova Cup"", ""year"": 2019, ""athlete_name"": ""Bilge Tarhan"", ""country"": ""TUR"", ""discipline"": ""WAG"", ""category"": ""junior"", ""apparatus"": ""VT"", ""vt_attempt"": 2, ""day"": null, ""format"": ""apparatus"", ""round"": ""final"", ""score"": 12.45, ""D_score"": 4.4, ""vault_attempt_order_uncertain"": true, ""source_sheet"": ""WAG"", ""source_row"": 2057, ""target_id"": ""target_35f4e44137c497c1""}}]"
orphan_8ff30ceb21ff9315,athlete_missing_in_score_sheet,review,"The event/apparatus/context exists, but this athlete is missing in the score sheet.",WAG D,1754,Brazilian Championships,2019,Camile Fonseca,BRA,WAG,junior,BB,,,individual,final,4.2,False,0,,,,,,,,,,,,,,,,,,,,[]
orphan_db1d58b16d1bd09b,athlete_missing_in_score_sheet,review,"The event/apparatus/context exists, but this athlete is missing in the score sheet.",WAG D,1754,Brazilian Championships,2019,Camile Fonseca,BRA,WAG,junior,FX,,,individual,final,4.1,False,0,,,,,,,,,,,,,,,,,,,,[]
orphan_75f7f057971e846a,athlete_missing_in_score_sheet,review,"The event/apparatus/context exists, but this athlete is missing in the score sheet.",WAG D,1754,Brazilian Championships,2019,Camile Fonseca,BRA,WAG,junior,UB,,,individual,final,3.7,False,0,,,,,,,,,,,,,,,,,,,,[]
orphan_9a43fa2480488bb0,athlete_missing_in_score_sheet,review,"The event/apparatus/context exists, but this athlete is missing in the score sheet.",WAG D,1754,Brazilian Championships,2019,Camile Fonseca,BRA,WAG,junior,VT,1,,individual,final,4.0,True,0,,,,,,,,,,,,,,,,,,,,[]
orphan_386f1a85b0f48d47,possible_context_mismatch,review,"Possible format, round, or day mismatch.",WAG D,1760,City of Jesolo Trophy,2019,Camilla Campagnaro,ITA,WAG,junior,VT,2,,individual,final,4.6,True,1,suggestion_bcd7e55bcade0d9e,context_correction,0.65,"Same athlete/event/apparatus exists in the score sheet, but format, round, or day is different.",City of Jesolo Trophy,2019,Camilla Campagnaro,ITA,WAG,junior,VT,2,,apparatus,final,13.8,4.6,WAG,2208,"[{""suggestion_id"": ""suggestion_bcd7e55bcade0d9e"", ""suggestion_type"": ""context_correction"", ""confidence"": 0.65, ""message"": ""Same athlete/event/apparatus exists in the score sheet, but format, round, or day is different."", ""action"": ""attach_d_score_to_target_result"", ""changes"": {""format"": {""from"": ""individual"", ""to"": ""apparatus""}, ""round"": {""from"": ""final"", ""to"": ""final""}, ""day"": {""from"": null, ""to"": null}}, ""target_result"": {""event_name"": ""City of Jesolo Trophy"", ""year"": 2019, ""athlete_name"": ""Camilla Campagnaro"", ""country"": ""ITA"", ""discipline"": ""WAG"", ""category"": ""junior"", ""apparatus"": ""VT"", ""vt_attempt"": 2, ""day"": null, ""format"": ""apparatus"", ""round"": ""final"", ""score"": 13.8, ""D_score"": 4.6, ""vault_attempt_order_uncertain"": true, ""source_sheet"": ""WAG"", ""source_row"": 2208, ""target_id"": ""target_3a458adbd2e5d35c""}}]"
orphan_29d800a51a04c2c5,possible_context_mismatch,review,"Possible format, round, or day mismatch.",WAG D,1793,Nordic Junior Championships,2019,Camille Rasmussen,DEN,WAG,junior,VT,2,,individual,final,4.2,True,1,suggestion_40939ea125eedb26,context_correction,0.65,"Same athlete/event/apparatus exists in the score sheet, but format, round, or day is different.",Nordic Junior Championships,2019,Camille Rasmussen,DEN,WAG,junior,VT,2,,apparatus,final,12.95,4.0,WAG,2235,"[{""suggestion_id"": ""suggestion_40939ea125eedb26"", ""suggestion_type"": ""context_correction"", ""confidence"": 0.65, ""message"": ""Same athlete/event/apparatus exists in the score sheet, but format, round, or day is different."", ""action"": ""attach_d_score_to_target_result"", ""changes"": {""format"": {""from"": ""individual"", ""to"": ""apparatus""}, ""round"": {""from"": ""final"", ""to"": ""final""}, ""day"": {""from"": null, ""to"": null}}, ""target_result"": {""event_name"": ""Nordic Junior Championships"", ""year"": 2019, ""athlete_name"": ""Camille Rasmussen"", ""country"": ""DEN"", ""discipline"": ""WAG"", ""category"": ""junior"", ""apparatus"": ""VT"", ""vt_attempt"": 2, ""day"": null, ""format"": ""apparatus"", ""round"": ""final"", ""score"": 12.95, ""D_score"": 4.0, ""vault_attempt_order_uncertain"": true, ""source_sheet"": ""WAG"", ""source_row"": 2235, ""target_id"": ""target_340dddb056419772""}}]"
orphan_0e05a0896f507a02,missing_final_score_for_context,review,"The athlete/event exists, but not this apparatus/context.",WAG D,1830,German Junior Championships,2019,Carla Hornung,GER,WAG,junior,VT,2,,individual,final,3.5,True,0,,,,,,,,,,,,,,,,,,,,[]
orphan_7e4370d1fc116f8e,athlete_missing_in_score_sheet,review,"The event/apparatus/context exists, but this athlete is missing in the score sheet.",WAG D,1842,2nd Italian Serie A,2019,Carlotta Catullo,ITA,WAG,senior,FX,,,individual,final,4.2,False,0,,,,,,,,,,,,,,,,,,,,[]
orphan_5a033bb060b3558d,athlete_missing_in_score_sheet,review,"The event/apparatus/context exists, but this athlete is missing in the score sheet.",WAG D,1842,2nd Italian Serie A,2019,Carlotta Catullo,ITA,WAG,senior,UB,,,individual,final,2.8,False,0,,,,,,,,,,,,,,,,,,,,[]
orphan_f922a15ad88d2387,athlete_missing_in_score_sheet,review,"The event/apparatus/context exists, but this athlete is missing in the score sheet.",WAG D,1842,2nd Italian Serie A,2019,Carlotta Catullo,ITA,WAG,senior,VT,1,,individual,final,3.5,True,0,,,,,,,,,,,,,,,,,,,,[]
orphan_bbc51d755fe2ccd8,possible_event_name_mismatch,review,Possible event-name mismatch between the D sheet and the score sheet.,WAG D,1900,Brazilian Championships,2019,Carolyne Pedro,BRA,WAG,senior,UB,,,apparatus,final,5.2,False,3,suggestion_9765df1542ea68a2,event_name_correction,0.885,D-score event 'Brazilian Championships' may match score-sheet event 'Brazilian Event Championships'.,Brazilian Event Championships,2019,Carolyne Pedro,BRA,WAG,senior,UB,,,apparatus,final,12.633,,WAG,2387,"[{""suggestion_id"": ""suggestion_9765df1542ea68a2"", ""suggestion_type"": ""event_name_correction"", ""confidence"": 0.885, ""message"": ""D-score event 'Brazilian Championships' may match score-sheet event 'Brazilian Event Championships'."", ""action"": ""attach_d_score_to_target_result"", ""changes"": {""event_name"": {""from"": ""Brazilian Championships"", ""to"": ""Brazilian Event Championships""}}, ""target_result"": {""event_name"": ""Brazilian Event Championships"", ""year"": 2019, ""athlete_name"": ""Carolyne Pedro"", ""country"": ""BRA"", ""discipline"": ""WAG"", ""category"": ""senior"", ""apparatus"": ""UB"", ""vt_attempt"": null, ""day"": null, ""format"": ""apparatus"", ""round"": ""final"", ""score"": 12.633, ""D_score"": null, ""vault_attempt_order_uncertain"": false, ""source_sheet"": ""WAG"", ""source_row"": 2387, ""target_id"": ""target_f9b5a7f59bdf19d6""}}, {""suggestion_id"": ""suggestion_91af949986d8e606"", ""suggestion_type"": ""context_correction"", ""confidence"": 0.65, ""message"": ""Same athlete/event/apparatus exists in the score sheet, but format, round, or day is different."", ""action"": ""attach_d_score_to_target_result"", ""changes"": {""format"": {""from"": ""apparatus"", ""to"": ""individual""}, ""round"": {""from"": ""final"", ""to"": ""final""}, ""day"": {""from"": null, ""to"": null}}, ""target_result"": {""event_name"": ""Brazilian Championships"", ""year"": 2019, ""athlete_name"": ""Carolyne Pedro"", ""country"": ""BRA"", ""discipline"": ""WAG"", ""category"": ""senior"", ""apparatus"": ""UB"", ""vt_attempt"": null, ""day"": null, ""format"": ""individual"", ""round"": ""final"", ""score"": 13.1, ""D_score"": 5.0, ""vault_attempt_order_uncertain"": false, ""source_sheet"": ""WAG"", ""source_row"": 2382, ""target_id"": ""target_bab945ec4ca05125""}}, {""suggestion_id"": ""suggestion_a3ca17bf56810adf"", ""suggestion_type"": ""context_correction"", ""confidence"": 0.65, ""message"": ""Same athlete/event/apparatus exists in the score sheet, but format, round, or day is different."", ""action"": ""attach_d_score_to_target_result"", ""changes"": {""format"": {""from"": ""apparatus"", ""to"": ""team""}, ""round"": {""from"": ""final"", ""to"": ""final""}, ""day"": {""from"": null, ""to"": null}}, ""target_result"": {""event_name"": ""Brazilian Championships"", ""year"": 2019, ""athlete_name"": ""Carolyne Pedro"", ""country"": ""BRA"", ""discipline"": ""WAG"", ""category"": ""senior"", ""apparatus"": ""UB"", ""vt_attempt"": null, ""day"": null, ""format"": ""team"", ""round"": ""final"", ""score"": 12.733, ""D_score"": null, ""vault_attempt_order_uncertain"": false, ""source_sheet"": ""WAG"", ""source_row"": 2385, ""target_id"": ""target_59ce14081e26dbea""}}]"
orphan_8f276332b6bfb85c,possible_context_mismatch,review,"Possible format, round, or day mismatch.",WAG D,1987,Stella Zakharova Cup,2019,Ceren Biner,TUR,WAG,junior,VT,2,,individual,final,4.1,True,1,suggestion_4b6487b8aefcadf9,context_correction,0.65,"Same athlete/event/apparatus exists in the score sheet, but format, round, or day is different.",Stella Zakharova Cup,2019,Ceren Biner,TUR,WAG,junior,VT,2,,apparatus,final,12.9,4.1,WAG,2479,"[{""suggestion_id"": ""suggestion_4b6487b8aefcadf9"", ""suggestion_type"": ""context_correction"", ""confidence"": 0.65, ""message"": ""Same athlete/event/apparatus exists in the score sheet, but format, round, or day is different."", ""action"": ""attach_d_score_to_target_result"", ""changes"": {""format"": {""from"": ""individual"", ""to"": ""apparatus""}, ""round"": {""from"": ""final"", ""to"": ""final""}, ""day"": {""from"": null, ""to"": null}}, ""target_result"": {""event_name"": ""Stella Zakharova Cup"", ""year"": 2019, ""athlete_name"": ""Ceren Biner"", ""country"": ""TUR"", ""discipline"": ""WAG"", ""category"": ""junior"", ""apparatus"": ""VT"", ""vt_attempt"": 2, ""day"": null, ""format"": ""apparatus"", ""round"": ""final"", ""score"": 12.9, ""D_score"": 4.1, ""vault_attempt_order_uncertain"": true, ""source_sheet"": ""WAG"", ""source_row"": 2479, ""target_id"": ""target_9e14341780a94cae""}}]"
orphan_7acfc3f0da3e8064,missing_final_score_for_context,review,"The athlete/event exists, but not this apparatus/context.",WAG D,1999,Indian Championships,2019,Chandni,IND,WAG,senior,UB,,,individual,final,0.3,False,0,,,,,,,,,,,,,,,,,,,,[]
orphan_b8db65b1837e0b21,possible_context_mismatch,review,"Possible format, round, or day mismatch.",WAG D,2014,Austrian Championships,2019,Charlize Mörz,AUT,WAG,junior,VT,1,,apparatus,final,4.0,True,1,suggestion_38276ecd54896c67,context_correction,0.65,"Same athlete/event/apparatus exists in the score sheet, but format, round, or day is different.",Austrian Championships,2019,Charlize Mörz,AUT,WAG,junior,VT,1,,individual,final,13.35,4.0,WAG,2498,"[{""suggestion_id"": ""suggestion_38276ecd54896c67"", ""suggestion_type"": ""context_correction"", ""confidence"": 0.65, ""message"": ""Same athlete/event/apparatus exists in the score sheet, but format, round, or day is different."", ""action"": ""attach_d_score_to_target_result"", ""changes"": {""format"": {""from"": ""apparatus"", ""to"": ""individual""}, ""round"": {""from"": ""final"", ""to"": ""final""}, ""day"": {""from"": null, ""to"": null}}, ""target_result"": {""event_name"": ""Austrian Championships"", ""year"": 2019, ""athlete_name"": ""Charlize Mörz"", ""country"": ""AUT"", ""discipline"": ""WAG"", ""category"": ""junior"", ""apparatus"": ""VT"", ""vt_attempt"": 1, ""day"": null, ""format"": ""individual"", ""round"": ""final"", ""score"": 13.35, ""D_score"": 4.0, ""vault_attempt_order_uncertain"": true, ""source_sheet"": ""WAG"", ""source_row"": 2498, ""target_id"": ""target_e80b21945cda0fe7""}}]"
orphan_20372a26cca02650,possible_context_mismatch,review,"Possible format, round, or day mismatch.",WAG D,2014,Austrian Championships,2019,Charlize Mörz,AUT,WAG,junior,VT,2,,apparatus,final,3.7,True,1,suggestion_0d6f55648bb34d12,context_correction,0.65,"Same athlete/event/apparatus exists in the score sheet, but format, round, or day is different.",Austrian Championships,2019,Charlize Mörz,AUT,WAG,junior,VT,2,,individual,final,13.0,3.7,WAG,2498,"[{""suggestion_id"": ""suggestion_0d6f55648bb34d12"", ""suggestion_type"": ""context_correction"", ""confidence"": 0.65, ""message"": ""Same athlete/event/apparatus exists in the score sheet, but format, round, or day is different."", ""action"": ""attach_d_score_to_target_result"", ""changes"": {""format"": {""from"": ""apparatus"", ""to"": ""individual""}, ""round"": {""from"": ""final"", ""to"": ""final""}, ""day"": {""from"": null, ""to"": null}}, ""target_result"": {""event_name"": ""Austrian Championships"", ""year"": 2019, ""athlete_name"": ""Charlize Mörz"", ""country"": ""AUT"", ""discipline"": ""WAG"", ""category"": ""junior"", ""apparatus"": ""VT"", ""vt_attempt"": 2, ""day"": null, ""format"": ""individual"", ""round"": ""final"", ""score"": 13.0, ""D_score"": 3.7, ""vault_attempt_order_uncertain"": true, ""source_sheet"": ""WAG"", ""source_row"": 2498, ""target_id"": ""target_25d7b2514211ac0b""}}]"
orphan_eed120ad40be49f6,athlete_missing_in_score_sheet,review,"The event/apparatus/context exists, but this athlete is missing in the score sheet.",WAG D,2056,Chinese Championships,2019,Chen Yanfei,CHN,WAG,senior,BB,,,individual,qualification,5.8,False,0,,,,,,,,,,,,,,,,,,,,[]
orphan_6c90b89c74dd032b,athlete_missing_in_score_sheet,review,"The event/apparatus/context exists, but this athlete is missing in the score sheet.",WAG D,2056,Chinese Championships,2019,Chen Yanfei,CHN,WAG,senior,FX,,,individual,qualification,4.9,False,0,,,,,,,,,,,,,,,,,,,,[]
orphan_057f7d161f7394bc,athlete_missing_in_score_sheet,review,"The event/apparatus/context exists, but this athlete is missing in the score sheet.",WAG D,2056,Chinese Championships,2019,Chen Yanfei,CHN,WAG,senior,UB,,,individual,qualification,4.8,False,0,,,,,,,,,,,,,,,,,,,,[]
orphan_25e1aaad71e0df69,athlete_missing_in_score_sheet,review,"The event/apparatus/context exists, but this athlete is missing in the score sheet.",WAG D,2057,Chinese Championships,2019,Chen Yanfei,CHN,WAG,senior,BB,,,team,final,5.8,False,0,,,,,,,,,,,,,,,,,,,,[]
orphan_291e78788b5f27c8,athlete_missing_in_score_sheet,review,"The event/apparatus/context exists, but this athlete is missing in the score sheet.",WAG D,2057,Chinese Championships,2019,Chen Yanfei,CHN,WAG,senior,FX,,,team,final,4.3,False,0,,,,,,,,,,,,,,,,,,,,[]
orphan_538677cb1fcdcd64,athlete_missing_in_score_sheet,review,"The event/apparatus/context exists, but this athlete is missing in the score sheet.",WAG D,2057,Chinese Championships,2019,Chen Yanfei,CHN,WAG,senior,VT,1,,team,final,4.8,True,0,,,,,,,,,,,,,,,,,,,,[]
orphan_03eb938f549deedc,athlete_missing_in_score_sheet,review,"The event/apparatus/context exists, but this athlete is missing in the score sheet.",WAG D,2058,Chinese Championships,2019,Chen Yanfei,CHN,WAG,senior,BB,,,apparatus,final,5.4,False,0,,,,,,,,,,,,,,,,,,,,[]
orphan_2778401335461516,possible_context_mismatch,review,"Possible format, round, or day mismatch.",WAG D,2082,City of Jesolo Trophy,2019,Chiaki Hatakeda,JPN,WAG,junior,VT,2,,individual,final,4.8,True,1,suggestion_a44030c06495d2a3,context_correction,0.65,"Same athlete/event/apparatus exists in the score sheet, but format, round, or day is different.",City of Jesolo Trophy,2019,Chiaki Hatakeda,JPN,WAG,junior,VT,2,,apparatus,final,13.3,4.8,WAG,2585,"[{""suggestion_id"": ""suggestion_a44030c06495d2a3"", ""suggestion_type"": ""context_correction"", ""confidence"": 0.65, ""message"": ""Same athlete/event/apparatus exists in the score sheet, but format, round, or day is different."", ""action"": ""attach_d_score_to_target_result"", ""changes"": {""format"": {""from"": ""individual"", ""to"": ""apparatus""}, ""round"": {""from"": ""final"", ""to"": ""final""}, ""day"": {""from"": null, ""to"": null}}, ""target_result"": {""event_name"": ""City of Jesolo Trophy"", ""year"": 2019, ""athlete_name"": ""Chiaki Hatakeda"", ""country"": ""JPN"", ""discipline"": ""WAG"", ""category"": ""junior"", ""apparatus"": ""VT"", ""vt_attempt"": 2, ""day"": null, ""format"": ""apparatus"", ""round"": ""final"", ""score"": 13.3, ""D_score"": 4.8, ""vault_attempt_order_uncertain"": true, ""source_sheet"": ""WAG"", ""source_row"": 2585, ""target_id"": ""target_a4b519bd530ee087""}}]"
orphan_070dc2abd0ca2c3a,possible_context_mismatch,review,"Possible format, round, or day mismatch.",WAG D,2129,German Junior Championships,2019,Chiara Schmidt,GER,WAG,junior,VT,2,,individual,final,3.5,True,1,suggestion_38f188c22fe29627,context_correction,0.65,"Same athlete/event/apparatus exists in the score sheet, but format, round, or day is different.",German Junior Championships,2019,Chiara Schmidt,GER,WAG,junior,VT,2,,apparatus,final,11.966,3.5,WAG,2635,"[{""suggestion_id"": ""suggestion_38f188c22fe29627"", ""suggestion_type"": ""context_correction"", ""confidence"": 0.65, ""message"": ""Same athlete/event/apparatus exists in the score sheet, but format, round, or day is different."", ""action"": ""attach_d_score_to_target_result"", ""changes"": {""format"": {""from"": ""individual"", ""to"": ""apparatus""}, ""round"": {""from"": ""final"", ""to"": ""final""}, ""day"": {""from"": null, ""to"": null}}, ""target_result"": {""event_name"": ""German Junior Championships"", ""year"": 2019, ""athlete_name"": ""Chiara Schmidt"", ""country"": ""GER"", ""discipline"": ""WAG"", ""category"": ""junior"", ""apparatus"": ""VT"", ""vt_attempt"": 2, ""day"": null, ""format"": ""apparatus"", ""round"": ""final"", ""score"": 11.966, ""D_score"": 3.5, ""vault_attempt_order_uncertain"": true, ""source_sheet"": ""WAG"", ""source_row"": 2635, ""target_id"": ""target_c44173358346bd90""}}]"
orphan_2d09057ccf244718,missing_final_score_for_context,review,"The athlete/event exists, but not this apparatus/context.",WAG D,2143,City of Jesolo Trophy,2019,Chiara Vincenzi,ITA,WAG,junior,VT,2,,individual,final,4.0,True,0,,,,,,,,,,,,,,,,,,,,[]
orphan_44366d96457894d3,athlete_missing_in_score_sheet,review,"The event/apparatus/context exists, but this athlete is missing in the score sheet.",WAG D,2171,1st Spanish League,2019,Chloe Perret,ESP,WAG,senior,FX,,,individual,final,4.3,False,0,,,,,,,,,,,,,,,,,,,,[]
orphan_edeae69ae28f4a0f,athlete_missing_in_score_sheet,review,"The event/apparatus/context exists, but this athlete is missing in the score sheet.",WAG D,2171,1st Spanish League,2019,Chloe Perret,ESP,WAG,senior,UB,,,individual,final,3.8,False,0,,,,,,,,,,,,,,,,,,,,[]
orphan_f4c00c26bee6d3cd,athlete_missing_in_score_sheet,review,"The event/apparatus/context exists, but this athlete is missing in the score sheet.",WAG D,2171,1st Spanish League,2019,Chloe Perret,ESP,WAG,senior,VT,1,,individual,final,4.2,True,0,,,,,,,,,,,,,,,,,,,,[]
orphan_846ded6f6e677488,athlete_missing_in_score_sheet,review,"The event/apparatus/context exists, but this athlete is missing in the score sheet.",WAG D,2172,2nd Spanish League,2019,Chloe Perret,ESP,WAG,senior,UB,,,individual,final,3.8,False,0,,,,,,,,,,,,,,,,,,,,[]
orphan_5b10f0269b6ec3b1,athlete_missing_in_score_sheet,review,"The event/apparatus/context exists, but this athlete is missing in the score sheet.",WAG D,2172,2nd Spanish League,2019,Chloe Perret,ESP,WAG,senior,VT,1,,individual,final,3.7,True,0,,,,,,,,,,,,,,,,,,,,[]
orphan_2f4fdc6ef7cf51e7,possible_event_name_mismatch,review,Possible event-name mismatch between the D sheet and the score sheet.,WAG D,2190,Brazilian Championships,2019,Christal Bezerra,BRA,WAG,junior,BB,,,individual,final,5.3,False,1,suggestion_d8a791bc57232faf,event_name_correction,0.885,D-score event 'Brazilian Championships' may match score-sheet event 'Brazilian Event Championships'.,Brazilian Event Championships,2019,Christal Bezerra,BRA,WAG,junior,BB,,,individual,final,10.067,,WAG,2710,"[{""suggestion_id"": ""suggestion_d8a791bc57232faf"", ""suggestion_type"": ""event_name_correction"", ""confidence"": 0.885, ""message"": ""D-score event 'Brazilian Championships' may match score-sheet event 'Brazilian Event Championships'."", ""action"": ""attach_d_score_to_target_result"", ""changes"": {""event_name"": {""from"": ""Brazilian Championships"", ""to"": ""Brazilian Event Championships""}}, ""target_result"": {""event_name"": ""Brazilian Event Championships"", ""year"": 2019, ""athlete_name"": ""Christal Bezerra"", ""country"": ""BRA"", ""discipline"": ""WAG"", ""category"": ""junior"", ""apparatus"": ""BB"", ""vt_attempt"": null, ""day"": null, ""format"": ""individual"", ""round"": ""final"", ""score"": 10.067, ""D_score"": null, ""vault_attempt_order_uncertain"": false, ""source_sheet"": ""WAG"", ""source_row"": 2710, ""target_id"": ""target_7736efb7bb2df904""}}]"
orphan_6e4172237fcbca5b,possible_event_name_mismatch,review,Possible event-name mismatch between the D sheet and the score sheet.,WAG D,2190,Brazilian Championships,2019,Christal Bezerra,BRA,WAG,junior,UB,,,individual,final,5.1,False,1,suggestion_33ed1dc8e4071f49,event_name_correction,0.885,D-score event 'Brazilian Championships' may match score-sheet event 'Brazilian Event Championships'.,Brazilian Event Championships,2019,Christal Bezerra,BRA,WAG,junior,UB,,,individual,final,12.133,,WAG,2710,"[{""suggestion_id"": ""suggestion_33ed1dc8e4071f49"", ""suggestion_type"": ""event_name_correction"", ""confidence"": 0.885, ""message"": ""D-score event 'Brazilian Championships' may match score-sheet event 'Brazilian Event Championships'."", ""action"": ""attach_d_score_to_target_result"", ""changes"": {""event_name"": {""from"": ""Brazilian Championships"", ""to"": ""Brazilian Event Championships""}}, ""target_result"": {""event_name"": ""Brazilian Event Championships"", ""year"": 2019, ""athlete_name"": ""Christal Bezerra"", ""country"": ""BRA"", ""discipline"": ""WAG"", ""category"": ""junior"", ""apparatus"": ""UB"", ""vt_attempt"": null, ""day"": null, ""format"": ""individual"", ""round"": ""final"", ""score"": 12.133, ""D_score"": null, ""vault_attempt_order_uncertain"": false, ""source_sheet"": ""WAG"", ""source_row"": 2710, ""target_id"": ""target_cfbb411627a36999""}}]"
orphan_4ac9830d6384d08d,possible_event_name_mismatch,review,Possible event-name mismatch between the D sheet and the score sheet.,WAG D,2192,Brazilian Championships,2019,Christal Bezerra,BRA,WAG,junior,UB,,,apparatus,final,5.1,False,1,suggestion_c8f2880f30186a3b,event_name_correction,0.885,D-score event 'Brazilian Championships' may match score-sheet event 'Brazilian Event Championships'.,Brazilian Event Championships,2019,Christal Bezerra,BRA,WAG,junior,UB,,,apparatus,final,11.6,,WAG,2711,"[{""suggestion_id"": ""suggestion_c8f2880f30186a3b"", ""suggestion_type"": ""event_name_correction"", ""confidence"": 0.885, ""message"": ""D-score event 'Brazilian Championships' may match score-sheet event 'Brazilian Event Championships'."", ""action"": ""attach_d_score_to_target_result"", ""changes"": {""event_name"": {""from"": ""Brazilian Championships"", ""to"": ""Brazilian Event Championships""}}, ""target_result"": {""event_name"": ""Brazilian Event Championships"", ""year"": 2019, ""athlete_name"": ""Christal Bezerra"", ""country"": ""BRA"", ""discipline"": ""WAG"", ""category"": ""junior"", ""apparatus"": ""UB"", ""vt_attempt"": null, ""day"": null, ""format"": ""apparatus"", ""round"": ""final"", ""score"": 11.6, ""D_score"": null, ""vault_attempt_order_uncertain"": false, ""source_sheet"": ""WAG"", ""source_row"": 2711, ""target_id"": ""target_f57fdb8bc3cabe37""}}]"
orphan_dd5fcc7a87c07821,possible_context_mismatch,review,"Possible format, round, or day mismatch.",WAG D,2233,City of Jesolo Trophy,2019,Ciena Alipio,USA,WAG,junior,VT,2,,individual,final,4.6,True,1,suggestion_af049ce51d688888,context_correction,0.65,"Same athlete/event/apparatus exists in the score sheet, but format, round, or day is different.",City of Jesolo Trophy,2019,Ciena Alipio,USA,WAG,junior,VT,2,,apparatus,final,14.0,4.6,WAG,2755,"[{""suggestion_id"": ""suggestion_af049ce51d688888"", ""suggestion_type"": ""context_correction"", ""confidence"": 0.65, ""message"": ""Same athlete/event/apparatus exists in the score sheet, but format, round, or day is different."", ""action"": ""attach_d_score_to_target_result"", ""changes"": {""format"": {""from"": ""individual"", ""to"": ""apparatus""}, ""round"": {""from"": ""final"", ""to"": ""final""}, ""day"": {""from"": null, ""to"": null}}, ""target_result"": {""event_name"": ""City of Jesolo Trophy"", ""year"": 2019, ""athlete_name"": ""Ciena Alipio"", ""country"": ""USA"", ""discipline"": ""WAG"", ""category"": ""junior"", ""apparatus"": ""VT"", ""vt_attempt"": 2, ""day"": null, ""format"": ""apparatus"", ""round"": ""final"", ""score"": 14.0, ""D_score"": 4.6, ""vault_attempt_order_uncertain"": true, ""source_sheet"": ""WAG"", ""source_row"": 2755, ""target_id"": ""target_3e28db72037f0f61""}}]"
orphan_c0b79d61d541f0e0,missing_final_score_for_context,review,"The athlete/event exists, but not this apparatus/context.",WAG D,2292,GymStars International,2019,Clara Rimini,GBR,WAG,junior,VT,2,,individual,final,2.0,True,0,,,,,,,,,,,,,,,,,,,,[]
orphan_dcb3d7ff7bf7fe69,athlete_missing_in_score_sheet,review,"The event/apparatus/context exists, but this athlete is missing in the score sheet.",WAG D,2376,1st Italian Serie A,2019,Cristina Cotroneo,ITA,WAG,senior,BB,,,individual,final,4.8,False,0,,,,,,,,,,,,,,,,,,,,[]
orphan_d2fb0d878d13d9fb,athlete_missing_in_score_sheet,review,"The event/apparatus/context exists, but this athlete is missing in the score sheet.",WAG D,2376,1st Italian Serie A,2019,Cristina Cotroneo,ITA,WAG,senior,FX,,,individual,final,4.5,False,0,,,,,,,,,,,,,,,,,,,,[]
orphan_e3559b0470bae247,athlete_missing_in_score_sheet,review,"The event/apparatus/context exists, but this athlete is missing in the score sheet.",WAG D,2376,1st Italian Serie A,2019,Cristina Cotroneo,ITA,WAG,senior,UB,,,individual,final,3.5,False,0,,,,,,,,,,,,,,,,,,,,[]
orphan_adf7ba7626cbc70b,athlete_missing_in_score_sheet,review,"The event/apparatus/context exists, but this athlete is missing in the score sheet.",WAG D,2376,1st Italian Serie A,2019,Cristina Cotroneo,ITA,WAG,senior,VT,1,,individual,final,3.5,True,0,,,,,,,,,,,,,,,,,,,,[]
orphan_84cb0d7b1ce21b74,missing_final_score_for_context,review,"The athlete/event exists, but not this apparatus/context.",WAG D,2464,South African Championships,2019,Danielle Huisamen,RSA,WAG,junior,VT,2,,individual,final,4.0,True,0,,,,,,,,,,,,,,,,,,,,[]
orphan_82f5ab08c796b07a,possible_context_mismatch,review,"Possible format, round, or day mismatch.",WAG D,2482,New Zealand Championships,2019,Daria Indioukov,NZL,WAG,junior,FX,,,apparatus,final,4.4,False,1,suggestion_017fb1100d872ec9,context_correction,0.65,"Same athlete/event/apparatus exists in the score sheet, but format, round, or day is different.",New Zealand Championships,2019,Daria Indioukov,NZL,WAG,junior,FX,,,individual,final,11.3,4.1,WAG,3080,"[{""suggestion_id"": ""suggestion_017fb1100d872ec9"", ""suggestion_type"": ""context_correction"", ""confidence"": 0.65, ""message"": ""Same athlete/event/apparatus exists in the score sheet, but format, round, or day is different."", ""action"": ""attach_d_score_to_target_result"", ""changes"": {""format"": {""from"": ""apparatus"", ""to"": ""individual""}, ""round"": {""from"": ""final"", ""to"": ""final""}, ""day"": {""from"": null, ""to"": null}}, ""target_result"": {""event_name"": ""New Zealand Championships"", ""year"": 2019, ""athlete_name"": ""Daria Indioukov"", ""country"": ""NZL"", ""discipline"": ""WAG"", ""category"": ""junior"", ""apparatus"": ""FX"", ""vt_attempt"": null, ""day"": null, ""format"": ""individual"", ""round"": ""final"", ""score"": 11.3, ""D_score"": 4.1, ""vault_attempt_order_uncertain"": false, ""source_sheet"": ""WAG"", ""source_row"": 3080, ""target_id"": ""target_22bc7353ec116b4b""}}]"
orphan_55db700553cbd6db,missing_final_score_for_context,review,"The athlete/event exists, but not this apparatus/context.",WAG D,2485,Mälar Cup,2019,Daria Kolomoyets,RUS,WAG,junior,VT,2,,individual,final,3.7,True,0,,,,,,,,,,,,,,,,,,,,[]
orphan_8fb104fc2c88cddd,missing_final_score_for_context,review,"The athlete/event exists, but not this apparatus/context.",WAG D,2491,Stella Zakharova Cup,2019,Daria Murzhak,UKR,WAG,junior,VT,2,,individual,final,4.0,True,0,,,,,,,,,,,,,,,,,,,,[]
orphan_ada55d2905093c00,possible_context_mismatch,review,"Possible format, round, or day mismatch.",WAG D,2569,City of Jesolo Trophy,2019,Desiree Carofiglio,ITA,WAG,senior,VT,2,,individual,final,4.2,True,1,suggestion_0b56925e07a64aaa,context_correction,0.65,"Same athlete/event/apparatus exists in the score sheet, but format, round, or day is different.",City of Jesolo Trophy,2019,Desiree Carofiglio,ITA,WAG,senior,VT,2,,apparatus,final,13.1,4.2,WAG,3193,"[{""suggestion_id"": ""suggestion_0b56925e07a64aaa"", ""suggestion_type"": ""context_correction"", ""confidence"": 0.65, ""message"": ""Same athlete/event/apparatus exists in the score sheet, but format, round, or day is different."", ""action"": ""attach_d_score_to_target_result"", ""changes"": {""format"": {""from"": ""individual"", ""to"": ""apparatus""}, ""round"": {""from"": ""final"", ""to"": ""final""}, ""day"": {""from"": null, ""to"": null}}, ""target_result"": {""event_name"": ""City of Jesolo Trophy"", ""year"": 2019, ""athlete_name"": ""Desiree Carofiglio"", ""country"": ""ITA"", ""discipline"": ""WAG"", ""category"": ""senior"", ""apparatus"": ""VT"", ""vt_attempt"": 2, ""day"": null, ""format"": ""apparatus"", ""round"": ""final"", ""score"": 13.1, ""D_score"": 4.2, ""vault_attempt_order_uncertain"": true, ""source_sheet"": ""WAG"", ""source_row"": 3193, ""target_id"": ""target_a43798fa5944c2f7""}}]"
orphan_ac485693d90ea62f,missing_final_score_for_context,review,"The athlete/event exists, but not this apparatus/context.",WAG D,2615,Stella Zakharova Cup,2019,Dilara Yurtdas,TUR,WAG,junior,VT,2,,individual,final,3.5,True,0,,,,,,,,,,,,,,,,,,,,[]
orphan_a18f4328a2711b70,athlete_missing_in_score_sheet,review,"The event/apparatus/context exists, but this athlete is missing in the score sheet.",WAG D,2627,1st Italian Serie A,2019,Dinah Pisoni,ITA,WAG,senior,BB,,,individual,final,5.0,False,0,,,,,,,,,,,,,,,,,,,,[]
orphan_e225f8447fd65b3e,athlete_missing_in_score_sheet,review,"The event/apparatus/context exists, but this athlete is missing in the score sheet.",WAG D,2627,1st Italian Serie A,2019,Dinah Pisoni,ITA,WAG,senior,FX,,,individual,final,4.3,False,0,,,,,,,,,,,,,,,,,,,,[]
orphan_e8b7587f3a5a881f,athlete_missing_in_score_sheet,review,"The event/apparatus/context exists, but this athlete is missing in the score sheet.",WAG D,2627,1st Italian Serie A,2019,Dinah Pisoni,ITA,WAG,senior,UB,,,individual,final,4.0,False,0,,,,,,,,,,,,,,,,,,,,[]
orphan_60cb99d3ca978e56,athlete_missing_in_score_sheet,review,"The event/apparatus/context exists, but this athlete is missing in the score sheet.",WAG D,2628,2nd Italian Serie A,2019,Dinah Pisoni,ITA,WAG,senior,BB,,,individual,final,4.7,False,0,,,,,,,,,,,,,,,,,,,,[]
orphan_41b92154f7410d21,athlete_missing_in_score_sheet,review,"The event/apparatus/context exists, but this athlete is missing in the score sheet.",WAG D,2628,2nd Italian Serie A,2019,Dinah Pisoni,ITA,WAG,senior,FX,,,individual,final,4.3,False,0,,,,,,,,,,,,,,,,,,,,[]
orphan_11589838ecc198f1,athlete_missing_in_score_sheet,review,"The event/apparatus/context exists, but this athlete is missing in the score sheet.",WAG D,2628,2nd Italian Serie A,2019,Dinah Pisoni,ITA,WAG,senior,UB,,,individual,final,4.0,False,0,,,,,,,,,,,,,,,,,,,,[]
orphan_59ddbd28427613b8,missing_final_score_for_context,review,"The athlete/event exists, but not this apparatus/context.",WAG D,2710,Mälar Cup,2019,Ebba Dahlgren,SWE,WAG,senior,VT,2,,individual,final,2.0,True,0,,,,,,,,,,,,,,,,,,,,[]
orphan_e5fbf41fba918e8a,possible_context_mismatch,review,"Possible format, round, or day mismatch.",WAG D,2725,Mälar Cup,2019,Ekaterina Mitrofanova,RUS,WAG,senior,VT,2,,individual,final,3.7,True,1,suggestion_04ff30c04551a23c,context_correction,0.65,"Same athlete/event/apparatus exists in the score sheet, but format, round, or day is different.",Mälar Cup,2019,Ekaterina Mitrofanova,RUS,WAG,senior,VT,2,,apparatus,final,12.25,3.7,WAG,3382,"[{""suggestion_id"": ""suggestion_04ff30c04551a23c"", ""suggestion_type"": ""context_correction"", ""confidence"": 0.65, ""message"": ""Same athlete/event/apparatus exists in the score sheet, but format, round, or day is different."", ""action"": ""attach_d_score_to_target_result"", ""changes"": {""format"": {""from"": ""individual"", ""to"": ""apparatus""}, ""round"": {""from"": ""final"", ""to"": ""final""}, ""day"": {""from"": null, ""to"": null}}, ""target_result"": {""event_name"": ""Mälar Cup"", ""year"": 2019, ""athlete_name"": ""Ekaterina Mitrofanova"", ""country"": ""RUS"", ""discipline"": ""WAG"", ""category"": ""senior"", ""apparatus"": ""VT"", ""vt_attempt"": 2, ""day"": null, ""format"": ""apparatus"", ""round"": ""final"", ""score"": 12.25, ""D_score"": 3.7, ""vault_attempt_order_uncertain"": true, ""source_sheet"": ""WAG"", ""source_row"": 3382, ""target_id"": ""target_0ad801de35e9c414""}}]"
orphan_9e138067f1166bba,missing_final_score_for_context,review,"The athlete/event exists, but not this apparatus/context.",WAG D,2769,Salamunov Memorial,2019,Elena Mangjolli,KOS,WAG,junior,UB,,,individual,final,0.1,False,0,,,,,,,,,,,,,,,,,,,,[]
orphan_3ddcd90684740926,missing_final_score_for_context,review,"The athlete/event exists, but not this apparatus/context.",WAG D,2777,Horizon Cup,2019,Elena Stegeman,BEL,WAG,junior,VT,1,,individual,final,2.0,True,0,,,,,,,,,,,,,,,,,,,,[]
orphan_c136f079f003f6f4,athlete_missing_in_score_sheet,review,"The event/apparatus/context exists, but this athlete is missing in the score sheet.",WAG D,2803,Danish Junior Championships,2019,Elin Linton,DEN,WAG,junior,VT,1,,individual,final,2.8,True,0,,,,,,,,,,,,,,,,,,,,[]
orphan_26f47f002a956cd4,athlete_missing_in_score_sheet,review,"The event/apparatus/context exists, but this athlete is missing in the score sheet.",WAG D,2803,Danish Junior Championships,2019,Elin Linton,DEN,WAG,junior,VT,2,,individual,final,2.4,True,0,,,,,,,,,,,,,,,,,,,,[]
orphan_036fa59324878a3c,possible_context_mismatch,review,"Possible format, round, or day mismatch.",WAG D,2805,Mälar Cup,2019,Elina Grawin,SWE,WAG,junior,VT,2,,individual,final,3.5,True,1,suggestion_6da4880c002d7f3d,context_correction,0.65,"Same athlete/event/apparatus exists in the score sheet, but format, round, or day is different.",Mälar Cup,2019,Elina Grawin,SWE,WAG,junior,VT,2,,apparatus,final,12.2,3.5,WAG,3492,"[{""suggestion_id"": ""suggestion_6da4880c002d7f3d"", ""suggestion_type"": ""context_correction"", ""confidence"": 0.65, ""message"": ""Same athlete/event/apparatus exists in the score sheet, but format, round, or day is different."", ""action"": ""attach_d_score_to_target_result"", ""changes"": {""format"": {""from"": ""individual"", ""to"": ""apparatus""}, ""round"": {""from"": ""final"", ""to"": ""final""}, ""day"": {""from"": null, ""to"": null}}, ""target_result"": {""event_name"": ""Mälar Cup"", ""year"": 2019, ""athlete_name"": ""Elina Grawin"", ""country"": ""SWE"", ""discipline"": ""WAG"", ""category"": ""junior"", ""apparatus"": ""VT"", ""vt_attempt"": 2, ""day"": null, ""format"": ""apparatus"", ""round"": ""final"", ""score"": 12.2, ""D_score"": 3.5, ""vault_attempt_order_uncertain"": true, ""source_sheet"": ""WAG"", ""source_row"": 3492, ""target_id"": ""target_34466f2ca6862f05""}}]"
orphan_fc2c7dd9f8f1781f,possible_context_mismatch,review,"Possible format, round, or day mismatch.",WAG D,2869,Dutch Championships,2019,Elisabeth Geurts,NED,WAG,senior,VT,2,,individual,final,4.2,True,1,suggestion_f842e615ac82039f,context_correction,0.65,"Same athlete/event/apparatus exists in the score sheet, but format, round, or day is different.",Dutch Championships,2019,Elisabeth Geurts,NED,WAG,senior,VT,2,,apparatus,final,13.2,4.2,WAG,3562,"[{""suggestion_id"": ""suggestion_f842e615ac82039f"", ""suggestion_type"": ""context_correction"", ""confidence"": 0.65, ""message"": ""Same athlete/event/apparatus exists in the score sheet, but format, round, or day is different."", ""action"": ""attach_d_score_to_target_result"", ""changes"": {""format"": {""from"": ""individual"", ""to"": ""apparatus""}, ""round"": {""from"": ""final"", ""to"": ""final""}, ""day"": {""from"": null, ""to"": null}}, ""target_result"": {""event_name"": ""Dutch Championships"", ""year"": 2019, ""athlete_name"": ""Elisabeth Geurts"", ""country"": ""NED"", ""discipline"": ""WAG"", ""category"": ""senior"", ""apparatus"": ""VT"", ""vt_attempt"": 2, ""day"": null, ""format"": ""apparatus"", ""round"": ""final"", ""score"": 13.2, ""D_score"": 4.2, ""vault_attempt_order_uncertain"": true, ""source_sheet"": ""WAG"", ""source_row"": 3562, ""target_id"": ""target_df1c5b509a987c02""}}]"
orphan_81fb48014a5b4913,athlete_missing_in_score_sheet,review,"The event/apparatus/context exists, but this athlete is missing in the score sheet.",WAG D,2903,2nd Italian Serie A,2019,Elisabetta Antonelli,ITA,WAG,senior,UB,,,individual,final,2.2,False,0,,,,,,,,,,,,,,,,,,,,[]
orphan_2f834866b93f62a8,athlete_missing_in_score_sheet,review,"The event/apparatus/context exists, but this athlete is missing in the score sheet.",WAG D,2917,Top 12 Series 3,2019,Elise Garcia,FRA,WAG,senior,FX,,,individual,final,4.5,False,0,,,,,,,,,,,,,,,,,,,,[]
orphan_292d7a05d3d55015,athlete_missing_in_score_sheet,review,"The event/apparatus/context exists, but this athlete is missing in the score sheet.",WAG D,2966,European Games Test Event,2019,Elizaveta Gubareva,UKR,WAG,junior,BB,,,individual,final,4.9,False,0,,,,,,,,,,,,,,,,,,,,[]
orphan_715b1f56524424a9,athlete_missing_in_score_sheet,review,"The event/apparatus/context exists, but this athlete is missing in the score sheet.",WAG D,2966,European Games Test Event,2019,Elizaveta Gubareva,UKR,WAG,junior,FX,,,individual,final,4.8,False,0,,,,,,,,,,,,,,,,,,,,[]
orphan_f5a4079ec4903437,athlete_missing_in_score_sheet,review,"The event/apparatus/context exists, but this athlete is missing in the score sheet.",WAG D,2966,European Games Test Event,2019,Elizaveta Gubareva,UKR,WAG,junior,UB,,,individual,final,5.2,False,0,,,,,,,,,,,,,,,,,,,,[]
orphan_5c306e9e6c88074f,athlete_missing_in_score_sheet,review,"The event/apparatus/context exists, but this athlete is missing in the score sheet.",WAG D,2966,European Games Test Event,2019,Elizaveta Gubareva,UKR,WAG,junior,VT,1,,individual,final,4.6,True,0,,,,,,,,,,,,,,,,,,,,[]
orphan_12003349f02f3fef,athlete_missing_in_score_sheet,review,"The event/apparatus/context exists, but this athlete is missing in the score sheet.",WAG D,2967,European Games Test Event,2019,Elizaveta Gubareva,UKR,WAG,junior,BB,,,apparatus,final,4.8,False,0,,,,,,,,,,,,,,,,,,,,[]
orphan_2e481dea7fc4d053,athlete_missing_in_score_sheet,review,"The event/apparatus/context exists, but this athlete is missing in the score sheet.",WAG D,2967,European Games Test Event,2019,Elizaveta Gubareva,UKR,WAG,junior,FX,,,apparatus,final,4.7,False,0,,,,,,,,,,,,,,,,,,,,[]
orphan_5ac1cc584d79cddb,athlete_missing_in_score_sheet,review,"The event/apparatus/context exists, but this athlete is missing in the score sheet.",WAG D,2967,European Games Test Event,2019,Elizaveta Gubareva,UKR,WAG,junior,UB,,,apparatus,final,4.3,False,0,,,,,,,,,,,,,,,,,,,,[]
orphan_fe90f9d21561cdda,athlete_missing_in_score_sheet,review,"The event/apparatus/context exists, but this athlete is missing in the score sheet.",WAG D,2967,European Games Test Event,2019,Elizaveta Gubareva,UKR,WAG,junior,VT,1,,apparatus,final,4.6,True,0,,,,,,,,,,,,,,,,,,,,[]
orphan_edac45209f03ed2e,athlete_missing_in_score_sheet,review,"The event/apparatus/context exists, but this athlete is missing in the score sheet.",WAG D,2967,European Games Test Event,2019,Elizaveta Gubareva,UKR,WAG,junior,VT,2,,apparatus,final,4.0,True,0,,,,,,,,,,,,,,,,,,,,[]
orphan_de67698fc69a9e00,athlete_missing_in_score_sheet,review,"The event/apparatus/context exists, but this athlete is missing in the score sheet.",WAG D,2968,Stella Zakharova Cup,2019,Elizaveta Gubareva,UKR,WAG,junior,BB,,,individual,final,4.5,False,0,,,,,,,,,,,,,,,,,,,,[]
orphan_5adbba8793704d74,athlete_missing_in_score_sheet,review,"The event/apparatus/context exists, but this athlete is missing in the score sheet.",WAG D,2968,Stella Zakharova Cup,2019,Elizaveta Gubareva,UKR,WAG,junior,FX,,,individual,final,5.0,False,0,,,,,,,,,,,,,,,,,,,,[]
orphan_c3df6a9b43e1bdf5,athlete_missing_in_score_sheet,review,"The event/apparatus/context exists, but this athlete is missing in the score sheet.",WAG D,2968,Stella Zakharova Cup,2019,Elizaveta Gubareva,UKR,WAG,junior,UB,,,individual,final,3.2,False,0,,,,,,,,,,,,,,,,,,,,[]
orphan_c6fdb21d2aae7dfa,athlete_missing_in_score_sheet,review,"The event/apparatus/context exists, but this athlete is missing in the score sheet.",WAG D,2968,Stella Zakharova Cup,2019,Elizaveta Gubareva,UKR,WAG,junior,VT,1,,individual,final,4.6,True,0,,,,,,,,,,,,,,,,,,,,[]
orphan_45bad9c56653de7f,missing_score_sheet_context,review,No matching final-score result is available in the score sheet.,WAG D,2968,Stella Zakharova Cup,2019,Elizaveta Gubareva,UKR,WAG,junior,VT,2,,individual,final,4.2,True,0,,,,,,,,,,,,,,,,,,,,[]
orphan_d32337ab77385364,athlete_missing_in_score_sheet,review,"The event/apparatus/context exists, but this athlete is missing in the score sheet.",WAG D,2969,Stella Zakharova Cup,2019,Elizaveta Gubareva,UKR,WAG,junior,FX,,,apparatus,final,4.8,False,0,,,,,,,,,,,,,,,,,,,,[]
orphan_c721b842ce6ce23e,missing_final_score_for_context,review,"The athlete/event exists, but not this apparatus/context.",WAG D,2982,Stella Zakharova Cup,2019,Ella Borg,MLT,WAG,junior,VT,2,,individual,final,4.0,True,0,,,,,,,,,,,,,,,,,,,,[]
orphan_6c70c0207f4f1d4e,possible_context_mismatch,review,"Possible format, round, or day mismatch.",WAG D,2983,GymStars International,2019,Ella Borg,MLT,WAG,junior,VT,2,,individual,final,4.0,True,1,suggestion_b03ef31b1d82c940,context_correction,0.65,"Same athlete/event/apparatus exists in the score sheet, but format, round, or day is different.",GymStars International,2019,Ella Borg,MLT,WAG,junior,VT,2,,apparatus,final,12.101,4.0,WAG,3685,"[{""suggestion_id"": ""suggestion_b03ef31b1d82c940"", ""suggestion_type"": ""context_correction"", ""confidence"": 0.65, ""message"": ""Same athlete/event/apparatus exists in the score sheet, but format, round, or day is different."", ""action"": ""attach_d_score_to_target_result"", ""changes"": {""format"": {""from"": ""individual"", ""to"": ""apparatus""}, ""round"": {""from"": ""final"", ""to"": ""final""}, ""day"": {""from"": null, ""to"": null}}, ""target_result"": {""event_name"": ""GymStars International"", ""year"": 2019, ""athlete_name"": ""Ella Borg"", ""country"": ""MLT"", ""discipline"": ""WAG"", ""category"": ""junior"", ""apparatus"": ""VT"", ""vt_attempt"": 2, ""day"": null, ""format"": ""apparatus"", ""round"": ""final"", ""score"": 12.101, ""D_score"": 4.0, ""vault_attempt_order_uncertain"": true, ""source_sheet"": ""WAG"", ""source_row"": 3685, ""target_id"": ""target_9cfce6b6cc2c2469""}}]"
orphan_521ae9c7e3fa75a4,missing_final_score_for_context,review,"The athlete/event exists, but not this apparatus/context.",WAG D,3023,World Champion's National Qualifier,2019,Elle Bragga,USA,WAG,junior,BB,,,individual,final,4.1,False,0,,,,,,,,,,,,,,,,,,,,[]
orphan_860e9b6b26cad8fb,missing_final_score_for_context,review,"The athlete/event exists, but not this apparatus/context.",WAG D,3023,World Champion's National Qualifier,2019,Elle Bragga,USA,WAG,junior,FX,,,individual,final,3.4,False,0,,,,,,,,,,,,,,,,,,,,[]
orphan_877f9c161b928aad,missing_final_score_for_context,review,"The athlete/event exists, but not this apparatus/context.",WAG D,3023,World Champion's National Qualifier,2019,Elle Bragga,USA,WAG,junior,VT,1,,individual,final,3.5,True,0,,,,,,,,,,,,,,,,,,,,[]
orphan_b94c59f332524f4b,athlete_missing_in_score_sheet,review,"The event/apparatus/context exists, but this athlete is missing in the score sheet.",WAG D,3113,1st Italian Serie A,2019,Emanuela Marti,ITA,WAG,senior,BB,,,individual,final,3.8,False,0,,,,,,,,,,,,,,,,,,,,[]
orphan_4a1d1719df162494,athlete_missing_in_score_sheet,review,"The event/apparatus/context exists, but this athlete is missing in the score sheet.",WAG D,3113,1st Italian Serie A,2019,Emanuela Marti,ITA,WAG,senior,UB,,,individual,final,2.2,False,0,,,,,,,,,,,,,,,,,,,,[]
orphan_21485cd3b2213e36,athlete_missing_in_score_sheet,review,"The event/apparatus/context exists, but this athlete is missing in the score sheet.",WAG D,3114,2nd Italian Serie A,2019,Emanuela Marti,ITA,WAG,senior,UB,,,individual,final,2.2,False,0,,,,,,,,,,,,,,,,,,,,[]
orphan_bbfb0d1582e7968e,missing_final_score_for_context,review,"The athlete/event exists, but not this apparatus/context.",WAG D,3129,Mälar Cup,2019,Embla Molander,SWE,WAG,junior,VT,2,,individual,final,3.5,True,0,,,,,,,,,,,,,,,,,,,,[]
orphan_87821a1aa327841d,possible_context_mismatch,review,"Possible format, round, or day mismatch.",WAG D,3156,Stella Zakharova Cup,2019,Emilia Babich,ISR,WAG,junior,VT,2,,individual,final,4.0,True,1,suggestion_70a2365678b38721,context_correction,0.65,"Same athlete/event/apparatus exists in the score sheet, but format, round, or day is different.",Stella Zakharova Cup,2019,Emilia Babich,ISR,WAG,junior,VT,2,,apparatus,final,12.7,4.0,WAG,3862,"[{""suggestion_id"": ""suggestion_70a2365678b38721"", ""suggestion_type"": ""context_correction"", ""confidence"": 0.65, ""message"": ""Same athlete/event/apparatus exists in the score sheet, but format, round, or day is different."", ""action"": ""attach_d_score_to_target_result"", ""changes"": {""format"": {""from"": ""individual"", ""to"": ""apparatus""}, ""round"": {""from"": ""final"", ""to"": ""final""}, ""day"": {""from"": null, ""to"": null}}, ""target_result"": {""event_name"": ""Stella Zakharova Cup"", ""year"": 2019, ""athlete_name"": ""Emilia Babich"", ""country"": ""ISR"", ""discipline"": ""WAG"", ""category"": ""junior"", ""apparatus"": ""VT"", ""vt_attempt"": 2, ""day"": null, ""format"": ""apparatus"", ""round"": ""final"", ""score"": 12.7, ""D_score"": 4.0, ""vault_attempt_order_uncertain"": true, ""source_sheet"": ""WAG"", ""source_row"": 3862, ""target_id"": ""target_adefb313404ad149""}}]"
orphan_ecf0c4cfdcef61ed,missing_final_score_for_context,review,"The athlete/event exists, but not this apparatus/context.",WAG D,3174,Norwegian Championships,2019,Emilie Kristensen,NOR,WAG,senior,VT,2,,individual,final,3.5,True,0,,,,,,,,,,,,,,,,,,,,[]
orphan_0a7b67012c2fc9c9,missing_final_score_for_context,review,"The athlete/event exists, but not this apparatus/context.",WAG D,3192,British Championships,2019,Emily Bremner,GBR,WAG,senior,FX,,,individual,final,4.6,False,0,,,,,,,,,,,,,,,,,,,,[]
orphan_9aa8b7a4d331a621,missing_final_score_for_context,review,"The athlete/event exists, but not this apparatus/context.",WAG D,3281,Norwegian Championships,2019,Emma Hegreberg,NOR,WAG,senior,VT,2,,individual,final,2.8,True,0,,,,,,,,,,,,,,,,,,,,[]
orphan_01aefcfcb3acca29,missing_final_score_for_context,review,"The athlete/event exists, but not this apparatus/context.",WAG D,3367,Mälar Cup,2019,Enna Kynsilehto,FIN,WAG,junior,VT,2,,individual,final,3.5,True,0,,,,,,,,,,,,,,,,,,,,[]
orphan_df368a690e4fd5e8,possible_event_name_mismatch,review,Possible event-name mismatch between the D sheet and the score sheet.,WAG D,3384,2nd Italian Serie A,2019,Erica Amato,ITA,WAG,senior,BB,,,individual,final,4.1,False,1,suggestion_19c36a4071a14371,event_name_correction,0.895,D-score event '2nd Italian Serie A' may match score-sheet event '3rd Italian Serie A'.,3rd Italian Serie A,2019,Erica Amato,ITA,WAG,senior,BB,,,individual,final,11.0,4.2,WAG,4106,"[{""suggestion_id"": ""suggestion_19c36a4071a14371"", ""suggestion_type"": ""event_name_correction"", ""confidence"": 0.895, ""message"": ""D-score event '2nd Italian Serie A' may match score-sheet event '3rd Italian Serie A'."", ""action"": ""attach_d_score_to_target_result"", ""changes"": {""event_name"": {""from"": ""2nd Italian Serie A"", ""to"": ""3rd Italian Serie A""}}, ""target_result"": {""event_name"": ""3rd Italian Serie A"", ""year"": 2019, ""athlete_name"": ""Erica Amato"", ""country"": ""ITA"", ""discipline"": ""WAG"", ""category"": ""senior"", ""apparatus"": ""BB"", ""vt_attempt"": null, ""day"": null, ""format"": ""individual"", ""round"": ""final"", ""score"": 11.0, ""D_score"": 4.2, ""vault_attempt_order_uncertain"": false, ""source_sheet"": ""WAG"", ""source_row"": 4106, ""target_id"": ""target_5b5d8b18bdd72b0b""}}]"
orphan_6724f5174b29a651,missing_final_score_for_context,review,"The athlete/event exists, but not this apparatus/context.",WAG D,3527,Croatian Championships,2019,Fani Vilicic,CRO,WAG,junior,VT,2,,individual,final,2.0,True,0,,,,,,,,,,,,,,,,,,,,[]
orphan_803baea986cc2d81,possible_context_mismatch,review,"Possible format, round, or day mismatch.",WAG D,3532,German Junior Championships,2019,Fanny Schmidt,GER,WAG,junior,VT,2,,individual,final,3.5,True,1,suggestion_dfd817e6bbf7d0cb,context_correction,0.65,"Same athlete/event/apparatus exists in the score sheet, but format, round, or day is different.",German Junior Championships,2019,Fanny Schmidt,GER,WAG,junior,VT,2,,apparatus,final,11.566,3.5,WAG,4282,"[{""suggestion_id"": ""suggestion_dfd817e6bbf7d0cb"", ""suggestion_type"": ""context_correction"", ""confidence"": 0.65, ""message"": ""Same athlete/event/apparatus exists in the score sheet, but format, round, or day is different."", ""action"": ""attach_d_score_to_target_result"", ""changes"": {""format"": {""from"": ""individual"", ""to"": ""apparatus""}, ""round"": {""from"": ""final"", ""to"": ""final""}, ""day"": {""from"": null, ""to"": null}}, ""target_result"": {""event_name"": ""German Junior Championships"", ""year"": 2019, ""athlete_name"": ""Fanny Schmidt"", ""country"": ""GER"", ""discipline"": ""WAG"", ""category"": ""junior"", ""apparatus"": ""VT"", ""vt_attempt"": 2, ""day"": null, ""format"": ""apparatus"", ""round"": ""final"", ""score"": 11.566, ""D_score"": 3.5, ""vault_attempt_order_uncertain"": true, ""source_sheet"": ""WAG"", ""source_row"": 4282, ""target_id"": ""target_f329c02028944925""}}]"
orphan_807abb24e60be45c,missing_final_score_for_context,review,"The athlete/event exists, but not this apparatus/context.",WAG D,3564,Stella Zakharova Cup,2019,Farida Dabour,EGY,WAG,junior,VT,2,,individual,final,3.5,True,0,,,,,,,,,,,,,,,,,,,,[]
orphan_0c90dbde0bbbbee8,missing_final_score_for_context,review,"The athlete/event exists, but not this apparatus/context.",WAG D,3581,Mälar Cup,2019,Felicia van der Poel,SWE,WAG,senior,VT,2,,individual,final,2.0,True,0,,,,,,,,,,,,,,,,,,,,[]
orphan_6dc7632fde081a9b,missing_final_score_for_context,review,"The athlete/event exists, but not this apparatus/context.",WAG D,3633,Icelandic Fall Championships,2019,Fjola Vidarsdottir,ISL,WAG,senior,VT,2,,individual,final,3.3,True,0,,,,,,,,,,,,,,,,,,,,[]
orphan_d3c2cdccae621a69,possible_event_name_mismatch,review,Possible event-name mismatch between the D sheet and the score sheet.,WAG D,3637,Brazilian Championships,2019,Flavia Saraiva,BRA,WAG,senior,BB,,,individual,final,5.8,False,1,suggestion_6dcf01ee51b349a5,event_name_correction,0.885,D-score event 'Brazilian Championships' may match score-sheet event 'Brazilian Event Championships'.,Brazilian Event Championships,2019,Flavia Saraiva,BRA,WAG,senior,BB,,,individual,final,13.833,,WAG,4393,"[{""suggestion_id"": ""suggestion_6dcf01ee51b349a5"", ""suggestion_type"": ""event_name_correction"", ""confidence"": 0.885, ""message"": ""D-score event 'Brazilian Championships' may match score-sheet event 'Brazilian Event Championships'."", ""action"": ""attach_d_score_to_target_result"", ""changes"": {""event_name"": {""from"": ""Brazilian Championships"", ""to"": ""Brazilian Event Championships""}}, ""target_result"": {""event_name"": ""Brazilian Event Championships"", ""year"": 2019, ""athlete_name"": ""Flavia Saraiva"", ""country"": ""BRA"", ""discipline"": ""WAG"", ""category"": ""senior"", ""apparatus"": ""BB"", ""vt_attempt"": null, ""day"": null, ""format"": ""individual"", ""round"": ""final"", ""score"": 13.833, ""D_score"": null, ""vault_attempt_order_uncertain"": false, ""source_sheet"": ""WAG"", ""source_row"": 4393, ""target_id"": ""target_bbd7c4a9f69fdb10""}}]"
orphan_ca223d8680568444,possible_event_name_mismatch,review,Possible event-name mismatch between the D sheet and the score sheet.,WAG D,3637,Brazilian Championships,2019,Flavia Saraiva,BRA,WAG,senior,FX,,,individual,final,5.2,False,1,suggestion_f2a86e3014899029,event_name_correction,0.885,D-score event 'Brazilian Championships' may match score-sheet event 'Brazilian Event Championships'.,Brazilian Event Championships,2019,Flavia Saraiva,BRA,WAG,senior,FX,,,individual,final,12.233,,WAG,4393,"[{""suggestion_id"": ""suggestion_f2a86e3014899029"", ""suggestion_type"": ""event_name_correction"", ""confidence"": 0.885, ""message"": ""D-score event 'Brazilian Championships' may match score-sheet event 'Brazilian Event Championships'."", ""action"": ""attach_d_score_to_target_result"", ""changes"": {""event_name"": {""from"": ""Brazilian Championships"", ""to"": ""Brazilian Event Championships""}}, ""target_result"": {""event_name"": ""Brazilian Event Championships"", ""year"": 2019, ""athlete_name"": ""Flavia Saraiva"", ""country"": ""BRA"", ""discipline"": ""WAG"", ""category"": ""senior"", ""apparatus"": ""FX"", ""vt_attempt"": null, ""day"": null, ""format"": ""individual"", ""round"": ""final"", ""score"": 12.233, ""D_score"": null, ""vault_attempt_order_uncertain"": false, ""source_sheet"": ""WAG"", ""source_row"": 4393, ""target_id"": ""target_b602912c0002e39b""}}]"
orphan_bedefe4217296ebc,possible_event_name_mismatch,review,Possible event-name mismatch between the D sheet and the score sheet.,WAG D,3637,Brazilian Championships,2019,Flavia Saraiva,BRA,WAG,senior,UB,,,individual,final,5.4,False,1,suggestion_3cee3940d321b961,event_name_correction,0.885,D-score event 'Brazilian Championships' may match score-sheet event 'Brazilian Event Championships'.,Brazilian Event Championships,2019,Flavia Saraiva,BRA,WAG,senior,UB,,,individual,final,12.433,,WAG,4393,"[{""suggestion_id"": ""suggestion_3cee3940d321b961"", ""suggestion_type"": ""event_name_correction"", ""confidence"": 0.885, ""message"": ""D-score event 'Brazilian Championships' may match score-sheet event 'Brazilian Event Championships'."", ""action"": ""attach_d_score_to_target_result"", ""changes"": {""event_name"": {""from"": ""Brazilian Championships"", ""to"": ""Brazilian Event Championships""}}, ""target_result"": {""event_name"": ""Brazilian Event Championships"", ""year"": 2019, ""athlete_name"": ""Flavia Saraiva"", ""country"": ""BRA"", ""discipline"": ""WAG"", ""category"": ""senior"", ""apparatus"": ""UB"", ""vt_attempt"": null, ""day"": null, ""format"": ""individual"", ""round"": ""final"", ""score"": 12.433, ""D_score"": null, ""vault_attempt_order_uncertain"": false, ""source_sheet"": ""WAG"", ""source_row"": 4393, ""target_id"": ""target_39e68684116e2c24""}}]"
orphan_a4fc95566eb1c910,possible_event_name_mismatch,review,Possible event-name mismatch between the D sheet and the score sheet.,WAG D,3637,Brazilian Championships,2019,Flavia Saraiva,BRA,WAG,senior,VT,1,,individual,final,4.6,True,1,suggestion_366adf1ec7536dbb,event_name_correction,0.885,D-score event 'Brazilian Championships' may match score-sheet event 'Brazilian Event Championships'.,Brazilian Event Championships,2019,Flavia Saraiva,BRA,WAG,senior,VT,1,,individual,final,13.4,,WAG,4393,"[{""suggestion_id"": ""suggestion_366adf1ec7536dbb"", ""suggestion_type"": ""event_name_correction"", ""confidence"": 0.885, ""message"": ""D-score event 'Brazilian Championships' may match score-sheet event 'Brazilian Event Championships'."", ""action"": ""attach_d_score_to_target_result"", ""changes"": {""event_name"": {""from"": ""Brazilian Championships"", ""to"": ""Brazilian Event Championships""}}, ""target_result"": {""event_name"": ""Brazilian Event Championships"", ""year"": 2019, ""athlete_name"": ""Flavia Saraiva"", ""country"": ""BRA"", ""discipline"": ""WAG"", ""category"": ""senior"", ""apparatus"": ""VT"", ""vt_attempt"": 1, ""day"": null, ""format"": ""individual"", ""round"": ""final"", ""score"": 13.4, ""D_score"": null, ""vault_attempt_order_uncertain"": true, ""source_sheet"": ""WAG"", ""source_row"": 4393, ""target_id"": ""target_fefbfd30fbc7a3ae""}}]"
orphan_ffd71a59f938561b,possible_event_name_mismatch,review,Possible event-name mismatch between the D sheet and the score sheet.,WAG D,3640,Brazilian Championships,2019,Flavia Saraiva,BRA,WAG,senior,BB,,,apparatus,final,5.7,False,1,suggestion_a8eb6df2ad14c06c,event_name_correction,0.885,D-score event 'Brazilian Championships' may match score-sheet event 'Brazilian Event Championships'.,Brazilian Event Championships,2019,Flavia Saraiva,BRA,WAG,senior,BB,,,apparatus,final,13.5,,WAG,4394,"[{""suggestion_id"": ""suggestion_a8eb6df2ad14c06c"", ""suggestion_type"": ""event_name_correction"", ""confidence"": 0.885, ""message"": ""D-score event 'Brazilian Championships' may match score-sheet event 'Brazilian Event Championships'."", ""action"": ""attach_d_score_to_target_result"", ""changes"": {""event_name"": {""from"": ""Brazilian Championships"", ""to"": ""Brazilian Event Championships""}}, ""target_result"": {""event_name"": ""Brazilian Event Championships"", ""year"": 2019, ""athlete_name"": ""Flavia Saraiva"", ""country"": ""BRA"", ""discipline"": ""WAG"", ""category"": ""senior"", ""apparatus"": ""BB"", ""vt_attempt"": null, ""day"": null, ""format"": ""apparatus"", ""round"": ""final"", ""score"": 13.5, ""D_score"": null, ""vault_attempt_order_uncertain"": false, ""source_sheet"": ""WAG"", ""source_row"": 4394, ""target_id"": ""target_4e3cf15431954a08""}}]"
orphan_914e66a8db307b18,possible_event_name_mismatch,review,Possible event-name mismatch between the D sheet and the score sheet.,WAG D,3640,Brazilian Championships,2019,Flavia Saraiva,BRA,WAG,senior,UB,,,apparatus,final,5.2,False,1,suggestion_4ba3163d455e7637,event_name_correction,0.885,D-score event 'Brazilian Championships' may match score-sheet event 'Brazilian Event Championships'.,Brazilian Event Championships,2019,Flavia Saraiva,BRA,WAG,senior,UB,,,apparatus,final,13.0,,WAG,4394,"[{""suggestion_id"": ""suggestion_4ba3163d455e7637"", ""suggestion_type"": ""event_name_correction"", ""confidence"": 0.885, ""message"": ""D-score event 'Brazilian Championships' may match score-sheet event 'Brazilian Event Championships'."", ""action"": ""attach_d_score_to_target_result"", ""changes"": {""event_name"": {""from"": ""Brazilian Championships"", ""to"": ""Brazilian Event Championships""}}, ""target_result"": {""event_name"": ""Brazilian Event Championships"", ""year"": 2019, ""athlete_name"": ""Flavia Saraiva"", ""country"": ""BRA"", ""discipline"": ""WAG"", ""category"": ""senior"", ""apparatus"": ""UB"", ""vt_attempt"": null, ""day"": null, ""format"": ""apparatus"", ""round"": ""final"", ""score"": 13.0, ""D_score"": null, ""vault_attempt_order_uncertain"": false, ""source_sheet"": ""WAG"", ""source_row"": 4394, ""target_id"": ""target_bc54e9ebd9dbcee0""}}]"
orphan_167ed65ca0e13cfd,possible_context_mismatch,review,"Possible format, round, or day mismatch.",WAG D,3694,Nordic Junior Championships,2019,Freja Petersen,DEN,WAG,junior,VT,2,,individual,final,4.0,True,1,suggestion_e18b2e6c494e319b,context_correction,0.65,"Same athlete/event/apparatus exists in the score sheet, but format, round, or day is different.",Nordic Junior Championships,2019,Freja Petersen,DEN,WAG,junior,VT,2,,apparatus,final,11.9,3.5,WAG,4449,"[{""suggestion_id"": ""suggestion_e18b2e6c494e319b"", ""suggestion_type"": ""context_correction"", ""confidence"": 0.65, ""message"": ""Same athlete/event/apparatus exists in the score sheet, but format, round, or day is different."", ""action"": ""attach_d_score_to_target_result"", ""changes"": {""format"": {""from"": ""individual"", ""to"": ""apparatus""}, ""round"": {""from"": ""final"", ""to"": ""final""}, ""day"": {""from"": null, ""to"": null}}, ""target_result"": {""event_name"": ""Nordic Junior Championships"", ""year"": 2019, ""athlete_name"": ""Freja Petersen"", ""country"": ""DEN"", ""discipline"": ""WAG"", ""category"": ""junior"", ""apparatus"": ""VT"", ""vt_attempt"": 2, ""day"": null, ""format"": ""apparatus"", ""round"": ""final"", ""score"": 11.9, ""D_score"": 3.5, ""vault_attempt_order_uncertain"": true, ""source_sheet"": ""WAG"", ""source_row"": 4449, ""target_id"": ""target_b14e8496b7acf03c""}}]"
orphan_c3226d757a52301a,missing_final_score_for_context,review,"The athlete/event exists, but not this apparatus/context.",WAG D,3702,Mälar Cup,2019,Freyja Hannesdottir,ISL,WAG,junior,VT,2,,individual,final,3.5,True,0,,,,,,,,,,,,,,,,,,,,[]
orphan_715c48b1bdd4aa65,missing_final_score_for_context,review,"The athlete/event exists, but not this apparatus/context.",WAG D,3721,Indian Championships,2019,G. Divya,IND,WAG,senior,BB,,,individual,final,0.6,False,0,,,,,,,,,,,,,,,,,,,,[]
orphan_bb3703bffc8d3e94,missing_final_score_for_context,review,"The athlete/event exists, but not this apparatus/context.",WAG D,3733,Mälar Cup,2019,Gabriela Chetu,ROU,WAG,junior,VT,2,,individual,final,2.0,True,0,,,,,,,,,,,,,,,,,,,,[]
orphan_2408404b1e3e1f38,possible_event_name_mismatch,review,Possible event-name mismatch between the D sheet and the score sheet.,WAG D,3769,Brazilian Championships,2019,Gabrielly Messias,BRA,WAG,senior,BB,,,individual,final,3.8,False,1,suggestion_3459ed131d936146,event_name_correction,0.885,D-score event 'Brazilian Championships' may match score-sheet event 'Brazilian Event Championships'.,Brazilian Event Championships,2019,Gabrielly Messias,BRA,WAG,senior,BB,,,individual,final,9.933,,WAG,4543,"[{""suggestion_id"": ""suggestion_3459ed131d936146"", ""suggestion_type"": ""event_name_correction"", ""confidence"": 0.885, ""message"": ""D-score event 'Brazilian Championships' may match score-sheet event 'Brazilian Event Championships'."", ""action"": ""attach_d_score_to_target_result"", ""changes"": {""event_name"": {""from"": ""Brazilian Championships"", ""to"": ""Brazilian Event Championships""}}, ""target_result"": {""event_name"": ""Brazilian Event Championships"", ""year"": 2019, ""athlete_name"": ""Gabrielly Messias"", ""country"": ""BRA"", ""discipline"": ""WAG"", ""category"": ""senior"", ""apparatus"": ""BB"", ""vt_attempt"": null, ""day"": null, ""format"": ""individual"", ""round"": ""final"", ""score"": 9.933, ""D_score"": null, ""vault_attempt_order_uncertain"": false, ""source_sheet"": ""WAG"", ""source_row"": 4543, ""target_id"": ""target_43267ca956f04063""}}]"
orphan_f96551db825bda88,athlete_missing_in_score_sheet,review,"The event/apparatus/context exists, but this athlete is missing in the score sheet.",WAG D,3773,1st Italian Serie A,2019,Gaia Nizzetto,ITA,WAG,senior,BB,,,individual,final,4.3,False,0,,,,,,,,,,,,,,,,,,,,[]
orphan_155bdfd2ef47763d,athlete_missing_in_score_sheet,review,"The event/apparatus/context exists, but this athlete is missing in the score sheet.",WAG D,3773,1st Italian Serie A,2019,Gaia Nizzetto,ITA,WAG,senior,FX,,,individual,final,4.1,False,0,,,,,,,,,,,,,,,,,,,,[]
orphan_026f9e17ca20e688,athlete_missing_in_score_sheet,review,"The event/apparatus/context exists, but this athlete is missing in the score sheet.",WAG D,3773,1st Italian Serie A,2019,Gaia Nizzetto,ITA,WAG,senior,VT,1,,individual,final,4.2,True,0,,,,,,,,,,,,,,,,,,,,[]
orphan_7a971e8d241ff43f,athlete_missing_in_score_sheet,review,"The event/apparatus/context exists, but this athlete is missing in the score sheet.",WAG D,3774,2nd Italian Serie A,2019,Gaia Nizzetto,ITA,WAG,senior,FX,,,individual,final,4.3,False,0,,,,,,,,,,,,,,,,,,,,[]
orphan_9bffc100e949d92f,athlete_missing_in_score_sheet,review,"The event/apparatus/context exists, but this athlete is missing in the score sheet.",WAG D,3774,2nd Italian Serie A,2019,Gaia Nizzetto,ITA,WAG,senior,VT,1,,individual,final,4.6,True,0,,,,,,,,,,,,,,,,,,,,[]
orphan_74a24792f6229050,possible_context_mismatch,review,"Possible format, round, or day mismatch.",WAG D,3804,South African Championships,2019,Garcelle Napier,RSA,WAG,junior,VT,2,,individual,final,2.0,True,1,suggestion_7f48cc1478978569,context_correction,0.65,"Same athlete/event/apparatus exists in the score sheet, but format, round, or day is different.",South African Championships,2019,Garcelle Napier,RSA,WAG,junior,VT,2,,apparatus,final,11.9,3.3,WAG,4586,"[{""suggestion_id"": ""suggestion_7f48cc1478978569"", ""suggestion_type"": ""context_correction"", ""confidence"": 0.65, ""message"": ""Same athlete/event/apparatus exists in the score sheet, but format, round, or day is different."", ""action"": ""attach_d_score_to_target_result"", ""changes"": {""format"": {""from"": ""individual"", ""to"": ""apparatus""}, ""round"": {""from"": ""final"", ""to"": ""final""}, ""day"": {""from"": null, ""to"": null}}, ""target_result"": {""event_name"": ""South African Championships"", ""year"": 2019, ""athlete_name"": ""Garcelle Napier"", ""country"": ""RSA"", ""discipline"": ""WAG"", ""category"": ""junior"", ""apparatus"": ""VT"", ""vt_attempt"": 2, ""day"": null, ""format"": ""apparatus"", ""round"": ""final"", ""score"": 11.9, ""D_score"": 3.3, ""vault_attempt_order_uncertain"": true, ""source_sheet"": ""WAG"", ""source_row"": 4586, ""target_id"": ""target_ffc63e65c377eeff""}}]"
orphan_bd204c87e0b84483,athlete_missing_in_score_sheet,review,"The event/apparatus/context exists, but this athlete is missing in the score sheet.",WAG D,3881,1st Italian Serie A,2019,Giorgia Cipolleschi,ITA,WAG,senior,UB,,,individual,final,1.6,False,0,,,,,,,,,,,,,,,,,,,,[]
orphan_91a4ff90632bc348,athlete_missing_in_score_sheet,review,"The event/apparatus/context exists, but this athlete is missing in the score sheet.",WAG D,3881,1st Italian Serie A,2019,Giorgia Cipolleschi,ITA,WAG,senior,VT,1,,individual,final,3.7,True,0,,,,,,,,,,,,,,,,,,,,[]
orphan_1d7e49cb49d6c75a,athlete_missing_in_score_sheet,review,"The event/apparatus/context exists, but this athlete is missing in the score sheet.",WAG D,3882,2nd Italian Serie A,2019,Giorgia Cipolleschi,ITA,WAG,senior,UB,,,individual,final,1.5,False,0,,,,,,,,,,,,,,,,,,,,[]
orphan_9b4c3d34aa173034,athlete_missing_in_score_sheet,review,"The event/apparatus/context exists, but this athlete is missing in the score sheet.",WAG D,3882,2nd Italian Serie A,2019,Giorgia Cipolleschi,ITA,WAG,senior,VT,1,,individual,final,3.7,True,0,,,,,,,,,,,,,,,,,,,,[]
orphan_577e7f1b91bf33b1,athlete_missing_in_score_sheet,review,"The event/apparatus/context exists, but this athlete is missing in the score sheet.",WAG D,3889,2nd Italian Serie A,2019,Giorgia la Civita,ITA,WAG,senior,UB,,,individual,final,2.7,False,0,,,,,,,,,,,,,,,,,,,,[]
orphan_4992478386deb7f8,athlete_missing_in_score_sheet,review,"The event/apparatus/context exists, but this athlete is missing in the score sheet.",WAG D,3890,1st Italian Serie A,2019,Giorgia la Civita,ITA,WAG,senior,UB,,,individual,final,2.2,False,0,,,,,,,,,,,,,,,,,,,,[]
orphan_71f6fc5efd30e108,missing_final_score_for_context,review,"The athlete/event exists, but not this apparatus/context.",WAG D,3925,City of Jesolo Trophy,2019,Giulia Cotroneo,ITA,WAG,junior,VT,2,,individual,final,4.0,True,0,,,,,,,,,,,,,,,,,,,,[]
orphan_4385ee0ccbebf9cf,athlete_missing_in_score_sheet,review,"The event/apparatus/context exists, but this athlete is missing in the score sheet.",WAG D,3935,1st Italian Serie A,2019,Giulia Napolitano,ITA,WAG,senior,BB,,,individual,final,4.3,False,0,,,,,,,,,,,,,,,,,,,,[]
orphan_1685fbd8830ce555,athlete_missing_in_score_sheet,review,"The event/apparatus/context exists, but this athlete is missing in the score sheet.",WAG D,3935,1st Italian Serie A,2019,Giulia Napolitano,ITA,WAG,senior,UB,,,individual,final,1.3,False,0,,,,,,,,,,,,,,,,,,,,[]
orphan_d872c7cb1717ea47,athlete_missing_in_score_sheet,review,"The event/apparatus/context exists, but this athlete is missing in the score sheet.",WAG D,3936,2nd Italian Serie A,2019,Giulia Napolitano,ITA,WAG,senior,BB,,,individual,final,4.1,False,0,,,,,,,,,,,,,,,,,,,,[]
orphan_2ab9aefb92f94cd8,athlete_missing_in_score_sheet,review,"The event/apparatus/context exists, but this athlete is missing in the score sheet.",WAG D,3936,2nd Italian Serie A,2019,Giulia Napolitano,ITA,WAG,senior,UB,,,individual,final,1.4,False,0,,,,,,,,,,,,,,,,,,,,[]
orphan_2e45713a5feb6643,missing_final_score_for_context,review,"The athlete/event exists, but not this apparatus/context.",WAG D,3990,Unni & Haralds Trophy,2019,Grace Mackland,NOR,WAG,junior,VT,2,,individual,final,3.5,True,0,,,,,,,,,,,,,,,,,,,,[]
orphan_c50401989f80ee27,possible_context_mismatch,review,"Possible format, round, or day mismatch.",WAG D,4028,City of Jesolo Trophy,2019,Guan Chenchen,CHN,WAG,junior,VT,2,,individual,final,4.8,True,1,suggestion_5fea9d052e3166d6,context_correction,0.65,"Same athlete/event/apparatus exists in the score sheet, but format, round, or day is different.",City of Jesolo Trophy,2019,Guan Chenchen,CHN,WAG,junior,VT,2,,apparatus,final,13.5,4.8,WAG,4825,"[{""suggestion_id"": ""suggestion_5fea9d052e3166d6"", ""suggestion_type"": ""context_correction"", ""confidence"": 0.65, ""message"": ""Same athlete/event/apparatus exists in the score sheet, but format, round, or day is different."", ""action"": ""attach_d_score_to_target_result"", ""changes"": {""format"": {""from"": ""individual"", ""to"": ""apparatus""}, ""round"": {""from"": ""final"", ""to"": ""final""}, ""day"": {""from"": null, ""to"": null}}, ""target_result"": {""event_name"": ""City of Jesolo Trophy"", ""year"": 2019, ""athlete_name"": ""Guan Chenchen"", ""country"": ""CHN"", ""discipline"": ""WAG"", ""category"": ""junior"", ""apparatus"": ""VT"", ""vt_attempt"": 2, ""day"": null, ""format"": ""apparatus"", ""round"": ""final"", ""score"": 13.5, ""D_score"": 4.8, ""vault_attempt_order_uncertain"": true, ""source_sheet"": ""WAG"", ""source_row"": 4825, ""target_id"": ""target_1cceba76b0700825""}}]"
orphan_44830fc2a4f3ad2e,possible_context_mismatch,review,"Possible format, round, or day mismatch.",WAG D,4065,Dutch Championships,2019,Guusje Majoor,NED,WAG,junior,VT,2,,individual,final,4.0,True,1,suggestion_5f7bc372b9ec7041,context_correction,0.65,"Same athlete/event/apparatus exists in the score sheet, but format, round, or day is different.",Dutch Championships,2019,Guusje Majoor,NED,WAG,junior,VT,2,,apparatus,final,12.9,4.0,WAG,4880,"[{""suggestion_id"": ""suggestion_5f7bc372b9ec7041"", ""suggestion_type"": ""context_correction"", ""confidence"": 0.65, ""message"": ""Same athlete/event/apparatus exists in the score sheet, but format, round, or day is different."", ""action"": ""attach_d_score_to_target_result"", ""changes"": {""format"": {""from"": ""individual"", ""to"": ""apparatus""}, ""round"": {""from"": ""final"", ""to"": ""final""}, ""day"": {""from"": null, ""to"": null}}, ""target_result"": {""event_name"": ""Dutch Championships"", ""year"": 2019, ""athlete_name"": ""Guusje Majoor"", ""country"": ""NED"", ""discipline"": ""WAG"", ""category"": ""junior"", ""apparatus"": ""VT"", ""vt_attempt"": 2, ""day"": null, ""format"": ""apparatus"", ""round"": ""final"", ""score"": 12.9, ""D_score"": 4.0, ""vault_attempt_order_uncertain"": true, ""source_sheet"": ""WAG"", ""source_row"": 4880, ""target_id"": ""target_1c2068c1c9429f56""}}]"
orphan_74d7831b5f3101cf,athlete_missing_in_score_sheet,review,"The event/apparatus/context exists, but this athlete is missing in the score sheet.",WAG D,4183,All-Japan Championships,2019,Hazuki Watanabe,JPN,WAG,senior,BB,,,individual,final,5.6,False,0,,,,,,,,,,,,,,,,,,,,[]
orphan_3d27cb6f47463a05,athlete_missing_in_score_sheet,review,"The event/apparatus/context exists, but this athlete is missing in the score sheet.",WAG D,4183,All-Japan Championships,2019,Hazuki Watanabe,JPN,WAG,senior,FX,,,individual,final,5.3,False,0,,,,,,,,,,,,,,,,,,,,[]
orphan_584e27936fb52907,athlete_missing_in_score_sheet,review,"The event/apparatus/context exists, but this athlete is missing in the score sheet.",WAG D,4183,All-Japan Championships,2019,Hazuki Watanabe,JPN,WAG,senior,UB,,,individual,final,4.9,False,0,,,,,,,,,,,,,,,,,,,,[]
orphan_e270f388c281af41,athlete_missing_in_score_sheet,review,"The event/apparatus/context exists, but this athlete is missing in the score sheet.",WAG D,4183,All-Japan Championships,2019,Hazuki Watanabe,JPN,WAG,senior,VT,1,,individual,final,4.8,True,0,,,,,,,,,,,,,,,,,,,,[]
orphan_7c64e4224a3d4a32,athlete_missing_in_score_sheet,review,"The event/apparatus/context exists, but this athlete is missing in the score sheet.",WAG D,4184,All-Japan Championships,2019,Hazuki Watanabe,JPN,WAG,senior,BB,,,individual,qualification,5.6,False,0,,,,,,,,,,,,,,,,,,,,[]
orphan_ac27c63768653b08,athlete_missing_in_score_sheet,review,"The event/apparatus/context exists, but this athlete is missing in the score sheet.",WAG D,4184,All-Japan Championships,2019,Hazuki Watanabe,JPN,WAG,senior,FX,,,individual,qualification,5.2,False,0,,,,,,,,,,,,,,,,,,,,[]
orphan_f68d91a65876036e,athlete_missing_in_score_sheet,review,"The event/apparatus/context exists, but this athlete is missing in the score sheet.",WAG D,4184,All-Japan Championships,2019,Hazuki Watanabe,JPN,WAG,senior,UB,,,individual,qualification,4.9,False,0,,,,,,,,,,,,,,,,,,,,[]
orphan_378be5f78c8db399,athlete_missing_in_score_sheet,review,"The event/apparatus/context exists, but this athlete is missing in the score sheet.",WAG D,4184,All-Japan Championships,2019,Hazuki Watanabe,JPN,WAG,senior,VT,1,,individual,qualification,4.8,True,0,,,,,,,,,,,,,,,,,,,,[]
orphan_e82ad5bb00ef30a4,missing_final_score_for_context,review,"The athlete/event exists, but not this apparatus/context.",WAG D,4187,City of Jesolo Trophy,2019,Hazuki Watanabe,JPN,WAG,junior,VT,2,,individual,final,4.4,True,0,,,,,,,,,,,,,,,,,,,,[]
orphan_1d9d0acb867d6eb4,athlete_missing_in_score_sheet,review,"The event/apparatus/context exists, but this athlete is missing in the score sheet.",WAG D,4189,Chinese Championships,2019,He Licheng,CHN,WAG,senior,BB,,,individual,final,5.7,False,0,,,,,,,,,,,,,,,,,,,,[]
orphan_34e795f6b161a85f,athlete_missing_in_score_sheet,review,"The event/apparatus/context exists, but this athlete is missing in the score sheet.",WAG D,4189,Chinese Championships,2019,He Licheng,CHN,WAG,senior,FX,,,individual,final,4.8,False,0,,,,,,,,,,,,,,,,,,,,[]
orphan_47ce2f0a48d819f2,athlete_missing_in_score_sheet,review,"The event/apparatus/context exists, but this athlete is missing in the score sheet.",WAG D,4189,Chinese Championships,2019,He Licheng,CHN,WAG,senior,UB,,,individual,final,5.3,False,0,,,,,,,,,,,,,,,,,,,,[]
orphan_1ea1c971e09fc8c1,athlete_missing_in_score_sheet,review,"The event/apparatus/context exists, but this athlete is missing in the score sheet.",WAG D,4189,Chinese Championships,2019,He Licheng,CHN,WAG,senior,VT,1,,individual,final,4.8,True,0,,,,,,,,,,,,,,,,,,,,[]
orphan_98abc644000ffd45,athlete_missing_in_score_sheet,review,"The event/apparatus/context exists, but this athlete is missing in the score sheet.",WAG D,4190,Chinese Championships,2019,He Licheng,CHN,WAG,senior,BB,,,individual,qualification,5.6,False,0,,,,,,,,,,,,,,,,,,,,[]
orphan_bed01a8a2bd72e05,athlete_missing_in_score_sheet,review,"The event/apparatus/context exists, but this athlete is missing in the score sheet.",WAG D,4190,Chinese Championships,2019,He Licheng,CHN,WAG,senior,FX,,,individual,qualification,4.8,False,0,,,,,,,,,,,,,,,,,,,,[]
orphan_eb889a532551d68a,athlete_missing_in_score_sheet,review,"The event/apparatus/context exists, but this athlete is missing in the score sheet.",WAG D,4190,Chinese Championships,2019,He Licheng,CHN,WAG,senior,UB,,,individual,qualification,5.3,False,0,,,,,,,,,,,,,,,,,,,,[]
orphan_2f08a0695a35a0cb,missing_final_score_for_context,review,"The athlete/event exists, but not this apparatus/context.",WAG D,4229,Belgian Championships,2019,Helena Hanssens,BEL,WAG,junior,UB,,,individual,final,1.3,False,0,,,,,,,,,,,,,,,,,,,,[]
orphan_4cb0d007cc6e97f3,missing_final_score_for_context,review,"The athlete/event exists, but not this apparatus/context.",WAG D,4252,Nordic Junior Championships,2019,Hera Gunnarsdottir,ISL,WAG,junior,VT,2,,individual,final,3.5,True,0,,,,,,,,,,,,,,,,,,,,[]
orphan_7fa66089bff5ea1e,missing_final_score_for_context,review,"The athlete/event exists, but not this apparatus/context.",WAG D,4262,Nordic Junior Championships,2019,Hildur Gudmundsdottir,ISL,WAG,junior,VT,2,,individual,final,3.5,True,0,,,,,,,,,,,,,,,,,,,,[]
orphan_b0f82bf7485c5096,missing_final_score_for_context,review,"The athlete/event exists, but not this apparatus/context.",WAG D,4292,English Championships,2019,Holly Curran,GBR,WAG,senior,UB,,,individual,final,4.5,False,0,,,,,,,,,,,,,,,,,,,,[]
orphan_154b53b41ba33344,missing_final_score_for_context,review,"The athlete/event exists, but not this apparatus/context.",WAG D,4372,Mälar Cup,2019,Iina Ruuskanen,FIN,WAG,junior,VT,2,,individual,final,2.4,True,0,,,,,,,,,,,,,,,,,,,,[]
orphan_98f495ef0d81af45,missing_final_score_for_context,review,"The athlete/event exists, but not this apparatus/context.",WAG D,4400,Nordic Junior Championships,2019,Ilona Kossila,FIN,WAG,junior,VT,2,,individual,final,3.5,True,0,,,,,,,,,,,,,,,,,,,,[]
orphan_f825365d2959eafa,missing_final_score_for_context,review,"The athlete/event exists, but not this apparatus/context.",WAG D,4403,Mälar Cup,2019,Ilona Kossila,FIN,WAG,junior,VT,2,,individual,final,3.3,True,0,,,,,,,,,,,,,,,,,,,,[]
orphan_ef558d94cf47d70f,missing_final_score_for_context,review,"The athlete/event exists, but not this apparatus/context.",WAG D,4442,Norwegian Championships,2019,Ingrid Dystvold,NOR,WAG,senior,VT,2,,individual,final,4.0,True,0,,,,,,,,,,,,,,,,,,,,[]
orphan_cad36cc7a302fd35,possible_context_mismatch,review,"Possible format, round, or day mismatch.",WAG D,4455,GymStars International,2019,Ingrid Suominen,FIN,WAG,senior,VT,2,,individual,final,3.7,True,1,suggestion_2e5c0b84f2dcf74a,context_correction,0.65,"Same athlete/event/apparatus exists in the score sheet, but format, round, or day is different.",GymStars International,2019,Ingrid Suominen,FIN,WAG,senior,VT,2,,apparatus,final,11.334,3.7,WAG,5352,"[{""suggestion_id"": ""suggestion_2e5c0b84f2dcf74a"", ""suggestion_type"": ""context_correction"", ""confidence"": 0.65, ""message"": ""Same athlete/event/apparatus exists in the score sheet, but format, round, or day is different."", ""action"": ""attach_d_score_to_target_result"", ""changes"": {""format"": {""from"": ""individual"", ""to"": ""apparatus""}, ""round"": {""from"": ""final"", ""to"": ""final""}, ""day"": {""from"": null, ""to"": null}}, ""target_result"": {""event_name"": ""GymStars International"", ""year"": 2019, ""athlete_name"": ""Ingrid Suominen"", ""country"": ""FIN"", ""discipline"": ""WAG"", ""category"": ""senior"", ""apparatus"": ""VT"", ""vt_attempt"": 2, ""day"": null, ""format"": ""apparatus"", ""round"": ""final"", ""score"": 11.334, ""D_score"": 3.7, ""vault_attempt_order_uncertain"": true, ""source_sheet"": ""WAG"", ""source_row"": 5352, ""target_id"": ""target_059d2f7f031a987a""}}]"
orphan_ba230c05898aed33,missing_final_score_for_context,review,"The athlete/event exists, but not this apparatus/context.",WAG D,4463,GymStars International,2019,Inka Mäkinen,FIN,WAG,senior,VT,2,,individual,final,3.7,True,0,,,,,,,,,,,,,,,,,,,,[]
orphan_89b72cc10afb20da,missing_final_score_for_context,review,"The athlete/event exists, but not this apparatus/context.",WAG D,4482,Romanian Junior Championships,2019,Ioana Stanciulescu,ROU,WAG,junior,VT,2,,individual,final,5.4,True,0,,,,,,,,,,,,,,,,,,,,[]
orphan_e90d02ab521b197f,athlete_missing_in_score_sheet,review,"The event/apparatus/context exists, but this athlete is missing in the score sheet.",WAG D,4507,1st Italian Serie A,2019,Irene Malerba,ITA,WAG,senior,FX,,,individual,final,4.4,False,0,,,,,,,,,,,,,,,,,,,,[]
orphan_9eaa9e7ae90755f2,athlete_missing_in_score_sheet,review,"The event/apparatus/context exists, but this athlete is missing in the score sheet.",WAG D,4507,1st Italian Serie A,2019,Irene Malerba,ITA,WAG,senior,UB,,,individual,final,2.2,False,0,,,,,,,,,,,,,,,,,,,,[]
orphan_73137a33214f36d3,athlete_missing_in_score_sheet,review,"The event/apparatus/context exists, but this athlete is missing in the score sheet.",WAG D,4507,1st Italian Serie A,2019,Irene Malerba,ITA,WAG,senior,VT,1,,individual,final,3.7,True,0,,,,,,,,,,,,,,,,,,,,[]
orphan_a37d85b913761536,athlete_missing_in_score_sheet,review,"The event/apparatus/context exists, but this athlete is missing in the score sheet.",WAG D,4508,2nd Italian Serie A,2019,Irene Malerba,ITA,WAG,senior,UB,,,individual,final,2.2,False,0,,,,,,,,,,,,,,,,,,,,[]
orphan_febe8c795221c3bd,athlete_missing_in_score_sheet,review,"The event/apparatus/context exists, but this athlete is missing in the score sheet.",WAG D,4508,2nd Italian Serie A,2019,Irene Malerba,ITA,WAG,senior,VT,1,,individual,final,3.7,True,0,,,,,,,,,,,,,,,,,,,,[]
orphan_39cf04f10b2a4104,possible_context_mismatch,review,"Possible format, round, or day mismatch.",WAG D,4534,Dutch Championships,2019,Isa Buiting,NED,WAG,junior,VT,2,,individual,final,3.9,True,1,suggestion_6191e3d21d5ff3b1,context_correction,0.65,"Same athlete/event/apparatus exists in the score sheet, but format, round, or day is different.",Dutch Championships,2019,Isa Buiting,NED,WAG,junior,VT,2,,apparatus,final,12.7,3.9,WAG,5473,"[{""suggestion_id"": ""suggestion_6191e3d21d5ff3b1"", ""suggestion_type"": ""context_correction"", ""confidence"": 0.65, ""message"": ""Same athlete/event/apparatus exists in the score sheet, but format, round, or day is different."", ""action"": ""attach_d_score_to_target_result"", ""changes"": {""format"": {""from"": ""individual"", ""to"": ""apparatus""}, ""round"": {""from"": ""final"", ""to"": ""final""}, ""day"": {""from"": null, ""to"": null}}, ""target_result"": {""event_name"": ""Dutch Championships"", ""year"": 2019, ""athlete_name"": ""Isa Buiting"", ""country"": ""NED"", ""discipline"": ""WAG"", ""category"": ""junior"", ""apparatus"": ""VT"", ""vt_attempt"": 2, ""day"": null, ""format"": ""apparatus"", ""round"": ""final"", ""score"": 12.7, ""D_score"": 3.9, ""vault_attempt_order_uncertain"": true, ""source_sheet"": ""WAG"", ""source_row"": 5473, ""target_id"": ""target_22da48b3b3f12123""}}]"
orphan_43a515c00fa6a180,possible_event_name_mismatch,review,Possible event-name mismatch between the D sheet and the score sheet.,WAG D,4541,Brazilian Championships,2019,Isabel Barbosa,BRA,WAG,senior,BB,,,apparatus,final,5.3,False,1,suggestion_61b29cbdf9ded94f,event_name_correction,0.885,D-score event 'Brazilian Championships' may match score-sheet event 'Brazilian Event Championships'.,Brazilian Event Championships,2019,Isabel Barbosa,BRA,WAG,senior,BB,,,apparatus,final,11.4,,WAG,5478,"[{""suggestion_id"": ""suggestion_61b29cbdf9ded94f"", ""suggestion_type"": ""event_name_correction"", ""confidence"": 0.885, ""message"": ""D-score event 'Brazilian Championships' may match score-sheet event 'Brazilian Event Championships'."", ""action"": ""attach_d_score_to_target_result"", ""changes"": {""event_name"": {""from"": ""Brazilian Championships"", ""to"": ""Brazilian Event Championships""}}, ""target_result"": {""event_name"": ""Brazilian Event Championships"", ""year"": 2019, ""athlete_name"": ""Isabel Barbosa"", ""country"": ""BRA"", ""discipline"": ""WAG"", ""category"": ""senior"", ""apparatus"": ""BB"", ""vt_attempt"": null, ""day"": null, ""format"": ""apparatus"", ""round"": ""final"", ""score"": 11.4, ""D_score"": null, ""vault_attempt_order_uncertain"": false, ""source_sheet"": ""WAG"", ""source_row"": 5478, ""target_id"": ""target_b799b7a6209c35d6""}}]"
orphan_b76dcf74d262ca20,possible_event_name_mismatch,review,Possible event-name mismatch between the D sheet and the score sheet.,WAG D,4541,Brazilian Championships,2019,Isabel Barbosa,BRA,WAG,senior,FX,,,apparatus,final,5.1,False,1,suggestion_4eb688b05f1096cd,event_name_correction,0.885,D-score event 'Brazilian Championships' may match score-sheet event 'Brazilian Event Championships'.,Brazilian Event Championships,2019,Isabel Barbosa,BRA,WAG,senior,FX,,,apparatus,final,13.2,,WAG,5478,"[{""suggestion_id"": ""suggestion_4eb688b05f1096cd"", ""suggestion_type"": ""event_name_correction"", ""confidence"": 0.885, ""message"": ""D-score event 'Brazilian Championships' may match score-sheet event 'Brazilian Event Championships'."", ""action"": ""attach_d_score_to_target_result"", ""changes"": {""event_name"": {""from"": ""Brazilian Championships"", ""to"": ""Brazilian Event Championships""}}, ""target_result"": {""event_name"": ""Brazilian Event Championships"", ""year"": 2019, ""athlete_name"": ""Isabel Barbosa"", ""country"": ""BRA"", ""discipline"": ""WAG"", ""category"": ""senior"", ""apparatus"": ""FX"", ""vt_attempt"": null, ""day"": null, ""format"": ""apparatus"", ""round"": ""final"", ""score"": 13.2, ""D_score"": null, ""vault_attempt_order_uncertain"": false, ""source_sheet"": ""WAG"", ""source_row"": 5478, ""target_id"": ""target_3aceefd1669eb991""}}]"
orphan_049681ffaf8aa8ee,possible_event_name_mismatch,review,Possible event-name mismatch between the D sheet and the score sheet.,WAG D,4542,Brazilian Championships,2019,Isabel Barbosa,BRA,WAG,senior,BB,,,individual,final,5.2,False,1,suggestion_cc532e3ced61e22c,event_name_correction,0.885,D-score event 'Brazilian Championships' may match score-sheet event 'Brazilian Event Championships'.,Brazilian Event Championships,2019,Isabel Barbosa,BRA,WAG,senior,BB,,,individual,final,12.767,,WAG,5479,"[{""suggestion_id"": ""suggestion_cc532e3ced61e22c"", ""suggestion_type"": ""event_name_correction"", ""confidence"": 0.885, ""message"": ""D-score event 'Brazilian Championships' may match score-sheet event 'Brazilian Event Championships'."", ""action"": ""attach_d_score_to_target_result"", ""changes"": {""event_name"": {""from"": ""Brazilian Championships"", ""to"": ""Brazilian Event Championships""}}, ""target_result"": {""event_name"": ""Brazilian Event Championships"", ""year"": 2019, ""athlete_name"": ""Isabel Barbosa"", ""country"": ""BRA"", ""discipline"": ""WAG"", ""category"": ""senior"", ""apparatus"": ""BB"", ""vt_attempt"": null, ""day"": null, ""format"": ""individual"", ""round"": ""final"", ""score"": 12.767, ""D_score"": null, ""vault_attempt_order_uncertain"": false, ""source_sheet"": ""WAG"", ""source_row"": 5479, ""target_id"": ""target_ce3816f688616173""}}]"
orphan_8a15096c7d8ffba8,possible_event_name_mismatch,review,Possible event-name mismatch between the D sheet and the score sheet.,WAG D,4542,Brazilian Championships,2019,Isabel Barbosa,BRA,WAG,senior,FX,,,individual,final,5.1,False,1,suggestion_0263e1e4a5df743d,event_name_correction,0.885,D-score event 'Brazilian Championships' may match score-sheet event 'Brazilian Event Championships'.,Brazilian Event Championships,2019,Isabel Barbosa,BRA,WAG,senior,FX,,,individual,final,12.433,,WAG,5479,"[{""suggestion_id"": ""suggestion_0263e1e4a5df743d"", ""suggestion_type"": ""event_name_correction"", ""confidence"": 0.885, ""message"": ""D-score event 'Brazilian Championships' may match score-sheet event 'Brazilian Event Championships'."", ""action"": ""attach_d_score_to_target_result"", ""changes"": {""event_name"": {""from"": ""Brazilian Championships"", ""to"": ""Brazilian Event Championships""}}, ""target_result"": {""event_name"": ""Brazilian Event Championships"", ""year"": 2019, ""athlete_name"": ""Isabel Barbosa"", ""country"": ""BRA"", ""discipline"": ""WAG"", ""category"": ""senior"", ""apparatus"": ""FX"", ""vt_attempt"": null, ""day"": null, ""format"": ""individual"", ""round"": ""final"", ""score"": 12.433, ""D_score"": null, ""vault_attempt_order_uncertain"": false, ""source_sheet"": ""WAG"", ""source_row"": 5479, ""target_id"": ""target_41e3224d29cf9709""}}]"
orphan_f628cd474f7a69bd,possible_event_name_mismatch,review,Possible event-name mismatch between the D sheet and the score sheet.,WAG D,4542,Brazilian Championships,2019,Isabel Barbosa,BRA,WAG,senior,UB,,,individual,final,4.7,False,1,suggestion_57b9507152eae7ad,event_name_correction,0.885,D-score event 'Brazilian Championships' may match score-sheet event 'Brazilian Event Championships'.,Brazilian Event Championships,2019,Isabel Barbosa,BRA,WAG,senior,UB,,,individual,final,10.933,,WAG,5479,"[{""suggestion_id"": ""suggestion_57b9507152eae7ad"", ""suggestion_type"": ""event_name_correction"", ""confidence"": 0.885, ""message"": ""D-score event 'Brazilian Championships' may match score-sheet event 'Brazilian Event Championships'."", ""action"": ""attach_d_score_to_target_result"", ""changes"": {""event_name"": {""from"": ""Brazilian Championships"", ""to"": ""Brazilian Event Championships""}}, ""target_result"": {""event_name"": ""Brazilian Event Championships"", ""year"": 2019, ""athlete_name"": ""Isabel Barbosa"", ""country"": ""BRA"", ""discipline"": ""WAG"", ""category"": ""senior"", ""apparatus"": ""UB"", ""vt_attempt"": null, ""day"": null, ""format"": ""individual"", ""round"": ""final"", ""score"": 10.933, ""D_score"": null, ""vault_attempt_order_uncertain"": false, ""source_sheet"": ""WAG"", ""source_row"": 5479, ""target_id"": ""target_e3eb242b4e1b6fac""}}]"
orphan_deecf7cddfbb005a,possible_event_name_mismatch,review,Possible event-name mismatch between the D sheet and the score sheet.,WAG D,4542,Brazilian Championships,2019,Isabel Barbosa,BRA,WAG,senior,VT,1,,individual,final,4.6,True,1,suggestion_e018ebd689b235d2,event_name_correction,0.885,D-score event 'Brazilian Championships' may match score-sheet event 'Brazilian Event Championships'.,Brazilian Event Championships,2019,Isabel Barbosa,BRA,WAG,senior,VT,1,,individual,final,13.3,,WAG,5479,"[{""suggestion_id"": ""suggestion_e018ebd689b235d2"", ""suggestion_type"": ""event_name_correction"", ""confidence"": 0.885, ""message"": ""D-score event 'Brazilian Championships' may match score-sheet event 'Brazilian Event Championships'."", ""action"": ""attach_d_score_to_target_result"", ""changes"": {""event_name"": {""from"": ""Brazilian Championships"", ""to"": ""Brazilian Event Championships""}}, ""target_result"": {""event_name"": ""Brazilian Event Championships"", ""year"": 2019, ""athlete_name"": ""Isabel Barbosa"", ""country"": ""BRA"", ""discipline"": ""WAG"", ""category"": ""senior"", ""apparatus"": ""VT"", ""vt_attempt"": 1, ""day"": null, ""format"": ""individual"", ""round"": ""final"", ""score"": 13.3, ""D_score"": null, ""vault_attempt_order_uncertain"": true, ""source_sheet"": ""WAG"", ""source_row"": 5479, ""target_id"": ""target_11018d70dd60e899""}}]"
orphan_9e874b4c672d9774,athlete_missing_in_score_sheet,review,"The event/apparatus/context exists, but this athlete is missing in the score sheet.",WAG D,4553,Buckeye National Qualifier,2019,Isabel Stassi,USA,WAG,junior,BB,,,individual,final,4.6,False,0,,,,,,,,,,,,,,,,,,,,[]
orphan_4c1b2db29da60441,athlete_missing_in_score_sheet,review,"The event/apparatus/context exists, but this athlete is missing in the score sheet.",WAG D,4553,Buckeye National Qualifier,2019,Isabel Stassi,USA,WAG,junior,FX,,,individual,final,4.0,False,0,,,,,,,,,,,,,,,,,,,,[]
orphan_6e8ff9d244ebf170,athlete_missing_in_score_sheet,review,"The event/apparatus/context exists, but this athlete is missing in the score sheet.",WAG D,4553,Buckeye National Qualifier,2019,Isabel Stassi,USA,WAG,junior,UB,,,individual,final,4.1,False,0,,,,,,,,,,,,,,,,,,,,[]
orphan_2f02774170108084,athlete_missing_in_score_sheet,review,"The event/apparatus/context exists, but this athlete is missing in the score sheet.",WAG D,4553,Buckeye National Qualifier,2019,Isabel Stassi,USA,WAG,junior,VT,1,,individual,final,3.5,True,0,,,,,,,,,,,,,,,,,,,,[]
orphan_04d85452efd89bd4,athlete_missing_in_score_sheet,review,"The event/apparatus/context exists, but this athlete is missing in the score sheet.",WAG D,4554,World Champion's National Qualifier,2019,Isabel Stassi,USA,WAG,junior,BB,,,individual,final,4.6,False,0,,,,,,,,,,,,,,,,,,,,[]
orphan_0c5d355f1a48d001,athlete_missing_in_score_sheet,review,"The event/apparatus/context exists, but this athlete is missing in the score sheet.",WAG D,4554,World Champion's National Qualifier,2019,Isabel Stassi,USA,WAG,junior,FX,,,individual,final,3.7,False,0,,,,,,,,,,,,,,,,,,,,[]
orphan_ad6bd3e09c5b6e6f,athlete_missing_in_score_sheet,review,"The event/apparatus/context exists, but this athlete is missing in the score sheet.",WAG D,4554,World Champion's National Qualifier,2019,Isabel Stassi,USA,WAG,junior,UB,,,individual,final,4.1,False,0,,,,,,,,,,,,,,,,,,,,[]
orphan_8712147f65b04323,athlete_missing_in_score_sheet,review,"The event/apparatus/context exists, but this athlete is missing in the score sheet.",WAG D,4554,World Champion's National Qualifier,2019,Isabel Stassi,USA,WAG,junior,VT,1,,individual,final,4.6,True,0,,,,,,,,,,,,,,,,,,,,[]
orphan_9e98442671357301,possible_context_mismatch,review,"Possible format, round, or day mismatch.",WAG D,4578,South African Championships,2019,Isabella Böttger,RSA,WAG,junior,VT,2,,individual,final,3.7,True,1,suggestion_9b59f2a2ccf3ff4d,context_correction,0.65,"Same athlete/event/apparatus exists in the score sheet, but format, round, or day is different.",South African Championships,2019,Isabella Böttger,RSA,WAG,junior,VT,2,,apparatus,final,11.25,2.0,WAG,5515,"[{""suggestion_id"": ""suggestion_9b59f2a2ccf3ff4d"", ""suggestion_type"": ""context_correction"", ""confidence"": 0.65, ""message"": ""Same athlete/event/apparatus exists in the score sheet, but format, round, or day is different."", ""action"": ""attach_d_score_to_target_result"", ""changes"": {""format"": {""from"": ""individual"", ""to"": ""apparatus""}, ""round"": {""from"": ""final"", ""to"": ""final""}, ""day"": {""from"": null, ""to"": null}}, ""target_result"": {""event_name"": ""South African Championships"", ""year"": 2019, ""athlete_name"": ""Isabella Böttger"", ""country"": ""RSA"", ""discipline"": ""WAG"", ""category"": ""junior"", ""apparatus"": ""VT"", ""vt_attempt"": 2, ""day"": null, ""format"": ""apparatus"", ""round"": ""final"", ""score"": 11.25, ""D_score"": 2.0, ""vault_attempt_order_uncertain"": true, ""source_sheet"": ""WAG"", ""source_row"": 5515, ""target_id"": ""target_4df07267e6a1099a""}}]"
orphan_dfc230f004f1b058,athlete_missing_in_score_sheet,review,"The event/apparatus/context exists, but this athlete is missing in the score sheet.",WAG D,4587,2nd Italian Serie A,2019,Isabella Jorio,ITA,WAG,senior,BB,,,individual,final,1.1,False,0,,,,,,,,,,,,,,,,,,,,[]
orphan_83c3bcd097da23f7,athlete_missing_in_score_sheet,review,"The event/apparatus/context exists, but this athlete is missing in the score sheet.",WAG D,4587,2nd Italian Serie A,2019,Isabella Jorio,ITA,WAG,senior,UB,,,individual,final,2.7,False,0,,,,,,,,,,,,,,,,,,,,[]
orphan_b998b4f2782d913b,possible_event_name_mismatch,review,Possible event-name mismatch between the D sheet and the score sheet.,WAG D,4681,Brazilian Championships,2019,Jade Barbosa,BRA,WAG,senior,BB,,,individual,final,5.3,False,1,suggestion_9b0e0ba26d81703e,event_name_correction,0.885,D-score event 'Brazilian Championships' may match score-sheet event 'Brazilian Event Championships'.,Brazilian Event Championships,2019,Jade Barbosa,BRA,WAG,senior,BB,,,individual,final,11.833,,WAG,5637,"[{""suggestion_id"": ""suggestion_9b0e0ba26d81703e"", ""suggestion_type"": ""event_name_correction"", ""confidence"": 0.885, ""message"": ""D-score event 'Brazilian Championships' may match score-sheet event 'Brazilian Event Championships'."", ""action"": ""attach_d_score_to_target_result"", ""changes"": {""event_name"": {""from"": ""Brazilian Championships"", ""to"": ""Brazilian Event Championships""}}, ""target_result"": {""event_name"": ""Brazilian Event Championships"", ""year"": 2019, ""athlete_name"": ""Jade Barbosa"", ""country"": ""BRA"", ""discipline"": ""WAG"", ""category"": ""senior"", ""apparatus"": ""BB"", ""vt_attempt"": null, ""day"": null, ""format"": ""individual"", ""round"": ""final"", ""score"": 11.833, ""D_score"": null, ""vault_attempt_order_uncertain"": false, ""source_sheet"": ""WAG"", ""source_row"": 5637, ""target_id"": ""target_f1b1b7988f2ef007""}}]"
orphan_2f964239c5f1fd70,possible_event_name_mismatch,review,Possible event-name mismatch between the D sheet and the score sheet.,WAG D,4681,Brazilian Championships,2019,Jade Barbosa,BRA,WAG,senior,FX,,,individual,final,5.2,False,1,suggestion_a5bb576d0d2a5aec,event_name_correction,0.885,D-score event 'Brazilian Championships' may match score-sheet event 'Brazilian Event Championships'.,Brazilian Event Championships,2019,Jade Barbosa,BRA,WAG,senior,FX,,,individual,final,12.6,,WAG,5637,"[{""suggestion_id"": ""suggestion_a5bb576d0d2a5aec"", ""suggestion_type"": ""event_name_correction"", ""confidence"": 0.885, ""message"": ""D-score event 'Brazilian Championships' may match score-sheet event 'Brazilian Event Championships'."", ""action"": ""attach_d_score_to_target_result"", ""changes"": {""event_name"": {""from"": ""Brazilian Championships"", ""to"": ""Brazilian Event Championships""}}, ""target_result"": {""event_name"": ""Brazilian Event Championships"", ""year"": 2019, ""athlete_name"": ""Jade Barbosa"", ""country"": ""BRA"", ""discipline"": ""WAG"", ""category"": ""senior"", ""apparatus"": ""FX"", ""vt_attempt"": null, ""day"": null, ""format"": ""individual"", ""round"": ""final"", ""score"": 12.6, ""D_score"": null, ""vault_attempt_order_uncertain"": false, ""source_sheet"": ""WAG"", ""source_row"": 5637, ""target_id"": ""target_ecfac8eb9005c61e""}}]"
orphan_a1418da00b101198,possible_event_name_mismatch,review,Possible event-name mismatch between the D sheet and the score sheet.,WAG D,4681,Brazilian Championships,2019,Jade Barbosa,BRA,WAG,senior,UB,,,individual,final,5.8,False,1,suggestion_ee43f725307cb43e,event_name_correction,0.885,D-score event 'Brazilian Championships' may match score-sheet event 'Brazilian Event Championships'.,Brazilian Event Championships,2019,Jade Barbosa,BRA,WAG,senior,UB,,,individual,final,13.1,,WAG,5637,"[{""suggestion_id"": ""suggestion_ee43f725307cb43e"", ""suggestion_type"": ""event_name_correction"", ""confidence"": 0.885, ""message"": ""D-score event 'Brazilian Championships' may match score-sheet event 'Brazilian Event Championships'."", ""action"": ""attach_d_score_to_target_result"", ""changes"": {""event_name"": {""from"": ""Brazilian Championships"", ""to"": ""Brazilian Event Championships""}}, ""target_result"": {""event_name"": ""Brazilian Event Championships"", ""year"": 2019, ""athlete_name"": ""Jade Barbosa"", ""country"": ""BRA"", ""discipline"": ""WAG"", ""category"": ""senior"", ""apparatus"": ""UB"", ""vt_attempt"": null, ""day"": null, ""format"": ""individual"", ""round"": ""final"", ""score"": 13.1, ""D_score"": null, ""vault_attempt_order_uncertain"": false, ""source_sheet"": ""WAG"", ""source_row"": 5637, ""target_id"": ""target_6b346a7deb534ab6""}}]"
orphan_af5e3705a2772f12,possible_event_name_mismatch,review,Possible event-name mismatch between the D sheet and the score sheet.,WAG D,4681,Brazilian Championships,2019,Jade Barbosa,BRA,WAG,senior,VT,1,,individual,final,5.4,True,1,suggestion_6f8394bf28b68b0a,event_name_correction,0.885,D-score event 'Brazilian Championships' may match score-sheet event 'Brazilian Event Championships'.,Brazilian Event Championships,2019,Jade Barbosa,BRA,WAG,senior,VT,1,,individual,final,14.233,,WAG,5637,"[{""suggestion_id"": ""suggestion_6f8394bf28b68b0a"", ""suggestion_type"": ""event_name_correction"", ""confidence"": 0.885, ""message"": ""D-score event 'Brazilian Championships' may match score-sheet event 'Brazilian Event Championships'."", ""action"": ""attach_d_score_to_target_result"", ""changes"": {""event_name"": {""from"": ""Brazilian Championships"", ""to"": ""Brazilian Event Championships""}}, ""target_result"": {""event_name"": ""Brazilian Event Championships"", ""year"": 2019, ""athlete_name"": ""Jade Barbosa"", ""country"": ""BRA"", ""discipline"": ""WAG"", ""category"": ""senior"", ""apparatus"": ""VT"", ""vt_attempt"": 1, ""day"": null, ""format"": ""individual"", ""round"": ""final"", ""score"": 14.233, ""D_score"": null, ""vault_attempt_order_uncertain"": true, ""source_sheet"": ""WAG"", ""source_row"": 5637, ""target_id"": ""target_8c4754dc4ec49b52""}}]"
orphan_b7712cc354c1122c,possible_event_name_mismatch,review,Possible event-name mismatch between the D sheet and the score sheet.,WAG D,4682,Brazilian Championships,2019,Jade Barbosa,BRA,WAG,senior,FX,,,apparatus,final,5.5,False,1,suggestion_ef8eddc617c288f9,event_name_correction,0.885,D-score event 'Brazilian Championships' may match score-sheet event 'Brazilian Event Championships'.,Brazilian Event Championships,2019,Jade Barbosa,BRA,WAG,senior,FX,,,apparatus,final,13.733,,WAG,5636,"[{""suggestion_id"": ""suggestion_ef8eddc617c288f9"", ""suggestion_type"": ""event_name_correction"", ""confidence"": 0.885, ""message"": ""D-score event 'Brazilian Championships' may match score-sheet event 'Brazilian Event Championships'."", ""action"": ""attach_d_score_to_target_result"", ""changes"": {""event_name"": {""from"": ""Brazilian Championships"", ""to"": ""Brazilian Event Championships""}}, ""target_result"": {""event_name"": ""Brazilian Event Championships"", ""year"": 2019, ""athlete_name"": ""Jade Barbosa"", ""country"": ""BRA"", ""discipline"": ""WAG"", ""category"": ""senior"", ""apparatus"": ""FX"", ""vt_attempt"": null, ""day"": null, ""format"": ""apparatus"", ""round"": ""final"", ""score"": 13.733, ""D_score"": null, ""vault_attempt_order_uncertain"": false, ""source_sheet"": ""WAG"", ""source_row"": 5636, ""target_id"": ""target_afff8e34986bf08c""}}]"
orphan_849fdf3fa73ef0ce,possible_event_name_mismatch,review,Possible event-name mismatch between the D sheet and the score sheet.,WAG D,4682,Brazilian Championships,2019,Jade Barbosa,BRA,WAG,senior,UB,,,apparatus,final,5.6,False,1,suggestion_01aa02b629b9d218,event_name_correction,0.885,D-score event 'Brazilian Championships' may match score-sheet event 'Brazilian Event Championships'.,Brazilian Event Championships,2019,Jade Barbosa,BRA,WAG,senior,UB,,,apparatus,final,12.733,,WAG,5636,"[{""suggestion_id"": ""suggestion_01aa02b629b9d218"", ""suggestion_type"": ""event_name_correction"", ""confidence"": 0.885, ""message"": ""D-score event 'Brazilian Championships' may match score-sheet event 'Brazilian Event Championships'."", ""action"": ""attach_d_score_to_target_result"", ""changes"": {""event_name"": {""from"": ""Brazilian Championships"", ""to"": ""Brazilian Event Championships""}}, ""target_result"": {""event_name"": ""Brazilian Event Championships"", ""year"": 2019, ""athlete_name"": ""Jade Barbosa"", ""country"": ""BRA"", ""discipline"": ""WAG"", ""category"": ""senior"", ""apparatus"": ""UB"", ""vt_attempt"": null, ""day"": null, ""format"": ""apparatus"", ""round"": ""final"", ""score"": 12.733, ""D_score"": null, ""vault_attempt_order_uncertain"": false, ""source_sheet"": ""WAG"", ""source_row"": 5636, ""target_id"": ""target_f7dc41e74aa0f536""}}]"
orphan_56a8e04be5d7097f,missing_final_score_for_context,review,"The athlete/event exists, but not this apparatus/context.",WAG D,4687,U.S. Classic,2019,Jade Carey,USA,WAG,senior,VT,2,,individual,final,5.4,True,0,,,,,,,,,,,,,,,,,,,,[]
orphan_1bd246bb2ee36799,possible_context_mismatch,review,"Possible format, round, or day mismatch.",WAG D,4723,GymStars International,2019,Jamina Brenner,SUI,WAG,senior,VT,2,,individual,final,2.0,True,1,suggestion_cb9430e4de5ce2de,context_correction,0.65,"Same athlete/event/apparatus exists in the score sheet, but format, round, or day is different.",GymStars International,2019,Jamina Brenner,SUI,WAG,senior,VT,2,,apparatus,final,11.266,2.0,WAG,5683,"[{""suggestion_id"": ""suggestion_cb9430e4de5ce2de"", ""suggestion_type"": ""context_correction"", ""confidence"": 0.65, ""message"": ""Same athlete/event/apparatus exists in the score sheet, but format, round, or day is different."", ""action"": ""attach_d_score_to_target_result"", ""changes"": {""format"": {""from"": ""individual"", ""to"": ""apparatus""}, ""round"": {""from"": ""final"", ""to"": ""final""}, ""day"": {""from"": null, ""to"": null}}, ""target_result"": {""event_name"": ""GymStars International"", ""year"": 2019, ""athlete_name"": ""Jamina Brenner"", ""country"": ""SUI"", ""discipline"": ""WAG"", ""category"": ""senior"", ""apparatus"": ""VT"", ""vt_attempt"": 2, ""day"": null, ""format"": ""apparatus"", ""round"": ""final"", ""score"": 11.266, ""D_score"": 2.0, ""vault_attempt_order_uncertain"": true, ""source_sheet"": ""WAG"", ""source_row"": 5683, ""target_id"": ""target_3379d3d9865cc2d7""}}]"
orphan_56bf169a81534469,missing_final_score_for_context,review,"The athlete/event exists, but not this apparatus/context.",WAG D,4724,Swiss Turnfest,2019,Jamina Brenner,SUI,WAG,senior,BB,,,individual,final,0.9,False,0,,,,,,,,,,,,,,,,,,,,[]
orphan_00bb5af83af35839,missing_final_score_for_context,review,"The athlete/event exists, but not this apparatus/context.",WAG D,4740,Stella Zakharova Cup,2019,Jana Haytham,EGY,WAG,junior,VT,2,,individual,final,3.5,True,0,,,,,,,,,,,,,,,,,,,,[]
orphan_ffad1b0608a73bff,possible_context_mismatch,review,"Possible format, round, or day mismatch.",WAG D,4786,German Junior Championships,2019,Jasmin Haase,GER,WAG,junior,VT,2,,individual,final,4.4,True,1,suggestion_1f8b9e44586f9b90,context_correction,0.65,"Same athlete/event/apparatus exists in the score sheet, but format, round, or day is different.",German Junior Championships,2019,Jasmin Haase,GER,WAG,junior,VT,2,,apparatus,final,13.266,4.4,WAG,5763,"[{""suggestion_id"": ""suggestion_1f8b9e44586f9b90"", ""suggestion_type"": ""context_correction"", ""confidence"": 0.65, ""message"": ""Same athlete/event/apparatus exists in the score sheet, but format, round, or day is different."", ""action"": ""attach_d_score_to_target_result"", ""changes"": {""format"": {""from"": ""individual"", ""to"": ""apparatus""}, ""round"": {""from"": ""final"", ""to"": ""final""}, ""day"": {""from"": null, ""to"": null}}, ""target_result"": {""event_name"": ""German Junior Championships"", ""year"": 2019, ""athlete_name"": ""Jasmin Haase"", ""country"": ""GER"", ""discipline"": ""WAG"", ""category"": ""junior"", ""apparatus"": ""VT"", ""vt_attempt"": 2, ""day"": null, ""format"": ""apparatus"", ""round"": ""final"", ""score"": 13.266, ""D_score"": 4.4, ""vault_attempt_order_uncertain"": true, ""source_sheet"": ""WAG"", ""source_row"": 5763, ""target_id"": ""target_5df7be4f7e93755e""}}]"
orphan_ab479659ddf65ebe,possible_context_mismatch,review,"Possible format, round, or day mismatch.",WAG D,4799,Austrian Championships,2019,Jasmin Mader,AUT,WAG,senior,VT,1,,apparatus,final,4.6,True,1,suggestion_3a5fec1c6a4914de,context_correction,0.65,"Same athlete/event/apparatus exists in the score sheet, but format, round, or day is different.",Austrian Championships,2019,Jasmin Mader,AUT,WAG,senior,VT,1,,individual,final,13.7,4.6,WAG,5765,"[{""suggestion_id"": ""suggestion_3a5fec1c6a4914de"", ""suggestion_type"": ""context_correction"", ""confidence"": 0.65, ""message"": ""Same athlete/event/apparatus exists in the score sheet, but format, round, or day is different."", ""action"": ""attach_d_score_to_target_result"", ""changes"": {""format"": {""from"": ""apparatus"", ""to"": ""individual""}, ""round"": {""from"": ""final"", ""to"": ""final""}, ""day"": {""from"": null, ""to"": null}}, ""target_result"": {""event_name"": ""Austrian Championships"", ""year"": 2019, ""athlete_name"": ""Jasmin Mader"", ""country"": ""AUT"", ""discipline"": ""WAG"", ""category"": ""senior"", ""apparatus"": ""VT"", ""vt_attempt"": 1, ""day"": null, ""format"": ""individual"", ""round"": ""final"", ""score"": 13.7, ""D_score"": 4.6, ""vault_attempt_order_uncertain"": true, ""source_sheet"": ""WAG"", ""source_row"": 5765, ""target_id"": ""target_5cfcb2c14113032d""}}]"
orphan_bdaf3fcf96cae6e5,possible_context_mismatch,review,"Possible format, round, or day mismatch.",WAG D,4799,Austrian Championships,2019,Jasmin Mader,AUT,WAG,senior,VT,2,,apparatus,final,4.6,True,1,suggestion_31d261976e5d6bba,context_correction,0.65,"Same athlete/event/apparatus exists in the score sheet, but format, round, or day is different.",Austrian Championships,2019,Jasmin Mader,AUT,WAG,senior,VT,2,,individual,final,13.7,4.6,WAG,5765,"[{""suggestion_id"": ""suggestion_31d261976e5d6bba"", ""suggestion_type"": ""context_correction"", ""confidence"": 0.65, ""message"": ""Same athlete/event/apparatus exists in the score sheet, but format, round, or day is different."", ""action"": ""attach_d_score_to_target_result"", ""changes"": {""format"": {""from"": ""apparatus"", ""to"": ""individual""}, ""round"": {""from"": ""final"", ""to"": ""final""}, ""day"": {""from"": null, ""to"": null}}, ""target_result"": {""event_name"": ""Austrian Championships"", ""year"": 2019, ""athlete_name"": ""Jasmin Mader"", ""country"": ""AUT"", ""discipline"": ""WAG"", ""category"": ""senior"", ""apparatus"": ""VT"", ""vt_attempt"": 2, ""day"": null, ""format"": ""individual"", ""round"": ""final"", ""score"": 13.7, ""D_score"": 4.6, ""vault_attempt_order_uncertain"": true, ""source_sheet"": ""WAG"", ""source_row"": 5765, ""target_id"": ""target_353c98e1148f41ad""}}]"
orphan_3e14990cd7413a4f,missing_final_score_for_context,review,"The athlete/event exists, but not this apparatus/context.",WAG D,4809,South African Championships,2019,Jasmin Pillay,RSA,WAG,junior,VT,2,,individual,final,3.3,True,0,,,,,,,,,,,,,,,,,,,,[]
orphan_de4899e0bbde21f2,missing_final_score_for_context,review,"The athlete/event exists, but not this apparatus/context.",WAG D,4871,Mälar Cup,2019,Jenna Potinoja,FIN,WAG,junior,VT,2,,individual,final,3.3,True,0,,,,,,,,,,,,,,,,,,,,[]
orphan_a848ea004903fe94,possible_context_mismatch,review,"Possible format, round, or day mismatch.",WAG D,4912,Nordic Junior Championships,2019,Jenny Håkegård,NOR,WAG,junior,VT,2,,individual,final,3.7,True,1,suggestion_291012107dad0fa6,context_correction,0.65,"Same athlete/event/apparatus exists in the score sheet, but format, round, or day is different.",Nordic Junior Championships,2019,Jenny Håkegård,NOR,WAG,junior,VT,2,,apparatus,final,12.25,3.7,WAG,5889,"[{""suggestion_id"": ""suggestion_291012107dad0fa6"", ""suggestion_type"": ""context_correction"", ""confidence"": 0.65, ""message"": ""Same athlete/event/apparatus exists in the score sheet, but format, round, or day is different."", ""action"": ""attach_d_score_to_target_result"", ""changes"": {""format"": {""from"": ""individual"", ""to"": ""apparatus""}, ""round"": {""from"": ""final"", ""to"": ""final""}, ""day"": {""from"": null, ""to"": null}}, ""target_result"": {""event_name"": ""Nordic Junior Championships"", ""year"": 2019, ""athlete_name"": ""Jenny Håkegård"", ""country"": ""NOR"", ""discipline"": ""WAG"", ""category"": ""junior"", ""apparatus"": ""VT"", ""vt_attempt"": 2, ""day"": null, ""format"": ""apparatus"", ""round"": ""final"", ""score"": 12.25, ""D_score"": 3.7, ""vault_attempt_order_uncertain"": true, ""source_sheet"": ""WAG"", ""source_row"": 5889, ""target_id"": ""target_8726b876f042bb5d""}}]"
orphan_c8a37aa6533050af,missing_final_score_for_context,review,"The athlete/event exists, but not this apparatus/context.",WAG D,4977,German Junior Championships,2019,Jessica Schlegel,GER,WAG,junior,VT,2,,individual,final,3.5,True,0,,,,,,,,,,,,,,,,,,,,[]
orphan_f120d321d16cc39a,athlete_missing_in_score_sheet,review,"The event/apparatus/context exists, but this athlete is missing in the score sheet.",WAG D,5015,Dutch Team Championships,2019,Jitske Lemmers,NED,WAG,senior,UB,,,individual,final,2.8,False,0,,,,,,,,,,,,,,,,,,,,[]
orphan_18c414eb13bda9fa,possible_context_mismatch,review,"Possible format, round, or day mismatch.",WAG D,5035,Austrian Championships,2019,Johanna Kolmayr,AUT,WAG,senior,VT,1,,apparatus,final,3.5,True,1,suggestion_37a87b44df60df8b,context_correction,0.65,"Same athlete/event/apparatus exists in the score sheet, but format, round, or day is different.",Austrian Championships,2019,Johanna Kolmayr,AUT,WAG,senior,VT,1,,individual,final,12.05,3.5,WAG,6024,"[{""suggestion_id"": ""suggestion_37a87b44df60df8b"", ""suggestion_type"": ""context_correction"", ""confidence"": 0.65, ""message"": ""Same athlete/event/apparatus exists in the score sheet, but format, round, or day is different."", ""action"": ""attach_d_score_to_target_result"", ""changes"": {""format"": {""from"": ""apparatus"", ""to"": ""individual""}, ""round"": {""from"": ""final"", ""to"": ""final""}, ""day"": {""from"": null, ""to"": null}}, ""target_result"": {""event_name"": ""Austrian Championships"", ""year"": 2019, ""athlete_name"": ""Johanna Kolmayr"", ""country"": ""AUT"", ""discipline"": ""WAG"", ""category"": ""senior"", ""apparatus"": ""VT"", ""vt_attempt"": 1, ""day"": null, ""format"": ""individual"", ""round"": ""final"", ""score"": 12.05, ""D_score"": 3.5, ""vault_attempt_order_uncertain"": true, ""source_sheet"": ""WAG"", ""source_row"": 6024, ""target_id"": ""target_e63ebec69fefbb13""}}]"
orphan_fc95eaa3184908a4,possible_context_mismatch,review,"Possible format, round, or day mismatch.",WAG D,5035,Austrian Championships,2019,Johanna Kolmayr,AUT,WAG,senior,VT,2,,apparatus,final,2.8,True,1,suggestion_72fc1bb12646cf02,context_correction,0.65,"Same athlete/event/apparatus exists in the score sheet, but format, round, or day is different.",Austrian Championships,2019,Johanna Kolmayr,AUT,WAG,senior,VT,2,,individual,final,11.45,2.8,WAG,6024,"[{""suggestion_id"": ""suggestion_72fc1bb12646cf02"", ""suggestion_type"": ""context_correction"", ""confidence"": 0.65, ""message"": ""Same athlete/event/apparatus exists in the score sheet, but format, round, or day is different."", ""action"": ""attach_d_score_to_target_result"", ""changes"": {""format"": {""from"": ""apparatus"", ""to"": ""individual""}, ""round"": {""from"": ""final"", ""to"": ""final""}, ""day"": {""from"": null, ""to"": null}}, ""target_result"": {""event_name"": ""Austrian Championships"", ""year"": 2019, ""athlete_name"": ""Johanna Kolmayr"", ""country"": ""AUT"", ""discipline"": ""WAG"", ""category"": ""senior"", ""apparatus"": ""VT"", ""vt_attempt"": 2, ""day"": null, ""format"": ""individual"", ""round"": ""final"", ""score"": 11.45, ""D_score"": 2.8, ""vault_attempt_order_uncertain"": true, ""source_sheet"": ""WAG"", ""source_row"": 6024, ""target_id"": ""target_6da723e18f0d3b65""}}]"
orphan_3cc6ed0a707a5c10,missing_final_score_for_context,review,"The athlete/event exists, but not this apparatus/context.",WAG D,5072,Mälar Cup,2019,Josefine Micheler,AUT,WAG,junior,VT,2,,individual,final,2.0,True,0,,,,,,,,,,,,,,,,,,,,[]
orphan_c2fb4fad5b916f13,missing_final_score_for_context,review,"The athlete/event exists, but not this apparatus/context.",WAG D,5074,Mälar Cup,2019,Josephine Kaers,BEL,WAG,junior,VT,2,,individual,final,3.5,True,0,,,,,,,,,,,,,,,,,,,,[]
orphan_f73baf9c82804513,missing_final_score_for_context,review,"The athlete/event exists, but not this apparatus/context.",WAG D,5080,Nordic Junior Championships,2019,Josephine Sørensen,DEN,WAG,junior,VT,2,,individual,final,3.5,True,0,,,,,,,,,,,,,,,,,,,,[]
orphan_09ffab4c7230b4ad,missing_final_score_for_context,review,"The athlete/event exists, but not this apparatus/context.",WAG D,5086,Stella Zakharova Cup,2019,Joudy Ahmed,EGY,WAG,junior,VT,2,,individual,final,4.0,True,0,,,,,,,,,,,,,,,,,,,,[]
orphan_a3d0b794fb95d1c3,missing_final_score_for_context,review,"The athlete/event exists, but not this apparatus/context.",WAG D,5146,Stella Zakharova Cup,2019,Julia Micallef,MLT,WAG,junior,VT,2,,individual,final,4.2,True,0,,,,,,,,,,,,,,,,,,,,[]
orphan_7ece466fee175199,missing_final_score_for_context,review,"The athlete/event exists, but not this apparatus/context.",WAG D,5173,GymStars International,2019,Julia Thaler,AUT,WAG,senior,VT,2,,individual,final,2.0,True,0,,,,,,,,,,,,,,,,,,,,[]
orphan_6f82ac6d8199a313,possible_context_mismatch,review,"Possible format, round, or day mismatch.",WAG D,5194,GymStars International,2019,Juliane Tøssebro,NOR,WAG,senior,VT,2,,individual,final,3.5,True,1,suggestion_463c47e7660152cc,context_correction,0.65,"Same athlete/event/apparatus exists in the score sheet, but format, round, or day is different.",GymStars International,2019,Juliane Tøssebro,NOR,WAG,senior,VT,2,,apparatus,final,12.633,3.7,WAG,6211,"[{""suggestion_id"": ""suggestion_463c47e7660152cc"", ""suggestion_type"": ""context_correction"", ""confidence"": 0.65, ""message"": ""Same athlete/event/apparatus exists in the score sheet, but format, round, or day is different."", ""action"": ""attach_d_score_to_target_result"", ""changes"": {""format"": {""from"": ""individual"", ""to"": ""apparatus""}, ""round"": {""from"": ""final"", ""to"": ""final""}, ""day"": {""from"": null, ""to"": null}}, ""target_result"": {""event_name"": ""GymStars International"", ""year"": 2019, ""athlete_name"": ""Juliane Tøssebro"", ""country"": ""NOR"", ""discipline"": ""WAG"", ""category"": ""senior"", ""apparatus"": ""VT"", ""vt_attempt"": 2, ""day"": null, ""format"": ""apparatus"", ""round"": ""final"", ""score"": 12.633, ""D_score"": 3.7, ""vault_attempt_order_uncertain"": true, ""source_sheet"": ""WAG"", ""source_row"": 6211, ""target_id"": ""target_922ed59f95a9ee04""}}]"
orphan_5ddd20edc0bee34f,missing_final_score_for_context,review,"The athlete/event exists, but not this apparatus/context.",WAG D,5198,Norwegian Championships,2019,Juliane Tøssebro,NOR,WAG,senior,VT,2,,individual,final,4.0,True,0,,,,,,,,,,,,,,,,,,,,[]
orphan_eeeaac96a2b64b8c,possible_context_mismatch,review,"Possible format, round, or day mismatch.",WAG D,5214,Norwegian Championships,2019,Julie Erichsen,NOR,WAG,senior,VT,2,,individual,final,3.7,True,1,suggestion_49bf43c9d9d89b91,context_correction,0.65,"Same athlete/event/apparatus exists in the score sheet, but format, round, or day is different.",Norwegian Championships,2019,Julie Erichsen,NOR,WAG,senior,VT,2,,apparatus,final,12.65,3.7,WAG,6231,"[{""suggestion_id"": ""suggestion_49bf43c9d9d89b91"", ""suggestion_type"": ""context_correction"", ""confidence"": 0.65, ""message"": ""Same athlete/event/apparatus exists in the score sheet, but format, round, or day is different."", ""action"": ""attach_d_score_to_target_result"", ""changes"": {""format"": {""from"": ""individual"", ""to"": ""apparatus""}, ""round"": {""from"": ""final"", ""to"": ""final""}, ""day"": {""from"": null, ""to"": null}}, ""target_result"": {""event_name"": ""Norwegian Championships"", ""year"": 2019, ""athlete_name"": ""Julie Erichsen"", ""country"": ""NOR"", ""discipline"": ""WAG"", ""category"": ""senior"", ""apparatus"": ""VT"", ""vt_attempt"": 2, ""day"": null, ""format"": ""apparatus"", ""round"": ""final"", ""score"": 12.65, ""D_score"": 3.7, ""vault_attempt_order_uncertain"": true, ""source_sheet"": ""WAG"", ""source_row"": 6231, ""target_id"": ""target_29b25b359e2e1d68""}}]"
orphan_0a6dce22e2ff5984,possible_context_mismatch,review,"Possible format, round, or day mismatch.",WAG D,5231,Nordic Junior Championships,2019,Julie Madsø,NOR,WAG,junior,VT,2,,individual,final,3.7,True,1,suggestion_05da055abd9d5a4c,context_correction,0.65,"Same athlete/event/apparatus exists in the score sheet, but format, round, or day is different.",Nordic Junior Championships,2019,Julie Madsø,NOR,WAG,junior,VT,2,,apparatus,final,12.55,3.7,WAG,6258,"[{""suggestion_id"": ""suggestion_05da055abd9d5a4c"", ""suggestion_type"": ""context_correction"", ""confidence"": 0.65, ""message"": ""Same athlete/event/apparatus exists in the score sheet, but format, round, or day is different."", ""action"": ""attach_d_score_to_target_result"", ""changes"": {""format"": {""from"": ""individual"", ""to"": ""apparatus""}, ""round"": {""from"": ""final"", ""to"": ""final""}, ""day"": {""from"": null, ""to"": null}}, ""target_result"": {""event_name"": ""Nordic Junior Championships"", ""year"": 2019, ""athlete_name"": ""Julie Madsø"", ""country"": ""NOR"", ""discipline"": ""WAG"", ""category"": ""junior"", ""apparatus"": ""VT"", ""vt_attempt"": 2, ""day"": null, ""format"": ""apparatus"", ""round"": ""final"", ""score"": 12.55, ""D_score"": 3.7, ""vault_attempt_order_uncertain"": true, ""source_sheet"": ""WAG"", ""source_row"": 6258, ""target_id"": ""target_5a51211c95f8136e""}}]"
orphan_cf5a170a82abc039,possible_context_mismatch,review,"Possible format, round, or day mismatch.",WAG D,5240,Luxembourg Championships,2019,Julie Sierardzki,LUX,WAG,senior,VT,1,,apparatus,final,3.7,True,1,suggestion_d1ed39717b404d7e,context_correction,0.65,"Same athlete/event/apparatus exists in the score sheet, but format, round, or day is different.",Luxembourg Championships,2019,Julie Sierardzki,LUX,WAG,senior,VT,1,,individual,final,12.0,3.7,WAG,6262,"[{""suggestion_id"": ""suggestion_d1ed39717b404d7e"", ""suggestion_type"": ""context_correction"", ""confidence"": 0.65, ""message"": ""Same athlete/event/apparatus exists in the score sheet, but format, round, or day is different."", ""action"": ""attach_d_score_to_target_result"", ""changes"": {""format"": {""from"": ""apparatus"", ""to"": ""individual""}, ""round"": {""from"": ""final"", ""to"": ""final""}, ""day"": {""from"": null, ""to"": null}}, ""target_result"": {""event_name"": ""Luxembourg Championships"", ""year"": 2019, ""athlete_name"": ""Julie Sierardzki"", ""country"": ""LUX"", ""discipline"": ""WAG"", ""category"": ""senior"", ""apparatus"": ""VT"", ""vt_attempt"": 1, ""day"": null, ""format"": ""individual"", ""round"": ""final"", ""score"": 12.0, ""D_score"": 3.7, ""vault_attempt_order_uncertain"": true, ""source_sheet"": ""WAG"", ""source_row"": 6262, ""target_id"": ""target_780dd03e332df7e8""}}]"
orphan_dc2877613fd4b28d,missing_final_score_for_context,review,"The athlete/event exists, but not this apparatus/context.",WAG D,5240,Luxembourg Championships,2019,Julie Sierardzki,LUX,WAG,senior,VT,2,,apparatus,final,2.0,True,0,,,,,,,,,,,,,,,,,,,,[]
orphan_05afd95e2a3adc5b,possible_context_mismatch,review,"Possible format, round, or day mismatch.",WAG D,5293,Mälar Cup,2019,Kaat Geusens,BEL,WAG,senior,VT,2,,individual,final,3.7,True,1,suggestion_87dbf97c79e56f91,context_correction,0.65,"Same athlete/event/apparatus exists in the score sheet, but format, round, or day is different.",Mälar Cup,2019,Kaat Geusens,BEL,WAG,senior,VT,2,,apparatus,final,12.3,3.7,WAG,6322,"[{""suggestion_id"": ""suggestion_87dbf97c79e56f91"", ""suggestion_type"": ""context_correction"", ""confidence"": 0.65, ""message"": ""Same athlete/event/apparatus exists in the score sheet, but format, round, or day is different."", ""action"": ""attach_d_score_to_target_result"", ""changes"": {""format"": {""from"": ""individual"", ""to"": ""apparatus""}, ""round"": {""from"": ""final"", ""to"": ""final""}, ""day"": {""from"": null, ""to"": null}}, ""target_result"": {""event_name"": ""Mälar Cup"", ""year"": 2019, ""athlete_name"": ""Kaat Geusens"", ""country"": ""BEL"", ""discipline"": ""WAG"", ""category"": ""senior"", ""apparatus"": ""VT"", ""vt_attempt"": 2, ""day"": null, ""format"": ""apparatus"", ""round"": ""final"", ""score"": 12.3, ""D_score"": 3.7, ""vault_attempt_order_uncertain"": true, ""source_sheet"": ""WAG"", ""source_row"": 6322, ""target_id"": ""target_ee683e287c35dcfc""}}]"
orphan_3c98f4363e8cc43c,missing_final_score_for_context,review,"The athlete/event exists, but not this apparatus/context.",WAG D,5357,Indian Championships,2019,Kanishka Sen,IND,WAG,junior,BB,,,individual,final,0.2,False,0,,,,,,,,,,,,,,,,,,,,[]
orphan_323f7503a7b69ec4,athlete_missing_in_score_sheet,review,"The event/apparatus/context exists, but this athlete is missing in the score sheet.",WAG D,5390,European Games Test Event,2019,Karina Metelitsa,BLR,WAG,junior,BB,,,individual,final,4.5,False,0,,,,,,,,,,,,,,,,,,,,[]
orphan_f608c3406cb4040a,athlete_missing_in_score_sheet,review,"The event/apparatus/context exists, but this athlete is missing in the score sheet.",WAG D,5390,European Games Test Event,2019,Karina Metelitsa,BLR,WAG,junior,FX,,,individual,final,3.6,False,0,,,,,,,,,,,,,,,,,,,,[]
orphan_cd894a251219842a,athlete_missing_in_score_sheet,review,"The event/apparatus/context exists, but this athlete is missing in the score sheet.",WAG D,5390,European Games Test Event,2019,Karina Metelitsa,BLR,WAG,junior,UB,,,individual,final,3.4,False,0,,,,,,,,,,,,,,,,,,,,[]
orphan_31a92d14142ebb9f,athlete_missing_in_score_sheet,review,"The event/apparatus/context exists, but this athlete is missing in the score sheet.",WAG D,5390,European Games Test Event,2019,Karina Metelitsa,BLR,WAG,junior,VT,1,,individual,final,3.7,True,0,,,,,,,,,,,,,,,,,,,,[]
orphan_7617a2ce48182659,missing_final_score_for_context,review,"The athlete/event exists, but not this apparatus/context.",WAG D,5391,Norwegian Championships,2019,Karina Regidor,CRC,WAG,senior,VT,2,,individual,final,3.7,True,0,,,,,,,,,,,,,,,,,,,,[]
orphan_0861d33302ef192f,possible_context_mismatch,review,"Possible format, round, or day mismatch.",WAG D,5397,German Junior Championships,2019,Karina Schönmaier,GER,WAG,junior,VT,2,,individual,final,3.7,True,1,suggestion_3d11cba09afaf59f,context_correction,0.65,"Same athlete/event/apparatus exists in the score sheet, but format, round, or day is different.",German Junior Championships,2019,Karina Schönmaier,GER,WAG,junior,VT,2,,apparatus,final,12.534,3.7,WAG,6456,"[{""suggestion_id"": ""suggestion_3d11cba09afaf59f"", ""suggestion_type"": ""context_correction"", ""confidence"": 0.65, ""message"": ""Same athlete/event/apparatus exists in the score sheet, but format, round, or day is different."", ""action"": ""attach_d_score_to_target_result"", ""changes"": {""format"": {""from"": ""individual"", ""to"": ""apparatus""}, ""round"": {""from"": ""final"", ""to"": ""final""}, ""day"": {""from"": null, ""to"": null}}, ""target_result"": {""event_name"": ""German Junior Championships"", ""year"": 2019, ""athlete_name"": ""Karina Schönmaier"", ""country"": ""GER"", ""discipline"": ""WAG"", ""category"": ""junior"", ""apparatus"": ""VT"", ""vt_attempt"": 2, ""day"": null, ""format"": ""apparatus"", ""round"": ""final"", ""score"": 12.534, ""D_score"": 3.7, ""vault_attempt_order_uncertain"": true, ""source_sheet"": ""WAG"", ""source_row"": 6456, ""target_id"": ""target_948b93894233c096""}}]"
orphan_4f10a36cf27b9a34,missing_final_score_for_context,review,"The athlete/event exists, but not this apparatus/context.",WAG D,5421,World Champion's National Qualifier,2019,Karleigh DiCello,USA,WAG,junior,BB,,,individual,final,4.8,False,0,,,,,,,,,,,,,,,,,,,,[]
orphan_a732f5c6f6025dca,missing_final_score_for_context,review,"The athlete/event exists, but not this apparatus/context.",WAG D,5421,World Champion's National Qualifier,2019,Karleigh DiCello,USA,WAG,junior,FX,,,individual,final,4.7,False,0,,,,,,,,,,,,,,,,,,,,[]
orphan_b859a7061eec0d93,missing_final_score_for_context,review,"The athlete/event exists, but not this apparatus/context.",WAG D,5421,World Champion's National Qualifier,2019,Karleigh DiCello,USA,WAG,junior,VT,1,,individual,final,4.6,True,0,,,,,,,,,,,,,,,,,,,,[]
orphan_71fc5636866cf7e0,missing_final_score_for_context,review,"The athlete/event exists, but not this apparatus/context.",WAG D,5438,Mälar Cup,2019,Kaspara Danielsen,FAR,WAG,senior,VT,2,,individual,final,3.0,True,0,,,,,,,,,,,,,,,,,,,,[]
orphan_891822ba55e4820c,possible_event_name_mismatch,review,Possible event-name mismatch between the D sheet and the score sheet.,WAG D,5489,Icelandic Fall Championships,2019,Katharina Johannsdottir,ISL,WAG,senior,VT,2,,individual,final,3.7,True,1,suggestion_cc7d739b70d9f668,event_name_correction,0.902,D-score event 'Icelandic Fall Championships' may match score-sheet event 'Icelandic Championships'.,Icelandic Championships,2019,Katharina Johannsdottir,ISL,WAG,senior,VT,2,,individual,final,12.2,3.3,WAG,6559,"[{""suggestion_id"": ""suggestion_cc7d739b70d9f668"", ""suggestion_type"": ""event_name_correction"", ""confidence"": 0.902, ""message"": ""D-score event 'Icelandic Fall Championships' may match score-sheet event 'Icelandic Championships'."", ""action"": ""attach_d_score_to_target_result"", ""changes"": {""event_name"": {""from"": ""Icelandic Fall Championships"", ""to"": ""Icelandic Championships""}}, ""target_result"": {""event_name"": ""Icelandic Championships"", ""year"": 2019, ""athlete_name"": ""Katharina Johannsdottir"", ""country"": ""ISL"", ""discipline"": ""WAG"", ""category"": ""senior"", ""apparatus"": ""VT"", ""vt_attempt"": 2, ""day"": null, ""format"": ""individual"", ""round"": ""final"", ""score"": 12.2, ""D_score"": 3.3, ""vault_attempt_order_uncertain"": true, ""source_sheet"": ""WAG"", ""source_row"": 6559, ""target_id"": ""target_ceac7a7827bac554""}}]"
orphan_ff203ceb5878a33f,possible_context_mismatch,review,"Possible format, round, or day mismatch.",WAG D,5529,Luxembourg Championships,2019,Kawtar Maît-Rabbi,LUX,WAG,junior,VT,1,,apparatus,final,3.5,True,1,suggestion_2172aa0e3aafd8ad,context_correction,0.65,"Same athlete/event/apparatus exists in the score sheet, but format, round, or day is different.",Luxembourg Championships,2019,Kawtar Maît-Rabbi,LUX,WAG,junior,VT,1,,individual,final,11.8,3.5,WAG,6600,"[{""suggestion_id"": ""suggestion_2172aa0e3aafd8ad"", ""suggestion_type"": ""context_correction"", ""confidence"": 0.65, ""message"": ""Same athlete/event/apparatus exists in the score sheet, but format, round, or day is different."", ""action"": ""attach_d_score_to_target_result"", ""changes"": {""format"": {""from"": ""apparatus"", ""to"": ""individual""}, ""round"": {""from"": ""final"", ""to"": ""final""}, ""day"": {""from"": null, ""to"": null}}, ""target_result"": {""event_name"": ""Luxembourg Championships"", ""year"": 2019, ""athlete_name"": ""Kawtar Maît-Rabbi"", ""country"": ""LUX"", ""discipline"": ""WAG"", ""category"": ""junior"", ""apparatus"": ""VT"", ""vt_attempt"": 1, ""day"": null, ""format"": ""individual"", ""round"": ""final"", ""score"": 11.8, ""D_score"": 3.5, ""vault_attempt_order_uncertain"": true, ""source_sheet"": ""WAG"", ""source_row"": 6600, ""target_id"": ""target_fa1f952d11b99cfb""}}]"
orphan_8c6d3ccd1e723215,missing_final_score_for_context,review,"The athlete/event exists, but not this apparatus/context.",WAG D,5529,Luxembourg Championships,2019,Kawtar Maît-Rabbi,LUX,WAG,junior,VT,2,,apparatus,final,2.0,True,0,,,,,,,,,,,,,,,,,,,,[]
orphan_f4551223105282db,athlete_missing_in_score_sheet,review,"The event/apparatus/context exists, but this athlete is missing in the score sheet.",WAG D,5620,Korean National Team Selection,2019,Kim A-ram,KOR,WAG,senior,BB,,,individual,final,4.5,False,0,,,,,,,,,,,,,,,,,,,,[]
orphan_16d5f6159c5c2cc1,athlete_missing_in_score_sheet,review,"The event/apparatus/context exists, but this athlete is missing in the score sheet.",WAG D,5620,Korean National Team Selection,2019,Kim A-ram,KOR,WAG,senior,FX,,,individual,final,4.6,False,0,,,,,,,,,,,,,,,,,,,,[]
orphan_c0ef81f81bfda996,athlete_missing_in_score_sheet,review,"The event/apparatus/context exists, but this athlete is missing in the score sheet.",WAG D,5620,Korean National Team Selection,2019,Kim A-ram,KOR,WAG,senior,UB,,,individual,final,4.0,False,0,,,,,,,,,,,,,,,,,,,,[]
orphan_a479d53861ba2112,athlete_missing_in_score_sheet,review,"The event/apparatus/context exists, but this athlete is missing in the score sheet.",WAG D,5620,Korean National Team Selection,2019,Kim A-ram,KOR,WAG,senior,VT,1,,individual,final,4.6,True,0,,,,,,,,,,,,,,,,,,,,[]
orphan_9b7327d4c80a01f2,possible_context_mismatch,review,"Possible format, round, or day mismatch.",WAG D,5710,German Junior Championships,2019,Klara Quach,GER,WAG,junior,VT,2,,individual,final,4.0,True,1,suggestion_568c529d4963288a,context_correction,0.65,"Same athlete/event/apparatus exists in the score sheet, but format, round, or day is different.",German Junior Championships,2019,Klara Quach,GER,WAG,junior,VT,2,,apparatus,final,12.634,3.7,WAG,6806,"[{""suggestion_id"": ""suggestion_568c529d4963288a"", ""suggestion_type"": ""context_correction"", ""confidence"": 0.65, ""message"": ""Same athlete/event/apparatus exists in the score sheet, but format, round, or day is different."", ""action"": ""attach_d_score_to_target_result"", ""changes"": {""format"": {""from"": ""individual"", ""to"": ""apparatus""}, ""round"": {""from"": ""final"", ""to"": ""final""}, ""day"": {""from"": null, ""to"": null}}, ""target_result"": {""event_name"": ""German Junior Championships"", ""year"": 2019, ""athlete_name"": ""Klara Quach"", ""country"": ""GER"", ""discipline"": ""WAG"", ""category"": ""junior"", ""apparatus"": ""VT"", ""vt_attempt"": 2, ""day"": null, ""format"": ""apparatus"", ""round"": ""final"", ""score"": 12.634, ""D_score"": 3.7, ""vault_attempt_order_uncertain"": true, ""source_sheet"": ""WAG"", ""source_row"": 6806, ""target_id"": ""target_27e05fff7e786f73""}}]"
orphan_d3ca5f7c98b8cb5e,possible_context_mismatch,review,"Possible format, round, or day mismatch.",WAG D,5716,Austrian Championships,2019,Klara Reisel,AUT,WAG,senior,VT,1,,apparatus,final,3.7,True,1,suggestion_0aa20bba64911080,context_correction,0.65,"Same athlete/event/apparatus exists in the score sheet, but format, round, or day is different.",Austrian Championships,2019,Klara Reisel,AUT,WAG,senior,VT,1,,individual,final,12.25,3.7,WAG,6810,"[{""suggestion_id"": ""suggestion_0aa20bba64911080"", ""suggestion_type"": ""context_correction"", ""confidence"": 0.65, ""message"": ""Same athlete/event/apparatus exists in the score sheet, but format, round, or day is different."", ""action"": ""attach_d_score_to_target_result"", ""changes"": {""format"": {""from"": ""apparatus"", ""to"": ""individual""}, ""round"": {""from"": ""final"", ""to"": ""final""}, ""day"": {""from"": null, ""to"": null}}, ""target_result"": {""event_name"": ""Austrian Championships"", ""year"": 2019, ""athlete_name"": ""Klara Reisel"", ""country"": ""AUT"", ""discipline"": ""WAG"", ""category"": ""senior"", ""apparatus"": ""VT"", ""vt_attempt"": 1, ""day"": null, ""format"": ""individual"", ""round"": ""final"", ""score"": 12.25, ""D_score"": 3.7, ""vault_attempt_order_uncertain"": true, ""source_sheet"": ""WAG"", ""source_row"": 6810, ""target_id"": ""target_8d66e17fd0a81d1f""}}]"
orphan_ed65a3372d6fc7c2,possible_context_mismatch,review,"Possible format, round, or day mismatch.",WAG D,5716,Austrian Championships,2019,Klara Reisel,AUT,WAG,senior,VT,2,,apparatus,final,3.0,True,1,suggestion_f09860626c0a0998,context_correction,0.65,"Same athlete/event/apparatus exists in the score sheet, but format, round, or day is different.",Austrian Championships,2019,Klara Reisel,AUT,WAG,senior,VT,2,,individual,final,11.85,3.0,WAG,6810,"[{""suggestion_id"": ""suggestion_f09860626c0a0998"", ""suggestion_type"": ""context_correction"", ""confidence"": 0.65, ""message"": ""Same athlete/event/apparatus exists in the score sheet, but format, round, or day is different."", ""action"": ""attach_d_score_to_target_result"", ""changes"": {""format"": {""from"": ""apparatus"", ""to"": ""individual""}, ""round"": {""from"": ""final"", ""to"": ""final""}, ""day"": {""from"": null, ""to"": null}}, ""target_result"": {""event_name"": ""Austrian Championships"", ""year"": 2019, ""athlete_name"": ""Klara Reisel"", ""country"": ""AUT"", ""discipline"": ""WAG"", ""category"": ""senior"", ""apparatus"": ""VT"", ""vt_attempt"": 2, ""day"": null, ""format"": ""individual"", ""round"": ""final"", ""score"": 11.85, ""D_score"": 3.0, ""vault_attempt_order_uncertain"": true, ""source_sheet"": ""WAG"", ""source_row"": 6810, ""target_id"": ""target_f2b2601ded382705""}}]"
orphan_ba2dbe341f48b7c0,possible_context_mismatch,review,"Possible format, round, or day mismatch.",WAG D,5738,City of Jesolo Trophy,2019,Konnor McClain,USA,WAG,junior,VT,2,,individual,final,4.6,True,1,suggestion_a154ef3220e766a4,context_correction,0.65,"Same athlete/event/apparatus exists in the score sheet, but format, round, or day is different.",City of Jesolo Trophy,2019,Konnor McClain,USA,WAG,junior,VT,2,,apparatus,final,14.1,4.6,WAG,6841,"[{""suggestion_id"": ""suggestion_a154ef3220e766a4"", ""suggestion_type"": ""context_correction"", ""confidence"": 0.65, ""message"": ""Same athlete/event/apparatus exists in the score sheet, but format, round, or day is different."", ""action"": ""attach_d_score_to_target_result"", ""changes"": {""format"": {""from"": ""individual"", ""to"": ""apparatus""}, ""round"": {""from"": ""final"", ""to"": ""final""}, ""day"": {""from"": null, ""to"": null}}, ""target_result"": {""event_name"": ""City of Jesolo Trophy"", ""year"": 2019, ""athlete_name"": ""Konnor McClain"", ""country"": ""USA"", ""discipline"": ""WAG"", ""category"": ""junior"", ""apparatus"": ""VT"", ""vt_attempt"": 2, ""day"": null, ""format"": ""apparatus"", ""round"": ""final"", ""score"": 14.1, ""D_score"": 4.6, ""vault_attempt_order_uncertain"": true, ""source_sheet"": ""WAG"", ""source_row"": 6841, ""target_id"": ""target_e085073f4500f93b""}}]"
orphan_17b070bad0c25e88,possible_context_mismatch,review,"Possible format, round, or day mismatch.",WAG D,5757,Norwegian Championships,2019,Kristin Bjørnbak,NOR,WAG,senior,VT,2,,individual,final,3.7,True,1,suggestion_ac1293c17d621b16,context_correction,0.65,"Same athlete/event/apparatus exists in the score sheet, but format, round, or day is different.",Norwegian Championships,2019,Kristin Bjørnbak,NOR,WAG,senior,VT,2,,apparatus,final,10.7,2.0,WAG,6878,"[{""suggestion_id"": ""suggestion_ac1293c17d621b16"", ""suggestion_type"": ""context_correction"", ""confidence"": 0.65, ""message"": ""Same athlete/event/apparatus exists in the score sheet, but format, round, or day is different."", ""action"": ""attach_d_score_to_target_result"", ""changes"": {""format"": {""from"": ""individual"", ""to"": ""apparatus""}, ""round"": {""from"": ""final"", ""to"": ""final""}, ""day"": {""from"": null, ""to"": null}}, ""target_result"": {""event_name"": ""Norwegian Championships"", ""year"": 2019, ""athlete_name"": ""Kristin Bjørnbak"", ""country"": ""NOR"", ""discipline"": ""WAG"", ""category"": ""senior"", ""apparatus"": ""VT"", ""vt_attempt"": 2, ""day"": null, ""format"": ""apparatus"", ""round"": ""final"", ""score"": 10.7, ""D_score"": 2.0, ""vault_attempt_order_uncertain"": true, ""source_sheet"": ""WAG"", ""source_row"": 6878, ""target_id"": ""target_d189cc14c08431e8""}}]"
orphan_f7bb1df88f4eee6e,possible_context_mismatch,review,"Possible format, round, or day mismatch.",WAG D,5764,Mälar Cup,2019,Kristina Åhlen,SWE,WAG,junior,VT,2,,individual,final,3.5,True,1,suggestion_96caea4212abfd78,context_correction,0.65,"Same athlete/event/apparatus exists in the score sheet, but format, round, or day is different.",Mälar Cup,2019,Kristina Åhlen,SWE,WAG,junior,VT,2,,apparatus,final,12.25,3.5,WAG,6883,"[{""suggestion_id"": ""suggestion_96caea4212abfd78"", ""suggestion_type"": ""context_correction"", ""confidence"": 0.65, ""message"": ""Same athlete/event/apparatus exists in the score sheet, but format, round, or day is different."", ""action"": ""attach_d_score_to_target_result"", ""changes"": {""format"": {""from"": ""individual"", ""to"": ""apparatus""}, ""round"": {""from"": ""final"", ""to"": ""final""}, ""day"": {""from"": null, ""to"": null}}, ""target_result"": {""event_name"": ""Mälar Cup"", ""year"": 2019, ""athlete_name"": ""Kristina Åhlen"", ""country"": ""SWE"", ""discipline"": ""WAG"", ""category"": ""junior"", ""apparatus"": ""VT"", ""vt_attempt"": 2, ""day"": null, ""format"": ""apparatus"", ""round"": ""final"", ""score"": 12.25, ""D_score"": 3.5, ""vault_attempt_order_uncertain"": true, ""source_sheet"": ""WAG"", ""source_row"": 6883, ""target_id"": ""target_248be8368c4212d1""}}]"
orphan_9975b6a282dfcc48,missing_final_score_for_context,review,"The athlete/event exists, but not this apparatus/context.",WAG D,5766,Nordic Junior Championships,2019,Kristina Åhlin,SWE,WAG,junior,VT,2,,individual,final,3.3,True,0,,,,,,,,,,,,,,,,,,,,[]
orphan_b0189c6bb337817d,possible_context_mismatch,review,"Possible format, round, or day mismatch.",WAG D,5798,GymStars International,2019,Kya Reid,IRL,WAG,junior,VT,2,,individual,final,3.3,True,1,suggestion_acef6c4e72b1f653,context_correction,0.65,"Same athlete/event/apparatus exists in the score sheet, but format, round, or day is different.",GymStars International,2019,Kya Reid,IRL,WAG,junior,VT,2,,apparatus,final,11.467,2.4,WAG,6948,"[{""suggestion_id"": ""suggestion_acef6c4e72b1f653"", ""suggestion_type"": ""context_correction"", ""confidence"": 0.65, ""message"": ""Same athlete/event/apparatus exists in the score sheet, but format, round, or day is different."", ""action"": ""attach_d_score_to_target_result"", ""changes"": {""format"": {""from"": ""individual"", ""to"": ""apparatus""}, ""round"": {""from"": ""final"", ""to"": ""final""}, ""day"": {""from"": null, ""to"": null}}, ""target_result"": {""event_name"": ""GymStars International"", ""year"": 2019, ""athlete_name"": ""Kya Reid"", ""country"": ""IRL"", ""discipline"": ""WAG"", ""category"": ""junior"", ""apparatus"": ""VT"", ""vt_attempt"": 2, ""day"": null, ""format"": ""apparatus"", ""round"": ""final"", ""score"": 11.467, ""D_score"": 2.4, ""vault_attempt_order_uncertain"": true, ""source_sheet"": ""WAG"", ""source_row"": 6948, ""target_id"": ""target_90f6c599a10c68b3""}}]"
orphan_6cc87716c1429946,possible_context_mismatch,review,"Possible format, round, or day mismatch.",WAG D,5844,German Junior Championships,2019,Lana Maroldt,GER,WAG,junior,VT,2,,individual,final,3.5,True,1,suggestion_efb63a85012d64e4,context_correction,0.65,"Same athlete/event/apparatus exists in the score sheet, but format, round, or day is different.",German Junior Championships,2019,Lana Maroldt,GER,WAG,junior,VT,2,,apparatus,final,10.734,3.5,WAG,7022,"[{""suggestion_id"": ""suggestion_efb63a85012d64e4"", ""suggestion_type"": ""context_correction"", ""confidence"": 0.65, ""message"": ""Same athlete/event/apparatus exists in the score sheet, but format, round, or day is different."", ""action"": ""attach_d_score_to_target_result"", ""changes"": {""format"": {""from"": ""individual"", ""to"": ""apparatus""}, ""round"": {""from"": ""final"", ""to"": ""final""}, ""day"": {""from"": null, ""to"": null}}, ""target_result"": {""event_name"": ""German Junior Championships"", ""year"": 2019, ""athlete_name"": ""Lana Maroldt"", ""country"": ""GER"", ""discipline"": ""WAG"", ""category"": ""junior"", ""apparatus"": ""VT"", ""vt_attempt"": 2, ""day"": null, ""format"": ""apparatus"", ""round"": ""final"", ""score"": 10.734, ""D_score"": 3.5, ""vault_attempt_order_uncertain"": true, ""source_sheet"": ""WAG"", ""source_row"": 7022, ""target_id"": ""target_3255ef314b5fa870""}}]"
orphan_9a30dd3cc549e6a6,missing_final_score_for_context,review,"The athlete/event exists, but not this apparatus/context.",WAG D,5875,City of Jesolo Trophy,2019,Lara Hinsberger,GER,WAG,junior,VT,2,,individual,final,4.0,True,0,,,,,,,,,,,,,,,,,,,,[]
orphan_d404229992534524,possible_context_mismatch,review,"Possible format, round, or day mismatch.",WAG D,5966,GymStars International,2019,Lauren Matthews,GBR,WAG,senior,VT,2,,individual,final,2.0,True,1,suggestion_22aef10d615dd288,context_correction,0.65,"Same athlete/event/apparatus exists in the score sheet, but format, round, or day is different.",GymStars International,2019,Lauren Matthews,GBR,WAG,senior,VT,2,,apparatus,final,10.801,2.0,WAG,7164,"[{""suggestion_id"": ""suggestion_22aef10d615dd288"", ""suggestion_type"": ""context_correction"", ""confidence"": 0.65, ""message"": ""Same athlete/event/apparatus exists in the score sheet, but format, round, or day is different."", ""action"": ""attach_d_score_to_target_result"", ""changes"": {""format"": {""from"": ""individual"", ""to"": ""apparatus""}, ""round"": {""from"": ""final"", ""to"": ""final""}, ""day"": {""from"": null, ""to"": null}}, ""target_result"": {""event_name"": ""GymStars International"", ""year"": 2019, ""athlete_name"": ""Lauren Matthews"", ""country"": ""GBR"", ""discipline"": ""WAG"", ""category"": ""senior"", ""apparatus"": ""VT"", ""vt_attempt"": 2, ""day"": null, ""format"": ""apparatus"", ""round"": ""final"", ""score"": 10.801, ""D_score"": 2.0, ""vault_attempt_order_uncertain"": true, ""source_sheet"": ""WAG"", ""source_row"": 7164, ""target_id"": ""target_d9973dfe46ce5e44""}}]"
orphan_2cc341b7ee49b719,possible_athlete_name_typo,review,Possible athlete-name typo between the D sheet and the score sheet.,WAG D,5982,Elite Canada,2019,Laurie Denommeé,CAN,WAG,senior,BB,,,individual,final,4.9,False,1,suggestion_b9a878eb33acaf26,athlete_name_correction,0.933,D-score athlete 'Laurie Denommeé' probably matches score-sheet athlete 'Laurie Denommée'.,Elite Canada,2019,Laurie Denommée,CAN,WAG,senior,BB,,,individual,final,11.833,,WAG,7181,"[{""suggestion_id"": ""suggestion_b9a878eb33acaf26"", ""suggestion_type"": ""athlete_name_correction"", ""confidence"": 0.933, ""message"": ""D-score athlete 'Laurie Denommeé' probably matches score-sheet athlete 'Laurie Denommée'."", ""action"": ""attach_d_score_to_target_result"", ""changes"": {""athlete_name"": {""from"": ""Laurie Denommeé"", ""to"": ""Laurie Denommée""}}, ""target_result"": {""event_name"": ""Elite Canada"", ""year"": 2019, ""athlete_name"": ""Laurie Denommée"", ""country"": ""CAN"", ""discipline"": ""WAG"", ""category"": ""senior"", ""apparatus"": ""BB"", ""vt_attempt"": null, ""day"": null, ""format"": ""individual"", ""round"": ""final"", ""score"": 11.833, ""D_score"": null, ""vault_attempt_order_uncertain"": false, ""source_sheet"": ""WAG"", ""source_row"": 7181, ""target_id"": ""target_69e9255f2fad1203""}}]"
orphan_ddf49e0e6e91cced,possible_athlete_name_typo,review,Possible athlete-name typo between the D sheet and the score sheet.,WAG D,5982,Elite Canada,2019,Laurie Denommeé,CAN,WAG,senior,UB,,,individual,final,4.9,False,1,suggestion_872b8bb1cff217a9,athlete_name_correction,0.933,D-score athlete 'Laurie Denommeé' probably matches score-sheet athlete 'Laurie Denommée'.,Elite Canada,2019,Laurie Denommée,CAN,WAG,senior,UB,,,individual,final,13.175,,WAG,7181,"[{""suggestion_id"": ""suggestion_872b8bb1cff217a9"", ""suggestion_type"": ""athlete_name_correction"", ""confidence"": 0.933, ""message"": ""D-score athlete 'Laurie Denommeé' probably matches score-sheet athlete 'Laurie Denommée'."", ""action"": ""attach_d_score_to_target_result"", ""changes"": {""athlete_name"": {""from"": ""Laurie Denommeé"", ""to"": ""Laurie Denommée""}}, ""target_result"": {""event_name"": ""Elite Canada"", ""year"": 2019, ""athlete_name"": ""Laurie Denommée"", ""country"": ""CAN"", ""discipline"": ""WAG"", ""category"": ""senior"", ""apparatus"": ""UB"", ""vt_attempt"": null, ""day"": null, ""format"": ""individual"", ""round"": ""final"", ""score"": 13.175, ""D_score"": null, ""vault_attempt_order_uncertain"": false, ""source_sheet"": ""WAG"", ""source_row"": 7181, ""target_id"": ""target_74f91fbb9ae6126d""}}]"
orphan_88777917b8d38b27,possible_context_mismatch,review,"Possible format, round, or day mismatch.",WAG D,6026,German Junior Championships,2019,Lea Marie Quaas,GER,WAG,junior,VT,2,,individual,final,4.0,True,1,suggestion_9c447b24f16f5b01,context_correction,0.65,"Same athlete/event/apparatus exists in the score sheet, but format, round, or day is different.",German Junior Championships,2019,Lea Marie Quaas,GER,WAG,junior,VT,2,,apparatus,final,12.034,4.0,WAG,7225,"[{""suggestion_id"": ""suggestion_9c447b24f16f5b01"", ""suggestion_type"": ""context_correction"", ""confidence"": 0.65, ""message"": ""Same athlete/event/apparatus exists in the score sheet, but format, round, or day is different."", ""action"": ""attach_d_score_to_target_result"", ""changes"": {""format"": {""from"": ""individual"", ""to"": ""apparatus""}, ""round"": {""from"": ""final"", ""to"": ""final""}, ""day"": {""from"": null, ""to"": null}}, ""target_result"": {""event_name"": ""German Junior Championships"", ""year"": 2019, ""athlete_name"": ""Lea Marie Quaas"", ""country"": ""GER"", ""discipline"": ""WAG"", ""category"": ""junior"", ""apparatus"": ""VT"", ""vt_attempt"": 2, ""day"": null, ""format"": ""apparatus"", ""round"": ""final"", ""score"": 12.034, ""D_score"": 4.0, ""vault_attempt_order_uncertain"": true, ""source_sheet"": ""WAG"", ""source_row"": 7225, ""target_id"": ""target_c71a60805f7f2721""}}]"
orphan_e16784d2ad444791,missing_final_score_for_context,review,"The athlete/event exists, but not this apparatus/context.",WAG D,6053,GymStars International,2019,Leah Barber,MLT,WAG,senior,VT,2,,individual,final,2.8,True,0,,,,,,,,,,,,,,,,,,,,[]
orphan_ba597d760957b796,possible_context_mismatch,review,"Possible format, round, or day mismatch.",WAG D,6109,Argentinian Championships,2019,Leila Martinez,ARG,WAG,junior,VT,2,,individual,final,3.3,True,1,suggestion_91765a8bdca7658a,context_correction,0.65,"Same athlete/event/apparatus exists in the score sheet, but format, round, or day is different.",Argentinian Championships,2019,Leila Martinez,ARG,WAG,junior,VT,2,,apparatus,final,11.7,3.3,WAG,7309,"[{""suggestion_id"": ""suggestion_91765a8bdca7658a"", ""suggestion_type"": ""context_correction"", ""confidence"": 0.65, ""message"": ""Same athlete/event/apparatus exists in the score sheet, but format, round, or day is different."", ""action"": ""attach_d_score_to_target_result"", ""changes"": {""format"": {""from"": ""individual"", ""to"": ""apparatus""}, ""round"": {""from"": ""final"", ""to"": ""final""}, ""day"": {""from"": null, ""to"": null}}, ""target_result"": {""event_name"": ""Argentinian Championships"", ""year"": 2019, ""athlete_name"": ""Leila Martinez"", ""country"": ""ARG"", ""discipline"": ""WAG"", ""category"": ""junior"", ""apparatus"": ""VT"", ""vt_attempt"": 2, ""day"": null, ""format"": ""apparatus"", ""round"": ""final"", ""score"": 11.7, ""D_score"": 3.3, ""vault_attempt_order_uncertain"": true, ""source_sheet"": ""WAG"", ""source_row"": 7309, ""target_id"": ""target_9486de3a5ec3b97b""}}]"
orphan_d7c20f2953f4b3bc,missing_final_score_for_context,review,"The athlete/event exists, but not this apparatus/context.",WAG D,6133,French Championships,2019,Lena Demaret,FRA,WAG,senior,BB,,,individual,final,4.2,False,0,,,,,,,,,,,,,,,,,,,,[]
orphan_2a888e85bd0d6183,possible_context_mismatch,review,"Possible format, round, or day mismatch.",WAG D,6144,Austrian Championships,2019,Leni Bohle,AUT,WAG,junior,VT,1,,apparatus,final,4.0,True,1,suggestion_4c48a960e8d42167,context_correction,0.65,"Same athlete/event/apparatus exists in the score sheet, but format, round, or day is different.",Austrian Championships,2019,Leni Bohle,AUT,WAG,junior,VT,1,,individual,final,12.85,4.0,WAG,7348,"[{""suggestion_id"": ""suggestion_4c48a960e8d42167"", ""suggestion_type"": ""context_correction"", ""confidence"": 0.65, ""message"": ""Same athlete/event/apparatus exists in the score sheet, but format, round, or day is different."", ""action"": ""attach_d_score_to_target_result"", ""changes"": {""format"": {""from"": ""apparatus"", ""to"": ""individual""}, ""round"": {""from"": ""final"", ""to"": ""final""}, ""day"": {""from"": null, ""to"": null}}, ""target_result"": {""event_name"": ""Austrian Championships"", ""year"": 2019, ""athlete_name"": ""Leni Bohle"", ""country"": ""AUT"", ""discipline"": ""WAG"", ""category"": ""junior"", ""apparatus"": ""VT"", ""vt_attempt"": 1, ""day"": null, ""format"": ""individual"", ""round"": ""final"", ""score"": 12.85, ""D_score"": 4.0, ""vault_attempt_order_uncertain"": true, ""source_sheet"": ""WAG"", ""source_row"": 7348, ""target_id"": ""target_8f951c5e76c40ce8""}}]"
orphan_91a06fb1009f83fc,possible_context_mismatch,review,"Possible format, round, or day mismatch.",WAG D,6144,Austrian Championships,2019,Leni Bohle,AUT,WAG,junior,VT,2,,apparatus,final,3.3,True,1,suggestion_fec8280b0597da56,context_correction,0.65,"Same athlete/event/apparatus exists in the score sheet, but format, round, or day is different.",Austrian Championships,2019,Leni Bohle,AUT,WAG,junior,VT,2,,individual,final,12.35,3.3,WAG,7348,"[{""suggestion_id"": ""suggestion_fec8280b0597da56"", ""suggestion_type"": ""context_correction"", ""confidence"": 0.65, ""message"": ""Same athlete/event/apparatus exists in the score sheet, but format, round, or day is different."", ""action"": ""attach_d_score_to_target_result"", ""changes"": {""format"": {""from"": ""apparatus"", ""to"": ""individual""}, ""round"": {""from"": ""final"", ""to"": ""final""}, ""day"": {""from"": null, ""to"": null}}, ""target_result"": {""event_name"": ""Austrian Championships"", ""year"": 2019, ""athlete_name"": ""Leni Bohle"", ""country"": ""AUT"", ""discipline"": ""WAG"", ""category"": ""junior"", ""apparatus"": ""VT"", ""vt_attempt"": 2, ""day"": null, ""format"": ""individual"", ""round"": ""final"", ""score"": 12.35, ""D_score"": 3.3, ""vault_attempt_order_uncertain"": true, ""source_sheet"": ""WAG"", ""source_row"": 7348, ""target_id"": ""target_86247a3680fb3fce""}}]"
orphan_f7a5d3774a5c311b,possible_event_name_mismatch,review,Possible event-name mismatch between the D sheet and the score sheet.,WAG D,6181,Brazilian Championships,2019,Leticia Costa,BRA,WAG,senior,UB,,,apparatus,final,4.7,False,3,suggestion_cd9d517958651274,event_name_correction,0.885,D-score event 'Brazilian Championships' may match score-sheet event 'Brazilian Event Championships'.,Brazilian Event Championships,2019,Leticia Costa,BRA,WAG,senior,UB,,,apparatus,final,12.3,,WAG,7389,"[{""suggestion_id"": ""suggestion_cd9d517958651274"", ""suggestion_type"": ""event_name_correction"", ""confidence"": 0.885, ""message"": ""D-score event 'Brazilian Championships' may match score-sheet event 'Brazilian Event Championships'."", ""action"": ""attach_d_score_to_target_result"", ""changes"": {""event_name"": {""from"": ""Brazilian Championships"", ""to"": ""Brazilian Event Championships""}}, ""target_result"": {""event_name"": ""Brazilian Event Championships"", ""year"": 2019, ""athlete_name"": ""Leticia Costa"", ""country"": ""BRA"", ""discipline"": ""WAG"", ""category"": ""senior"", ""apparatus"": ""UB"", ""vt_attempt"": null, ""day"": null, ""format"": ""apparatus"", ""round"": ""final"", ""score"": 12.3, ""D_score"": null, ""vault_attempt_order_uncertain"": false, ""source_sheet"": ""WAG"", ""source_row"": 7389, ""target_id"": ""target_962cebedb881b8b1""}}, {""suggestion_id"": ""suggestion_e6046da88c371fa1"", ""suggestion_type"": ""context_correction"", ""confidence"": 0.65, ""message"": ""Same athlete/event/apparatus exists in the score sheet, but format, round, or day is different."", ""action"": ""attach_d_score_to_target_result"", ""changes"": {""format"": {""from"": ""apparatus"", ""to"": ""individual""}, ""round"": {""from"": ""final"", ""to"": ""final""}, ""day"": {""from"": null, ""to"": null}}, ""target_result"": {""event_name"": ""Brazilian Championships"", ""year"": 2019, ""athlete_name"": ""Leticia Costa"", ""country"": ""BRA"", ""discipline"": ""WAG"", ""category"": ""senior"", ""apparatus"": ""UB"", ""vt_attempt"": null, ""day"": null, ""format"": ""individual"", ""round"": ""final"", ""score"": 12.967, ""D_score"": 4.6, ""vault_attempt_order_uncertain"": false, ""source_sheet"": ""WAG"", ""source_row"": 7386, ""target_id"": ""target_8ba1f03a9f4bf040""}}, {""suggestion_id"": ""suggestion_91f2b6d5ea10ef09"", ""suggestion_type"": ""context_correction"", ""confidence"": 0.65, ""message"": ""Same athlete/event/apparatus exists in the score sheet, but format, round, or day is different."", ""action"": ""attach_d_score_to_target_result"", ""changes"": {""format"": {""from"": ""apparatus"", ""to"": ""team""}, ""round"": {""from"": ""final"", ""to"": ""final""}, ""day"": {""from"": null, ""to"": null}}, ""target_result"": {""event_name"": ""Brazilian Championships"", ""year"": 2019, ""athlete_name"": ""Leticia Costa"", ""country"": ""BRA"", ""discipline"": ""WAG"", ""category"": ""senior"", ""apparatus"": ""UB"", ""vt_attempt"": null, ""day"": null, ""format"": ""team"", ""round"": ""final"", ""score"": 12.667, ""D_score"": null, ""vault_attempt_order_uncertain"": false, ""source_sheet"": ""WAG"", ""source_row"": 7387, ""target_id"": ""target_9bcccc7a080af20d""}}]"
orphan_2778eddfbe5eb355,possible_context_mismatch,review,"Possible format, round, or day mismatch.",WAG D,6210,Chinese National Youth Games,2019,Li Na,CHN,WAG,junior,VT,2,,individual,qualification,4.0,True,1,suggestion_35db5f95f7ee76eb,context_correction,0.65,"Same athlete/event/apparatus exists in the score sheet, but format, round, or day is different.",Chinese National Youth Games,2019,Li Na,CHN,WAG,junior,VT,2,,individual,final,11.65,,WAG,7420,"[{""suggestion_id"": ""suggestion_35db5f95f7ee76eb"", ""suggestion_type"": ""context_correction"", ""confidence"": 0.65, ""message"": ""Same athlete/event/apparatus exists in the score sheet, but format, round, or day is different."", ""action"": ""attach_d_score_to_target_result"", ""changes"": {""format"": {""from"": ""individual"", ""to"": ""individual""}, ""round"": {""from"": ""qualification"", ""to"": ""final""}, ""day"": {""from"": null, ""to"": null}}, ""target_result"": {""event_name"": ""Chinese National Youth Games"", ""year"": 2019, ""athlete_name"": ""Li Na"", ""country"": ""CHN"", ""discipline"": ""WAG"", ""category"": ""junior"", ""apparatus"": ""VT"", ""vt_attempt"": 2, ""day"": null, ""format"": ""individual"", ""round"": ""final"", ""score"": 11.65, ""D_score"": null, ""vault_attempt_order_uncertain"": true, ""source_sheet"": ""WAG"", ""source_row"": 7420, ""target_id"": ""target_155304851009efc9""}}]"
orphan_af8fcf36c1eb9610,athlete_missing_in_score_sheet,review,"The event/apparatus/context exists, but this athlete is missing in the score sheet.",WAG D,6232,Stella Zakharova Cup,2019,Li Wen Rachel Yeoh,MAS,WAG,senior,BB,,,individual,final,4.7,False,0,,,,,,,,,,,,,,,,,,,,[]
orphan_af2d688414d19390,athlete_missing_in_score_sheet,review,"The event/apparatus/context exists, but this athlete is missing in the score sheet.",WAG D,6232,Stella Zakharova Cup,2019,Li Wen Rachel Yeoh,MAS,WAG,senior,FX,,,individual,final,3.6,False,0,,,,,,,,,,,,,,,,,,,,[]
orphan_3beb36f5087dab00,athlete_missing_in_score_sheet,review,"The event/apparatus/context exists, but this athlete is missing in the score sheet.",WAG D,6232,Stella Zakharova Cup,2019,Li Wen Rachel Yeoh,MAS,WAG,senior,UB,,,individual,final,3.6,False,0,,,,,,,,,,,,,,,,,,,,[]
orphan_45c5dc4d563226ca,athlete_missing_in_score_sheet,review,"The event/apparatus/context exists, but this athlete is missing in the score sheet.",WAG D,6233,Stella Zakharova Cup,2019,Li Wen Rachel Yeoh,MAS,WAG,senior,BB,,,apparatus,final,4.6,False,0,,,,,,,,,,,,,,,,,,,,[]
orphan_7c8ef003b84b1e4b,athlete_missing_in_score_sheet,review,"The event/apparatus/context exists, but this athlete is missing in the score sheet.",WAG D,6233,Stella Zakharova Cup,2019,Li Wen Rachel Yeoh,MAS,WAG,senior,UB,,,apparatus,final,3.6,False,0,,,,,,,,,,,,,,,,,,,,[]
orphan_cc2d36cb1d5b7639,athlete_missing_in_score_sheet,review,"The event/apparatus/context exists, but this athlete is missing in the score sheet.",WAG D,6234,Zhaoqing Challenge Cup,2019,Li Wen Yeoh,MAS,WAG,senior,UB,,,apparatus,final,4.3,False,0,,,,,,,,,,,,,,,,,,,,[]
orphan_bdba33b234674a6b,athlete_missing_in_score_sheet,review,"The event/apparatus/context exists, but this athlete is missing in the score sheet.",WAG D,6235,Zhaoqing Challenge Cup,2019,Li Wen Yeoh,MAS,WAG,senior,UB,,,individual,qualification,4.3,False,0,,,,,,,,,,,,,,,,,,,,[]
orphan_1bad6ac1ff729d5e,athlete_missing_in_score_sheet,review,"The event/apparatus/context exists, but this athlete is missing in the score sheet.",WAG D,6241,Chinese Championships,2019,Li Yanan,CHN,WAG,senior,BB,,,team,final,5.1,False,0,,,,,,,,,,,,,,,,,,,,[]
orphan_2e8cd7e55e0d0c3e,athlete_missing_in_score_sheet,review,"The event/apparatus/context exists, but this athlete is missing in the score sheet.",WAG D,6241,Chinese Championships,2019,Li Yanan,CHN,WAG,senior,FX,,,team,final,4.7,False,0,,,,,,,,,,,,,,,,,,,,[]
orphan_9d89a7fd110e9c1f,athlete_missing_in_score_sheet,review,"The event/apparatus/context exists, but this athlete is missing in the score sheet.",WAG D,6241,Chinese Championships,2019,Li Yanan,CHN,WAG,senior,UB,,,team,final,4.6,False,0,,,,,,,,,,,,,,,,,,,,[]
orphan_d63843f0c008aab6,athlete_missing_in_score_sheet,review,"The event/apparatus/context exists, but this athlete is missing in the score sheet.",WAG D,6242,Chinese Championships,2019,Li Yanan,CHN,WAG,senior,BB,,,individual,qualification,5.1,False,0,,,,,,,,,,,,,,,,,,,,[]
orphan_cd846b2480e83483,athlete_missing_in_score_sheet,review,"The event/apparatus/context exists, but this athlete is missing in the score sheet.",WAG D,6242,Chinese Championships,2019,Li Yanan,CHN,WAG,senior,FX,,,individual,qualification,4.7,False,0,,,,,,,,,,,,,,,,,,,,[]
orphan_8fca908e2b8619e1,athlete_missing_in_score_sheet,review,"The event/apparatus/context exists, but this athlete is missing in the score sheet.",WAG D,6242,Chinese Championships,2019,Li Yanan,CHN,WAG,senior,UB,,,individual,qualification,4.5,False,0,,,,,,,,,,,,,,,,,,,,[]
orphan_0fc615fb87ea81c9,possible_context_mismatch,review,"Possible format, round, or day mismatch.",WAG D,6339,GymStars International,2019,Liliana Moring,GBR,WAG,junior,VT,2,,individual,final,3.3,True,1,suggestion_e3c60ebbee38823b,context_correction,0.65,"Same athlete/event/apparatus exists in the score sheet, but format, round, or day is different.",GymStars International,2019,Liliana Moring,GBR,WAG,junior,VT,2,,apparatus,final,12.601,3.5,WAG,7575,"[{""suggestion_id"": ""suggestion_e3c60ebbee38823b"", ""suggestion_type"": ""context_correction"", ""confidence"": 0.65, ""message"": ""Same athlete/event/apparatus exists in the score sheet, but format, round, or day is different."", ""action"": ""attach_d_score_to_target_result"", ""changes"": {""format"": {""from"": ""individual"", ""to"": ""apparatus""}, ""round"": {""from"": ""final"", ""to"": ""final""}, ""day"": {""from"": null, ""to"": null}}, ""target_result"": {""event_name"": ""GymStars International"", ""year"": 2019, ""athlete_name"": ""Liliana Moring"", ""country"": ""GBR"", ""discipline"": ""WAG"", ""category"": ""junior"", ""apparatus"": ""VT"", ""vt_attempt"": 2, ""day"": null, ""format"": ""apparatus"", ""round"": ""final"", ""score"": 12.601, ""D_score"": 3.5, ""vault_attempt_order_uncertain"": true, ""source_sheet"": ""WAG"", ""source_row"": 7575, ""target_id"": ""target_68414dacd0faf964""}}]"
orphan_38326afbbf24c176,missing_final_score_for_context,review,"The athlete/event exists, but not this apparatus/context.",WAG D,6371,German Junior Championships,2019,Lilly Pöpperl,GER,WAG,junior,VT,2,,individual,final,3.5,True,0,,,,,,,,,,,,,,,,,,,,[]
orphan_59dd369bbb1b6750,possible_context_mismatch,review,"Possible format, round, or day mismatch.",WAG D,6411,Austrian Championships,2019,Linda Chai,AUT,WAG,junior,VT,1,,apparatus,final,3.5,True,1,suggestion_173e90808693cde6,context_correction,0.65,"Same athlete/event/apparatus exists in the score sheet, but format, round, or day is different.",Austrian Championships,2019,Linda Chai,AUT,WAG,junior,VT,1,,individual,final,12.35,3.5,WAG,7645,"[{""suggestion_id"": ""suggestion_173e90808693cde6"", ""suggestion_type"": ""context_correction"", ""confidence"": 0.65, ""message"": ""Same athlete/event/apparatus exists in the score sheet, but format, round, or day is different."", ""action"": ""attach_d_score_to_target_result"", ""changes"": {""format"": {""from"": ""apparatus"", ""to"": ""individual""}, ""round"": {""from"": ""final"", ""to"": ""final""}, ""day"": {""from"": null, ""to"": null}}, ""target_result"": {""event_name"": ""Austrian Championships"", ""year"": 2019, ""athlete_name"": ""Linda Chai"", ""country"": ""AUT"", ""discipline"": ""WAG"", ""category"": ""junior"", ""apparatus"": ""VT"", ""vt_attempt"": 1, ""day"": null, ""format"": ""individual"", ""round"": ""final"", ""score"": 12.35, ""D_score"": 3.5, ""vault_attempt_order_uncertain"": true, ""source_sheet"": ""WAG"", ""source_row"": 7645, ""target_id"": ""target_e560c99e0264db72""}}]"
orphan_a55ead054e551f2c,possible_context_mismatch,review,"Possible format, round, or day mismatch.",WAG D,6411,Austrian Championships,2019,Linda Chai,AUT,WAG,junior,VT,2,,apparatus,final,3.3,True,1,suggestion_4644eb334bbfab4c,context_correction,0.65,"Same athlete/event/apparatus exists in the score sheet, but format, round, or day is different.",Austrian Championships,2019,Linda Chai,AUT,WAG,junior,VT,2,,individual,final,12.3,3.3,WAG,7645,"[{""suggestion_id"": ""suggestion_4644eb334bbfab4c"", ""suggestion_type"": ""context_correction"", ""confidence"": 0.65, ""message"": ""Same athlete/event/apparatus exists in the score sheet, but format, round, or day is different."", ""action"": ""attach_d_score_to_target_result"", ""changes"": {""format"": {""from"": ""apparatus"", ""to"": ""individual""}, ""round"": {""from"": ""final"", ""to"": ""final""}, ""day"": {""from"": null, ""to"": null}}, ""target_result"": {""event_name"": ""Austrian Championships"", ""year"": 2019, ""athlete_name"": ""Linda Chai"", ""country"": ""AUT"", ""discipline"": ""WAG"", ""category"": ""junior"", ""apparatus"": ""VT"", ""vt_attempt"": 2, ""day"": null, ""format"": ""individual"", ""round"": ""final"", ""score"": 12.3, ""D_score"": 3.3, ""vault_attempt_order_uncertain"": true, ""source_sheet"": ""WAG"", ""source_row"": 7645, ""target_id"": ""target_f8909fe6d575163c""}}]"
orphan_4993e68c19e2acc2,possible_context_mismatch,review,"Possible format, round, or day mismatch.",WAG D,6416,Dutch Championships,2019,Linde Visscher,NED,WAG,junior,VT,2,,individual,final,4.0,True,1,suggestion_7912c63ac1536489,context_correction,0.65,"Same athlete/event/apparatus exists in the score sheet, but format, round, or day is different.",Dutch Championships,2019,Linde Visscher,NED,WAG,junior,VT,2,,apparatus,final,13.05,4.0,WAG,7653,"[{""suggestion_id"": ""suggestion_7912c63ac1536489"", ""suggestion_type"": ""context_correction"", ""confidence"": 0.65, ""message"": ""Same athlete/event/apparatus exists in the score sheet, but format, round, or day is different."", ""action"": ""attach_d_score_to_target_result"", ""changes"": {""format"": {""from"": ""individual"", ""to"": ""apparatus""}, ""round"": {""from"": ""final"", ""to"": ""final""}, ""day"": {""from"": null, ""to"": null}}, ""target_result"": {""event_name"": ""Dutch Championships"", ""year"": 2019, ""athlete_name"": ""Linde Visscher"", ""country"": ""NED"", ""discipline"": ""WAG"", ""category"": ""junior"", ""apparatus"": ""VT"", ""vt_attempt"": 2, ""day"": null, ""format"": ""apparatus"", ""round"": ""final"", ""score"": 13.05, ""D_score"": 4.0, ""vault_attempt_order_uncertain"": true, ""source_sheet"": ""WAG"", ""source_row"": 7653, ""target_id"": ""target_725dc69a017e5ff9""}}]"
orphan_e194ed67bed0c20c,missing_final_score_for_context,review,"The athlete/event exists, but not this apparatus/context.",WAG D,6486,City of Jesolo Trophy,2019,Lisa Vaelen,BEL,WAG,junior,VT,2,,individual,final,4.4,True,0,,,,,,,,,,,,,,,,,,,,[]
orphan_440a19f67deda7be,missing_final_score_for_context,review,"The athlete/event exists, but not this apparatus/context.",WAG D,6492,Dutch Championships,2019,Lisa van Rozen,NED,WAG,junior,VT,2,,individual,final,4.0,True,0,,,,,,,,,,,,,,,,,,,,[]
orphan_2e4e9f242f8847fd,possible_athlete_name_typo,review,Possible athlete-name typo between the D sheet and the score sheet.,WAG D,6534,Chinese Championships,2019,Liu Sijia,CHN,WAG,senior,BB,,,individual,qualification,4.6,False,1,suggestion_520350dd0067c834,athlete_name_correction,0.889,D-score athlete 'Liu Sijia' probably matches score-sheet athlete 'Li Shijia'.,Chinese Championships,2019,Li Shijia,CHN,WAG,senior,BB,,,individual,qualification,13.2,5.7,WAG,7436,"[{""suggestion_id"": ""suggestion_520350dd0067c834"", ""suggestion_type"": ""athlete_name_correction"", ""confidence"": 0.889, ""message"": ""D-score athlete 'Liu Sijia' probably matches score-sheet athlete 'Li Shijia'."", ""action"": ""attach_d_score_to_target_result"", ""changes"": {""athlete_name"": {""from"": ""Liu Sijia"", ""to"": ""Li Shijia""}}, ""target_result"": {""event_name"": ""Chinese Championships"", ""year"": 2019, ""athlete_name"": ""Li Shijia"", ""country"": ""CHN"", ""discipline"": ""WAG"", ""category"": ""senior"", ""apparatus"": ""BB"", ""vt_attempt"": null, ""day"": null, ""format"": ""individual"", ""round"": ""qualification"", ""score"": 13.2, ""D_score"": 5.7, ""vault_attempt_order_uncertain"": false, ""source_sheet"": ""WAG"", ""source_row"": 7436, ""target_id"": ""target_ee9363dd492a7834""}}]"
orphan_e5ca2b53860476d1,possible_athlete_name_typo,review,Possible athlete-name typo between the D sheet and the score sheet.,WAG D,6534,Chinese Championships,2019,Liu Sijia,CHN,WAG,senior,FX,,,individual,qualification,4.5,False,1,suggestion_a042680d16d20432,athlete_name_correction,0.889,D-score athlete 'Liu Sijia' probably matches score-sheet athlete 'Li Shijia'.,Chinese Championships,2019,Li Shijia,CHN,WAG,senior,FX,,,individual,qualification,12.7,4.6,WAG,7436,"[{""suggestion_id"": ""suggestion_a042680d16d20432"", ""suggestion_type"": ""athlete_name_correction"", ""confidence"": 0.889, ""message"": ""D-score athlete 'Liu Sijia' probably matches score-sheet athlete 'Li Shijia'."", ""action"": ""attach_d_score_to_target_result"", ""changes"": {""athlete_name"": {""from"": ""Liu Sijia"", ""to"": ""Li Shijia""}}, ""target_result"": {""event_name"": ""Chinese Championships"", ""year"": 2019, ""athlete_name"": ""Li Shijia"", ""country"": ""CHN"", ""discipline"": ""WAG"", ""category"": ""senior"", ""apparatus"": ""FX"", ""vt_attempt"": null, ""day"": null, ""format"": ""individual"", ""round"": ""qualification"", ""score"": 12.7, ""D_score"": 4.6, ""vault_attempt_order_uncertain"": false, ""source_sheet"": ""WAG"", ""source_row"": 7436, ""target_id"": ""target_1af5a8a40819c340""}}]"
orphan_9a76aca8a72a4375,possible_athlete_name_typo,review,Possible athlete-name typo between the D sheet and the score sheet.,WAG D,6534,Chinese Championships,2019,Liu Sijia,CHN,WAG,senior,UB,,,individual,qualification,2.0,False,1,suggestion_231b3fd1fbf95b14,athlete_name_correction,0.889,D-score athlete 'Liu Sijia' probably matches score-sheet athlete 'Li Shijia'.,Chinese Championships,2019,Li Shijia,CHN,WAG,senior,UB,,,individual,qualification,14.0,5.6,WAG,7436,"[{""suggestion_id"": ""suggestion_231b3fd1fbf95b14"", ""suggestion_type"": ""athlete_name_correction"", ""confidence"": 0.889, ""message"": ""D-score athlete 'Liu Sijia' probably matches score-sheet athlete 'Li Shijia'."", ""action"": ""attach_d_score_to_target_result"", ""changes"": {""athlete_name"": {""from"": ""Liu Sijia"", ""to"": ""Li Shijia""}}, ""target_result"": {""event_name"": ""Chinese Championships"", ""year"": 2019, ""athlete_name"": ""Li Shijia"", ""country"": ""CHN"", ""discipline"": ""WAG"", ""category"": ""senior"", ""apparatus"": ""UB"", ""vt_attempt"": null, ""day"": null, ""format"": ""individual"", ""round"": ""qualification"", ""score"": 14.0, ""D_score"": 5.6, ""vault_attempt_order_uncertain"": false, ""source_sheet"": ""WAG"", ""source_row"": 7436, ""target_id"": ""target_f1190a94ae815d91""}}]"
orphan_e4e62da55c118b7b,possible_athlete_name_typo,review,Possible athlete-name typo between the D sheet and the score sheet.,WAG D,6534,Chinese Championships,2019,Liu Sijia,CHN,WAG,senior,VT,1,,individual,qualification,3.7,True,1,suggestion_f56eb488a03a0830,athlete_name_correction,0.889,D-score athlete 'Liu Sijia' probably matches score-sheet athlete 'Li Shijia'.,Chinese Championships,2019,Li Shijia,CHN,WAG,senior,VT,1,,individual,qualification,13.8,,WAG,7436,"[{""suggestion_id"": ""suggestion_f56eb488a03a0830"", ""suggestion_type"": ""athlete_name_correction"", ""confidence"": 0.889, ""message"": ""D-score athlete 'Liu Sijia' probably matches score-sheet athlete 'Li Shijia'."", ""action"": ""attach_d_score_to_target_result"", ""changes"": {""athlete_name"": {""from"": ""Liu Sijia"", ""to"": ""Li Shijia""}}, ""target_result"": {""event_name"": ""Chinese Championships"", ""year"": 2019, ""athlete_name"": ""Li Shijia"", ""country"": ""CHN"", ""discipline"": ""WAG"", ""category"": ""senior"", ""apparatus"": ""VT"", ""vt_attempt"": 1, ""day"": null, ""format"": ""individual"", ""round"": ""qualification"", ""score"": 13.8, ""D_score"": null, ""vault_attempt_order_uncertain"": true, ""source_sheet"": ""WAG"", ""source_row"": 7436, ""target_id"": ""target_83fdec85360f29e6""}}]"
orphan_ee8ae82825d8d720,athlete_missing_in_score_sheet,review,"The event/apparatus/context exists, but this athlete is missing in the score sheet.",WAG D,6538,Chinese National Youth Games,2019,Liu Sijia,CHN,WAG,junior,BB,,,team,final,4.5,False,0,,,,,,,,,,,,,,,,,,,,[]
orphan_5ea19a26a6d07acd,athlete_missing_in_score_sheet,review,"The event/apparatus/context exists, but this athlete is missing in the score sheet.",WAG D,6538,Chinese National Youth Games,2019,Liu Sijia,CHN,WAG,junior,FX,,,team,final,3.3,False,0,,,,,,,,,,,,,,,,,,,,[]
orphan_c940bc600b25a26b,athlete_missing_in_score_sheet,review,"The event/apparatus/context exists, but this athlete is missing in the score sheet.",WAG D,6538,Chinese National Youth Games,2019,Liu Sijia,CHN,WAG,junior,VT,1,,team,final,3.7,True,0,,,,,,,,,,,,,,,,,,,,[]
orphan_12182327bc920dc6,athlete_missing_in_score_sheet,review,"The event/apparatus/context exists, but this athlete is missing in the score sheet.",WAG D,6537,Chinese National Youth Games,2019,Liu Sijia,CHN,WAG,junior,BB,,,individual,qualification,4.5,False,0,,,,,,,,,,,,,,,,,,,,[]
orphan_9674bb1d76a3b5d3,athlete_missing_in_score_sheet,review,"The event/apparatus/context exists, but this athlete is missing in the score sheet.",WAG D,6537,Chinese National Youth Games,2019,Liu Sijia,CHN,WAG,junior,FX,,,individual,qualification,4.1,False,0,,,,,,,,,,,,,,,,,,,,[]
orphan_1b2f0a67d111faa4,athlete_missing_in_score_sheet,review,"The event/apparatus/context exists, but this athlete is missing in the score sheet.",WAG D,6537,Chinese National Youth Games,2019,Liu Sijia,CHN,WAG,junior,UB,,,individual,qualification,0.3,False,0,,,,,,,,,,,,,,,,,,,,[]
orphan_0b9ea68b12768f8d,athlete_missing_in_score_sheet,review,"The event/apparatus/context exists, but this athlete is missing in the score sheet.",WAG D,6537,Chinese National Youth Games,2019,Liu Sijia,CHN,WAG,junior,VT,1,,individual,qualification,3.7,True,0,,,,,,,,,,,,,,,,,,,,[]
orphan_72ba785d6459fa63,athlete_missing_in_score_sheet,review,"The event/apparatus/context exists, but this athlete is missing in the score sheet.",WAG D,6538,Chinese National Youth Games,2019,Liu Sijia,CHN,WAG,junior,UB,,,team,final,0.3,False,0,,,,,,,,,,,,,,,,,,,,[]
orphan_e81f6a6c39ec6f84,missing_final_score_for_context,review,"The athlete/event exists, but not this apparatus/context.",WAG D,6575,Mälar Cup,2019,Livia Lindbäck,SWE,WAG,junior,VT,2,,individual,final,3.5,True,0,,,,,,,,,,,,,,,,,,,,[]
orphan_94980337086a7e07,possible_context_mismatch,review,"Possible format, round, or day mismatch.",WAG D,6607,German Junior Championships,2019,Lona Häcker,GER,WAG,junior,VT,2,,individual,final,4.0,True,1,suggestion_76991f56b0f0b0e5,context_correction,0.65,"Same athlete/event/apparatus exists in the score sheet, but format, round, or day is different.",German Junior Championships,2019,Lona Häcker,GER,WAG,junior,VT,2,,apparatus,final,13.166,4.0,WAG,7863,"[{""suggestion_id"": ""suggestion_76991f56b0f0b0e5"", ""suggestion_type"": ""context_correction"", ""confidence"": 0.65, ""message"": ""Same athlete/event/apparatus exists in the score sheet, but format, round, or day is different."", ""action"": ""attach_d_score_to_target_result"", ""changes"": {""format"": {""from"": ""individual"", ""to"": ""apparatus""}, ""round"": {""from"": ""final"", ""to"": ""final""}, ""day"": {""from"": null, ""to"": null}}, ""target_result"": {""event_name"": ""German Junior Championships"", ""year"": 2019, ""athlete_name"": ""Lona Häcker"", ""country"": ""GER"", ""discipline"": ""WAG"", ""category"": ""junior"", ""apparatus"": ""VT"", ""vt_attempt"": 2, ""day"": null, ""format"": ""apparatus"", ""round"": ""final"", ""score"": 13.166, ""D_score"": 4.0, ""vault_attempt_order_uncertain"": true, ""source_sheet"": ""WAG"", ""source_row"": 7863, ""target_id"": ""target_ae10cad269a9d214""}}]"
orphan_c94edaa9d5e81221,possible_event_name_mismatch,review,Possible event-name mismatch between the D sheet and the score sheet.,WAG D,6651,Brazilian Championships,2019,Lorrane Oliveira,BRA,WAG,senior,BB,,,individual,final,5.1,False,1,suggestion_413da04006b5039f,event_name_correction,0.885,D-score event 'Brazilian Championships' may match score-sheet event 'Brazilian Event Championships'.,Brazilian Event Championships,2019,Lorrane Oliveira,BRA,WAG,senior,BB,,,individual,final,12.7,,WAG,7920,"[{""suggestion_id"": ""suggestion_413da04006b5039f"", ""suggestion_type"": ""event_name_correction"", ""confidence"": 0.885, ""message"": ""D-score event 'Brazilian Championships' may match score-sheet event 'Brazilian Event Championships'."", ""action"": ""attach_d_score_to_target_result"", ""changes"": {""event_name"": {""from"": ""Brazilian Championships"", ""to"": ""Brazilian Event Championships""}}, ""target_result"": {""event_name"": ""Brazilian Event Championships"", ""year"": 2019, ""athlete_name"": ""Lorrane Oliveira"", ""country"": ""BRA"", ""discipline"": ""WAG"", ""category"": ""senior"", ""apparatus"": ""BB"", ""vt_attempt"": null, ""day"": null, ""format"": ""individual"", ""round"": ""final"", ""score"": 12.7, ""D_score"": null, ""vault_attempt_order_uncertain"": false, ""source_sheet"": ""WAG"", ""source_row"": 7920, ""target_id"": ""target_007b700591f29430""}}]"
orphan_9cf6b1b440b8f6d1,possible_event_name_mismatch,review,Possible event-name mismatch between the D sheet and the score sheet.,WAG D,6651,Brazilian Championships,2019,Lorrane Oliveira,BRA,WAG,senior,FX,,,individual,final,5.3,False,1,suggestion_ee1f5ea688a2756d,event_name_correction,0.885,D-score event 'Brazilian Championships' may match score-sheet event 'Brazilian Event Championships'.,Brazilian Event Championships,2019,Lorrane Oliveira,BRA,WAG,senior,FX,,,individual,final,12.3,,WAG,7920,"[{""suggestion_id"": ""suggestion_ee1f5ea688a2756d"", ""suggestion_type"": ""event_name_correction"", ""confidence"": 0.885, ""message"": ""D-score event 'Brazilian Championships' may match score-sheet event 'Brazilian Event Championships'."", ""action"": ""attach_d_score_to_target_result"", ""changes"": {""event_name"": {""from"": ""Brazilian Championships"", ""to"": ""Brazilian Event Championships""}}, ""target_result"": {""event_name"": ""Brazilian Event Championships"", ""year"": 2019, ""athlete_name"": ""Lorrane Oliveira"", ""country"": ""BRA"", ""discipline"": ""WAG"", ""category"": ""senior"", ""apparatus"": ""FX"", ""vt_attempt"": null, ""day"": null, ""format"": ""individual"", ""round"": ""final"", ""score"": 12.3, ""D_score"": null, ""vault_attempt_order_uncertain"": false, ""source_sheet"": ""WAG"", ""source_row"": 7920, ""target_id"": ""target_b8a4cfd7c970fe82""}}]"
orphan_0d2d30e407346835,possible_event_name_mismatch,review,Possible event-name mismatch between the D sheet and the score sheet.,WAG D,6651,Brazilian Championships,2019,Lorrane Oliveira,BRA,WAG,senior,UB,,,individual,final,5.4,False,1,suggestion_c5b424d98172c9ec,event_name_correction,0.885,D-score event 'Brazilian Championships' may match score-sheet event 'Brazilian Event Championships'.,Brazilian Event Championships,2019,Lorrane Oliveira,BRA,WAG,senior,UB,,,individual,final,12.8,,WAG,7920,"[{""suggestion_id"": ""suggestion_c5b424d98172c9ec"", ""suggestion_type"": ""event_name_correction"", ""confidence"": 0.885, ""message"": ""D-score event 'Brazilian Championships' may match score-sheet event 'Brazilian Event Championships'."", ""action"": ""attach_d_score_to_target_result"", ""changes"": {""event_name"": {""from"": ""Brazilian Championships"", ""to"": ""Brazilian Event Championships""}}, ""target_result"": {""event_name"": ""Brazilian Event Championships"", ""year"": 2019, ""athlete_name"": ""Lorrane Oliveira"", ""country"": ""BRA"", ""discipline"": ""WAG"", ""category"": ""senior"", ""apparatus"": ""UB"", ""vt_attempt"": null, ""day"": null, ""format"": ""individual"", ""round"": ""final"", ""score"": 12.8, ""D_score"": null, ""vault_attempt_order_uncertain"": false, ""source_sheet"": ""WAG"", ""source_row"": 7920, ""target_id"": ""target_b516180985693299""}}]"
orphan_ab4251f8199eb0d0,possible_event_name_mismatch,review,Possible event-name mismatch between the D sheet and the score sheet.,WAG D,6651,Brazilian Championships,2019,Lorrane Oliveira,BRA,WAG,senior,VT,1,,individual,final,4.6,True,1,suggestion_2a8418600daa0f26,event_name_correction,0.885,D-score event 'Brazilian Championships' may match score-sheet event 'Brazilian Event Championships'.,Brazilian Event Championships,2019,Lorrane Oliveira,BRA,WAG,senior,VT,1,,individual,final,13.167,,WAG,7920,"[{""suggestion_id"": ""suggestion_2a8418600daa0f26"", ""suggestion_type"": ""event_name_correction"", ""confidence"": 0.885, ""message"": ""D-score event 'Brazilian Championships' may match score-sheet event 'Brazilian Event Championships'."", ""action"": ""attach_d_score_to_target_result"", ""changes"": {""event_name"": {""from"": ""Brazilian Championships"", ""to"": ""Brazilian Event Championships""}}, ""target_result"": {""event_name"": ""Brazilian Event Championships"", ""year"": 2019, ""athlete_name"": ""Lorrane Oliveira"", ""country"": ""BRA"", ""discipline"": ""WAG"", ""category"": ""senior"", ""apparatus"": ""VT"", ""vt_attempt"": 1, ""day"": null, ""format"": ""individual"", ""round"": ""final"", ""score"": 13.167, ""D_score"": null, ""vault_attempt_order_uncertain"": true, ""source_sheet"": ""WAG"", ""source_row"": 7920, ""target_id"": ""target_50ad67d993d627ef""}}]"
orphan_62f4e1cb3cd36366,possible_event_name_mismatch,review,Possible event-name mismatch between the D sheet and the score sheet.,WAG D,6652,Brazilian Championships,2019,Lorrane Oliveira,BRA,WAG,senior,BB,,,apparatus,final,5.0,False,1,suggestion_2c36ac3523c2d476,event_name_correction,0.885,D-score event 'Brazilian Championships' may match score-sheet event 'Brazilian Event Championships'.,Brazilian Event Championships,2019,Lorrane Oliveira,BRA,WAG,senior,BB,,,apparatus,final,13.067,,WAG,7919,"[{""suggestion_id"": ""suggestion_2c36ac3523c2d476"", ""suggestion_type"": ""event_name_correction"", ""confidence"": 0.885, ""message"": ""D-score event 'Brazilian Championships' may match score-sheet event 'Brazilian Event Championships'."", ""action"": ""attach_d_score_to_target_result"", ""changes"": {""event_name"": {""from"": ""Brazilian Championships"", ""to"": ""Brazilian Event Championships""}}, ""target_result"": {""event_name"": ""Brazilian Event Championships"", ""year"": 2019, ""athlete_name"": ""Lorrane Oliveira"", ""country"": ""BRA"", ""discipline"": ""WAG"", ""category"": ""senior"", ""apparatus"": ""BB"", ""vt_attempt"": null, ""day"": null, ""format"": ""apparatus"", ""round"": ""final"", ""score"": 13.067, ""D_score"": null, ""vault_attempt_order_uncertain"": false, ""source_sheet"": ""WAG"", ""source_row"": 7919, ""target_id"": ""target_e35cfa03070f4c5f""}}]"
orphan_193f608c74ac18ab,possible_event_name_mismatch,review,Possible event-name mismatch between the D sheet and the score sheet.,WAG D,6652,Brazilian Championships,2019,Lorrane Oliveira,BRA,WAG,senior,FX,,,apparatus,final,5.3,False,1,suggestion_7ce7502e10380298,event_name_correction,0.885,D-score event 'Brazilian Championships' may match score-sheet event 'Brazilian Event Championships'.,Brazilian Event Championships,2019,Lorrane Oliveira,BRA,WAG,senior,FX,,,apparatus,final,12.933,,WAG,7919,"[{""suggestion_id"": ""suggestion_7ce7502e10380298"", ""suggestion_type"": ""event_name_correction"", ""confidence"": 0.885, ""message"": ""D-score event 'Brazilian Championships' may match score-sheet event 'Brazilian Event Championships'."", ""action"": ""attach_d_score_to_target_result"", ""changes"": {""event_name"": {""from"": ""Brazilian Championships"", ""to"": ""Brazilian Event Championships""}}, ""target_result"": {""event_name"": ""Brazilian Event Championships"", ""year"": 2019, ""athlete_name"": ""Lorrane Oliveira"", ""country"": ""BRA"", ""discipline"": ""WAG"", ""category"": ""senior"", ""apparatus"": ""FX"", ""vt_attempt"": null, ""day"": null, ""format"": ""apparatus"", ""round"": ""final"", ""score"": 12.933, ""D_score"": null, ""vault_attempt_order_uncertain"": false, ""source_sheet"": ""WAG"", ""source_row"": 7919, ""target_id"": ""target_7ac0d0f4aa86a341""}}]"
orphan_9619a007b705c787,possible_event_name_mismatch,review,Possible event-name mismatch between the D sheet and the score sheet.,WAG D,6652,Brazilian Championships,2019,Lorrane Oliveira,BRA,WAG,senior,UB,,,apparatus,final,5.4,False,1,suggestion_3f55bdc1cc0207f7,event_name_correction,0.885,D-score event 'Brazilian Championships' may match score-sheet event 'Brazilian Event Championships'.,Brazilian Event Championships,2019,Lorrane Oliveira,BRA,WAG,senior,UB,,,apparatus,final,13.467,,WAG,7919,"[{""suggestion_id"": ""suggestion_3f55bdc1cc0207f7"", ""suggestion_type"": ""event_name_correction"", ""confidence"": 0.885, ""message"": ""D-score event 'Brazilian Championships' may match score-sheet event 'Brazilian Event Championships'."", ""action"": ""attach_d_score_to_target_result"", ""changes"": {""event_name"": {""from"": ""Brazilian Championships"", ""to"": ""Brazilian Event Championships""}}, ""target_result"": {""event_name"": ""Brazilian Event Championships"", ""year"": 2019, ""athlete_name"": ""Lorrane Oliveira"", ""country"": ""BRA"", ""discipline"": ""WAG"", ""category"": ""senior"", ""apparatus"": ""UB"", ""vt_attempt"": null, ""day"": null, ""format"": ""apparatus"", ""round"": ""final"", ""score"": 13.467, ""D_score"": null, ""vault_attempt_order_uncertain"": false, ""source_sheet"": ""WAG"", ""source_row"": 7919, ""target_id"": ""target_f6489b688bd0081b""}}]"
orphan_475c47820e9c1b78,possible_context_mismatch,review,"Possible format, round, or day mismatch.",WAG D,6702,Chinese Championships,2019,Lu Bi,CHN,WAG,senior,FX,,,team,final,4.5,False,1,suggestion_d72b42e5da196b01,context_correction,0.65,"Same athlete/event/apparatus exists in the score sheet, but format, round, or day is different.",Chinese Championships,2019,Lu Bi,CHN,WAG,senior,FX,,,individual,qualification,11.95,4.5,WAG,7972,"[{""suggestion_id"": ""suggestion_d72b42e5da196b01"", ""suggestion_type"": ""context_correction"", ""confidence"": 0.65, ""message"": ""Same athlete/event/apparatus exists in the score sheet, but format, round, or day is different."", ""action"": ""attach_d_score_to_target_result"", ""changes"": {""format"": {""from"": ""team"", ""to"": ""individual""}, ""round"": {""from"": ""final"", ""to"": ""qualification""}, ""day"": {""from"": null, ""to"": null}}, ""target_result"": {""event_name"": ""Chinese Championships"", ""year"": 2019, ""athlete_name"": ""Lu Bi"", ""country"": ""CHN"", ""discipline"": ""WAG"", ""category"": ""senior"", ""apparatus"": ""FX"", ""vt_attempt"": null, ""day"": null, ""format"": ""individual"", ""round"": ""qualification"", ""score"": 11.95, ""D_score"": 4.5, ""vault_attempt_order_uncertain"": false, ""source_sheet"": ""WAG"", ""source_row"": 7972, ""target_id"": ""target_2a794aad0290c697""}}]"
orphan_dcd8e9357ed2d217,possible_context_mismatch,review,"Possible format, round, or day mismatch.",WAG D,6745,Luxembourg Championships,2019,Lucie Gourdon,LUX,WAG,junior,VT,1,,apparatus,final,2.8,True,1,suggestion_02d7a3355df838f1,context_correction,0.65,"Same athlete/event/apparatus exists in the score sheet, but format, round, or day is different.",Luxembourg Championships,2019,Lucie Gourdon,LUX,WAG,junior,VT,1,,individual,final,11.3,2.8,WAG,8042,"[{""suggestion_id"": ""suggestion_02d7a3355df838f1"", ""suggestion_type"": ""context_correction"", ""confidence"": 0.65, ""message"": ""Same athlete/event/apparatus exists in the score sheet, but format, round, or day is different."", ""action"": ""attach_d_score_to_target_result"", ""changes"": {""format"": {""from"": ""apparatus"", ""to"": ""individual""}, ""round"": {""from"": ""final"", ""to"": ""final""}, ""day"": {""from"": null, ""to"": null}}, ""target_result"": {""event_name"": ""Luxembourg Championships"", ""year"": 2019, ""athlete_name"": ""Lucie Gourdon"", ""country"": ""LUX"", ""discipline"": ""WAG"", ""category"": ""junior"", ""apparatus"": ""VT"", ""vt_attempt"": 1, ""day"": null, ""format"": ""individual"", ""round"": ""final"", ""score"": 11.3, ""D_score"": 2.8, ""vault_attempt_order_uncertain"": true, ""source_sheet"": ""WAG"", ""source_row"": 8042, ""target_id"": ""target_e7c11e4dc33983d8""}}]"
orphan_ec80177ee5324ad0,missing_final_score_for_context,review,"The athlete/event exists, but not this apparatus/context.",WAG D,6745,Luxembourg Championships,2019,Lucie Gourdon,LUX,WAG,junior,VT,2,,apparatus,final,2.0,True,0,,,,,,,,,,,,,,,,,,,,[]
orphan_c1d662bc77f3f1f0,possible_context_mismatch,review,"Possible format, round, or day mismatch.",WAG D,6834,German Junior Championships,2019,Luisa Huber,GER,WAG,junior,VT,2,,individual,final,3.7,True,1,suggestion_9a2dce425989f6c2,context_correction,0.65,"Same athlete/event/apparatus exists in the score sheet, but format, round, or day is different.",German Junior Championships,2019,Luisa Huber,GER,WAG,junior,VT,2,,apparatus,final,12.434,3.7,WAG,8137,"[{""suggestion_id"": ""suggestion_9a2dce425989f6c2"", ""suggestion_type"": ""context_correction"", ""confidence"": 0.65, ""message"": ""Same athlete/event/apparatus exists in the score sheet, but format, round, or day is different."", ""action"": ""attach_d_score_to_target_result"", ""changes"": {""format"": {""from"": ""individual"", ""to"": ""apparatus""}, ""round"": {""from"": ""final"", ""to"": ""final""}, ""day"": {""from"": null, ""to"": null}}, ""target_result"": {""event_name"": ""German Junior Championships"", ""year"": 2019, ""athlete_name"": ""Luisa Huber"", ""country"": ""GER"", ""discipline"": ""WAG"", ""category"": ""junior"", ""apparatus"": ""VT"", ""vt_attempt"": 2, ""day"": null, ""format"": ""apparatus"", ""round"": ""final"", ""score"": 12.434, ""D_score"": 3.7, ""vault_attempt_order_uncertain"": true, ""source_sheet"": ""WAG"", ""source_row"": 8137, ""target_id"": ""target_1da6c97caf0d95c9""}}]"
orphan_9db107edf021dcc5,missing_final_score_for_context,review,"The athlete/event exists, but not this apparatus/context.",WAG D,6904,Dutch Championships,2019,Maartje Wurkum,NED,WAG,senior,VT,2,,individual,final,4.2,True,0,,,,,,,,,,,,,,,,,,,,[]
orphan_a498c90db9cf2690,missing_final_score_for_context,review,"The athlete/event exists, but not this apparatus/context.",WAG D,6912,World Champion's National Qualifier,2019,Mackenzie Osborne,USA,WAG,junior,VT,1,,individual,final,3.5,True,0,,,,,,,,,,,,,,,,,,,,[]
orphan_d95293948385bf0b,athlete_missing_in_score_sheet,review,"The event/apparatus/context exists, but this athlete is missing in the score sheet.",WAG D,6919,Hopes Classic,2019,Maddie Losee,USA,WAG,junior,BB,,,individual,final,4.2,False,0,,,,,,,,,,,,,,,,,,,,[]
orphan_7115b3d12226324b,athlete_missing_in_score_sheet,review,"The event/apparatus/context exists, but this athlete is missing in the score sheet.",WAG D,6919,Hopes Classic,2019,Maddie Losee,USA,WAG,junior,FX,,,individual,final,4.1,False,0,,,,,,,,,,,,,,,,,,,,[]
orphan_97b25f2ca82cb413,athlete_missing_in_score_sheet,review,"The event/apparatus/context exists, but this athlete is missing in the score sheet.",WAG D,6919,Hopes Classic,2019,Maddie Losee,USA,WAG,junior,UB,,,individual,final,3.5,False,0,,,,,,,,,,,,,,,,,,,,[]
orphan_5a614c0d87038cc6,athlete_missing_in_score_sheet,review,"The event/apparatus/context exists, but this athlete is missing in the score sheet.",WAG D,6919,Hopes Classic,2019,Maddie Losee,USA,WAG,junior,VT,1,,individual,final,3.5,True,0,,,,,,,,,,,,,,,,,,,,[]
orphan_7b6183171c173905,missing_final_score_for_context,review,"The athlete/event exists, but not this apparatus/context.",WAG D,6939,Tiger Cup,2019,Madison Croese,BEL,WAG,junior,UB,,,individual,final,0.6,False,0,,,,,,,,,,,,,,,,,,,,[]
orphan_4b1721c5efa15004,possible_context_mismatch,review,"Possible format, round, or day mismatch.",WAG D,6977,Luxembourg Championships,2019,Maeva Baum,LUX,WAG,senior,VT,1,,apparatus,final,4.0,True,1,suggestion_b102f40c0911e3b8,context_correction,0.65,"Same athlete/event/apparatus exists in the score sheet, but format, round, or day is different.",Luxembourg Championships,2019,Maeva Baum,LUX,WAG,senior,VT,1,,individual,final,11.55,4.0,WAG,8295,"[{""suggestion_id"": ""suggestion_b102f40c0911e3b8"", ""suggestion_type"": ""context_correction"", ""confidence"": 0.65, ""message"": ""Same athlete/event/apparatus exists in the score sheet, but format, round, or day is different."", ""action"": ""attach_d_score_to_target_result"", ""changes"": {""format"": {""from"": ""apparatus"", ""to"": ""individual""}, ""round"": {""from"": ""final"", ""to"": ""final""}, ""day"": {""from"": null, ""to"": null}}, ""target_result"": {""event_name"": ""Luxembourg Championships"", ""year"": 2019, ""athlete_name"": ""Maeva Baum"", ""country"": ""LUX"", ""discipline"": ""WAG"", ""category"": ""senior"", ""apparatus"": ""VT"", ""vt_attempt"": 1, ""day"": null, ""format"": ""individual"", ""round"": ""final"", ""score"": 11.55, ""D_score"": 4.0, ""vault_attempt_order_uncertain"": true, ""source_sheet"": ""WAG"", ""source_row"": 8295, ""target_id"": ""target_9ea92c522d2c7640""}}]"
orphan_c95f05da73178fe3,missing_final_score_for_context,review,"The athlete/event exists, but not this apparatus/context.",WAG D,7051,German Junior Championships,2019,Maike Halbisch,GER,WAG,junior,VT,2,,individual,final,3.5,True,0,,,,,,,,,,,,,,,,,,,,[]
orphan_5b36e5c0e7387798,possible_context_mismatch,review,"Possible format, round, or day mismatch.",WAG D,7081,Stella Zakharova Cup,2019,Maisa Kuusikko,FIN,WAG,junior,VT,2,,individual,final,4.0,True,1,suggestion_a98d79bce1a74ab2,context_correction,0.65,"Same athlete/event/apparatus exists in the score sheet, but format, round, or day is different.",Stella Zakharova Cup,2019,Maisa Kuusikko,FIN,WAG,junior,VT,2,,apparatus,final,13.05,4.0,WAG,8416,"[{""suggestion_id"": ""suggestion_a98d79bce1a74ab2"", ""suggestion_type"": ""context_correction"", ""confidence"": 0.65, ""message"": ""Same athlete/event/apparatus exists in the score sheet, but format, round, or day is different."", ""action"": ""attach_d_score_to_target_result"", ""changes"": {""format"": {""from"": ""individual"", ""to"": ""apparatus""}, ""round"": {""from"": ""final"", ""to"": ""final""}, ""day"": {""from"": null, ""to"": null}}, ""target_result"": {""event_name"": ""Stella Zakharova Cup"", ""year"": 2019, ""athlete_name"": ""Maisa Kuusikko"", ""country"": ""FIN"", ""discipline"": ""WAG"", ""category"": ""junior"", ""apparatus"": ""VT"", ""vt_attempt"": 2, ""day"": null, ""format"": ""apparatus"", ""round"": ""final"", ""score"": 13.05, ""D_score"": 4.0, ""vault_attempt_order_uncertain"": true, ""source_sheet"": ""WAG"", ""source_row"": 8416, ""target_id"": ""target_f816fd72a4b3ba22""}}]"
orphan_4022f18d333cd2e1,possible_context_mismatch,review,"Possible format, round, or day mismatch.",WAG D,7085,Nordic Junior Championships,2019,Maisa Kuusikko,FIN,WAG,junior,VT,2,,individual,final,4.0,True,1,suggestion_da096c939eb798a6,context_correction,0.65,"Same athlete/event/apparatus exists in the score sheet, but format, round, or day is different.",Nordic Junior Championships,2019,Maisa Kuusikko,FIN,WAG,junior,VT,2,,apparatus,final,12.85,4.0,WAG,8422,"[{""suggestion_id"": ""suggestion_da096c939eb798a6"", ""suggestion_type"": ""context_correction"", ""confidence"": 0.65, ""message"": ""Same athlete/event/apparatus exists in the score sheet, but format, round, or day is different."", ""action"": ""attach_d_score_to_target_result"", ""changes"": {""format"": {""from"": ""individual"", ""to"": ""apparatus""}, ""round"": {""from"": ""final"", ""to"": ""final""}, ""day"": {""from"": null, ""to"": null}}, ""target_result"": {""event_name"": ""Nordic Junior Championships"", ""year"": 2019, ""athlete_name"": ""Maisa Kuusikko"", ""country"": ""FIN"", ""discipline"": ""WAG"", ""category"": ""junior"", ""apparatus"": ""VT"", ""vt_attempt"": 2, ""day"": null, ""format"": ""apparatus"", ""round"": ""final"", ""score"": 12.85, ""D_score"": 4.0, ""vault_attempt_order_uncertain"": true, ""source_sheet"": ""WAG"", ""source_row"": 8422, ""target_id"": ""target_f157c4f6ce43b41a""}}]"
orphan_0131a55e0be39cc3,possible_context_mismatch,review,"Possible format, round, or day mismatch.",WAG D,7124,Stella Zakharova Cup,2019,Malak Hossan,EGY,WAG,junior,VT,2,,individual,final,3.7,True,1,suggestion_3543ca82e0a943fb,context_correction,0.65,"Same athlete/event/apparatus exists in the score sheet, but format, round, or day is different.",Stella Zakharova Cup,2019,Malak Hossan,EGY,WAG,junior,VT,2,,apparatus,final,12.45,3.7,WAG,8462,"[{""suggestion_id"": ""suggestion_3543ca82e0a943fb"", ""suggestion_type"": ""context_correction"", ""confidence"": 0.65, ""message"": ""Same athlete/event/apparatus exists in the score sheet, but format, round, or day is different."", ""action"": ""attach_d_score_to_target_result"", ""changes"": {""format"": {""from"": ""individual"", ""to"": ""apparatus""}, ""round"": {""from"": ""final"", ""to"": ""final""}, ""day"": {""from"": null, ""to"": null}}, ""target_result"": {""event_name"": ""Stella Zakharova Cup"", ""year"": 2019, ""athlete_name"": ""Malak Hossan"", ""country"": ""EGY"", ""discipline"": ""WAG"", ""category"": ""junior"", ""apparatus"": ""VT"", ""vt_attempt"": 2, ""day"": null, ""format"": ""apparatus"", ""round"": ""final"", ""score"": 12.45, ""D_score"": 3.7, ""vault_attempt_order_uncertain"": true, ""source_sheet"": ""WAG"", ""source_row"": 8462, ""target_id"": ""target_ff7da23c18b5eea3""}}]"
orphan_190e31a82765bd4b,possible_context_mismatch,review,"Possible format, round, or day mismatch.",WAG D,7134,Argentinian Championships,2019,Malena Harte,ARG,WAG,junior,VT,2,,individual,final,4.0,True,1,suggestion_61bb788e98868aac,context_correction,0.65,"Same athlete/event/apparatus exists in the score sheet, but format, round, or day is different.",Argentinian Championships,2019,Malena Harte,ARG,WAG,junior,VT,2,,apparatus,final,12.65,4.0,WAG,8471,"[{""suggestion_id"": ""suggestion_61bb788e98868aac"", ""suggestion_type"": ""context_correction"", ""confidence"": 0.65, ""message"": ""Same athlete/event/apparatus exists in the score sheet, but format, round, or day is different."", ""action"": ""attach_d_score_to_target_result"", ""changes"": {""format"": {""from"": ""individual"", ""to"": ""apparatus""}, ""round"": {""from"": ""final"", ""to"": ""final""}, ""day"": {""from"": null, ""to"": null}}, ""target_result"": {""event_name"": ""Argentinian Championships"", ""year"": 2019, ""athlete_name"": ""Malena Harte"", ""country"": ""ARG"", ""discipline"": ""WAG"", ""category"": ""junior"", ""apparatus"": ""VT"", ""vt_attempt"": 2, ""day"": null, ""format"": ""apparatus"", ""round"": ""final"", ""score"": 12.65, ""D_score"": 4.0, ""vault_attempt_order_uncertain"": true, ""source_sheet"": ""WAG"", ""source_row"": 8471, ""target_id"": ""target_91cc4968c21670e6""}}]"
orphan_519327c93f18323c,possible_context_mismatch,review,"Possible format, round, or day mismatch.",WAG D,7169,Nordic Junior Championships,2019,Malla Montell,FIN,WAG,junior,VT,2,,individual,final,3.5,True,1,suggestion_6413f7eba4dc8b1e,context_correction,0.65,"Same athlete/event/apparatus exists in the score sheet, but format, round, or day is different.",Nordic Junior Championships,2019,Malla Montell,FIN,WAG,junior,VT,2,,apparatus,final,12.5,3.5,WAG,8508,"[{""suggestion_id"": ""suggestion_6413f7eba4dc8b1e"", ""suggestion_type"": ""context_correction"", ""confidence"": 0.65, ""message"": ""Same athlete/event/apparatus exists in the score sheet, but format, round, or day is different."", ""action"": ""attach_d_score_to_target_result"", ""changes"": {""format"": {""from"": ""individual"", ""to"": ""apparatus""}, ""round"": {""from"": ""final"", ""to"": ""final""}, ""day"": {""from"": null, ""to"": null}}, ""target_result"": {""event_name"": ""Nordic Junior Championships"", ""year"": 2019, ""athlete_name"": ""Malla Montell"", ""country"": ""FIN"", ""discipline"": ""WAG"", ""category"": ""junior"", ""apparatus"": ""VT"", ""vt_attempt"": 2, ""day"": null, ""format"": ""apparatus"", ""round"": ""final"", ""score"": 12.5, ""D_score"": 3.5, ""vault_attempt_order_uncertain"": true, ""source_sheet"": ""WAG"", ""source_row"": 8508, ""target_id"": ""target_ec255fdea9a52dde""}}]"
orphan_deb7d0012c1c4c7c,possible_context_mismatch,review,"Possible format, round, or day mismatch.",WAG D,7177,Mälar Cup,2019,Malva Wingren,SWE,WAG,junior,VT,2,,individual,final,4.0,True,1,suggestion_594764bc11098339,context_correction,0.65,"Same athlete/event/apparatus exists in the score sheet, but format, round, or day is different.",Mälar Cup,2019,Malva Wingren,SWE,WAG,junior,VT,2,,apparatus,final,12.9,4.0,WAG,8516,"[{""suggestion_id"": ""suggestion_594764bc11098339"", ""suggestion_type"": ""context_correction"", ""confidence"": 0.65, ""message"": ""Same athlete/event/apparatus exists in the score sheet, but format, round, or day is different."", ""action"": ""attach_d_score_to_target_result"", ""changes"": {""format"": {""from"": ""individual"", ""to"": ""apparatus""}, ""round"": {""from"": ""final"", ""to"": ""final""}, ""day"": {""from"": null, ""to"": null}}, ""target_result"": {""event_name"": ""Mälar Cup"", ""year"": 2019, ""athlete_name"": ""Malva Wingren"", ""country"": ""SWE"", ""discipline"": ""WAG"", ""category"": ""junior"", ""apparatus"": ""VT"", ""vt_attempt"": 2, ""day"": null, ""format"": ""apparatus"", ""round"": ""final"", ""score"": 12.9, ""D_score"": 4.0, ""vault_attempt_order_uncertain"": true, ""source_sheet"": ""WAG"", ""source_row"": 8516, ""target_id"": ""target_2a0d62e3c5bc9bc9""}}]"
orphan_863d4cb9abcce7b8,athlete_missing_in_score_sheet,review,"The event/apparatus/context exists, but this athlete is missing in the score sheet.",WAG D,7354,International GymSport,2019,Maria João Mendes,POR,WAG,junior,BB,,,individual,final,4.9,False,0,,,,,,,,,,,,,,,,,,,,[]
orphan_8d5e1bc441a6901f,athlete_missing_in_score_sheet,review,"The event/apparatus/context exists, but this athlete is missing in the score sheet.",WAG D,7354,International GymSport,2019,Maria João Mendes,POR,WAG,junior,FX,,,individual,final,4.3,False,0,,,,,,,,,,,,,,,,,,,,[]
orphan_393a6ffd2a62e315,athlete_missing_in_score_sheet,review,"The event/apparatus/context exists, but this athlete is missing in the score sheet.",WAG D,7354,International GymSport,2019,Maria João Mendes,POR,WAG,junior,UB,,,individual,final,3.4,False,0,,,,,,,,,,,,,,,,,,,,[]
orphan_b3ced381e6e14ee6,athlete_missing_in_score_sheet,review,"The event/apparatus/context exists, but this athlete is missing in the score sheet.",WAG D,7354,International GymSport,2019,Maria João Mendes,POR,WAG,junior,VT,1,,individual,final,3.3,True,0,,,,,,,,,,,,,,,,,,,,[]
orphan_4e0e5659f313e499,athlete_missing_in_score_sheet,review,"The event/apparatus/context exists, but this athlete is missing in the score sheet.",WAG D,7354,International GymSport,2019,Maria João Mendes,POR,WAG,junior,VT,2,,individual,final,4.0,True,0,,,,,,,,,,,,,,,,,,,,[]
orphan_18b6e5961486295b,athlete_missing_in_score_sheet,review,"The event/apparatus/context exists, but this athlete is missing in the score sheet.",WAG D,7355,International GymSport,2019,Maria João Mendes,POR,WAG,junior,BB,,,apparatus,final,3.7,False,0,,,,,,,,,,,,,,,,,,,,[]
orphan_ccf85f562ee46f1a,athlete_missing_in_score_sheet,review,"The event/apparatus/context exists, but this athlete is missing in the score sheet.",WAG D,7355,International GymSport,2019,Maria João Mendes,POR,WAG,junior,FX,,,apparatus,final,4.3,False,0,,,,,,,,,,,,,,,,,,,,[]
orphan_e5f5c9ed92a5ff02,athlete_missing_in_score_sheet,review,"The event/apparatus/context exists, but this athlete is missing in the score sheet.",WAG D,7388,Brazilian Championships,2019,Maria Rita Santos,BRA,WAG,junior,FX,,,individual,final,3.2,False,0,,,,,,,,,,,,,,,,,,,,[]
orphan_c82e76d2829a8a8d,athlete_missing_in_score_sheet,review,"The event/apparatus/context exists, but this athlete is missing in the score sheet.",WAG D,7388,Brazilian Championships,2019,Maria Rita Santos,BRA,WAG,junior,UB,,,individual,final,2.2,False,0,,,,,,,,,,,,,,,,,,,,[]
orphan_822a829e9d771c58,athlete_missing_in_score_sheet,review,"The event/apparatus/context exists, but this athlete is missing in the score sheet.",WAG D,7388,Brazilian Championships,2019,Maria Rita Santos,BRA,WAG,junior,VT,1,,individual,final,3.7,True,0,,,,,,,,,,,,,,,,,,,,[]
orphan_4335dd54e970a75a,possible_context_mismatch,review,"Possible format, round, or day mismatch.",WAG D,7398,Norwegian Championships,2019,Maria Tronrud,NOR,WAG,senior,VT,2,,individual,final,3.7,True,1,suggestion_255a815fa0b39ef7,context_correction,0.65,"Same athlete/event/apparatus exists in the score sheet, but format, round, or day is different.",Norwegian Championships,2019,Maria Tronrud,NOR,WAG,senior,VT,2,,apparatus,final,12.2,3.7,WAG,8822,"[{""suggestion_id"": ""suggestion_255a815fa0b39ef7"", ""suggestion_type"": ""context_correction"", ""confidence"": 0.65, ""message"": ""Same athlete/event/apparatus exists in the score sheet, but format, round, or day is different."", ""action"": ""attach_d_score_to_target_result"", ""changes"": {""format"": {""from"": ""individual"", ""to"": ""apparatus""}, ""round"": {""from"": ""final"", ""to"": ""final""}, ""day"": {""from"": null, ""to"": null}}, ""target_result"": {""event_name"": ""Norwegian Championships"", ""year"": 2019, ""athlete_name"": ""Maria Tronrud"", ""country"": ""NOR"", ""discipline"": ""WAG"", ""category"": ""senior"", ""apparatus"": ""VT"", ""vt_attempt"": 2, ""day"": null, ""format"": ""apparatus"", ""round"": ""final"", ""score"": 12.2, ""D_score"": 3.7, ""vault_attempt_order_uncertain"": true, ""source_sheet"": ""WAG"", ""source_row"": 8822, ""target_id"": ""target_efda137aa2f807b2""}}]"
orphan_1bd697deacb3defe,missing_final_score_for_context,review,"The athlete/event exists, but not this apparatus/context.",WAG D,7423,Stella Zakharova Cup,2019,Mariam Khairy,EGY,WAG,junior,VT,2,,individual,final,3.3,True,0,,,,,,,,,,,,,,,,,,,,[]
orphan_addd2d44c4482ac4,possible_context_mismatch,review,"Possible format, round, or day mismatch.",WAG D,7461,GymStars International,2019,Marie Irgens,NOR,WAG,junior,VT,2,,individual,final,2.0,True,1,suggestion_b872103e5be6c900,context_correction,0.65,"Same athlete/event/apparatus exists in the score sheet, but format, round, or day is different.",GymStars International,2019,Marie Irgens,NOR,WAG,junior,VT,2,,apparatus,final,10.734,2.0,WAG,8882,"[{""suggestion_id"": ""suggestion_b872103e5be6c900"", ""suggestion_type"": ""context_correction"", ""confidence"": 0.65, ""message"": ""Same athlete/event/apparatus exists in the score sheet, but format, round, or day is different."", ""action"": ""attach_d_score_to_target_result"", ""changes"": {""format"": {""from"": ""individual"", ""to"": ""apparatus""}, ""round"": {""from"": ""final"", ""to"": ""final""}, ""day"": {""from"": null, ""to"": null}}, ""target_result"": {""event_name"": ""GymStars International"", ""year"": 2019, ""athlete_name"": ""Marie Irgens"", ""country"": ""NOR"", ""discipline"": ""WAG"", ""category"": ""junior"", ""apparatus"": ""VT"", ""vt_attempt"": 2, ""day"": null, ""format"": ""apparatus"", ""round"": ""final"", ""score"": 10.734, ""D_score"": 2.0, ""vault_attempt_order_uncertain"": true, ""source_sheet"": ""WAG"", ""source_row"": 8882, ""target_id"": ""target_678293256dd2dc07""}}]"
orphan_b740c4089403cf1a,missing_final_score_for_context,review,"The athlete/event exists, but not this apparatus/context.",WAG D,7469,Nordic Junior Championships,2019,Marie Rønbeck,NOR,WAG,junior,VT,2,,individual,final,2.0,True,0,,,,,,,,,,,,,,,,,,,,[]
orphan_740c15667c39cd1d,possible_context_mismatch,review,"Possible format, round, or day mismatch.",WAG D,7581,Dutch Championships,2019,Marit Reijnders,NED,WAG,junior,VT,2,,individual,final,4.0,True,1,suggestion_2596ec70e26d77a4,context_correction,0.65,"Same athlete/event/apparatus exists in the score sheet, but format, round, or day is different.",Dutch Championships,2019,Marit Reijnders,NED,WAG,junior,VT,2,,apparatus,final,13.3,4.6,WAG,9038,"[{""suggestion_id"": ""suggestion_2596ec70e26d77a4"", ""suggestion_type"": ""context_correction"", ""confidence"": 0.65, ""message"": ""Same athlete/event/apparatus exists in the score sheet, but format, round, or day is different."", ""action"": ""attach_d_score_to_target_result"", ""changes"": {""format"": {""from"": ""individual"", ""to"": ""apparatus""}, ""round"": {""from"": ""final"", ""to"": ""final""}, ""day"": {""from"": null, ""to"": null}}, ""target_result"": {""event_name"": ""Dutch Championships"", ""year"": 2019, ""athlete_name"": ""Marit Reijnders"", ""country"": ""NED"", ""discipline"": ""WAG"", ""category"": ""junior"", ""apparatus"": ""VT"", ""vt_attempt"": 2, ""day"": null, ""format"": ""apparatus"", ""round"": ""final"", ""score"": 13.3, ""D_score"": 4.6, ""vault_attempt_order_uncertain"": true, ""source_sheet"": ""WAG"", ""source_row"": 9038, ""target_id"": ""target_4b827e912aa90ed5""}}]"
orphan_bd7dce244b4f30c7,missing_final_score_for_context,review,"The athlete/event exists, but not this apparatus/context.",WAG D,7651,Mälar Cup,2019,Marthe Bjørgen,NOR,WAG,junior,VT,2,,individual,final,3.7,True,0,,,,,,,,,,,,,,,,,,,,[]
orphan_cec583e56df530a2,missing_final_score_for_context,review,"The athlete/event exists, but not this apparatus/context.",WAG D,7744,Mälar Cup,2019,Matilda Hörnsten,SWE,WAG,junior,VT,2,,individual,final,2.0,True,0,,,,,,,,,,,,,,,,,,,,[]
orphan_852854501edd817a,possible_context_mismatch,review,"Possible format, round, or day mismatch.",WAG D,7759,Stella Zakharova Cup,2019,Maya Oberman-Etzion,ISR,WAG,junior,VT,2,,individual,final,4.0,True,1,suggestion_a6ee7da89424f71d,context_correction,0.65,"Same athlete/event/apparatus exists in the score sheet, but format, round, or day is different.",Stella Zakharova Cup,2019,Maya Oberman-Etzion,ISR,WAG,junior,VT,2,,apparatus,final,10.75,3.7,WAG,9238,"[{""suggestion_id"": ""suggestion_a6ee7da89424f71d"", ""suggestion_type"": ""context_correction"", ""confidence"": 0.65, ""message"": ""Same athlete/event/apparatus exists in the score sheet, but format, round, or day is different."", ""action"": ""attach_d_score_to_target_result"", ""changes"": {""format"": {""from"": ""individual"", ""to"": ""apparatus""}, ""round"": {""from"": ""final"", ""to"": ""final""}, ""day"": {""from"": null, ""to"": null}}, ""target_result"": {""event_name"": ""Stella Zakharova Cup"", ""year"": 2019, ""athlete_name"": ""Maya Oberman-Etzion"", ""country"": ""ISR"", ""discipline"": ""WAG"", ""category"": ""junior"", ""apparatus"": ""VT"", ""vt_attempt"": 2, ""day"": null, ""format"": ""apparatus"", ""round"": ""final"", ""score"": 10.75, ""D_score"": 3.7, ""vault_attempt_order_uncertain"": true, ""source_sheet"": ""WAG"", ""source_row"": 9238, ""target_id"": ""target_364b7d8a12df0def""}}]"
orphan_8004119be5652e3a,possible_context_mismatch,review,"Possible format, round, or day mismatch.",WAG D,7770,Mälar Cup,2019,Maya Ståhl,SWE,WAG,senior,VT,2,,individual,final,3.3,True,1,suggestion_0295830eb6d62511,context_correction,0.65,"Same athlete/event/apparatus exists in the score sheet, but format, round, or day is different.",Mälar Cup,2019,Maya Ståhl,SWE,WAG,senior,VT,2,,apparatus,final,10.9,2.4,WAG,9251,"[{""suggestion_id"": ""suggestion_0295830eb6d62511"", ""suggestion_type"": ""context_correction"", ""confidence"": 0.65, ""message"": ""Same athlete/event/apparatus exists in the score sheet, but format, round, or day is different."", ""action"": ""attach_d_score_to_target_result"", ""changes"": {""format"": {""from"": ""individual"", ""to"": ""apparatus""}, ""round"": {""from"": ""final"", ""to"": ""final""}, ""day"": {""from"": null, ""to"": null}}, ""target_result"": {""event_name"": ""Mälar Cup"", ""year"": 2019, ""athlete_name"": ""Maya Ståhl"", ""country"": ""SWE"", ""discipline"": ""WAG"", ""category"": ""senior"", ""apparatus"": ""VT"", ""vt_attempt"": 2, ""day"": null, ""format"": ""apparatus"", ""round"": ""final"", ""score"": 10.9, ""D_score"": 2.4, ""vault_attempt_order_uncertain"": true, ""source_sheet"": ""WAG"", ""source_row"": 9251, ""target_id"": ""target_bedab26451fcdfb6""}}]"
orphan_a6ced0b7e75766ee,possible_context_mismatch,review,"Possible format, round, or day mismatch.",WAG D,7848,Argentinian Championships,2019,Meline Mesropian,ARG,WAG,junior,VT,2,,individual,final,3.5,True,1,suggestion_c0dd20fa69749021,context_correction,0.65,"Same athlete/event/apparatus exists in the score sheet, but format, round, or day is different.",Argentinian Championships,2019,Meline Mesropian,ARG,WAG,junior,VT,2,,apparatus,final,12.05,3.5,WAG,9343,"[{""suggestion_id"": ""suggestion_c0dd20fa69749021"", ""suggestion_type"": ""context_correction"", ""confidence"": 0.65, ""message"": ""Same athlete/event/apparatus exists in the score sheet, but format, round, or day is different."", ""action"": ""attach_d_score_to_target_result"", ""changes"": {""format"": {""from"": ""individual"", ""to"": ""apparatus""}, ""round"": {""from"": ""final"", ""to"": ""final""}, ""day"": {""from"": null, ""to"": null}}, ""target_result"": {""event_name"": ""Argentinian Championships"", ""year"": 2019, ""athlete_name"": ""Meline Mesropian"", ""country"": ""ARG"", ""discipline"": ""WAG"", ""category"": ""junior"", ""apparatus"": ""VT"", ""vt_attempt"": 2, ""day"": null, ""format"": ""apparatus"", ""round"": ""final"", ""score"": 12.05, ""D_score"": 3.5, ""vault_attempt_order_uncertain"": true, ""source_sheet"": ""WAG"", ""source_row"": 9343, ""target_id"": ""target_60778f018f46f346""}}]"
orphan_c8a7b664bdb69d6c,possible_context_mismatch,review,"Possible format, round, or day mismatch.",WAG D,7884,Dutch Championships,2019,Merel Pouw,NED,WAG,junior,VT,2,,individual,final,3.7,True,1,suggestion_22e5f20ccc754785,context_correction,0.65,"Same athlete/event/apparatus exists in the score sheet, but format, round, or day is different.",Dutch Championships,2019,Merel Pouw,NED,WAG,junior,VT,2,,apparatus,final,12.65,3.7,WAG,9385,"[{""suggestion_id"": ""suggestion_22e5f20ccc754785"", ""suggestion_type"": ""context_correction"", ""confidence"": 0.65, ""message"": ""Same athlete/event/apparatus exists in the score sheet, but format, round, or day is different."", ""action"": ""attach_d_score_to_target_result"", ""changes"": {""format"": {""from"": ""individual"", ""to"": ""apparatus""}, ""round"": {""from"": ""final"", ""to"": ""final""}, ""day"": {""from"": null, ""to"": null}}, ""target_result"": {""event_name"": ""Dutch Championships"", ""year"": 2019, ""athlete_name"": ""Merel Pouw"", ""country"": ""NED"", ""discipline"": ""WAG"", ""category"": ""junior"", ""apparatus"": ""VT"", ""vt_attempt"": 2, ""day"": null, ""format"": ""apparatus"", ""round"": ""final"", ""score"": 12.65, ""D_score"": 3.7, ""vault_attempt_order_uncertain"": true, ""source_sheet"": ""WAG"", ""source_row"": 9385, ""target_id"": ""target_4e731fe75e0fb59a""}}]"
orphan_c573e0bce5e4c881,possible_athlete_name_typo,review,Possible athlete-name typo between the D sheet and the score sheet.,WAG D,7944,World Champion's National Qualifier,2019,MiaCamila Robelo,USA,WAG,junior,BB,,,individual,final,4.0,False,1,suggestion_ac4e03a00699c9ad,athlete_name_correction,0.97,D-score athlete 'MiaCamila Robelo' probably matches score-sheet athlete 'Mia Camila Robelo'.,World Champion's National Qualifier,2019,Mia Camila Robelo,USA,WAG,junior,BB,,,individual,final,9.75,,WAG,9396,"[{""suggestion_id"": ""suggestion_ac4e03a00699c9ad"", ""suggestion_type"": ""athlete_name_correction"", ""confidence"": 0.97, ""message"": ""D-score athlete 'MiaCamila Robelo' probably matches score-sheet athlete 'Mia Camila Robelo'."", ""action"": ""attach_d_score_to_target_result"", ""changes"": {""athlete_name"": {""from"": ""MiaCamila Robelo"", ""to"": ""Mia Camila Robelo""}}, ""target_result"": {""event_name"": ""World Champion's National Qualifier"", ""year"": 2019, ""athlete_name"": ""Mia Camila Robelo"", ""country"": ""USA"", ""discipline"": ""WAG"", ""category"": ""junior"", ""apparatus"": ""BB"", ""vt_attempt"": null, ""day"": null, ""format"": ""individual"", ""round"": ""final"", ""score"": 9.75, ""D_score"": null, ""vault_attempt_order_uncertain"": false, ""source_sheet"": ""WAG"", ""source_row"": 9396, ""target_id"": ""target_b6fdb7c7603ac2d8""}}]"
orphan_71d57b986249dc77,possible_athlete_name_typo,review,Possible athlete-name typo between the D sheet and the score sheet.,WAG D,7944,World Champion's National Qualifier,2019,MiaCamila Robelo,USA,WAG,junior,FX,,,individual,final,3.0,False,1,suggestion_775ebd5c94183128,athlete_name_correction,0.97,D-score athlete 'MiaCamila Robelo' probably matches score-sheet athlete 'Mia Camila Robelo'.,World Champion's National Qualifier,2019,Mia Camila Robelo,USA,WAG,junior,FX,,,individual,final,10.8,,WAG,9396,"[{""suggestion_id"": ""suggestion_775ebd5c94183128"", ""suggestion_type"": ""athlete_name_correction"", ""confidence"": 0.97, ""message"": ""D-score athlete 'MiaCamila Robelo' probably matches score-sheet athlete 'Mia Camila Robelo'."", ""action"": ""attach_d_score_to_target_result"", ""changes"": {""athlete_name"": {""from"": ""MiaCamila Robelo"", ""to"": ""Mia Camila Robelo""}}, ""target_result"": {""event_name"": ""World Champion's National Qualifier"", ""year"": 2019, ""athlete_name"": ""Mia Camila Robelo"", ""country"": ""USA"", ""discipline"": ""WAG"", ""category"": ""junior"", ""apparatus"": ""FX"", ""vt_attempt"": null, ""day"": null, ""format"": ""individual"", ""round"": ""final"", ""score"": 10.8, ""D_score"": null, ""vault_attempt_order_uncertain"": false, ""source_sheet"": ""WAG"", ""source_row"": 9396, ""target_id"": ""target_09e59258a51698cd""}}]"
orphan_b09d43b8a85d7272,possible_athlete_name_typo,review,Possible athlete-name typo between the D sheet and the score sheet.,WAG D,7944,World Champion's National Qualifier,2019,MiaCamila Robelo,USA,WAG,junior,UB,,,individual,final,3.4,False,1,suggestion_4a7bb4071a74d4f1,athlete_name_correction,0.97,D-score athlete 'MiaCamila Robelo' probably matches score-sheet athlete 'Mia Camila Robelo'.,World Champion's National Qualifier,2019,Mia Camila Robelo,USA,WAG,junior,UB,,,individual,final,11.6,,WAG,9396,"[{""suggestion_id"": ""suggestion_4a7bb4071a74d4f1"", ""suggestion_type"": ""athlete_name_correction"", ""confidence"": 0.97, ""message"": ""D-score athlete 'MiaCamila Robelo' probably matches score-sheet athlete 'Mia Camila Robelo'."", ""action"": ""attach_d_score_to_target_result"", ""changes"": {""athlete_name"": {""from"": ""MiaCamila Robelo"", ""to"": ""Mia Camila Robelo""}}, ""target_result"": {""event_name"": ""World Champion's National Qualifier"", ""year"": 2019, ""athlete_name"": ""Mia Camila Robelo"", ""country"": ""USA"", ""discipline"": ""WAG"", ""category"": ""junior"", ""apparatus"": ""UB"", ""vt_attempt"": null, ""day"": null, ""format"": ""individual"", ""round"": ""final"", ""score"": 11.6, ""D_score"": null, ""vault_attempt_order_uncertain"": false, ""source_sheet"": ""WAG"", ""source_row"": 9396, ""target_id"": ""target_bc824c38bd4cfc90""}}]"
orphan_bfa660f9fa83207f,possible_athlete_name_typo,review,Possible athlete-name typo between the D sheet and the score sheet.,WAG D,7944,World Champion's National Qualifier,2019,MiaCamila Robelo,USA,WAG,junior,VT,1,,individual,final,3.5,True,1,suggestion_44838f8f23c815b5,athlete_name_correction,0.97,D-score athlete 'MiaCamila Robelo' probably matches score-sheet athlete 'Mia Camila Robelo'.,World Champion's National Qualifier,2019,Mia Camila Robelo,USA,WAG,junior,VT,1,,individual,final,11.9,,WAG,9396,"[{""suggestion_id"": ""suggestion_44838f8f23c815b5"", ""suggestion_type"": ""athlete_name_correction"", ""confidence"": 0.97, ""message"": ""D-score athlete 'MiaCamila Robelo' probably matches score-sheet athlete 'Mia Camila Robelo'."", ""action"": ""attach_d_score_to_target_result"", ""changes"": {""athlete_name"": {""from"": ""MiaCamila Robelo"", ""to"": ""Mia Camila Robelo""}}, ""target_result"": {""event_name"": ""World Champion's National Qualifier"", ""year"": 2019, ""athlete_name"": ""Mia Camila Robelo"", ""country"": ""USA"", ""discipline"": ""WAG"", ""category"": ""junior"", ""apparatus"": ""VT"", ""vt_attempt"": 1, ""day"": null, ""format"": ""individual"", ""round"": ""final"", ""score"": 11.9, ""D_score"": null, ""vault_attempt_order_uncertain"": true, ""source_sheet"": ""WAG"", ""source_row"": 9396, ""target_id"": ""target_491f1448d8536c20""}}]"
orphan_5777834064d56480,possible_context_mismatch,review,"Possible format, round, or day mismatch.",WAG D,7958,German Junior Championships,2019,Michelle Kunz,GER,WAG,junior,VT,2,,individual,final,4.0,True,1,suggestion_2dc375163f29e8ca,context_correction,0.65,"Same athlete/event/apparatus exists in the score sheet, but format, round, or day is different.",German Junior Championships,2019,Michelle Kunz,GER,WAG,junior,VT,2,,apparatus,final,12.967,4.0,WAG,9464,"[{""suggestion_id"": ""suggestion_2dc375163f29e8ca"", ""suggestion_type"": ""context_correction"", ""confidence"": 0.65, ""message"": ""Same athlete/event/apparatus exists in the score sheet, but format, round, or day is different."", ""action"": ""attach_d_score_to_target_result"", ""changes"": {""format"": {""from"": ""individual"", ""to"": ""apparatus""}, ""round"": {""from"": ""final"", ""to"": ""final""}, ""day"": {""from"": null, ""to"": null}}, ""target_result"": {""event_name"": ""German Junior Championships"", ""year"": 2019, ""athlete_name"": ""Michelle Kunz"", ""country"": ""GER"", ""discipline"": ""WAG"", ""category"": ""junior"", ""apparatus"": ""VT"", ""vt_attempt"": 2, ""day"": null, ""format"": ""apparatus"", ""round"": ""final"", ""score"": 12.967, ""D_score"": 4.0, ""vault_attempt_order_uncertain"": true, ""source_sheet"": ""WAG"", ""source_row"": 9464, ""target_id"": ""target_83eb9bbabc34a8b4""}}]"
orphan_2c2860feff880d3f,missing_final_score_for_context,review,"The athlete/event exists, but not this apparatus/context.",WAG D,7969,City of Jesolo Trophy,2019,Micol Minotti,ITA,WAG,junior,VT,2,,individual,final,3.5,True,0,,,,,,,,,,,,,,,,,,,,[]
orphan_8c856663b83c957c,possible_event_name_mismatch,review,Possible event-name mismatch between the D sheet and the score sheet.,WAG D,8013,Brazilian Championships,2019,Milleny Soares,BRA,WAG,junior,BB,,,individual,final,4.9,False,1,suggestion_33998e49b69c8908,event_name_correction,0.885,D-score event 'Brazilian Championships' may match score-sheet event 'Brazilian Event Championships'.,Brazilian Event Championships,2019,Milleny Soares,BRA,WAG,junior,BB,,,individual,final,11.467,,WAG,9529,"[{""suggestion_id"": ""suggestion_33998e49b69c8908"", ""suggestion_type"": ""event_name_correction"", ""confidence"": 0.885, ""message"": ""D-score event 'Brazilian Championships' may match score-sheet event 'Brazilian Event Championships'."", ""action"": ""attach_d_score_to_target_result"", ""changes"": {""event_name"": {""from"": ""Brazilian Championships"", ""to"": ""Brazilian Event Championships""}}, ""target_result"": {""event_name"": ""Brazilian Event Championships"", ""year"": 2019, ""athlete_name"": ""Milleny Soares"", ""country"": ""BRA"", ""discipline"": ""WAG"", ""category"": ""junior"", ""apparatus"": ""BB"", ""vt_attempt"": null, ""day"": null, ""format"": ""individual"", ""round"": ""final"", ""score"": 11.467, ""D_score"": null, ""vault_attempt_order_uncertain"": false, ""source_sheet"": ""WAG"", ""source_row"": 9529, ""target_id"": ""target_91b60585c21da8ff""}}]"
orphan_e8620df525c2dd98,possible_event_name_mismatch,review,Possible event-name mismatch between the D sheet and the score sheet.,WAG D,8013,Brazilian Championships,2019,Milleny Soares,BRA,WAG,junior,FX,,,individual,final,4.3,False,1,suggestion_aaab6dbf424e9ecc,event_name_correction,0.885,D-score event 'Brazilian Championships' may match score-sheet event 'Brazilian Event Championships'.,Brazilian Event Championships,2019,Milleny Soares,BRA,WAG,junior,FX,,,individual,final,11.133,,WAG,9529,"[{""suggestion_id"": ""suggestion_aaab6dbf424e9ecc"", ""suggestion_type"": ""event_name_correction"", ""confidence"": 0.885, ""message"": ""D-score event 'Brazilian Championships' may match score-sheet event 'Brazilian Event Championships'."", ""action"": ""attach_d_score_to_target_result"", ""changes"": {""event_name"": {""from"": ""Brazilian Championships"", ""to"": ""Brazilian Event Championships""}}, ""target_result"": {""event_name"": ""Brazilian Event Championships"", ""year"": 2019, ""athlete_name"": ""Milleny Soares"", ""country"": ""BRA"", ""discipline"": ""WAG"", ""category"": ""junior"", ""apparatus"": ""FX"", ""vt_attempt"": null, ""day"": null, ""format"": ""individual"", ""round"": ""final"", ""score"": 11.133, ""D_score"": null, ""vault_attempt_order_uncertain"": false, ""source_sheet"": ""WAG"", ""source_row"": 9529, ""target_id"": ""target_741c93fe6a9bb63a""}}]"
orphan_903d32fed30f1fea,possible_event_name_mismatch,review,Possible event-name mismatch between the D sheet and the score sheet.,WAG D,8013,Brazilian Championships,2019,Milleny Soares,BRA,WAG,junior,UB,,,individual,final,4.8,False,1,suggestion_ed8f360413985018,event_name_correction,0.885,D-score event 'Brazilian Championships' may match score-sheet event 'Brazilian Event Championships'.,Brazilian Event Championships,2019,Milleny Soares,BRA,WAG,junior,UB,,,individual,final,10.4,,WAG,9529,"[{""suggestion_id"": ""suggestion_ed8f360413985018"", ""suggestion_type"": ""event_name_correction"", ""confidence"": 0.885, ""message"": ""D-score event 'Brazilian Championships' may match score-sheet event 'Brazilian Event Championships'."", ""action"": ""attach_d_score_to_target_result"", ""changes"": {""event_name"": {""from"": ""Brazilian Championships"", ""to"": ""Brazilian Event Championships""}}, ""target_result"": {""event_name"": ""Brazilian Event Championships"", ""year"": 2019, ""athlete_name"": ""Milleny Soares"", ""country"": ""BRA"", ""discipline"": ""WAG"", ""category"": ""junior"", ""apparatus"": ""UB"", ""vt_attempt"": null, ""day"": null, ""format"": ""individual"", ""round"": ""final"", ""score"": 10.4, ""D_score"": null, ""vault_attempt_order_uncertain"": false, ""source_sheet"": ""WAG"", ""source_row"": 9529, ""target_id"": ""target_f1914267ace1aa8d""}}]"
orphan_590dffa2ecd9f968,possible_event_name_mismatch,review,Possible event-name mismatch between the D sheet and the score sheet.,WAG D,8013,Brazilian Championships,2019,Milleny Soares,BRA,WAG,junior,VT,1,,individual,final,4.0,True,1,suggestion_819b957ba7944ca2,event_name_correction,0.885,D-score event 'Brazilian Championships' may match score-sheet event 'Brazilian Event Championships'.,Brazilian Event Championships,2019,Milleny Soares,BRA,WAG,junior,VT,1,,individual,final,12.533,,WAG,9529,"[{""suggestion_id"": ""suggestion_819b957ba7944ca2"", ""suggestion_type"": ""event_name_correction"", ""confidence"": 0.885, ""message"": ""D-score event 'Brazilian Championships' may match score-sheet event 'Brazilian Event Championships'."", ""action"": ""attach_d_score_to_target_result"", ""changes"": {""event_name"": {""from"": ""Brazilian Championships"", ""to"": ""Brazilian Event Championships""}}, ""target_result"": {""event_name"": ""Brazilian Event Championships"", ""year"": 2019, ""athlete_name"": ""Milleny Soares"", ""country"": ""BRA"", ""discipline"": ""WAG"", ""category"": ""junior"", ""apparatus"": ""VT"", ""vt_attempt"": 1, ""day"": null, ""format"": ""individual"", ""round"": ""final"", ""score"": 12.533, ""D_score"": null, ""vault_attempt_order_uncertain"": true, ""source_sheet"": ""WAG"", ""source_row"": 9529, ""target_id"": ""target_3c2fc46efd9301e4""}}]"
orphan_a82ee3f1bb73407d,missing_final_score_for_context,review,"The athlete/event exists, but not this apparatus/context.",WAG D,8088,Nordic Junior Championships,2019,Misella Antila,FIN,WAG,junior,VT,2,,individual,final,3.3,True,0,,,,,,,,,,,,,,,,,,,,[]
orphan_3cb222a45b99b2dd,missing_final_score_for_context,review,"The athlete/event exists, but not this apparatus/context.",WAG D,8099,Mälar Cup,2019,Molly Lindell,SWE,WAG,junior,VT,2,,individual,final,2.0,True,0,,,,,,,,,,,,,,,,,,,,[]
orphan_bea97a48233027f8,missing_final_score_for_context,review,"The athlete/event exists, but not this apparatus/context.",WAG D,8131,Norwegian Championships,2019,Monja Sønsteng,NOR,WAG,senior,VT,2,,individual,final,2.0,True,0,,,,,,,,,,,,,,,,,,,,[]
orphan_043959d575a1edc6,possible_context_mismatch,review,"Possible format, round, or day mismatch.",WAG D,8273,Luxembourg Championships,2019,Natacha Litt,LUX,WAG,junior,VT,1,,apparatus,final,2.8,True,1,suggestion_11b37f638bad8c57,context_correction,0.65,"Same athlete/event/apparatus exists in the score sheet, but format, round, or day is different.",Luxembourg Championships,2019,Natacha Litt,LUX,WAG,junior,VT,1,,individual,final,11.3,2.8,WAG,9881,"[{""suggestion_id"": ""suggestion_11b37f638bad8c57"", ""suggestion_type"": ""context_correction"", ""confidence"": 0.65, ""message"": ""Same athlete/event/apparatus exists in the score sheet, but format, round, or day is different."", ""action"": ""attach_d_score_to_target_result"", ""changes"": {""format"": {""from"": ""apparatus"", ""to"": ""individual""}, ""round"": {""from"": ""final"", ""to"": ""final""}, ""day"": {""from"": null, ""to"": null}}, ""target_result"": {""event_name"": ""Luxembourg Championships"", ""year"": 2019, ""athlete_name"": ""Natacha Litt"", ""country"": ""LUX"", ""discipline"": ""WAG"", ""category"": ""junior"", ""apparatus"": ""VT"", ""vt_attempt"": 1, ""day"": null, ""format"": ""individual"", ""round"": ""final"", ""score"": 11.3, ""D_score"": 2.8, ""vault_attempt_order_uncertain"": true, ""source_sheet"": ""WAG"", ""source_row"": 9881, ""target_id"": ""target_5f28f4c889c43b82""}}]"
orphan_d64df8fc3a2dc64d,missing_final_score_for_context,review,"The athlete/event exists, but not this apparatus/context.",WAG D,8273,Luxembourg Championships,2019,Natacha Litt,LUX,WAG,junior,VT,2,,apparatus,final,2.0,True,0,,,,,,,,,,,,,,,,,,,,[]
orphan_6bf7c2cd35ab19c8,athlete_missing_in_score_sheet,review,"The event/apparatus/context exists, but this athlete is missing in the score sheet.",WAG D,8279,Brazilian Championships,2019,Natalia Jesus,BRA,WAG,senior,BB,,,individual,final,4.5,False,0,,,,,,,,,,,,,,,,,,,,[]
orphan_047393e97302d529,athlete_missing_in_score_sheet,review,"The event/apparatus/context exists, but this athlete is missing in the score sheet.",WAG D,8279,Brazilian Championships,2019,Natalia Jesus,BRA,WAG,senior,FX,,,individual,final,4.2,False,0,,,,,,,,,,,,,,,,,,,,[]
orphan_146806b6f4f3ef6e,athlete_missing_in_score_sheet,review,"The event/apparatus/context exists, but this athlete is missing in the score sheet.",WAG D,8279,Brazilian Championships,2019,Natalia Jesus,BRA,WAG,senior,UB,,,individual,final,2.3,False,0,,,,,,,,,,,,,,,,,,,,[]
orphan_64bbd4b490e08ccd,athlete_missing_in_score_sheet,review,"The event/apparatus/context exists, but this athlete is missing in the score sheet.",WAG D,8279,Brazilian Championships,2019,Natalia Jesus,BRA,WAG,senior,VT,1,,individual,final,3.7,True,0,,,,,,,,,,,,,,,,,,,,[]
orphan_32543e42d2138d89,missing_final_score_for_context,review,"The athlete/event exists, but not this apparatus/context.",WAG D,8309,Norwegian Championships,2019,Natalie Quanvik,NOR,WAG,senior,VT,2,,individual,final,3.5,True,0,,,,,,,,,,,,,,,,,,,,[]
orphan_39d04bbc809e1da4,athlete_missing_in_score_sheet,review,"The event/apparatus/context exists, but this athlete is missing in the score sheet.",WAG D,8327,Elite Gym Massilia,2019,Natasha Lopez,CAN,WAG,senior,BB,,,individual,qualification,4.4,False,0,,,,,,,,,,,,,,,,,,,,[]
orphan_1ff12d5391e3e491,athlete_missing_in_score_sheet,review,"The event/apparatus/context exists, but this athlete is missing in the score sheet.",WAG D,8327,Elite Gym Massilia,2019,Natasha Lopez,CAN,WAG,senior,FX,,,individual,qualification,3.1,False,0,,,,,,,,,,,,,,,,,,,,[]
orphan_bccc7b9ed50fa001,athlete_missing_in_score_sheet,review,"The event/apparatus/context exists, but this athlete is missing in the score sheet.",WAG D,8327,Elite Gym Massilia,2019,Natasha Lopez,CAN,WAG,senior,UB,,,individual,qualification,3.6,False,0,,,,,,,,,,,,,,,,,,,,[]
orphan_cc7a69f9550b9f3e,athlete_missing_in_score_sheet,review,"The event/apparatus/context exists, but this athlete is missing in the score sheet.",WAG D,8327,Elite Gym Massilia,2019,Natasha Lopez,CAN,WAG,senior,VT,1,,individual,qualification,3.5,True,0,,,,,,,,,,,,,,,,,,,,[]
orphan_38c58195bc7c7573,possible_context_mismatch,review,"Possible format, round, or day mismatch.",WAG D,8386,German Junior Championships,2019,Nele Rüping,GER,WAG,junior,VT,2,,individual,final,4.0,True,1,suggestion_49e5f2f668526297,context_correction,0.65,"Same athlete/event/apparatus exists in the score sheet, but format, round, or day is different.",German Junior Championships,2019,Nele Rüping,GER,WAG,junior,VT,2,,apparatus,final,13.134,4.0,WAG,10029,"[{""suggestion_id"": ""suggestion_49e5f2f668526297"", ""suggestion_type"": ""context_correction"", ""confidence"": 0.65, ""message"": ""Same athlete/event/apparatus exists in the score sheet, but format, round, or day is different."", ""action"": ""attach_d_score_to_target_result"", ""changes"": {""format"": {""from"": ""individual"", ""to"": ""apparatus""}, ""round"": {""from"": ""final"", ""to"": ""final""}, ""day"": {""from"": null, ""to"": null}}, ""target_result"": {""event_name"": ""German Junior Championships"", ""year"": 2019, ""athlete_name"": ""Nele Rüping"", ""country"": ""GER"", ""discipline"": ""WAG"", ""category"": ""junior"", ""apparatus"": ""VT"", ""vt_attempt"": 2, ""day"": null, ""format"": ""apparatus"", ""round"": ""final"", ""score"": 13.134, ""D_score"": 4.0, ""vault_attempt_order_uncertain"": true, ""source_sheet"": ""WAG"", ""source_row"": 10029, ""target_id"": ""target_16b5effb3cfe51ca""}}]"
orphan_e9f350898790eb17,possible_context_mismatch,review,"Possible format, round, or day mismatch.",WAG D,8392,Mälar Cup,2019,Nella Männikkö,FIN,WAG,junior,VT,2,,individual,final,3.5,True,1,suggestion_4d0460bf0aee09f8,context_correction,0.65,"Same athlete/event/apparatus exists in the score sheet, but format, round, or day is different.",Mälar Cup,2019,Nella Männikkö,FIN,WAG,junior,VT,2,,apparatus,final,11.8,3.5,WAG,10035,"[{""suggestion_id"": ""suggestion_4d0460bf0aee09f8"", ""suggestion_type"": ""context_correction"", ""confidence"": 0.65, ""message"": ""Same athlete/event/apparatus exists in the score sheet, but format, round, or day is different."", ""action"": ""attach_d_score_to_target_result"", ""changes"": {""format"": {""from"": ""individual"", ""to"": ""apparatus""}, ""round"": {""from"": ""final"", ""to"": ""final""}, ""day"": {""from"": null, ""to"": null}}, ""target_result"": {""event_name"": ""Mälar Cup"", ""year"": 2019, ""athlete_name"": ""Nella Männikkö"", ""country"": ""FIN"", ""discipline"": ""WAG"", ""category"": ""junior"", ""apparatus"": ""VT"", ""vt_attempt"": 2, ""day"": null, ""format"": ""apparatus"", ""round"": ""final"", ""score"": 11.8, ""D_score"": 3.5, ""vault_attempt_order_uncertain"": true, ""source_sheet"": ""WAG"", ""source_row"": 10035, ""target_id"": ""target_4df4140a732c6f42""}}]"
orphan_8f39beaaa15b8412,missing_final_score_for_context,review,"The athlete/event exists, but not this apparatus/context.",WAG D,8396,German Junior Championships,2019,Nellie Adrian,GER,WAG,junior,VT,2,,individual,final,4.0,True,0,,,,,,,,,,,,,,,,,,,,[]
orphan_22fe067b8197334c,possible_context_mismatch,review,"Possible format, round, or day mismatch.",WAG D,8424,Austrian Championships,2019,Nicol Wimmer,AUT,WAG,junior,VT,1,,apparatus,final,4.0,True,1,suggestion_5f706333d13865a9,context_correction,0.65,"Same athlete/event/apparatus exists in the score sheet, but format, round, or day is different.",Austrian Championships,2019,Nicol Wimmer,AUT,WAG,junior,VT,1,,individual,final,12.85,4.0,WAG,10075,"[{""suggestion_id"": ""suggestion_5f706333d13865a9"", ""suggestion_type"": ""context_correction"", ""confidence"": 0.65, ""message"": ""Same athlete/event/apparatus exists in the score sheet, but format, round, or day is different."", ""action"": ""attach_d_score_to_target_result"", ""changes"": {""format"": {""from"": ""apparatus"", ""to"": ""individual""}, ""round"": {""from"": ""final"", ""to"": ""final""}, ""day"": {""from"": null, ""to"": null}}, ""target_result"": {""event_name"": ""Austrian Championships"", ""year"": 2019, ""athlete_name"": ""Nicol Wimmer"", ""country"": ""AUT"", ""discipline"": ""WAG"", ""category"": ""junior"", ""apparatus"": ""VT"", ""vt_attempt"": 1, ""day"": null, ""format"": ""individual"", ""round"": ""final"", ""score"": 12.85, ""D_score"": 4.0, ""vault_attempt_order_uncertain"": true, ""source_sheet"": ""WAG"", ""source_row"": 10075, ""target_id"": ""target_582ade040d79a507""}}]"
orphan_49209321fc06bb43,possible_context_mismatch,review,"Possible format, round, or day mismatch.",WAG D,8424,Austrian Championships,2019,Nicol Wimmer,AUT,WAG,junior,VT,2,,apparatus,final,3.7,True,1,suggestion_d7aac50cf037ad41,context_correction,0.65,"Same athlete/event/apparatus exists in the score sheet, but format, round, or day is different.",Austrian Championships,2019,Nicol Wimmer,AUT,WAG,junior,VT,2,,individual,final,12.65,3.7,WAG,10075,"[{""suggestion_id"": ""suggestion_d7aac50cf037ad41"", ""suggestion_type"": ""context_correction"", ""confidence"": 0.65, ""message"": ""Same athlete/event/apparatus exists in the score sheet, but format, round, or day is different."", ""action"": ""attach_d_score_to_target_result"", ""changes"": {""format"": {""from"": ""apparatus"", ""to"": ""individual""}, ""round"": {""from"": ""final"", ""to"": ""final""}, ""day"": {""from"": null, ""to"": null}}, ""target_result"": {""event_name"": ""Austrian Championships"", ""year"": 2019, ""athlete_name"": ""Nicol Wimmer"", ""country"": ""AUT"", ""discipline"": ""WAG"", ""category"": ""junior"", ""apparatus"": ""VT"", ""vt_attempt"": 2, ""day"": null, ""format"": ""individual"", ""round"": ""final"", ""score"": 12.65, ""D_score"": 3.7, ""vault_attempt_order_uncertain"": true, ""source_sheet"": ""WAG"", ""source_row"": 10075, ""target_id"": ""target_33a8e39878fe3e63""}}]"
orphan_a327562c8600142a,missing_final_score_for_context,review,"The athlete/event exists, but not this apparatus/context.",WAG D,8453,Mälar Cup,2019,Nicoline Capelle,SWE,WAG,junior,VT,2,,individual,final,2.0,True,0,,,,,,,,,,,,,,,,,,,,[]
orphan_c413b2da9e66e47c,missing_final_score_for_context,review,"The athlete/event exists, but not this apparatus/context.",WAG D,8457,Indian Championships,2019,Nidhi Tak,IND,WAG,senior,BB,,,individual,final,0.8,False,0,,,,,,,,,,,,,,,,,,,,[]
orphan_922dcaff3d23609c,missing_final_score_for_context,review,"The athlete/event exists, but not this apparatus/context.",WAG D,8458,Croatian Championships,2019,Nika Jerman,CRO,WAG,junior,VT,2,,individual,final,2.0,True,0,,,,,,,,,,,,,,,,,,,,[]
orphan_e2a09e2042757e79,missing_final_score_for_context,review,"The athlete/event exists, but not this apparatus/context.",WAG D,8627,Norwegian Championships,2019,Nora Irgens,NOR,WAG,senior,VT,2,,individual,final,3.5,True,0,,,,,,,,,,,,,,,,,,,,[]
orphan_8cf0e8d53004b6d1,possible_context_mismatch,review,"Possible format, round, or day mismatch.",WAG D,8652,Luxembourg Championships,2019,Nuria Silva Vilas Boas,LUX,WAG,junior,VT,1,,apparatus,final,2.8,True,1,suggestion_ad6d12b8c7f054c6,context_correction,0.65,"Same athlete/event/apparatus exists in the score sheet, but format, round, or day is different.",Luxembourg Championships,2019,Nuria Silva Vilas Boas,LUX,WAG,junior,VT,1,,individual,final,11.35,2.8,WAG,10355,"[{""suggestion_id"": ""suggestion_ad6d12b8c7f054c6"", ""suggestion_type"": ""context_correction"", ""confidence"": 0.65, ""message"": ""Same athlete/event/apparatus exists in the score sheet, but format, round, or day is different."", ""action"": ""attach_d_score_to_target_result"", ""changes"": {""format"": {""from"": ""apparatus"", ""to"": ""individual""}, ""round"": {""from"": ""final"", ""to"": ""final""}, ""day"": {""from"": null, ""to"": null}}, ""target_result"": {""event_name"": ""Luxembourg Championships"", ""year"": 2019, ""athlete_name"": ""Nuria Silva Vilas Boas"", ""country"": ""LUX"", ""discipline"": ""WAG"", ""category"": ""junior"", ""apparatus"": ""VT"", ""vt_attempt"": 1, ""day"": null, ""format"": ""individual"", ""round"": ""final"", ""score"": 11.35, ""D_score"": 2.8, ""vault_attempt_order_uncertain"": true, ""source_sheet"": ""WAG"", ""source_row"": 10355, ""target_id"": ""target_85459fad485ae246""}}]"
orphan_0bc4dbe86c19d2b6,missing_final_score_for_context,review,"The athlete/event exists, but not this apparatus/context.",WAG D,8652,Luxembourg Championships,2019,Nuria Silva Vilas Boas,LUX,WAG,junior,VT,2,,apparatus,final,2.0,True,0,,,,,,,,,,,,,,,,,,,,[]
orphan_248e5fa41919cd9c,missing_final_score_for_context,review,"The athlete/event exists, but not this apparatus/context.",WAG D,8661,GymStars International,2019,Oda Rysjedal,NOR,WAG,junior,VT,2,,individual,final,2.0,True,0,,,,,,,,,,,,,,,,,,,,[]
orphan_884e0c3640d13277,missing_final_score_for_context,review,"The athlete/event exists, but not this apparatus/context.",WAG D,8691,City of Jesolo Trophy,2019,Olga Astafyeva,RUS,WAG,junior,VT,2,,individual,final,4.6,True,0,,,,,,,,,,,,,,,,,,,,[]
orphan_c94fcc20fcfe9f3f,missing_final_score_for_context,review,"The athlete/event exists, but not this apparatus/context.",WAG D,8692,Norwegian Championships,2019,Oline Rolfsøn,NOR,WAG,senior,VT,2,,individual,final,2.8,True,0,,,,,,,,,,,,,,,,,,,,[]
orphan_6a5c867b6f3c1122,missing_final_score_for_context,review,"The athlete/event exists, but not this apparatus/context.",WAG D,8782,Indian Championships,2019,Paavana V.J.,IND,WAG,junior,BB,,,individual,final,1.1,False,0,,,,,,,,,,,,,,,,,,,,[]
orphan_dcf36cb5900eb815,athlete_missing_in_score_sheet,review,"The event/apparatus/context exists, but this athlete is missing in the score sheet.",WAG D,8801,Canadian Championships,2019,Paola Barahona,ESA,WAG,senior,BB,,,individual,qualification,4.6,False,0,,,,,,,,,,,,,,,,,,,,[]
orphan_2c086119d7d36087,athlete_missing_in_score_sheet,review,"The event/apparatus/context exists, but this athlete is missing in the score sheet.",WAG D,8801,Canadian Championships,2019,Paola Barahona,ESA,WAG,senior,FX,,,individual,qualification,4.2,False,0,,,,,,,,,,,,,,,,,,,,[]
orphan_1839ba01be7f8ee8,athlete_missing_in_score_sheet,review,"The event/apparatus/context exists, but this athlete is missing in the score sheet.",WAG D,8801,Canadian Championships,2019,Paola Barahona,ESA,WAG,senior,UB,,,individual,qualification,4.2,False,0,,,,,,,,,,,,,,,,,,,,[]
orphan_3749c5428c32f30a,athlete_missing_in_score_sheet,review,"The event/apparatus/context exists, but this athlete is missing in the score sheet.",WAG D,8801,Canadian Championships,2019,Paola Barahona,ESA,WAG,senior,VT,1,,individual,qualification,3.5,True,0,,,,,,,,,,,,,,,,,,,,[]
orphan_e8b8d2780e7d1ade,possible_context_mismatch,review,"Possible format, round, or day mismatch.",WAG D,8828,GymStars International,2019,Patricija Jug,SLO,WAG,senior,VT,2,,individual,final,2.0,True,1,suggestion_5e2332815775a25d,context_correction,0.65,"Same athlete/event/apparatus exists in the score sheet, but format, round, or day is different.",GymStars International,2019,Patricija Jug,SLO,WAG,senior,VT,2,,apparatus,final,11.033,2.0,WAG,10582,"[{""suggestion_id"": ""suggestion_5e2332815775a25d"", ""suggestion_type"": ""context_correction"", ""confidence"": 0.65, ""message"": ""Same athlete/event/apparatus exists in the score sheet, but format, round, or day is different."", ""action"": ""attach_d_score_to_target_result"", ""changes"": {""format"": {""from"": ""individual"", ""to"": ""apparatus""}, ""round"": {""from"": ""final"", ""to"": ""final""}, ""day"": {""from"": null, ""to"": null}}, ""target_result"": {""event_name"": ""GymStars International"", ""year"": 2019, ""athlete_name"": ""Patricija Jug"", ""country"": ""SLO"", ""discipline"": ""WAG"", ""category"": ""senior"", ""apparatus"": ""VT"", ""vt_attempt"": 2, ""day"": null, ""format"": ""apparatus"", ""round"": ""final"", ""score"": 11.033, ""D_score"": 2.0, ""vault_attempt_order_uncertain"": true, ""source_sheet"": ""WAG"", ""source_row"": 10582, ""target_id"": ""target_ec5e01d8d2c90205""}}]"
orphan_abe44bf52ae6b2f7,missing_final_score_for_context,review,"The athlete/event exists, but not this apparatus/context.",WAG D,8875,Mälar Cup,2019,Paulina Zemelka,POL,WAG,junior,VT,2,,individual,final,3.8,True,0,,,,,,,,,,,,,,,,,,,,[]
orphan_2049a557b65ae420,possible_context_mismatch,review,"Possible format, round, or day mismatch.",WAG D,8928,South African Championships,2019,Phiwe Nhleko,RSA,WAG,junior,VT,2,,individual,final,2.0,True,1,suggestion_a493a12c56639e88,context_correction,0.65,"Same athlete/event/apparatus exists in the score sheet, but format, round, or day is different.",South African Championships,2019,Phiwe Nhleko,RSA,WAG,junior,VT,2,,apparatus,final,11.6,4.0,WAG,10714,"[{""suggestion_id"": ""suggestion_a493a12c56639e88"", ""suggestion_type"": ""context_correction"", ""confidence"": 0.65, ""message"": ""Same athlete/event/apparatus exists in the score sheet, but format, round, or day is different."", ""action"": ""attach_d_score_to_target_result"", ""changes"": {""format"": {""from"": ""individual"", ""to"": ""apparatus""}, ""round"": {""from"": ""final"", ""to"": ""final""}, ""day"": {""from"": null, ""to"": null}}, ""target_result"": {""event_name"": ""South African Championships"", ""year"": 2019, ""athlete_name"": ""Phiwe Nhleko"", ""country"": ""RSA"", ""discipline"": ""WAG"", ""category"": ""junior"", ""apparatus"": ""VT"", ""vt_attempt"": 2, ""day"": null, ""format"": ""apparatus"", ""round"": ""final"", ""score"": 11.6, ""D_score"": 4.0, ""vault_attempt_order_uncertain"": true, ""source_sheet"": ""WAG"", ""source_row"": 10714, ""target_id"": ""target_addfa0c3a3ad3829""}}]"
orphan_44366b59448eba84,missing_final_score_for_context,review,"The athlete/event exists, but not this apparatus/context.",WAG D,8970,GymStars International,2019,Pihla Väisänen,FIN,WAG,junior,VT,2,,individual,final,2.0,True,0,,,,,,,,,,,,,,,,,,,,[]
orphan_72fd581b28437d24,possible_context_mismatch,review,"Possible format, round, or day mismatch.",WAG D,8999,Mälar Cup,2019,Polina Petriakova,RUS,WAG,junior,VT,2,,individual,final,3.3,True,1,suggestion_d21da25f56ba81b4,context_correction,0.65,"Same athlete/event/apparatus exists in the score sheet, but format, round, or day is different.",Mälar Cup,2019,Polina Petriakova,RUS,WAG,junior,VT,2,,apparatus,final,11.8,3.3,WAG,10800,"[{""suggestion_id"": ""suggestion_d21da25f56ba81b4"", ""suggestion_type"": ""context_correction"", ""confidence"": 0.65, ""message"": ""Same athlete/event/apparatus exists in the score sheet, but format, round, or day is different."", ""action"": ""attach_d_score_to_target_result"", ""changes"": {""format"": {""from"": ""individual"", ""to"": ""apparatus""}, ""round"": {""from"": ""final"", ""to"": ""final""}, ""day"": {""from"": null, ""to"": null}}, ""target_result"": {""event_name"": ""Mälar Cup"", ""year"": 2019, ""athlete_name"": ""Polina Petriakova"", ""country"": ""RUS"", ""discipline"": ""WAG"", ""category"": ""junior"", ""apparatus"": ""VT"", ""vt_attempt"": 2, ""day"": null, ""format"": ""apparatus"", ""round"": ""final"", ""score"": 11.8, ""D_score"": 3.3, ""vault_attempt_order_uncertain"": true, ""source_sheet"": ""WAG"", ""source_row"": 10800, ""target_id"": ""target_c657d98f4f5c7686""}}]"
orphan_945be3cb4a37ee3b,athlete_missing_in_score_sheet,review,"The event/apparatus/context exists, but this athlete is missing in the score sheet.",WAG D,9009,Northern European Championships,2019,Poppy Stickler,GBR,WAG,senior,BB,,,apparatus,final,4.9,False,0,,,,,,,,,,,,,,,,,,,,[]
orphan_02179a9b8a09cba8,athlete_missing_in_score_sheet,review,"The event/apparatus/context exists, but this athlete is missing in the score sheet.",WAG D,9009,Northern European Championships,2019,Poppy Stickler,GBR,WAG,senior,FX,,,apparatus,final,4.4,False,0,,,,,,,,,,,,,,,,,,,,[]
orphan_a58e084bf3e98960,athlete_missing_in_score_sheet,review,"The event/apparatus/context exists, but this athlete is missing in the score sheet.",WAG D,9010,Northern European Championships,2019,Poppy Stickler,GBR,WAG,senior,BB,,,individual,final,4.8,False,0,,,,,,,,,,,,,,,,,,,,[]
orphan_5540e309df15b0bf,athlete_missing_in_score_sheet,review,"The event/apparatus/context exists, but this athlete is missing in the score sheet.",WAG D,9010,Northern European Championships,2019,Poppy Stickler,GBR,WAG,senior,FX,,,individual,final,4.4,False,0,,,,,,,,,,,,,,,,,,,,[]
orphan_1445bc5c6724f61c,athlete_missing_in_score_sheet,review,"The event/apparatus/context exists, but this athlete is missing in the score sheet.",WAG D,9010,Northern European Championships,2019,Poppy Stickler,GBR,WAG,senior,UB,,,individual,final,3.4,False,0,,,,,,,,,,,,,,,,,,,,[]
orphan_709ec7dece2b2408,athlete_missing_in_score_sheet,review,"The event/apparatus/context exists, but this athlete is missing in the score sheet.",WAG D,9010,Northern European Championships,2019,Poppy Stickler,GBR,WAG,senior,VT,1,,individual,final,4.6,True,0,,,,,,,,,,,,,,,,,,,,[]
orphan_75533d91125ed3b7,athlete_missing_in_score_sheet,review,"The event/apparatus/context exists, but this athlete is missing in the score sheet.",WAG D,9010,Northern European Championships,2019,Poppy Stickler,GBR,WAG,senior,VT,2,,individual,final,4.0,True,0,,,,,,,,,,,,,,,,,,,,[]
orphan_e6367d480ef4fec8,missing_final_score_for_context,review,"The athlete/event exists, but not this apparatus/context.",WAG D,9037,World Champion's National Qualifier,2019,Presley Duke,USA,WAG,junior,BB,,,individual,final,4.7,False,0,,,,,,,,,,,,,,,,,,,,[]
orphan_febef6b6c0061a97,missing_final_score_for_context,review,"The athlete/event exists, but not this apparatus/context.",WAG D,9037,World Champion's National Qualifier,2019,Presley Duke,USA,WAG,junior,FX,,,individual,final,4.3,False,0,,,,,,,,,,,,,,,,,,,,[]
orphan_a64ac76cc9b80a85,missing_final_score_for_context,review,"The athlete/event exists, but not this apparatus/context.",WAG D,9037,World Champion's National Qualifier,2019,Presley Duke,USA,WAG,junior,VT,1,,individual,final,3.9,True,0,,,,,,,,,,,,,,,,,,,,[]
orphan_c5aca40273bb9c17,possible_context_mismatch,review,"Possible format, round, or day mismatch.",WAG D,9070,Chinese National Youth Games,2019,Qiu Qiyuan,CHN,WAG,junior,VT,2,,individual,qualification,3.0,True,1,suggestion_187d0b780f743eb9,context_correction,0.65,"Same athlete/event/apparatus exists in the score sheet, but format, round, or day is different.",Chinese National Youth Games,2019,Qiu Qiyuan,CHN,WAG,junior,VT,2,,individual,final,11.6,,WAG,10889,"[{""suggestion_id"": ""suggestion_187d0b780f743eb9"", ""suggestion_type"": ""context_correction"", ""confidence"": 0.65, ""message"": ""Same athlete/event/apparatus exists in the score sheet, but format, round, or day is different."", ""action"": ""attach_d_score_to_target_result"", ""changes"": {""format"": {""from"": ""individual"", ""to"": ""individual""}, ""round"": {""from"": ""qualification"", ""to"": ""final""}, ""day"": {""from"": null, ""to"": null}}, ""target_result"": {""event_name"": ""Chinese National Youth Games"", ""year"": 2019, ""athlete_name"": ""Qiu Qiyuan"", ""country"": ""CHN"", ""discipline"": ""WAG"", ""category"": ""junior"", ""apparatus"": ""VT"", ""vt_attempt"": 2, ""day"": null, ""format"": ""individual"", ""round"": ""final"", ""score"": 11.6, ""D_score"": null, ""vault_attempt_order_uncertain"": true, ""source_sheet"": ""WAG"", ""source_row"": 10889, ""target_id"": ""target_ab39f68c2917f20a""}}]"
orphan_1ddf68f8d374e30b,possible_event_name_mismatch,review,Possible event-name mismatch between the D sheet and the score sheet.,WAG D,9091,British Team Championships,2019,Rachael McMaster,GBR,WAG,junior,VT,1,,individual,final,2.4,True,1,suggestion_878a88c96c4036c2,event_name_correction,0.92,D-score event 'British Team Championships' may match score-sheet event 'Irish Team Championships'.,Irish Team Championships,2019,Rachael McMaster,IRL,WAG,junior,VT,1,,individual,final,10.466,2.8,WAG,10920,"[{""suggestion_id"": ""suggestion_878a88c96c4036c2"", ""suggestion_type"": ""event_name_correction"", ""confidence"": 0.92, ""message"": ""D-score event 'British Team Championships' may match score-sheet event 'Irish Team Championships'."", ""action"": ""attach_d_score_to_target_result"", ""changes"": {""event_name"": {""from"": ""British Team Championships"", ""to"": ""Irish Team Championships""}}, ""target_result"": {""event_name"": ""Irish Team Championships"", ""year"": 2019, ""athlete_name"": ""Rachael McMaster"", ""country"": ""IRL"", ""discipline"": ""WAG"", ""category"": ""junior"", ""apparatus"": ""VT"", ""vt_attempt"": 1, ""day"": null, ""format"": ""individual"", ""round"": ""final"", ""score"": 10.466, ""D_score"": 2.8, ""vault_attempt_order_uncertain"": true, ""source_sheet"": ""WAG"", ""source_row"": 10920, ""target_id"": ""target_b51e7e92f0013149""}}]"
orphan_f03a5a15dd85a7bc,missing_final_score_for_context,review,"The athlete/event exists, but not this apparatus/context.",WAG D,9155,Indian Championships,2019,Rani,IND,WAG,senior,BB,,,individual,final,0.1,False,0,,,,,,,,,,,,,,,,,,,,[]
orphan_23ef63cbeab7775d,possible_event_name_mismatch,review,Possible event-name mismatch between the D sheet and the score sheet.,WAG D,9167,Brazilian Championships,2019,Rebeca Andrade,BRA,WAG,senior,BB,,,individual,final,5.7,False,1,suggestion_2ce02e1e2224f5f4,event_name_correction,0.885,D-score event 'Brazilian Championships' may match score-sheet event 'Brazilian Event Championships'.,Brazilian Event Championships,2019,Rebeca Andrade,BRA,WAG,senior,BB,,,individual,final,13.533,,WAG,11013,"[{""suggestion_id"": ""suggestion_2ce02e1e2224f5f4"", ""suggestion_type"": ""event_name_correction"", ""confidence"": 0.885, ""message"": ""D-score event 'Brazilian Championships' may match score-sheet event 'Brazilian Event Championships'."", ""action"": ""attach_d_score_to_target_result"", ""changes"": {""event_name"": {""from"": ""Brazilian Championships"", ""to"": ""Brazilian Event Championships""}}, ""target_result"": {""event_name"": ""Brazilian Event Championships"", ""year"": 2019, ""athlete_name"": ""Rebeca Andrade"", ""country"": ""BRA"", ""discipline"": ""WAG"", ""category"": ""senior"", ""apparatus"": ""BB"", ""vt_attempt"": null, ""day"": null, ""format"": ""individual"", ""round"": ""final"", ""score"": 13.533, ""D_score"": null, ""vault_attempt_order_uncertain"": false, ""source_sheet"": ""WAG"", ""source_row"": 11013, ""target_id"": ""target_754ce151328a905a""}}]"
orphan_0dac3ab566c97649,possible_event_name_mismatch,review,Possible event-name mismatch between the D sheet and the score sheet.,WAG D,9167,Brazilian Championships,2019,Rebeca Andrade,BRA,WAG,senior,FX,,,individual,final,5.5,False,1,suggestion_577eec209ea8be87,event_name_correction,0.885,D-score event 'Brazilian Championships' may match score-sheet event 'Brazilian Event Championships'.,Brazilian Event Championships,2019,Rebeca Andrade,BRA,WAG,senior,FX,,,individual,final,13.767,,WAG,11013,"[{""suggestion_id"": ""suggestion_577eec209ea8be87"", ""suggestion_type"": ""event_name_correction"", ""confidence"": 0.885, ""message"": ""D-score event 'Brazilian Championships' may match score-sheet event 'Brazilian Event Championships'."", ""action"": ""attach_d_score_to_target_result"", ""changes"": {""event_name"": {""from"": ""Brazilian Championships"", ""to"": ""Brazilian Event Championships""}}, ""target_result"": {""event_name"": ""Brazilian Event Championships"", ""year"": 2019, ""athlete_name"": ""Rebeca Andrade"", ""country"": ""BRA"", ""discipline"": ""WAG"", ""category"": ""senior"", ""apparatus"": ""FX"", ""vt_attempt"": null, ""day"": null, ""format"": ""individual"", ""round"": ""final"", ""score"": 13.767, ""D_score"": null, ""vault_attempt_order_uncertain"": false, ""source_sheet"": ""WAG"", ""source_row"": 11013, ""target_id"": ""target_c442c574e2d38bbd""}}]"
orphan_47ab71634a782b70,possible_event_name_mismatch,review,Possible event-name mismatch between the D sheet and the score sheet.,WAG D,9167,Brazilian Championships,2019,Rebeca Andrade,BRA,WAG,senior,UB,,,individual,final,5.7,False,1,suggestion_47282ce086aae518,event_name_correction,0.885,D-score event 'Brazilian Championships' may match score-sheet event 'Brazilian Event Championships'.,Brazilian Event Championships,2019,Rebeca Andrade,BRA,WAG,senior,UB,,,individual,final,12.833,,WAG,11013,"[{""suggestion_id"": ""suggestion_47282ce086aae518"", ""suggestion_type"": ""event_name_correction"", ""confidence"": 0.885, ""message"": ""D-score event 'Brazilian Championships' may match score-sheet event 'Brazilian Event Championships'."", ""action"": ""attach_d_score_to_target_result"", ""changes"": {""event_name"": {""from"": ""Brazilian Championships"", ""to"": ""Brazilian Event Championships""}}, ""target_result"": {""event_name"": ""Brazilian Event Championships"", ""year"": 2019, ""athlete_name"": ""Rebeca Andrade"", ""country"": ""BRA"", ""discipline"": ""WAG"", ""category"": ""senior"", ""apparatus"": ""UB"", ""vt_attempt"": null, ""day"": null, ""format"": ""individual"", ""round"": ""final"", ""score"": 12.833, ""D_score"": null, ""vault_attempt_order_uncertain"": false, ""source_sheet"": ""WAG"", ""source_row"": 11013, ""target_id"": ""target_8951f7af980ddb7e""}}]"
orphan_2820f775d8283748,athlete_missing_in_score_sheet,review,"The event/apparatus/context exists, but this athlete is missing in the score sheet.",WAG D,9171,1st Italian Serie A,2019,Rebecca Arienti,ITA,WAG,senior,BB,,,individual,final,3.6,False,0,,,,,,,,,,,,,,,,,,,,[]
orphan_e6f48a190042ebb0,athlete_missing_in_score_sheet,review,"The event/apparatus/context exists, but this athlete is missing in the score sheet.",WAG D,9171,1st Italian Serie A,2019,Rebecca Arienti,ITA,WAG,senior,FX,,,individual,final,4.1,False,0,,,,,,,,,,,,,,,,,,,,[]
orphan_ad1d55f4290ab193,athlete_missing_in_score_sheet,review,"The event/apparatus/context exists, but this athlete is missing in the score sheet.",WAG D,9171,1st Italian Serie A,2019,Rebecca Arienti,ITA,WAG,senior,UB,,,individual,final,1.2,False,0,,,,,,,,,,,,,,,,,,,,[]
orphan_36e2e1f1e0b65269,athlete_missing_in_score_sheet,review,"The event/apparatus/context exists, but this athlete is missing in the score sheet.",WAG D,9171,1st Italian Serie A,2019,Rebecca Arienti,ITA,WAG,senior,VT,1,,individual,final,3.7,True,0,,,,,,,,,,,,,,,,,,,,[]
orphan_7be52a91b2c46b4f,athlete_missing_in_score_sheet,review,"The event/apparatus/context exists, but this athlete is missing in the score sheet.",WAG D,9172,2nd Italian Serie A,2019,Rebecca Arienti,ITA,WAG,senior,BB,,,individual,final,3.1,False,0,,,,,,,,,,,,,,,,,,,,[]
orphan_04a0e54dd23594b5,athlete_missing_in_score_sheet,review,"The event/apparatus/context exists, but this athlete is missing in the score sheet.",WAG D,9172,2nd Italian Serie A,2019,Rebecca Arienti,ITA,WAG,senior,FX,,,individual,final,4.0,False,0,,,,,,,,,,,,,,,,,,,,[]
orphan_67fba9d7bf72d75d,athlete_missing_in_score_sheet,review,"The event/apparatus/context exists, but this athlete is missing in the score sheet.",WAG D,9172,2nd Italian Serie A,2019,Rebecca Arienti,ITA,WAG,senior,UB,,,individual,final,1.2,False,0,,,,,,,,,,,,,,,,,,,,[]
orphan_003679daa2ee3a1a,athlete_missing_in_score_sheet,review,"The event/apparatus/context exists, but this athlete is missing in the score sheet.",WAG D,9172,2nd Italian Serie A,2019,Rebecca Arienti,ITA,WAG,senior,VT,1,,individual,final,3.7,True,0,,,,,,,,,,,,,,,,,,,,[]
orphan_8dea6c2df95bdc86,missing_final_score_for_context,review,"The athlete/event exists, but not this apparatus/context.",WAG D,9196,Mälar Cup,2019,Rebecca Meijer,SWE,WAG,junior,VT,2,,individual,final,2.0,True,0,,,,,,,,,,,,,,,,,,,,[]
orphan_086b4debe99b1e42,possible_context_mismatch,review,"Possible format, round, or day mismatch.",WAG D,9223,Dutch Championships,2019,Rebekka Hoek,NED,WAG,senior,VT,2,,individual,final,4.4,True,1,suggestion_6a18a29657b5118d,context_correction,0.65,"Same athlete/event/apparatus exists in the score sheet, but format, round, or day is different.",Dutch Championships,2019,Rebekka Hoek,NED,WAG,senior,VT,2,,apparatus,final,13.35,4.4,WAG,11071,"[{""suggestion_id"": ""suggestion_6a18a29657b5118d"", ""suggestion_type"": ""context_correction"", ""confidence"": 0.65, ""message"": ""Same athlete/event/apparatus exists in the score sheet, but format, round, or day is different."", ""action"": ""attach_d_score_to_target_result"", ""changes"": {""format"": {""from"": ""individual"", ""to"": ""apparatus""}, ""round"": {""from"": ""final"", ""to"": ""final""}, ""day"": {""from"": null, ""to"": null}}, ""target_result"": {""event_name"": ""Dutch Championships"", ""year"": 2019, ""athlete_name"": ""Rebekka Hoek"", ""country"": ""NED"", ""discipline"": ""WAG"", ""category"": ""senior"", ""apparatus"": ""VT"", ""vt_attempt"": 2, ""day"": null, ""format"": ""apparatus"", ""round"": ""final"", ""score"": 13.35, ""D_score"": 4.4, ""vault_attempt_order_uncertain"": true, ""source_sheet"": ""WAG"", ""source_row"": 11071, ""target_id"": ""target_ee7fd3b82e1fe39b""}}]"
orphan_fc8485459b05df14,missing_final_score_for_context,review,"The athlete/event exists, but not this apparatus/context.",WAG D,9233,Salamunov Memorial,2019,Regjina Shala,KOS,WAG,junior,VT,2,,individual,final,2.0,True,0,,,,,,,,,,,,,,,,,,,,[]
orphan_cf0e5dbc05278326,missing_final_score_for_context,review,"The athlete/event exists, but not this apparatus/context.",WAG D,9295,Indian Championships,2019,Riya Pandey,IND,WAG,junior,BB,,,individual,final,0.9,False,0,,,,,,,,,,,,,,,,,,,,[]
orphan_575beec6dd146b69,missing_final_score_for_context,review,"The athlete/event exists, but not this apparatus/context.",WAG D,9295,Indian Championships,2019,Riya Pandey,IND,WAG,junior,FX,,,individual,final,0.5,False,0,,,,,,,,,,,,,,,,,,,,[]
orphan_125e77377891e5ca,athlete_missing_in_score_sheet,review,"The event/apparatus/context exists, but this athlete is missing in the score sheet.",WAG D,9327,Rushmoor Rose Bowl,2019,Romy Stevens,NED,WAG,senior,BB,,,individual,final,4.0,False,0,,,,,,,,,,,,,,,,,,,,[]
orphan_7ee2db6475778ed6,athlete_missing_in_score_sheet,review,"The event/apparatus/context exists, but this athlete is missing in the score sheet.",WAG D,9327,Rushmoor Rose Bowl,2019,Romy Stevens,NED,WAG,senior,FX,,,individual,final,4.1,False,0,,,,,,,,,,,,,,,,,,,,[]
orphan_50f2fda4b1b96a87,athlete_missing_in_score_sheet,review,"The event/apparatus/context exists, but this athlete is missing in the score sheet.",WAG D,9327,Rushmoor Rose Bowl,2019,Romy Stevens,NED,WAG,senior,UB,,,individual,final,1.3,False,0,,,,,,,,,,,,,,,,,,,,[]
orphan_55c5cbfbc9154047,athlete_missing_in_score_sheet,review,"The event/apparatus/context exists, but this athlete is missing in the score sheet.",WAG D,9328,Dutch Team Championships,2019,Romy Stevens,NED,WAG,senior,FX,,,individual,final,3.5,False,0,,,,,,,,,,,,,,,,,,,,[]
orphan_1224d9166f3e4d67,possible_context_mismatch,review,"Possible format, round, or day mismatch.",WAG D,9343,Mälar Cup,2019,Rosa Schwaninger,AUT,WAG,junior,VT,2,,individual,final,3.5,True,1,suggestion_41ab490c5e00f4db,context_correction,0.65,"Same athlete/event/apparatus exists in the score sheet, but format, round, or day is different.",Mälar Cup,2019,Rosa Schwaninger,AUT,WAG,junior,VT,2,,apparatus,final,11.85,3.5,WAG,11254,"[{""suggestion_id"": ""suggestion_41ab490c5e00f4db"", ""suggestion_type"": ""context_correction"", ""confidence"": 0.65, ""message"": ""Same athlete/event/apparatus exists in the score sheet, but format, round, or day is different."", ""action"": ""attach_d_score_to_target_result"", ""changes"": {""format"": {""from"": ""individual"", ""to"": ""apparatus""}, ""round"": {""from"": ""final"", ""to"": ""final""}, ""day"": {""from"": null, ""to"": null}}, ""target_result"": {""event_name"": ""Mälar Cup"", ""year"": 2019, ""athlete_name"": ""Rosa Schwaninger"", ""country"": ""AUT"", ""discipline"": ""WAG"", ""category"": ""junior"", ""apparatus"": ""VT"", ""vt_attempt"": 2, ""day"": null, ""format"": ""apparatus"", ""round"": ""final"", ""score"": 11.85, ""D_score"": 3.5, ""vault_attempt_order_uncertain"": true, ""source_sheet"": ""WAG"", ""source_row"": 11254, ""target_id"": ""target_163307ae86b9f1a3""}}]"
orphan_05a04e86228499dd,missing_final_score_for_context,review,"The athlete/event exists, but not this apparatus/context.",WAG D,9418,Stella Zakharova Cup,2019,Sabine Cinovska,LAT,WAG,junior,VT,2,,individual,final,4.0,True,0,,,,,,,,,,,,,,,,,,,,[]
orphan_8f67f04483feefb1,possible_context_mismatch,review,"Possible format, round, or day mismatch.",WAG D,9541,Norwegian Championships,2019,Sara Davidsen,NOR,WAG,senior,VT,2,,individual,final,4.0,True,1,suggestion_51c8cd9d379d49b2,context_correction,0.65,"Same athlete/event/apparatus exists in the score sheet, but format, round, or day is different.",Norwegian Championships,2019,Sara Davidsen,NOR,WAG,senior,VT,2,,apparatus,final,12.2,4.0,WAG,11506,"[{""suggestion_id"": ""suggestion_51c8cd9d379d49b2"", ""suggestion_type"": ""context_correction"", ""confidence"": 0.65, ""message"": ""Same athlete/event/apparatus exists in the score sheet, but format, round, or day is different."", ""action"": ""attach_d_score_to_target_result"", ""changes"": {""format"": {""from"": ""individual"", ""to"": ""apparatus""}, ""round"": {""from"": ""final"", ""to"": ""final""}, ""day"": {""from"": null, ""to"": null}}, ""target_result"": {""event_name"": ""Norwegian Championships"", ""year"": 2019, ""athlete_name"": ""Sara Davidsen"", ""country"": ""NOR"", ""discipline"": ""WAG"", ""category"": ""senior"", ""apparatus"": ""VT"", ""vt_attempt"": 2, ""day"": null, ""format"": ""apparatus"", ""round"": ""final"", ""score"": 12.2, ""D_score"": 4.0, ""vault_attempt_order_uncertain"": true, ""source_sheet"": ""WAG"", ""source_row"": 11506, ""target_id"": ""target_060ef4e558c8bfc3""}}]"
orphan_5758a95fbdf27bef,athlete_missing_in_score_sheet,review,"The event/apparatus/context exists, but this athlete is missing in the score sheet.",WAG D,9568,2nd Italian Serie A,2019,Sara Mezzalira,ITA,WAG,senior,FX,,,individual,final,4.1,False,0,,,,,,,,,,,,,,,,,,,,[]
orphan_c633d42eddce402b,athlete_missing_in_score_sheet,review,"The event/apparatus/context exists, but this athlete is missing in the score sheet.",WAG D,9569,1st Italian Serie A,2019,Sara Mezzalira,ITA,WAG,senior,FX,,,individual,final,4.0,False,0,,,,,,,,,,,,,,,,,,,,[]
orphan_b96f187b07cb3cd5,missing_final_score_for_context,review,"The athlete/event exists, but not this apparatus/context.",WAG D,9574,Norwegian Championships,2019,Sara Myrvold,NOR,WAG,senior,VT,2,,individual,final,3.7,True,0,,,,,,,,,,,,,,,,,,,,[]
orphan_295896fe6bb57ac5,missing_final_score_for_context,review,"The athlete/event exists, but not this apparatus/context.",WAG D,9610,Croatian Championships,2019,Sara Sulekic,CRO,WAG,junior,VT,2,,individual,final,3.7,True,0,,,,,,,,,,,,,,,,,,,,[]
orphan_35b4c9646b6c6164,possible_context_mismatch,review,"Possible format, round, or day mismatch.",WAG D,9707,Austrian Championships,2019,Selina Kickinger,AUT,WAG,senior,VT,1,,apparatus,final,4.0,True,1,suggestion_14538d78d7ab8942,context_correction,0.65,"Same athlete/event/apparatus exists in the score sheet, but format, round, or day is different.",Austrian Championships,2019,Selina Kickinger,AUT,WAG,senior,VT,1,,individual,final,11.55,4.0,WAG,11697,"[{""suggestion_id"": ""suggestion_14538d78d7ab8942"", ""suggestion_type"": ""context_correction"", ""confidence"": 0.65, ""message"": ""Same athlete/event/apparatus exists in the score sheet, but format, round, or day is different."", ""action"": ""attach_d_score_to_target_result"", ""changes"": {""format"": {""from"": ""apparatus"", ""to"": ""individual""}, ""round"": {""from"": ""final"", ""to"": ""final""}, ""day"": {""from"": null, ""to"": null}}, ""target_result"": {""event_name"": ""Austrian Championships"", ""year"": 2019, ""athlete_name"": ""Selina Kickinger"", ""country"": ""AUT"", ""discipline"": ""WAG"", ""category"": ""senior"", ""apparatus"": ""VT"", ""vt_attempt"": 1, ""day"": null, ""format"": ""individual"", ""round"": ""final"", ""score"": 11.55, ""D_score"": 4.0, ""vault_attempt_order_uncertain"": true, ""source_sheet"": ""WAG"", ""source_row"": 11697, ""target_id"": ""target_ba0231c73387ae1c""}}]"
orphan_02be425c1eb61190,missing_final_score_for_context,review,"The athlete/event exists, but not this apparatus/context.",WAG D,9707,Austrian Championships,2019,Selina Kickinger,AUT,WAG,senior,VT,2,,apparatus,final,3.7,True,0,,,,,,,,,,,,,,,,,,,,[]
orphan_886bfd23b7c3fc73,missing_final_score_for_context,review,"The athlete/event exists, but not this apparatus/context.",WAG D,9719,Norwegian Championships,2019,Selma Halvorsen,NOR,WAG,senior,VT,2,,individual,final,3.3,True,0,,,,,,,,,,,,,,,,,,,,[]
orphan_04fb23d6815d50cb,missing_final_score_for_context,review,"The athlete/event exists, but not this apparatus/context.",WAG D,9723,Nordic Junior Championships,2019,Selma Karlsen,NOR,WAG,junior,VT,2,,individual,final,3.7,True,0,,,,,,,,,,,,,,,,,,,,[]
orphan_28d8ddd2e3288e34,missing_final_score_for_context,review,"The athlete/event exists, but not this apparatus/context.",WAG D,9759,Norwegian Championships,2019,Serine Tvete,NOR,WAG,senior,VT,2,,individual,final,2.8,True,0,,,,,,,,,,,,,,,,,,,,[]
orphan_f20f5405a968a9e1,athlete_missing_in_score_sheet,review,"The event/apparatus/context exists, but this athlete is missing in the score sheet.",WAG D,9772,Romanian Championships,2019,Shakira Cantaragiu,ROU,WAG,senior,BB,,,individual,final,4.5,False,0,,,,,,,,,,,,,,,,,,,,[]
orphan_4a98e80bf41c21a4,athlete_missing_in_score_sheet,review,"The event/apparatus/context exists, but this athlete is missing in the score sheet.",WAG D,9772,Romanian Championships,2019,Shakira Cantaragiu,ROU,WAG,senior,FX,,,individual,final,4.3,False,0,,,,,,,,,,,,,,,,,,,,[]
orphan_2005fc727ed09b2a,athlete_missing_in_score_sheet,review,"The event/apparatus/context exists, but this athlete is missing in the score sheet.",WAG D,9772,Romanian Championships,2019,Shakira Cantaragiu,ROU,WAG,senior,UB,,,individual,final,3.5,False,0,,,,,,,,,,,,,,,,,,,,[]
orphan_8ffdf33e99d7de2e,athlete_missing_in_score_sheet,review,"The event/apparatus/context exists, but this athlete is missing in the score sheet.",WAG D,9772,Romanian Championships,2019,Shakira Cantaragiu,ROU,WAG,senior,VT,1,,individual,final,3.7,True,0,,,,,,,,,,,,,,,,,,,,[]
orphan_07c47bd9df5f9679,possible_context_mismatch,review,"Possible format, round, or day mismatch.",WAG D,9818,South African Championships,2019,Shanté Koti,RSA,WAG,junior,VT,2,,individual,final,2.4,True,1,suggestion_d8573b8430468ed5,context_correction,0.65,"Same athlete/event/apparatus exists in the score sheet, but format, round, or day is different.",South African Championships,2019,Shanté Koti,RSA,WAG,junior,VT,2,,apparatus,final,10.75,2.0,WAG,11827,"[{""suggestion_id"": ""suggestion_d8573b8430468ed5"", ""suggestion_type"": ""context_correction"", ""confidence"": 0.65, ""message"": ""Same athlete/event/apparatus exists in the score sheet, but format, round, or day is different."", ""action"": ""attach_d_score_to_target_result"", ""changes"": {""format"": {""from"": ""individual"", ""to"": ""apparatus""}, ""round"": {""from"": ""final"", ""to"": ""final""}, ""day"": {""from"": null, ""to"": null}}, ""target_result"": {""event_name"": ""South African Championships"", ""year"": 2019, ""athlete_name"": ""Shanté Koti"", ""country"": ""RSA"", ""discipline"": ""WAG"", ""category"": ""junior"", ""apparatus"": ""VT"", ""vt_attempt"": 2, ""day"": null, ""format"": ""apparatus"", ""round"": ""final"", ""score"": 10.75, ""D_score"": 2.0, ""vault_attempt_order_uncertain"": true, ""source_sheet"": ""WAG"", ""source_row"": 11827, ""target_id"": ""target_23e11c3f43ae26dd""}}]"
orphan_68f3459a4723a89a,athlete_missing_in_score_sheet,review,"The event/apparatus/context exists, but this athlete is missing in the score sheet.",WAG D,9855,All-Japan Championships,2019,Shizuku Sonezaki,JPN,WAG,senior,BB,,,individual,qualification,4.7,False,0,,,,,,,,,,,,,,,,,,,,[]
orphan_04a3022dc1293e84,athlete_missing_in_score_sheet,review,"The event/apparatus/context exists, but this athlete is missing in the score sheet.",WAG D,9855,All-Japan Championships,2019,Shizuku Sonezaki,JPN,WAG,senior,FX,,,individual,qualification,4.9,False,0,,,,,,,,,,,,,,,,,,,,[]
orphan_4671fbdde774d375,athlete_missing_in_score_sheet,review,"The event/apparatus/context exists, but this athlete is missing in the score sheet.",WAG D,9855,All-Japan Championships,2019,Shizuku Sonezaki,JPN,WAG,senior,UB,,,individual,qualification,4.7,False,0,,,,,,,,,,,,,,,,,,,,[]
orphan_878204ff9528a227,athlete_missing_in_score_sheet,review,"The event/apparatus/context exists, but this athlete is missing in the score sheet.",WAG D,9855,All-Japan Championships,2019,Shizuku Sonezaki,JPN,WAG,senior,VT,1,,individual,qualification,4.6,True,0,,,,,,,,,,,,,,,,,,,,[]
orphan_d17390ea2fa71e70,missing_final_score_for_context,review,"The athlete/event exists, but not this apparatus/context.",WAG D,9868,Indian Championships,2019,Shreya Goswami,IND,WAG,senior,BB,,,individual,final,0.7,False,0,,,,,,,,,,,,,,,,,,,,[]
orphan_93e8a2f4ce1fc0e2,missing_final_score_for_context,review,"The athlete/event exists, but not this apparatus/context.",WAG D,9869,Indian Championships,2019,Shreya Shah,IND,WAG,senior,BB,,,individual,final,0.4,False,0,,,,,,,,,,,,,,,,,,,,[]
orphan_d3b95659353b4069,athlete_missing_in_score_sheet,review,"The event/apparatus/context exists, but this athlete is missing in the score sheet.",WAG D,9913,2nd Italian Serie A,2019,Silvia Barchi,ITA,WAG,senior,BB,,,individual,final,4.4,False,0,,,,,,,,,,,,,,,,,,,,[]
orphan_1c45e6843c15f1b2,athlete_missing_in_score_sheet,review,"The event/apparatus/context exists, but this athlete is missing in the score sheet.",WAG D,9913,2nd Italian Serie A,2019,Silvia Barchi,ITA,WAG,senior,FX,,,individual,final,3.9,False,0,,,,,,,,,,,,,,,,,,,,[]
orphan_440a540ef5ff1668,athlete_missing_in_score_sheet,review,"The event/apparatus/context exists, but this athlete is missing in the score sheet.",WAG D,9913,2nd Italian Serie A,2019,Silvia Barchi,ITA,WAG,senior,VT,1,,individual,final,3.7,True,0,,,,,,,,,,,,,,,,,,,,[]
orphan_f8aabb36eee8703d,athlete_missing_in_score_sheet,review,"The event/apparatus/context exists, but this athlete is missing in the score sheet.",WAG D,9914,1st Italian Serie A,2019,Silvia Barchi,ITA,WAG,senior,BB,,,individual,final,4.4,False,0,,,,,,,,,,,,,,,,,,,,[]
orphan_94ab7326bf5f96f1,athlete_missing_in_score_sheet,review,"The event/apparatus/context exists, but this athlete is missing in the score sheet.",WAG D,9914,1st Italian Serie A,2019,Silvia Barchi,ITA,WAG,senior,VT,1,,individual,final,3.7,True,0,,,,,,,,,,,,,,,,,,,,[]
orphan_7480ff81e7f409c1,possible_context_mismatch,review,"Possible format, round, or day mismatch.",WAG D,10117,German Junior Championships,2019,Sophia Tansomskun,GER,WAG,junior,VT,2,,individual,final,3.7,True,1,suggestion_1f5db36f50b7c031,context_correction,0.65,"Same athlete/event/apparatus exists in the score sheet, but format, round, or day is different.",German Junior Championships,2019,Sophia Tansomskun,GER,WAG,junior,VT,2,,apparatus,final,10.999,3.7,WAG,12197,"[{""suggestion_id"": ""suggestion_1f5db36f50b7c031"", ""suggestion_type"": ""context_correction"", ""confidence"": 0.65, ""message"": ""Same athlete/event/apparatus exists in the score sheet, but format, round, or day is different."", ""action"": ""attach_d_score_to_target_result"", ""changes"": {""format"": {""from"": ""individual"", ""to"": ""apparatus""}, ""round"": {""from"": ""final"", ""to"": ""final""}, ""day"": {""from"": null, ""to"": null}}, ""target_result"": {""event_name"": ""German Junior Championships"", ""year"": 2019, ""athlete_name"": ""Sophia Tansomskun"", ""country"": ""GER"", ""discipline"": ""WAG"", ""category"": ""junior"", ""apparatus"": ""VT"", ""vt_attempt"": 2, ""day"": null, ""format"": ""apparatus"", ""round"": ""final"", ""score"": 10.999, ""D_score"": 3.7, ""vault_attempt_order_uncertain"": true, ""source_sheet"": ""WAG"", ""source_row"": 12197, ""target_id"": ""target_aa755a08c3c70b67""}}]"
orphan_0649d51a1abdafe3,missing_final_score_for_context,review,"The athlete/event exists, but not this apparatus/context.",WAG D,10187,Indian Championships,2019,Sruthi V.S.,IND,WAG,junior,BB,,,individual,final,1.5,False,0,,,,,,,,,,,,,,,,,,,,[]
orphan_d397fc746d6476df,possible_context_mismatch,review,"Possible format, round, or day mismatch.",WAG D,10234,Mälar Cup,2019,Stella Talvinen,FIN,WAG,junior,VT,2,,individual,final,3.5,True,1,suggestion_0f20af2bfbc0f52f,context_correction,0.65,"Same athlete/event/apparatus exists in the score sheet, but format, round, or day is different.",Mälar Cup,2019,Stella Talvinen,FIN,WAG,junior,VT,2,,apparatus,final,12.15,3.5,WAG,12318,"[{""suggestion_id"": ""suggestion_0f20af2bfbc0f52f"", ""suggestion_type"": ""context_correction"", ""confidence"": 0.65, ""message"": ""Same athlete/event/apparatus exists in the score sheet, but format, round, or day is different."", ""action"": ""attach_d_score_to_target_result"", ""changes"": {""format"": {""from"": ""individual"", ""to"": ""apparatus""}, ""round"": {""from"": ""final"", ""to"": ""final""}, ""day"": {""from"": null, ""to"": null}}, ""target_result"": {""event_name"": ""Mälar Cup"", ""year"": 2019, ""athlete_name"": ""Stella Talvinen"", ""country"": ""FIN"", ""discipline"": ""WAG"", ""category"": ""junior"", ""apparatus"": ""VT"", ""vt_attempt"": 2, ""day"": null, ""format"": ""apparatus"", ""round"": ""final"", ""score"": 12.15, ""D_score"": 3.5, ""vault_attempt_order_uncertain"": true, ""source_sheet"": ""WAG"", ""source_row"": 12318, ""target_id"": ""target_bf027b52705c9bbe""}}]"
orphan_62ae75ae3d0c9311,athlete_missing_in_score_sheet,review,"The event/apparatus/context exists, but this athlete is missing in the score sheet.",WAG D,10332,Singapore Open,2019,Sze En Tan,SGP,WAG,senior,BB,,,individual,final,4.9,False,0,,,,,,,,,,,,,,,,,,,,[]
orphan_cd989f71f6ce2f52,athlete_missing_in_score_sheet,review,"The event/apparatus/context exists, but this athlete is missing in the score sheet.",WAG D,10332,Singapore Open,2019,Sze En Tan,SGP,WAG,senior,FX,,,individual,final,4.4,False,0,,,,,,,,,,,,,,,,,,,,[]
orphan_c798f6eced4a7a8f,athlete_missing_in_score_sheet,review,"The event/apparatus/context exists, but this athlete is missing in the score sheet.",WAG D,10333,Singapore Open,2019,Sze En Tan,SGP,WAG,senior,FX,,,apparatus,final,5.3,False,0,,,,,,,,,,,,,,,,,,,,[]
orphan_8b12395dc6a8c23d,possible_context_mismatch,review,"Possible format, round, or day mismatch.",WAG D,10425,Dutch Championships,2019,Tanishaley Neto,NED,WAG,senior,VT,2,,individual,final,4.7,True,1,suggestion_c60b32b8074969f0,context_correction,0.65,"Same athlete/event/apparatus exists in the score sheet, but format, round, or day is different.",Dutch Championships,2019,Tanishaley Neto,NED,WAG,senior,VT,2,,apparatus,final,13.95,4.8,WAG,12539,"[{""suggestion_id"": ""suggestion_c60b32b8074969f0"", ""suggestion_type"": ""context_correction"", ""confidence"": 0.65, ""message"": ""Same athlete/event/apparatus exists in the score sheet, but format, round, or day is different."", ""action"": ""attach_d_score_to_target_result"", ""changes"": {""format"": {""from"": ""individual"", ""to"": ""apparatus""}, ""round"": {""from"": ""final"", ""to"": ""final""}, ""day"": {""from"": null, ""to"": null}}, ""target_result"": {""event_name"": ""Dutch Championships"", ""year"": 2019, ""athlete_name"": ""Tanishaley Neto"", ""country"": ""NED"", ""discipline"": ""WAG"", ""category"": ""senior"", ""apparatus"": ""VT"", ""vt_attempt"": 2, ""day"": null, ""format"": ""apparatus"", ""round"": ""final"", ""score"": 13.95, ""D_score"": 4.8, ""vault_attempt_order_uncertain"": true, ""source_sheet"": ""WAG"", ""source_row"": 12539, ""target_id"": ""target_76d65d4e8de5269b""}}]"
orphan_2f7c5aefeae6baef,missing_final_score_for_context,review,"The athlete/event exists, but not this apparatus/context.",WAG D,10438,Stella Zakharova Cup,2019,Tara Vella Clark,MLT,WAG,junior,VT,2,,individual,final,3.7,True,0,,,,,,,,,,,,,,,,,,,,[]
orphan_b55d5003f182c8d6,possible_context_mismatch,review,"Possible format, round, or day mismatch.",WAG D,10441,GymStars International,2019,Tara Vella Clark,MLT,WAG,junior,VT,2,,individual,final,2.8,True,1,suggestion_4d842727f4ad478e,context_correction,0.65,"Same athlete/event/apparatus exists in the score sheet, but format, round, or day is different.",GymStars International,2019,Tara Vella Clark,MLT,WAG,junior,VT,2,,apparatus,final,11.501,2.4,WAG,12549,"[{""suggestion_id"": ""suggestion_4d842727f4ad478e"", ""suggestion_type"": ""context_correction"", ""confidence"": 0.65, ""message"": ""Same athlete/event/apparatus exists in the score sheet, but format, round, or day is different."", ""action"": ""attach_d_score_to_target_result"", ""changes"": {""format"": {""from"": ""individual"", ""to"": ""apparatus""}, ""round"": {""from"": ""final"", ""to"": ""final""}, ""day"": {""from"": null, ""to"": null}}, ""target_result"": {""event_name"": ""GymStars International"", ""year"": 2019, ""athlete_name"": ""Tara Vella Clark"", ""country"": ""MLT"", ""discipline"": ""WAG"", ""category"": ""junior"", ""apparatus"": ""VT"", ""vt_attempt"": 2, ""day"": null, ""format"": ""apparatus"", ""round"": ""final"", ""score"": 11.501, ""D_score"": 2.4, ""vault_attempt_order_uncertain"": true, ""source_sheet"": ""WAG"", ""source_row"": 12549, ""target_id"": ""target_0aa48c3443762ee0""}}]"
orphan_a4f1748843ab13dd,possible_event_name_mismatch,review,Possible event-name mismatch between the D sheet and the score sheet.,WAG D,10513,Brazilian Championships,2019,Thais Fidelis,BRA,WAG,senior,BB,,,apparatus,final,5.5,False,3,suggestion_3dd5a485d1e62791,event_name_correction,0.885,D-score event 'Brazilian Championships' may match score-sheet event 'Brazilian Event Championships'.,Brazilian Event Championships,2019,Thais Fidelis,BRA,WAG,senior,BB,,,apparatus,final,12.133,,WAG,12635,"[{""suggestion_id"": ""suggestion_3dd5a485d1e62791"", ""suggestion_type"": ""event_name_correction"", ""confidence"": 0.885, ""message"": ""D-score event 'Brazilian Championships' may match score-sheet event 'Brazilian Event Championships'."", ""action"": ""attach_d_score_to_target_result"", ""changes"": {""event_name"": {""from"": ""Brazilian Championships"", ""to"": ""Brazilian Event Championships""}}, ""target_result"": {""event_name"": ""Brazilian Event Championships"", ""year"": 2019, ""athlete_name"": ""Thais Fidelis"", ""country"": ""BRA"", ""discipline"": ""WAG"", ""category"": ""senior"", ""apparatus"": ""BB"", ""vt_attempt"": null, ""day"": null, ""format"": ""apparatus"", ""round"": ""final"", ""score"": 12.133, ""D_score"": null, ""vault_attempt_order_uncertain"": false, ""source_sheet"": ""WAG"", ""source_row"": 12635, ""target_id"": ""target_4d5dad6ed8e30e1c""}}, {""suggestion_id"": ""suggestion_3a6a32d17704e828"", ""suggestion_type"": ""context_correction"", ""confidence"": 0.65, ""message"": ""Same athlete/event/apparatus exists in the score sheet, but format, round, or day is different."", ""action"": ""attach_d_score_to_target_result"", ""changes"": {""format"": {""from"": ""apparatus"", ""to"": ""team""}, ""round"": {""from"": ""final"", ""to"": ""final""}, ""day"": {""from"": null, ""to"": null}}, ""target_result"": {""event_name"": ""Brazilian Championships"", ""year"": 2019, ""athlete_name"": ""Thais Fidelis"", ""country"": ""BRA"", ""discipline"": ""WAG"", ""category"": ""senior"", ""apparatus"": ""BB"", ""vt_attempt"": null, ""day"": null, ""format"": ""team"", ""round"": ""final"", ""score"": 13.133, ""D_score"": null, ""vault_attempt_order_uncertain"": false, ""source_sheet"": ""WAG"", ""source_row"": 12631, ""target_id"": ""target_ab82a28f2b2cc1c5""}}, {""suggestion_id"": ""suggestion_455db65060daedc3"", ""suggestion_type"": ""context_correction"", ""confidence"": 0.65, ""message"": ""Same athlete/event/apparatus exists in the score sheet, but format, round, or day is different."", ""action"": ""attach_d_score_to_target_result"", ""changes"": {""format"": {""from"": ""apparatus"", ""to"": ""individual""}, ""round"": {""from"": ""final"", ""to"": ""final""}, ""day"": {""from"": null, ""to"": null}}, ""target_result"": {""event_name"": ""Brazilian Championships"", ""year"": 2019, ""athlete_name"": ""Thais Fidelis"", ""country"": ""BRA"", ""discipline"": ""WAG"", ""category"": ""senior"", ""apparatus"": ""BB"", ""vt_attempt"": null, ""day"": null, ""format"": ""individual"", ""round"": ""final"", ""score"": 13.433, ""D_score"": 5.3, ""vault_attempt_order_uncertain"": false, ""source_sheet"": ""WAG"", ""source_row"": 12640, ""target_id"": ""target_52c702435a9a0590""}}]"
orphan_44dbc41503bf59a3,possible_event_name_mismatch,review,Possible event-name mismatch between the D sheet and the score sheet.,WAG D,10513,Brazilian Championships,2019,Thais Fidelis,BRA,WAG,senior,FX,,,apparatus,final,5.2,False,3,suggestion_25003f0c562cde1e,event_name_correction,0.885,D-score event 'Brazilian Championships' may match score-sheet event 'Brazilian Event Championships'.,Brazilian Event Championships,2019,Thais Fidelis,BRA,WAG,senior,FX,,,apparatus,final,13.133,,WAG,12635,"[{""suggestion_id"": ""suggestion_25003f0c562cde1e"", ""suggestion_type"": ""event_name_correction"", ""confidence"": 0.885, ""message"": ""D-score event 'Brazilian Championships' may match score-sheet event 'Brazilian Event Championships'."", ""action"": ""attach_d_score_to_target_result"", ""changes"": {""event_name"": {""from"": ""Brazilian Championships"", ""to"": ""Brazilian Event Championships""}}, ""target_result"": {""event_name"": ""Brazilian Event Championships"", ""year"": 2019, ""athlete_name"": ""Thais Fidelis"", ""country"": ""BRA"", ""discipline"": ""WAG"", ""category"": ""senior"", ""apparatus"": ""FX"", ""vt_attempt"": null, ""day"": null, ""format"": ""apparatus"", ""round"": ""final"", ""score"": 13.133, ""D_score"": null, ""vault_attempt_order_uncertain"": false, ""source_sheet"": ""WAG"", ""source_row"": 12635, ""target_id"": ""target_3dcdc6c24ba787c8""}}, {""suggestion_id"": ""suggestion_5dab5db0e5e6e4fb"", ""suggestion_type"": ""context_correction"", ""confidence"": 0.65, ""message"": ""Same athlete/event/apparatus exists in the score sheet, but format, round, or day is different."", ""action"": ""attach_d_score_to_target_result"", ""changes"": {""format"": {""from"": ""apparatus"", ""to"": ""team""}, ""round"": {""from"": ""final"", ""to"": ""final""}, ""day"": {""from"": null, ""to"": null}}, ""target_result"": {""event_name"": ""Brazilian Championships"", ""year"": 2019, ""athlete_name"": ""Thais Fidelis"", ""country"": ""BRA"", ""discipline"": ""WAG"", ""category"": ""senior"", ""apparatus"": ""FX"", ""vt_attempt"": null, ""day"": null, ""format"": ""team"", ""round"": ""final"", ""score"": 13.6, ""D_score"": null, ""vault_attempt_order_uncertain"": false, ""source_sheet"": ""WAG"", ""source_row"": 12631, ""target_id"": ""target_951fa4cdf399525a""}}, {""suggestion_id"": ""suggestion_00a27410f9449636"", ""suggestion_type"": ""context_correction"", ""confidence"": 0.65, ""message"": ""Same athlete/event/apparatus exists in the score sheet, but format, round, or day is different."", ""action"": ""attach_d_score_to_target_result"", ""changes"": {""format"": {""from"": ""apparatus"", ""to"": ""individual""}, ""round"": {""from"": ""final"", ""to"": ""final""}, ""day"": {""from"": null, ""to"": null}}, ""target_result"": {""event_name"": ""Brazilian Championships"", ""year"": 2019, ""athlete_name"": ""Thais Fidelis"", ""country"": ""BRA"", ""discipline"": ""WAG"", ""category"": ""senior"", ""apparatus"": ""FX"", ""vt_attempt"": null, ""day"": null, ""format"": ""individual"", ""round"": ""final"", ""score"": 12.733, ""D_score"": 5.2, ""vault_attempt_order_uncertain"": false, ""source_sheet"": ""WAG"", ""source_row"": 12640, ""target_id"": ""target_8818ae4b3b3fce41""}}]"
orphan_9c568485838411f9,possible_event_name_mismatch,review,Possible event-name mismatch between the D sheet and the score sheet.,WAG D,10524,Brazilian Championships,2019,Thayse Silva,BRA,WAG,senior,BB,,,apparatus,final,5.3,False,3,suggestion_fc996d5d011357f6,event_name_correction,0.885,D-score event 'Brazilian Championships' may match score-sheet event 'Brazilian Event Championships'.,Brazilian Event Championships,2019,Thayse Silva,BRA,WAG,senior,BB,,,apparatus,final,12.433,,WAG,12653,"[{""suggestion_id"": ""suggestion_fc996d5d011357f6"", ""suggestion_type"": ""event_name_correction"", ""confidence"": 0.885, ""message"": ""D-score event 'Brazilian Championships' may match score-sheet event 'Brazilian Event Championships'."", ""action"": ""attach_d_score_to_target_result"", ""changes"": {""event_name"": {""from"": ""Brazilian Championships"", ""to"": ""Brazilian Event Championships""}}, ""target_result"": {""event_name"": ""Brazilian Event Championships"", ""year"": 2019, ""athlete_name"": ""Thayse Silva"", ""country"": ""BRA"", ""discipline"": ""WAG"", ""category"": ""senior"", ""apparatus"": ""BB"", ""vt_attempt"": null, ""day"": null, ""format"": ""apparatus"", ""round"": ""final"", ""score"": 12.433, ""D_score"": null, ""vault_attempt_order_uncertain"": false, ""source_sheet"": ""WAG"", ""source_row"": 12653, ""target_id"": ""target_d71f2fcc67d2bf29""}}, {""suggestion_id"": ""suggestion_9f78bb0a8eeb867a"", ""suggestion_type"": ""context_correction"", ""confidence"": 0.65, ""message"": ""Same athlete/event/apparatus exists in the score sheet, but format, round, or day is different."", ""action"": ""attach_d_score_to_target_result"", ""changes"": {""format"": {""from"": ""apparatus"", ""to"": ""individual""}, ""round"": {""from"": ""final"", ""to"": ""final""}, ""day"": {""from"": null, ""to"": null}}, ""target_result"": {""event_name"": ""Brazilian Championships"", ""year"": 2019, ""athlete_name"": ""Thayse Silva"", ""country"": ""BRA"", ""discipline"": ""WAG"", ""category"": ""senior"", ""apparatus"": ""BB"", ""vt_attempt"": null, ""day"": null, ""format"": ""individual"", ""round"": ""final"", ""score"": 12.9, ""D_score"": 5.2, ""vault_attempt_order_uncertain"": false, ""source_sheet"": ""WAG"", ""source_row"": 12650, ""target_id"": ""target_9165bad4189300b0""}}, {""suggestion_id"": ""suggestion_1f21fd3e037797a1"", ""suggestion_type"": ""context_correction"", ""confidence"": 0.65, ""message"": ""Same athlete/event/apparatus exists in the score sheet, but format, round, or day is different."", ""action"": ""attach_d_score_to_target_result"", ""changes"": {""format"": {""from"": ""apparatus"", ""to"": ""team""}, ""round"": {""from"": ""final"", ""to"": ""final""}, ""day"": {""from"": null, ""to"": null}}, ""target_result"": {""event_name"": ""Brazilian Championships"", ""year"": 2019, ""athlete_name"": ""Thayse Silva"", ""country"": ""BRA"", ""discipline"": ""WAG"", ""category"": ""senior"", ""apparatus"": ""BB"", ""vt_attempt"": null, ""day"": null, ""format"": ""team"", ""round"": ""final"", ""score"": 11.9, ""D_score"": null, ""vault_attempt_order_uncertain"": false, ""source_sheet"": ""WAG"", ""source_row"": 12651, ""target_id"": ""target_50b6b3ccf497edcf""}}]"
orphan_fd1278615cc5098e,possible_context_mismatch,review,"Possible format, round, or day mismatch.",WAG D,10534,Norwegian Championships,2019,Thea Nygaard,NOR,WAG,senior,VT,2,,individual,final,4.2,True,1,suggestion_c335f2911b903650,context_correction,0.65,"Same athlete/event/apparatus exists in the score sheet, but format, round, or day is different.",Norwegian Championships,2019,Thea Nygaard,NOR,WAG,senior,VT,2,,apparatus,final,12.45,4.0,WAG,12664,"[{""suggestion_id"": ""suggestion_c335f2911b903650"", ""suggestion_type"": ""context_correction"", ""confidence"": 0.65, ""message"": ""Same athlete/event/apparatus exists in the score sheet, but format, round, or day is different."", ""action"": ""attach_d_score_to_target_result"", ""changes"": {""format"": {""from"": ""individual"", ""to"": ""apparatus""}, ""round"": {""from"": ""final"", ""to"": ""final""}, ""day"": {""from"": null, ""to"": null}}, ""target_result"": {""event_name"": ""Norwegian Championships"", ""year"": 2019, ""athlete_name"": ""Thea Nygaard"", ""country"": ""NOR"", ""discipline"": ""WAG"", ""category"": ""senior"", ""apparatus"": ""VT"", ""vt_attempt"": 2, ""day"": null, ""format"": ""apparatus"", ""round"": ""final"", ""score"": 12.45, ""D_score"": 4.0, ""vault_attempt_order_uncertain"": true, ""source_sheet"": ""WAG"", ""source_row"": 12664, ""target_id"": ""target_14f5863d10f97dfa""}}]"
orphan_97f71860e15c81c2,missing_final_score_for_context,review,"The athlete/event exists, but not this apparatus/context.",WAG D,10538,Norwegian Junior Championships,2019,Thea Vassdal,NOR,WAG,junior,VT,2,,individual,final,2.0,True,0,,,,,,,,,,,,,,,,,,,,[]
orphan_b23838882f89275e,possible_event_name_mismatch,review,Possible event-name mismatch between the D sheet and the score sheet.,WAG D,10549,Icelandic Fall Championships,2019,Thelma Gudjonsdottir,ISL,WAG,senior,VT,2,,individual,final,3.7,True,1,suggestion_bb52079db624e1f2,event_name_correction,0.902,D-score event 'Icelandic Fall Championships' may match score-sheet event 'Icelandic Championships'.,Icelandic Championships,2019,Thelma Gudjonsdottir,ISL,WAG,senior,VT,2,,individual,final,12.1,3.7,WAG,12677,"[{""suggestion_id"": ""suggestion_bb52079db624e1f2"", ""suggestion_type"": ""event_name_correction"", ""confidence"": 0.902, ""message"": ""D-score event 'Icelandic Fall Championships' may match score-sheet event 'Icelandic Championships'."", ""action"": ""attach_d_score_to_target_result"", ""changes"": {""event_name"": {""from"": ""Icelandic Fall Championships"", ""to"": ""Icelandic Championships""}}, ""target_result"": {""event_name"": ""Icelandic Championships"", ""year"": 2019, ""athlete_name"": ""Thelma Gudjonsdottir"", ""country"": ""ISL"", ""discipline"": ""WAG"", ""category"": ""senior"", ""apparatus"": ""VT"", ""vt_attempt"": 2, ""day"": null, ""format"": ""individual"", ""round"": ""final"", ""score"": 12.1, ""D_score"": 3.7, ""vault_attempt_order_uncertain"": true, ""source_sheet"": ""WAG"", ""source_row"": 12677, ""target_id"": ""target_e63b6307d7cb4391""}}]"
orphan_9285f0a7479428e6,missing_final_score_for_context,review,"The athlete/event exists, but not this apparatus/context.",WAG D,10607,Mälar Cup,2019,Tilde Stjernborg,SWE,WAG,junior,VT,2,,individual,final,3.3,True,0,,,,,,,,,,,,,,,,,,,,[]
orphan_92ff7cc777e6e410,possible_context_mismatch,review,"Possible format, round, or day mismatch.",WAG D,10671,Dutch Championships,2019,Tisha Volleman,NED,WAG,senior,VT,2,,individual,final,4.8,True,1,suggestion_3d4e82b8bb0f5bd9,context_correction,0.65,"Same athlete/event/apparatus exists in the score sheet, but format, round, or day is different.",Dutch Championships,2019,Tisha Volleman,NED,WAG,senior,VT,2,,apparatus,final,13.9,4.8,WAG,12807,"[{""suggestion_id"": ""suggestion_3d4e82b8bb0f5bd9"", ""suggestion_type"": ""context_correction"", ""confidence"": 0.65, ""message"": ""Same athlete/event/apparatus exists in the score sheet, but format, round, or day is different."", ""action"": ""attach_d_score_to_target_result"", ""changes"": {""format"": {""from"": ""individual"", ""to"": ""apparatus""}, ""round"": {""from"": ""final"", ""to"": ""final""}, ""day"": {""from"": null, ""to"": null}}, ""target_result"": {""event_name"": ""Dutch Championships"", ""year"": 2019, ""athlete_name"": ""Tisha Volleman"", ""country"": ""NED"", ""discipline"": ""WAG"", ""category"": ""senior"", ""apparatus"": ""VT"", ""vt_attempt"": 2, ""day"": null, ""format"": ""apparatus"", ""round"": ""final"", ""score"": 13.9, ""D_score"": 4.8, ""vault_attempt_order_uncertain"": true, ""source_sheet"": ""WAG"", ""source_row"": 12807, ""target_id"": ""target_a7826f6d9aef97eb""}}]"
orphan_46f0d709fe347baa,missing_final_score_for_context,review,"The athlete/event exists, but not this apparatus/context.",WAG D,10705,Norwegian Championships,2019,Tora Strand,NOR,WAG,senior,VT,2,,individual,final,2.8,True,0,,,,,,,,,,,,,,,,,,,,[]
orphan_dff820feba465bfb,missing_final_score_for_context,review,"The athlete/event exists, but not this apparatus/context.",WAG D,10706,Mälar Cup,2019,Tova Berntsson,SWE,WAG,junior,VT,2,,individual,final,2.0,True,0,,,,,,,,,,,,,,,,,,,,[]
orphan_df9416eed7c6cfb1,possible_context_mismatch,review,"Possible format, round, or day mismatch.",WAG D,10753,South African Championships,2019,Tyde Cooper,RSA,WAG,junior,VT,2,,individual,final,2.0,True,1,suggestion_8f52ea8b802127d4,context_correction,0.65,"Same athlete/event/apparatus exists in the score sheet, but format, round, or day is different.",South African Championships,2019,Tyde Cooper,RSA,WAG,junior,VT,2,,apparatus,final,11.7,3.5,WAG,12896,"[{""suggestion_id"": ""suggestion_8f52ea8b802127d4"", ""suggestion_type"": ""context_correction"", ""confidence"": 0.65, ""message"": ""Same athlete/event/apparatus exists in the score sheet, but format, round, or day is different."", ""action"": ""attach_d_score_to_target_result"", ""changes"": {""format"": {""from"": ""individual"", ""to"": ""apparatus""}, ""round"": {""from"": ""final"", ""to"": ""final""}, ""day"": {""from"": null, ""to"": null}}, ""target_result"": {""event_name"": ""South African Championships"", ""year"": 2019, ""athlete_name"": ""Tyde Cooper"", ""country"": ""RSA"", ""discipline"": ""WAG"", ""category"": ""junior"", ""apparatus"": ""VT"", ""vt_attempt"": 2, ""day"": null, ""format"": ""apparatus"", ""round"": ""final"", ""score"": 11.7, ""D_score"": 3.5, ""vault_attempt_order_uncertain"": true, ""source_sheet"": ""WAG"", ""source_row"": 12896, ""target_id"": ""target_a3bee6bbf11c43ff""}}]"
orphan_6ac6ff571250265c,missing_final_score_for_context,review,"The athlete/event exists, but not this apparatus/context.",WAG D,10761,Mälar Cup,2019,Tyra Malmberg,SWE,WAG,junior,VT,2,,individual,final,3.7,True,0,,,,,,,,,,,,,,,,,,,,[]
orphan_f448fc7ae478f969,missing_final_score_for_context,review,"The athlete/event exists, but not this apparatus/context.",WAG D,10836,Salamunov Memorial,2019,Valeza Rama,KOS,WAG,junior,UB,,,individual,final,0.5,False,0,,,,,,,,,,,,,,,,,,,,[]
orphan_8fe00736f4441ae8,possible_context_mismatch,review,"Possible format, round, or day mismatch.",WAG D,10861,Dutch Championships,2019,Vera Jonker,NED,WAG,senior,VT,2,,individual,final,4.6,True,1,suggestion_eb8db5908216fe22,context_correction,0.65,"Same athlete/event/apparatus exists in the score sheet, but format, round, or day is different.",Dutch Championships,2019,Vera Jonker,NED,WAG,senior,VT,2,,apparatus,final,13.85,4.6,WAG,13051,"[{""suggestion_id"": ""suggestion_eb8db5908216fe22"", ""suggestion_type"": ""context_correction"", ""confidence"": 0.65, ""message"": ""Same athlete/event/apparatus exists in the score sheet, but format, round, or day is different."", ""action"": ""attach_d_score_to_target_result"", ""changes"": {""format"": {""from"": ""individual"", ""to"": ""apparatus""}, ""round"": {""from"": ""final"", ""to"": ""final""}, ""day"": {""from"": null, ""to"": null}}, ""target_result"": {""event_name"": ""Dutch Championships"", ""year"": 2019, ""athlete_name"": ""Vera Jonker"", ""country"": ""NED"", ""discipline"": ""WAG"", ""category"": ""senior"", ""apparatus"": ""VT"", ""vt_attempt"": 2, ""day"": null, ""format"": ""apparatus"", ""round"": ""final"", ""score"": 13.85, ""D_score"": 4.6, ""vault_attempt_order_uncertain"": true, ""source_sheet"": ""WAG"", ""source_row"": 13051, ""target_id"": ""target_bec3e5071ce5f703""}}]"
orphan_11e969323a5cbab7,possible_context_mismatch,review,"Possible format, round, or day mismatch.",WAG D,10875,City of Jesolo Trophy,2019,Veronica Mandriota,ITA,WAG,junior,VT,2,,individual,final,4.0,True,1,suggestion_de59c61b6db59689,context_correction,0.65,"Same athlete/event/apparatus exists in the score sheet, but format, round, or day is different.",City of Jesolo Trophy,2019,Veronica Mandriota,ITA,WAG,junior,VT,2,,apparatus,final,12.8,4.0,WAG,13066,"[{""suggestion_id"": ""suggestion_de59c61b6db59689"", ""suggestion_type"": ""context_correction"", ""confidence"": 0.65, ""message"": ""Same athlete/event/apparatus exists in the score sheet, but format, round, or day is different."", ""action"": ""attach_d_score_to_target_result"", ""changes"": {""format"": {""from"": ""individual"", ""to"": ""apparatus""}, ""round"": {""from"": ""final"", ""to"": ""final""}, ""day"": {""from"": null, ""to"": null}}, ""target_result"": {""event_name"": ""City of Jesolo Trophy"", ""year"": 2019, ""athlete_name"": ""Veronica Mandriota"", ""country"": ""ITA"", ""discipline"": ""WAG"", ""category"": ""junior"", ""apparatus"": ""VT"", ""vt_attempt"": 2, ""day"": null, ""format"": ""apparatus"", ""round"": ""final"", ""score"": 12.8, ""D_score"": 4.0, ""vault_attempt_order_uncertain"": true, ""source_sheet"": ""WAG"", ""source_row"": 13066, ""target_id"": ""target_10fb7f5201bcc919""}}]"
orphan_a367d90a2060d7ac,possible_context_mismatch,review,"Possible format, round, or day mismatch.",WAG D,10937,Mälar Cup,2019,Viivi Nieminen,FIN,WAG,senior,VT,2,,individual,final,4.0,True,1,suggestion_792b0c0cc06bb4ed,context_correction,0.65,"Same athlete/event/apparatus exists in the score sheet, but format, round, or day is different.",Mälar Cup,2019,Viivi Nieminen,FIN,WAG,senior,VT,2,,apparatus,final,11.25,4.0,WAG,13131,"[{""suggestion_id"": ""suggestion_792b0c0cc06bb4ed"", ""suggestion_type"": ""context_correction"", ""confidence"": 0.65, ""message"": ""Same athlete/event/apparatus exists in the score sheet, but format, round, or day is different."", ""action"": ""attach_d_score_to_target_result"", ""changes"": {""format"": {""from"": ""individual"", ""to"": ""apparatus""}, ""round"": {""from"": ""final"", ""to"": ""final""}, ""day"": {""from"": null, ""to"": null}}, ""target_result"": {""event_name"": ""Mälar Cup"", ""year"": 2019, ""athlete_name"": ""Viivi Nieminen"", ""country"": ""FIN"", ""discipline"": ""WAG"", ""category"": ""senior"", ""apparatus"": ""VT"", ""vt_attempt"": 2, ""day"": null, ""format"": ""apparatus"", ""round"": ""final"", ""score"": 11.25, ""D_score"": 4.0, ""vault_attempt_order_uncertain"": true, ""source_sheet"": ""WAG"", ""source_row"": 13131, ""target_id"": ""target_1a48e757efcda852""}}]"
orphan_d81a3b878db26a2d,missing_final_score_for_context,review,"The athlete/event exists, but not this apparatus/context.",WAG D,10949,Sokol Grand Prix,2019,Viktoria Trykina,RUS,WAG,senior,UB,,,individual,final,5.1,False,0,,,,,,,,,,,,,,,,,,,,[]
orphan_af9ae0ae93e47f2b,possible_context_mismatch,review,"Possible format, round, or day mismatch.",WAG D,10951,Stella Zakharova Cup,2019,Viktoriia Ivanenko,UKR,WAG,junior,VT,2,,individual,final,5.0,True,1,suggestion_0f917b31d27a45d9,context_correction,0.65,"Same athlete/event/apparatus exists in the score sheet, but format, round, or day is different.",Stella Zakharova Cup,2019,Viktoriia Ivanenko,UKR,WAG,junior,VT,2,,apparatus,final,13.45,4.6,WAG,13167,"[{""suggestion_id"": ""suggestion_0f917b31d27a45d9"", ""suggestion_type"": ""context_correction"", ""confidence"": 0.65, ""message"": ""Same athlete/event/apparatus exists in the score sheet, but format, round, or day is different."", ""action"": ""attach_d_score_to_target_result"", ""changes"": {""format"": {""from"": ""individual"", ""to"": ""apparatus""}, ""round"": {""from"": ""final"", ""to"": ""final""}, ""day"": {""from"": null, ""to"": null}}, ""target_result"": {""event_name"": ""Stella Zakharova Cup"", ""year"": 2019, ""athlete_name"": ""Viktoriia Ivanenko"", ""country"": ""UKR"", ""discipline"": ""WAG"", ""category"": ""junior"", ""apparatus"": ""VT"", ""vt_attempt"": 2, ""day"": null, ""format"": ""apparatus"", ""round"": ""final"", ""score"": 13.45, ""D_score"": 4.6, ""vault_attempt_order_uncertain"": true, ""source_sheet"": ""WAG"", ""source_row"": 13167, ""target_id"": ""target_89875fa79c9fd08d""}}]"
orphan_46a048b44f5209a0,possible_context_mismatch,review,"Possible format, round, or day mismatch.",WAG D,10956,City of Jesolo Trophy,2019,Viktoriia Listunova,RUS,WAG,junior,VT,2,,individual,final,4.6,True,1,suggestion_a71e066f06e559d9,context_correction,0.65,"Same athlete/event/apparatus exists in the score sheet, but format, round, or day is different.",City of Jesolo Trophy,2019,Viktoriia Listunova,RUS,WAG,junior,VT,2,,apparatus,final,13.7,4.6,WAG,13169,"[{""suggestion_id"": ""suggestion_a71e066f06e559d9"", ""suggestion_type"": ""context_correction"", ""confidence"": 0.65, ""message"": ""Same athlete/event/apparatus exists in the score sheet, but format, round, or day is different."", ""action"": ""attach_d_score_to_target_result"", ""changes"": {""format"": {""from"": ""individual"", ""to"": ""apparatus""}, ""round"": {""from"": ""final"", ""to"": ""final""}, ""day"": {""from"": null, ""to"": null}}, ""target_result"": {""event_name"": ""City of Jesolo Trophy"", ""year"": 2019, ""athlete_name"": ""Viktoriia Listunova"", ""country"": ""RUS"", ""discipline"": ""WAG"", ""category"": ""junior"", ""apparatus"": ""VT"", ""vt_attempt"": 2, ""day"": null, ""format"": ""apparatus"", ""round"": ""final"", ""score"": 13.7, ""D_score"": 4.6, ""vault_attempt_order_uncertain"": true, ""source_sheet"": ""WAG"", ""source_row"": 13169, ""target_id"": ""target_154960e7bee0f7ce""}}]"
orphan_52d6ff57b3fef31d,athlete_missing_in_score_sheet,review,"The event/apparatus/context exists, but this athlete is missing in the score sheet.",WAG D,10967,2nd Italian Serie A,2019,Viola Bernardi,ITA,WAG,senior,UB,,,individual,final,2.8,False,0,,,,,,,,,,,,,,,,,,,,[]
orphan_be184279bda8b52d,athlete_missing_in_score_sheet,review,"The event/apparatus/context exists, but this athlete is missing in the score sheet.",WAG D,10967,2nd Italian Serie A,2019,Viola Bernardi,ITA,WAG,senior,VT,1,,individual,final,3.5,True,0,,,,,,,,,,,,,,,,,,,,[]
orphan_7909a7c317d750ca,athlete_missing_in_score_sheet,review,"The event/apparatus/context exists, but this athlete is missing in the score sheet.",WAG D,10989,Brazilian Championships,2019,Vitoria Migliorin,BRA,WAG,senior,BB,,,individual,final,4.8,False,0,,,,,,,,,,,,,,,,,,,,[]
orphan_6c9a291dd8b8c64a,athlete_missing_in_score_sheet,review,"The event/apparatus/context exists, but this athlete is missing in the score sheet.",WAG D,10989,Brazilian Championships,2019,Vitoria Migliorin,BRA,WAG,senior,FX,,,individual,final,4.6,False,0,,,,,,,,,,,,,,,,,,,,[]
orphan_09d131e17c7425b6,athlete_missing_in_score_sheet,review,"The event/apparatus/context exists, but this athlete is missing in the score sheet.",WAG D,10989,Brazilian Championships,2019,Vitoria Migliorin,BRA,WAG,senior,UB,,,individual,final,4.3,False,0,,,,,,,,,,,,,,,,,,,,[]
orphan_c4a9875d53a98922,athlete_missing_in_score_sheet,review,"The event/apparatus/context exists, but this athlete is missing in the score sheet.",WAG D,10989,Brazilian Championships,2019,Vitoria Migliorin,BRA,WAG,senior,VT,1,,individual,final,4.0,True,0,,,,,,,,,,,,,,,,,,,,[]
orphan_9484e078a18abbf2,athlete_missing_in_score_sheet,review,"The event/apparatus/context exists, but this athlete is missing in the score sheet.",WAG D,10991,Brazilian Championships,2019,Vitoria Silva,BRA,WAG,senior,BB,,,individual,final,4.4,False,0,,,,,,,,,,,,,,,,,,,,[]
orphan_fc2ce8a1552403c0,athlete_missing_in_score_sheet,review,"The event/apparatus/context exists, but this athlete is missing in the score sheet.",WAG D,10991,Brazilian Championships,2019,Vitoria Silva,BRA,WAG,senior,FX,,,individual,final,4.1,False,0,,,,,,,,,,,,,,,,,,,,[]
orphan_e718fbb86053e3ec,athlete_missing_in_score_sheet,review,"The event/apparatus/context exists, but this athlete is missing in the score sheet.",WAG D,10991,Brazilian Championships,2019,Vitoria Silva,BRA,WAG,senior,UB,,,individual,final,2.9,False,0,,,,,,,,,,,,,,,,,,,,[]
orphan_78476d91a71c0fd8,athlete_missing_in_score_sheet,review,"The event/apparatus/context exists, but this athlete is missing in the score sheet.",WAG D,10991,Brazilian Championships,2019,Vitoria Silva,BRA,WAG,senior,VT,1,,individual,final,3.5,True,0,,,,,,,,,,,,,,,,,,,,[]
orphan_b413e7dfb23d39d1,missing_final_score_for_context,review,"The athlete/event exists, but not this apparatus/context.",WAG D,11000,Mälar Cup,2019,Vladislava Kolganova,RUS,WAG,junior,VT,2,,individual,final,3.5,True,0,,,,,,,,,,,,,,,,,,,,[]
orphan_b85174dd0221efa5,possible_context_mismatch,review,"Possible format, round, or day mismatch.",WAG D,11003,City of Jesolo Trophy,2019,Vladislava Urazova,RUS,WAG,junior,VT,2,,individual,final,4.6,True,1,suggestion_c08f4fe63f860b84,context_correction,0.65,"Same athlete/event/apparatus exists in the score sheet, but format, round, or day is different.",City of Jesolo Trophy,2019,Vladislava Urazova,RUS,WAG,junior,VT,2,,apparatus,final,13.75,5.0,WAG,13236,"[{""suggestion_id"": ""suggestion_c08f4fe63f860b84"", ""suggestion_type"": ""context_correction"", ""confidence"": 0.65, ""message"": ""Same athlete/event/apparatus exists in the score sheet, but format, round, or day is different."", ""action"": ""attach_d_score_to_target_result"", ""changes"": {""format"": {""from"": ""individual"", ""to"": ""apparatus""}, ""round"": {""from"": ""final"", ""to"": ""final""}, ""day"": {""from"": null, ""to"": null}}, ""target_result"": {""event_name"": ""City of Jesolo Trophy"", ""year"": 2019, ""athlete_name"": ""Vladislava Urazova"", ""country"": ""RUS"", ""discipline"": ""WAG"", ""category"": ""junior"", ""apparatus"": ""VT"", ""vt_attempt"": 2, ""day"": null, ""format"": ""apparatus"", ""round"": ""final"", ""score"": 13.75, ""D_score"": 5.0, ""vault_attempt_order_uncertain"": true, ""source_sheet"": ""WAG"", ""source_row"": 13236, ""target_id"": ""target_655015931dda7d2a""}}]"
orphan_a1c89645a780855c,missing_final_score_for_context,review,"The athlete/event exists, but not this apparatus/context.",WAG D,11142,German Junior Championships,2019,Xenia Herrmann,GER,WAG,junior,VT,2,,individual,final,3.7,True,0,,,,,,,,,,,,,,,,,,,,[]
orphan_6cc6fc51fe1dbd9e,possible_context_mismatch,review,"Possible format, round, or day mismatch.",WAG D,11175,Chinese National Youth Games,2019,Xu Yueyue,CHN,WAG,junior,VT,2,,individual,qualification,3.5,True,1,suggestion_78565fad57580311,context_correction,0.65,"Same athlete/event/apparatus exists in the score sheet, but format, round, or day is different.",Chinese National Youth Games,2019,Xu Yueyue,CHN,WAG,junior,VT,2,,individual,final,11.95,,WAG,13452,"[{""suggestion_id"": ""suggestion_78565fad57580311"", ""suggestion_type"": ""context_correction"", ""confidence"": 0.65, ""message"": ""Same athlete/event/apparatus exists in the score sheet, but format, round, or day is different."", ""action"": ""attach_d_score_to_target_result"", ""changes"": {""format"": {""from"": ""individual"", ""to"": ""individual""}, ""round"": {""from"": ""qualification"", ""to"": ""final""}, ""day"": {""from"": null, ""to"": null}}, ""target_result"": {""event_name"": ""Chinese National Youth Games"", ""year"": 2019, ""athlete_name"": ""Xu Yueyue"", ""country"": ""CHN"", ""discipline"": ""WAG"", ""category"": ""junior"", ""apparatus"": ""VT"", ""vt_attempt"": 2, ""day"": null, ""format"": ""individual"", ""round"": ""final"", ""score"": 11.95, ""D_score"": null, ""vault_attempt_order_uncertain"": true, ""source_sheet"": ""WAG"", ""source_row"": 13452, ""target_id"": ""target_bc183c383d35a986""}}]"
orphan_461af5979e83c336,athlete_missing_in_score_sheet,review,"The event/apparatus/context exists, but this athlete is missing in the score sheet.",WAG D,11221,Brazilian Championships,2019,Yasmin Ribeiro,BRA,WAG,senior,BB,,,individual,final,4.2,False,0,,,,,,,,,,,,,,,,,,,,[]
orphan_3456116448cd8a51,athlete_missing_in_score_sheet,review,"The event/apparatus/context exists, but this athlete is missing in the score sheet.",WAG D,11221,Brazilian Championships,2019,Yasmin Ribeiro,BRA,WAG,senior,FX,,,individual,final,3.0,False,0,,,,,,,,,,,,,,,,,,,,[]
orphan_62ddd0914781c427,athlete_missing_in_score_sheet,review,"The event/apparatus/context exists, but this athlete is missing in the score sheet.",WAG D,11221,Brazilian Championships,2019,Yasmin Ribeiro,BRA,WAG,senior,UB,,,individual,final,1.2,False,0,,,,,,,,,,,,,,,,,,,,[]
orphan_ceb76cf952e11299,athlete_missing_in_score_sheet,review,"The event/apparatus/context exists, but this athlete is missing in the score sheet.",WAG D,11221,Brazilian Championships,2019,Yasmin Ribeiro,BRA,WAG,senior,VT,1,,individual,final,4.0,True,0,,,,,,,,,,,,,,,,,,,,[]
orphan_061ce0b33dde2e68,athlete_missing_in_score_sheet,review,"The event/apparatus/context exists, but this athlete is missing in the score sheet.",WAG D,11282,Chinese Championships,2019,Yue Yue,CHN,WAG,senior,BB,,,individual,final,5.6,False,0,,,,,,,,,,,,,,,,,,,,[]
orphan_a2e72262dd44647e,athlete_missing_in_score_sheet,review,"The event/apparatus/context exists, but this athlete is missing in the score sheet.",WAG D,11282,Chinese Championships,2019,Yue Yue,CHN,WAG,senior,FX,,,individual,final,4.6,False,0,,,,,,,,,,,,,,,,,,,,[]
orphan_0e11b1cb9a1306e4,athlete_missing_in_score_sheet,review,"The event/apparatus/context exists, but this athlete is missing in the score sheet.",WAG D,11282,Chinese Championships,2019,Yue Yue,CHN,WAG,senior,UB,,,individual,final,4.6,False,0,,,,,,,,,,,,,,,,,,,,[]
orphan_f81025a2ff40ce66,athlete_missing_in_score_sheet,review,"The event/apparatus/context exists, but this athlete is missing in the score sheet.",WAG D,11282,Chinese Championships,2019,Yue Yue,CHN,WAG,senior,VT,1,,individual,final,3.5,True,0,,,,,,,,,,,,,,,,,,,,[]
orphan_5540893a350eb32e,athlete_missing_in_score_sheet,review,"The event/apparatus/context exists, but this athlete is missing in the score sheet.",WAG D,11283,Chinese Championships,2019,Yue Yue,CHN,WAG,senior,BB,,,individual,qualification,5.4,False,0,,,,,,,,,,,,,,,,,,,,[]
orphan_f35fda2e39a5b991,athlete_missing_in_score_sheet,review,"The event/apparatus/context exists, but this athlete is missing in the score sheet.",WAG D,11283,Chinese Championships,2019,Yue Yue,CHN,WAG,senior,FX,,,individual,qualification,4.4,False,0,,,,,,,,,,,,,,,,,,,,[]
orphan_3b8e1187b71a9a77,athlete_missing_in_score_sheet,review,"The event/apparatus/context exists, but this athlete is missing in the score sheet.",WAG D,11283,Chinese Championships,2019,Yue Yue,CHN,WAG,senior,UB,,,individual,qualification,4.6,False,0,,,,,,,,,,,,,,,,,,,,[]
orphan_970f81fbb03d1ce2,missing_final_score_for_context,review,"The athlete/event exists, but not this apparatus/context.",WAG D,11334,GymStars International,2019,Zala Bedenik,SLO,WAG,junior,VT,2,,individual,final,3.6,True,0,,,,,,,,,,,,,,,,,,,,[]
orphan_79fa03c88ba5a810,possible_context_mismatch,review,"Possible format, round, or day mismatch.",WAG D,11381,Chinese National Youth Games,2019,Zhang Qingying,CHN,WAG,junior,BB,,,team,final,4.4,False,2,suggestion_d3538146e7b3f79a,context_correction,0.65,"Same athlete/event/apparatus exists in the score sheet, but format, round, or day is different.",Chinese National Youth Games,2019,Zhang Qingying,CHN,WAG,junior,BB,,,individual,final,12.75,4.4,WAG,13767,"[{""suggestion_id"": ""suggestion_d3538146e7b3f79a"", ""suggestion_type"": ""context_correction"", ""confidence"": 0.65, ""message"": ""Same athlete/event/apparatus exists in the score sheet, but format, round, or day is different."", ""action"": ""attach_d_score_to_target_result"", ""changes"": {""format"": {""from"": ""team"", ""to"": ""individual""}, ""round"": {""from"": ""final"", ""to"": ""final""}, ""day"": {""from"": null, ""to"": null}}, ""target_result"": {""event_name"": ""Chinese National Youth Games"", ""year"": 2019, ""athlete_name"": ""Zhang Qingying"", ""country"": ""CHN"", ""discipline"": ""WAG"", ""category"": ""junior"", ""apparatus"": ""BB"", ""vt_attempt"": null, ""day"": null, ""format"": ""individual"", ""round"": ""final"", ""score"": 12.75, ""D_score"": 4.4, ""vault_attempt_order_uncertain"": false, ""source_sheet"": ""WAG"", ""source_row"": 13767, ""target_id"": ""target_3b401f203d5ff89f""}}, {""suggestion_id"": ""suggestion_e51f8d3be9ca0f18"", ""suggestion_type"": ""context_correction"", ""confidence"": 0.65, ""message"": ""Same athlete/event/apparatus exists in the score sheet, but format, round, or day is different."", ""action"": ""attach_d_score_to_target_result"", ""changes"": {""format"": {""from"": ""team"", ""to"": ""individual""}, ""round"": {""from"": ""final"", ""to"": ""qualification""}, ""day"": {""from"": null, ""to"": null}}, ""target_result"": {""event_name"": ""Chinese National Youth Games"", ""year"": 2019, ""athlete_name"": ""Zhang Qingying"", ""country"": ""CHN"", ""discipline"": ""WAG"", ""category"": ""junior"", ""apparatus"": ""BB"", ""vt_attempt"": null, ""day"": null, ""format"": ""individual"", ""round"": ""qualification"", ""score"": 11.0, ""D_score"": 4.8, ""vault_attempt_order_uncertain"": false, ""source_sheet"": ""WAG"", ""source_row"": 13768, ""target_id"": ""target_8bcb86f882914412""}}]"
orphan_00755b8b9a8a1ae4,possible_context_mismatch,review,"Possible format, round, or day mismatch.",WAG D,11381,Chinese National Youth Games,2019,Zhang Qingying,CHN,WAG,junior,FX,,,team,final,4.4,False,3,suggestion_c075346c9569fe50,context_correction,0.65,"Same athlete/event/apparatus exists in the score sheet, but format, round, or day is different.",Chinese National Youth Games,2019,Zhang Qingying,CHN,WAG,junior,FX,,,individual,final,12.55,4.5,WAG,13767,"[{""suggestion_id"": ""suggestion_c075346c9569fe50"", ""suggestion_type"": ""context_correction"", ""confidence"": 0.65, ""message"": ""Same athlete/event/apparatus exists in the score sheet, but format, round, or day is different."", ""action"": ""attach_d_score_to_target_result"", ""changes"": {""format"": {""from"": ""team"", ""to"": ""individual""}, ""round"": {""from"": ""final"", ""to"": ""final""}, ""day"": {""from"": null, ""to"": null}}, ""target_result"": {""event_name"": ""Chinese National Youth Games"", ""year"": 2019, ""athlete_name"": ""Zhang Qingying"", ""country"": ""CHN"", ""discipline"": ""WAG"", ""category"": ""junior"", ""apparatus"": ""FX"", ""vt_attempt"": null, ""day"": null, ""format"": ""individual"", ""round"": ""final"", ""score"": 12.55, ""D_score"": 4.5, ""vault_attempt_order_uncertain"": false, ""source_sheet"": ""WAG"", ""source_row"": 13767, ""target_id"": ""target_1ed555ad9bb3f86d""}}, {""suggestion_id"": ""suggestion_8fcf339257ffbe0a"", ""suggestion_type"": ""context_correction"", ""confidence"": 0.65, ""message"": ""Same athlete/event/apparatus exists in the score sheet, but format, round, or day is different."", ""action"": ""attach_d_score_to_target_result"", ""changes"": {""format"": {""from"": ""team"", ""to"": ""individual""}, ""round"": {""from"": ""final"", ""to"": ""qualification""}, ""day"": {""from"": null, ""to"": null}}, ""target_result"": {""event_name"": ""Chinese National Youth Games"", ""year"": 2019, ""athlete_name"": ""Zhang Qingying"", ""country"": ""CHN"", ""discipline"": ""WAG"", ""category"": ""junior"", ""apparatus"": ""FX"", ""vt_attempt"": null, ""day"": null, ""format"": ""individual"", ""round"": ""qualification"", ""score"": 12.45, ""D_score"": 4.4, ""vault_attempt_order_uncertain"": false, ""source_sheet"": ""WAG"", ""source_row"": 13768, ""target_id"": ""target_b949bf199dea2284""}}, {""suggestion_id"": ""suggestion_b08f709e4f5b2f32"", ""suggestion_type"": ""context_correction"", ""confidence"": 0.65, ""message"": ""Same athlete/event/apparatus exists in the score sheet, but format, round, or day is different."", ""action"": ""attach_d_score_to_target_result"", ""changes"": {""format"": {""from"": ""team"", ""to"": ""apparatus""}, ""round"": {""from"": ""final"", ""to"": ""final""}, ""day"": {""from"": null, ""to"": null}}, ""target_result"": {""event_name"": ""Chinese National Youth Games"", ""year"": 2019, ""athlete_name"": ""Zhang Qingying"", ""country"": ""CHN"", ""discipline"": ""WAG"", ""category"": ""junior"", ""apparatus"": ""FX"", ""vt_attempt"": null, ""day"": null, ""format"": ""apparatus"", ""round"": ""final"", ""score"": 12.4, ""D_score"": 4.4, ""vault_attempt_order_uncertain"": false, ""source_sheet"": ""WAG"", ""source_row"": 13769, ""target_id"": ""target_e0ceefa6094ae35e""}}]"
orphan_d1fdc043201a1b83,athlete_missing_in_score_sheet,review,"The event/apparatus/context exists, but this athlete is missing in the score sheet.",WAG D,11428,Chinese Championships,2019,Zhou Yaqin,CHN,WAG,senior,BB,,,individual,qualification,5.2,False,0,,,,,,,,,,,,,,,,,,,,[]
orphan_9271e7cf56625916,athlete_missing_in_score_sheet,review,"The event/apparatus/context exists, but this athlete is missing in the score sheet.",WAG D,11428,Chinese Championships,2019,Zhou Yaqin,CHN,WAG,senior,FX,,,individual,qualification,4.9,False,0,,,,,,,,,,,,,,,,,,,,[]
orphan_7c094cc8fbb6a7f5,athlete_missing_in_score_sheet,review,"The event/apparatus/context exists, but this athlete is missing in the score sheet.",WAG D,11428,Chinese Championships,2019,Zhou Yaqin,CHN,WAG,senior,UB,,,individual,qualification,4.2,False,0,,,,,,,,,,,,,,,,,,,,[]
orphan_65c0493458745798,athlete_missing_in_score_sheet,review,"The event/apparatus/context exists, but this athlete is missing in the score sheet.",WAG D,11428,Chinese Championships,2019,Zhou Yaqin,CHN,WAG,senior,VT,1,,individual,qualification,3.5,True,0,,,,,,,,,,,,,,,,,,,,[]
orphan_03db4b9c0cef3b89,athlete_missing_in_score_sheet,review,"The event/apparatus/context exists, but this athlete is missing in the score sheet.",WAG D,11429,Chinese Championships,2019,Zhou Yaqin,CHN,WAG,senior,FX,,,team,final,5.0,False,0,,,,,,,,,,,,,,,,,,,,[]
orphan_da0cbb3b2c927a1f,athlete_missing_in_score_sheet,review,"The event/apparatus/context exists, but this athlete is missing in the score sheet.",WAG D,11429,Chinese Championships,2019,Zhou Yaqin,CHN,WAG,senior,UB,,,team,final,4.1,False,0,,,,,,,,,,,,,,,,,,,,[]
orphan_f4a3f336b27e2e9b,missing_final_score_for_context,review,"The athlete/event exists, but not this apparatus/context.",WAG D,11449,Horizon Cup,2019,Ziva Konic,SLO,WAG,junior,UB,,,individual,final,2.1,False,0,,,,,,,,,,,,,,,,,,,,[]
orphan_717a28d6df9d934a,athlete_missing_in_score_sheet,review,"The event/apparatus/context exists, but this athlete is missing in the score sheet.",WAG D,11462,Wase Gymcup,2019,Zoe Kuijpers,NED,WAG,senior,BB,,,apparatus,final,4.6,False,0,,,,,,,,,,,,,,,,,,,,[]
orphan_525b55203a925882,athlete_missing_in_score_sheet,review,"The event/apparatus/context exists, but this athlete is missing in the score sheet.",WAG D,11462,Wase Gymcup,2019,Zoe Kuijpers,NED,WAG,senior,FX,,,apparatus,final,4.1,False,0,,,,,,,,,,,,,,,,,,,,[]
orphan_0cb873d6a37b24b4,athlete_missing_in_score_sheet,review,"The event/apparatus/context exists, but this athlete is missing in the score sheet.",WAG D,11462,Wase Gymcup,2019,Zoe Kuijpers,NED,WAG,senior,VT,1,,apparatus,final,4.0,True,0,,,,,,,,,,,,,,,,,,,,[]
orphan_af8b60377be40d49,athlete_missing_in_score_sheet,review,"The event/apparatus/context exists, but this athlete is missing in the score sheet.",WAG D,11463,Wase Gymcup,2019,Zoe Kuijpers,NED,WAG,senior,BB,,,individual,final,4.5,False,0,,,,,,,,,,,,,,,,,,,,[]
orphan_241c3948673d1766,athlete_missing_in_score_sheet,review,"The event/apparatus/context exists, but this athlete is missing in the score sheet.",WAG D,11463,Wase Gymcup,2019,Zoe Kuijpers,NED,WAG,senior,FX,,,individual,final,4.0,False,0,,,,,,,,,,,,,,,,,,,,[]
orphan_872380c59b3d4bb8,athlete_missing_in_score_sheet,review,"The event/apparatus/context exists, but this athlete is missing in the score sheet.",WAG D,11463,Wase Gymcup,2019,Zoe Kuijpers,NED,WAG,senior,UB,,,individual,final,1.4,False,0,,,,,,,,,,,,,,,,,,,,[]
orphan_937832bdb092e43e,athlete_missing_in_score_sheet,review,"The event/apparatus/context exists, but this athlete is missing in the score sheet.",WAG D,11463,Wase Gymcup,2019,Zoe Kuijpers,NED,WAG,senior,VT,1,,individual,final,3.5,True,0,,,,,,,,,,,,,,,,,,,,[]
orphan_f50d53ae9c60de2f,athlete_missing_in_score_sheet,review,"The event/apparatus/context exists, but this athlete is missing in the score sheet.",WAG D,11464,Dutch Team Championships,2019,Zoë Kuijpers,NED,WAG,senior,BB,,,individual,final,4.6,False,0,,,,,,,,,,,,,,,,,,,,[]
orphan_bac538d304e50027,athlete_missing_in_score_sheet,review,"The event/apparatus/context exists, but this athlete is missing in the score sheet.",WAG D,11464,Dutch Team Championships,2019,Zoë Kuijpers,NED,WAG,senior,VT,1,,individual,final,4.0,True,0,,,,,,,,,,,,,,,,,,,,[]
orphan_f2d9230f300b27da,possible_athlete_name_typo,review,Possible athlete-name typo between the D sheet and the score sheet.,WAG D,11475,World Champion's National Qualifier,2019,Zoe Molomo,USA,WAG,junior,BB,,,individual,final,3.7,False,1,suggestion_bc4b25fb38b3144a,athlete_name_correction,0.952,D-score athlete 'Zoe Molomo' probably matches score-sheet athlete 'Zoey Molomo'.,World Champion's National Qualifier,2019,Zoey Molomo,USA,WAG,junior,BB,,,individual,final,10.95,,WAG,13889,"[{""suggestion_id"": ""suggestion_bc4b25fb38b3144a"", ""suggestion_type"": ""athlete_name_correction"", ""confidence"": 0.952, ""message"": ""D-score athlete 'Zoe Molomo' probably matches score-sheet athlete 'Zoey Molomo'."", ""action"": ""attach_d_score_to_target_result"", ""changes"": {""athlete_name"": {""from"": ""Zoe Molomo"", ""to"": ""Zoey Molomo""}}, ""target_result"": {""event_name"": ""World Champion's National Qualifier"", ""year"": 2019, ""athlete_name"": ""Zoey Molomo"", ""country"": ""USA"", ""discipline"": ""WAG"", ""category"": ""junior"", ""apparatus"": ""BB"", ""vt_attempt"": null, ""day"": null, ""format"": ""individual"", ""round"": ""final"", ""score"": 10.95, ""D_score"": null, ""vault_attempt_order_uncertain"": false, ""source_sheet"": ""WAG"", ""source_row"": 13889, ""target_id"": ""target_c8d069a896248571""}}]"
orphan_a478a21a3c28d934,possible_athlete_name_typo,review,Possible athlete-name typo between the D sheet and the score sheet.,WAG D,11475,World Champion's National Qualifier,2019,Zoe Molomo,USA,WAG,junior,FX,,,individual,final,4.1,False,1,suggestion_f8d9149e0d5e4955,athlete_name_correction,0.952,D-score athlete 'Zoe Molomo' probably matches score-sheet athlete 'Zoey Molomo'.,World Champion's National Qualifier,2019,Zoey Molomo,USA,WAG,junior,FX,,,individual,final,12.5,,WAG,13889,"[{""suggestion_id"": ""suggestion_f8d9149e0d5e4955"", ""suggestion_type"": ""athlete_name_correction"", ""confidence"": 0.952, ""message"": ""D-score athlete 'Zoe Molomo' probably matches score-sheet athlete 'Zoey Molomo'."", ""action"": ""attach_d_score_to_target_result"", ""changes"": {""athlete_name"": {""from"": ""Zoe Molomo"", ""to"": ""Zoey Molomo""}}, ""target_result"": {""event_name"": ""World Champion's National Qualifier"", ""year"": 2019, ""athlete_name"": ""Zoey Molomo"", ""country"": ""USA"", ""discipline"": ""WAG"", ""category"": ""junior"", ""apparatus"": ""FX"", ""vt_attempt"": null, ""day"": null, ""format"": ""individual"", ""round"": ""final"", ""score"": 12.5, ""D_score"": null, ""vault_attempt_order_uncertain"": false, ""source_sheet"": ""WAG"", ""source_row"": 13889, ""target_id"": ""target_750b9e8f1052e97a""}}]"
orphan_8206dd863309470c,possible_athlete_name_typo,review,Possible athlete-name typo between the D sheet and the score sheet.,WAG D,11475,World Champion's National Qualifier,2019,Zoe Molomo,USA,WAG,junior,UB,,,individual,final,4.0,False,1,suggestion_99a271e4a80a53e2,athlete_name_correction,0.952,D-score athlete 'Zoe Molomo' probably matches score-sheet athlete 'Zoey Molomo'.,World Champion's National Qualifier,2019,Zoey Molomo,USA,WAG,junior,UB,,,individual,final,12.1,,WAG,13889,"[{""suggestion_id"": ""suggestion_99a271e4a80a53e2"", ""suggestion_type"": ""athlete_name_correction"", ""confidence"": 0.952, ""message"": ""D-score athlete 'Zoe Molomo' probably matches score-sheet athlete 'Zoey Molomo'."", ""action"": ""attach_d_score_to_target_result"", ""changes"": {""athlete_name"": {""from"": ""Zoe Molomo"", ""to"": ""Zoey Molomo""}}, ""target_result"": {""event_name"": ""World Champion's National Qualifier"", ""year"": 2019, ""athlete_name"": ""Zoey Molomo"", ""country"": ""USA"", ""discipline"": ""WAG"", ""category"": ""junior"", ""apparatus"": ""UB"", ""vt_attempt"": null, ""day"": null, ""format"": ""individual"", ""round"": ""final"", ""score"": 12.1, ""D_score"": null, ""vault_attempt_order_uncertain"": false, ""source_sheet"": ""WAG"", ""source_row"": 13889, ""target_id"": ""target_05f7cdd28c810dfe""}}]"
orphan_c38f4f80956435da,possible_athlete_name_typo,review,Possible athlete-name typo between the D sheet and the score sheet.,WAG D,11475,World Champion's National Qualifier,2019,Zoe Molomo,USA,WAG,junior,VT,1,,individual,final,4.0,True,1,suggestion_ec06bf6767b4f78c,athlete_name_correction,0.952,D-score athlete 'Zoe Molomo' probably matches score-sheet athlete 'Zoey Molomo'.,World Champion's National Qualifier,2019,Zoey Molomo,USA,WAG,junior,VT,1,,individual,final,12.95,,WAG,13889,"[{""suggestion_id"": ""suggestion_ec06bf6767b4f78c"", ""suggestion_type"": ""athlete_name_correction"", ""confidence"": 0.952, ""message"": ""D-score athlete 'Zoe Molomo' probably matches score-sheet athlete 'Zoey Molomo'."", ""action"": ""attach_d_score_to_target_result"", ""changes"": {""athlete_name"": {""from"": ""Zoe Molomo"", ""to"": ""Zoey Molomo""}}, ""target_result"": {""event_name"": ""World Champion's National Qualifier"", ""year"": 2019, ""athlete_name"": ""Zoey Molomo"", ""country"": ""USA"", ""discipline"": ""WAG"", ""category"": ""junior"", ""apparatus"": ""VT"", ""vt_attempt"": 1, ""day"": null, ""format"": ""individual"", ""round"": ""final"", ""score"": 12.95, ""D_score"": null, ""vault_attempt_order_uncertain"": true, ""source_sheet"": ""WAG"", ""source_row"": 13889, ""target_id"": ""target_c0f396e17201c3f0""}}]"
