review_id,problem_type,severity,message,source_sheet,source_row,event_name,year,athlete_name,country,discipline,category,apparatus,vt_attempt,day,format,round,D_score,vault_attempt_order_uncertain,suggestion_count,top_suggestion_id,top_suggestion_type,top_suggestion_confidence,top_suggestion_message,top_target_event_name,top_target_year,top_target_athlete_name,top_target_country,top_target_discipline,top_target_category,top_target_apparatus,top_target_vt_attempt,top_target_day,top_target_format,top_target_round,top_target_score,top_target_D_score,top_target_source_sheet,top_target_source_row,all_suggestions_json
orphan_9f56e3bdd934d9f3,athlete_missing_in_score_sheet,review,"The event/apparatus/context exists, but this athlete is missing in the score sheet.",MAG D,103,Top 12 Series 6,2023,Adam Jean-Alphonse,FRA,MAG,senior,HB,,,individual,final,3.9,False,0,,,,,,,,,,,,,,,,,,,,[]
orphan_162e6abab603e4b2,athlete_missing_in_score_sheet,review,"The event/apparatus/context exists, but this athlete is missing in the score sheet.",MAG D,103,Top 12 Series 6,2023,Adam Jean-Alphonse,FRA,MAG,senior,PH,,,individual,final,4.2,False,0,,,,,,,,,,,,,,,,,,,,[]
orphan_53dc6462af7a9354,athlete_missing_in_score_sheet,review,"The event/apparatus/context exists, but this athlete is missing in the score sheet.",MAG D,104,Top 12 Series 7,2023,Adam Jean-Alphonse,FRA,MAG,senior,PB,,,individual,final,4.2,False,0,,,,,,,,,,,,,,,,,,,,[]
orphan_c2ac7e3787a86045,athlete_missing_in_score_sheet,review,"The event/apparatus/context exists, but this athlete is missing in the score sheet.",MAG D,105,Top 12 Series 4,2023,Adam Jean-Alphonse,FRA,MAG,senior,VT,1,,individual,final,4.0,True,0,,,,,,,,,,,,,,,,,,,,[]
orphan_2c4218b8057d80f4,missing_final_score_for_context,review,"The athlete/event exists, but not this apparatus/context.",MAG D,150,Swiss Cup,2023,Adem Asil,TUR,MAG,senior,VT,1,,individual,qualification,6.0,True,0,,,,,,,,,,,,,,,,,,,,[]
orphan_a744568698c9de6a,missing_final_score_for_context,review,"The athlete/event exists, but not this apparatus/context.",MAG D,150,Swiss Cup,2023,Adem Asil,TUR,MAG,senior,VT,2,,individual,qualification,4.8,True,0,,,,,,,,,,,,,,,,,,,,[]
orphan_d6dc6520911c6afd,athlete_missing_in_score_sheet,review,"The event/apparatus/context exists, but this athlete is missing in the score sheet.",MAG D,238,DTB Pokal Team Challenge,2023,Ahmet Burak Ekici,TUR,MAG,junior,FX,,,individual,final,4.5,False,0,,,,,,,,,,,,,,,,,,,,[]
orphan_6b785241742c987e,athlete_missing_in_score_sheet,review,"The event/apparatus/context exists, but this athlete is missing in the score sheet.",MAG D,238,DTB Pokal Team Challenge,2023,Ahmet Burak Ekici,TUR,MAG,junior,HB,,,individual,final,3.6,False,0,,,,,,,,,,,,,,,,,,,,[]
orphan_ba29f592fc80ac29,athlete_missing_in_score_sheet,review,"The event/apparatus/context exists, but this athlete is missing in the score sheet.",MAG D,238,DTB Pokal Team Challenge,2023,Ahmet Burak Ekici,TUR,MAG,junior,PB,,,individual,final,3.9,False,0,,,,,,,,,,,,,,,,,,,,[]
orphan_a4ff7cffb9bbdc88,athlete_missing_in_score_sheet,review,"The event/apparatus/context exists, but this athlete is missing in the score sheet.",MAG D,238,DTB Pokal Team Challenge,2023,Ahmet Burak Ekici,TUR,MAG,junior,PH,,,individual,final,4.5,False,0,,,,,,,,,,,,,,,,,,,,[]
orphan_9d105416ab178b37,athlete_missing_in_score_sheet,review,"The event/apparatus/context exists, but this athlete is missing in the score sheet.",MAG D,238,DTB Pokal Team Challenge,2023,Ahmet Burak Ekici,TUR,MAG,junior,SR,,,individual,final,3.7,False,0,,,,,,,,,,,,,,,,,,,,[]
orphan_0f78ace9ece98c8a,athlete_missing_in_score_sheet,review,"The event/apparatus/context exists, but this athlete is missing in the score sheet.",MAG D,238,DTB Pokal Team Challenge,2023,Ahmet Burak Ekici,TUR,MAG,junior,VT,1,,individual,final,4.0,True,0,,,,,,,,,,,,,,,,,,,,[]
orphan_e84ea284efafc0ba,athlete_missing_in_score_sheet,review,"The event/apparatus/context exists, but this athlete is missing in the score sheet.",MAG D,239,DTB Pokal Team Challenge,2023,Ahmet Burak Ekici,TUR,MAG,junior,PH,,,apparatus,final,4.5,False,0,,,,,,,,,,,,,,,,,,,,[]
orphan_1ba333987f47971d,athlete_missing_in_score_sheet,review,"The event/apparatus/context exists, but this athlete is missing in the score sheet.",MAG D,240,Junior World Championships,2023,Ahmet Burak Ekici,TUR,MAG,junior,FX,,,individual,qualification,4.4,False,0,,,,,,,,,,,,,,,,,,,,[]
orphan_f83810369404629b,athlete_missing_in_score_sheet,review,"The event/apparatus/context exists, but this athlete is missing in the score sheet.",MAG D,240,Junior World Championships,2023,Ahmet Burak Ekici,TUR,MAG,junior,HB,,,individual,qualification,3.6,False,0,,,,,,,,,,,,,,,,,,,,[]
orphan_0a95c2fd810957c8,athlete_missing_in_score_sheet,review,"The event/apparatus/context exists, but this athlete is missing in the score sheet.",MAG D,240,Junior World Championships,2023,Ahmet Burak Ekici,TUR,MAG,junior,PB,,,individual,qualification,3.9,False,0,,,,,,,,,,,,,,,,,,,,[]
orphan_e8a9d6c031e133e1,athlete_missing_in_score_sheet,review,"The event/apparatus/context exists, but this athlete is missing in the score sheet.",MAG D,240,Junior World Championships,2023,Ahmet Burak Ekici,TUR,MAG,junior,PH,,,individual,qualification,4.6,False,0,,,,,,,,,,,,,,,,,,,,[]
orphan_c9a89cc783531e24,athlete_missing_in_score_sheet,review,"The event/apparatus/context exists, but this athlete is missing in the score sheet.",MAG D,240,Junior World Championships,2023,Ahmet Burak Ekici,TUR,MAG,junior,SR,,,individual,qualification,3.9,False,0,,,,,,,,,,,,,,,,,,,,[]
orphan_5bdfd490ab429db0,athlete_missing_in_score_sheet,review,"The event/apparatus/context exists, but this athlete is missing in the score sheet.",MAG D,240,Junior World Championships,2023,Ahmet Burak Ekici,TUR,MAG,junior,VT,1,,individual,qualification,4.0,True,0,,,,,,,,,,,,,,,,,,,,[]
orphan_41d6f0ede81b4709,possible_athlete_name_typo,review,Possible athlete-name typo between the D sheet and the score sheet.,MAG D,318,Cairo World Cup,2023,Al Harith Rakan,QAT,MAG,senior,PH,,,individual,qualification,5.0,False,1,suggestion_90d26a31a765bbe8,athlete_name_correction,0.933,D-score athlete 'Al Harith Rakan' probably matches score-sheet athlete 'Al-Harith Rakan'.,Cairo World Cup,2023,Al-Harith Rakan,QAT,MAG,senior,PH,,,individual,qualification,13.366,,MAG,335,"[{""suggestion_id"": ""suggestion_90d26a31a765bbe8"", ""suggestion_type"": ""athlete_name_correction"", ""confidence"": 0.933, ""message"": ""D-score athlete 'Al Harith Rakan' probably matches score-sheet athlete 'Al-Harith Rakan'."", ""action"": ""attach_d_score_to_target_result"", ""changes"": {""athlete_name"": {""from"": ""Al Harith Rakan"", ""to"": ""Al-Harith Rakan""}}, ""target_result"": {""event_name"": ""Cairo World Cup"", ""year"": 2023, ""athlete_name"": ""Al-Harith Rakan"", ""country"": ""QAT"", ""discipline"": ""MAG"", ""category"": ""senior"", ""apparatus"": ""PH"", ""vt_attempt"": null, ""day"": null, ""format"": ""individual"", ""round"": ""qualification"", ""score"": 13.366, ""D_score"": null, ""vault_attempt_order_uncertain"": false, ""source_sheet"": ""MAG"", ""source_row"": 335, ""target_id"": ""target_f21dd656ed76ff33""}}]"
orphan_41e8a6f507a67ab5,possible_athlete_name_typo,review,Possible athlete-name typo between the D sheet and the score sheet.,MAG D,319,Baku World Cup,2023,Al Harith Rakan,QAT,MAG,senior,PH,,,individual,qualification,4.7,False,1,suggestion_ff5dd5f40fc81117,athlete_name_correction,0.933,D-score athlete 'Al Harith Rakan' probably matches score-sheet athlete 'Al-Harith Rakan'.,Baku World Cup,2023,Al-Harith Rakan,QAT,MAG,senior,PH,,,individual,qualification,13.033,,MAG,336,"[{""suggestion_id"": ""suggestion_ff5dd5f40fc81117"", ""suggestion_type"": ""athlete_name_correction"", ""confidence"": 0.933, ""message"": ""D-score athlete 'Al Harith Rakan' probably matches score-sheet athlete 'Al-Harith Rakan'."", ""action"": ""attach_d_score_to_target_result"", ""changes"": {""athlete_name"": {""from"": ""Al Harith Rakan"", ""to"": ""Al-Harith Rakan""}}, ""target_result"": {""event_name"": ""Baku World Cup"", ""year"": 2023, ""athlete_name"": ""Al-Harith Rakan"", ""country"": ""QAT"", ""discipline"": ""MAG"", ""category"": ""senior"", ""apparatus"": ""PH"", ""vt_attempt"": null, ""day"": null, ""format"": ""individual"", ""round"": ""qualification"", ""score"": 13.033, ""D_score"": null, ""vault_attempt_order_uncertain"": false, ""source_sheet"": ""MAG"", ""source_row"": 336, ""target_id"": ""target_f566104ffc294534""}}]"
orphan_5c0c9b4592badf0a,possible_athlete_name_typo,review,Possible athlete-name typo between the D sheet and the score sheet.,MAG D,320,Cottbus World Cup,2023,Al Harith Rakan,QAT,MAG,senior,PH,,,individual,qualification,4.7,False,1,suggestion_1533b839a4b51cb7,athlete_name_correction,0.933,D-score athlete 'Al Harith Rakan' probably matches score-sheet athlete 'Al-Harith Rakan'.,Cottbus World Cup,2023,Al-Harith Rakan,QAT,MAG,senior,PH,,,individual,qualification,12.8,,MAG,337,"[{""suggestion_id"": ""suggestion_1533b839a4b51cb7"", ""suggestion_type"": ""athlete_name_correction"", ""confidence"": 0.933, ""message"": ""D-score athlete 'Al Harith Rakan' probably matches score-sheet athlete 'Al-Harith Rakan'."", ""action"": ""attach_d_score_to_target_result"", ""changes"": {""athlete_name"": {""from"": ""Al Harith Rakan"", ""to"": ""Al-Harith Rakan""}}, ""target_result"": {""event_name"": ""Cottbus World Cup"", ""year"": 2023, ""athlete_name"": ""Al-Harith Rakan"", ""country"": ""QAT"", ""discipline"": ""MAG"", ""category"": ""senior"", ""apparatus"": ""PH"", ""vt_attempt"": null, ""day"": null, ""format"": ""individual"", ""round"": ""qualification"", ""score"": 12.8, ""D_score"": null, ""vault_attempt_order_uncertain"": false, ""source_sheet"": ""MAG"", ""source_row"": 337, ""target_id"": ""target_4afab0cc950d8700""}}]"
orphan_ba162b685697cf0b,possible_athlete_name_typo,review,Possible athlete-name typo between the D sheet and the score sheet.,MAG D,321,Doha World Cup,2023,Al Harith Rakan,QAT,MAG,senior,PH,,,individual,qualification,4.1,False,1,suggestion_ae2f9db10ddb9f9d,athlete_name_correction,0.933,D-score athlete 'Al Harith Rakan' probably matches score-sheet athlete 'Al-Harith Rakan'.,Doha World Cup,2023,Al-Harith Rakan,QAT,MAG,senior,PH,,,individual,qualification,11.6,,MAG,339,"[{""suggestion_id"": ""suggestion_ae2f9db10ddb9f9d"", ""suggestion_type"": ""athlete_name_correction"", ""confidence"": 0.933, ""message"": ""D-score athlete 'Al Harith Rakan' probably matches score-sheet athlete 'Al-Harith Rakan'."", ""action"": ""attach_d_score_to_target_result"", ""changes"": {""athlete_name"": {""from"": ""Al Harith Rakan"", ""to"": ""Al-Harith Rakan""}}, ""target_result"": {""event_name"": ""Doha World Cup"", ""year"": 2023, ""athlete_name"": ""Al-Harith Rakan"", ""country"": ""QAT"", ""discipline"": ""MAG"", ""category"": ""senior"", ""apparatus"": ""PH"", ""vt_attempt"": null, ""day"": null, ""format"": ""individual"", ""round"": ""qualification"", ""score"": 11.6, ""D_score"": null, ""vault_attempt_order_uncertain"": false, ""source_sheet"": ""MAG"", ""source_row"": 339, ""target_id"": ""target_c00972f5df181da5""}}]"
orphan_6e9e25a6ad0565a0,possible_event_name_mismatch,review,Possible event-name mismatch between the D sheet and the score sheet.,MAG D,325,Swiss Championships,2023,Alain Bregenzer,SUI,MAG,junior,FX,,,individual,final,4.3,False,1,suggestion_c81d2db8ceaa15c5,event_name_correction,0.884,D-score event 'Swiss Championships' may match score-sheet event 'Swiss Team Championships'.,Swiss Team Championships,2023,Alain Bregenzer,SUI,MAG,junior,FX,,,individual,final,10.733,4.5,MAG,342,"[{""suggestion_id"": ""suggestion_c81d2db8ceaa15c5"", ""suggestion_type"": ""event_name_correction"", ""confidence"": 0.884, ""message"": ""D-score event 'Swiss Championships' may match score-sheet event 'Swiss Team Championships'."", ""action"": ""attach_d_score_to_target_result"", ""changes"": {""event_name"": {""from"": ""Swiss Championships"", ""to"": ""Swiss Team Championships""}}, ""target_result"": {""event_name"": ""Swiss Team Championships"", ""year"": 2023, ""athlete_name"": ""Alain Bregenzer"", ""country"": ""SUI"", ""discipline"": ""MAG"", ""category"": ""junior"", ""apparatus"": ""FX"", ""vt_attempt"": null, ""day"": null, ""format"": ""individual"", ""round"": ""final"", ""score"": 10.733, ""D_score"": 4.5, ""vault_attempt_order_uncertain"": false, ""source_sheet"": ""MAG"", ""source_row"": 342, ""target_id"": ""target_0bd6e17acb38125a""}}]"
orphan_c1bdfe476d4778ed,possible_event_name_mismatch,review,Possible event-name mismatch between the D sheet and the score sheet.,MAG D,325,Swiss Championships,2023,Alain Bregenzer,SUI,MAG,junior,HB,,,individual,final,3.1,False,1,suggestion_63c43073eeab3510,event_name_correction,0.884,D-score event 'Swiss Championships' may match score-sheet event 'Swiss Team Championships'.,Swiss Team Championships,2023,Alain Bregenzer,SUI,MAG,junior,HB,,,individual,final,10.8,3.1,MAG,342,"[{""suggestion_id"": ""suggestion_63c43073eeab3510"", ""suggestion_type"": ""event_name_correction"", ""confidence"": 0.884, ""message"": ""D-score event 'Swiss Championships' may match score-sheet event 'Swiss Team Championships'."", ""action"": ""attach_d_score_to_target_result"", ""changes"": {""event_name"": {""from"": ""Swiss Championships"", ""to"": ""Swiss Team Championships""}}, ""target_result"": {""event_name"": ""Swiss Team Championships"", ""year"": 2023, ""athlete_name"": ""Alain Bregenzer"", ""country"": ""SUI"", ""discipline"": ""MAG"", ""category"": ""junior"", ""apparatus"": ""HB"", ""vt_attempt"": null, ""day"": null, ""format"": ""individual"", ""round"": ""final"", ""score"": 10.8, ""D_score"": 3.1, ""vault_attempt_order_uncertain"": false, ""source_sheet"": ""MAG"", ""source_row"": 342, ""target_id"": ""target_57cbf64adf5ccacd""}}]"
orphan_6a7cce9ed86afe09,athlete_missing_in_score_sheet,review,"The event/apparatus/context exists, but this athlete is missing in the score sheet.",MAG D,325,Swiss Championships,2023,Alain Bregenzer,SUI,MAG,junior,PB,,,individual,final,3.8,False,0,,,,,,,,,,,,,,,,,,,,[]
orphan_f79b1216a9607eec,possible_event_name_mismatch,review,Possible event-name mismatch between the D sheet and the score sheet.,MAG D,325,Swiss Championships,2023,Alain Bregenzer,SUI,MAG,junior,SR,,,individual,final,4.1,False,1,suggestion_bb242ed1194d5eb1,event_name_correction,0.884,D-score event 'Swiss Championships' may match score-sheet event 'Swiss Team Championships'.,Swiss Team Championships,2023,Alain Bregenzer,SUI,MAG,junior,SR,,,individual,final,11.366,3.7,MAG,342,"[{""suggestion_id"": ""suggestion_bb242ed1194d5eb1"", ""suggestion_type"": ""event_name_correction"", ""confidence"": 0.884, ""message"": ""D-score event 'Swiss Championships' may match score-sheet event 'Swiss Team Championships'."", ""action"": ""attach_d_score_to_target_result"", ""changes"": {""event_name"": {""from"": ""Swiss Championships"", ""to"": ""Swiss Team Championships""}}, ""target_result"": {""event_name"": ""Swiss Team Championships"", ""year"": 2023, ""athlete_name"": ""Alain Bregenzer"", ""country"": ""SUI"", ""discipline"": ""MAG"", ""category"": ""junior"", ""apparatus"": ""SR"", ""vt_attempt"": null, ""day"": null, ""format"": ""individual"", ""round"": ""final"", ""score"": 11.366, ""D_score"": 3.7, ""vault_attempt_order_uncertain"": false, ""source_sheet"": ""MAG"", ""source_row"": 342, ""target_id"": ""target_b52e84df01a39cf2""}}]"
orphan_84349454d120d763,possible_event_name_mismatch,review,Possible event-name mismatch between the D sheet and the score sheet.,MAG D,325,Swiss Championships,2023,Alain Bregenzer,SUI,MAG,junior,VT,1,,individual,final,4.0,True,1,suggestion_999cae19f3883726,event_name_correction,0.884,D-score event 'Swiss Championships' may match score-sheet event 'Swiss Team Championships'.,Swiss Team Championships,2023,Alain Bregenzer,SUI,MAG,junior,VT,1,,individual,final,13.0,4.0,MAG,342,"[{""suggestion_id"": ""suggestion_999cae19f3883726"", ""suggestion_type"": ""event_name_correction"", ""confidence"": 0.884, ""message"": ""D-score event 'Swiss Championships' may match score-sheet event 'Swiss Team Championships'."", ""action"": ""attach_d_score_to_target_result"", ""changes"": {""event_name"": {""from"": ""Swiss Championships"", ""to"": ""Swiss Team Championships""}}, ""target_result"": {""event_name"": ""Swiss Team Championships"", ""year"": 2023, ""athlete_name"": ""Alain Bregenzer"", ""country"": ""SUI"", ""discipline"": ""MAG"", ""category"": ""junior"", ""apparatus"": ""VT"", ""vt_attempt"": 1, ""day"": null, ""format"": ""individual"", ""round"": ""final"", ""score"": 13.0, ""D_score"": 4.0, ""vault_attempt_order_uncertain"": true, ""source_sheet"": ""MAG"", ""source_row"": 342, ""target_id"": ""target_b7609a40bc11eb39""}}]"
orphan_fb2145679da9aea3,missing_final_score_for_context,review,"The athlete/event exists, but not this apparatus/context.",MAG D,431,Finnish Championships,2023,Alex Tukiainen,FIN,MAG,junior,VT,2,,individual,final,1.6,True,0,,,,,,,,,,,,,,,,,,,,[]
orphan_bd4d71d5340f2557,possible_athlete_name_typo,review,Possible athlete-name typo between the D sheet and the score sheet.,MAG D,486,Swedish Championships,2023,Alexander Mengrelis,SWE,MAG,junior,FX,,,individual,final,2.5,False,1,suggestion_7bd3e16878a89aa4,athlete_name_correction,0.973,D-score athlete 'Alexander Mengrelis' probably matches score-sheet athlete 'Alexander Mengreli'.,Swedish Championships,2023,Alexander Mengreli,SWE,MAG,junior,FX,,,individual,final,9.8,,MAG,536,"[{""suggestion_id"": ""suggestion_7bd3e16878a89aa4"", ""suggestion_type"": ""athlete_name_correction"", ""confidence"": 0.973, ""message"": ""D-score athlete 'Alexander Mengrelis' probably matches score-sheet athlete 'Alexander Mengreli'."", ""action"": ""attach_d_score_to_target_result"", ""changes"": {""athlete_name"": {""from"": ""Alexander Mengrelis"", ""to"": ""Alexander Mengreli""}}, ""target_result"": {""event_name"": ""Swedish Championships"", ""year"": 2023, ""athlete_name"": ""Alexander Mengreli"", ""country"": ""SWE"", ""discipline"": ""MAG"", ""category"": ""junior"", ""apparatus"": ""FX"", ""vt_attempt"": null, ""day"": null, ""format"": ""individual"", ""round"": ""final"", ""score"": 9.8, ""D_score"": null, ""vault_attempt_order_uncertain"": false, ""source_sheet"": ""MAG"", ""source_row"": 536, ""target_id"": ""target_cdf276b89ac3eace""}}]"
orphan_ef3632e9645cd04d,possible_athlete_name_typo,review,Possible athlete-name typo between the D sheet and the score sheet.,MAG D,486,Swedish Championships,2023,Alexander Mengrelis,SWE,MAG,junior,HB,,,individual,final,1.6,False,1,suggestion_2ef1867745e8345f,athlete_name_correction,0.973,D-score athlete 'Alexander Mengrelis' probably matches score-sheet athlete 'Alexander Mengreli'.,Swedish Championships,2023,Alexander Mengreli,SWE,MAG,junior,HB,,,individual,final,8.9,,MAG,536,"[{""suggestion_id"": ""suggestion_2ef1867745e8345f"", ""suggestion_type"": ""athlete_name_correction"", ""confidence"": 0.973, ""message"": ""D-score athlete 'Alexander Mengrelis' probably matches score-sheet athlete 'Alexander Mengreli'."", ""action"": ""attach_d_score_to_target_result"", ""changes"": {""athlete_name"": {""from"": ""Alexander Mengrelis"", ""to"": ""Alexander Mengreli""}}, ""target_result"": {""event_name"": ""Swedish Championships"", ""year"": 2023, ""athlete_name"": ""Alexander Mengreli"", ""country"": ""SWE"", ""discipline"": ""MAG"", ""category"": ""junior"", ""apparatus"": ""HB"", ""vt_attempt"": null, ""day"": null, ""format"": ""individual"", ""round"": ""final"", ""score"": 8.9, ""D_score"": null, ""vault_attempt_order_uncertain"": false, ""source_sheet"": ""MAG"", ""source_row"": 536, ""target_id"": ""target_58813bc05321fc39""}}]"
orphan_387c5dd9aab6bc7a,possible_athlete_name_typo,review,Possible athlete-name typo between the D sheet and the score sheet.,MAG D,486,Swedish Championships,2023,Alexander Mengrelis,SWE,MAG,junior,PB,,,individual,final,2.1,False,1,suggestion_4b77d95ba3aac4ce,athlete_name_correction,0.973,D-score athlete 'Alexander Mengrelis' probably matches score-sheet athlete 'Alexander Mengreli'.,Swedish Championships,2023,Alexander Mengreli,SWE,MAG,junior,PB,,,individual,final,9.3,,MAG,536,"[{""suggestion_id"": ""suggestion_4b77d95ba3aac4ce"", ""suggestion_type"": ""athlete_name_correction"", ""confidence"": 0.973, ""message"": ""D-score athlete 'Alexander Mengrelis' probably matches score-sheet athlete 'Alexander Mengreli'."", ""action"": ""attach_d_score_to_target_result"", ""changes"": {""athlete_name"": {""from"": ""Alexander Mengrelis"", ""to"": ""Alexander Mengreli""}}, ""target_result"": {""event_name"": ""Swedish Championships"", ""year"": 2023, ""athlete_name"": ""Alexander Mengreli"", ""country"": ""SWE"", ""discipline"": ""MAG"", ""category"": ""junior"", ""apparatus"": ""PB"", ""vt_attempt"": null, ""day"": null, ""format"": ""individual"", ""round"": ""final"", ""score"": 9.3, ""D_score"": null, ""vault_attempt_order_uncertain"": false, ""source_sheet"": ""MAG"", ""source_row"": 536, ""target_id"": ""target_f3a1ec16826fad41""}}]"
orphan_37aaae18f065af28,possible_athlete_name_typo,review,Possible athlete-name typo between the D sheet and the score sheet.,MAG D,486,Swedish Championships,2023,Alexander Mengrelis,SWE,MAG,junior,PH,,,individual,final,1.5,False,1,suggestion_e4da16bb98997c46,athlete_name_correction,0.973,D-score athlete 'Alexander Mengrelis' probably matches score-sheet athlete 'Alexander Mengreli'.,Swedish Championships,2023,Alexander Mengreli,SWE,MAG,junior,PH,,,individual,final,3.3,,MAG,536,"[{""suggestion_id"": ""suggestion_e4da16bb98997c46"", ""suggestion_type"": ""athlete_name_correction"", ""confidence"": 0.973, ""message"": ""D-score athlete 'Alexander Mengrelis' probably matches score-sheet athlete 'Alexander Mengreli'."", ""action"": ""attach_d_score_to_target_result"", ""changes"": {""athlete_name"": {""from"": ""Alexander Mengrelis"", ""to"": ""Alexander Mengreli""}}, ""target_result"": {""event_name"": ""Swedish Championships"", ""year"": 2023, ""athlete_name"": ""Alexander Mengreli"", ""country"": ""SWE"", ""discipline"": ""MAG"", ""category"": ""junior"", ""apparatus"": ""PH"", ""vt_attempt"": null, ""day"": null, ""format"": ""individual"", ""round"": ""final"", ""score"": 3.3, ""D_score"": null, ""vault_attempt_order_uncertain"": false, ""source_sheet"": ""MAG"", ""source_row"": 536, ""target_id"": ""target_e5d9d7ed51bdba65""}}]"
orphan_ed791307c8a18a7f,possible_athlete_name_typo,review,Possible athlete-name typo between the D sheet and the score sheet.,MAG D,486,Swedish Championships,2023,Alexander Mengrelis,SWE,MAG,junior,SR,,,individual,final,2.0,False,1,suggestion_45f96f3248261c91,athlete_name_correction,0.973,D-score athlete 'Alexander Mengrelis' probably matches score-sheet athlete 'Alexander Mengreli'.,Swedish Championships,2023,Alexander Mengreli,SWE,MAG,junior,SR,,,individual,final,9.65,,MAG,536,"[{""suggestion_id"": ""suggestion_45f96f3248261c91"", ""suggestion_type"": ""athlete_name_correction"", ""confidence"": 0.973, ""message"": ""D-score athlete 'Alexander Mengrelis' probably matches score-sheet athlete 'Alexander Mengreli'."", ""action"": ""attach_d_score_to_target_result"", ""changes"": {""athlete_name"": {""from"": ""Alexander Mengrelis"", ""to"": ""Alexander Mengreli""}}, ""target_result"": {""event_name"": ""Swedish Championships"", ""year"": 2023, ""athlete_name"": ""Alexander Mengreli"", ""country"": ""SWE"", ""discipline"": ""MAG"", ""category"": ""junior"", ""apparatus"": ""SR"", ""vt_attempt"": null, ""day"": null, ""format"": ""individual"", ""round"": ""final"", ""score"": 9.65, ""D_score"": null, ""vault_attempt_order_uncertain"": false, ""source_sheet"": ""MAG"", ""source_row"": 536, ""target_id"": ""target_3ac9b89cd3dd468e""}}]"
orphan_a480cc1b24ab6851,possible_athlete_name_typo,review,Possible athlete-name typo between the D sheet and the score sheet.,MAG D,486,Swedish Championships,2023,Alexander Mengrelis,SWE,MAG,junior,VT,1,,individual,final,2.2,True,1,suggestion_b3a69a2624bc686f,athlete_name_correction,0.973,D-score athlete 'Alexander Mengrelis' probably matches score-sheet athlete 'Alexander Mengreli'.,Swedish Championships,2023,Alexander Mengreli,SWE,MAG,junior,VT,1,,individual,final,10.85,,MAG,536,"[{""suggestion_id"": ""suggestion_b3a69a2624bc686f"", ""suggestion_type"": ""athlete_name_correction"", ""confidence"": 0.973, ""message"": ""D-score athlete 'Alexander Mengrelis' probably matches score-sheet athlete 'Alexander Mengreli'."", ""action"": ""attach_d_score_to_target_result"", ""changes"": {""athlete_name"": {""from"": ""Alexander Mengrelis"", ""to"": ""Alexander Mengreli""}}, ""target_result"": {""event_name"": ""Swedish Championships"", ""year"": 2023, ""athlete_name"": ""Alexander Mengreli"", ""country"": ""SWE"", ""discipline"": ""MAG"", ""category"": ""junior"", ""apparatus"": ""VT"", ""vt_attempt"": 1, ""day"": null, ""format"": ""individual"", ""round"": ""final"", ""score"": 10.85, ""D_score"": null, ""vault_attempt_order_uncertain"": true, ""source_sheet"": ""MAG"", ""source_row"": 536, ""target_id"": ""target_ed62a0462c0aec38""}}]"
orphan_56f9fed63dc55ff9,possible_context_mismatch,review,"Possible format, round, or day mismatch.",MAG D,525,Austrian Championships,2023,Alexander Pfaffenbauer,AUT,MAG,senior,VT,1,,apparatus,final,5.2,True,1,suggestion_b81ef3f6c2793a68,context_correction,0.65,"Same athlete/event/apparatus exists in the score sheet, but format, round, or day is different.",Austrian Championships,2023,Alexander Pfaffenbauer,AUT,MAG,senior,VT,1,,individual,final,12.9,4.4,MAG,575,"[{""suggestion_id"": ""suggestion_b81ef3f6c2793a68"", ""suggestion_type"": ""context_correction"", ""confidence"": 0.65, ""message"": ""Same athlete/event/apparatus exists in the score sheet, but format, round, or day is different."", ""action"": ""attach_d_score_to_target_result"", ""changes"": {""format"": {""from"": ""apparatus"", ""to"": ""individual""}, ""round"": {""from"": ""final"", ""to"": ""final""}, ""day"": {""from"": null, ""to"": null}}, ""target_result"": {""event_name"": ""Austrian Championships"", ""year"": 2023, ""athlete_name"": ""Alexander Pfaffenbauer"", ""country"": ""AUT"", ""discipline"": ""MAG"", ""category"": ""senior"", ""apparatus"": ""VT"", ""vt_attempt"": 1, ""day"": null, ""format"": ""individual"", ""round"": ""final"", ""score"": 12.9, ""D_score"": 4.4, ""vault_attempt_order_uncertain"": true, ""source_sheet"": ""MAG"", ""source_row"": 575, ""target_id"": ""target_59e2745097564e45""}}]"
orphan_ee37b2a91841d31a,possible_context_mismatch,review,"Possible format, round, or day mismatch.",MAG D,525,Austrian Championships,2023,Alexander Pfaffenbauer,AUT,MAG,senior,VT,2,,apparatus,final,4.4,True,1,suggestion_e43e9bddde41c729,context_correction,0.65,"Same athlete/event/apparatus exists in the score sheet, but format, round, or day is different.",Austrian Championships,2023,Alexander Pfaffenbauer,AUT,MAG,senior,VT,2,,individual,final,12.85,4.0,MAG,575,"[{""suggestion_id"": ""suggestion_e43e9bddde41c729"", ""suggestion_type"": ""context_correction"", ""confidence"": 0.65, ""message"": ""Same athlete/event/apparatus exists in the score sheet, but format, round, or day is different."", ""action"": ""attach_d_score_to_target_result"", ""changes"": {""format"": {""from"": ""apparatus"", ""to"": ""individual""}, ""round"": {""from"": ""final"", ""to"": ""final""}, ""day"": {""from"": null, ""to"": null}}, ""target_result"": {""event_name"": ""Austrian Championships"", ""year"": 2023, ""athlete_name"": ""Alexander Pfaffenbauer"", ""country"": ""AUT"", ""discipline"": ""MAG"", ""category"": ""senior"", ""apparatus"": ""VT"", ""vt_attempt"": 2, ""day"": null, ""format"": ""individual"", ""round"": ""final"", ""score"": 12.85, ""D_score"": 4.0, ""vault_attempt_order_uncertain"": true, ""source_sheet"": ""MAG"", ""source_row"": 575, ""target_id"": ""target_0aa21d017e6a1edb""}}]"
orphan_890109019d427c3a,athlete_missing_in_score_sheet,review,"The event/apparatus/context exists, but this athlete is missing in the score sheet.",MAG D,832,Top 12 Finals,2023,Anthony Mansard,FRA,MAG,senior,FX,,,individual,final,4.9,False,0,,,,,,,,,,,,,,,,,,,,[]
orphan_5bd015b937dd9918,athlete_missing_in_score_sheet,review,"The event/apparatus/context exists, but this athlete is missing in the score sheet.",MAG D,832,Top 12 Finals,2023,Anthony Mansard,FRA,MAG,senior,HB,,,individual,final,5.1,False,0,,,,,,,,,,,,,,,,,,,,[]
orphan_327143de7b2afff2,athlete_missing_in_score_sheet,review,"The event/apparatus/context exists, but this athlete is missing in the score sheet.",MAG D,832,Top 12 Finals,2023,Anthony Mansard,FRA,MAG,senior,PB,,,individual,final,5.1,False,0,,,,,,,,,,,,,,,,,,,,[]
orphan_63b044bb27acd73c,athlete_missing_in_score_sheet,review,"The event/apparatus/context exists, but this athlete is missing in the score sheet.",MAG D,832,Top 12 Finals,2023,Anthony Mansard,FRA,MAG,senior,SR,,,individual,final,4.6,False,0,,,,,,,,,,,,,,,,,,,,[]
orphan_d19cefec75ec3523,athlete_missing_in_score_sheet,review,"The event/apparatus/context exists, but this athlete is missing in the score sheet.",MAG D,832,Top 12 Finals,2023,Anthony Mansard,FRA,MAG,senior,VT,1,,individual,final,4.8,True,0,,,,,,,,,,,,,,,,,,,,[]
orphan_68cef4cc81bfda4b,athlete_missing_in_score_sheet,review,"The event/apparatus/context exists, but this athlete is missing in the score sheet.",MAG D,833,Top 12 Series 7,2023,Anthony Mansard,FRA,MAG,senior,HB,,,individual,final,4.9,False,0,,,,,,,,,,,,,,,,,,,,[]
orphan_f1b3f8f67dc45dc6,possible_event_name_mismatch,review,Possible event-name mismatch between the D sheet and the score sheet.,MAG D,833,Top 12 Series 7,2023,Anthony Mansard,FRA,MAG,senior,PB,,,individual,final,5.0,False,1,suggestion_2bc138984309af44,event_name_correction,0.933,D-score event 'Top 12 Series 7' may match score-sheet event 'Top 12 Series 3'.,Top 12 Series 3,2023,Anthony Mansard,FRA,MAG,senior,PB,,,individual,final,13.566,5.1,MAG,907,"[{""suggestion_id"": ""suggestion_2bc138984309af44"", ""suggestion_type"": ""event_name_correction"", ""confidence"": 0.933, ""message"": ""D-score event 'Top 12 Series 7' may match score-sheet event 'Top 12 Series 3'."", ""action"": ""attach_d_score_to_target_result"", ""changes"": {""event_name"": {""from"": ""Top 12 Series 7"", ""to"": ""Top 12 Series 3""}}, ""target_result"": {""event_name"": ""Top 12 Series 3"", ""year"": 2023, ""athlete_name"": ""Anthony Mansard"", ""country"": ""FRA"", ""discipline"": ""MAG"", ""category"": ""senior"", ""apparatus"": ""PB"", ""vt_attempt"": null, ""day"": null, ""format"": ""individual"", ""round"": ""final"", ""score"": 13.566, ""D_score"": 5.1, ""vault_attempt_order_uncertain"": false, ""source_sheet"": ""MAG"", ""source_row"": 907, ""target_id"": ""target_3914ed9e55861827""}}]"
orphan_e9be1a123528a19b,athlete_missing_in_score_sheet,review,"The event/apparatus/context exists, but this athlete is missing in the score sheet.",MAG D,834,Top 12 Series 6,2023,Anthony Mansard,FRA,MAG,senior,HB,,,individual,final,4.7,False,0,,,,,,,,,,,,,,,,,,,,[]
orphan_d9813d581dd2248d,athlete_missing_in_score_sheet,review,"The event/apparatus/context exists, but this athlete is missing in the score sheet.",MAG D,834,Top 12 Series 6,2023,Anthony Mansard,FRA,MAG,senior,VT,1,,individual,final,4.8,True,0,,,,,,,,,,,,,,,,,,,,[]
orphan_08eb15bbd4e70601,athlete_missing_in_score_sheet,review,"The event/apparatus/context exists, but this athlete is missing in the score sheet.",MAG D,835,Top 12 Series 5,2023,Anthony Mansard,FRA,MAG,senior,HB,,,individual,final,3.8,False,0,,,,,,,,,,,,,,,,,,,,[]
orphan_da9c62adec0e2ebb,athlete_missing_in_score_sheet,review,"The event/apparatus/context exists, but this athlete is missing in the score sheet.",MAG D,835,Top 12 Series 5,2023,Anthony Mansard,FRA,MAG,senior,VT,1,,individual,final,4.8,True,0,,,,,,,,,,,,,,,,,,,,[]
orphan_18dbc0a45b31d44c,possible_event_name_mismatch,review,Possible event-name mismatch between the D sheet and the score sheet.,MAG D,846,Swiss Championships,2023,Anthony Rodriguez,SUI,MAG,junior,FX,,,individual,final,3.7,False,1,suggestion_4435d0a26e4b7add,event_name_correction,0.884,D-score event 'Swiss Championships' may match score-sheet event 'Swiss Team Championships'.,Swiss Team Championships,2023,Anthony Rodriguez,SUI,MAG,junior,FX,,,individual,final,12.333,4.3,MAG,921,"[{""suggestion_id"": ""suggestion_4435d0a26e4b7add"", ""suggestion_type"": ""event_name_correction"", ""confidence"": 0.884, ""message"": ""D-score event 'Swiss Championships' may match score-sheet event 'Swiss Team Championships'."", ""action"": ""attach_d_score_to_target_result"", ""changes"": {""event_name"": {""from"": ""Swiss Championships"", ""to"": ""Swiss Team Championships""}}, ""target_result"": {""event_name"": ""Swiss Team Championships"", ""year"": 2023, ""athlete_name"": ""Anthony Rodriguez"", ""country"": ""SUI"", ""discipline"": ""MAG"", ""category"": ""junior"", ""apparatus"": ""FX"", ""vt_attempt"": null, ""day"": null, ""format"": ""individual"", ""round"": ""final"", ""score"": 12.333, ""D_score"": 4.3, ""vault_attempt_order_uncertain"": false, ""source_sheet"": ""MAG"", ""source_row"": 921, ""target_id"": ""target_080b8197a0ec3b43""}}]"
orphan_13b5699977060b48,possible_event_name_mismatch,review,Possible event-name mismatch between the D sheet and the score sheet.,MAG D,846,Swiss Championships,2023,Anthony Rodriguez,SUI,MAG,junior,HB,,,individual,final,3.0,False,1,suggestion_34b5eb3e6b45143e,event_name_correction,0.884,D-score event 'Swiss Championships' may match score-sheet event 'Swiss Team Championships'.,Swiss Team Championships,2023,Anthony Rodriguez,SUI,MAG,junior,HB,,,individual,final,5.733,3.6,MAG,921,"[{""suggestion_id"": ""suggestion_34b5eb3e6b45143e"", ""suggestion_type"": ""event_name_correction"", ""confidence"": 0.884, ""message"": ""D-score event 'Swiss Championships' may match score-sheet event 'Swiss Team Championships'."", ""action"": ""attach_d_score_to_target_result"", ""changes"": {""event_name"": {""from"": ""Swiss Championships"", ""to"": ""Swiss Team Championships""}}, ""target_result"": {""event_name"": ""Swiss Team Championships"", ""year"": 2023, ""athlete_name"": ""Anthony Rodriguez"", ""country"": ""SUI"", ""discipline"": ""MAG"", ""category"": ""junior"", ""apparatus"": ""HB"", ""vt_attempt"": null, ""day"": null, ""format"": ""individual"", ""round"": ""final"", ""score"": 5.733, ""D_score"": 3.6, ""vault_attempt_order_uncertain"": false, ""source_sheet"": ""MAG"", ""source_row"": 921, ""target_id"": ""target_ef93c660f05292a8""}}]"
orphan_8e2eccc4e71488b4,possible_event_name_mismatch,review,Possible event-name mismatch between the D sheet and the score sheet.,MAG D,846,Swiss Championships,2023,Anthony Rodriguez,SUI,MAG,junior,PB,,,individual,final,3.5,False,1,suggestion_42967df84db13290,event_name_correction,0.884,D-score event 'Swiss Championships' may match score-sheet event 'Swiss Team Championships'.,Swiss Team Championships,2023,Anthony Rodriguez,SUI,MAG,junior,PB,,,individual,final,11.733,3.3,MAG,921,"[{""suggestion_id"": ""suggestion_42967df84db13290"", ""suggestion_type"": ""event_name_correction"", ""confidence"": 0.884, ""message"": ""D-score event 'Swiss Championships' may match score-sheet event 'Swiss Team Championships'."", ""action"": ""attach_d_score_to_target_result"", ""changes"": {""event_name"": {""from"": ""Swiss Championships"", ""to"": ""Swiss Team Championships""}}, ""target_result"": {""event_name"": ""Swiss Team Championships"", ""year"": 2023, ""athlete_name"": ""Anthony Rodriguez"", ""country"": ""SUI"", ""discipline"": ""MAG"", ""category"": ""junior"", ""apparatus"": ""PB"", ""vt_attempt"": null, ""day"": null, ""format"": ""individual"", ""round"": ""final"", ""score"": 11.733, ""D_score"": 3.3, ""vault_attempt_order_uncertain"": false, ""source_sheet"": ""MAG"", ""source_row"": 921, ""target_id"": ""target_e6f8137b1f999b95""}}]"
orphan_39d74e219a819c0c,athlete_missing_in_score_sheet,review,"The event/apparatus/context exists, but this athlete is missing in the score sheet.",MAG D,846,Swiss Championships,2023,Anthony Rodriguez,SUI,MAG,junior,PH,,,individual,final,2.3,False,0,,,,,,,,,,,,,,,,,,,,[]
orphan_b56613786c6873e8,possible_event_name_mismatch,review,Possible event-name mismatch between the D sheet and the score sheet.,MAG D,846,Swiss Championships,2023,Anthony Rodriguez,SUI,MAG,junior,SR,,,individual,final,3.5,False,1,suggestion_df3b8f0a00956d66,event_name_correction,0.884,D-score event 'Swiss Championships' may match score-sheet event 'Swiss Team Championships'.,Swiss Team Championships,2023,Anthony Rodriguez,SUI,MAG,junior,SR,,,individual,final,10.733,3.8,MAG,921,"[{""suggestion_id"": ""suggestion_df3b8f0a00956d66"", ""suggestion_type"": ""event_name_correction"", ""confidence"": 0.884, ""message"": ""D-score event 'Swiss Championships' may match score-sheet event 'Swiss Team Championships'."", ""action"": ""attach_d_score_to_target_result"", ""changes"": {""event_name"": {""from"": ""Swiss Championships"", ""to"": ""Swiss Team Championships""}}, ""target_result"": {""event_name"": ""Swiss Team Championships"", ""year"": 2023, ""athlete_name"": ""Anthony Rodriguez"", ""country"": ""SUI"", ""discipline"": ""MAG"", ""category"": ""junior"", ""apparatus"": ""SR"", ""vt_attempt"": null, ""day"": null, ""format"": ""individual"", ""round"": ""final"", ""score"": 10.733, ""D_score"": 3.8, ""vault_attempt_order_uncertain"": false, ""source_sheet"": ""MAG"", ""source_row"": 921, ""target_id"": ""target_649c97908070e1e9""}}]"
orphan_96b7a2e17b17b375,possible_event_name_mismatch,review,Possible event-name mismatch between the D sheet and the score sheet.,MAG D,846,Swiss Championships,2023,Anthony Rodriguez,SUI,MAG,junior,VT,1,,individual,final,4.0,True,1,suggestion_4e7bf2f3664cc86b,event_name_correction,0.884,D-score event 'Swiss Championships' may match score-sheet event 'Swiss Team Championships'.,Swiss Team Championships,2023,Anthony Rodriguez,SUI,MAG,junior,VT,1,,individual,final,12.95,4.0,MAG,921,"[{""suggestion_id"": ""suggestion_4e7bf2f3664cc86b"", ""suggestion_type"": ""event_name_correction"", ""confidence"": 0.884, ""message"": ""D-score event 'Swiss Championships' may match score-sheet event 'Swiss Team Championships'."", ""action"": ""attach_d_score_to_target_result"", ""changes"": {""event_name"": {""from"": ""Swiss Championships"", ""to"": ""Swiss Team Championships""}}, ""target_result"": {""event_name"": ""Swiss Team Championships"", ""year"": 2023, ""athlete_name"": ""Anthony Rodriguez"", ""country"": ""SUI"", ""discipline"": ""MAG"", ""category"": ""junior"", ""apparatus"": ""VT"", ""vt_attempt"": 1, ""day"": null, ""format"": ""individual"", ""round"": ""final"", ""score"": 12.95, ""D_score"": 4.0, ""vault_attempt_order_uncertain"": true, ""source_sheet"": ""MAG"", ""source_row"": 921, ""target_id"": ""target_cfb0064f6d1c0498""}}]"
orphan_eb9e705d70c7f85e,athlete_missing_in_score_sheet,review,"The event/apparatus/context exists, but this athlete is missing in the score sheet.",MAG D,885,Top 12 Series 7,2023,Antonin Delaye,FRA,MAG,senior,FX,,,individual,final,4.8,False,0,,,,,,,,,,,,,,,,,,,,[]
orphan_b672796ac44fcff9,athlete_missing_in_score_sheet,review,"The event/apparatus/context exists, but this athlete is missing in the score sheet.",MAG D,885,Top 12 Series 7,2023,Antonin Delaye,FRA,MAG,senior,HB,,,individual,final,3.6,False,0,,,,,,,,,,,,,,,,,,,,[]
orphan_e63948a7d60982b0,athlete_missing_in_score_sheet,review,"The event/apparatus/context exists, but this athlete is missing in the score sheet.",MAG D,885,Top 12 Series 7,2023,Antonin Delaye,FRA,MAG,senior,PB,,,individual,final,3.9,False,0,,,,,,,,,,,,,,,,,,,,[]
orphan_826f6b2407136f40,athlete_missing_in_score_sheet,review,"The event/apparatus/context exists, but this athlete is missing in the score sheet.",MAG D,885,Top 12 Series 7,2023,Antonin Delaye,FRA,MAG,senior,PH,,,individual,final,3.5,False,0,,,,,,,,,,,,,,,,,,,,[]
orphan_585d7325563a279f,athlete_missing_in_score_sheet,review,"The event/apparatus/context exists, but this athlete is missing in the score sheet.",MAG D,886,Top 12 Series 4,2023,Antonin Delaye,FRA,MAG,senior,HB,,,individual,final,3.6,False,0,,,,,,,,,,,,,,,,,,,,[]
orphan_5dff26290327ec0c,athlete_missing_in_score_sheet,review,"The event/apparatus/context exists, but this athlete is missing in the score sheet.",MAG D,886,Top 12 Series 4,2023,Antonin Delaye,FRA,MAG,senior,PH,,,individual,final,4.0,False,0,,,,,,,,,,,,,,,,,,,,[]
orphan_e2bfacfb01a87fea,athlete_missing_in_score_sheet,review,"The event/apparatus/context exists, but this athlete is missing in the score sheet.",MAG D,887,Top 12 Series 5,2023,Antonin Delaye,FRA,MAG,senior,HB,,,individual,final,3.6,False,0,,,,,,,,,,,,,,,,,,,,[]
orphan_d99429aa7d1e1af3,athlete_missing_in_score_sheet,review,"The event/apparatus/context exists, but this athlete is missing in the score sheet.",MAG D,887,Top 12 Series 5,2023,Antonin Delaye,FRA,MAG,senior,PH,,,individual,final,3.5,False,0,,,,,,,,,,,,,,,,,,,,[]
orphan_f4934f504e317b0c,missing_final_score_for_context,review,"The athlete/event exists, but not this apparatus/context.",MAG D,1000,Tiger Cup,2023,Arsenijs Roskovs,LAT,MAG,junior,PH,,,individual,final,3.0,False,0,,,,,,,,,,,,,,,,,,,,[]
orphan_5193d1e987bdf830,possible_context_mismatch,review,"Possible format, round, or day mismatch.",MAG D,1091,European Championships,2023,Artur Davtyan,ARM,MAG,senior,VT,1,,apparatus,final,5.6,True,2,suggestion_87d6d662148c11c8,context_correction,0.65,"Same athlete/event/apparatus exists in the score sheet, but format, round, or day is different.",European Championships,2023,Artur Davtyan,ARM,MAG,senior,VT,1,,individual,final,15.1,5.6,MAG,1178,"[{""suggestion_id"": ""suggestion_87d6d662148c11c8"", ""suggestion_type"": ""context_correction"", ""confidence"": 0.65, ""message"": ""Same athlete/event/apparatus exists in the score sheet, but format, round, or day is different."", ""action"": ""attach_d_score_to_target_result"", ""changes"": {""format"": {""from"": ""apparatus"", ""to"": ""individual""}, ""round"": {""from"": ""final"", ""to"": ""final""}, ""day"": {""from"": null, ""to"": null}}, ""target_result"": {""event_name"": ""European Championships"", ""year"": 2023, ""athlete_name"": ""Artur Davtyan"", ""country"": ""ARM"", ""discipline"": ""MAG"", ""category"": ""senior"", ""apparatus"": ""VT"", ""vt_attempt"": 1, ""day"": null, ""format"": ""individual"", ""round"": ""final"", ""score"": 15.1, ""D_score"": 5.6, ""vault_attempt_order_uncertain"": true, ""source_sheet"": ""MAG"", ""source_row"": 1178, ""target_id"": ""target_a081b60eccbdd6ca""}}, {""suggestion_id"": ""suggestion_194160313e68d0c7"", ""suggestion_type"": ""context_correction"", ""confidence"": 0.65, ""message"": ""Same athlete/event/apparatus exists in the score sheet, but format, round, or day is different."", ""action"": ""attach_d_score_to_target_result"", ""changes"": {""format"": {""from"": ""apparatus"", ""to"": ""individual""}, ""round"": {""from"": ""final"", ""to"": ""qualification""}, ""day"": {""from"": null, ""to"": null}}, ""target_result"": {""event_name"": ""European Championships"", ""year"": 2023, ""athlete_name"": ""Artur Davtyan"", ""country"": ""ARM"", ""discipline"": ""MAG"", ""category"": ""senior"", ""apparatus"": ""VT"", ""vt_attempt"": 1, ""day"": null, ""format"": ""individual"", ""round"": ""qualification"", ""score"": 15.0, ""D_score"": 5.6, ""vault_attempt_order_uncertain"": true, ""source_sheet"": ""MAG"", ""source_row"": 1179, ""target_id"": ""target_229b6d81efb48d26""}}]"
orphan_2fa498f75d0222a1,possible_context_mismatch,review,"Possible format, round, or day mismatch.",MAG D,1091,European Championships,2023,Artur Davtyan,ARM,MAG,senior,VT,2,,apparatus,final,5.6,True,1,suggestion_36d270574514a66c,context_correction,0.65,"Same athlete/event/apparatus exists in the score sheet, but format, round, or day is different.",European Championships,2023,Artur Davtyan,ARM,MAG,senior,VT,2,,individual,qualification,15.132,5.6,MAG,1179,"[{""suggestion_id"": ""suggestion_36d270574514a66c"", ""suggestion_type"": ""context_correction"", ""confidence"": 0.65, ""message"": ""Same athlete/event/apparatus exists in the score sheet, but format, round, or day is different."", ""action"": ""attach_d_score_to_target_result"", ""changes"": {""format"": {""from"": ""apparatus"", ""to"": ""individual""}, ""round"": {""from"": ""final"", ""to"": ""qualification""}, ""day"": {""from"": null, ""to"": null}}, ""target_result"": {""event_name"": ""European Championships"", ""year"": 2023, ""athlete_name"": ""Artur Davtyan"", ""country"": ""ARM"", ""discipline"": ""MAG"", ""category"": ""senior"", ""apparatus"": ""VT"", ""vt_attempt"": 2, ""day"": null, ""format"": ""individual"", ""round"": ""qualification"", ""score"": 15.132, ""D_score"": 5.6, ""vault_attempt_order_uncertain"": true, ""source_sheet"": ""MAG"", ""source_row"": 1179, ""target_id"": ""target_9cc8b4c9a5f288c5""}}]"
orphan_d0202339846a2415,athlete_missing_in_score_sheet,review,"The event/apparatus/context exists, but this athlete is missing in the score sheet.",MAG D,1189,Ifact Norges Cup 3,2023,August Hvitstein Gamkinn,NOR,MAG,junior,FX,,,individual,final,3.7,False,0,,,,,,,,,,,,,,,,,,,,[]
orphan_4cda02cf4f8e9616,athlete_missing_in_score_sheet,review,"The event/apparatus/context exists, but this athlete is missing in the score sheet.",MAG D,1189,Ifact Norges Cup 3,2023,August Hvitstein Gamkinn,NOR,MAG,junior,HB,,,individual,final,2.2,False,0,,,,,,,,,,,,,,,,,,,,[]
orphan_12fbf48aee766c95,athlete_missing_in_score_sheet,review,"The event/apparatus/context exists, but this athlete is missing in the score sheet.",MAG D,1189,Ifact Norges Cup 3,2023,August Hvitstein Gamkinn,NOR,MAG,junior,PB,,,individual,final,3.0,False,0,,,,,,,,,,,,,,,,,,,,[]
orphan_69371ffb3e4a3df5,athlete_missing_in_score_sheet,review,"The event/apparatus/context exists, but this athlete is missing in the score sheet.",MAG D,1189,Ifact Norges Cup 3,2023,August Hvitstein Gamkinn,NOR,MAG,junior,PH,,,individual,final,2.7,False,0,,,,,,,,,,,,,,,,,,,,[]
orphan_2d059552e730e3e9,athlete_missing_in_score_sheet,review,"The event/apparatus/context exists, but this athlete is missing in the score sheet.",MAG D,1189,Ifact Norges Cup 3,2023,August Hvitstein Gamkinn,NOR,MAG,junior,SR,,,individual,final,2.0,False,0,,,,,,,,,,,,,,,,,,,,[]
orphan_7ed7503ef9b024af,athlete_missing_in_score_sheet,review,"The event/apparatus/context exists, but this athlete is missing in the score sheet.",MAG D,1189,Ifact Norges Cup 3,2023,August Hvitstein Gamkinn,NOR,MAG,junior,VT,1,,individual,final,4.0,True,0,,,,,,,,,,,,,,,,,,,,[]
orphan_3fc8299a83b9c02d,missing_final_score_for_context,review,"The athlete/event exists, but not this apparatus/context.",MAG D,1193,Austrian Championships,2023,Aurel Aigner,AUT,MAG,junior,VT,2,,individual,final,2.4,True,0,,,,,,,,,,,,,,,,,,,,[]
orphan_cda5725082b5ca9a,possible_context_mismatch,review,"Possible format, round, or day mismatch.",MAG D,1194,Austrian Championships,2023,Aurel Aigner,AUT,MAG,junior,VT,1,,apparatus,final,2.8,True,1,suggestion_ebc4ece53fcf1394,context_correction,0.65,"Same athlete/event/apparatus exists in the score sheet, but format, round, or day is different.",Austrian Championships,2023,Aurel Aigner,AUT,MAG,junior,VT,1,,individual,final,11.15,2.8,MAG,1308,"[{""suggestion_id"": ""suggestion_ebc4ece53fcf1394"", ""suggestion_type"": ""context_correction"", ""confidence"": 0.65, ""message"": ""Same athlete/event/apparatus exists in the score sheet, but format, round, or day is different."", ""action"": ""attach_d_score_to_target_result"", ""changes"": {""format"": {""from"": ""apparatus"", ""to"": ""individual""}, ""round"": {""from"": ""final"", ""to"": ""final""}, ""day"": {""from"": null, ""to"": null}}, ""target_result"": {""event_name"": ""Austrian Championships"", ""year"": 2023, ""athlete_name"": ""Aurel Aigner"", ""country"": ""AUT"", ""discipline"": ""MAG"", ""category"": ""junior"", ""apparatus"": ""VT"", ""vt_attempt"": 1, ""day"": null, ""format"": ""individual"", ""round"": ""final"", ""score"": 11.15, ""D_score"": 2.8, ""vault_attempt_order_uncertain"": true, ""source_sheet"": ""MAG"", ""source_row"": 1308, ""target_id"": ""target_87c75e1700e71cd3""}}]"
orphan_35e5ca5978f97292,missing_final_score_for_context,review,"The athlete/event exists, but not this apparatus/context.",MAG D,1194,Austrian Championships,2023,Aurel Aigner,AUT,MAG,junior,VT,2,,apparatus,final,2.4,True,0,,,,,,,,,,,,,,,,,,,,[]
orphan_1ea397c0eb7eef75,possible_context_mismatch,review,"Possible format, round, or day mismatch.",MAG D,1242,Austrian Future Cup,2023,Baba Taiga,JPN,MAG,junior,VT,1,,apparatus,final,4.8,True,1,suggestion_d4b1f591cfe02155,context_correction,0.65,"Same athlete/event/apparatus exists in the score sheet, but format, round, or day is different.",Austrian Future Cup,2023,Baba Taiga,JPN,MAG,junior,VT,1,,individual,final,13.95,4.8,MAG,1359,"[{""suggestion_id"": ""suggestion_d4b1f591cfe02155"", ""suggestion_type"": ""context_correction"", ""confidence"": 0.65, ""message"": ""Same athlete/event/apparatus exists in the score sheet, but format, round, or day is different."", ""action"": ""attach_d_score_to_target_result"", ""changes"": {""format"": {""from"": ""apparatus"", ""to"": ""individual""}, ""round"": {""from"": ""final"", ""to"": ""final""}, ""day"": {""from"": null, ""to"": null}}, ""target_result"": {""event_name"": ""Austrian Future Cup"", ""year"": 2023, ""athlete_name"": ""Baba Taiga"", ""country"": ""JPN"", ""discipline"": ""MAG"", ""category"": ""junior"", ""apparatus"": ""VT"", ""vt_attempt"": 1, ""day"": null, ""format"": ""individual"", ""round"": ""final"", ""score"": 13.95, ""D_score"": 4.8, ""vault_attempt_order_uncertain"": true, ""source_sheet"": ""MAG"", ""source_row"": 1359, ""target_id"": ""target_8c1ed557f0153a13""}}]"
orphan_cd566ccd52aceb46,possible_context_mismatch,review,"Possible format, round, or day mismatch.",MAG D,1242,Austrian Future Cup,2023,Baba Taiga,JPN,MAG,junior,VT,2,,apparatus,final,4.0,True,1,suggestion_38edf41fd109bb06,context_correction,0.65,"Same athlete/event/apparatus exists in the score sheet, but format, round, or day is different.",Austrian Future Cup,2023,Baba Taiga,JPN,MAG,junior,VT,2,,individual,final,13.15,4.0,MAG,1359,"[{""suggestion_id"": ""suggestion_38edf41fd109bb06"", ""suggestion_type"": ""context_correction"", ""confidence"": 0.65, ""message"": ""Same athlete/event/apparatus exists in the score sheet, but format, round, or day is different."", ""action"": ""attach_d_score_to_target_result"", ""changes"": {""format"": {""from"": ""apparatus"", ""to"": ""individual""}, ""round"": {""from"": ""final"", ""to"": ""final""}, ""day"": {""from"": null, ""to"": null}}, ""target_result"": {""event_name"": ""Austrian Future Cup"", ""year"": 2023, ""athlete_name"": ""Baba Taiga"", ""country"": ""JPN"", ""discipline"": ""MAG"", ""category"": ""junior"", ""apparatus"": ""VT"", ""vt_attempt"": 2, ""day"": null, ""format"": ""individual"", ""round"": ""final"", ""score"": 13.15, ""D_score"": 4.0, ""vault_attempt_order_uncertain"": true, ""source_sheet"": ""MAG"", ""source_row"": 1359, ""target_id"": ""target_d4ea3e42b8608a1e""}}]"
orphan_25757432857c6dc7,possible_context_mismatch,review,"Possible format, round, or day mismatch.",MAG D,1262,Austrian Future Cup,2023,Balazs Juhasz,HUN,MAG,junior,VT,1,,apparatus,final,4.8,True,1,suggestion_a60c3d85eae28ea7,context_correction,0.65,"Same athlete/event/apparatus exists in the score sheet, but format, round, or day is different.",Austrian Future Cup,2023,Balazs Juhasz,HUN,MAG,junior,VT,1,,individual,final,13.9,4.8,MAG,1378,"[{""suggestion_id"": ""suggestion_a60c3d85eae28ea7"", ""suggestion_type"": ""context_correction"", ""confidence"": 0.65, ""message"": ""Same athlete/event/apparatus exists in the score sheet, but format, round, or day is different."", ""action"": ""attach_d_score_to_target_result"", ""changes"": {""format"": {""from"": ""apparatus"", ""to"": ""individual""}, ""round"": {""from"": ""final"", ""to"": ""final""}, ""day"": {""from"": null, ""to"": null}}, ""target_result"": {""event_name"": ""Austrian Future Cup"", ""year"": 2023, ""athlete_name"": ""Balazs Juhasz"", ""country"": ""HUN"", ""discipline"": ""MAG"", ""category"": ""junior"", ""apparatus"": ""VT"", ""vt_attempt"": 1, ""day"": null, ""format"": ""individual"", ""round"": ""final"", ""score"": 13.9, ""D_score"": 4.8, ""vault_attempt_order_uncertain"": true, ""source_sheet"": ""MAG"", ""source_row"": 1378, ""target_id"": ""target_97fe878dd66536c9""}}]"
orphan_9737bc9c007e5556,possible_context_mismatch,review,"Possible format, round, or day mismatch.",MAG D,1262,Austrian Future Cup,2023,Balazs Juhasz,HUN,MAG,junior,VT,2,,apparatus,final,4.0,True,1,suggestion_6e7a49ca4671223e,context_correction,0.65,"Same athlete/event/apparatus exists in the score sheet, but format, round, or day is different.",Austrian Future Cup,2023,Balazs Juhasz,HUN,MAG,junior,VT,2,,individual,final,12.7,4.0,MAG,1378,"[{""suggestion_id"": ""suggestion_6e7a49ca4671223e"", ""suggestion_type"": ""context_correction"", ""confidence"": 0.65, ""message"": ""Same athlete/event/apparatus exists in the score sheet, but format, round, or day is different."", ""action"": ""attach_d_score_to_target_result"", ""changes"": {""format"": {""from"": ""apparatus"", ""to"": ""individual""}, ""round"": {""from"": ""final"", ""to"": ""final""}, ""day"": {""from"": null, ""to"": null}}, ""target_result"": {""event_name"": ""Austrian Future Cup"", ""year"": 2023, ""athlete_name"": ""Balazs Juhasz"", ""country"": ""HUN"", ""discipline"": ""MAG"", ""category"": ""junior"", ""apparatus"": ""VT"", ""vt_attempt"": 2, ""day"": null, ""format"": ""individual"", ""round"": ""final"", ""score"": 12.7, ""D_score"": 4.0, ""vault_attempt_order_uncertain"": true, ""source_sheet"": ""MAG"", ""source_row"": 1378, ""target_id"": ""target_355fa4c82bf199d4""}}]"
orphan_d06e20bdcbfbda7f,possible_event_name_mismatch,review,Possible event-name mismatch between the D sheet and the score sheet.,MAG D,1309,Swiss Championships,2023,Ben Schumacher,SUI,MAG,junior,FX,,,individual,final,4.3,False,1,suggestion_82463428dcf6b44b,event_name_correction,0.884,D-score event 'Swiss Championships' may match score-sheet event 'Swiss Team Championships'.,Swiss Team Championships,2023,Ben Schumacher,SUI,MAG,junior,FX,,,individual,final,11.8,3.9,MAG,1432,"[{""suggestion_id"": ""suggestion_82463428dcf6b44b"", ""suggestion_type"": ""event_name_correction"", ""confidence"": 0.884, ""message"": ""D-score event 'Swiss Championships' may match score-sheet event 'Swiss Team Championships'."", ""action"": ""attach_d_score_to_target_result"", ""changes"": {""event_name"": {""from"": ""Swiss Championships"", ""to"": ""Swiss Team Championships""}}, ""target_result"": {""event_name"": ""Swiss Team Championships"", ""year"": 2023, ""athlete_name"": ""Ben Schumacher"", ""country"": ""SUI"", ""discipline"": ""MAG"", ""category"": ""junior"", ""apparatus"": ""FX"", ""vt_attempt"": null, ""day"": null, ""format"": ""individual"", ""round"": ""final"", ""score"": 11.8, ""D_score"": 3.9, ""vault_attempt_order_uncertain"": false, ""source_sheet"": ""MAG"", ""source_row"": 1432, ""target_id"": ""target_1a16b7dc5ab0c003""}}]"
orphan_5d6baceafdb8d87c,possible_event_name_mismatch,review,Possible event-name mismatch between the D sheet and the score sheet.,MAG D,1309,Swiss Championships,2023,Ben Schumacher,SUI,MAG,junior,HB,,,individual,final,4.2,False,1,suggestion_b290b6bef8415db0,event_name_correction,0.884,D-score event 'Swiss Championships' may match score-sheet event 'Swiss Team Championships'.,Swiss Team Championships,2023,Ben Schumacher,SUI,MAG,junior,HB,,,individual,final,12.333,4.4,MAG,1432,"[{""suggestion_id"": ""suggestion_b290b6bef8415db0"", ""suggestion_type"": ""event_name_correction"", ""confidence"": 0.884, ""message"": ""D-score event 'Swiss Championships' may match score-sheet event 'Swiss Team Championships'."", ""action"": ""attach_d_score_to_target_result"", ""changes"": {""event_name"": {""from"": ""Swiss Championships"", ""to"": ""Swiss Team Championships""}}, ""target_result"": {""event_name"": ""Swiss Team Championships"", ""year"": 2023, ""athlete_name"": ""Ben Schumacher"", ""country"": ""SUI"", ""discipline"": ""MAG"", ""category"": ""junior"", ""apparatus"": ""HB"", ""vt_attempt"": null, ""day"": null, ""format"": ""individual"", ""round"": ""final"", ""score"": 12.333, ""D_score"": 4.4, ""vault_attempt_order_uncertain"": false, ""source_sheet"": ""MAG"", ""source_row"": 1432, ""target_id"": ""target_42bc36a9c9dacf01""}}]"
orphan_a8b5beaac12bf220,possible_event_name_mismatch,review,Possible event-name mismatch between the D sheet and the score sheet.,MAG D,1309,Swiss Championships,2023,Ben Schumacher,SUI,MAG,junior,PB,,,individual,final,4.6,False,1,suggestion_e940a69dd7f7035a,event_name_correction,0.884,D-score event 'Swiss Championships' may match score-sheet event 'Swiss Team Championships'.,Swiss Team Championships,2023,Ben Schumacher,SUI,MAG,junior,PB,,,individual,final,11.733,4.6,MAG,1432,"[{""suggestion_id"": ""suggestion_e940a69dd7f7035a"", ""suggestion_type"": ""event_name_correction"", ""confidence"": 0.884, ""message"": ""D-score event 'Swiss Championships' may match score-sheet event 'Swiss Team Championships'."", ""action"": ""attach_d_score_to_target_result"", ""changes"": {""event_name"": {""from"": ""Swiss Championships"", ""to"": ""Swiss Team Championships""}}, ""target_result"": {""event_name"": ""Swiss Team Championships"", ""year"": 2023, ""athlete_name"": ""Ben Schumacher"", ""country"": ""SUI"", ""discipline"": ""MAG"", ""category"": ""junior"", ""apparatus"": ""PB"", ""vt_attempt"": null, ""day"": null, ""format"": ""individual"", ""round"": ""final"", ""score"": 11.733, ""D_score"": 4.6, ""vault_attempt_order_uncertain"": false, ""source_sheet"": ""MAG"", ""source_row"": 1432, ""target_id"": ""target_44f136ba31d856fc""}}]"
orphan_98d5637b8e9ac5c8,possible_event_name_mismatch,review,Possible event-name mismatch between the D sheet and the score sheet.,MAG D,1309,Swiss Championships,2023,Ben Schumacher,SUI,MAG,junior,PH,,,individual,final,4.4,False,1,suggestion_20a4b964b6d010bd,event_name_correction,0.884,D-score event 'Swiss Championships' may match score-sheet event 'Swiss Team Championships'.,Swiss Team Championships,2023,Ben Schumacher,SUI,MAG,junior,PH,,,individual,final,12.2,4.7,MAG,1432,"[{""suggestion_id"": ""suggestion_20a4b964b6d010bd"", ""suggestion_type"": ""event_name_correction"", ""confidence"": 0.884, ""message"": ""D-score event 'Swiss Championships' may match score-sheet event 'Swiss Team Championships'."", ""action"": ""attach_d_score_to_target_result"", ""changes"": {""event_name"": {""from"": ""Swiss Championships"", ""to"": ""Swiss Team Championships""}}, ""target_result"": {""event_name"": ""Swiss Team Championships"", ""year"": 2023, ""athlete_name"": ""Ben Schumacher"", ""country"": ""SUI"", ""discipline"": ""MAG"", ""category"": ""junior"", ""apparatus"": ""PH"", ""vt_attempt"": null, ""day"": null, ""format"": ""individual"", ""round"": ""final"", ""score"": 12.2, ""D_score"": 4.7, ""vault_attempt_order_uncertain"": false, ""source_sheet"": ""MAG"", ""source_row"": 1432, ""target_id"": ""target_0edbc073bad8e26a""}}]"
orphan_ec5fd38ca028d9bb,possible_event_name_mismatch,review,Possible event-name mismatch between the D sheet and the score sheet.,MAG D,1309,Swiss Championships,2023,Ben Schumacher,SUI,MAG,junior,SR,,,individual,final,4.2,False,1,suggestion_882fe587e798e796,event_name_correction,0.884,D-score event 'Swiss Championships' may match score-sheet event 'Swiss Team Championships'.,Swiss Team Championships,2023,Ben Schumacher,SUI,MAG,junior,SR,,,individual,final,12.3,3.9,MAG,1432,"[{""suggestion_id"": ""suggestion_882fe587e798e796"", ""suggestion_type"": ""event_name_correction"", ""confidence"": 0.884, ""message"": ""D-score event 'Swiss Championships' may match score-sheet event 'Swiss Team Championships'."", ""action"": ""attach_d_score_to_target_result"", ""changes"": {""event_name"": {""from"": ""Swiss Championships"", ""to"": ""Swiss Team Championships""}}, ""target_result"": {""event_name"": ""Swiss Team Championships"", ""year"": 2023, ""athlete_name"": ""Ben Schumacher"", ""country"": ""SUI"", ""discipline"": ""MAG"", ""category"": ""junior"", ""apparatus"": ""SR"", ""vt_attempt"": null, ""day"": null, ""format"": ""individual"", ""round"": ""final"", ""score"": 12.3, ""D_score"": 3.9, ""vault_attempt_order_uncertain"": false, ""source_sheet"": ""MAG"", ""source_row"": 1432, ""target_id"": ""target_4688538de380f85f""}}]"
orphan_2d6ed71d6b1f20aa,possible_event_name_mismatch,review,Possible event-name mismatch between the D sheet and the score sheet.,MAG D,1309,Swiss Championships,2023,Ben Schumacher,SUI,MAG,junior,VT,1,,individual,final,4.0,True,1,suggestion_3069dec8aee0354f,event_name_correction,0.884,D-score event 'Swiss Championships' may match score-sheet event 'Swiss Team Championships'.,Swiss Team Championships,2023,Ben Schumacher,SUI,MAG,junior,VT,1,,individual,final,13.1,4.0,MAG,1432,"[{""suggestion_id"": ""suggestion_3069dec8aee0354f"", ""suggestion_type"": ""event_name_correction"", ""confidence"": 0.884, ""message"": ""D-score event 'Swiss Championships' may match score-sheet event 'Swiss Team Championships'."", ""action"": ""attach_d_score_to_target_result"", ""changes"": {""event_name"": {""from"": ""Swiss Championships"", ""to"": ""Swiss Team Championships""}}, ""target_result"": {""event_name"": ""Swiss Team Championships"", ""year"": 2023, ""athlete_name"": ""Ben Schumacher"", ""country"": ""SUI"", ""discipline"": ""MAG"", ""category"": ""junior"", ""apparatus"": ""VT"", ""vt_attempt"": 1, ""day"": null, ""format"": ""individual"", ""round"": ""final"", ""score"": 13.1, ""D_score"": 4.0, ""vault_attempt_order_uncertain"": true, ""source_sheet"": ""MAG"", ""source_row"": 1432, ""target_id"": ""target_72733772d19c6601""}}]"
orphan_6f93e8f52b2101d5,missing_score_sheet_context,review,No matching final-score result is available in the score sheet.,MAG D,1310,Swiss Championships,2023,Ben Schumacher,SUI,MAG,junior,FX,,,apparatus,final,4.3,False,0,,,,,,,,,,,,,,,,,,,,[]
orphan_d33d6f50bfc88fee,missing_score_sheet_context,review,No matching final-score result is available in the score sheet.,MAG D,1310,Swiss Championships,2023,Ben Schumacher,SUI,MAG,junior,PB,,,apparatus,final,4.6,False,0,,,,,,,,,,,,,,,,,,,,[]
orphan_8ea313abfa337d2c,missing_score_sheet_context,review,No matching final-score result is available in the score sheet.,MAG D,1310,Swiss Championships,2023,Ben Schumacher,SUI,MAG,junior,PH,,,apparatus,final,4.7,False,0,,,,,,,,,,,,,,,,,,,,[]
orphan_80487513a81f3efb,missing_score_sheet_context,review,No matching final-score result is available in the score sheet.,MAG D,1310,Swiss Championships,2023,Ben Schumacher,SUI,MAG,junior,SR,,,apparatus,final,4.2,False,0,,,,,,,,,,,,,,,,,,,,[]
orphan_ad40ccac70724539,athlete_missing_in_score_sheet,review,"The event/apparatus/context exists, but this athlete is missing in the score sheet.",MAG D,1310,Swiss Championships,2023,Ben Schumacher,SUI,MAG,junior,VT,1,,apparatus,final,4.0,True,0,,,,,,,,,,,,,,,,,,,,[]
orphan_1252d5fc46b76981,athlete_missing_in_score_sheet,review,"The event/apparatus/context exists, but this athlete is missing in the score sheet.",MAG D,1310,Swiss Championships,2023,Ben Schumacher,SUI,MAG,junior,VT,2,,apparatus,final,3.2,True,0,,,,,,,,,,,,,,,,,,,,[]
orphan_f94a79ba2a2af494,missing_final_score_for_context,review,"The athlete/event exists, but not this apparatus/context.",MAG D,1314,British Championships,2023,Ben Scourse,GBR,MAG,junior,VT,2,,individual,final,2.4,True,0,,,,,,,,,,,,,,,,,,,,[]
orphan_3c57072c19ae8869,possible_context_mismatch,review,"Possible format, round, or day mismatch.",MAG D,1334,Austrian Future Cup,2023,Bence Hamza-Vargity,HUN,MAG,junior,VT,1,,apparatus,final,4.4,True,1,suggestion_3d271e001376f9a5,context_correction,0.65,"Same athlete/event/apparatus exists in the score sheet, but format, round, or day is different.",Austrian Future Cup,2023,Bence Hamza-Vargity,HUN,MAG,junior,VT,1,,individual,final,12.15,4.4,MAG,1450,"[{""suggestion_id"": ""suggestion_3d271e001376f9a5"", ""suggestion_type"": ""context_correction"", ""confidence"": 0.65, ""message"": ""Same athlete/event/apparatus exists in the score sheet, but format, round, or day is different."", ""action"": ""attach_d_score_to_target_result"", ""changes"": {""format"": {""from"": ""apparatus"", ""to"": ""individual""}, ""round"": {""from"": ""final"", ""to"": ""final""}, ""day"": {""from"": null, ""to"": null}}, ""target_result"": {""event_name"": ""Austrian Future Cup"", ""year"": 2023, ""athlete_name"": ""Bence Hamza-Vargity"", ""country"": ""HUN"", ""discipline"": ""MAG"", ""category"": ""junior"", ""apparatus"": ""VT"", ""vt_attempt"": 1, ""day"": null, ""format"": ""individual"", ""round"": ""final"", ""score"": 12.15, ""D_score"": 4.4, ""vault_attempt_order_uncertain"": true, ""source_sheet"": ""MAG"", ""source_row"": 1450, ""target_id"": ""target_7c57796705f05be5""}}]"
orphan_0db17bad9038ed8a,possible_context_mismatch,review,"Possible format, round, or day mismatch.",MAG D,1334,Austrian Future Cup,2023,Bence Hamza-Vargity,HUN,MAG,junior,VT,2,,apparatus,final,4.0,True,1,suggestion_7904cf5dd71588f3,context_correction,0.65,"Same athlete/event/apparatus exists in the score sheet, but format, round, or day is different.",Austrian Future Cup,2023,Bence Hamza-Vargity,HUN,MAG,junior,VT,2,,individual,final,13.05,4.0,MAG,1450,"[{""suggestion_id"": ""suggestion_7904cf5dd71588f3"", ""suggestion_type"": ""context_correction"", ""confidence"": 0.65, ""message"": ""Same athlete/event/apparatus exists in the score sheet, but format, round, or day is different."", ""action"": ""attach_d_score_to_target_result"", ""changes"": {""format"": {""from"": ""apparatus"", ""to"": ""individual""}, ""round"": {""from"": ""final"", ""to"": ""final""}, ""day"": {""from"": null, ""to"": null}}, ""target_result"": {""event_name"": ""Austrian Future Cup"", ""year"": 2023, ""athlete_name"": ""Bence Hamza-Vargity"", ""country"": ""HUN"", ""discipline"": ""MAG"", ""category"": ""junior"", ""apparatus"": ""VT"", ""vt_attempt"": 2, ""day"": null, ""format"": ""individual"", ""round"": ""final"", ""score"": 13.05, ""D_score"": 4.0, ""vault_attempt_order_uncertain"": true, ""source_sheet"": ""MAG"", ""source_row"": 1450, ""target_id"": ""target_e6931c855ee3d8b4""}}]"
orphan_5395d7e1ed2c71d6,missing_final_score_for_context,review,"The athlete/event exists, but not this apparatus/context.",MAG D,1381,European Championships,2023,Benjamin Osberger,FRA,MAG,senior,VT,1,,individual,qualification,5.6,True,0,,,,,,,,,,,,,,,,,,,,[]
orphan_16c442b7f661cd61,possible_athlete_name_typo,review,Possible athlete-name typo between the D sheet and the score sheet.,MAG D,1444,Icelandic Fall Championships,2023,Bjarthor Alexandersson,ISL,MAG,junior,FX,,,individual,final,2.7,False,1,suggestion_f194eb5e4866395f,athlete_name_correction,0.978,D-score athlete 'Bjarthor Alexandersson' probably matches score-sheet athlete 'Bjartthor Alexandersson'.,Icelandic Fall Championships,2023,Bjartthor Alexandersson,ISL,MAG,junior,FX,,,individual,final,10.6,,MAG,1567,"[{""suggestion_id"": ""suggestion_f194eb5e4866395f"", ""suggestion_type"": ""athlete_name_correction"", ""confidence"": 0.978, ""message"": ""D-score athlete 'Bjarthor Alexandersson' probably matches score-sheet athlete 'Bjartthor Alexandersson'."", ""action"": ""attach_d_score_to_target_result"", ""changes"": {""athlete_name"": {""from"": ""Bjarthor Alexandersson"", ""to"": ""Bjartthor Alexandersson""}}, ""target_result"": {""event_name"": ""Icelandic Fall Championships"", ""year"": 2023, ""athlete_name"": ""Bjartthor Alexandersson"", ""country"": ""ISL"", ""discipline"": ""MAG"", ""category"": ""junior"", ""apparatus"": ""FX"", ""vt_attempt"": null, ""day"": null, ""format"": ""individual"", ""round"": ""final"", ""score"": 10.6, ""D_score"": null, ""vault_attempt_order_uncertain"": false, ""source_sheet"": ""MAG"", ""source_row"": 1567, ""target_id"": ""target_c19034b088567fd2""}}]"
orphan_ff09b4dc42218157,possible_athlete_name_typo,review,Possible athlete-name typo between the D sheet and the score sheet.,MAG D,1444,Icelandic Fall Championships,2023,Bjarthor Alexandersson,ISL,MAG,junior,HB,,,individual,final,1.5,False,1,suggestion_6d3fa4aa1de5023a,athlete_name_correction,0.978,D-score athlete 'Bjarthor Alexandersson' probably matches score-sheet athlete 'Bjartthor Alexandersson'.,Icelandic Fall Championships,2023,Bjartthor Alexandersson,ISL,MAG,junior,HB,,,individual,final,7.0,,MAG,1567,"[{""suggestion_id"": ""suggestion_6d3fa4aa1de5023a"", ""suggestion_type"": ""athlete_name_correction"", ""confidence"": 0.978, ""message"": ""D-score athlete 'Bjarthor Alexandersson' probably matches score-sheet athlete 'Bjartthor Alexandersson'."", ""action"": ""attach_d_score_to_target_result"", ""changes"": {""athlete_name"": {""from"": ""Bjarthor Alexandersson"", ""to"": ""Bjartthor Alexandersson""}}, ""target_result"": {""event_name"": ""Icelandic Fall Championships"", ""year"": 2023, ""athlete_name"": ""Bjartthor Alexandersson"", ""country"": ""ISL"", ""discipline"": ""MAG"", ""category"": ""junior"", ""apparatus"": ""HB"", ""vt_attempt"": null, ""day"": null, ""format"": ""individual"", ""round"": ""final"", ""score"": 7.0, ""D_score"": null, ""vault_attempt_order_uncertain"": false, ""source_sheet"": ""MAG"", ""source_row"": 1567, ""target_id"": ""target_9b2d06568c1fe06e""}}]"
orphan_4b591c54d1561a97,possible_athlete_name_typo,review,Possible athlete-name typo between the D sheet and the score sheet.,MAG D,1444,Icelandic Fall Championships,2023,Bjarthor Alexandersson,ISL,MAG,junior,PB,,,individual,final,2.1,False,1,suggestion_2c9629ebabd40700,athlete_name_correction,0.978,D-score athlete 'Bjarthor Alexandersson' probably matches score-sheet athlete 'Bjartthor Alexandersson'.,Icelandic Fall Championships,2023,Bjartthor Alexandersson,ISL,MAG,junior,PB,,,individual,final,10.3,,MAG,1567,"[{""suggestion_id"": ""suggestion_2c9629ebabd40700"", ""suggestion_type"": ""athlete_name_correction"", ""confidence"": 0.978, ""message"": ""D-score athlete 'Bjarthor Alexandersson' probably matches score-sheet athlete 'Bjartthor Alexandersson'."", ""action"": ""attach_d_score_to_target_result"", ""changes"": {""athlete_name"": {""from"": ""Bjarthor Alexandersson"", ""to"": ""Bjartthor Alexandersson""}}, ""target_result"": {""event_name"": ""Icelandic Fall Championships"", ""year"": 2023, ""athlete_name"": ""Bjartthor Alexandersson"", ""country"": ""ISL"", ""discipline"": ""MAG"", ""category"": ""junior"", ""apparatus"": ""PB"", ""vt_attempt"": null, ""day"": null, ""format"": ""individual"", ""round"": ""final"", ""score"": 10.3, ""D_score"": null, ""vault_attempt_order_uncertain"": false, ""source_sheet"": ""MAG"", ""source_row"": 1567, ""target_id"": ""target_7894c2d76fb44605""}}]"
orphan_81effec2554d855f,possible_athlete_name_typo,review,Possible athlete-name typo between the D sheet and the score sheet.,MAG D,1444,Icelandic Fall Championships,2023,Bjarthor Alexandersson,ISL,MAG,junior,PH,,,individual,final,3.1,False,1,suggestion_dcfdc9fa4e669419,athlete_name_correction,0.978,D-score athlete 'Bjarthor Alexandersson' probably matches score-sheet athlete 'Bjartthor Alexandersson'.,Icelandic Fall Championships,2023,Bjartthor Alexandersson,ISL,MAG,junior,PH,,,individual,final,6.2,,MAG,1567,"[{""suggestion_id"": ""suggestion_dcfdc9fa4e669419"", ""suggestion_type"": ""athlete_name_correction"", ""confidence"": 0.978, ""message"": ""D-score athlete 'Bjarthor Alexandersson' probably matches score-sheet athlete 'Bjartthor Alexandersson'."", ""action"": ""attach_d_score_to_target_result"", ""changes"": {""athlete_name"": {""from"": ""Bjarthor Alexandersson"", ""to"": ""Bjartthor Alexandersson""}}, ""target_result"": {""event_name"": ""Icelandic Fall Championships"", ""year"": 2023, ""athlete_name"": ""Bjartthor Alexandersson"", ""country"": ""ISL"", ""discipline"": ""MAG"", ""category"": ""junior"", ""apparatus"": ""PH"", ""vt_attempt"": null, ""day"": null, ""format"": ""individual"", ""round"": ""final"", ""score"": 6.2, ""D_score"": null, ""vault_attempt_order_uncertain"": false, ""source_sheet"": ""MAG"", ""source_row"": 1567, ""target_id"": ""target_f8a4c4cfc6e1f501""}}]"
orphan_d4459c7a73b38f30,possible_athlete_name_typo,review,Possible athlete-name typo between the D sheet and the score sheet.,MAG D,1444,Icelandic Fall Championships,2023,Bjarthor Alexandersson,ISL,MAG,junior,SR,,,individual,final,2.1,False,1,suggestion_950d00521d37bccd,athlete_name_correction,0.978,D-score athlete 'Bjarthor Alexandersson' probably matches score-sheet athlete 'Bjartthor Alexandersson'.,Icelandic Fall Championships,2023,Bjartthor Alexandersson,ISL,MAG,junior,SR,,,individual,final,10.5,,MAG,1567,"[{""suggestion_id"": ""suggestion_950d00521d37bccd"", ""suggestion_type"": ""athlete_name_correction"", ""confidence"": 0.978, ""message"": ""D-score athlete 'Bjarthor Alexandersson' probably matches score-sheet athlete 'Bjartthor Alexandersson'."", ""action"": ""attach_d_score_to_target_result"", ""changes"": {""athlete_name"": {""from"": ""Bjarthor Alexandersson"", ""to"": ""Bjartthor Alexandersson""}}, ""target_result"": {""event_name"": ""Icelandic Fall Championships"", ""year"": 2023, ""athlete_name"": ""Bjartthor Alexandersson"", ""country"": ""ISL"", ""discipline"": ""MAG"", ""category"": ""junior"", ""apparatus"": ""SR"", ""vt_attempt"": null, ""day"": null, ""format"": ""individual"", ""round"": ""final"", ""score"": 10.5, ""D_score"": null, ""vault_attempt_order_uncertain"": false, ""source_sheet"": ""MAG"", ""source_row"": 1567, ""target_id"": ""target_6916e40888c38bc8""}}]"
orphan_fc63708843927595,possible_athlete_name_typo,review,Possible athlete-name typo between the D sheet and the score sheet.,MAG D,1444,Icelandic Fall Championships,2023,Bjarthor Alexandersson,ISL,MAG,junior,VT,1,,individual,final,1.6,True,1,suggestion_eddc8db80b128631,athlete_name_correction,0.978,D-score athlete 'Bjarthor Alexandersson' probably matches score-sheet athlete 'Bjartthor Alexandersson'.,Icelandic Fall Championships,2023,Bjartthor Alexandersson,ISL,MAG,junior,VT,1,,individual,final,11.1,,MAG,1567,"[{""suggestion_id"": ""suggestion_eddc8db80b128631"", ""suggestion_type"": ""athlete_name_correction"", ""confidence"": 0.978, ""message"": ""D-score athlete 'Bjarthor Alexandersson' probably matches score-sheet athlete 'Bjartthor Alexandersson'."", ""action"": ""attach_d_score_to_target_result"", ""changes"": {""athlete_name"": {""from"": ""Bjarthor Alexandersson"", ""to"": ""Bjartthor Alexandersson""}}, ""target_result"": {""event_name"": ""Icelandic Fall Championships"", ""year"": 2023, ""athlete_name"": ""Bjartthor Alexandersson"", ""country"": ""ISL"", ""discipline"": ""MAG"", ""category"": ""junior"", ""apparatus"": ""VT"", ""vt_attempt"": 1, ""day"": null, ""format"": ""individual"", ""round"": ""final"", ""score"": 11.1, ""D_score"": null, ""vault_attempt_order_uncertain"": true, ""source_sheet"": ""MAG"", ""source_row"": 1567, ""target_id"": ""target_faf25280e96e4fb0""}}]"
orphan_8569e8469b450d97,possible_context_mismatch,review,"Possible format, round, or day mismatch.",MAG D,1588,Austrian Future Cup,2023,Caedan McIlhatton,AUS,MAG,junior,VT,1,,apparatus,final,4.8,True,1,suggestion_ccef94614840fcf1,context_correction,0.65,"Same athlete/event/apparatus exists in the score sheet, but format, round, or day is different.",Austrian Future Cup,2023,Caedan McIlhatton,AUS,MAG,junior,VT,1,,individual,final,12.6,4.8,MAG,1725,"[{""suggestion_id"": ""suggestion_ccef94614840fcf1"", ""suggestion_type"": ""context_correction"", ""confidence"": 0.65, ""message"": ""Same athlete/event/apparatus exists in the score sheet, but format, round, or day is different."", ""action"": ""attach_d_score_to_target_result"", ""changes"": {""format"": {""from"": ""apparatus"", ""to"": ""individual""}, ""round"": {""from"": ""final"", ""to"": ""final""}, ""day"": {""from"": null, ""to"": null}}, ""target_result"": {""event_name"": ""Austrian Future Cup"", ""year"": 2023, ""athlete_name"": ""Caedan McIlhatton"", ""country"": ""AUS"", ""discipline"": ""MAG"", ""category"": ""junior"", ""apparatus"": ""VT"", ""vt_attempt"": 1, ""day"": null, ""format"": ""individual"", ""round"": ""final"", ""score"": 12.6, ""D_score"": 4.8, ""vault_attempt_order_uncertain"": true, ""source_sheet"": ""MAG"", ""source_row"": 1725, ""target_id"": ""target_ff571691a0e6734a""}}]"
orphan_b8db365bfd059800,possible_context_mismatch,review,"Possible format, round, or day mismatch.",MAG D,1588,Austrian Future Cup,2023,Caedan McIlhatton,AUS,MAG,junior,VT,2,,apparatus,final,4.0,True,1,suggestion_48e054ad7fd9a225,context_correction,0.65,"Same athlete/event/apparatus exists in the score sheet, but format, round, or day is different.",Austrian Future Cup,2023,Caedan McIlhatton,AUS,MAG,junior,VT,2,,individual,final,13.1,4.0,MAG,1725,"[{""suggestion_id"": ""suggestion_48e054ad7fd9a225"", ""suggestion_type"": ""context_correction"", ""confidence"": 0.65, ""message"": ""Same athlete/event/apparatus exists in the score sheet, but format, round, or day is different."", ""action"": ""attach_d_score_to_target_result"", ""changes"": {""format"": {""from"": ""apparatus"", ""to"": ""individual""}, ""round"": {""from"": ""final"", ""to"": ""final""}, ""day"": {""from"": null, ""to"": null}}, ""target_result"": {""event_name"": ""Austrian Future Cup"", ""year"": 2023, ""athlete_name"": ""Caedan McIlhatton"", ""country"": ""AUS"", ""discipline"": ""MAG"", ""category"": ""junior"", ""apparatus"": ""VT"", ""vt_attempt"": 2, ""day"": null, ""format"": ""individual"", ""round"": ""final"", ""score"": 13.1, ""D_score"": 4.0, ""vault_attempt_order_uncertain"": true, ""source_sheet"": ""MAG"", ""source_row"": 1725, ""target_id"": ""target_40ed9529a3194960""}}]"
orphan_d782b32866bb4e33,missing_final_score_for_context,review,"The athlete/event exists, but not this apparatus/context.",MAG D,1673,2nd Italian Serie A,2023,Carlo Macchini,ITA,MAG,senior,FX,,,individual,final,5.3,False,0,,,,,,,,,,,,,,,,,,,,[]
orphan_bddf4a16d80eb618,possible_event_name_mismatch,review,Possible event-name mismatch between the D sheet and the score sheet.,MAG D,1682,Swiss Championships,2023,Carlo Riesco,SUI,MAG,junior,FX,,,individual,final,4.6,False,1,suggestion_2dc83fe0784f3a20,event_name_correction,0.884,D-score event 'Swiss Championships' may match score-sheet event 'Swiss Team Championships'.,Swiss Team Championships,2023,Carlo Riesco,SUI,MAG,junior,FX,,,individual,final,13.266,4.6,MAG,1827,"[{""suggestion_id"": ""suggestion_2dc83fe0784f3a20"", ""suggestion_type"": ""event_name_correction"", ""confidence"": 0.884, ""message"": ""D-score event 'Swiss Championships' may match score-sheet event 'Swiss Team Championships'."", ""action"": ""attach_d_score_to_target_result"", ""changes"": {""event_name"": {""from"": ""Swiss Championships"", ""to"": ""Swiss Team Championships""}}, ""target_result"": {""event_name"": ""Swiss Team Championships"", ""year"": 2023, ""athlete_name"": ""Carlo Riesco"", ""country"": ""SUI"", ""discipline"": ""MAG"", ""category"": ""junior"", ""apparatus"": ""FX"", ""vt_attempt"": null, ""day"": null, ""format"": ""individual"", ""round"": ""final"", ""score"": 13.266, ""D_score"": 4.6, ""vault_attempt_order_uncertain"": false, ""source_sheet"": ""MAG"", ""source_row"": 1827, ""target_id"": ""target_48b8bd40be3badf0""}}]"
orphan_ba0da7c9cbfd862e,possible_event_name_mismatch,review,Possible event-name mismatch between the D sheet and the score sheet.,MAG D,1682,Swiss Championships,2023,Carlo Riesco,SUI,MAG,junior,HB,,,individual,final,4.1,False,1,suggestion_189a37cbcd1eb5b3,event_name_correction,0.884,D-score event 'Swiss Championships' may match score-sheet event 'Swiss Team Championships'.,Swiss Team Championships,2023,Carlo Riesco,SUI,MAG,junior,HB,,,individual,final,12.066,4.3,MAG,1827,"[{""suggestion_id"": ""suggestion_189a37cbcd1eb5b3"", ""suggestion_type"": ""event_name_correction"", ""confidence"": 0.884, ""message"": ""D-score event 'Swiss Championships' may match score-sheet event 'Swiss Team Championships'."", ""action"": ""attach_d_score_to_target_result"", ""changes"": {""event_name"": {""from"": ""Swiss Championships"", ""to"": ""Swiss Team Championships""}}, ""target_result"": {""event_name"": ""Swiss Team Championships"", ""year"": 2023, ""athlete_name"": ""Carlo Riesco"", ""country"": ""SUI"", ""discipline"": ""MAG"", ""category"": ""junior"", ""apparatus"": ""HB"", ""vt_attempt"": null, ""day"": null, ""format"": ""individual"", ""round"": ""final"", ""score"": 12.066, ""D_score"": 4.3, ""vault_attempt_order_uncertain"": false, ""source_sheet"": ""MAG"", ""source_row"": 1827, ""target_id"": ""target_b5d2be4a317b0b3f""}}]"
orphan_f909a16966ca7599,possible_event_name_mismatch,review,Possible event-name mismatch between the D sheet and the score sheet.,MAG D,1682,Swiss Championships,2023,Carlo Riesco,SUI,MAG,junior,PB,,,individual,final,4.1,False,1,suggestion_14d76e2695baf7ef,event_name_correction,0.884,D-score event 'Swiss Championships' may match score-sheet event 'Swiss Team Championships'.,Swiss Team Championships,2023,Carlo Riesco,SUI,MAG,junior,PB,,,individual,final,12.133,4.2,MAG,1827,"[{""suggestion_id"": ""suggestion_14d76e2695baf7ef"", ""suggestion_type"": ""event_name_correction"", ""confidence"": 0.884, ""message"": ""D-score event 'Swiss Championships' may match score-sheet event 'Swiss Team Championships'."", ""action"": ""attach_d_score_to_target_result"", ""changes"": {""event_name"": {""from"": ""Swiss Championships"", ""to"": ""Swiss Team Championships""}}, ""target_result"": {""event_name"": ""Swiss Team Championships"", ""year"": 2023, ""athlete_name"": ""Carlo Riesco"", ""country"": ""SUI"", ""discipline"": ""MAG"", ""category"": ""junior"", ""apparatus"": ""PB"", ""vt_attempt"": null, ""day"": null, ""format"": ""individual"", ""round"": ""final"", ""score"": 12.133, ""D_score"": 4.2, ""vault_attempt_order_uncertain"": false, ""source_sheet"": ""MAG"", ""source_row"": 1827, ""target_id"": ""target_ba0794e943b5c9a2""}}]"
orphan_947f3798edc6e912,athlete_missing_in_score_sheet,review,"The event/apparatus/context exists, but this athlete is missing in the score sheet.",MAG D,1682,Swiss Championships,2023,Carlo Riesco,SUI,MAG,junior,PH,,,individual,final,3.5,False,0,,,,,,,,,,,,,,,,,,,,[]
orphan_cebc89d097b2f448,possible_event_name_mismatch,review,Possible event-name mismatch between the D sheet and the score sheet.,MAG D,1682,Swiss Championships,2023,Carlo Riesco,SUI,MAG,junior,SR,,,individual,final,4.1,False,1,suggestion_f3f33482eb47b1c5,event_name_correction,0.884,D-score event 'Swiss Championships' may match score-sheet event 'Swiss Team Championships'.,Swiss Team Championships,2023,Carlo Riesco,SUI,MAG,junior,SR,,,individual,final,12.866,4.4,MAG,1827,"[{""suggestion_id"": ""suggestion_f3f33482eb47b1c5"", ""suggestion_type"": ""event_name_correction"", ""confidence"": 0.884, ""message"": ""D-score event 'Swiss Championships' may match score-sheet event 'Swiss Team Championships'."", ""action"": ""attach_d_score_to_target_result"", ""changes"": {""event_name"": {""from"": ""Swiss Championships"", ""to"": ""Swiss Team Championships""}}, ""target_result"": {""event_name"": ""Swiss Team Championships"", ""year"": 2023, ""athlete_name"": ""Carlo Riesco"", ""country"": ""SUI"", ""discipline"": ""MAG"", ""category"": ""junior"", ""apparatus"": ""SR"", ""vt_attempt"": null, ""day"": null, ""format"": ""individual"", ""round"": ""final"", ""score"": 12.866, ""D_score"": 4.4, ""vault_attempt_order_uncertain"": false, ""source_sheet"": ""MAG"", ""source_row"": 1827, ""target_id"": ""target_f1d4080ef72c32ff""}}]"
orphan_ea1b6aea5b9ce9a8,possible_event_name_mismatch,review,Possible event-name mismatch between the D sheet and the score sheet.,MAG D,1682,Swiss Championships,2023,Carlo Riesco,SUI,MAG,junior,VT,1,,individual,final,4.8,True,1,suggestion_e529731547ab374a,event_name_correction,0.884,D-score event 'Swiss Championships' may match score-sheet event 'Swiss Team Championships'.,Swiss Team Championships,2023,Carlo Riesco,SUI,MAG,junior,VT,1,,individual,final,13.7,4.8,MAG,1827,"[{""suggestion_id"": ""suggestion_e529731547ab374a"", ""suggestion_type"": ""event_name_correction"", ""confidence"": 0.884, ""message"": ""D-score event 'Swiss Championships' may match score-sheet event 'Swiss Team Championships'."", ""action"": ""attach_d_score_to_target_result"", ""changes"": {""event_name"": {""from"": ""Swiss Championships"", ""to"": ""Swiss Team Championships""}}, ""target_result"": {""event_name"": ""Swiss Team Championships"", ""year"": 2023, ""athlete_name"": ""Carlo Riesco"", ""country"": ""SUI"", ""discipline"": ""MAG"", ""category"": ""junior"", ""apparatus"": ""VT"", ""vt_attempt"": 1, ""day"": null, ""format"": ""individual"", ""round"": ""final"", ""score"": 13.7, ""D_score"": 4.8, ""vault_attempt_order_uncertain"": true, ""source_sheet"": ""MAG"", ""source_row"": 1827, ""target_id"": ""target_a5032cd4deb9d11c""}}]"
orphan_71163860a3b9e9ee,missing_score_sheet_context,review,No matching final-score result is available in the score sheet.,MAG D,1683,Swiss Championships,2023,Carlo Riesco,SUI,MAG,junior,FX,,,apparatus,final,4.6,False,0,,,,,,,,,,,,,,,,,,,,[]
orphan_30c9f96327e86b3d,missing_score_sheet_context,review,No matching final-score result is available in the score sheet.,MAG D,1683,Swiss Championships,2023,Carlo Riesco,SUI,MAG,junior,HB,,,apparatus,final,4.1,False,0,,,,,,,,,,,,,,,,,,,,[]
orphan_c4954e9e502a1bb6,missing_score_sheet_context,review,No matching final-score result is available in the score sheet.,MAG D,1683,Swiss Championships,2023,Carlo Riesco,SUI,MAG,junior,SR,,,apparatus,final,4.3,False,0,,,,,,,,,,,,,,,,,,,,[]
orphan_e77a0d4a89cdab1d,athlete_missing_in_score_sheet,review,"The event/apparatus/context exists, but this athlete is missing in the score sheet.",MAG D,1683,Swiss Championships,2023,Carlo Riesco,SUI,MAG,junior,VT,1,,apparatus,final,4.8,True,0,,,,,,,,,,,,,,,,,,,,[]
orphan_0b51a3b4bd0b7378,athlete_missing_in_score_sheet,review,"The event/apparatus/context exists, but this athlete is missing in the score sheet.",MAG D,1683,Swiss Championships,2023,Carlo Riesco,SUI,MAG,junior,VT,2,,apparatus,final,4.0,True,0,,,,,,,,,,,,,,,,,,,,[]
orphan_2b8162d32cc48132,possible_context_mismatch,review,"Possible format, round, or day mismatch.",MAG D,1790,British Championships,2023,Charlie Harvey-Lloyd,GBR,MAG,junior,VT,2,,individual,final,4.0,True,1,suggestion_6bf2f40de06ec85f,context_correction,0.65,"Same athlete/event/apparatus exists in the score sheet, but format, round, or day is different.",British Championships,2023,Charlie Harvey-Lloyd,GBR,MAG,junior,VT,2,,apparatus,final,13.0,4.0,MAG,1937,"[{""suggestion_id"": ""suggestion_6bf2f40de06ec85f"", ""suggestion_type"": ""context_correction"", ""confidence"": 0.65, ""message"": ""Same athlete/event/apparatus exists in the score sheet, but format, round, or day is different."", ""action"": ""attach_d_score_to_target_result"", ""changes"": {""format"": {""from"": ""individual"", ""to"": ""apparatus""}, ""round"": {""from"": ""final"", ""to"": ""final""}, ""day"": {""from"": null, ""to"": null}}, ""target_result"": {""event_name"": ""British Championships"", ""year"": 2023, ""athlete_name"": ""Charlie Harvey-Lloyd"", ""country"": ""GBR"", ""discipline"": ""MAG"", ""category"": ""junior"", ""apparatus"": ""VT"", ""vt_attempt"": 2, ""day"": null, ""format"": ""apparatus"", ""round"": ""final"", ""score"": 13.0, ""D_score"": 4.0, ""vault_attempt_order_uncertain"": true, ""source_sheet"": ""MAG"", ""source_row"": 1937, ""target_id"": ""target_ab3ac7fc77af5a75""}}]"
orphan_ee5ea8df25e15dcb,athlete_missing_in_score_sheet,review,"The event/apparatus/context exists, but this athlete is missing in the score sheet.",MAG D,1803,Winter Cup,2023,Chase Davenport-Mills,USA,MAG,senior,FX,,,individual,final,5.6,False,0,,,,,,,,,,,,,,,,,,,,[]
orphan_3f749502598bf2f2,athlete_missing_in_score_sheet,review,"The event/apparatus/context exists, but this athlete is missing in the score sheet.",MAG D,1803,Winter Cup,2023,Chase Davenport-Mills,USA,MAG,senior,HB,,,individual,final,4.5,False,0,,,,,,,,,,,,,,,,,,,,[]
orphan_51d10af97743f55a,athlete_missing_in_score_sheet,review,"The event/apparatus/context exists, but this athlete is missing in the score sheet.",MAG D,1803,Winter Cup,2023,Chase Davenport-Mills,USA,MAG,senior,PB,,,individual,final,4.0,False,0,,,,,,,,,,,,,,,,,,,,[]
orphan_e229425aaa9d2734,athlete_missing_in_score_sheet,review,"The event/apparatus/context exists, but this athlete is missing in the score sheet.",MAG D,1803,Winter Cup,2023,Chase Davenport-Mills,USA,MAG,senior,PH,,,individual,final,4.5,False,0,,,,,,,,,,,,,,,,,,,,[]
orphan_8824b03e4d23a017,athlete_missing_in_score_sheet,review,"The event/apparatus/context exists, but this athlete is missing in the score sheet.",MAG D,1803,Winter Cup,2023,Chase Davenport-Mills,USA,MAG,senior,SR,,,individual,final,4.0,False,0,,,,,,,,,,,,,,,,,,,,[]
orphan_6e3b713b6ccf3080,athlete_missing_in_score_sheet,review,"The event/apparatus/context exists, but this athlete is missing in the score sheet.",MAG D,1803,Winter Cup,2023,Chase Davenport-Mills,USA,MAG,senior,VT,1,,individual,final,4.8,True,0,,,,,,,,,,,,,,,,,,,,[]
orphan_8277afc133aead90,possible_context_mismatch,review,"Possible format, round, or day mismatch.",MAG D,1820,Chinese Championships,2023,Chen Yilu,CHN,MAG,senior,VT,2,,individual,qualification,5.8,True,1,suggestion_80d82c6499eaa4b9,context_correction,0.65,"Same athlete/event/apparatus exists in the score sheet, but format, round, or day is different.",Chinese Championships,2023,Chen Yilu,CHN,MAG,senior,VT,2,,apparatus,final,14.666,5.6,MAG,1966,"[{""suggestion_id"": ""suggestion_80d82c6499eaa4b9"", ""suggestion_type"": ""context_correction"", ""confidence"": 0.65, ""message"": ""Same athlete/event/apparatus exists in the score sheet, but format, round, or day is different."", ""action"": ""attach_d_score_to_target_result"", ""changes"": {""format"": {""from"": ""individual"", ""to"": ""apparatus""}, ""round"": {""from"": ""qualification"", ""to"": ""final""}, ""day"": {""from"": null, ""to"": null}}, ""target_result"": {""event_name"": ""Chinese Championships"", ""year"": 2023, ""athlete_name"": ""Chen Yilu"", ""country"": ""CHN"", ""discipline"": ""MAG"", ""category"": ""senior"", ""apparatus"": ""VT"", ""vt_attempt"": 2, ""day"": null, ""format"": ""apparatus"", ""round"": ""final"", ""score"": 14.666, ""D_score"": 5.6, ""vault_attempt_order_uncertain"": true, ""source_sheet"": ""MAG"", ""source_row"": 1966, ""target_id"": ""target_8bce05251dd363f3""}}]"
orphan_e803d2e3848817aa,missing_final_score_for_context,review,"The athlete/event exists, but not this apparatus/context.",MAG D,1824,Chinese Championships,2023,Chen Zhilong,CHN,MAG,senior,VT,2,,individual,qualification,4.8,True,0,,,,,,,,,,,,,,,,,,,,[]
orphan_34e5b454737ce7fb,possible_context_mismatch,review,"Possible format, round, or day mismatch.",MAG D,1830,Chinese Championships,2023,Chen Zhiyi,CHN,MAG,senior,VT,2,,individual,qualification,5.2,True,1,suggestion_0ed170728e2b27cc,context_correction,0.65,"Same athlete/event/apparatus exists in the score sheet, but format, round, or day is different.",Chinese Championships,2023,Chen Zhiyi,CHN,MAG,senior,VT,2,,apparatus,final,13.633,5.2,MAG,1975,"[{""suggestion_id"": ""suggestion_0ed170728e2b27cc"", ""suggestion_type"": ""context_correction"", ""confidence"": 0.65, ""message"": ""Same athlete/event/apparatus exists in the score sheet, but format, round, or day is different."", ""action"": ""attach_d_score_to_target_result"", ""changes"": {""format"": {""from"": ""individual"", ""to"": ""apparatus""}, ""round"": {""from"": ""qualification"", ""to"": ""final""}, ""day"": {""from"": null, ""to"": null}}, ""target_result"": {""event_name"": ""Chinese Championships"", ""year"": 2023, ""athlete_name"": ""Chen Zhiyi"", ""country"": ""CHN"", ""discipline"": ""MAG"", ""category"": ""senior"", ""apparatus"": ""VT"", ""vt_attempt"": 2, ""day"": null, ""format"": ""apparatus"", ""round"": ""final"", ""score"": 13.633, ""D_score"": 5.2, ""vault_attempt_order_uncertain"": true, ""source_sheet"": ""MAG"", ""source_row"": 1975, ""target_id"": ""target_8c89c11ddbe99993""}}]"
orphan_e9b52942c51c08ae,possible_context_mismatch,review,"Possible format, round, or day mismatch.",MAG D,1839,Austrian Future Cup,2023,Chester Enriquez,IRL,MAG,junior,VT,1,,apparatus,final,5.2,True,1,suggestion_5cdc288b76dc8dac,context_correction,0.65,"Same athlete/event/apparatus exists in the score sheet, but format, round, or day is different.",Austrian Future Cup,2023,Chester Enriquez,IRL,MAG,junior,VT,1,,individual,final,13.75,5.2,MAG,1983,"[{""suggestion_id"": ""suggestion_5cdc288b76dc8dac"", ""suggestion_type"": ""context_correction"", ""confidence"": 0.65, ""message"": ""Same athlete/event/apparatus exists in the score sheet, but format, round, or day is different."", ""action"": ""attach_d_score_to_target_result"", ""changes"": {""format"": {""from"": ""apparatus"", ""to"": ""individual""}, ""round"": {""from"": ""final"", ""to"": ""final""}, ""day"": {""from"": null, ""to"": null}}, ""target_result"": {""event_name"": ""Austrian Future Cup"", ""year"": 2023, ""athlete_name"": ""Chester Enriquez"", ""country"": ""IRL"", ""discipline"": ""MAG"", ""category"": ""junior"", ""apparatus"": ""VT"", ""vt_attempt"": 1, ""day"": null, ""format"": ""individual"", ""round"": ""final"", ""score"": 13.75, ""D_score"": 5.2, ""vault_attempt_order_uncertain"": true, ""source_sheet"": ""MAG"", ""source_row"": 1983, ""target_id"": ""target_9c2e16cc998a5093""}}]"
orphan_51fda9098c6bb02c,possible_context_mismatch,review,"Possible format, round, or day mismatch.",MAG D,1839,Austrian Future Cup,2023,Chester Enriquez,IRL,MAG,junior,VT,2,,apparatus,final,4.0,True,1,suggestion_852a47a8fc7239af,context_correction,0.65,"Same athlete/event/apparatus exists in the score sheet, but format, round, or day is different.",Austrian Future Cup,2023,Chester Enriquez,IRL,MAG,junior,VT,2,,individual,final,13.25,4.0,MAG,1983,"[{""suggestion_id"": ""suggestion_852a47a8fc7239af"", ""suggestion_type"": ""context_correction"", ""confidence"": 0.65, ""message"": ""Same athlete/event/apparatus exists in the score sheet, but format, round, or day is different."", ""action"": ""attach_d_score_to_target_result"", ""changes"": {""format"": {""from"": ""apparatus"", ""to"": ""individual""}, ""round"": {""from"": ""final"", ""to"": ""final""}, ""day"": {""from"": null, ""to"": null}}, ""target_result"": {""event_name"": ""Austrian Future Cup"", ""year"": 2023, ""athlete_name"": ""Chester Enriquez"", ""country"": ""IRL"", ""discipline"": ""MAG"", ""category"": ""junior"", ""apparatus"": ""VT"", ""vt_attempt"": 2, ""day"": null, ""format"": ""individual"", ""round"": ""final"", ""score"": 13.25, ""D_score"": 4.0, ""vault_attempt_order_uncertain"": true, ""source_sheet"": ""MAG"", ""source_row"": 1983, ""target_id"": ""target_a84df7875d4f54f1""}}]"
orphan_8ed6925eb705a6a1,missing_final_score_for_context,review,"The athlete/event exists, but not this apparatus/context.",MAG D,1936,British Championships,2023,Codi Hurd,GBR,MAG,junior,VT,2,,individual,final,3.2,True,0,,,,,,,,,,,,,,,,,,,,[]
orphan_cc64573dfdf22ee9,athlete_missing_in_score_sheet,review,"The event/apparatus/context exists, but this athlete is missing in the score sheet.",MAG D,1941,Swiss Championships,2023,Colin Jaden Schmid,SUI,MAG,junior,FX,,,individual,final,3.8,False,0,,,,,,,,,,,,,,,,,,,,[]
orphan_c5a0ccd939a1d02d,possible_event_name_mismatch,review,Possible event-name mismatch between the D sheet and the score sheet.,MAG D,1941,Swiss Championships,2023,Colin Jaden Schmid,SUI,MAG,junior,HB,,,individual,final,3.7,False,1,suggestion_2db6c8b19115e262,event_name_correction,0.884,D-score event 'Swiss Championships' may match score-sheet event 'Swiss Team Championships'.,Swiss Team Championships,2023,Colin Jaden Schmid,SUI,MAG,junior,HB,,,individual,final,10.9,3.7,MAG,2093,"[{""suggestion_id"": ""suggestion_2db6c8b19115e262"", ""suggestion_type"": ""event_name_correction"", ""confidence"": 0.884, ""message"": ""D-score event 'Swiss Championships' may match score-sheet event 'Swiss Team Championships'."", ""action"": ""attach_d_score_to_target_result"", ""changes"": {""event_name"": {""from"": ""Swiss Championships"", ""to"": ""Swiss Team Championships""}}, ""target_result"": {""event_name"": ""Swiss Team Championships"", ""year"": 2023, ""athlete_name"": ""Colin Jaden Schmid"", ""country"": ""SUI"", ""discipline"": ""MAG"", ""category"": ""junior"", ""apparatus"": ""HB"", ""vt_attempt"": null, ""day"": null, ""format"": ""individual"", ""round"": ""final"", ""score"": 10.9, ""D_score"": 3.7, ""vault_attempt_order_uncertain"": false, ""source_sheet"": ""MAG"", ""source_row"": 2093, ""target_id"": ""target_5eb8ab3ab65f056c""}}]"
orphan_e5e2ab158ccf4443,athlete_missing_in_score_sheet,review,"The event/apparatus/context exists, but this athlete is missing in the score sheet.",MAG D,1941,Swiss Championships,2023,Colin Jaden Schmid,SUI,MAG,junior,PB,,,individual,final,3.4,False,0,,,,,,,,,,,,,,,,,,,,[]
orphan_acb3a5916e0af443,possible_event_name_mismatch,review,Possible event-name mismatch between the D sheet and the score sheet.,MAG D,1941,Swiss Championships,2023,Colin Jaden Schmid,SUI,MAG,junior,PH,,,individual,final,3.1,False,1,suggestion_d6406c1a633d26f0,event_name_correction,0.884,D-score event 'Swiss Championships' may match score-sheet event 'Swiss Team Championships'.,Swiss Team Championships,2023,Colin Jaden Schmid,SUI,MAG,junior,PH,,,individual,final,10.666,3.3,MAG,2093,"[{""suggestion_id"": ""suggestion_d6406c1a633d26f0"", ""suggestion_type"": ""event_name_correction"", ""confidence"": 0.884, ""message"": ""D-score event 'Swiss Championships' may match score-sheet event 'Swiss Team Championships'."", ""action"": ""attach_d_score_to_target_result"", ""changes"": {""event_name"": {""from"": ""Swiss Championships"", ""to"": ""Swiss Team Championships""}}, ""target_result"": {""event_name"": ""Swiss Team Championships"", ""year"": 2023, ""athlete_name"": ""Colin Jaden Schmid"", ""country"": ""SUI"", ""discipline"": ""MAG"", ""category"": ""junior"", ""apparatus"": ""PH"", ""vt_attempt"": null, ""day"": null, ""format"": ""individual"", ""round"": ""final"", ""score"": 10.666, ""D_score"": 3.3, ""vault_attempt_order_uncertain"": false, ""source_sheet"": ""MAG"", ""source_row"": 2093, ""target_id"": ""target_48996c0aa4a00e42""}}]"
orphan_f45444e141fa8ee3,possible_event_name_mismatch,review,Possible event-name mismatch between the D sheet and the score sheet.,MAG D,1941,Swiss Championships,2023,Colin Jaden Schmid,SUI,MAG,junior,SR,,,individual,final,3.0,False,1,suggestion_1f1066484029a33d,event_name_correction,0.884,D-score event 'Swiss Championships' may match score-sheet event 'Swiss Team Championships'.,Swiss Team Championships,2023,Colin Jaden Schmid,SUI,MAG,junior,SR,,,individual,final,11.6,3.1,MAG,2093,"[{""suggestion_id"": ""suggestion_1f1066484029a33d"", ""suggestion_type"": ""event_name_correction"", ""confidence"": 0.884, ""message"": ""D-score event 'Swiss Championships' may match score-sheet event 'Swiss Team Championships'."", ""action"": ""attach_d_score_to_target_result"", ""changes"": {""event_name"": {""from"": ""Swiss Championships"", ""to"": ""Swiss Team Championships""}}, ""target_result"": {""event_name"": ""Swiss Team Championships"", ""year"": 2023, ""athlete_name"": ""Colin Jaden Schmid"", ""country"": ""SUI"", ""discipline"": ""MAG"", ""category"": ""junior"", ""apparatus"": ""SR"", ""vt_attempt"": null, ""day"": null, ""format"": ""individual"", ""round"": ""final"", ""score"": 11.6, ""D_score"": 3.1, ""vault_attempt_order_uncertain"": false, ""source_sheet"": ""MAG"", ""source_row"": 2093, ""target_id"": ""target_ae0899341808c39e""}}]"
orphan_e4b8b132cf70445a,possible_event_name_mismatch,review,Possible event-name mismatch between the D sheet and the score sheet.,MAG D,1941,Swiss Championships,2023,Colin Jaden Schmid,SUI,MAG,junior,VT,1,,individual,final,3.2,True,1,suggestion_d1b505912e0cf161,event_name_correction,0.884,D-score event 'Swiss Championships' may match score-sheet event 'Swiss Team Championships'.,Swiss Team Championships,2023,Colin Jaden Schmid,SUI,MAG,junior,VT,1,,individual,final,11.55,2.8,MAG,2093,"[{""suggestion_id"": ""suggestion_d1b505912e0cf161"", ""suggestion_type"": ""event_name_correction"", ""confidence"": 0.884, ""message"": ""D-score event 'Swiss Championships' may match score-sheet event 'Swiss Team Championships'."", ""action"": ""attach_d_score_to_target_result"", ""changes"": {""event_name"": {""from"": ""Swiss Championships"", ""to"": ""Swiss Team Championships""}}, ""target_result"": {""event_name"": ""Swiss Team Championships"", ""year"": 2023, ""athlete_name"": ""Colin Jaden Schmid"", ""country"": ""SUI"", ""discipline"": ""MAG"", ""category"": ""junior"", ""apparatus"": ""VT"", ""vt_attempt"": 1, ""day"": null, ""format"": ""individual"", ""round"": ""final"", ""score"": 11.55, ""D_score"": 2.8, ""vault_attempt_order_uncertain"": true, ""source_sheet"": ""MAG"", ""source_row"": 2093, ""target_id"": ""target_e46883c3b7e0029e""}}]"
orphan_50e960c96431b20a,possible_context_mismatch,review,"Possible format, round, or day mismatch.",MAG D,1961,British Championships,2023,Connor Sullivan,GBR,MAG,junior,VT,2,,individual,final,4.0,True,1,suggestion_69d85dd3c3f38595,context_correction,0.65,"Same athlete/event/apparatus exists in the score sheet, but format, round, or day is different.",British Championships,2023,Connor Sullivan,GBR,MAG,junior,VT,2,,apparatus,final,13.2,4.0,MAG,2115,"[{""suggestion_id"": ""suggestion_69d85dd3c3f38595"", ""suggestion_type"": ""context_correction"", ""confidence"": 0.65, ""message"": ""Same athlete/event/apparatus exists in the score sheet, but format, round, or day is different."", ""action"": ""attach_d_score_to_target_result"", ""changes"": {""format"": {""from"": ""individual"", ""to"": ""apparatus""}, ""round"": {""from"": ""final"", ""to"": ""final""}, ""day"": {""from"": null, ""to"": null}}, ""target_result"": {""event_name"": ""British Championships"", ""year"": 2023, ""athlete_name"": ""Connor Sullivan"", ""country"": ""GBR"", ""discipline"": ""MAG"", ""category"": ""junior"", ""apparatus"": ""VT"", ""vt_attempt"": 2, ""day"": null, ""format"": ""apparatus"", ""round"": ""final"", ""score"": 13.2, ""D_score"": 4.0, ""vault_attempt_order_uncertain"": true, ""source_sheet"": ""MAG"", ""source_row"": 2115, ""target_id"": ""target_f04393bfafb1f2e2""}}]"
orphan_41ee600b13ad7f74,athlete_missing_in_score_sheet,review,"The event/apparatus/context exists, but this athlete is missing in the score sheet.",MAG D,2065,Swiss Championships,2023,Damiano Ponzio,SUI,MAG,junior,FX,,,individual,final,3.8,False,0,,,,,,,,,,,,,,,,,,,,[]
orphan_6b1b895346cf6251,possible_event_name_mismatch,review,Possible event-name mismatch between the D sheet and the score sheet.,MAG D,2065,Swiss Championships,2023,Damiano Ponzio,SUI,MAG,junior,HB,,,individual,final,4.0,False,1,suggestion_dab9cabf8ee6e4b1,event_name_correction,0.884,D-score event 'Swiss Championships' may match score-sheet event 'Swiss Team Championships'.,Swiss Team Championships,2023,Damiano Ponzio,SUI,MAG,junior,HB,,,individual,final,12.333,4.4,MAG,2226,"[{""suggestion_id"": ""suggestion_dab9cabf8ee6e4b1"", ""suggestion_type"": ""event_name_correction"", ""confidence"": 0.884, ""message"": ""D-score event 'Swiss Championships' may match score-sheet event 'Swiss Team Championships'."", ""action"": ""attach_d_score_to_target_result"", ""changes"": {""event_name"": {""from"": ""Swiss Championships"", ""to"": ""Swiss Team Championships""}}, ""target_result"": {""event_name"": ""Swiss Team Championships"", ""year"": 2023, ""athlete_name"": ""Damiano Ponzio"", ""country"": ""SUI"", ""discipline"": ""MAG"", ""category"": ""junior"", ""apparatus"": ""HB"", ""vt_attempt"": null, ""day"": null, ""format"": ""individual"", ""round"": ""final"", ""score"": 12.333, ""D_score"": 4.4, ""vault_attempt_order_uncertain"": false, ""source_sheet"": ""MAG"", ""source_row"": 2226, ""target_id"": ""target_6fa06f9d2252a75c""}}]"
orphan_07d51f4eac87fe5d,possible_event_name_mismatch,review,Possible event-name mismatch between the D sheet and the score sheet.,MAG D,2065,Swiss Championships,2023,Damiano Ponzio,SUI,MAG,junior,PB,,,individual,final,4.3,False,1,suggestion_4442bb2d8774a1c7,event_name_correction,0.884,D-score event 'Swiss Championships' may match score-sheet event 'Swiss Team Championships'.,Swiss Team Championships,2023,Damiano Ponzio,SUI,MAG,junior,PB,,,individual,final,12.933,4.3,MAG,2226,"[{""suggestion_id"": ""suggestion_4442bb2d8774a1c7"", ""suggestion_type"": ""event_name_correction"", ""confidence"": 0.884, ""message"": ""D-score event 'Swiss Championships' may match score-sheet event 'Swiss Team Championships'."", ""action"": ""attach_d_score_to_target_result"", ""changes"": {""event_name"": {""from"": ""Swiss Championships"", ""to"": ""Swiss Team Championships""}}, ""target_result"": {""event_name"": ""Swiss Team Championships"", ""year"": 2023, ""athlete_name"": ""Damiano Ponzio"", ""country"": ""SUI"", ""discipline"": ""MAG"", ""category"": ""junior"", ""apparatus"": ""PB"", ""vt_attempt"": null, ""day"": null, ""format"": ""individual"", ""round"": ""final"", ""score"": 12.933, ""D_score"": 4.3, ""vault_attempt_order_uncertain"": false, ""source_sheet"": ""MAG"", ""source_row"": 2226, ""target_id"": ""target_11ad1cb368019e41""}}]"
orphan_7ecee2c0cb1c5901,possible_event_name_mismatch,review,Possible event-name mismatch between the D sheet and the score sheet.,MAG D,2065,Swiss Championships,2023,Damiano Ponzio,SUI,MAG,junior,PH,,,individual,final,3.4,False,1,suggestion_b8d3e840071d7016,event_name_correction,0.884,D-score event 'Swiss Championships' may match score-sheet event 'Swiss Team Championships'.,Swiss Team Championships,2023,Damiano Ponzio,SUI,MAG,junior,PH,,,individual,final,11.433,3.2,MAG,2226,"[{""suggestion_id"": ""suggestion_b8d3e840071d7016"", ""suggestion_type"": ""event_name_correction"", ""confidence"": 0.884, ""message"": ""D-score event 'Swiss Championships' may match score-sheet event 'Swiss Team Championships'."", ""action"": ""attach_d_score_to_target_result"", ""changes"": {""event_name"": {""from"": ""Swiss Championships"", ""to"": ""Swiss Team Championships""}}, ""target_result"": {""event_name"": ""Swiss Team Championships"", ""year"": 2023, ""athlete_name"": ""Damiano Ponzio"", ""country"": ""SUI"", ""discipline"": ""MAG"", ""category"": ""junior"", ""apparatus"": ""PH"", ""vt_attempt"": null, ""day"": null, ""format"": ""individual"", ""round"": ""final"", ""score"": 11.433, ""D_score"": 3.2, ""vault_attempt_order_uncertain"": false, ""source_sheet"": ""MAG"", ""source_row"": 2226, ""target_id"": ""target_105a05e92e3840a9""}}]"
orphan_a52a00d508184d6a,possible_event_name_mismatch,review,Possible event-name mismatch between the D sheet and the score sheet.,MAG D,2065,Swiss Championships,2023,Damiano Ponzio,SUI,MAG,junior,SR,,,individual,final,4.0,False,1,suggestion_c21d32fd61b82fcf,event_name_correction,0.884,D-score event 'Swiss Championships' may match score-sheet event 'Swiss Team Championships'.,Swiss Team Championships,2023,Damiano Ponzio,SUI,MAG,junior,SR,,,individual,final,12.433,3.9,MAG,2226,"[{""suggestion_id"": ""suggestion_c21d32fd61b82fcf"", ""suggestion_type"": ""event_name_correction"", ""confidence"": 0.884, ""message"": ""D-score event 'Swiss Championships' may match score-sheet event 'Swiss Team Championships'."", ""action"": ""attach_d_score_to_target_result"", ""changes"": {""event_name"": {""from"": ""Swiss Championships"", ""to"": ""Swiss Team Championships""}}, ""target_result"": {""event_name"": ""Swiss Team Championships"", ""year"": 2023, ""athlete_name"": ""Damiano Ponzio"", ""country"": ""SUI"", ""discipline"": ""MAG"", ""category"": ""junior"", ""apparatus"": ""SR"", ""vt_attempt"": null, ""day"": null, ""format"": ""individual"", ""round"": ""final"", ""score"": 12.433, ""D_score"": 3.9, ""vault_attempt_order_uncertain"": false, ""source_sheet"": ""MAG"", ""source_row"": 2226, ""target_id"": ""target_c509b5157533d068""}}]"
orphan_0502a5cf6d02209b,athlete_missing_in_score_sheet,review,"The event/apparatus/context exists, but this athlete is missing in the score sheet.",MAG D,2065,Swiss Championships,2023,Damiano Ponzio,SUI,MAG,junior,VT,1,,individual,final,4.0,True,0,,,,,,,,,,,,,,,,,,,,[]
orphan_fe9f26062fb68a34,missing_score_sheet_context,review,No matching final-score result is available in the score sheet.,MAG D,2066,Swiss Championships,2023,Damiano Ponzio,SUI,MAG,junior,HB,,,apparatus,final,4.0,False,0,,,,,,,,,,,,,,,,,,,,[]
orphan_7359bd5c79412bff,missing_score_sheet_context,review,No matching final-score result is available in the score sheet.,MAG D,2066,Swiss Championships,2023,Damiano Ponzio,SUI,MAG,junior,PB,,,apparatus,final,4.3,False,0,,,,,,,,,,,,,,,,,,,,[]
orphan_341b94defba4c4e3,possible_context_mismatch,review,"Possible format, round, or day mismatch.",MAG D,2085,Austrian Future Cup,2023,Dani Scheper,NED,MAG,junior,VT,1,,apparatus,final,4.0,True,1,suggestion_7e85936283f2ab07,context_correction,0.65,"Same athlete/event/apparatus exists in the score sheet, but format, round, or day is different.",Austrian Future Cup,2023,Dani Scheper,NED,MAG,junior,VT,1,,individual,final,13.15,4.0,MAG,2244,"[{""suggestion_id"": ""suggestion_7e85936283f2ab07"", ""suggestion_type"": ""context_correction"", ""confidence"": 0.65, ""message"": ""Same athlete/event/apparatus exists in the score sheet, but format, round, or day is different."", ""action"": ""attach_d_score_to_target_result"", ""changes"": {""format"": {""from"": ""apparatus"", ""to"": ""individual""}, ""round"": {""from"": ""final"", ""to"": ""final""}, ""day"": {""from"": null, ""to"": null}}, ""target_result"": {""event_name"": ""Austrian Future Cup"", ""year"": 2023, ""athlete_name"": ""Dani Scheper"", ""country"": ""NED"", ""discipline"": ""MAG"", ""category"": ""junior"", ""apparatus"": ""VT"", ""vt_attempt"": 1, ""day"": null, ""format"": ""individual"", ""round"": ""final"", ""score"": 13.15, ""D_score"": 4.0, ""vault_attempt_order_uncertain"": true, ""source_sheet"": ""MAG"", ""source_row"": 2244, ""target_id"": ""target_023b0428d7f8a9ac""}}]"
orphan_25a70f0aebbb9742,possible_context_mismatch,review,"Possible format, round, or day mismatch.",MAG D,2085,Austrian Future Cup,2023,Dani Scheper,NED,MAG,junior,VT,2,,apparatus,final,2.8,True,1,suggestion_1c189463b643d04c,context_correction,0.65,"Same athlete/event/apparatus exists in the score sheet, but format, round, or day is different.",Austrian Future Cup,2023,Dani Scheper,NED,MAG,junior,VT,2,,individual,final,11.5,2.4,MAG,2244,"[{""suggestion_id"": ""suggestion_1c189463b643d04c"", ""suggestion_type"": ""context_correction"", ""confidence"": 0.65, ""message"": ""Same athlete/event/apparatus exists in the score sheet, but format, round, or day is different."", ""action"": ""attach_d_score_to_target_result"", ""changes"": {""format"": {""from"": ""apparatus"", ""to"": ""individual""}, ""round"": {""from"": ""final"", ""to"": ""final""}, ""day"": {""from"": null, ""to"": null}}, ""target_result"": {""event_name"": ""Austrian Future Cup"", ""year"": 2023, ""athlete_name"": ""Dani Scheper"", ""country"": ""NED"", ""discipline"": ""MAG"", ""category"": ""junior"", ""apparatus"": ""VT"", ""vt_attempt"": 2, ""day"": null, ""format"": ""individual"", ""round"": ""final"", ""score"": 11.5, ""D_score"": 2.4, ""vault_attempt_order_uncertain"": true, ""source_sheet"": ""MAG"", ""source_row"": 2244, ""target_id"": ""target_308ff00250370468""}}]"
orphan_e720f9e91a31b576,missing_final_score_for_context,review,"The athlete/event exists, but not this apparatus/context.",MAG D,2132,British Championships,2023,Daniel Leighton-Scott,GBR,MAG,junior,VT,2,,individual,final,4.0,True,0,,,,,,,,,,,,,,,,,,,,[]
orphan_a354791d238043ab,athlete_missing_in_score_sheet,review,"The event/apparatus/context exists, but this athlete is missing in the score sheet.",MAG D,2147,1st Bundesliga,2023,Daniel Mousichidis,GER,MAG,senior,FX,,,individual,final,5.6,False,0,,,,,,,,,,,,,,,,,,,,[]
orphan_2add7b3b45515963,athlete_missing_in_score_sheet,review,"The event/apparatus/context exists, but this athlete is missing in the score sheet.",MAG D,2147,1st Bundesliga,2023,Daniel Mousichidis,GER,MAG,senior,HB,,,individual,final,4.9,False,0,,,,,,,,,,,,,,,,,,,,[]
orphan_6ae64be47ca39e2d,athlete_missing_in_score_sheet,review,"The event/apparatus/context exists, but this athlete is missing in the score sheet.",MAG D,2147,1st Bundesliga,2023,Daniel Mousichidis,GER,MAG,senior,PH,,,individual,final,5.2,False,0,,,,,,,,,,,,,,,,,,,,[]
orphan_e3590a38929a7f48,athlete_missing_in_score_sheet,review,"The event/apparatus/context exists, but this athlete is missing in the score sheet.",MAG D,2147,1st Bundesliga,2023,Daniel Mousichidis,GER,MAG,senior,SR,,,individual,final,4.0,False,0,,,,,,,,,,,,,,,,,,,,[]
orphan_11c021358e78b448,athlete_missing_in_score_sheet,review,"The event/apparatus/context exists, but this athlete is missing in the score sheet.",MAG D,2147,1st Bundesliga,2023,Daniel Mousichidis,GER,MAG,senior,VT,1,,individual,final,4.4,True,0,,,,,,,,,,,,,,,,,,,,[]
orphan_810ccc4a956a45f0,missing_final_score_for_context,review,"The athlete/event exists, but not this apparatus/context.",MAG D,2171,British Championships,2023,Daniel Sabba,GBR,MAG,junior,VT,2,,individual,final,2.8,True,0,,,,,,,,,,,,,,,,,,,,[]
orphan_3d55c4cc1cbfd66b,possible_event_name_mismatch,review,Possible event-name mismatch between the D sheet and the score sheet.,MAG D,2251,Swiss Championships,2023,Dany Leimgruber,SUI,MAG,junior,FX,,,individual,final,4.2,False,1,suggestion_81cbf1dcfac58564,event_name_correction,0.884,D-score event 'Swiss Championships' may match score-sheet event 'Swiss Team Championships'.,Swiss Team Championships,2023,Dany Leimgruber,SUI,MAG,junior,FX,,,individual,final,11.0,4.3,MAG,2452,"[{""suggestion_id"": ""suggestion_81cbf1dcfac58564"", ""suggestion_type"": ""event_name_correction"", ""confidence"": 0.884, ""message"": ""D-score event 'Swiss Championships' may match score-sheet event 'Swiss Team Championships'."", ""action"": ""attach_d_score_to_target_result"", ""changes"": {""event_name"": {""from"": ""Swiss Championships"", ""to"": ""Swiss Team Championships""}}, ""target_result"": {""event_name"": ""Swiss Team Championships"", ""year"": 2023, ""athlete_name"": ""Dany Leimgruber"", ""country"": ""SUI"", ""discipline"": ""MAG"", ""category"": ""junior"", ""apparatus"": ""FX"", ""vt_attempt"": null, ""day"": null, ""format"": ""individual"", ""round"": ""final"", ""score"": 11.0, ""D_score"": 4.3, ""vault_attempt_order_uncertain"": false, ""source_sheet"": ""MAG"", ""source_row"": 2452, ""target_id"": ""target_adc6285adf04c379""}}]"
orphan_dbef0aedeca29396,possible_event_name_mismatch,review,Possible event-name mismatch between the D sheet and the score sheet.,MAG D,2251,Swiss Championships,2023,Dany Leimgruber,SUI,MAG,junior,HB,,,individual,final,3.6,False,1,suggestion_4feb2e019b01c833,event_name_correction,0.884,D-score event 'Swiss Championships' may match score-sheet event 'Swiss Team Championships'.,Swiss Team Championships,2023,Dany Leimgruber,SUI,MAG,junior,HB,,,individual,final,10.933,3.7,MAG,2452,"[{""suggestion_id"": ""suggestion_4feb2e019b01c833"", ""suggestion_type"": ""event_name_correction"", ""confidence"": 0.884, ""message"": ""D-score event 'Swiss Championships' may match score-sheet event 'Swiss Team Championships'."", ""action"": ""attach_d_score_to_target_result"", ""changes"": {""event_name"": {""from"": ""Swiss Championships"", ""to"": ""Swiss Team Championships""}}, ""target_result"": {""event_name"": ""Swiss Team Championships"", ""year"": 2023, ""athlete_name"": ""Dany Leimgruber"", ""country"": ""SUI"", ""discipline"": ""MAG"", ""category"": ""junior"", ""apparatus"": ""HB"", ""vt_attempt"": null, ""day"": null, ""format"": ""individual"", ""round"": ""final"", ""score"": 10.933, ""D_score"": 3.7, ""vault_attempt_order_uncertain"": false, ""source_sheet"": ""MAG"", ""source_row"": 2452, ""target_id"": ""target_5a6d000528599505""}}]"
orphan_6c213a749da21289,possible_event_name_mismatch,review,Possible event-name mismatch between the D sheet and the score sheet.,MAG D,2251,Swiss Championships,2023,Dany Leimgruber,SUI,MAG,junior,PB,,,individual,final,3.6,False,1,suggestion_923777cd5d5011ca,event_name_correction,0.884,D-score event 'Swiss Championships' may match score-sheet event 'Swiss Team Championships'.,Swiss Team Championships,2023,Dany Leimgruber,SUI,MAG,junior,PB,,,individual,final,11.733,3.4,MAG,2452,"[{""suggestion_id"": ""suggestion_923777cd5d5011ca"", ""suggestion_type"": ""event_name_correction"", ""confidence"": 0.884, ""message"": ""D-score event 'Swiss Championships' may match score-sheet event 'Swiss Team Championships'."", ""action"": ""attach_d_score_to_target_result"", ""changes"": {""event_name"": {""from"": ""Swiss Championships"", ""to"": ""Swiss Team Championships""}}, ""target_result"": {""event_name"": ""Swiss Team Championships"", ""year"": 2023, ""athlete_name"": ""Dany Leimgruber"", ""country"": ""SUI"", ""discipline"": ""MAG"", ""category"": ""junior"", ""apparatus"": ""PB"", ""vt_attempt"": null, ""day"": null, ""format"": ""individual"", ""round"": ""final"", ""score"": 11.733, ""D_score"": 3.4, ""vault_attempt_order_uncertain"": false, ""source_sheet"": ""MAG"", ""source_row"": 2452, ""target_id"": ""target_3f9afc913c1e11ea""}}]"
orphan_6bc3a9cc197803b9,possible_event_name_mismatch,review,Possible event-name mismatch between the D sheet and the score sheet.,MAG D,2251,Swiss Championships,2023,Dany Leimgruber,SUI,MAG,junior,PH,,,individual,final,3.5,False,1,suggestion_157aad17ad1139b6,event_name_correction,0.884,D-score event 'Swiss Championships' may match score-sheet event 'Swiss Team Championships'.,Swiss Team Championships,2023,Dany Leimgruber,SUI,MAG,junior,PH,,,individual,final,8.766,3.7,MAG,2452,"[{""suggestion_id"": ""suggestion_157aad17ad1139b6"", ""suggestion_type"": ""event_name_correction"", ""confidence"": 0.884, ""message"": ""D-score event 'Swiss Championships' may match score-sheet event 'Swiss Team Championships'."", ""action"": ""attach_d_score_to_target_result"", ""changes"": {""event_name"": {""from"": ""Swiss Championships"", ""to"": ""Swiss Team Championships""}}, ""target_result"": {""event_name"": ""Swiss Team Championships"", ""year"": 2023, ""athlete_name"": ""Dany Leimgruber"", ""country"": ""SUI"", ""discipline"": ""MAG"", ""category"": ""junior"", ""apparatus"": ""PH"", ""vt_attempt"": null, ""day"": null, ""format"": ""individual"", ""round"": ""final"", ""score"": 8.766, ""D_score"": 3.7, ""vault_attempt_order_uncertain"": false, ""source_sheet"": ""MAG"", ""source_row"": 2452, ""target_id"": ""target_34a0d4ef5a4713cf""}}]"
orphan_22d2c8231b9e9f1b,possible_event_name_mismatch,review,Possible event-name mismatch between the D sheet and the score sheet.,MAG D,2251,Swiss Championships,2023,Dany Leimgruber,SUI,MAG,junior,SR,,,individual,final,4.0,False,1,suggestion_bb4337330e541e11,event_name_correction,0.884,D-score event 'Swiss Championships' may match score-sheet event 'Swiss Team Championships'.,Swiss Team Championships,2023,Dany Leimgruber,SUI,MAG,junior,SR,,,individual,final,12.4,3.9,MAG,2452,"[{""suggestion_id"": ""suggestion_bb4337330e541e11"", ""suggestion_type"": ""event_name_correction"", ""confidence"": 0.884, ""message"": ""D-score event 'Swiss Championships' may match score-sheet event 'Swiss Team Championships'."", ""action"": ""attach_d_score_to_target_result"", ""changes"": {""event_name"": {""from"": ""Swiss Championships"", ""to"": ""Swiss Team Championships""}}, ""target_result"": {""event_name"": ""Swiss Team Championships"", ""year"": 2023, ""athlete_name"": ""Dany Leimgruber"", ""country"": ""SUI"", ""discipline"": ""MAG"", ""category"": ""junior"", ""apparatus"": ""SR"", ""vt_attempt"": null, ""day"": null, ""format"": ""individual"", ""round"": ""final"", ""score"": 12.4, ""D_score"": 3.9, ""vault_attempt_order_uncertain"": false, ""source_sheet"": ""MAG"", ""source_row"": 2452, ""target_id"": ""target_c018ad8fc7db3311""}}]"
orphan_41ca9b9797a28f3a,possible_event_name_mismatch,review,Possible event-name mismatch between the D sheet and the score sheet.,MAG D,2251,Swiss Championships,2023,Dany Leimgruber,SUI,MAG,junior,VT,1,,individual,final,4.0,True,1,suggestion_aed84e42dc0b9f7f,event_name_correction,0.884,D-score event 'Swiss Championships' may match score-sheet event 'Swiss Team Championships'.,Swiss Team Championships,2023,Dany Leimgruber,SUI,MAG,junior,VT,1,,individual,final,12.75,4.0,MAG,2452,"[{""suggestion_id"": ""suggestion_aed84e42dc0b9f7f"", ""suggestion_type"": ""event_name_correction"", ""confidence"": 0.884, ""message"": ""D-score event 'Swiss Championships' may match score-sheet event 'Swiss Team Championships'."", ""action"": ""attach_d_score_to_target_result"", ""changes"": {""event_name"": {""from"": ""Swiss Championships"", ""to"": ""Swiss Team Championships""}}, ""target_result"": {""event_name"": ""Swiss Team Championships"", ""year"": 2023, ""athlete_name"": ""Dany Leimgruber"", ""country"": ""SUI"", ""discipline"": ""MAG"", ""category"": ""junior"", ""apparatus"": ""VT"", ""vt_attempt"": 1, ""day"": null, ""format"": ""individual"", ""round"": ""final"", ""score"": 12.75, ""D_score"": 4.0, ""vault_attempt_order_uncertain"": true, ""source_sheet"": ""MAG"", ""source_row"": 2452, ""target_id"": ""target_1cc18ebadf2efa86""}}]"
orphan_44b34a3b0c060a30,missing_score_sheet_context,review,No matching final-score result is available in the score sheet.,MAG D,2252,Swiss Championships,2023,Dany Leimgruber,SUI,MAG,junior,SR,,,apparatus,final,4.0,False,0,,,,,,,,,,,,,,,,,,,,[]
orphan_9ed3002e900b508d,possible_context_mismatch,review,"Possible format, round, or day mismatch.",MAG D,2399,Austrian Future Cup,2023,Denis Skala,GBR,MAG,junior,VT,1,,apparatus,final,4.0,True,1,suggestion_a48755430a97748d,context_correction,0.65,"Same athlete/event/apparatus exists in the score sheet, but format, round, or day is different.",Austrian Future Cup,2023,Denis Skala,GBR,MAG,junior,VT,1,,individual,final,12.85,4.0,MAG,2611,"[{""suggestion_id"": ""suggestion_a48755430a97748d"", ""suggestion_type"": ""context_correction"", ""confidence"": 0.65, ""message"": ""Same athlete/event/apparatus exists in the score sheet, but format, round, or day is different."", ""action"": ""attach_d_score_to_target_result"", ""changes"": {""format"": {""from"": ""apparatus"", ""to"": ""individual""}, ""round"": {""from"": ""final"", ""to"": ""final""}, ""day"": {""from"": null, ""to"": null}}, ""target_result"": {""event_name"": ""Austrian Future Cup"", ""year"": 2023, ""athlete_name"": ""Denis Skala"", ""country"": ""GBR"", ""discipline"": ""MAG"", ""category"": ""junior"", ""apparatus"": ""VT"", ""vt_attempt"": 1, ""day"": null, ""format"": ""individual"", ""round"": ""final"", ""score"": 12.85, ""D_score"": 4.0, ""vault_attempt_order_uncertain"": true, ""source_sheet"": ""MAG"", ""source_row"": 2611, ""target_id"": ""target_6f4af8d5681ba39d""}}]"
orphan_37b1a06d0e82691c,possible_context_mismatch,review,"Possible format, round, or day mismatch.",MAG D,2399,Austrian Future Cup,2023,Denis Skala,GBR,MAG,junior,VT,2,,apparatus,final,3.2,True,1,suggestion_38a99012c0204ce7,context_correction,0.65,"Same athlete/event/apparatus exists in the score sheet, but format, round, or day is different.",Austrian Future Cup,2023,Denis Skala,GBR,MAG,junior,VT,2,,individual,final,12.1,3.2,MAG,2611,"[{""suggestion_id"": ""suggestion_38a99012c0204ce7"", ""suggestion_type"": ""context_correction"", ""confidence"": 0.65, ""message"": ""Same athlete/event/apparatus exists in the score sheet, but format, round, or day is different."", ""action"": ""attach_d_score_to_target_result"", ""changes"": {""format"": {""from"": ""apparatus"", ""to"": ""individual""}, ""round"": {""from"": ""final"", ""to"": ""final""}, ""day"": {""from"": null, ""to"": null}}, ""target_result"": {""event_name"": ""Austrian Future Cup"", ""year"": 2023, ""athlete_name"": ""Denis Skala"", ""country"": ""GBR"", ""discipline"": ""MAG"", ""category"": ""junior"", ""apparatus"": ""VT"", ""vt_attempt"": 2, ""day"": null, ""format"": ""individual"", ""round"": ""final"", ""score"": 12.1, ""D_score"": 3.2, ""vault_attempt_order_uncertain"": true, ""source_sheet"": ""MAG"", ""source_row"": 2611, ""target_id"": ""target_9bb1ac2065359268""}}]"
orphan_f3e9969d2a7cb291,possible_athlete_name_typo,review,Possible athlete-name typo between the D sheet and the score sheet.,MAG D,2400,Minsk Friendly,2023,Denis Starovoytov,BLR,MAG,junior,FX,,,individual,final,4.1,False,1,suggestion_2b32855d800123b8,athlete_name_correction,0.889,D-score athlete 'Denis Starovoytov' probably matches score-sheet athlete 'Dzianis Starovoytov'.,Minsk Friendly,2023,Dzianis Starovoytov,BLR,MAG,junior,FX,,,individual,final,11.9,,MAG,2874,"[{""suggestion_id"": ""suggestion_2b32855d800123b8"", ""suggestion_type"": ""athlete_name_correction"", ""confidence"": 0.889, ""message"": ""D-score athlete 'Denis Starovoytov' probably matches score-sheet athlete 'Dzianis Starovoytov'."", ""action"": ""attach_d_score_to_target_result"", ""changes"": {""athlete_name"": {""from"": ""Denis Starovoytov"", ""to"": ""Dzianis Starovoytov""}}, ""target_result"": {""event_name"": ""Minsk Friendly"", ""year"": 2023, ""athlete_name"": ""Dzianis Starovoytov"", ""country"": ""BLR"", ""discipline"": ""MAG"", ""category"": ""junior"", ""apparatus"": ""FX"", ""vt_attempt"": null, ""day"": null, ""format"": ""individual"", ""round"": ""final"", ""score"": 11.9, ""D_score"": null, ""vault_attempt_order_uncertain"": false, ""source_sheet"": ""MAG"", ""source_row"": 2874, ""target_id"": ""target_ac40b4280ab0684b""}}]"
orphan_3f3571d83a7f53dc,possible_athlete_name_typo,review,Possible athlete-name typo between the D sheet and the score sheet.,MAG D,2400,Minsk Friendly,2023,Denis Starovoytov,BLR,MAG,junior,HB,,,individual,final,3.8,False,1,suggestion_c5aac2fb0e2dd157,athlete_name_correction,0.889,D-score athlete 'Denis Starovoytov' probably matches score-sheet athlete 'Dzianis Starovoytov'.,Minsk Friendly,2023,Dzianis Starovoytov,BLR,MAG,junior,HB,,,individual,final,11.7,,MAG,2874,"[{""suggestion_id"": ""suggestion_c5aac2fb0e2dd157"", ""suggestion_type"": ""athlete_name_correction"", ""confidence"": 0.889, ""message"": ""D-score athlete 'Denis Starovoytov' probably matches score-sheet athlete 'Dzianis Starovoytov'."", ""action"": ""attach_d_score_to_target_result"", ""changes"": {""athlete_name"": {""from"": ""Denis Starovoytov"", ""to"": ""Dzianis Starovoytov""}}, ""target_result"": {""event_name"": ""Minsk Friendly"", ""year"": 2023, ""athlete_name"": ""Dzianis Starovoytov"", ""country"": ""BLR"", ""discipline"": ""MAG"", ""category"": ""junior"", ""apparatus"": ""HB"", ""vt_attempt"": null, ""day"": null, ""format"": ""individual"", ""round"": ""final"", ""score"": 11.7, ""D_score"": null, ""vault_attempt_order_uncertain"": false, ""source_sheet"": ""MAG"", ""source_row"": 2874, ""target_id"": ""target_fb6bacaf810100a3""}}]"
orphan_549e787a53e3bf5f,possible_athlete_name_typo,review,Possible athlete-name typo between the D sheet and the score sheet.,MAG D,2400,Minsk Friendly,2023,Denis Starovoytov,BLR,MAG,junior,PB,,,individual,final,4.2,False,1,suggestion_b60e0992eeea54a8,athlete_name_correction,0.889,D-score athlete 'Denis Starovoytov' probably matches score-sheet athlete 'Dzianis Starovoytov'.,Minsk Friendly,2023,Dzianis Starovoytov,BLR,MAG,junior,PB,,,individual,final,12.0,,MAG,2874,"[{""suggestion_id"": ""suggestion_b60e0992eeea54a8"", ""suggestion_type"": ""athlete_name_correction"", ""confidence"": 0.889, ""message"": ""D-score athlete 'Denis Starovoytov' probably matches score-sheet athlete 'Dzianis Starovoytov'."", ""action"": ""attach_d_score_to_target_result"", ""changes"": {""athlete_name"": {""from"": ""Denis Starovoytov"", ""to"": ""Dzianis Starovoytov""}}, ""target_result"": {""event_name"": ""Minsk Friendly"", ""year"": 2023, ""athlete_name"": ""Dzianis Starovoytov"", ""country"": ""BLR"", ""discipline"": ""MAG"", ""category"": ""junior"", ""apparatus"": ""PB"", ""vt_attempt"": null, ""day"": null, ""format"": ""individual"", ""round"": ""final"", ""score"": 12.0, ""D_score"": null, ""vault_attempt_order_uncertain"": false, ""source_sheet"": ""MAG"", ""source_row"": 2874, ""target_id"": ""target_06218a34f2199960""}}]"
orphan_3053ebb501eb9762,possible_athlete_name_typo,review,Possible athlete-name typo between the D sheet and the score sheet.,MAG D,2400,Minsk Friendly,2023,Denis Starovoytov,BLR,MAG,junior,PH,,,individual,final,4.1,False,1,suggestion_bc44044304a9b429,athlete_name_correction,0.889,D-score athlete 'Denis Starovoytov' probably matches score-sheet athlete 'Dzianis Starovoytov'.,Minsk Friendly,2023,Dzianis Starovoytov,BLR,MAG,junior,PH,,,individual,final,11.7,,MAG,2874,"[{""suggestion_id"": ""suggestion_bc44044304a9b429"", ""suggestion_type"": ""athlete_name_correction"", ""confidence"": 0.889, ""message"": ""D-score athlete 'Denis Starovoytov' probably matches score-sheet athlete 'Dzianis Starovoytov'."", ""action"": ""attach_d_score_to_target_result"", ""changes"": {""athlete_name"": {""from"": ""Denis Starovoytov"", ""to"": ""Dzianis Starovoytov""}}, ""target_result"": {""event_name"": ""Minsk Friendly"", ""year"": 2023, ""athlete_name"": ""Dzianis Starovoytov"", ""country"": ""BLR"", ""discipline"": ""MAG"", ""category"": ""junior"", ""apparatus"": ""PH"", ""vt_attempt"": null, ""day"": null, ""format"": ""individual"", ""round"": ""final"", ""score"": 11.7, ""D_score"": null, ""vault_attempt_order_uncertain"": false, ""source_sheet"": ""MAG"", ""source_row"": 2874, ""target_id"": ""target_16fed94f9aa74c30""}}]"
orphan_e958c04b7438926e,possible_athlete_name_typo,review,Possible athlete-name typo between the D sheet and the score sheet.,MAG D,2400,Minsk Friendly,2023,Denis Starovoytov,BLR,MAG,junior,SR,,,individual,final,3.9,False,1,suggestion_c25913396a50a4bc,athlete_name_correction,0.889,D-score athlete 'Denis Starovoytov' probably matches score-sheet athlete 'Dzianis Starovoytov'.,Minsk Friendly,2023,Dzianis Starovoytov,BLR,MAG,junior,SR,,,individual,final,12.3,,MAG,2874,"[{""suggestion_id"": ""suggestion_c25913396a50a4bc"", ""suggestion_type"": ""athlete_name_correction"", ""confidence"": 0.889, ""message"": ""D-score athlete 'Denis Starovoytov' probably matches score-sheet athlete 'Dzianis Starovoytov'."", ""action"": ""attach_d_score_to_target_result"", ""changes"": {""athlete_name"": {""from"": ""Denis Starovoytov"", ""to"": ""Dzianis Starovoytov""}}, ""target_result"": {""event_name"": ""Minsk Friendly"", ""year"": 2023, ""athlete_name"": ""Dzianis Starovoytov"", ""country"": ""BLR"", ""discipline"": ""MAG"", ""category"": ""junior"", ""apparatus"": ""SR"", ""vt_attempt"": null, ""day"": null, ""format"": ""individual"", ""round"": ""final"", ""score"": 12.3, ""D_score"": null, ""vault_attempt_order_uncertain"": false, ""source_sheet"": ""MAG"", ""source_row"": 2874, ""target_id"": ""target_c7215a004f4dffc5""}}]"
orphan_6113a46f26b6a7b0,possible_athlete_name_typo,review,Possible athlete-name typo between the D sheet and the score sheet.,MAG D,2400,Minsk Friendly,2023,Denis Starovoytov,BLR,MAG,junior,VT,1,,individual,final,3.2,True,1,suggestion_6710a4216e765a44,athlete_name_correction,0.889,D-score athlete 'Denis Starovoytov' probably matches score-sheet athlete 'Dzianis Starovoytov'.,Minsk Friendly,2023,Dzianis Starovoytov,BLR,MAG,junior,VT,1,,individual,final,11.9,,MAG,2874,"[{""suggestion_id"": ""suggestion_6710a4216e765a44"", ""suggestion_type"": ""athlete_name_correction"", ""confidence"": 0.889, ""message"": ""D-score athlete 'Denis Starovoytov' probably matches score-sheet athlete 'Dzianis Starovoytov'."", ""action"": ""attach_d_score_to_target_result"", ""changes"": {""athlete_name"": {""from"": ""Denis Starovoytov"", ""to"": ""Dzianis Starovoytov""}}, ""target_result"": {""event_name"": ""Minsk Friendly"", ""year"": 2023, ""athlete_name"": ""Dzianis Starovoytov"", ""country"": ""BLR"", ""discipline"": ""MAG"", ""category"": ""junior"", ""apparatus"": ""VT"", ""vt_attempt"": 1, ""day"": null, ""format"": ""individual"", ""round"": ""final"", ""score"": 11.9, ""D_score"": null, ""vault_attempt_order_uncertain"": true, ""source_sheet"": ""MAG"", ""source_row"": 2874, ""target_id"": ""target_fb6872f20588fe6c""}}]"
orphan_6118815d173e8a29,athlete_missing_in_score_sheet,review,"The event/apparatus/context exists, but this athlete is missing in the score sheet.",MAG D,2516,Pan American Championships,2023,Diorges Escobar Olmo,CUB,MAG,senior,FX,,,team,final,4.8,False,0,,,,,,,,,,,,,,,,,,,,[]
orphan_b745335f70ac84a2,athlete_missing_in_score_sheet,review,"The event/apparatus/context exists, but this athlete is missing in the score sheet.",MAG D,2516,Pan American Championships,2023,Diorges Escobar Olmo,CUB,MAG,senior,HB,,,team,final,5.6,False,0,,,,,,,,,,,,,,,,,,,,[]
orphan_8193d99575783d21,athlete_missing_in_score_sheet,review,"The event/apparatus/context exists, but this athlete is missing in the score sheet.",MAG D,2516,Pan American Championships,2023,Diorges Escobar Olmo,CUB,MAG,senior,PB,,,team,final,5.2,False,0,,,,,,,,,,,,,,,,,,,,[]
orphan_f84d611b8f7146d0,athlete_missing_in_score_sheet,review,"The event/apparatus/context exists, but this athlete is missing in the score sheet.",MAG D,2516,Pan American Championships,2023,Diorges Escobar Olmo,CUB,MAG,senior,PH,,,team,final,4.5,False,0,,,,,,,,,,,,,,,,,,,,[]
orphan_13ebd85263b4a97a,athlete_missing_in_score_sheet,review,"The event/apparatus/context exists, but this athlete is missing in the score sheet.",MAG D,2516,Pan American Championships,2023,Diorges Escobar Olmo,CUB,MAG,senior,VT,1,,team,final,4.8,True,0,,,,,,,,,,,,,,,,,,,,[]
orphan_9e296fa7bbf52e37,athlete_missing_in_score_sheet,review,"The event/apparatus/context exists, but this athlete is missing in the score sheet.",MAG D,2517,Pan American Championships,2023,Diorges Escobar Olmo,CUB,MAG,senior,FX,,,individual,final,5.9,False,0,,,,,,,,,,,,,,,,,,,,[]
orphan_d2aac6184c4cdeaf,athlete_missing_in_score_sheet,review,"The event/apparatus/context exists, but this athlete is missing in the score sheet.",MAG D,2517,Pan American Championships,2023,Diorges Escobar Olmo,CUB,MAG,senior,HB,,,individual,final,5.1,False,0,,,,,,,,,,,,,,,,,,,,[]
orphan_8a2d60e37697e99c,athlete_missing_in_score_sheet,review,"The event/apparatus/context exists, but this athlete is missing in the score sheet.",MAG D,2517,Pan American Championships,2023,Diorges Escobar Olmo,CUB,MAG,senior,PB,,,individual,final,5.2,False,0,,,,,,,,,,,,,,,,,,,,[]
orphan_fe7e9ab0daf9bf24,athlete_missing_in_score_sheet,review,"The event/apparatus/context exists, but this athlete is missing in the score sheet.",MAG D,2517,Pan American Championships,2023,Diorges Escobar Olmo,CUB,MAG,senior,PH,,,individual,final,5.0,False,0,,,,,,,,,,,,,,,,,,,,[]
orphan_ce3c3e89a5ba2805,athlete_missing_in_score_sheet,review,"The event/apparatus/context exists, but this athlete is missing in the score sheet.",MAG D,2517,Pan American Championships,2023,Diorges Escobar Olmo,CUB,MAG,senior,SR,,,individual,final,4.2,False,0,,,,,,,,,,,,,,,,,,,,[]
orphan_fbd0ff46e12534e5,athlete_missing_in_score_sheet,review,"The event/apparatus/context exists, but this athlete is missing in the score sheet.",MAG D,2517,Pan American Championships,2023,Diorges Escobar Olmo,CUB,MAG,senior,VT,1,,individual,final,4.8,True,0,,,,,,,,,,,,,,,,,,,,[]
orphan_40e90620f849bf14,possible_context_mismatch,review,"Possible format, round, or day mismatch.",MAG D,2614,Chinese Championships,2023,Du Zhenyu,CHN,MAG,senior,VT,2,,individual,qualification,5.2,True,1,suggestion_8f5488d299458d8e,context_correction,0.65,"Same athlete/event/apparatus exists in the score sheet, but format, round, or day is different.",Chinese Championships,2023,Du Zhenyu,CHN,MAG,senior,VT,2,,apparatus,final,13.832,5.2,MAG,2856,"[{""suggestion_id"": ""suggestion_8f5488d299458d8e"", ""suggestion_type"": ""context_correction"", ""confidence"": 0.65, ""message"": ""Same athlete/event/apparatus exists in the score sheet, but format, round, or day is different."", ""action"": ""attach_d_score_to_target_result"", ""changes"": {""format"": {""from"": ""individual"", ""to"": ""apparatus""}, ""round"": {""from"": ""qualification"", ""to"": ""final""}, ""day"": {""from"": null, ""to"": null}}, ""target_result"": {""event_name"": ""Chinese Championships"", ""year"": 2023, ""athlete_name"": ""Du Zhenyu"", ""country"": ""CHN"", ""discipline"": ""MAG"", ""category"": ""senior"", ""apparatus"": ""VT"", ""vt_attempt"": 2, ""day"": null, ""format"": ""apparatus"", ""round"": ""final"", ""score"": 13.832, ""D_score"": 5.2, ""vault_attempt_order_uncertain"": true, ""source_sheet"": ""MAG"", ""source_row"": 2856, ""target_id"": ""target_ccc793e5cd943c00""}}]"
orphan_5572ea63f52e44d1,possible_context_mismatch,review,"Possible format, round, or day mismatch.",MAG D,2698,Austrian Future Cup,2023,Edouard Nadeau,CAN,MAG,junior,VT,1,,apparatus,final,4.0,True,1,suggestion_1ed2ca3c269fc0c1,context_correction,0.65,"Same athlete/event/apparatus exists in the score sheet, but format, round, or day is different.",Austrian Future Cup,2023,Edouard Nadeau,CAN,MAG,junior,VT,1,,individual,final,13.2,4.0,MAG,2943,"[{""suggestion_id"": ""suggestion_1ed2ca3c269fc0c1"", ""suggestion_type"": ""context_correction"", ""confidence"": 0.65, ""message"": ""Same athlete/event/apparatus exists in the score sheet, but format, round, or day is different."", ""action"": ""attach_d_score_to_target_result"", ""changes"": {""format"": {""from"": ""apparatus"", ""to"": ""individual""}, ""round"": {""from"": ""final"", ""to"": ""final""}, ""day"": {""from"": null, ""to"": null}}, ""target_result"": {""event_name"": ""Austrian Future Cup"", ""year"": 2023, ""athlete_name"": ""Edouard Nadeau"", ""country"": ""CAN"", ""discipline"": ""MAG"", ""category"": ""junior"", ""apparatus"": ""VT"", ""vt_attempt"": 1, ""day"": null, ""format"": ""individual"", ""round"": ""final"", ""score"": 13.2, ""D_score"": 4.0, ""vault_attempt_order_uncertain"": true, ""source_sheet"": ""MAG"", ""source_row"": 2943, ""target_id"": ""target_67d8d9423e22a453""}}]"
orphan_1f1cde20b3e10408,possible_context_mismatch,review,"Possible format, round, or day mismatch.",MAG D,2698,Austrian Future Cup,2023,Edouard Nadeau,CAN,MAG,junior,VT,2,,apparatus,final,2.8,True,1,suggestion_5c1566ba30e1d648,context_correction,0.65,"Same athlete/event/apparatus exists in the score sheet, but format, round, or day is different.",Austrian Future Cup,2023,Edouard Nadeau,CAN,MAG,junior,VT,2,,individual,final,11.95,2.8,MAG,2943,"[{""suggestion_id"": ""suggestion_5c1566ba30e1d648"", ""suggestion_type"": ""context_correction"", ""confidence"": 0.65, ""message"": ""Same athlete/event/apparatus exists in the score sheet, but format, round, or day is different."", ""action"": ""attach_d_score_to_target_result"", ""changes"": {""format"": {""from"": ""apparatus"", ""to"": ""individual""}, ""round"": {""from"": ""final"", ""to"": ""final""}, ""day"": {""from"": null, ""to"": null}}, ""target_result"": {""event_name"": ""Austrian Future Cup"", ""year"": 2023, ""athlete_name"": ""Edouard Nadeau"", ""country"": ""CAN"", ""discipline"": ""MAG"", ""category"": ""junior"", ""apparatus"": ""VT"", ""vt_attempt"": 2, ""day"": null, ""format"": ""individual"", ""round"": ""final"", ""score"": 11.95, ""D_score"": 2.8, ""vault_attempt_order_uncertain"": true, ""source_sheet"": ""MAG"", ""source_row"": 2943, ""target_id"": ""target_ec8c25e17584c299""}}]"
orphan_9b87c0129e9b17fe,athlete_missing_in_score_sheet,review,"The event/apparatus/context exists, but this athlete is missing in the score sheet.",MAG D,2706,Brazilian Championships,2023,Eduardo Rodarte,BRA,MAG,senior,FX,,,individual,final,4.0,False,0,,,,,,,,,,,,,,,,,,,,[]
orphan_36295dc303324b3d,athlete_missing_in_score_sheet,review,"The event/apparatus/context exists, but this athlete is missing in the score sheet.",MAG D,2706,Brazilian Championships,2023,Eduardo Rodarte,BRA,MAG,senior,PB,,,individual,final,3.4,False,0,,,,,,,,,,,,,,,,,,,,[]
orphan_af0e08e2bdb3b10b,athlete_missing_in_score_sheet,review,"The event/apparatus/context exists, but this athlete is missing in the score sheet.",MAG D,2706,Brazilian Championships,2023,Eduardo Rodarte,BRA,MAG,senior,PH,,,individual,final,4.4,False,0,,,,,,,,,,,,,,,,,,,,[]
orphan_e073a6e80a20503a,athlete_missing_in_score_sheet,review,"The event/apparatus/context exists, but this athlete is missing in the score sheet.",MAG D,2707,Brazil Trophy,2023,Eduardo Rodarte,BRA,MAG,senior,PB,,,individual,qualification,3.4,False,0,,,,,,,,,,,,,,,,,,,,[]
orphan_a156c59784141ce2,athlete_missing_in_score_sheet,review,"The event/apparatus/context exists, but this athlete is missing in the score sheet.",MAG D,2707,Brazil Trophy,2023,Eduardo Rodarte,BRA,MAG,senior,PH,,,individual,qualification,2.9,False,0,,,,,,,,,,,,,,,,,,,,[]
orphan_f9bf349f7afdf83c,athlete_missing_in_score_sheet,review,"The event/apparatus/context exists, but this athlete is missing in the score sheet.",MAG D,2708,Brazilian Championships,2023,Eduardo Rodarte,BRA,MAG,senior,FX,,,individual,qualification,4.2,False,0,,,,,,,,,,,,,,,,,,,,[]
orphan_aca2826250d88e8d,athlete_missing_in_score_sheet,review,"The event/apparatus/context exists, but this athlete is missing in the score sheet.",MAG D,2708,Brazilian Championships,2023,Eduardo Rodarte,BRA,MAG,senior,PB,,,individual,qualification,3.2,False,0,,,,,,,,,,,,,,,,,,,,[]
orphan_422737863a7b7630,athlete_missing_in_score_sheet,review,"The event/apparatus/context exists, but this athlete is missing in the score sheet.",MAG D,2708,Brazilian Championships,2023,Eduardo Rodarte,BRA,MAG,senior,PH,,,individual,qualification,3.2,False,0,,,,,,,,,,,,,,,,,,,,[]
orphan_dfb41b6bacec8beb,possible_context_mismatch,review,"Possible format, round, or day mismatch.",MAG D,2766,Austrian Future Cup,2023,Eli Pullen,AUS,MAG,junior,VT,1,,apparatus,final,4.8,True,1,suggestion_80e1648dbfa34d66,context_correction,0.65,"Same athlete/event/apparatus exists in the score sheet, but format, round, or day is different.",Austrian Future Cup,2023,Eli Pullen,AUS,MAG,junior,VT,1,,individual,final,13.1,4.8,MAG,3020,"[{""suggestion_id"": ""suggestion_80e1648dbfa34d66"", ""suggestion_type"": ""context_correction"", ""confidence"": 0.65, ""message"": ""Same athlete/event/apparatus exists in the score sheet, but format, round, or day is different."", ""action"": ""attach_d_score_to_target_result"", ""changes"": {""format"": {""from"": ""apparatus"", ""to"": ""individual""}, ""round"": {""from"": ""final"", ""to"": ""final""}, ""day"": {""from"": null, ""to"": null}}, ""target_result"": {""event_name"": ""Austrian Future Cup"", ""year"": 2023, ""athlete_name"": ""Eli Pullen"", ""country"": ""AUS"", ""discipline"": ""MAG"", ""category"": ""junior"", ""apparatus"": ""VT"", ""vt_attempt"": 1, ""day"": null, ""format"": ""individual"", ""round"": ""final"", ""score"": 13.1, ""D_score"": 4.8, ""vault_attempt_order_uncertain"": true, ""source_sheet"": ""MAG"", ""source_row"": 3020, ""target_id"": ""target_dee19016a8ddad9c""}}]"
orphan_0e0c36612a00ba93,possible_context_mismatch,review,"Possible format, round, or day mismatch.",MAG D,2766,Austrian Future Cup,2023,Eli Pullen,AUS,MAG,junior,VT,2,,apparatus,final,4.0,True,1,suggestion_1d085a3578f0d382,context_correction,0.65,"Same athlete/event/apparatus exists in the score sheet, but format, round, or day is different.",Austrian Future Cup,2023,Eli Pullen,AUS,MAG,junior,VT,2,,individual,final,13.3,4.0,MAG,3020,"[{""suggestion_id"": ""suggestion_1d085a3578f0d382"", ""suggestion_type"": ""context_correction"", ""confidence"": 0.65, ""message"": ""Same athlete/event/apparatus exists in the score sheet, but format, round, or day is different."", ""action"": ""attach_d_score_to_target_result"", ""changes"": {""format"": {""from"": ""apparatus"", ""to"": ""individual""}, ""round"": {""from"": ""final"", ""to"": ""final""}, ""day"": {""from"": null, ""to"": null}}, ""target_result"": {""event_name"": ""Austrian Future Cup"", ""year"": 2023, ""athlete_name"": ""Eli Pullen"", ""country"": ""AUS"", ""discipline"": ""MAG"", ""category"": ""junior"", ""apparatus"": ""VT"", ""vt_attempt"": 2, ""day"": null, ""format"": ""individual"", ""round"": ""final"", ""score"": 13.3, ""D_score"": 4.0, ""vault_attempt_order_uncertain"": true, ""source_sheet"": ""MAG"", ""source_row"": 3020, ""target_id"": ""target_b4d6cd03ab9fa228""}}]"
orphan_dbb722ba787c9d1d,missing_final_score_for_context,review,"The athlete/event exists, but not this apparatus/context.",MAG D,2799,Finnish National Team Test,2023,Elias Koski,FIN,MAG,senior,FX,,,individual,final,5.2,False,0,,,,,,,,,,,,,,,,,,,,[]
orphan_9c1d285ca574c283,missing_final_score_for_context,review,"The athlete/event exists, but not this apparatus/context.",MAG D,2835,British Championships,2023,Eliyah McGuinness,GBR,MAG,junior,VT,2,,individual,final,1.6,True,0,,,,,,,,,,,,,,,,,,,,[]
orphan_6a6e3a0073407f74,athlete_missing_in_score_sheet,review,"The event/apparatus/context exists, but this athlete is missing in the score sheet.",MAG D,2963,Brazilian Championships,2023,Erick Domingues,BRA,MAG,senior,FX,,,individual,final,4.1,False,0,,,,,,,,,,,,,,,,,,,,[]
orphan_a81e564bce010519,athlete_missing_in_score_sheet,review,"The event/apparatus/context exists, but this athlete is missing in the score sheet.",MAG D,2963,Brazilian Championships,2023,Erick Domingues,BRA,MAG,senior,HB,,,individual,final,4.0,False,0,,,,,,,,,,,,,,,,,,,,[]
orphan_d881f079cdd0c8f3,athlete_missing_in_score_sheet,review,"The event/apparatus/context exists, but this athlete is missing in the score sheet.",MAG D,2963,Brazilian Championships,2023,Erick Domingues,BRA,MAG,senior,PB,,,individual,final,4.6,False,0,,,,,,,,,,,,,,,,,,,,[]
orphan_0a80feff80b287e5,athlete_missing_in_score_sheet,review,"The event/apparatus/context exists, but this athlete is missing in the score sheet.",MAG D,2963,Brazilian Championships,2023,Erick Domingues,BRA,MAG,senior,PH,,,individual,final,3.9,False,0,,,,,,,,,,,,,,,,,,,,[]
orphan_a843aa68d109aad3,athlete_missing_in_score_sheet,review,"The event/apparatus/context exists, but this athlete is missing in the score sheet.",MAG D,2963,Brazilian Championships,2023,Erick Domingues,BRA,MAG,senior,SR,,,individual,final,4.0,False,0,,,,,,,,,,,,,,,,,,,,[]
orphan_3f2a7eb1aa66beea,athlete_missing_in_score_sheet,review,"The event/apparatus/context exists, but this athlete is missing in the score sheet.",MAG D,2963,Brazilian Championships,2023,Erick Domingues,BRA,MAG,senior,VT,1,,individual,final,4.0,True,0,,,,,,,,,,,,,,,,,,,,[]
orphan_f9888708d438e03e,athlete_missing_in_score_sheet,review,"The event/apparatus/context exists, but this athlete is missing in the score sheet.",MAG D,2964,Brazilian Championships,2023,Erick Domingues,BRA,MAG,senior,FX,,,individual,qualification,4.1,False,0,,,,,,,,,,,,,,,,,,,,[]
orphan_30295409c85ce167,athlete_missing_in_score_sheet,review,"The event/apparatus/context exists, but this athlete is missing in the score sheet.",MAG D,2964,Brazilian Championships,2023,Erick Domingues,BRA,MAG,senior,HB,,,individual,qualification,4.0,False,0,,,,,,,,,,,,,,,,,,,,[]
orphan_b481a20d417fb91e,athlete_missing_in_score_sheet,review,"The event/apparatus/context exists, but this athlete is missing in the score sheet.",MAG D,2964,Brazilian Championships,2023,Erick Domingues,BRA,MAG,senior,PB,,,individual,qualification,4.4,False,0,,,,,,,,,,,,,,,,,,,,[]
orphan_4c3475029857a473,athlete_missing_in_score_sheet,review,"The event/apparatus/context exists, but this athlete is missing in the score sheet.",MAG D,2964,Brazilian Championships,2023,Erick Domingues,BRA,MAG,senior,PH,,,individual,qualification,3.5,False,0,,,,,,,,,,,,,,,,,,,,[]
orphan_03e58d094c16087f,athlete_missing_in_score_sheet,review,"The event/apparatus/context exists, but this athlete is missing in the score sheet.",MAG D,2964,Brazilian Championships,2023,Erick Domingues,BRA,MAG,senior,SR,,,individual,qualification,4.2,False,0,,,,,,,,,,,,,,,,,,,,[]
orphan_b833b0312a3c44e1,athlete_missing_in_score_sheet,review,"The event/apparatus/context exists, but this athlete is missing in the score sheet.",MAG D,2964,Brazilian Championships,2023,Erick Domingues,BRA,MAG,senior,VT,1,,individual,qualification,4.0,True,0,,,,,,,,,,,,,,,,,,,,[]
orphan_aa8914f1c3020a29,missing_final_score_for_context,review,"The athlete/event exists, but not this apparatus/context.",MAG D,3007,British Championships,2023,Ethan Murphy,GBR,MAG,junior,VT,2,,individual,final,1.6,True,0,,,,,,,,,,,,,,,,,,,,[]
orphan_6ff63a6641bafe83,athlete_missing_in_score_sheet,review,"The event/apparatus/context exists, but this athlete is missing in the score sheet.",MAG D,3124,Top 12 Finals,2023,Felix Blaquiere,FRA,MAG,senior,FX,,,individual,final,5.6,False,0,,,,,,,,,,,,,,,,,,,,[]
orphan_3ab44986919942e9,athlete_missing_in_score_sheet,review,"The event/apparatus/context exists, but this athlete is missing in the score sheet.",MAG D,3124,Top 12 Finals,2023,Felix Blaquiere,FRA,MAG,senior,SR,,,individual,final,5.2,False,0,,,,,,,,,,,,,,,,,,,,[]
orphan_629fa644ebc92afb,missing_final_score_for_context,review,"The athlete/event exists, but not this apparatus/context.",MAG D,3180,Top 12 Finals,2023,Ferhat Arican,TUR,MAG,senior,VT,1,,individual,final,5.2,True,0,,,,,,,,,,,,,,,,,,,,[]
orphan_07f337cb54f39f13,athlete_missing_in_score_sheet,review,"The event/apparatus/context exists, but this athlete is missing in the score sheet.",MAG D,3277,Swiss Championships,2023,Florian Keller,SUI,MAG,junior,FX,,,individual,final,4.3,False,0,,,,,,,,,,,,,,,,,,,,[]
orphan_e772c369532ddc40,athlete_missing_in_score_sheet,review,"The event/apparatus/context exists, but this athlete is missing in the score sheet.",MAG D,3277,Swiss Championships,2023,Florian Keller,SUI,MAG,junior,HB,,,individual,final,3.7,False,0,,,,,,,,,,,,,,,,,,,,[]
orphan_777f1784a5fc86af,athlete_missing_in_score_sheet,review,"The event/apparatus/context exists, but this athlete is missing in the score sheet.",MAG D,3277,Swiss Championships,2023,Florian Keller,SUI,MAG,junior,PB,,,individual,final,3.6,False,0,,,,,,,,,,,,,,,,,,,,[]
orphan_0fbca5a602fd9122,athlete_missing_in_score_sheet,review,"The event/apparatus/context exists, but this athlete is missing in the score sheet.",MAG D,3277,Swiss Championships,2023,Florian Keller,SUI,MAG,junior,PH,,,individual,final,4.0,False,0,,,,,,,,,,,,,,,,,,,,[]
orphan_47d1d2fc842e2201,athlete_missing_in_score_sheet,review,"The event/apparatus/context exists, but this athlete is missing in the score sheet.",MAG D,3277,Swiss Championships,2023,Florian Keller,SUI,MAG,junior,SR,,,individual,final,3.9,False,0,,,,,,,,,,,,,,,,,,,,[]
orphan_3a9bf666d761440f,athlete_missing_in_score_sheet,review,"The event/apparatus/context exists, but this athlete is missing in the score sheet.",MAG D,3277,Swiss Championships,2023,Florian Keller,SUI,MAG,junior,VT,1,,individual,final,4.0,True,0,,,,,,,,,,,,,,,,,,,,[]
orphan_02e341752fdf1540,missing_score_sheet_context,review,No matching final-score result is available in the score sheet.,MAG D,3278,Swiss Championships,2023,Florian Keller,SUI,MAG,junior,PH,,,apparatus,final,3.6,False,0,,,,,,,,,,,,,,,,,,,,[]
orphan_bcc889be7fb7cb7d,missing_final_score_for_context,review,"The athlete/event exists, but not this apparatus/context.",MAG D,3294,Swiss Cup,2023,Florian Langenegger,SUI,MAG,senior,VT,1,,individual,qualification,5.2,True,0,,,,,,,,,,,,,,,,,,,,[]
orphan_b52244a3ecb428ce,missing_final_score_for_context,review,"The athlete/event exists, but not this apparatus/context.",MAG D,3294,Swiss Cup,2023,Florian Langenegger,SUI,MAG,senior,VT,2,,individual,qualification,4.8,True,0,,,,,,,,,,,,,,,,,,,,[]
orphan_b268662efab78fd9,possible_athlete_name_typo,review,Possible athlete-name typo between the D sheet and the score sheet.,MAG D,3651,Scottish Championships,2023,Gregor Harps,GBR,MAG,junior,FX,,,individual,final,4.2,False,1,suggestion_97bdee85ab1ec7c8,athlete_name_correction,0.917,D-score athlete 'Gregor Harps' probably matches score-sheet athlete 'Gregor Happs'.,Scottish Championships,2023,Gregor Happs,GBR,MAG,junior,FX,,,individual,final,12.65,,MAG,3959,"[{""suggestion_id"": ""suggestion_97bdee85ab1ec7c8"", ""suggestion_type"": ""athlete_name_correction"", ""confidence"": 0.917, ""message"": ""D-score athlete 'Gregor Harps' probably matches score-sheet athlete 'Gregor Happs'."", ""action"": ""attach_d_score_to_target_result"", ""changes"": {""athlete_name"": {""from"": ""Gregor Harps"", ""to"": ""Gregor Happs""}}, ""target_result"": {""event_name"": ""Scottish Championships"", ""year"": 2023, ""athlete_name"": ""Gregor Happs"", ""country"": ""GBR"", ""discipline"": ""MAG"", ""category"": ""junior"", ""apparatus"": ""FX"", ""vt_attempt"": null, ""day"": null, ""format"": ""individual"", ""round"": ""final"", ""score"": 12.65, ""D_score"": null, ""vault_attempt_order_uncertain"": false, ""source_sheet"": ""MAG"", ""source_row"": 3959, ""target_id"": ""target_c5bd66954341158b""}}]"
orphan_6a774c4170e59aed,possible_athlete_name_typo,review,Possible athlete-name typo between the D sheet and the score sheet.,MAG D,3651,Scottish Championships,2023,Gregor Harps,GBR,MAG,junior,HB,,,individual,final,2.2,False,1,suggestion_7134a34f52a70003,athlete_name_correction,0.917,D-score athlete 'Gregor Harps' probably matches score-sheet athlete 'Gregor Happs'.,Scottish Championships,2023,Gregor Happs,GBR,MAG,junior,HB,,,individual,final,11.2,,MAG,3959,"[{""suggestion_id"": ""suggestion_7134a34f52a70003"", ""suggestion_type"": ""athlete_name_correction"", ""confidence"": 0.917, ""message"": ""D-score athlete 'Gregor Harps' probably matches score-sheet athlete 'Gregor Happs'."", ""action"": ""attach_d_score_to_target_result"", ""changes"": {""athlete_name"": {""from"": ""Gregor Harps"", ""to"": ""Gregor Happs""}}, ""target_result"": {""event_name"": ""Scottish Championships"", ""year"": 2023, ""athlete_name"": ""Gregor Happs"", ""country"": ""GBR"", ""discipline"": ""MAG"", ""category"": ""junior"", ""apparatus"": ""HB"", ""vt_attempt"": null, ""day"": null, ""format"": ""individual"", ""round"": ""final"", ""score"": 11.2, ""D_score"": null, ""vault_attempt_order_uncertain"": false, ""source_sheet"": ""MAG"", ""source_row"": 3959, ""target_id"": ""target_9b7a05f6cc025483""}}]"
orphan_4ca634fcdcb839c8,possible_athlete_name_typo,review,Possible athlete-name typo between the D sheet and the score sheet.,MAG D,3651,Scottish Championships,2023,Gregor Harps,GBR,MAG,junior,PB,,,individual,final,3.5,False,1,suggestion_d342b864e3eff9c1,athlete_name_correction,0.917,D-score athlete 'Gregor Harps' probably matches score-sheet athlete 'Gregor Happs'.,Scottish Championships,2023,Gregor Happs,GBR,MAG,junior,PB,,,individual,final,12.4,,MAG,3959,"[{""suggestion_id"": ""suggestion_d342b864e3eff9c1"", ""suggestion_type"": ""athlete_name_correction"", ""confidence"": 0.917, ""message"": ""D-score athlete 'Gregor Harps' probably matches score-sheet athlete 'Gregor Happs'."", ""action"": ""attach_d_score_to_target_result"", ""changes"": {""athlete_name"": {""from"": ""Gregor Harps"", ""to"": ""Gregor Happs""}}, ""target_result"": {""event_name"": ""Scottish Championships"", ""year"": 2023, ""athlete_name"": ""Gregor Happs"", ""country"": ""GBR"", ""discipline"": ""MAG"", ""category"": ""junior"", ""apparatus"": ""PB"", ""vt_attempt"": null, ""day"": null, ""format"": ""individual"", ""round"": ""final"", ""score"": 12.4, ""D_score"": null, ""vault_attempt_order_uncertain"": false, ""source_sheet"": ""MAG"", ""source_row"": 3959, ""target_id"": ""target_4ef63286a8c5b3dd""}}]"
orphan_b3c6f837632cf158,possible_athlete_name_typo,review,Possible athlete-name typo between the D sheet and the score sheet.,MAG D,3651,Scottish Championships,2023,Gregor Harps,GBR,MAG,junior,PH,,,individual,final,2.4,False,1,suggestion_d9821a9c7fe981f1,athlete_name_correction,0.917,D-score athlete 'Gregor Harps' probably matches score-sheet athlete 'Gregor Happs'.,Scottish Championships,2023,Gregor Happs,GBR,MAG,junior,PH,,,individual,final,9.85,,MAG,3959,"[{""suggestion_id"": ""suggestion_d9821a9c7fe981f1"", ""suggestion_type"": ""athlete_name_correction"", ""confidence"": 0.917, ""message"": ""D-score athlete 'Gregor Harps' probably matches score-sheet athlete 'Gregor Happs'."", ""action"": ""attach_d_score_to_target_result"", ""changes"": {""athlete_name"": {""from"": ""Gregor Harps"", ""to"": ""Gregor Happs""}}, ""target_result"": {""event_name"": ""Scottish Championships"", ""year"": 2023, ""athlete_name"": ""Gregor Happs"", ""country"": ""GBR"", ""discipline"": ""MAG"", ""category"": ""junior"", ""apparatus"": ""PH"", ""vt_attempt"": null, ""day"": null, ""format"": ""individual"", ""round"": ""final"", ""score"": 9.85, ""D_score"": null, ""vault_attempt_order_uncertain"": false, ""source_sheet"": ""MAG"", ""source_row"": 3959, ""target_id"": ""target_cdba071608b51a8c""}}]"
orphan_30f098157fd88ec2,possible_athlete_name_typo,review,Possible athlete-name typo between the D sheet and the score sheet.,MAG D,3651,Scottish Championships,2023,Gregor Harps,GBR,MAG,junior,SR,,,individual,final,2.9,False,1,suggestion_8bf65549ae0e28b1,athlete_name_correction,0.917,D-score athlete 'Gregor Harps' probably matches score-sheet athlete 'Gregor Happs'.,Scottish Championships,2023,Gregor Happs,GBR,MAG,junior,SR,,,individual,final,11.2,,MAG,3959,"[{""suggestion_id"": ""suggestion_8bf65549ae0e28b1"", ""suggestion_type"": ""athlete_name_correction"", ""confidence"": 0.917, ""message"": ""D-score athlete 'Gregor Harps' probably matches score-sheet athlete 'Gregor Happs'."", ""action"": ""attach_d_score_to_target_result"", ""changes"": {""athlete_name"": {""from"": ""Gregor Harps"", ""to"": ""Gregor Happs""}}, ""target_result"": {""event_name"": ""Scottish Championships"", ""year"": 2023, ""athlete_name"": ""Gregor Happs"", ""country"": ""GBR"", ""discipline"": ""MAG"", ""category"": ""junior"", ""apparatus"": ""SR"", ""vt_attempt"": null, ""day"": null, ""format"": ""individual"", ""round"": ""final"", ""score"": 11.2, ""D_score"": null, ""vault_attempt_order_uncertain"": false, ""source_sheet"": ""MAG"", ""source_row"": 3959, ""target_id"": ""target_c0726ba91d5dd1a7""}}]"
orphan_1c619a6215f6f63b,possible_athlete_name_typo,review,Possible athlete-name typo between the D sheet and the score sheet.,MAG D,3651,Scottish Championships,2023,Gregor Harps,GBR,MAG,junior,VT,1,,individual,final,2.4,True,1,suggestion_eadf598809e8f366,athlete_name_correction,0.917,D-score athlete 'Gregor Harps' probably matches score-sheet athlete 'Gregor Happs'.,Scottish Championships,2023,Gregor Happs,GBR,MAG,junior,VT,1,,individual,final,10.0,,MAG,3959,"[{""suggestion_id"": ""suggestion_eadf598809e8f366"", ""suggestion_type"": ""athlete_name_correction"", ""confidence"": 0.917, ""message"": ""D-score athlete 'Gregor Harps' probably matches score-sheet athlete 'Gregor Happs'."", ""action"": ""attach_d_score_to_target_result"", ""changes"": {""athlete_name"": {""from"": ""Gregor Harps"", ""to"": ""Gregor Happs""}}, ""target_result"": {""event_name"": ""Scottish Championships"", ""year"": 2023, ""athlete_name"": ""Gregor Happs"", ""country"": ""GBR"", ""discipline"": ""MAG"", ""category"": ""junior"", ""apparatus"": ""VT"", ""vt_attempt"": 1, ""day"": null, ""format"": ""individual"", ""round"": ""final"", ""score"": 10.0, ""D_score"": null, ""vault_attempt_order_uncertain"": true, ""source_sheet"": ""MAG"", ""source_row"": 3959, ""target_id"": ""target_47bfa37cd4bfc217""}}]"
orphan_2e018b0d76ed8df2,athlete_missing_in_score_sheet,review,"The event/apparatus/context exists, but this athlete is missing in the score sheet.",MAG D,3673,Brazilian Championships,2023,Guilherme Silva,BRA,MAG,senior,FX,,,individual,final,4.6,False,0,,,,,,,,,,,,,,,,,,,,[]
orphan_50dce1b9bb3f654e,athlete_missing_in_score_sheet,review,"The event/apparatus/context exists, but this athlete is missing in the score sheet.",MAG D,3673,Brazilian Championships,2023,Guilherme Silva,BRA,MAG,senior,HB,,,individual,final,3.5,False,0,,,,,,,,,,,,,,,,,,,,[]
orphan_39d6e4ae23a7208f,athlete_missing_in_score_sheet,review,"The event/apparatus/context exists, but this athlete is missing in the score sheet.",MAG D,3673,Brazilian Championships,2023,Guilherme Silva,BRA,MAG,senior,PB,,,individual,final,4.5,False,0,,,,,,,,,,,,,,,,,,,,[]
orphan_88fad34726fb910d,athlete_missing_in_score_sheet,review,"The event/apparatus/context exists, but this athlete is missing in the score sheet.",MAG D,3673,Brazilian Championships,2023,Guilherme Silva,BRA,MAG,senior,PH,,,individual,final,4.2,False,0,,,,,,,,,,,,,,,,,,,,[]
orphan_32b9127dbc0a4ae2,athlete_missing_in_score_sheet,review,"The event/apparatus/context exists, but this athlete is missing in the score sheet.",MAG D,3673,Brazilian Championships,2023,Guilherme Silva,BRA,MAG,senior,SR,,,individual,final,4.2,False,0,,,,,,,,,,,,,,,,,,,,[]
orphan_a495520363abe7a6,athlete_missing_in_score_sheet,review,"The event/apparatus/context exists, but this athlete is missing in the score sheet.",MAG D,3673,Brazilian Championships,2023,Guilherme Silva,BRA,MAG,senior,VT,1,,individual,final,4.0,True,0,,,,,,,,,,,,,,,,,,,,[]
orphan_fdc48d5225c2260c,athlete_missing_in_score_sheet,review,"The event/apparatus/context exists, but this athlete is missing in the score sheet.",MAG D,3674,Brazilian Championships,2023,Guilherme Silva,BRA,MAG,senior,FX,,,individual,qualification,4.7,False,0,,,,,,,,,,,,,,,,,,,,[]
orphan_99d1ee4277e480bf,athlete_missing_in_score_sheet,review,"The event/apparatus/context exists, but this athlete is missing in the score sheet.",MAG D,3674,Brazilian Championships,2023,Guilherme Silva,BRA,MAG,senior,HB,,,individual,qualification,3.3,False,0,,,,,,,,,,,,,,,,,,,,[]
orphan_cd8fe62787d6bc04,athlete_missing_in_score_sheet,review,"The event/apparatus/context exists, but this athlete is missing in the score sheet.",MAG D,3674,Brazilian Championships,2023,Guilherme Silva,BRA,MAG,senior,PB,,,individual,qualification,4.5,False,0,,,,,,,,,,,,,,,,,,,,[]
orphan_bf7312c57c584c6a,athlete_missing_in_score_sheet,review,"The event/apparatus/context exists, but this athlete is missing in the score sheet.",MAG D,3674,Brazilian Championships,2023,Guilherme Silva,BRA,MAG,senior,PH,,,individual,qualification,4.3,False,0,,,,,,,,,,,,,,,,,,,,[]
orphan_440bb11362939b99,athlete_missing_in_score_sheet,review,"The event/apparatus/context exists, but this athlete is missing in the score sheet.",MAG D,3674,Brazilian Championships,2023,Guilherme Silva,BRA,MAG,senior,SR,,,individual,qualification,4.2,False,0,,,,,,,,,,,,,,,,,,,,[]
orphan_ea7f436c2dd2a82a,athlete_missing_in_score_sheet,review,"The event/apparatus/context exists, but this athlete is missing in the score sheet.",MAG D,3674,Brazilian Championships,2023,Guilherme Silva,BRA,MAG,senior,VT,1,,individual,qualification,4.0,True,0,,,,,,,,,,,,,,,,,,,,[]
orphan_d3f492d947861aec,athlete_missing_in_score_sheet,review,"The event/apparatus/context exists, but this athlete is missing in the score sheet.",MAG D,3779,All-Japan Event Championships,2023,Haruto Kamiyama,JPN,MAG,senior,VT,1,,apparatus,final,5.6,True,0,,,,,,,,,,,,,,,,,,,,[]
orphan_38ff73d83cb853ea,athlete_missing_in_score_sheet,review,"The event/apparatus/context exists, but this athlete is missing in the score sheet.",MAG D,3779,All-Japan Event Championships,2023,Haruto Kamiyama,JPN,MAG,senior,VT,2,,apparatus,final,5.2,True,0,,,,,,,,,,,,,,,,,,,,[]
orphan_a0735d5334674b46,athlete_missing_in_score_sheet,review,"The event/apparatus/context exists, but this athlete is missing in the score sheet.",MAG D,3780,All-Japan Event Championships,2023,Haruto Kamiyama,JPN,MAG,senior,VT,1,,individual,qualification,5.6,True,0,,,,,,,,,,,,,,,,,,,,[]
orphan_d0a48763175c3275,athlete_missing_in_score_sheet,review,"The event/apparatus/context exists, but this athlete is missing in the score sheet.",MAG D,3780,All-Japan Event Championships,2023,Haruto Kamiyama,JPN,MAG,senior,VT,2,,individual,qualification,5.2,True,0,,,,,,,,,,,,,,,,,,,,[]
orphan_901f6300881a91fd,athlete_missing_in_score_sheet,review,"The event/apparatus/context exists, but this athlete is missing in the score sheet.",MAG D,3781,All-Japan Super Specialist Championships,2023,Haruto Kamiyama,JPN,MAG,senior,VT,1,,individual,final,5.6,True,0,,,,,,,,,,,,,,,,,,,,[]
orphan_34c1c323cd3ce0a4,athlete_missing_in_score_sheet,review,"The event/apparatus/context exists, but this athlete is missing in the score sheet.",MAG D,3781,All-Japan Super Specialist Championships,2023,Haruto Kamiyama,JPN,MAG,senior,VT,2,,individual,final,5.2,True,0,,,,,,,,,,,,,,,,,,,,[]
orphan_85a44e851ef36b7a,athlete_missing_in_score_sheet,review,"The event/apparatus/context exists, but this athlete is missing in the score sheet.",MAG D,3782,All-Japan Championships,2023,Haruto Kamiyama,JPN,MAG,senior,VT,1,,individual,final,5.6,True,0,,,,,,,,,,,,,,,,,,,,[]
orphan_5b429de78ae07c1a,athlete_missing_in_score_sheet,review,"The event/apparatus/context exists, but this athlete is missing in the score sheet.",MAG D,3783,NHK Trophy,2023,Haruto Kamiyama,JPN,MAG,senior,VT,1,,individual,final,5.6,True,0,,,,,,,,,,,,,,,,,,,,[]
orphan_50c2142b035eecb6,possible_context_mismatch,review,"Possible format, round, or day mismatch.",MAG D,3830,Chinese Championships,2023,He Quqin,CHN,MAG,senior,VT,2,,individual,qualification,5.6,True,1,suggestion_9c259e99a4528194,context_correction,0.65,"Same athlete/event/apparatus exists in the score sheet, but format, round, or day is different.",Chinese Championships,2023,He Quqin,CHN,MAG,senior,VT,2,,apparatus,final,14.532,5.6,MAG,4169,"[{""suggestion_id"": ""suggestion_9c259e99a4528194"", ""suggestion_type"": ""context_correction"", ""confidence"": 0.65, ""message"": ""Same athlete/event/apparatus exists in the score sheet, but format, round, or day is different."", ""action"": ""attach_d_score_to_target_result"", ""changes"": {""format"": {""from"": ""individual"", ""to"": ""apparatus""}, ""round"": {""from"": ""qualification"", ""to"": ""final""}, ""day"": {""from"": null, ""to"": null}}, ""target_result"": {""event_name"": ""Chinese Championships"", ""year"": 2023, ""athlete_name"": ""He Quqin"", ""country"": ""CHN"", ""discipline"": ""MAG"", ""category"": ""senior"", ""apparatus"": ""VT"", ""vt_attempt"": 2, ""day"": null, ""format"": ""apparatus"", ""round"": ""final"", ""score"": 14.532, ""D_score"": 5.6, ""vault_attempt_order_uncertain"": true, ""source_sheet"": ""MAG"", ""source_row"": 4169, ""target_id"": ""target_3088f8205c56d218""}}]"
orphan_66038d7ec025ced8,athlete_missing_in_score_sheet,review,"The event/apparatus/context exists, but this athlete is missing in the score sheet.",MAG D,3833,Chinese Championships,2023,He Xiang,CHN,MAG,senior,HB,,,individual,qualification,5.5,False,0,,,,,,,,,,,,,,,,,,,,[]
orphan_59f21ad5b95a88d9,missing_final_score_for_context,review,"The athlete/event exists, but not this apparatus/context.",MAG D,3926,Chinese Championships,2023,Hu Youyao,CHN,MAG,senior,VT,2,,individual,qualification,5.2,True,0,,,,,,,,,,,,,,,,,,,,[]
orphan_9b4ddbfafc01de42,athlete_missing_in_score_sheet,review,"The event/apparatus/context exists, but this athlete is missing in the score sheet.",MAG D,3954,Swiss Championships,2023,Hugo Machado da Silva,SUI,MAG,junior,FX,,,individual,final,3.4,False,0,,,,,,,,,,,,,,,,,,,,[]
orphan_33c4ca621d857beb,possible_event_name_mismatch,review,Possible event-name mismatch between the D sheet and the score sheet.,MAG D,3954,Swiss Championships,2023,Hugo Machado da Silva,SUI,MAG,junior,HB,,,individual,final,2.3,False,1,suggestion_352385a9fff07310,event_name_correction,0.884,D-score event 'Swiss Championships' may match score-sheet event 'Swiss Team Championships'.,Swiss Team Championships,2023,Hugo Machado da Silva,SUI,MAG,junior,HB,,,individual,final,9.433,2.0,MAG,4319,"[{""suggestion_id"": ""suggestion_352385a9fff07310"", ""suggestion_type"": ""event_name_correction"", ""confidence"": 0.884, ""message"": ""D-score event 'Swiss Championships' may match score-sheet event 'Swiss Team Championships'."", ""action"": ""attach_d_score_to_target_result"", ""changes"": {""event_name"": {""from"": ""Swiss Championships"", ""to"": ""Swiss Team Championships""}}, ""target_result"": {""event_name"": ""Swiss Team Championships"", ""year"": 2023, ""athlete_name"": ""Hugo Machado da Silva"", ""country"": ""SUI"", ""discipline"": ""MAG"", ""category"": ""junior"", ""apparatus"": ""HB"", ""vt_attempt"": null, ""day"": null, ""format"": ""individual"", ""round"": ""final"", ""score"": 9.433, ""D_score"": 2.0, ""vault_attempt_order_uncertain"": false, ""source_sheet"": ""MAG"", ""source_row"": 4319, ""target_id"": ""target_cc2f870e6c13143a""}}]"
orphan_9be27a904de71af0,possible_event_name_mismatch,review,Possible event-name mismatch between the D sheet and the score sheet.,MAG D,3954,Swiss Championships,2023,Hugo Machado da Silva,SUI,MAG,junior,PB,,,individual,final,3.3,False,1,suggestion_45c99ce09c74e6be,event_name_correction,0.884,D-score event 'Swiss Championships' may match score-sheet event 'Swiss Team Championships'.,Swiss Team Championships,2023,Hugo Machado da Silva,SUI,MAG,junior,PB,,,individual,final,6.466,2.8,MAG,4319,"[{""suggestion_id"": ""suggestion_45c99ce09c74e6be"", ""suggestion_type"": ""event_name_correction"", ""confidence"": 0.884, ""message"": ""D-score event 'Swiss Championships' may match score-sheet event 'Swiss Team Championships'."", ""action"": ""attach_d_score_to_target_result"", ""changes"": {""event_name"": {""from"": ""Swiss Championships"", ""to"": ""Swiss Team Championships""}}, ""target_result"": {""event_name"": ""Swiss Team Championships"", ""year"": 2023, ""athlete_name"": ""Hugo Machado da Silva"", ""country"": ""SUI"", ""discipline"": ""MAG"", ""category"": ""junior"", ""apparatus"": ""PB"", ""vt_attempt"": null, ""day"": null, ""format"": ""individual"", ""round"": ""final"", ""score"": 6.466, ""D_score"": 2.8, ""vault_attempt_order_uncertain"": false, ""source_sheet"": ""MAG"", ""source_row"": 4319, ""target_id"": ""target_4452e3b2337b7606""}}]"
orphan_b4de65be2aeb3b69,possible_event_name_mismatch,review,Possible event-name mismatch between the D sheet and the score sheet.,MAG D,3954,Swiss Championships,2023,Hugo Machado da Silva,SUI,MAG,junior,PH,,,individual,final,3.1,False,1,suggestion_2ef8615b6afe3a93,event_name_correction,0.884,D-score event 'Swiss Championships' may match score-sheet event 'Swiss Team Championships'.,Swiss Team Championships,2023,Hugo Machado da Silva,SUI,MAG,junior,PH,,,individual,final,11.633,3.2,MAG,4319,"[{""suggestion_id"": ""suggestion_2ef8615b6afe3a93"", ""suggestion_type"": ""event_name_correction"", ""confidence"": 0.884, ""message"": ""D-score event 'Swiss Championships' may match score-sheet event 'Swiss Team Championships'."", ""action"": ""attach_d_score_to_target_result"", ""changes"": {""event_name"": {""from"": ""Swiss Championships"", ""to"": ""Swiss Team Championships""}}, ""target_result"": {""event_name"": ""Swiss Team Championships"", ""year"": 2023, ""athlete_name"": ""Hugo Machado da Silva"", ""country"": ""SUI"", ""discipline"": ""MAG"", ""category"": ""junior"", ""apparatus"": ""PH"", ""vt_attempt"": null, ""day"": null, ""format"": ""individual"", ""round"": ""final"", ""score"": 11.633, ""D_score"": 3.2, ""vault_attempt_order_uncertain"": false, ""source_sheet"": ""MAG"", ""source_row"": 4319, ""target_id"": ""target_fb4de36948958c62""}}]"
orphan_bfb72af4170b83a2,athlete_missing_in_score_sheet,review,"The event/apparatus/context exists, but this athlete is missing in the score sheet.",MAG D,3954,Swiss Championships,2023,Hugo Machado da Silva,SUI,MAG,junior,SR,,,individual,final,2.1,False,0,,,,,,,,,,,,,,,,,,,,[]
orphan_e582a7b82086fdc4,athlete_missing_in_score_sheet,review,"The event/apparatus/context exists, but this athlete is missing in the score sheet.",MAG D,3954,Swiss Championships,2023,Hugo Machado da Silva,SUI,MAG,junior,VT,1,,individual,final,3.2,True,0,,,,,,,,,,,,,,,,,,,,[]
orphan_683bb2130b900ab5,possible_context_mismatch,review,"Possible format, round, or day mismatch.",MAG D,4004,Swiss Championships,2023,Ian Staubitzer,SUI,MAG,junior,FX,,,apparatus,final,4.0,False,1,suggestion_40174c4f7bba3405,context_correction,0.65,"Same athlete/event/apparatus exists in the score sheet, but format, round, or day is different.",Swiss Championships,2023,Ian Staubitzer,SUI,MAG,junior,FX,,,individual,final,12.833,4.0,MAG,4373,"[{""suggestion_id"": ""suggestion_40174c4f7bba3405"", ""suggestion_type"": ""context_correction"", ""confidence"": 0.65, ""message"": ""Same athlete/event/apparatus exists in the score sheet, but format, round, or day is different."", ""action"": ""attach_d_score_to_target_result"", ""changes"": {""format"": {""from"": ""apparatus"", ""to"": ""individual""}, ""round"": {""from"": ""final"", ""to"": ""final""}, ""day"": {""from"": null, ""to"": null}}, ""target_result"": {""event_name"": ""Swiss Championships"", ""year"": 2023, ""athlete_name"": ""Ian Staubitzer"", ""country"": ""SUI"", ""discipline"": ""MAG"", ""category"": ""junior"", ""apparatus"": ""FX"", ""vt_attempt"": null, ""day"": null, ""format"": ""individual"", ""round"": ""final"", ""score"": 12.833, ""D_score"": 4.0, ""vault_attempt_order_uncertain"": false, ""source_sheet"": ""MAG"", ""source_row"": 4373, ""target_id"": ""target_1f481f1c241f9764""}}]"
orphan_956f8abd560aab05,possible_context_mismatch,review,"Possible format, round, or day mismatch.",MAG D,4004,Swiss Championships,2023,Ian Staubitzer,SUI,MAG,junior,HB,,,apparatus,final,3.5,False,1,suggestion_18c623006fdc77da,context_correction,0.65,"Same athlete/event/apparatus exists in the score sheet, but format, round, or day is different.",Swiss Championships,2023,Ian Staubitzer,SUI,MAG,junior,HB,,,individual,final,11.766,3.5,MAG,4373,"[{""suggestion_id"": ""suggestion_18c623006fdc77da"", ""suggestion_type"": ""context_correction"", ""confidence"": 0.65, ""message"": ""Same athlete/event/apparatus exists in the score sheet, but format, round, or day is different."", ""action"": ""attach_d_score_to_target_result"", ""changes"": {""format"": {""from"": ""apparatus"", ""to"": ""individual""}, ""round"": {""from"": ""final"", ""to"": ""final""}, ""day"": {""from"": null, ""to"": null}}, ""target_result"": {""event_name"": ""Swiss Championships"", ""year"": 2023, ""athlete_name"": ""Ian Staubitzer"", ""country"": ""SUI"", ""discipline"": ""MAG"", ""category"": ""junior"", ""apparatus"": ""HB"", ""vt_attempt"": null, ""day"": null, ""format"": ""individual"", ""round"": ""final"", ""score"": 11.766, ""D_score"": 3.5, ""vault_attempt_order_uncertain"": false, ""source_sheet"": ""MAG"", ""source_row"": 4373, ""target_id"": ""target_d986ce10ba9af968""}}]"
orphan_9b889dacd2a937a7,possible_context_mismatch,review,"Possible format, round, or day mismatch.",MAG D,4004,Swiss Championships,2023,Ian Staubitzer,SUI,MAG,junior,PB,,,apparatus,final,4.2,False,1,suggestion_f78c0fe66e1baeca,context_correction,0.65,"Same athlete/event/apparatus exists in the score sheet, but format, round, or day is different.",Swiss Championships,2023,Ian Staubitzer,SUI,MAG,junior,PB,,,individual,final,12.9,4.2,MAG,4373,"[{""suggestion_id"": ""suggestion_f78c0fe66e1baeca"", ""suggestion_type"": ""context_correction"", ""confidence"": 0.65, ""message"": ""Same athlete/event/apparatus exists in the score sheet, but format, round, or day is different."", ""action"": ""attach_d_score_to_target_result"", ""changes"": {""format"": {""from"": ""apparatus"", ""to"": ""individual""}, ""round"": {""from"": ""final"", ""to"": ""final""}, ""day"": {""from"": null, ""to"": null}}, ""target_result"": {""event_name"": ""Swiss Championships"", ""year"": 2023, ""athlete_name"": ""Ian Staubitzer"", ""country"": ""SUI"", ""discipline"": ""MAG"", ""category"": ""junior"", ""apparatus"": ""PB"", ""vt_attempt"": null, ""day"": null, ""format"": ""individual"", ""round"": ""final"", ""score"": 12.9, ""D_score"": 4.2, ""vault_attempt_order_uncertain"": false, ""source_sheet"": ""MAG"", ""source_row"": 4373, ""target_id"": ""target_135b3d4ab8146e76""}}]"
orphan_f2d4b31506197f20,possible_context_mismatch,review,"Possible format, round, or day mismatch.",MAG D,4004,Swiss Championships,2023,Ian Staubitzer,SUI,MAG,junior,SR,,,apparatus,final,3.7,False,1,suggestion_2efc9f876000ad6d,context_correction,0.65,"Same athlete/event/apparatus exists in the score sheet, but format, round, or day is different.",Swiss Championships,2023,Ian Staubitzer,SUI,MAG,junior,SR,,,individual,final,12.266,3.7,MAG,4373,"[{""suggestion_id"": ""suggestion_2efc9f876000ad6d"", ""suggestion_type"": ""context_correction"", ""confidence"": 0.65, ""message"": ""Same athlete/event/apparatus exists in the score sheet, but format, round, or day is different."", ""action"": ""attach_d_score_to_target_result"", ""changes"": {""format"": {""from"": ""apparatus"", ""to"": ""individual""}, ""round"": {""from"": ""final"", ""to"": ""final""}, ""day"": {""from"": null, ""to"": null}}, ""target_result"": {""event_name"": ""Swiss Championships"", ""year"": 2023, ""athlete_name"": ""Ian Staubitzer"", ""country"": ""SUI"", ""discipline"": ""MAG"", ""category"": ""junior"", ""apparatus"": ""SR"", ""vt_attempt"": null, ""day"": null, ""format"": ""individual"", ""round"": ""final"", ""score"": 12.266, ""D_score"": 3.7, ""vault_attempt_order_uncertain"": false, ""source_sheet"": ""MAG"", ""source_row"": 4373, ""target_id"": ""target_e0af9dd24547d855""}}]"
orphan_6fb3cf58da155cd3,athlete_missing_in_score_sheet,review,"The event/apparatus/context exists, but this athlete is missing in the score sheet.",MAG D,4082,1st Bundesliga,2023,Ilie Daniel Popescu,GER,MAG,senior,PH,,,individual,final,4.8,False,0,,,,,,,,,,,,,,,,,,,,[]
orphan_32626af66d6a4681,athlete_missing_in_score_sheet,review,"The event/apparatus/context exists, but this athlete is missing in the score sheet.",MAG D,4082,1st Bundesliga,2023,Ilie Daniel Popescu,GER,MAG,senior,VT,1,,individual,final,4.8,True,0,,,,,,,,,,,,,,,,,,,,[]
orphan_feb8b62cda50e6dc,athlete_missing_in_score_sheet,review,"The event/apparatus/context exists, but this athlete is missing in the score sheet.",MAG D,4168,Swiss Championships,2023,Isaak Jelinek,SUI,MAG,junior,FX,,,individual,final,3.3,False,0,,,,,,,,,,,,,,,,,,,,[]
orphan_59b102e8e33c9002,athlete_missing_in_score_sheet,review,"The event/apparatus/context exists, but this athlete is missing in the score sheet.",MAG D,4168,Swiss Championships,2023,Isaak Jelinek,SUI,MAG,junior,HB,,,individual,final,2.4,False,0,,,,,,,,,,,,,,,,,,,,[]
orphan_753a7ae2c0569e3c,athlete_missing_in_score_sheet,review,"The event/apparatus/context exists, but this athlete is missing in the score sheet.",MAG D,4168,Swiss Championships,2023,Isaak Jelinek,SUI,MAG,junior,PB,,,individual,final,2.4,False,0,,,,,,,,,,,,,,,,,,,,[]
orphan_6a6c5657d5ec7663,athlete_missing_in_score_sheet,review,"The event/apparatus/context exists, but this athlete is missing in the score sheet.",MAG D,4168,Swiss Championships,2023,Isaak Jelinek,SUI,MAG,junior,PH,,,individual,final,2.7,False,0,,,,,,,,,,,,,,,,,,,,[]
orphan_3d222b5c59609c23,athlete_missing_in_score_sheet,review,"The event/apparatus/context exists, but this athlete is missing in the score sheet.",MAG D,4168,Swiss Championships,2023,Isaak Jelinek,SUI,MAG,junior,SR,,,individual,final,3.1,False,0,,,,,,,,,,,,,,,,,,,,[]
orphan_743f73db6b0fd69d,athlete_missing_in_score_sheet,review,"The event/apparatus/context exists, but this athlete is missing in the score sheet.",MAG D,4168,Swiss Championships,2023,Isaak Jelinek,SUI,MAG,junior,VT,1,,individual,final,3.2,True,0,,,,,,,,,,,,,,,,,,,,[]
orphan_896f6f878077d021,possible_context_mismatch,review,"Possible format, round, or day mismatch.",MAG D,4193,Austrian Future Cup,2023,Istvan Mentovai,HUN,MAG,junior,VT,1,,apparatus,final,4.8,True,1,suggestion_a762997674b8d35c,context_correction,0.65,"Same athlete/event/apparatus exists in the score sheet, but format, round, or day is different.",Austrian Future Cup,2023,Istvan Mentovai,HUN,MAG,junior,VT,1,,individual,final,13.5,4.8,MAG,4586,"[{""suggestion_id"": ""suggestion_a762997674b8d35c"", ""suggestion_type"": ""context_correction"", ""confidence"": 0.65, ""message"": ""Same athlete/event/apparatus exists in the score sheet, but format, round, or day is different."", ""action"": ""attach_d_score_to_target_result"", ""changes"": {""format"": {""from"": ""apparatus"", ""to"": ""individual""}, ""round"": {""from"": ""final"", ""to"": ""final""}, ""day"": {""from"": null, ""to"": null}}, ""target_result"": {""event_name"": ""Austrian Future Cup"", ""year"": 2023, ""athlete_name"": ""Istvan Mentovai"", ""country"": ""HUN"", ""discipline"": ""MAG"", ""category"": ""junior"", ""apparatus"": ""VT"", ""vt_attempt"": 1, ""day"": null, ""format"": ""individual"", ""round"": ""final"", ""score"": 13.5, ""D_score"": 4.8, ""vault_attempt_order_uncertain"": true, ""source_sheet"": ""MAG"", ""source_row"": 4586, ""target_id"": ""target_43675a6020748a72""}}]"
orphan_8568f922d7dbbf35,possible_context_mismatch,review,"Possible format, round, or day mismatch.",MAG D,4193,Austrian Future Cup,2023,Istvan Mentovai,HUN,MAG,junior,VT,2,,apparatus,final,4.0,True,1,suggestion_b7b67f250a6becb4,context_correction,0.65,"Same athlete/event/apparatus exists in the score sheet, but format, round, or day is different.",Austrian Future Cup,2023,Istvan Mentovai,HUN,MAG,junior,VT,2,,individual,final,13.35,4.0,MAG,4586,"[{""suggestion_id"": ""suggestion_b7b67f250a6becb4"", ""suggestion_type"": ""context_correction"", ""confidence"": 0.65, ""message"": ""Same athlete/event/apparatus exists in the score sheet, but format, round, or day is different."", ""action"": ""attach_d_score_to_target_result"", ""changes"": {""format"": {""from"": ""apparatus"", ""to"": ""individual""}, ""round"": {""from"": ""final"", ""to"": ""final""}, ""day"": {""from"": null, ""to"": null}}, ""target_result"": {""event_name"": ""Austrian Future Cup"", ""year"": 2023, ""athlete_name"": ""Istvan Mentovai"", ""country"": ""HUN"", ""discipline"": ""MAG"", ""category"": ""junior"", ""apparatus"": ""VT"", ""vt_attempt"": 2, ""day"": null, ""format"": ""individual"", ""round"": ""final"", ""score"": 13.35, ""D_score"": 4.0, ""vault_attempt_order_uncertain"": true, ""source_sheet"": ""MAG"", ""source_row"": 4586, ""target_id"": ""target_92de8e97de04a379""}}]"
orphan_da0c5cf2c183f39c,athlete_missing_in_score_sheet,review,"The event/apparatus/context exists, but this athlete is missing in the score sheet.",MAG D,4242,3rd Italian Serie A,2023,Ivan Rigon,ITA,MAG,senior,FX,,,individual,final,4.1,False,0,,,,,,,,,,,,,,,,,,,,[]
orphan_47bff3108a96a74f,athlete_missing_in_score_sheet,review,"The event/apparatus/context exists, but this athlete is missing in the score sheet.",MAG D,4242,3rd Italian Serie A,2023,Ivan Rigon,ITA,MAG,senior,HB,,,individual,final,4.1,False,0,,,,,,,,,,,,,,,,,,,,[]
orphan_9d467739499a8a64,athlete_missing_in_score_sheet,review,"The event/apparatus/context exists, but this athlete is missing in the score sheet.",MAG D,4242,3rd Italian Serie A,2023,Ivan Rigon,ITA,MAG,senior,PB,,,individual,final,4.8,False,0,,,,,,,,,,,,,,,,,,,,[]
orphan_bde90975845f43c6,athlete_missing_in_score_sheet,review,"The event/apparatus/context exists, but this athlete is missing in the score sheet.",MAG D,4242,3rd Italian Serie A,2023,Ivan Rigon,ITA,MAG,senior,SR,,,individual,final,4.2,False,0,,,,,,,,,,,,,,,,,,,,[]
orphan_3df10423f04f8299,athlete_missing_in_score_sheet,review,"The event/apparatus/context exists, but this athlete is missing in the score sheet.",MAG D,4242,3rd Italian Serie A,2023,Ivan Rigon,ITA,MAG,senior,VT,1,,individual,final,4.0,True,0,,,,,,,,,,,,,,,,,,,,[]
orphan_111d0603ea97c63d,athlete_missing_in_score_sheet,review,"The event/apparatus/context exists, but this athlete is missing in the score sheet.",MAG D,4243,1st Italian Serie A,2023,Ivan Rigon,ITA,MAG,senior,FX,,,individual,final,4.3,False,0,,,,,,,,,,,,,,,,,,,,[]
orphan_211bc35454021207,athlete_missing_in_score_sheet,review,"The event/apparatus/context exists, but this athlete is missing in the score sheet.",MAG D,4243,1st Italian Serie A,2023,Ivan Rigon,ITA,MAG,senior,HB,,,individual,final,3.9,False,0,,,,,,,,,,,,,,,,,,,,[]
orphan_6e3376b991e20c17,athlete_missing_in_score_sheet,review,"The event/apparatus/context exists, but this athlete is missing in the score sheet.",MAG D,4243,1st Italian Serie A,2023,Ivan Rigon,ITA,MAG,senior,PB,,,individual,final,4.5,False,0,,,,,,,,,,,,,,,,,,,,[]
orphan_63e1acf38d359e7d,athlete_missing_in_score_sheet,review,"The event/apparatus/context exists, but this athlete is missing in the score sheet.",MAG D,4243,1st Italian Serie A,2023,Ivan Rigon,ITA,MAG,senior,SR,,,individual,final,3.7,False,0,,,,,,,,,,,,,,,,,,,,[]
orphan_f31caa511f4b5355,athlete_missing_in_score_sheet,review,"The event/apparatus/context exists, but this athlete is missing in the score sheet.",MAG D,4243,1st Italian Serie A,2023,Ivan Rigon,ITA,MAG,senior,VT,1,,individual,final,3.2,True,0,,,,,,,,,,,,,,,,,,,,[]
orphan_8213b2ab08ac88f7,missing_final_score_for_context,review,"The athlete/event exists, but not this apparatus/context.",MAG D,4307,English Championships,2023,Jack Kershaw,GBR,MAG,junior,VT,2,,individual,final,2.8,True,0,,,,,,,,,,,,,,,,,,,,[]
orphan_9f968b8ed715bbda,missing_final_score_for_context,review,"The athlete/event exists, but not this apparatus/context.",MAG D,4464,British Championships,2023,Jamie Barnes,GBR,MAG,junior,VT,2,,individual,final,1.6,True,0,,,,,,,,,,,,,,,,,,,,[]
orphan_42c6679c80a3095c,possible_event_name_mismatch,review,Possible event-name mismatch between the D sheet and the score sheet.,MAG D,4507,Swiss Championships,2023,Janic Fässler,SUI,MAG,junior,FX,,,individual,final,4.6,False,1,suggestion_23ff1fdef62d66a0,event_name_correction,0.884,D-score event 'Swiss Championships' may match score-sheet event 'Swiss Team Championships'.,Swiss Team Championships,2023,Janic Fässler,SUI,MAG,junior,FX,,,individual,final,13.133,4.5,MAG,4936,"[{""suggestion_id"": ""suggestion_23ff1fdef62d66a0"", ""suggestion_type"": ""event_name_correction"", ""confidence"": 0.884, ""message"": ""D-score event 'Swiss Championships' may match score-sheet event 'Swiss Team Championships'."", ""action"": ""attach_d_score_to_target_result"", ""changes"": {""event_name"": {""from"": ""Swiss Championships"", ""to"": ""Swiss Team Championships""}}, ""target_result"": {""event_name"": ""Swiss Team Championships"", ""year"": 2023, ""athlete_name"": ""Janic Fässler"", ""country"": ""SUI"", ""discipline"": ""MAG"", ""category"": ""junior"", ""apparatus"": ""FX"", ""vt_attempt"": null, ""day"": null, ""format"": ""individual"", ""round"": ""final"", ""score"": 13.133, ""D_score"": 4.5, ""vault_attempt_order_uncertain"": false, ""source_sheet"": ""MAG"", ""source_row"": 4936, ""target_id"": ""target_e2ffc632b98f9edc""}}]"
orphan_8e39aba9abb533f2,possible_event_name_mismatch,review,Possible event-name mismatch between the D sheet and the score sheet.,MAG D,4507,Swiss Championships,2023,Janic Fässler,SUI,MAG,junior,HB,,,individual,final,4.1,False,1,suggestion_e8e4da0a51c29192,event_name_correction,0.884,D-score event 'Swiss Championships' may match score-sheet event 'Swiss Team Championships'.,Swiss Team Championships,2023,Janic Fässler,SUI,MAG,junior,HB,,,individual,final,10.633,3.9,MAG,4936,"[{""suggestion_id"": ""suggestion_e8e4da0a51c29192"", ""suggestion_type"": ""event_name_correction"", ""confidence"": 0.884, ""message"": ""D-score event 'Swiss Championships' may match score-sheet event 'Swiss Team Championships'."", ""action"": ""attach_d_score_to_target_result"", ""changes"": {""event_name"": {""from"": ""Swiss Championships"", ""to"": ""Swiss Team Championships""}}, ""target_result"": {""event_name"": ""Swiss Team Championships"", ""year"": 2023, ""athlete_name"": ""Janic Fässler"", ""country"": ""SUI"", ""discipline"": ""MAG"", ""category"": ""junior"", ""apparatus"": ""HB"", ""vt_attempt"": null, ""day"": null, ""format"": ""individual"", ""round"": ""final"", ""score"": 10.633, ""D_score"": 3.9, ""vault_attempt_order_uncertain"": false, ""source_sheet"": ""MAG"", ""source_row"": 4936, ""target_id"": ""target_b1f616b52c7e2d74""}}]"
orphan_568a38c80edc49a5,athlete_missing_in_score_sheet,review,"The event/apparatus/context exists, but this athlete is missing in the score sheet.",MAG D,4507,Swiss Championships,2023,Janic Fässler,SUI,MAG,junior,PB,,,individual,final,4.4,False,0,,,,,,,,,,,,,,,,,,,,[]
orphan_ef649e2cb492cefe,possible_event_name_mismatch,review,Possible event-name mismatch between the D sheet and the score sheet.,MAG D,4507,Swiss Championships,2023,Janic Fässler,SUI,MAG,junior,PH,,,individual,final,3.7,False,1,suggestion_65b337d9bb358955,event_name_correction,0.884,D-score event 'Swiss Championships' may match score-sheet event 'Swiss Team Championships'.,Swiss Team Championships,2023,Janic Fässler,SUI,MAG,junior,PH,,,individual,final,10.866,4.5,MAG,4936,"[{""suggestion_id"": ""suggestion_65b337d9bb358955"", ""suggestion_type"": ""event_name_correction"", ""confidence"": 0.884, ""message"": ""D-score event 'Swiss Championships' may match score-sheet event 'Swiss Team Championships'."", ""action"": ""attach_d_score_to_target_result"", ""changes"": {""event_name"": {""from"": ""Swiss Championships"", ""to"": ""Swiss Team Championships""}}, ""target_result"": {""event_name"": ""Swiss Team Championships"", ""year"": 2023, ""athlete_name"": ""Janic Fässler"", ""country"": ""SUI"", ""discipline"": ""MAG"", ""category"": ""junior"", ""apparatus"": ""PH"", ""vt_attempt"": null, ""day"": null, ""format"": ""individual"", ""round"": ""final"", ""score"": 10.866, ""D_score"": 4.5, ""vault_attempt_order_uncertain"": false, ""source_sheet"": ""MAG"", ""source_row"": 4936, ""target_id"": ""target_546792326924366a""}}]"
orphan_5114d9ab17eecde0,possible_event_name_mismatch,review,Possible event-name mismatch between the D sheet and the score sheet.,MAG D,4507,Swiss Championships,2023,Janic Fässler,SUI,MAG,junior,SR,,,individual,final,4.3,False,1,suggestion_7253b8bef9b43f50,event_name_correction,0.884,D-score event 'Swiss Championships' may match score-sheet event 'Swiss Team Championships'.,Swiss Team Championships,2023,Janic Fässler,SUI,MAG,junior,SR,,,individual,final,13.066,4.7,MAG,4936,"[{""suggestion_id"": ""suggestion_7253b8bef9b43f50"", ""suggestion_type"": ""event_name_correction"", ""confidence"": 0.884, ""message"": ""D-score event 'Swiss Championships' may match score-sheet event 'Swiss Team Championships'."", ""action"": ""attach_d_score_to_target_result"", ""changes"": {""event_name"": {""from"": ""Swiss Championships"", ""to"": ""Swiss Team Championships""}}, ""target_result"": {""event_name"": ""Swiss Team Championships"", ""year"": 2023, ""athlete_name"": ""Janic Fässler"", ""country"": ""SUI"", ""discipline"": ""MAG"", ""category"": ""junior"", ""apparatus"": ""SR"", ""vt_attempt"": null, ""day"": null, ""format"": ""individual"", ""round"": ""final"", ""score"": 13.066, ""D_score"": 4.7, ""vault_attempt_order_uncertain"": false, ""source_sheet"": ""MAG"", ""source_row"": 4936, ""target_id"": ""target_f1dcb36baf6f2e65""}}]"
orphan_8678a8db74465440,possible_event_name_mismatch,review,Possible event-name mismatch between the D sheet and the score sheet.,MAG D,4507,Swiss Championships,2023,Janic Fässler,SUI,MAG,junior,VT,1,,individual,final,4.0,True,1,suggestion_e601bd26f5d6274f,event_name_correction,0.884,D-score event 'Swiss Championships' may match score-sheet event 'Swiss Team Championships'.,Swiss Team Championships,2023,Janic Fässler,SUI,MAG,junior,VT,1,,individual,final,13.0,4.0,MAG,4936,"[{""suggestion_id"": ""suggestion_e601bd26f5d6274f"", ""suggestion_type"": ""event_name_correction"", ""confidence"": 0.884, ""message"": ""D-score event 'Swiss Championships' may match score-sheet event 'Swiss Team Championships'."", ""action"": ""attach_d_score_to_target_result"", ""changes"": {""event_name"": {""from"": ""Swiss Championships"", ""to"": ""Swiss Team Championships""}}, ""target_result"": {""event_name"": ""Swiss Team Championships"", ""year"": 2023, ""athlete_name"": ""Janic Fässler"", ""country"": ""SUI"", ""discipline"": ""MAG"", ""category"": ""junior"", ""apparatus"": ""VT"", ""vt_attempt"": 1, ""day"": null, ""format"": ""individual"", ""round"": ""final"", ""score"": 13.0, ""D_score"": 4.0, ""vault_attempt_order_uncertain"": true, ""source_sheet"": ""MAG"", ""source_row"": 4936, ""target_id"": ""target_2e1a87a6778c7298""}}]"
orphan_9a6e0823edfc9379,missing_score_sheet_context,review,No matching final-score result is available in the score sheet.,MAG D,4508,Swiss Championships,2023,Janic Fässler,SUI,MAG,junior,FX,,,apparatus,final,4.6,False,0,,,,,,,,,,,,,,,,,,,,[]
orphan_1284c3b9aa5181f7,missing_score_sheet_context,review,No matching final-score result is available in the score sheet.,MAG D,4508,Swiss Championships,2023,Janic Fässler,SUI,MAG,junior,PB,,,apparatus,final,4.4,False,0,,,,,,,,,,,,,,,,,,,,[]
orphan_e45c533a0c2ebe79,missing_score_sheet_context,review,No matching final-score result is available in the score sheet.,MAG D,4508,Swiss Championships,2023,Janic Fässler,SUI,MAG,junior,SR,,,apparatus,final,4.1,False,0,,,,,,,,,,,,,,,,,,,,[]
orphan_db3bed745cf9b82a,possible_event_name_mismatch,review,Possible event-name mismatch between the D sheet and the score sheet.,MAG D,4514,Swiss Championships,2023,Janik Mann,SUI,MAG,junior,FX,,,individual,final,4.1,False,1,suggestion_75dc1d5bce8cf872,event_name_correction,0.884,D-score event 'Swiss Championships' may match score-sheet event 'Swiss Team Championships'.,Swiss Team Championships,2023,Janik Mann,SUI,MAG,junior,FX,,,individual,final,10.6,4.0,MAG,4945,"[{""suggestion_id"": ""suggestion_75dc1d5bce8cf872"", ""suggestion_type"": ""event_name_correction"", ""confidence"": 0.884, ""message"": ""D-score event 'Swiss Championships' may match score-sheet event 'Swiss Team Championships'."", ""action"": ""attach_d_score_to_target_result"", ""changes"": {""event_name"": {""from"": ""Swiss Championships"", ""to"": ""Swiss Team Championships""}}, ""target_result"": {""event_name"": ""Swiss Team Championships"", ""year"": 2023, ""athlete_name"": ""Janik Mann"", ""country"": ""SUI"", ""discipline"": ""MAG"", ""category"": ""junior"", ""apparatus"": ""FX"", ""vt_attempt"": null, ""day"": null, ""format"": ""individual"", ""round"": ""final"", ""score"": 10.6, ""D_score"": 4.0, ""vault_attempt_order_uncertain"": false, ""source_sheet"": ""MAG"", ""source_row"": 4945, ""target_id"": ""target_312db54200a927af""}}]"
orphan_676c5b7e8d4a56b1,possible_event_name_mismatch,review,Possible event-name mismatch between the D sheet and the score sheet.,MAG D,4514,Swiss Championships,2023,Janik Mann,SUI,MAG,junior,HB,,,individual,final,3.5,False,1,suggestion_5ddc62cfbf52c201,event_name_correction,0.884,D-score event 'Swiss Championships' may match score-sheet event 'Swiss Team Championships'.,Swiss Team Championships,2023,Janik Mann,SUI,MAG,junior,HB,,,individual,final,11.766,3.5,MAG,4945,"[{""suggestion_id"": ""suggestion_5ddc62cfbf52c201"", ""suggestion_type"": ""event_name_correction"", ""confidence"": 0.884, ""message"": ""D-score event 'Swiss Championships' may match score-sheet event 'Swiss Team Championships'."", ""action"": ""attach_d_score_to_target_result"", ""changes"": {""event_name"": {""from"": ""Swiss Championships"", ""to"": ""Swiss Team Championships""}}, ""target_result"": {""event_name"": ""Swiss Team Championships"", ""year"": 2023, ""athlete_name"": ""Janik Mann"", ""country"": ""SUI"", ""discipline"": ""MAG"", ""category"": ""junior"", ""apparatus"": ""HB"", ""vt_attempt"": null, ""day"": null, ""format"": ""individual"", ""round"": ""final"", ""score"": 11.766, ""D_score"": 3.5, ""vault_attempt_order_uncertain"": false, ""source_sheet"": ""MAG"", ""source_row"": 4945, ""target_id"": ""target_04eb1792baaea564""}}]"
orphan_3400fb48cef83288,possible_event_name_mismatch,review,Possible event-name mismatch between the D sheet and the score sheet.,MAG D,4514,Swiss Championships,2023,Janik Mann,SUI,MAG,junior,PB,,,individual,final,3.6,False,1,suggestion_6c26866c85f79cdd,event_name_correction,0.884,D-score event 'Swiss Championships' may match score-sheet event 'Swiss Team Championships'.,Swiss Team Championships,2023,Janik Mann,SUI,MAG,junior,PB,,,individual,final,12.2,3.4,MAG,4945,"[{""suggestion_id"": ""suggestion_6c26866c85f79cdd"", ""suggestion_type"": ""event_name_correction"", ""confidence"": 0.884, ""message"": ""D-score event 'Swiss Championships' may match score-sheet event 'Swiss Team Championships'."", ""action"": ""attach_d_score_to_target_result"", ""changes"": {""event_name"": {""from"": ""Swiss Championships"", ""to"": ""Swiss Team Championships""}}, ""target_result"": {""event_name"": ""Swiss Team Championships"", ""year"": 2023, ""athlete_name"": ""Janik Mann"", ""country"": ""SUI"", ""discipline"": ""MAG"", ""category"": ""junior"", ""apparatus"": ""PB"", ""vt_attempt"": null, ""day"": null, ""format"": ""individual"", ""round"": ""final"", ""score"": 12.2, ""D_score"": 3.4, ""vault_attempt_order_uncertain"": false, ""source_sheet"": ""MAG"", ""source_row"": 4945, ""target_id"": ""target_6eaae3afe6e162f6""}}]"
orphan_b5d641f870576a0d,athlete_missing_in_score_sheet,review,"The event/apparatus/context exists, but this athlete is missing in the score sheet.",MAG D,4514,Swiss Championships,2023,Janik Mann,SUI,MAG,junior,PH,,,individual,final,2.2,False,0,,,,,,,,,,,,,,,,,,,,[]
orphan_44c4a17e5f786732,possible_event_name_mismatch,review,Possible event-name mismatch between the D sheet and the score sheet.,MAG D,4514,Swiss Championships,2023,Janik Mann,SUI,MAG,junior,SR,,,individual,final,3.9,False,1,suggestion_3dc52dd8ad16ad0c,event_name_correction,0.884,D-score event 'Swiss Championships' may match score-sheet event 'Swiss Team Championships'.,Swiss Team Championships,2023,Janik Mann,SUI,MAG,junior,SR,,,individual,final,12.133,3.8,MAG,4945,"[{""suggestion_id"": ""suggestion_3dc52dd8ad16ad0c"", ""suggestion_type"": ""event_name_correction"", ""confidence"": 0.884, ""message"": ""D-score event 'Swiss Championships' may match score-sheet event 'Swiss Team Championships'."", ""action"": ""attach_d_score_to_target_result"", ""changes"": {""event_name"": {""from"": ""Swiss Championships"", ""to"": ""Swiss Team Championships""}}, ""target_result"": {""event_name"": ""Swiss Team Championships"", ""year"": 2023, ""athlete_name"": ""Janik Mann"", ""country"": ""SUI"", ""discipline"": ""MAG"", ""category"": ""junior"", ""apparatus"": ""SR"", ""vt_attempt"": null, ""day"": null, ""format"": ""individual"", ""round"": ""final"", ""score"": 12.133, ""D_score"": 3.8, ""vault_attempt_order_uncertain"": false, ""source_sheet"": ""MAG"", ""source_row"": 4945, ""target_id"": ""target_2a8740348905b5e3""}}]"
orphan_9ecf4440a0f85644,possible_event_name_mismatch,review,Possible event-name mismatch between the D sheet and the score sheet.,MAG D,4514,Swiss Championships,2023,Janik Mann,SUI,MAG,junior,VT,1,,individual,final,4.0,True,1,suggestion_aa3565648392fb0a,event_name_correction,0.884,D-score event 'Swiss Championships' may match score-sheet event 'Swiss Team Championships'.,Swiss Team Championships,2023,Janik Mann,SUI,MAG,junior,VT,1,,individual,final,12.9,4.0,MAG,4945,"[{""suggestion_id"": ""suggestion_aa3565648392fb0a"", ""suggestion_type"": ""event_name_correction"", ""confidence"": 0.884, ""message"": ""D-score event 'Swiss Championships' may match score-sheet event 'Swiss Team Championships'."", ""action"": ""attach_d_score_to_target_result"", ""changes"": {""event_name"": {""from"": ""Swiss Championships"", ""to"": ""Swiss Team Championships""}}, ""target_result"": {""event_name"": ""Swiss Team Championships"", ""year"": 2023, ""athlete_name"": ""Janik Mann"", ""country"": ""SUI"", ""discipline"": ""MAG"", ""category"": ""junior"", ""apparatus"": ""VT"", ""vt_attempt"": 1, ""day"": null, ""format"": ""individual"", ""round"": ""final"", ""score"": 12.9, ""D_score"": 4.0, ""vault_attempt_order_uncertain"": true, ""source_sheet"": ""MAG"", ""source_row"": 4945, ""target_id"": ""target_b605ca121cff57a1""}}]"
orphan_f415dcc845560b0d,missing_score_sheet_context,review,No matching final-score result is available in the score sheet.,MAG D,4515,Swiss Championships,2023,Janik Mann,SUI,MAG,junior,HB,,,apparatus,final,2.7,False,0,,,,,,,,,,,,,,,,,,,,[]
orphan_07c0a3942ebcfe37,athlete_missing_in_score_sheet,review,"The event/apparatus/context exists, but this athlete is missing in the score sheet.",MAG D,4515,Swiss Championships,2023,Janik Mann,SUI,MAG,junior,VT,1,,apparatus,final,4.4,True,0,,,,,,,,,,,,,,,,,,,,[]
orphan_596dd1ae39f95475,athlete_missing_in_score_sheet,review,"The event/apparatus/context exists, but this athlete is missing in the score sheet.",MAG D,4515,Swiss Championships,2023,Janik Mann,SUI,MAG,junior,VT,2,,apparatus,final,4.0,True,0,,,,,,,,,,,,,,,,,,,,[]
orphan_30c0a0e7c2171334,athlete_missing_in_score_sheet,review,"The event/apparatus/context exists, but this athlete is missing in the score sheet.",MAG D,4520,Swiss Championships,2023,Janis Aergerter,SUI,MAG,junior,FX,,,individual,final,4.2,False,0,,,,,,,,,,,,,,,,,,,,[]
orphan_e98b53f2f97b82c0,athlete_missing_in_score_sheet,review,"The event/apparatus/context exists, but this athlete is missing in the score sheet.",MAG D,4520,Swiss Championships,2023,Janis Aergerter,SUI,MAG,junior,HB,,,individual,final,1.9,False,0,,,,,,,,,,,,,,,,,,,,[]
orphan_9094de6e7e86fe44,athlete_missing_in_score_sheet,review,"The event/apparatus/context exists, but this athlete is missing in the score sheet.",MAG D,4520,Swiss Championships,2023,Janis Aergerter,SUI,MAG,junior,PB,,,individual,final,3.7,False,0,,,,,,,,,,,,,,,,,,,,[]
orphan_1d7f3d8d4c68fbf1,athlete_missing_in_score_sheet,review,"The event/apparatus/context exists, but this athlete is missing in the score sheet.",MAG D,4520,Swiss Championships,2023,Janis Aergerter,SUI,MAG,junior,VT,1,,individual,final,4.0,True,0,,,,,,,,,,,,,,,,,,,,[]
orphan_047bb038fc77142f,missing_final_score_for_context,review,"The athlete/event exists, but not this apparatus/context.",MAG D,4550,British Championships,2023,Jay Coote,GBR,MAG,junior,VT,2,,individual,final,2.8,True,0,,,,,,,,,,,,,,,,,,,,[]
orphan_ce058db62d31d8d8,possible_context_mismatch,review,"Possible format, round, or day mismatch.",MAG D,4572,British Championships,2023,Jed Solomon,GBR,MAG,junior,VT,2,,individual,final,4.0,True,1,suggestion_29cb83baeaab1b66,context_correction,0.65,"Same athlete/event/apparatus exists in the score sheet, but format, round, or day is different.",British Championships,2023,Jed Solomon,GBR,MAG,junior,VT,2,,apparatus,final,12.95,4.0,MAG,5006,"[{""suggestion_id"": ""suggestion_29cb83baeaab1b66"", ""suggestion_type"": ""context_correction"", ""confidence"": 0.65, ""message"": ""Same athlete/event/apparatus exists in the score sheet, but format, round, or day is different."", ""action"": ""attach_d_score_to_target_result"", ""changes"": {""format"": {""from"": ""individual"", ""to"": ""apparatus""}, ""round"": {""from"": ""final"", ""to"": ""final""}, ""day"": {""from"": null, ""to"": null}}, ""target_result"": {""event_name"": ""British Championships"", ""year"": 2023, ""athlete_name"": ""Jed Solomon"", ""country"": ""GBR"", ""discipline"": ""MAG"", ""category"": ""junior"", ""apparatus"": ""VT"", ""vt_attempt"": 2, ""day"": null, ""format"": ""apparatus"", ""round"": ""final"", ""score"": 12.95, ""D_score"": 4.0, ""vault_attempt_order_uncertain"": true, ""source_sheet"": ""MAG"", ""source_row"": 5006, ""target_id"": ""target_83211604e991b20d""}}]"
orphan_f5cca8faca935ee9,missing_final_score_for_context,review,"The athlete/event exists, but not this apparatus/context.",MAG D,4583,Swedish Cup,2023,Jens Graner,SWE,MAG,junior,VT,2,,individual,final,2.4,True,0,,,,,,,,,,,,,,,,,,,,[]
orphan_aef16e0b4b6ac6f9,missing_final_score_for_context,review,"The athlete/event exists, but not this apparatus/context.",MAG D,4623,British Championships,2023,Jesse Dobson,GBR,MAG,junior,VT,2,,individual,final,3.2,True,0,,,,,,,,,,,,,,,,,,,,[]
orphan_e9561eb301601e94,possible_athlete_name_typo,review,Possible athlete-name typo between the D sheet and the score sheet.,MAG D,4639,2nd Colombian Championships,2023,Jham Furnieles,COL,MAG,senior,PB,,,individual,final,2.1,False,2,suggestion_95e436801c99a0df,athlete_name_correction,0.929,D-score athlete 'Jham Furnieles' probably matches score-sheet athlete 'Jhan Furnieles'.,2nd Colombian Championships,2023,Jhan Furnieles,COL,MAG,senior,PB,,,individual,final,3.8,,MAG,5075,"[{""suggestion_id"": ""suggestion_95e436801c99a0df"", ""suggestion_type"": ""athlete_name_correction"", ""confidence"": 0.929, ""message"": ""D-score athlete 'Jham Furnieles' probably matches score-sheet athlete 'Jhan Furnieles'."", ""action"": ""attach_d_score_to_target_result"", ""changes"": {""athlete_name"": {""from"": ""Jham Furnieles"", ""to"": ""Jhan Furnieles""}}, ""target_result"": {""event_name"": ""2nd Colombian Championships"", ""year"": 2023, ""athlete_name"": ""Jhan Furnieles"", ""country"": ""COL"", ""discipline"": ""MAG"", ""category"": ""senior"", ""apparatus"": ""PB"", ""vt_attempt"": null, ""day"": null, ""format"": ""individual"", ""round"": ""final"", ""score"": 3.8, ""D_score"": null, ""vault_attempt_order_uncertain"": false, ""source_sheet"": ""MAG"", ""source_row"": 5075, ""target_id"": ""target_2509aea5a4406184""}}, {""suggestion_id"": ""suggestion_8ba1dbffb70b3337"", ""suggestion_type"": ""event_name_correction"", ""confidence"": 0.92, ""message"": ""D-score event '2nd Colombian Championships' may match score-sheet event 'Colombian Championships'."", ""action"": ""attach_d_score_to_target_result"", ""changes"": {""event_name"": {""from"": ""2nd Colombian Championships"", ""to"": ""Colombian Championships""}}, ""target_result"": {""event_name"": ""Colombian Championships"", ""year"": 2023, ""athlete_name"": ""Jham Furnieles"", ""country"": ""COL"", ""discipline"": ""MAG"", ""category"": ""senior"", ""apparatus"": ""PB"", ""vt_attempt"": null, ""day"": null, ""format"": ""individual"", ""round"": ""final"", ""score"": 1.9, ""D_score"": 2.0, ""vault_attempt_order_uncertain"": false, ""source_sheet"": ""MAG"", ""source_row"": 5073, ""target_id"": ""target_fd2a9ca105c42cc4""}}]"
orphan_c7f0c7518f17f830,possible_athlete_name_typo,review,Possible athlete-name typo between the D sheet and the score sheet.,MAG D,4639,2nd Colombian Championships,2023,Jham Furnieles,COL,MAG,senior,SR,,,individual,final,1.9,False,2,suggestion_0410d713924a806e,athlete_name_correction,0.929,D-score athlete 'Jham Furnieles' probably matches score-sheet athlete 'Jhan Furnieles'.,2nd Colombian Championships,2023,Jhan Furnieles,COL,MAG,senior,SR,,,individual,final,4.967,,MAG,5075,"[{""suggestion_id"": ""suggestion_0410d713924a806e"", ""suggestion_type"": ""athlete_name_correction"", ""confidence"": 0.929, ""message"": ""D-score athlete 'Jham Furnieles' probably matches score-sheet athlete 'Jhan Furnieles'."", ""action"": ""attach_d_score_to_target_result"", ""changes"": {""athlete_name"": {""from"": ""Jham Furnieles"", ""to"": ""Jhan Furnieles""}}, ""target_result"": {""event_name"": ""2nd Colombian Championships"", ""year"": 2023, ""athlete_name"": ""Jhan Furnieles"", ""country"": ""COL"", ""discipline"": ""MAG"", ""category"": ""senior"", ""apparatus"": ""SR"", ""vt_attempt"": null, ""day"": null, ""format"": ""individual"", ""round"": ""final"", ""score"": 4.967, ""D_score"": null, ""vault_attempt_order_uncertain"": false, ""source_sheet"": ""MAG"", ""source_row"": 5075, ""target_id"": ""target_1ebc825f5500e2cb""}}, {""suggestion_id"": ""suggestion_12eca6382f305c15"", ""suggestion_type"": ""event_name_correction"", ""confidence"": 0.92, ""message"": ""D-score event '2nd Colombian Championships' may match score-sheet event 'Colombian Championships'."", ""action"": ""attach_d_score_to_target_result"", ""changes"": {""event_name"": {""from"": ""2nd Colombian Championships"", ""to"": ""Colombian Championships""}}, ""target_result"": {""event_name"": ""Colombian Championships"", ""year"": 2023, ""athlete_name"": ""Jham Furnieles"", ""country"": ""COL"", ""discipline"": ""MAG"", ""category"": ""senior"", ""apparatus"": ""SR"", ""vt_attempt"": null, ""day"": null, ""format"": ""individual"", ""round"": ""final"", ""score"": 8.7, ""D_score"": 2.5, ""vault_attempt_order_uncertain"": false, ""source_sheet"": ""MAG"", ""source_row"": 5073, ""target_id"": ""target_a4cd188b9f8c40ba""}}]"
orphan_1eec3a8cd6b6d323,athlete_missing_in_score_sheet,review,"The event/apparatus/context exists, but this athlete is missing in the score sheet.",MAG D,4696,Brazil Trophy,2023,João Perdigão,BRA,MAG,senior,FX,,,individual,qualification,4.9,False,0,,,,,,,,,,,,,,,,,,,,[]
orphan_c87db78309dca9c5,athlete_missing_in_score_sheet,review,"The event/apparatus/context exists, but this athlete is missing in the score sheet.",MAG D,4696,Brazil Trophy,2023,João Perdigão,BRA,MAG,senior,PH,,,individual,qualification,4.0,False,0,,,,,,,,,,,,,,,,,,,,[]
orphan_096aa7a0533b9e61,athlete_missing_in_score_sheet,review,"The event/apparatus/context exists, but this athlete is missing in the score sheet.",MAG D,4696,Brazil Trophy,2023,João Perdigão,BRA,MAG,senior,SR,,,individual,qualification,4.2,False,0,,,,,,,,,,,,,,,,,,,,[]
orphan_46c3f935a4ee5d6c,athlete_missing_in_score_sheet,review,"The event/apparatus/context exists, but this athlete is missing in the score sheet.",MAG D,4696,Brazil Trophy,2023,João Perdigão,BRA,MAG,senior,VT,1,,individual,qualification,5.2,True,0,,,,,,,,,,,,,,,,,,,,[]
orphan_b4586686e71690c5,athlete_missing_in_score_sheet,review,"The event/apparatus/context exists, but this athlete is missing in the score sheet.",MAG D,4696,Brazil Trophy,2023,João Perdigão,BRA,MAG,senior,VT,2,,individual,qualification,4.8,True,0,,,,,,,,,,,,,,,,,,,,[]
orphan_5924e79949641277,athlete_missing_in_score_sheet,review,"The event/apparatus/context exists, but this athlete is missing in the score sheet.",MAG D,4697,Brazil Trophy,2023,João Perdigão,BRA,MAG,senior,VT,1,,apparatus,final,5.2,True,0,,,,,,,,,,,,,,,,,,,,[]
orphan_dbc466f0e8adeb16,athlete_missing_in_score_sheet,review,"The event/apparatus/context exists, but this athlete is missing in the score sheet.",MAG D,4697,Brazil Trophy,2023,João Perdigão,BRA,MAG,senior,VT,2,,apparatus,final,4.8,True,0,,,,,,,,,,,,,,,,,,,,[]
orphan_76a9f4f48782673a,athlete_missing_in_score_sheet,review,"The event/apparatus/context exists, but this athlete is missing in the score sheet.",MAG D,4699,Brazilian Championships,2023,João Victor Perdigão,BRA,MAG,senior,FX,,,individual,final,5.1,False,0,,,,,,,,,,,,,,,,,,,,[]
orphan_c0625f6ca0b6b1b9,athlete_missing_in_score_sheet,review,"The event/apparatus/context exists, but this athlete is missing in the score sheet.",MAG D,4699,Brazilian Championships,2023,João Victor Perdigão,BRA,MAG,senior,HB,,,individual,final,4.1,False,0,,,,,,,,,,,,,,,,,,,,[]
orphan_ee90e069c5f713c3,athlete_missing_in_score_sheet,review,"The event/apparatus/context exists, but this athlete is missing in the score sheet.",MAG D,4699,Brazilian Championships,2023,João Victor Perdigão,BRA,MAG,senior,PB,,,individual,final,4.1,False,0,,,,,,,,,,,,,,,,,,,,[]
orphan_504237ebbfbb9a8a,athlete_missing_in_score_sheet,review,"The event/apparatus/context exists, but this athlete is missing in the score sheet.",MAG D,4699,Brazilian Championships,2023,João Victor Perdigão,BRA,MAG,senior,PH,,,individual,final,4.2,False,0,,,,,,,,,,,,,,,,,,,,[]
orphan_6e271de4a7768b59,athlete_missing_in_score_sheet,review,"The event/apparatus/context exists, but this athlete is missing in the score sheet.",MAG D,4699,Brazilian Championships,2023,João Victor Perdigão,BRA,MAG,senior,SR,,,individual,final,4.7,False,0,,,,,,,,,,,,,,,,,,,,[]
orphan_5a5b5d107332107d,athlete_missing_in_score_sheet,review,"The event/apparatus/context exists, but this athlete is missing in the score sheet.",MAG D,4699,Brazilian Championships,2023,João Victor Perdigão,BRA,MAG,senior,VT,1,,individual,final,4.8,True,0,,,,,,,,,,,,,,,,,,,,[]
orphan_ccf3e6ee303cf568,athlete_missing_in_score_sheet,review,"The event/apparatus/context exists, but this athlete is missing in the score sheet.",MAG D,4699,Brazilian Championships,2023,João Victor Perdigão,BRA,MAG,senior,VT,2,,individual,final,3.2,True,0,,,,,,,,,,,,,,,,,,,,[]
orphan_da6df07ba3d5e18c,athlete_missing_in_score_sheet,review,"The event/apparatus/context exists, but this athlete is missing in the score sheet.",MAG D,4700,Brazilian Championships,2023,João Victor Perdigão,BRA,MAG,senior,FX,,,individual,qualification,5.1,False,0,,,,,,,,,,,,,,,,,,,,[]
orphan_7bb49a44d0c9e548,athlete_missing_in_score_sheet,review,"The event/apparatus/context exists, but this athlete is missing in the score sheet.",MAG D,4700,Brazilian Championships,2023,João Victor Perdigão,BRA,MAG,senior,HB,,,individual,qualification,4.1,False,0,,,,,,,,,,,,,,,,,,,,[]
orphan_838ae846023a583e,athlete_missing_in_score_sheet,review,"The event/apparatus/context exists, but this athlete is missing in the score sheet.",MAG D,4700,Brazilian Championships,2023,João Victor Perdigão,BRA,MAG,senior,PB,,,individual,qualification,3.9,False,0,,,,,,,,,,,,,,,,,,,,[]
orphan_b1acf812a0aaac43,athlete_missing_in_score_sheet,review,"The event/apparatus/context exists, but this athlete is missing in the score sheet.",MAG D,4700,Brazilian Championships,2023,João Victor Perdigão,BRA,MAG,senior,PH,,,individual,qualification,4.2,False,0,,,,,,,,,,,,,,,,,,,,[]
orphan_f67cc53af6de0578,athlete_missing_in_score_sheet,review,"The event/apparatus/context exists, but this athlete is missing in the score sheet.",MAG D,4700,Brazilian Championships,2023,João Victor Perdigão,BRA,MAG,senior,SR,,,individual,qualification,4.6,False,0,,,,,,,,,,,,,,,,,,,,[]
orphan_c9ab36fe68ddf9f0,athlete_missing_in_score_sheet,review,"The event/apparatus/context exists, but this athlete is missing in the score sheet.",MAG D,4700,Brazilian Championships,2023,João Victor Perdigão,BRA,MAG,senior,VT,1,,individual,qualification,4.8,True,0,,,,,,,,,,,,,,,,,,,,[]
orphan_85483a3612680ba0,athlete_missing_in_score_sheet,review,"The event/apparatus/context exists, but this athlete is missing in the score sheet.",MAG D,4700,Brazilian Championships,2023,João Victor Perdigão,BRA,MAG,senior,VT,2,,individual,qualification,3.3,True,0,,,,,,,,,,,,,,,,,,,,[]
orphan_55fe4b3d09ed5ce7,possible_context_mismatch,review,"Possible format, round, or day mismatch.",MAG D,4816,British Championships,2023,Jonas Rushworth,GBR,MAG,junior,VT,2,,individual,final,4.0,True,1,suggestion_9b2c51bb358ceebf,context_correction,0.65,"Same athlete/event/apparatus exists in the score sheet, but format, round, or day is different.",British Championships,2023,Jonas Rushworth,GBR,MAG,junior,VT,2,,apparatus,final,13.45,4.0,MAG,5260,"[{""suggestion_id"": ""suggestion_9b2c51bb358ceebf"", ""suggestion_type"": ""context_correction"", ""confidence"": 0.65, ""message"": ""Same athlete/event/apparatus exists in the score sheet, but format, round, or day is different."", ""action"": ""attach_d_score_to_target_result"", ""changes"": {""format"": {""from"": ""individual"", ""to"": ""apparatus""}, ""round"": {""from"": ""final"", ""to"": ""final""}, ""day"": {""from"": null, ""to"": null}}, ""target_result"": {""event_name"": ""British Championships"", ""year"": 2023, ""athlete_name"": ""Jonas Rushworth"", ""country"": ""GBR"", ""discipline"": ""MAG"", ""category"": ""junior"", ""apparatus"": ""VT"", ""vt_attempt"": 2, ""day"": null, ""format"": ""apparatus"", ""round"": ""final"", ""score"": 13.45, ""D_score"": 4.0, ""vault_attempt_order_uncertain"": true, ""source_sheet"": ""MAG"", ""source_row"": 5260, ""target_id"": ""target_c574c8ef7202c3df""}}]"
orphan_5ba912b9d52b1d7f,athlete_missing_in_score_sheet,review,"The event/apparatus/context exists, but this athlete is missing in the score sheet.",MAG D,4880,Brazilian Championships,2023,Jose Celini,BRA,MAG,senior,FX,,,individual,qualification,4.5,False,0,,,,,,,,,,,,,,,,,,,,[]
orphan_275d41d3270aa093,athlete_missing_in_score_sheet,review,"The event/apparatus/context exists, but this athlete is missing in the score sheet.",MAG D,4880,Brazilian Championships,2023,Jose Celini,BRA,MAG,senior,HB,,,individual,qualification,2.1,False,0,,,,,,,,,,,,,,,,,,,,[]
orphan_425dde688948d10c,athlete_missing_in_score_sheet,review,"The event/apparatus/context exists, but this athlete is missing in the score sheet.",MAG D,4880,Brazilian Championships,2023,Jose Celini,BRA,MAG,senior,PB,,,individual,qualification,3.9,False,0,,,,,,,,,,,,,,,,,,,,[]
orphan_b4d61156ede5facb,athlete_missing_in_score_sheet,review,"The event/apparatus/context exists, but this athlete is missing in the score sheet.",MAG D,4880,Brazilian Championships,2023,Jose Celini,BRA,MAG,senior,PH,,,individual,qualification,3.7,False,0,,,,,,,,,,,,,,,,,,,,[]
orphan_a65792edca12e61c,athlete_missing_in_score_sheet,review,"The event/apparatus/context exists, but this athlete is missing in the score sheet.",MAG D,4880,Brazilian Championships,2023,Jose Celini,BRA,MAG,senior,SR,,,individual,qualification,3.6,False,0,,,,,,,,,,,,,,,,,,,,[]
orphan_d06db69914179777,athlete_missing_in_score_sheet,review,"The event/apparatus/context exists, but this athlete is missing in the score sheet.",MAG D,4880,Brazilian Championships,2023,Jose Celini,BRA,MAG,senior,VT,1,,individual,qualification,3.2,True,0,,,,,,,,,,,,,,,,,,,,[]
orphan_59f3491cfa278b10,athlete_missing_in_score_sheet,review,"The event/apparatus/context exists, but this athlete is missing in the score sheet.",MAG D,4880,Brazilian Championships,2023,Jose Celini,BRA,MAG,senior,VT,2,,individual,qualification,2.8,True,0,,,,,,,,,,,,,,,,,,,,[]
orphan_5f7cf8dd9a7b2f91,athlete_missing_in_score_sheet,review,"The event/apparatus/context exists, but this athlete is missing in the score sheet.",MAG D,4881,Brazilian Championships,2023,Jose Celini,BRA,MAG,senior,FX,,,individual,final,4.4,False,0,,,,,,,,,,,,,,,,,,,,[]
orphan_88d66e259c068a57,athlete_missing_in_score_sheet,review,"The event/apparatus/context exists, but this athlete is missing in the score sheet.",MAG D,4881,Brazilian Championships,2023,Jose Celini,BRA,MAG,senior,HB,,,individual,final,2.1,False,0,,,,,,,,,,,,,,,,,,,,[]
orphan_aaceae61a448f8f8,athlete_missing_in_score_sheet,review,"The event/apparatus/context exists, but this athlete is missing in the score sheet.",MAG D,4881,Brazilian Championships,2023,Jose Celini,BRA,MAG,senior,PB,,,individual,final,3.1,False,0,,,,,,,,,,,,,,,,,,,,[]
orphan_193b0b7b6ef1b367,athlete_missing_in_score_sheet,review,"The event/apparatus/context exists, but this athlete is missing in the score sheet.",MAG D,4881,Brazilian Championships,2023,Jose Celini,BRA,MAG,senior,PH,,,individual,final,3.7,False,0,,,,,,,,,,,,,,,,,,,,[]
orphan_2a103048549d5a1a,athlete_missing_in_score_sheet,review,"The event/apparatus/context exists, but this athlete is missing in the score sheet.",MAG D,4881,Brazilian Championships,2023,Jose Celini,BRA,MAG,senior,SR,,,individual,final,3.5,False,0,,,,,,,,,,,,,,,,,,,,[]
orphan_6bdacbd7dbec5d62,athlete_missing_in_score_sheet,review,"The event/apparatus/context exists, but this athlete is missing in the score sheet.",MAG D,4881,Brazilian Championships,2023,Jose Celini,BRA,MAG,senior,VT,1,,individual,final,3.2,True,0,,,,,,,,,,,,,,,,,,,,[]
orphan_19551966da903e53,athlete_missing_in_score_sheet,review,"The event/apparatus/context exists, but this athlete is missing in the score sheet.",MAG D,4881,Brazilian Championships,2023,Jose Celini,BRA,MAG,senior,VT,2,,individual,final,2.8,True,0,,,,,,,,,,,,,,,,,,,,[]
orphan_d5047d541c96609e,athlete_missing_in_score_sheet,review,"The event/apparatus/context exists, but this athlete is missing in the score sheet.",MAG D,4882,Brazil Trophy,2023,Jose Celini,BRA,MAG,senior,PB,,,individual,qualification,3.0,False,0,,,,,,,,,,,,,,,,,,,,[]
orphan_be9020044a4d0da5,athlete_missing_in_score_sheet,review,"The event/apparatus/context exists, but this athlete is missing in the score sheet.",MAG D,4882,Brazil Trophy,2023,Jose Celini,BRA,MAG,senior,PH,,,individual,qualification,1.2,False,0,,,,,,,,,,,,,,,,,,,,[]
orphan_ef6934ca32180767,possible_context_mismatch,review,"Possible format, round, or day mismatch.",MAG D,4894,Paris Challenge Cup,2023,Jose Lopez,PUR,MAG,senior,PB,,,apparatus,final,4.8,False,1,suggestion_c00e3ce013627d6d,context_correction,0.65,"Same athlete/event/apparatus exists in the score sheet, but format, round, or day is different.",Paris Challenge Cup,2023,Jose Lopez,PUR,MAG,senior,PB,,,individual,qualification,12.9,,MAG,5338,"[{""suggestion_id"": ""suggestion_c00e3ce013627d6d"", ""suggestion_type"": ""context_correction"", ""confidence"": 0.65, ""message"": ""Same athlete/event/apparatus exists in the score sheet, but format, round, or day is different."", ""action"": ""attach_d_score_to_target_result"", ""changes"": {""format"": {""from"": ""apparatus"", ""to"": ""individual""}, ""round"": {""from"": ""final"", ""to"": ""qualification""}, ""day"": {""from"": null, ""to"": null}}, ""target_result"": {""event_name"": ""Paris Challenge Cup"", ""year"": 2023, ""athlete_name"": ""Jose Lopez"", ""country"": ""PUR"", ""discipline"": ""MAG"", ""category"": ""senior"", ""apparatus"": ""PB"", ""vt_attempt"": null, ""day"": null, ""format"": ""individual"", ""round"": ""qualification"", ""score"": 12.9, ""D_score"": null, ""vault_attempt_order_uncertain"": false, ""source_sheet"": ""MAG"", ""source_row"": 5338, ""target_id"": ""target_fc2ad4edd50a8792""}}]"
orphan_37b1f757d060c882,missing_final_score_for_context,review,"The athlete/event exists, but not this apparatus/context.",MAG D,4936,Szombathely Challenge Cup,2023,Joseph Solis,MEX,MAG,senior,PB,,,individual,qualification,4.7,False,0,,,,,,,,,,,,,,,,,,,,[]
orphan_6d3c69f9151b929e,missing_final_score_for_context,review,"The athlete/event exists, but not this apparatus/context.",MAG D,4938,British Championships,2023,Josh Pettigrew,GBR,MAG,junior,VT,2,,individual,final,2.2,True,0,,,,,,,,,,,,,,,,,,,,[]
orphan_64534effddfd6867,athlete_missing_in_score_sheet,review,"The event/apparatus/context exists, but this athlete is missing in the score sheet.",MAG D,4950,Spanish Championships,2023,Joshua Jack Williams,ESP,MAG,senior,FX,,,individual,final,4.9,False,0,,,,,,,,,,,,,,,,,,,,[]
orphan_c2f7f6de9507b2b7,athlete_missing_in_score_sheet,review,"The event/apparatus/context exists, but this athlete is missing in the score sheet.",MAG D,4950,Spanish Championships,2023,Joshua Jack Williams,ESP,MAG,senior,HB,,,individual,final,4.9,False,0,,,,,,,,,,,,,,,,,,,,[]
orphan_aacbb8b5bc527dbb,athlete_missing_in_score_sheet,review,"The event/apparatus/context exists, but this athlete is missing in the score sheet.",MAG D,4950,Spanish Championships,2023,Joshua Jack Williams,ESP,MAG,senior,PB,,,individual,final,5.1,False,0,,,,,,,,,,,,,,,,,,,,[]
orphan_344eb0ead83c0f9e,athlete_missing_in_score_sheet,review,"The event/apparatus/context exists, but this athlete is missing in the score sheet.",MAG D,4950,Spanish Championships,2023,Joshua Jack Williams,ESP,MAG,senior,PH,,,individual,final,4.4,False,0,,,,,,,,,,,,,,,,,,,,[]
orphan_e1e3f05842d2f041,athlete_missing_in_score_sheet,review,"The event/apparatus/context exists, but this athlete is missing in the score sheet.",MAG D,4950,Spanish Championships,2023,Joshua Jack Williams,ESP,MAG,senior,SR,,,individual,final,4.4,False,0,,,,,,,,,,,,,,,,,,,,[]
orphan_53eae8e898515ecc,athlete_missing_in_score_sheet,review,"The event/apparatus/context exists, but this athlete is missing in the score sheet.",MAG D,5032,Southeast Asian Games,2023,Juancho Besana,PHI,MAG,senior,FX,,,individual,final,4.9,False,0,,,,,,,,,,,,,,,,,,,,[]
orphan_2a4eeeb028dab76a,athlete_missing_in_score_sheet,review,"The event/apparatus/context exists, but this athlete is missing in the score sheet.",MAG D,5032,Southeast Asian Games,2023,Juancho Besana,PHI,MAG,senior,HB,,,individual,final,3.8,False,0,,,,,,,,,,,,,,,,,,,,[]
orphan_ac1dfc3d3f5eced4,athlete_missing_in_score_sheet,review,"The event/apparatus/context exists, but this athlete is missing in the score sheet.",MAG D,5032,Southeast Asian Games,2023,Juancho Besana,PHI,MAG,senior,PB,,,individual,final,3.9,False,0,,,,,,,,,,,,,,,,,,,,[]
orphan_815454e32cabd6eb,athlete_missing_in_score_sheet,review,"The event/apparatus/context exists, but this athlete is missing in the score sheet.",MAG D,5032,Southeast Asian Games,2023,Juancho Besana,PHI,MAG,senior,PH,,,individual,final,4.1,False,0,,,,,,,,,,,,,,,,,,,,[]
orphan_d27b69487a3969f3,athlete_missing_in_score_sheet,review,"The event/apparatus/context exists, but this athlete is missing in the score sheet.",MAG D,5032,Southeast Asian Games,2023,Juancho Besana,PHI,MAG,senior,SR,,,individual,final,4.2,False,0,,,,,,,,,,,,,,,,,,,,[]
orphan_1244cce108e7c2d9,athlete_missing_in_score_sheet,review,"The event/apparatus/context exists, but this athlete is missing in the score sheet.",MAG D,5032,Southeast Asian Games,2023,Juancho Besana,PHI,MAG,senior,VT,1,,individual,final,5.6,True,0,,,,,,,,,,,,,,,,,,,,[]
orphan_7e3df42a5abb92cf,athlete_missing_in_score_sheet,review,"The event/apparatus/context exists, but this athlete is missing in the score sheet.",MAG D,5033,Cottbus World Cup,2023,Juancho Besana,PHI,MAG,senior,HB,,,individual,qualification,3.8,False,0,,,,,,,,,,,,,,,,,,,,[]
orphan_abb918eccc4d80e8,athlete_missing_in_score_sheet,review,"The event/apparatus/context exists, but this athlete is missing in the score sheet.",MAG D,5033,Cottbus World Cup,2023,Juancho Besana,PHI,MAG,senior,VT,1,,individual,qualification,5.6,True,0,,,,,,,,,,,,,,,,,,,,[]
orphan_a4084c99eff4078c,athlete_missing_in_score_sheet,review,"The event/apparatus/context exists, but this athlete is missing in the score sheet.",MAG D,5033,Cottbus World Cup,2023,Juancho Besana,PHI,MAG,senior,VT,2,,individual,qualification,5.2,True,0,,,,,,,,,,,,,,,,,,,,[]
orphan_11527538ff5a1041,athlete_missing_in_score_sheet,review,"The event/apparatus/context exists, but this athlete is missing in the score sheet.",MAG D,5034,Southeast Asian Games,2023,Juancho Besana,PHI,MAG,senior,HB,,,apparatus,final,3.8,False,0,,,,,,,,,,,,,,,,,,,,[]
orphan_aec49f6e46d94a44,athlete_missing_in_score_sheet,review,"The event/apparatus/context exists, but this athlete is missing in the score sheet.",MAG D,5034,Southeast Asian Games,2023,Juancho Besana,PHI,MAG,senior,VT,1,,apparatus,final,5.6,True,0,,,,,,,,,,,,,,,,,,,,[]
orphan_4c01cd779475d015,athlete_missing_in_score_sheet,review,"The event/apparatus/context exists, but this athlete is missing in the score sheet.",MAG D,5034,Southeast Asian Games,2023,Juancho Besana,PHI,MAG,senior,VT,2,,apparatus,final,5.0,True,0,,,,,,,,,,,,,,,,,,,,[]
orphan_c083ea34cbffb038,athlete_missing_in_score_sheet,review,"The event/apparatus/context exists, but this athlete is missing in the score sheet.",MAG D,5035,Doha World Cup,2023,Juancho Besana,PHI,MAG,senior,FX,,,individual,qualification,4.9,False,0,,,,,,,,,,,,,,,,,,,,[]
orphan_e88ec052ca6c26d5,athlete_missing_in_score_sheet,review,"The event/apparatus/context exists, but this athlete is missing in the score sheet.",MAG D,5035,Doha World Cup,2023,Juancho Besana,PHI,MAG,senior,HB,,,individual,qualification,3.8,False,0,,,,,,,,,,,,,,,,,,,,[]
orphan_e215f22c40fb5e29,athlete_missing_in_score_sheet,review,"The event/apparatus/context exists, but this athlete is missing in the score sheet.",MAG D,5035,Doha World Cup,2023,Juancho Besana,PHI,MAG,senior,VT,1,,individual,qualification,5.2,True,0,,,,,,,,,,,,,,,,,,,,[]
orphan_f41b145c575f2e55,athlete_missing_in_score_sheet,review,"The event/apparatus/context exists, but this athlete is missing in the score sheet.",MAG D,5035,Doha World Cup,2023,Juancho Besana,PHI,MAG,senior,VT,2,,individual,qualification,4.8,True,0,,,,,,,,,,,,,,,,,,,,[]
orphan_06492428723f7a23,athlete_missing_in_score_sheet,review,"The event/apparatus/context exists, but this athlete is missing in the score sheet.",MAG D,5036,Cottbus World Cup,2023,Juancho Besana,PHI,MAG,senior,VT,1,,apparatus,final,5.6,True,0,,,,,,,,,,,,,,,,,,,,[]
orphan_076a6a9327870bea,athlete_missing_in_score_sheet,review,"The event/apparatus/context exists, but this athlete is missing in the score sheet.",MAG D,5036,Cottbus World Cup,2023,Juancho Besana,PHI,MAG,senior,VT,2,,apparatus,final,5.2,True,0,,,,,,,,,,,,,,,,,,,,[]
orphan_41118b54b9d8ae72,athlete_missing_in_score_sheet,review,"The event/apparatus/context exists, but this athlete is missing in the score sheet.",MAG D,5037,Asian Games,2023,Juancho Besana,PHI,MAG,senior,VT,1,,individual,qualification,5.2,True,0,,,,,,,,,,,,,,,,,,,,[]
orphan_708fe8354f8e0292,athlete_missing_in_score_sheet,review,"The event/apparatus/context exists, but this athlete is missing in the score sheet.",MAG D,5037,Asian Games,2023,Juancho Besana,PHI,MAG,senior,VT,2,,individual,qualification,5.2,True,0,,,,,,,,,,,,,,,,,,,,[]
orphan_bdbeb96f7b501d99,missing_final_score_for_context,review,"The athlete/event exists, but not this apparatus/context.",MAG D,5041,British Championships,2023,Jude Irons,GBR,MAG,junior,VT,2,,individual,final,2.8,True,0,,,,,,,,,,,,,,,,,,,,[]
orphan_9fddb23a15559da4,possible_event_name_mismatch,review,Possible event-name mismatch between the D sheet and the score sheet.,MAG D,5078,Top 12 Series 4,2023,Julien Marechal,FRA,MAG,senior,PH,,,individual,final,4.6,False,1,suggestion_882a3a5d3682becc,event_name_correction,0.933,D-score event 'Top 12 Series 4' may match score-sheet event 'Top 12 Series 6'.,Top 12 Series 6,2023,Julien Marechal,FRA,MAG,senior,PH,,,individual,final,12.966,4.6,MAG,5524,"[{""suggestion_id"": ""suggestion_882a3a5d3682becc"", ""suggestion_type"": ""event_name_correction"", ""confidence"": 0.933, ""message"": ""D-score event 'Top 12 Series 4' may match score-sheet event 'Top 12 Series 6'."", ""action"": ""attach_d_score_to_target_result"", ""changes"": {""event_name"": {""from"": ""Top 12 Series 4"", ""to"": ""Top 12 Series 6""}}, ""target_result"": {""event_name"": ""Top 12 Series 6"", ""year"": 2023, ""athlete_name"": ""Julien Marechal"", ""country"": ""FRA"", ""discipline"": ""MAG"", ""category"": ""senior"", ""apparatus"": ""PH"", ""vt_attempt"": null, ""day"": null, ""format"": ""individual"", ""round"": ""final"", ""score"": 12.966, ""D_score"": 4.6, ""vault_attempt_order_uncertain"": false, ""source_sheet"": ""MAG"", ""source_row"": 5524, ""target_id"": ""target_582f1c64b3008993""}}]"
orphan_68835807cbf48aaf,possible_context_mismatch,review,"Possible format, round, or day mismatch.",MAG D,5170,Nordic Junior Championships,2023,Kari Palmason,ISL,MAG,junior,VT,2,,individual,final,2.4,True,1,suggestion_0e166ba9776c53f3,context_correction,0.65,"Same athlete/event/apparatus exists in the score sheet, but format, round, or day is different.",Nordic Junior Championships,2023,Kari Palmason,ISL,MAG,junior,VT,2,,apparatus,final,10.866,2.8,MAG,5633,"[{""suggestion_id"": ""suggestion_0e166ba9776c53f3"", ""suggestion_type"": ""context_correction"", ""confidence"": 0.65, ""message"": ""Same athlete/event/apparatus exists in the score sheet, but format, round, or day is different."", ""action"": ""attach_d_score_to_target_result"", ""changes"": {""format"": {""from"": ""individual"", ""to"": ""apparatus""}, ""round"": {""from"": ""final"", ""to"": ""final""}, ""day"": {""from"": null, ""to"": null}}, ""target_result"": {""event_name"": ""Nordic Junior Championships"", ""year"": 2023, ""athlete_name"": ""Kari Palmason"", ""country"": ""ISL"", ""discipline"": ""MAG"", ""category"": ""junior"", ""apparatus"": ""VT"", ""vt_attempt"": 2, ""day"": null, ""format"": ""apparatus"", ""round"": ""final"", ""score"": 10.866, ""D_score"": 2.8, ""vault_attempt_order_uncertain"": true, ""source_sheet"": ""MAG"", ""source_row"": 5633, ""target_id"": ""target_726b13cdeb73a8d2""}}]"
orphan_18f707d1035a6a2d,athlete_missing_in_score_sheet,review,"The event/apparatus/context exists, but this athlete is missing in the score sheet.",MAG D,5345,Swiss Championships,2023,Kevin Buckley,SLO,MAG,junior,FX,,,individual,final,4.3,False,0,,,,,,,,,,,,,,,,,,,,[]
orphan_32460f78d1d60be9,athlete_missing_in_score_sheet,review,"The event/apparatus/context exists, but this athlete is missing in the score sheet.",MAG D,5345,Swiss Championships,2023,Kevin Buckley,SLO,MAG,junior,HB,,,individual,final,4.3,False,0,,,,,,,,,,,,,,,,,,,,[]
orphan_d465227c1e13f88a,athlete_missing_in_score_sheet,review,"The event/apparatus/context exists, but this athlete is missing in the score sheet.",MAG D,5345,Swiss Championships,2023,Kevin Buckley,SLO,MAG,junior,PB,,,individual,final,4.7,False,0,,,,,,,,,,,,,,,,,,,,[]
orphan_3ffa64bd483e1f12,athlete_missing_in_score_sheet,review,"The event/apparatus/context exists, but this athlete is missing in the score sheet.",MAG D,5345,Swiss Championships,2023,Kevin Buckley,SLO,MAG,junior,PH,,,individual,final,4.6,False,0,,,,,,,,,,,,,,,,,,,,[]
orphan_079ea4959547f4cb,athlete_missing_in_score_sheet,review,"The event/apparatus/context exists, but this athlete is missing in the score sheet.",MAG D,5345,Swiss Championships,2023,Kevin Buckley,SLO,MAG,junior,SR,,,individual,final,4.2,False,0,,,,,,,,,,,,,,,,,,,,[]
orphan_ab75bfcab1475b68,athlete_missing_in_score_sheet,review,"The event/apparatus/context exists, but this athlete is missing in the score sheet.",MAG D,5345,Swiss Championships,2023,Kevin Buckley,SLO,MAG,junior,VT,1,,individual,final,4.0,True,0,,,,,,,,,,,,,,,,,,,,[]
orphan_22ea766f1721608a,missing_score_sheet_context,review,No matching final-score result is available in the score sheet.,MAG D,5346,Swiss Championships,2023,Kevin Buckley,SLO,MAG,junior,PH,,,apparatus,final,4.2,False,0,,,,,,,,,,,,,,,,,,,,[]
orphan_71309c74e4a28c5c,athlete_missing_in_score_sheet,review,"The event/apparatus/context exists, but this athlete is missing in the score sheet.",MAG D,5376,2nd Colombian Championships,2023,Keynher Vera,COL,MAG,junior,FX,,,individual,final,4.9,False,0,,,,,,,,,,,,,,,,,,,,[]
orphan_7b287ff5f943347f,athlete_missing_in_score_sheet,review,"The event/apparatus/context exists, but this athlete is missing in the score sheet.",MAG D,5376,2nd Colombian Championships,2023,Keynher Vera,COL,MAG,junior,HB,,,individual,final,4.7,False,0,,,,,,,,,,,,,,,,,,,,[]
orphan_f03c1c6ecc2a1b13,athlete_missing_in_score_sheet,review,"The event/apparatus/context exists, but this athlete is missing in the score sheet.",MAG D,5376,2nd Colombian Championships,2023,Keynher Vera,COL,MAG,junior,PB,,,individual,final,5.1,False,0,,,,,,,,,,,,,,,,,,,,[]
orphan_6f2bb8a53e803eda,athlete_missing_in_score_sheet,review,"The event/apparatus/context exists, but this athlete is missing in the score sheet.",MAG D,5376,2nd Colombian Championships,2023,Keynher Vera,COL,MAG,junior,PH,,,individual,final,4.7,False,0,,,,,,,,,,,,,,,,,,,,[]
orphan_bebb24e70be3ac6c,athlete_missing_in_score_sheet,review,"The event/apparatus/context exists, but this athlete is missing in the score sheet.",MAG D,5376,2nd Colombian Championships,2023,Keynher Vera,COL,MAG,junior,SR,,,individual,final,4.6,False,0,,,,,,,,,,,,,,,,,,,,[]
orphan_026d1f916ca89e30,athlete_missing_in_score_sheet,review,"The event/apparatus/context exists, but this athlete is missing in the score sheet.",MAG D,5376,2nd Colombian Championships,2023,Keynher Vera,COL,MAG,junior,VT,1,,individual,final,5.2,True,0,,,,,,,,,,,,,,,,,,,,[]
orphan_cc7c782d0e7cbf30,athlete_missing_in_score_sheet,review,"The event/apparatus/context exists, but this athlete is missing in the score sheet.",MAG D,5376,2nd Colombian Championships,2023,Keynher Vera,COL,MAG,junior,VT,2,,individual,final,2.8,True,0,,,,,,,,,,,,,,,,,,,,[]
orphan_670e1b0f2612837c,athlete_missing_in_score_sheet,review,"The event/apparatus/context exists, but this athlete is missing in the score sheet.",MAG D,5377,Colombian Championships,2023,Keynher Vera,COL,MAG,junior,FX,,,individual,final,4.8,False,0,,,,,,,,,,,,,,,,,,,,[]
orphan_815f7b556876904b,athlete_missing_in_score_sheet,review,"The event/apparatus/context exists, but this athlete is missing in the score sheet.",MAG D,5377,Colombian Championships,2023,Keynher Vera,COL,MAG,junior,HB,,,individual,final,4.6,False,0,,,,,,,,,,,,,,,,,,,,[]
orphan_110e08ee63ad39dd,athlete_missing_in_score_sheet,review,"The event/apparatus/context exists, but this athlete is missing in the score sheet.",MAG D,5377,Colombian Championships,2023,Keynher Vera,COL,MAG,junior,PB,,,individual,final,5.1,False,0,,,,,,,,,,,,,,,,,,,,[]
orphan_8bbfc2845c9c9e73,athlete_missing_in_score_sheet,review,"The event/apparatus/context exists, but this athlete is missing in the score sheet.",MAG D,5377,Colombian Championships,2023,Keynher Vera,COL,MAG,junior,PH,,,individual,final,4.4,False,0,,,,,,,,,,,,,,,,,,,,[]
orphan_67437310d34247f6,athlete_missing_in_score_sheet,review,"The event/apparatus/context exists, but this athlete is missing in the score sheet.",MAG D,5377,Colombian Championships,2023,Keynher Vera,COL,MAG,junior,SR,,,individual,final,3.8,False,0,,,,,,,,,,,,,,,,,,,,[]
orphan_e533589e371fabeb,athlete_missing_in_score_sheet,review,"The event/apparatus/context exists, but this athlete is missing in the score sheet.",MAG D,5377,Colombian Championships,2023,Keynher Vera,COL,MAG,junior,VT,1,,individual,final,5.2,True,0,,,,,,,,,,,,,,,,,,,,[]
orphan_0d4a99d4be1cf1c0,missing_final_score_for_context,review,"The athlete/event exists, but not this apparatus/context.",MAG D,5467,South Korean Championships,2023,Kim Seongyeon,KOR,MAG,senior,VT,2,,individual,final,3.2,True,0,,,,,,,,,,,,,,,,,,,,[]
orphan_50c542c2e1bfd6df,possible_context_mismatch,review,"Possible format, round, or day mismatch.",MAG D,5845,Austrian Championships,2023,Lenny Pfeiffer,AUT,MAG,junior,VT,1,,apparatus,final,2.2,True,1,suggestion_1ead4180d8aa4b32,context_correction,0.65,"Same athlete/event/apparatus exists in the score sheet, but format, round, or day is different.",Austrian Championships,2023,Lenny Pfeiffer,AUT,MAG,junior,VT,1,,individual,final,10.7,2.2,MAG,6383,"[{""suggestion_id"": ""suggestion_1ead4180d8aa4b32"", ""suggestion_type"": ""context_correction"", ""confidence"": 0.65, ""message"": ""Same athlete/event/apparatus exists in the score sheet, but format, round, or day is different."", ""action"": ""attach_d_score_to_target_result"", ""changes"": {""format"": {""from"": ""apparatus"", ""to"": ""individual""}, ""round"": {""from"": ""final"", ""to"": ""final""}, ""day"": {""from"": null, ""to"": null}}, ""target_result"": {""event_name"": ""Austrian Championships"", ""year"": 2023, ""athlete_name"": ""Lenny Pfeiffer"", ""country"": ""AUT"", ""discipline"": ""MAG"", ""category"": ""junior"", ""apparatus"": ""VT"", ""vt_attempt"": 1, ""day"": null, ""format"": ""individual"", ""round"": ""final"", ""score"": 10.7, ""D_score"": 2.2, ""vault_attempt_order_uncertain"": true, ""source_sheet"": ""MAG"", ""source_row"": 6383, ""target_id"": ""target_3dfc6144b298339d""}}]"
orphan_a55a86aba8d69fd7,possible_context_mismatch,review,"Possible format, round, or day mismatch.",MAG D,5845,Austrian Championships,2023,Lenny Pfeiffer,AUT,MAG,junior,VT,2,,apparatus,final,1.6,True,1,suggestion_2fabfb1e182c4cef,context_correction,0.65,"Same athlete/event/apparatus exists in the score sheet, but format, round, or day is different.",Austrian Championships,2023,Lenny Pfeiffer,AUT,MAG,junior,VT,2,,individual,final,10.55,1.6,MAG,6383,"[{""suggestion_id"": ""suggestion_2fabfb1e182c4cef"", ""suggestion_type"": ""context_correction"", ""confidence"": 0.65, ""message"": ""Same athlete/event/apparatus exists in the score sheet, but format, round, or day is different."", ""action"": ""attach_d_score_to_target_result"", ""changes"": {""format"": {""from"": ""apparatus"", ""to"": ""individual""}, ""round"": {""from"": ""final"", ""to"": ""final""}, ""day"": {""from"": null, ""to"": null}}, ""target_result"": {""event_name"": ""Austrian Championships"", ""year"": 2023, ""athlete_name"": ""Lenny Pfeiffer"", ""country"": ""AUT"", ""discipline"": ""MAG"", ""category"": ""junior"", ""apparatus"": ""VT"", ""vt_attempt"": 2, ""day"": null, ""format"": ""individual"", ""round"": ""final"", ""score"": 10.55, ""D_score"": 1.6, ""vault_attempt_order_uncertain"": true, ""source_sheet"": ""MAG"", ""source_row"": 6383, ""target_id"": ""target_545a9bdbc3e95c5d""}}]"
orphan_26fbe61760b1bfd3,possible_event_name_mismatch,review,Possible event-name mismatch between the D sheet and the score sheet.,MAG D,5872,6th Bundesliga,2023,Leo Meier,GER,MAG,senior,PH,,,individual,final,4.1,False,1,suggestion_d6825dfd2077dda3,event_name_correction,0.929,D-score event '6th Bundesliga' may match score-sheet event '7th Bundesliga'.,7th Bundesliga,2023,Leo Meier,GER,MAG,senior,PH,,,individual,final,12.25,4.0,MAG,6407,"[{""suggestion_id"": ""suggestion_d6825dfd2077dda3"", ""suggestion_type"": ""event_name_correction"", ""confidence"": 0.929, ""message"": ""D-score event '6th Bundesliga' may match score-sheet event '7th Bundesliga'."", ""action"": ""attach_d_score_to_target_result"", ""changes"": {""event_name"": {""from"": ""6th Bundesliga"", ""to"": ""7th Bundesliga""}}, ""target_result"": {""event_name"": ""7th Bundesliga"", ""year"": 2023, ""athlete_name"": ""Leo Meier"", ""country"": ""GER"", ""discipline"": ""MAG"", ""category"": ""senior"", ""apparatus"": ""PH"", ""vt_attempt"": null, ""day"": null, ""format"": ""individual"", ""round"": ""final"", ""score"": 12.25, ""D_score"": 4.0, ""vault_attempt_order_uncertain"": false, ""source_sheet"": ""MAG"", ""source_row"": 6407, ""target_id"": ""target_b7e8c92c34981e17""}}]"
orphan_db25510ba778a378,athlete_missing_in_score_sheet,review,"The event/apparatus/context exists, but this athlete is missing in the score sheet.",MAG D,5876,Swiss Team Championships,2023,Leo Reuben Drake,SUI,MAG,junior,FX,,,individual,final,3.7,False,0,,,,,,,,,,,,,,,,,,,,[]
orphan_03a1b42e4ad66fad,athlete_missing_in_score_sheet,review,"The event/apparatus/context exists, but this athlete is missing in the score sheet.",MAG D,5876,Swiss Team Championships,2023,Leo Reuben Drake,SUI,MAG,junior,HB,,,individual,final,3.2,False,0,,,,,,,,,,,,,,,,,,,,[]
orphan_23fb70bda3bbd3b0,athlete_missing_in_score_sheet,review,"The event/apparatus/context exists, but this athlete is missing in the score sheet.",MAG D,5876,Swiss Team Championships,2023,Leo Reuben Drake,SUI,MAG,junior,PB,,,individual,final,3.6,False,0,,,,,,,,,,,,,,,,,,,,[]
orphan_1bd232f81fd123a4,athlete_missing_in_score_sheet,review,"The event/apparatus/context exists, but this athlete is missing in the score sheet.",MAG D,5876,Swiss Team Championships,2023,Leo Reuben Drake,SUI,MAG,junior,PH,,,individual,final,2.6,False,0,,,,,,,,,,,,,,,,,,,,[]
orphan_79dfe74e590524fa,athlete_missing_in_score_sheet,review,"The event/apparatus/context exists, but this athlete is missing in the score sheet.",MAG D,5876,Swiss Team Championships,2023,Leo Reuben Drake,SUI,MAG,junior,SR,,,individual,final,2.4,False,0,,,,,,,,,,,,,,,,,,,,[]
orphan_bd7281182d437931,athlete_missing_in_score_sheet,review,"The event/apparatus/context exists, but this athlete is missing in the score sheet.",MAG D,5876,Swiss Team Championships,2023,Leo Reuben Drake,SUI,MAG,junior,VT,1,,individual,final,3.2,True,0,,,,,,,,,,,,,,,,,,,,[]
orphan_83bd035a6442ca99,athlete_missing_in_score_sheet,review,"The event/apparatus/context exists, but this athlete is missing in the score sheet.",MAG D,5934,Pan American Championships,2023,Leonardo Santos,BRA,MAG,senior,PB,,,team,final,4.9,False,0,,,,,,,,,,,,,,,,,,,,[]
orphan_eaf92f48e616a129,athlete_missing_in_score_sheet,review,"The event/apparatus/context exists, but this athlete is missing in the score sheet.",MAG D,5934,Pan American Championships,2023,Leonardo Santos,BRA,MAG,senior,PH,,,team,final,5.1,False,0,,,,,,,,,,,,,,,,,,,,[]
orphan_2b9511313fb865bf,athlete_missing_in_score_sheet,review,"The event/apparatus/context exists, but this athlete is missing in the score sheet.",MAG D,5934,Pan American Championships,2023,Leonardo Santos,BRA,MAG,senior,SR,,,team,final,4.6,False,0,,,,,,,,,,,,,,,,,,,,[]
orphan_1fda3aa144c0930f,athlete_missing_in_score_sheet,review,"The event/apparatus/context exists, but this athlete is missing in the score sheet.",MAG D,6018,Singapore Championships,2023,Lim Kaeson,SGP,MAG,senior,FX,,,individual,final,4.0,False,0,,,,,,,,,,,,,,,,,,,,[]
orphan_0d5533bb8c07a09d,athlete_missing_in_score_sheet,review,"The event/apparatus/context exists, but this athlete is missing in the score sheet.",MAG D,6018,Singapore Championships,2023,Lim Kaeson,SGP,MAG,senior,HB,,,individual,final,3.5,False,0,,,,,,,,,,,,,,,,,,,,[]
orphan_62f3ef40f5ece6ad,athlete_missing_in_score_sheet,review,"The event/apparatus/context exists, but this athlete is missing in the score sheet.",MAG D,6018,Singapore Championships,2023,Lim Kaeson,SGP,MAG,senior,PB,,,individual,final,3.3,False,0,,,,,,,,,,,,,,,,,,,,[]
orphan_186d0d0da3c90da5,athlete_missing_in_score_sheet,review,"The event/apparatus/context exists, but this athlete is missing in the score sheet.",MAG D,6018,Singapore Championships,2023,Lim Kaeson,SGP,MAG,senior,PH,,,individual,final,4.9,False,0,,,,,,,,,,,,,,,,,,,,[]
orphan_4c65c7fda6dfdc00,athlete_missing_in_score_sheet,review,"The event/apparatus/context exists, but this athlete is missing in the score sheet.",MAG D,6018,Singapore Championships,2023,Lim Kaeson,SGP,MAG,senior,SR,,,individual,final,3.9,False,0,,,,,,,,,,,,,,,,,,,,[]
orphan_7b9b6f1e1a3f96d1,athlete_missing_in_score_sheet,review,"The event/apparatus/context exists, but this athlete is missing in the score sheet.",MAG D,6018,Singapore Championships,2023,Lim Kaeson,SGP,MAG,senior,VT,1,,individual,final,4.0,True,0,,,,,,,,,,,,,,,,,,,,[]
orphan_aa0bb44a8ac8920f,athlete_missing_in_score_sheet,review,"The event/apparatus/context exists, but this athlete is missing in the score sheet.",MAG D,6019,Singapore Championships,2023,Lim Kaeson,SGP,MAG,senior,FX,,,apparatus,final,4.0,False,0,,,,,,,,,,,,,,,,,,,,[]
orphan_41393a5b28886be8,athlete_missing_in_score_sheet,review,"The event/apparatus/context exists, but this athlete is missing in the score sheet.",MAG D,6019,Singapore Championships,2023,Lim Kaeson,SGP,MAG,senior,HB,,,apparatus,final,3.1,False,0,,,,,,,,,,,,,,,,,,,,[]
orphan_c48e05e75af1f26b,athlete_missing_in_score_sheet,review,"The event/apparatus/context exists, but this athlete is missing in the score sheet.",MAG D,6019,Singapore Championships,2023,Lim Kaeson,SGP,MAG,senior,PH,,,apparatus,final,4.6,False,0,,,,,,,,,,,,,,,,,,,,[]
orphan_7e76311a7f93a101,athlete_missing_in_score_sheet,review,"The event/apparatus/context exists, but this athlete is missing in the score sheet.",MAG D,6019,Singapore Championships,2023,Lim Kaeson,SGP,MAG,senior,SR,,,apparatus,final,3.6,False,0,,,,,,,,,,,,,,,,,,,,[]
orphan_b2d91f5e52411921,possible_event_name_mismatch,review,Possible event-name mismatch between the D sheet and the score sheet.,MAG D,6057,6th Bundesliga,2023,Linus Mikschl,GER,MAG,senior,PH,,,individual,final,4.5,False,1,suggestion_5bab3a5ff028c20d,event_name_correction,0.929,D-score event '6th Bundesliga' may match score-sheet event '7th Bundesliga'.,7th Bundesliga,2023,Linus Mikschl,GER,MAG,senior,PH,,,individual,final,12.7,4.5,MAG,6600,"[{""suggestion_id"": ""suggestion_5bab3a5ff028c20d"", ""suggestion_type"": ""event_name_correction"", ""confidence"": 0.929, ""message"": ""D-score event '6th Bundesliga' may match score-sheet event '7th Bundesliga'."", ""action"": ""attach_d_score_to_target_result"", ""changes"": {""event_name"": {""from"": ""6th Bundesliga"", ""to"": ""7th Bundesliga""}}, ""target_result"": {""event_name"": ""7th Bundesliga"", ""year"": 2023, ""athlete_name"": ""Linus Mikschl"", ""country"": ""GER"", ""discipline"": ""MAG"", ""category"": ""senior"", ""apparatus"": ""PH"", ""vt_attempt"": null, ""day"": null, ""format"": ""individual"", ""round"": ""final"", ""score"": 12.7, ""D_score"": 4.5, ""vault_attempt_order_uncertain"": false, ""source_sheet"": ""MAG"", ""source_row"": 6600, ""target_id"": ""target_2fbc5b6ee70bef01""}}]"
orphan_01ca8bc3ab8992e8,possible_context_mismatch,review,"Possible format, round, or day mismatch.",MAG D,6082,Chinese Championships,2023,Liu Yang,CHN,MAG,senior,VT,2,,individual,qualification,5.0,True,1,suggestion_586431e9ded01362,context_correction,0.65,"Same athlete/event/apparatus exists in the score sheet, but format, round, or day is different.",Chinese Championships,2023,Liu Yang,CHN,MAG,senior,VT,2,,apparatus,final,13.299,5.4,MAG,6644,"[{""suggestion_id"": ""suggestion_586431e9ded01362"", ""suggestion_type"": ""context_correction"", ""confidence"": 0.65, ""message"": ""Same athlete/event/apparatus exists in the score sheet, but format, round, or day is different."", ""action"": ""attach_d_score_to_target_result"", ""changes"": {""format"": {""from"": ""individual"", ""to"": ""apparatus""}, ""round"": {""from"": ""qualification"", ""to"": ""final""}, ""day"": {""from"": null, ""to"": null}}, ""target_result"": {""event_name"": ""Chinese Championships"", ""year"": 2023, ""athlete_name"": ""Liu Yang"", ""country"": ""CHN"", ""discipline"": ""MAG"", ""category"": ""senior"", ""apparatus"": ""VT"", ""vt_attempt"": 2, ""day"": null, ""format"": ""apparatus"", ""round"": ""final"", ""score"": 13.299, ""D_score"": 5.4, ""vault_attempt_order_uncertain"": true, ""source_sheet"": ""MAG"", ""source_row"": 6644, ""target_id"": ""target_ae4089873e45bfd4""}}]"
orphan_34857679e88c3f48,missing_final_score_for_context,review,"The athlete/event exists, but not this apparatus/context.",MAG D,6113,Dutch Worlds Trials 1,2023,Loran de Munck,NED,MAG,senior,PB,,,individual,final,5.8,False,0,,,,,,,,,,,,,,,,,,,,[]
orphan_4a5861f1d4a27d44,possible_event_name_mismatch,review,Possible event-name mismatch between the D sheet and the score sheet.,MAG D,6124,Top 12 Series 7,2023,Lorenzo Aymes,FRA,MAG,senior,FX,,,individual,final,4.9,False,1,suggestion_9c3749e3c20fc0d2,event_name_correction,0.933,D-score event 'Top 12 Series 7' may match score-sheet event 'Top 12 Series 3'.,Top 12 Series 3,2023,Lorenzo Aymes,FRA,MAG,senior,FX,,,individual,final,13.066,4.9,MAG,6680,"[{""suggestion_id"": ""suggestion_9c3749e3c20fc0d2"", ""suggestion_type"": ""event_name_correction"", ""confidence"": 0.933, ""message"": ""D-score event 'Top 12 Series 7' may match score-sheet event 'Top 12 Series 3'."", ""action"": ""attach_d_score_to_target_result"", ""changes"": {""event_name"": {""from"": ""Top 12 Series 7"", ""to"": ""Top 12 Series 3""}}, ""target_result"": {""event_name"": ""Top 12 Series 3"", ""year"": 2023, ""athlete_name"": ""Lorenzo Aymes"", ""country"": ""FRA"", ""discipline"": ""MAG"", ""category"": ""senior"", ""apparatus"": ""FX"", ""vt_attempt"": null, ""day"": null, ""format"": ""individual"", ""round"": ""final"", ""score"": 13.066, ""D_score"": 4.9, ""vault_attempt_order_uncertain"": false, ""source_sheet"": ""MAG"", ""source_row"": 6680, ""target_id"": ""target_d96efbc02a7ea71b""}}]"
orphan_638d2b521fb8f143,athlete_missing_in_score_sheet,review,"The event/apparatus/context exists, but this athlete is missing in the score sheet.",MAG D,6124,Top 12 Series 7,2023,Lorenzo Aymes,FRA,MAG,senior,HB,,,individual,final,4.3,False,0,,,,,,,,,,,,,,,,,,,,[]
orphan_692009f9b59861c1,athlete_missing_in_score_sheet,review,"The event/apparatus/context exists, but this athlete is missing in the score sheet.",MAG D,6125,Top 12 Finals,2023,Lorenzo Aymes,FRA,MAG,senior,FX,,,individual,final,4.9,False,0,,,,,,,,,,,,,,,,,,,,[]
orphan_4c76df7c6d06faee,athlete_missing_in_score_sheet,review,"The event/apparatus/context exists, but this athlete is missing in the score sheet.",MAG D,6125,Top 12 Finals,2023,Lorenzo Aymes,FRA,MAG,senior,PB,,,individual,final,4.5,False,0,,,,,,,,,,,,,,,,,,,,[]
orphan_871803a62e03170c,athlete_missing_in_score_sheet,review,"The event/apparatus/context exists, but this athlete is missing in the score sheet.",MAG D,6181,1st Italian Serie A,2023,Lorenzo Tomei,ITA,MAG,senior,FX,,,individual,final,3.6,False,0,,,,,,,,,,,,,,,,,,,,[]
orphan_ded7fb9a94c168fc,athlete_missing_in_score_sheet,review,"The event/apparatus/context exists, but this athlete is missing in the score sheet.",MAG D,6181,1st Italian Serie A,2023,Lorenzo Tomei,ITA,MAG,senior,HB,,,individual,final,4.0,False,0,,,,,,,,,,,,,,,,,,,,[]
orphan_0b992e989fe48920,athlete_missing_in_score_sheet,review,"The event/apparatus/context exists, but this athlete is missing in the score sheet.",MAG D,6181,1st Italian Serie A,2023,Lorenzo Tomei,ITA,MAG,senior,PB,,,individual,final,4.8,False,0,,,,,,,,,,,,,,,,,,,,[]
orphan_c9e7d6cc708c5669,athlete_missing_in_score_sheet,review,"The event/apparatus/context exists, but this athlete is missing in the score sheet.",MAG D,6181,1st Italian Serie A,2023,Lorenzo Tomei,ITA,MAG,senior,PH,,,individual,final,5.1,False,0,,,,,,,,,,,,,,,,,,,,[]
orphan_ceec91838e492d15,athlete_missing_in_score_sheet,review,"The event/apparatus/context exists, but this athlete is missing in the score sheet.",MAG D,6181,1st Italian Serie A,2023,Lorenzo Tomei,ITA,MAG,senior,SR,,,individual,final,4.0,False,0,,,,,,,,,,,,,,,,,,,,[]
orphan_97e57577e2d6c6a1,athlete_missing_in_score_sheet,review,"The event/apparatus/context exists, but this athlete is missing in the score sheet.",MAG D,6181,1st Italian Serie A,2023,Lorenzo Tomei,ITA,MAG,senior,VT,1,,individual,final,4.0,True,0,,,,,,,,,,,,,,,,,,,,[]
orphan_c4256acc50f8b5fa,possible_context_mismatch,review,"Possible format, round, or day mismatch.",MAG D,6305,Austrian Future Cup,2023,Lucas Engesser,AUS,MAG,junior,VT,1,,apparatus,final,4.8,True,1,suggestion_6ef66de835743f98,context_correction,0.65,"Same athlete/event/apparatus exists in the score sheet, but format, round, or day is different.",Austrian Future Cup,2023,Lucas Engesser,AUS,MAG,junior,VT,1,,individual,final,13.95,4.8,MAG,6861,"[{""suggestion_id"": ""suggestion_6ef66de835743f98"", ""suggestion_type"": ""context_correction"", ""confidence"": 0.65, ""message"": ""Same athlete/event/apparatus exists in the score sheet, but format, round, or day is different."", ""action"": ""attach_d_score_to_target_result"", ""changes"": {""format"": {""from"": ""apparatus"", ""to"": ""individual""}, ""round"": {""from"": ""final"", ""to"": ""final""}, ""day"": {""from"": null, ""to"": null}}, ""target_result"": {""event_name"": ""Austrian Future Cup"", ""year"": 2023, ""athlete_name"": ""Lucas Engesser"", ""country"": ""AUS"", ""discipline"": ""MAG"", ""category"": ""junior"", ""apparatus"": ""VT"", ""vt_attempt"": 1, ""day"": null, ""format"": ""individual"", ""round"": ""final"", ""score"": 13.95, ""D_score"": 4.8, ""vault_attempt_order_uncertain"": true, ""source_sheet"": ""MAG"", ""source_row"": 6861, ""target_id"": ""target_5a61984d5a54667b""}}]"
orphan_52c88b4432dff1ba,possible_context_mismatch,review,"Possible format, round, or day mismatch.",MAG D,6305,Austrian Future Cup,2023,Lucas Engesser,AUS,MAG,junior,VT,2,,apparatus,final,4.0,True,1,suggestion_303a3dfbd99aa70e,context_correction,0.65,"Same athlete/event/apparatus exists in the score sheet, but format, round, or day is different.",Austrian Future Cup,2023,Lucas Engesser,AUS,MAG,junior,VT,2,,individual,final,13.4,4.0,MAG,6861,"[{""suggestion_id"": ""suggestion_303a3dfbd99aa70e"", ""suggestion_type"": ""context_correction"", ""confidence"": 0.65, ""message"": ""Same athlete/event/apparatus exists in the score sheet, but format, round, or day is different."", ""action"": ""attach_d_score_to_target_result"", ""changes"": {""format"": {""from"": ""apparatus"", ""to"": ""individual""}, ""round"": {""from"": ""final"", ""to"": ""final""}, ""day"": {""from"": null, ""to"": null}}, ""target_result"": {""event_name"": ""Austrian Future Cup"", ""year"": 2023, ""athlete_name"": ""Lucas Engesser"", ""country"": ""AUS"", ""discipline"": ""MAG"", ""category"": ""junior"", ""apparatus"": ""VT"", ""vt_attempt"": 2, ""day"": null, ""format"": ""individual"", ""round"": ""final"", ""score"": 13.4, ""D_score"": 4.0, ""vault_attempt_order_uncertain"": true, ""source_sheet"": ""MAG"", ""source_row"": 6861, ""target_id"": ""target_50a96723e5cf1869""}}]"
orphan_736d81d0313154ba,possible_context_mismatch,review,"Possible format, round, or day mismatch.",MAG D,6447,Swedish Championships,2023,Lukas Norin,SWE,MAG,junior,VT,1,,apparatus,final,4.0,True,1,suggestion_9af1e37071792ee2,context_correction,0.65,"Same athlete/event/apparatus exists in the score sheet, but format, round, or day is different.",Swedish Championships,2023,Lukas Norin,SWE,MAG,junior,VT,1,,individual,final,13.05,4.0,MAG,7002,"[{""suggestion_id"": ""suggestion_9af1e37071792ee2"", ""suggestion_type"": ""context_correction"", ""confidence"": 0.65, ""message"": ""Same athlete/event/apparatus exists in the score sheet, but format, round, or day is different."", ""action"": ""attach_d_score_to_target_result"", ""changes"": {""format"": {""from"": ""apparatus"", ""to"": ""individual""}, ""round"": {""from"": ""final"", ""to"": ""final""}, ""day"": {""from"": null, ""to"": null}}, ""target_result"": {""event_name"": ""Swedish Championships"", ""year"": 2023, ""athlete_name"": ""Lukas Norin"", ""country"": ""SWE"", ""discipline"": ""MAG"", ""category"": ""junior"", ""apparatus"": ""VT"", ""vt_attempt"": 1, ""day"": null, ""format"": ""individual"", ""round"": ""final"", ""score"": 13.05, ""D_score"": 4.0, ""vault_attempt_order_uncertain"": true, ""source_sheet"": ""MAG"", ""source_row"": 7002, ""target_id"": ""target_eaebadb91b014b63""}}]"
orphan_f81740d83c148d9f,possible_context_mismatch,review,"Possible format, round, or day mismatch.",MAG D,6447,Swedish Championships,2023,Lukas Norin,SWE,MAG,junior,VT,2,,apparatus,final,2.4,True,1,suggestion_77731efc9838d242,context_correction,0.65,"Same athlete/event/apparatus exists in the score sheet, but format, round, or day is different.",Swedish Championships,2023,Lukas Norin,SWE,MAG,junior,VT,2,,individual,final,11.65,2.4,MAG,7002,"[{""suggestion_id"": ""suggestion_77731efc9838d242"", ""suggestion_type"": ""context_correction"", ""confidence"": 0.65, ""message"": ""Same athlete/event/apparatus exists in the score sheet, but format, round, or day is different."", ""action"": ""attach_d_score_to_target_result"", ""changes"": {""format"": {""from"": ""apparatus"", ""to"": ""individual""}, ""round"": {""from"": ""final"", ""to"": ""final""}, ""day"": {""from"": null, ""to"": null}}, ""target_result"": {""event_name"": ""Swedish Championships"", ""year"": 2023, ""athlete_name"": ""Lukas Norin"", ""country"": ""SWE"", ""discipline"": ""MAG"", ""category"": ""junior"", ""apparatus"": ""VT"", ""vt_attempt"": 2, ""day"": null, ""format"": ""individual"", ""round"": ""final"", ""score"": 11.65, ""D_score"": 2.4, ""vault_attempt_order_uncertain"": true, ""source_sheet"": ""MAG"", ""source_row"": 7002, ""target_id"": ""target_073e4c7076fa037f""}}]"
orphan_b781b37aa100dcc9,possible_context_mismatch,review,"Possible format, round, or day mismatch.",MAG D,6465,British Championships,2023,Luke Marsh,GBR,MAG,junior,VT,2,,individual,final,4.0,True,1,suggestion_16ec2a5f524f2d44,context_correction,0.65,"Same athlete/event/apparatus exists in the score sheet, but format, round, or day is different.",British Championships,2023,Luke Marsh,GBR,MAG,junior,VT,2,,apparatus,final,13.15,4.0,MAG,7022,"[{""suggestion_id"": ""suggestion_16ec2a5f524f2d44"", ""suggestion_type"": ""context_correction"", ""confidence"": 0.65, ""message"": ""Same athlete/event/apparatus exists in the score sheet, but format, round, or day is different."", ""action"": ""attach_d_score_to_target_result"", ""changes"": {""format"": {""from"": ""individual"", ""to"": ""apparatus""}, ""round"": {""from"": ""final"", ""to"": ""final""}, ""day"": {""from"": null, ""to"": null}}, ""target_result"": {""event_name"": ""British Championships"", ""year"": 2023, ""athlete_name"": ""Luke Marsh"", ""country"": ""GBR"", ""discipline"": ""MAG"", ""category"": ""junior"", ""apparatus"": ""VT"", ""vt_attempt"": 2, ""day"": null, ""format"": ""apparatus"", ""round"": ""final"", ""score"": 13.15, ""D_score"": 4.0, ""vault_attempt_order_uncertain"": true, ""source_sheet"": ""MAG"", ""source_row"": 7022, ""target_id"": ""target_fcf901206b15fe2c""}}]"
orphan_31a45523a98a6830,possible_context_mismatch,review,"Possible format, round, or day mismatch.",MAG D,6538,Austrian Future Cup,2023,Maj Kondric,SLO,MAG,junior,VT,1,,apparatus,final,4.0,True,1,suggestion_7c977dc2b6e9fa84,context_correction,0.65,"Same athlete/event/apparatus exists in the score sheet, but format, round, or day is different.",Austrian Future Cup,2023,Maj Kondric,SLO,MAG,junior,VT,1,,individual,final,12.45,3.2,MAG,7096,"[{""suggestion_id"": ""suggestion_7c977dc2b6e9fa84"", ""suggestion_type"": ""context_correction"", ""confidence"": 0.65, ""message"": ""Same athlete/event/apparatus exists in the score sheet, but format, round, or day is different."", ""action"": ""attach_d_score_to_target_result"", ""changes"": {""format"": {""from"": ""apparatus"", ""to"": ""individual""}, ""round"": {""from"": ""final"", ""to"": ""final""}, ""day"": {""from"": null, ""to"": null}}, ""target_result"": {""event_name"": ""Austrian Future Cup"", ""year"": 2023, ""athlete_name"": ""Maj Kondric"", ""country"": ""SLO"", ""discipline"": ""MAG"", ""category"": ""junior"", ""apparatus"": ""VT"", ""vt_attempt"": 1, ""day"": null, ""format"": ""individual"", ""round"": ""final"", ""score"": 12.45, ""D_score"": 3.2, ""vault_attempt_order_uncertain"": true, ""source_sheet"": ""MAG"", ""source_row"": 7096, ""target_id"": ""target_4592be0e618baa19""}}]"
orphan_a2cb11ed2d4c23b8,possible_context_mismatch,review,"Possible format, round, or day mismatch.",MAG D,6538,Austrian Future Cup,2023,Maj Kondric,SLO,MAG,junior,VT,2,,apparatus,final,3.2,True,1,suggestion_3d1168c738edaf10,context_correction,0.65,"Same athlete/event/apparatus exists in the score sheet, but format, round, or day is different.",Austrian Future Cup,2023,Maj Kondric,SLO,MAG,junior,VT,2,,individual,final,13.3,4.0,MAG,7096,"[{""suggestion_id"": ""suggestion_3d1168c738edaf10"", ""suggestion_type"": ""context_correction"", ""confidence"": 0.65, ""message"": ""Same athlete/event/apparatus exists in the score sheet, but format, round, or day is different."", ""action"": ""attach_d_score_to_target_result"", ""changes"": {""format"": {""from"": ""apparatus"", ""to"": ""individual""}, ""round"": {""from"": ""final"", ""to"": ""final""}, ""day"": {""from"": null, ""to"": null}}, ""target_result"": {""event_name"": ""Austrian Future Cup"", ""year"": 2023, ""athlete_name"": ""Maj Kondric"", ""country"": ""SLO"", ""discipline"": ""MAG"", ""category"": ""junior"", ""apparatus"": ""VT"", ""vt_attempt"": 2, ""day"": null, ""format"": ""individual"", ""round"": ""final"", ""score"": 13.3, ""D_score"": 4.0, ""vault_attempt_order_uncertain"": true, ""source_sheet"": ""MAG"", ""source_row"": 7096, ""target_id"": ""target_d0551993eefd7064""}}]"
orphan_bc4f229b166bb1cf,possible_event_name_mismatch,review,Possible event-name mismatch between the D sheet and the score sheet.,MAG D,6565,Top 12 Series 7,2023,Manoah Felicite,FRA,MAG,senior,FX,,,individual,final,4.9,False,1,suggestion_01cdcf6eee0c3e3f,event_name_correction,0.933,D-score event 'Top 12 Series 7' may match score-sheet event 'Top 12 Series 3'.,Top 12 Series 3,2023,Manoah Felicite,FRA,MAG,senior,FX,,,individual,final,11.833,4.7,MAG,7144,"[{""suggestion_id"": ""suggestion_01cdcf6eee0c3e3f"", ""suggestion_type"": ""event_name_correction"", ""confidence"": 0.933, ""message"": ""D-score event 'Top 12 Series 7' may match score-sheet event 'Top 12 Series 3'."", ""action"": ""attach_d_score_to_target_result"", ""changes"": {""event_name"": {""from"": ""Top 12 Series 7"", ""to"": ""Top 12 Series 3""}}, ""target_result"": {""event_name"": ""Top 12 Series 3"", ""year"": 2023, ""athlete_name"": ""Manoah Felicite"", ""country"": ""FRA"", ""discipline"": ""MAG"", ""category"": ""senior"", ""apparatus"": ""FX"", ""vt_attempt"": null, ""day"": null, ""format"": ""individual"", ""round"": ""final"", ""score"": 11.833, ""D_score"": 4.7, ""vault_attempt_order_uncertain"": false, ""source_sheet"": ""MAG"", ""source_row"": 7144, ""target_id"": ""target_3dae257aeed62a56""}}]"
orphan_1eb6f4b99c83d03c,athlete_missing_in_score_sheet,review,"The event/apparatus/context exists, but this athlete is missing in the score sheet.",MAG D,6565,Top 12 Series 7,2023,Manoah Felicite,FRA,MAG,senior,HB,,,individual,final,3.7,False,0,,,,,,,,,,,,,,,,,,,,[]
orphan_a3d480bcecec4253,possible_event_name_mismatch,review,Possible event-name mismatch between the D sheet and the score sheet.,MAG D,6565,Top 12 Series 7,2023,Manoah Felicite,FRA,MAG,senior,PB,,,individual,final,4.5,False,1,suggestion_a72bc7c42427f2fc,event_name_correction,0.933,D-score event 'Top 12 Series 7' may match score-sheet event 'Top 12 Series 3'.,Top 12 Series 3,2023,Manoah Felicite,FRA,MAG,senior,PB,,,individual,final,13.666,5.0,MAG,7144,"[{""suggestion_id"": ""suggestion_a72bc7c42427f2fc"", ""suggestion_type"": ""event_name_correction"", ""confidence"": 0.933, ""message"": ""D-score event 'Top 12 Series 7' may match score-sheet event 'Top 12 Series 3'."", ""action"": ""attach_d_score_to_target_result"", ""changes"": {""event_name"": {""from"": ""Top 12 Series 7"", ""to"": ""Top 12 Series 3""}}, ""target_result"": {""event_name"": ""Top 12 Series 3"", ""year"": 2023, ""athlete_name"": ""Manoah Felicite"", ""country"": ""FRA"", ""discipline"": ""MAG"", ""category"": ""senior"", ""apparatus"": ""PB"", ""vt_attempt"": null, ""day"": null, ""format"": ""individual"", ""round"": ""final"", ""score"": 13.666, ""D_score"": 5.0, ""vault_attempt_order_uncertain"": false, ""source_sheet"": ""MAG"", ""source_row"": 7144, ""target_id"": ""target_33e1193a0ab963a3""}}]"
orphan_87268d8ab2237da2,athlete_missing_in_score_sheet,review,"The event/apparatus/context exists, but this athlete is missing in the score sheet.",MAG D,6565,Top 12 Series 7,2023,Manoah Felicite,FRA,MAG,senior,PH,,,individual,final,5.3,False,0,,,,,,,,,,,,,,,,,,,,[]
orphan_6f18b011df43dad2,athlete_missing_in_score_sheet,review,"The event/apparatus/context exists, but this athlete is missing in the score sheet.",MAG D,6565,Top 12 Series 7,2023,Manoah Felicite,FRA,MAG,senior,VT,1,,individual,final,4.8,True,0,,,,,,,,,,,,,,,,,,,,[]
orphan_fc0c320599e48396,athlete_missing_in_score_sheet,review,"The event/apparatus/context exists, but this athlete is missing in the score sheet.",MAG D,6566,Top 12 Series 6,2023,Manoah Felicite,FRA,MAG,senior,HB,,,individual,final,3.7,False,0,,,,,,,,,,,,,,,,,,,,[]
orphan_2d1fe6144d31b3f0,athlete_missing_in_score_sheet,review,"The event/apparatus/context exists, but this athlete is missing in the score sheet.",MAG D,6566,Top 12 Series 6,2023,Manoah Felicite,FRA,MAG,senior,PH,,,individual,final,4.6,False,0,,,,,,,,,,,,,,,,,,,,[]
orphan_f107ac35eb1bacdb,athlete_missing_in_score_sheet,review,"The event/apparatus/context exists, but this athlete is missing in the score sheet.",MAG D,6566,Top 12 Series 6,2023,Manoah Felicite,FRA,MAG,senior,VT,1,,individual,final,4.8,True,0,,,,,,,,,,,,,,,,,,,,[]
orphan_ff9d7a632710dcb9,athlete_missing_in_score_sheet,review,"The event/apparatus/context exists, but this athlete is missing in the score sheet.",MAG D,6567,Top 12 Finals,2023,Manoah Felicite,FRA,MAG,senior,PB,,,individual,final,4.5,False,0,,,,,,,,,,,,,,,,,,,,[]
orphan_49b3b314a6629003,athlete_missing_in_score_sheet,review,"The event/apparatus/context exists, but this athlete is missing in the score sheet.",MAG D,6567,Top 12 Finals,2023,Manoah Felicite,FRA,MAG,senior,PH,,,individual,final,4.8,False,0,,,,,,,,,,,,,,,,,,,,[]
orphan_6592df57940927d4,athlete_missing_in_score_sheet,review,"The event/apparatus/context exists, but this athlete is missing in the score sheet.",MAG D,6567,Top 12 Finals,2023,Manoah Felicite,FRA,MAG,senior,VT,1,,individual,final,4.8,True,0,,,,,,,,,,,,,,,,,,,,[]
orphan_e98c5fe19aca9692,athlete_missing_in_score_sheet,review,"The event/apparatus/context exists, but this athlete is missing in the score sheet.",MAG D,6568,Top 12 Series 5,2023,Manoah Felicite,FRA,MAG,senior,PH,,,individual,final,4.6,False,0,,,,,,,,,,,,,,,,,,,,[]
orphan_182855c22d5dda02,athlete_missing_in_score_sheet,review,"The event/apparatus/context exists, but this athlete is missing in the score sheet.",MAG D,6568,Top 12 Series 5,2023,Manoah Felicite,FRA,MAG,senior,VT,1,,individual,final,4.8,True,0,,,,,,,,,,,,,,,,,,,,[]
orphan_507f4de750bfd507,athlete_missing_in_score_sheet,review,"The event/apparatus/context exists, but this athlete is missing in the score sheet.",MAG D,6571,French Championships,2023,Manoah Felicite,FRA,MAG,junior,FX,,,individual,final,4.4,False,0,,,,,,,,,,,,,,,,,,,,[]
orphan_6be31f6890bc364d,athlete_missing_in_score_sheet,review,"The event/apparatus/context exists, but this athlete is missing in the score sheet.",MAG D,6571,French Championships,2023,Manoah Felicite,FRA,MAG,junior,HB,,,individual,final,3.6,False,0,,,,,,,,,,,,,,,,,,,,[]
orphan_c02380938bbd6f98,athlete_missing_in_score_sheet,review,"The event/apparatus/context exists, but this athlete is missing in the score sheet.",MAG D,6571,French Championships,2023,Manoah Felicite,FRA,MAG,junior,PB,,,individual,final,4.4,False,0,,,,,,,,,,,,,,,,,,,,[]
orphan_6f7a3f0f182c0008,athlete_missing_in_score_sheet,review,"The event/apparatus/context exists, but this athlete is missing in the score sheet.",MAG D,6571,French Championships,2023,Manoah Felicite,FRA,MAG,junior,PH,,,individual,final,5.0,False,0,,,,,,,,,,,,,,,,,,,,[]
orphan_cb1c1598dd8a61a8,athlete_missing_in_score_sheet,review,"The event/apparatus/context exists, but this athlete is missing in the score sheet.",MAG D,6571,French Championships,2023,Manoah Felicite,FRA,MAG,junior,SR,,,individual,final,3.7,False,0,,,,,,,,,,,,,,,,,,,,[]
orphan_b393e96a0d86b443,athlete_missing_in_score_sheet,review,"The event/apparatus/context exists, but this athlete is missing in the score sheet.",MAG D,6571,French Championships,2023,Manoah Felicite,FRA,MAG,junior,VT,1,,individual,final,4.8,True,0,,,,,,,,,,,,,,,,,,,,[]
orphan_c0d2df9e129825d5,athlete_missing_in_score_sheet,review,"The event/apparatus/context exists, but this athlete is missing in the score sheet.",MAG D,6571,French Championships,2023,Manoah Felicite,FRA,MAG,junior,VT,2,,individual,final,4.0,True,0,,,,,,,,,,,,,,,,,,,,[]
orphan_ff3e35b0e92de846,athlete_missing_in_score_sheet,review,"The event/apparatus/context exists, but this athlete is missing in the score sheet.",MAG D,6572,Junior World Championships,2023,Manoah Felicite,FRA,MAG,junior,FX,,,individual,qualification,4.6,False,0,,,,,,,,,,,,,,,,,,,,[]
orphan_e2404caa54f2bf8c,athlete_missing_in_score_sheet,review,"The event/apparatus/context exists, but this athlete is missing in the score sheet.",MAG D,6572,Junior World Championships,2023,Manoah Felicite,FRA,MAG,junior,HB,,,individual,qualification,3.6,False,0,,,,,,,,,,,,,,,,,,,,[]
orphan_dd19f2e4e8d737fd,athlete_missing_in_score_sheet,review,"The event/apparatus/context exists, but this athlete is missing in the score sheet.",MAG D,6572,Junior World Championships,2023,Manoah Felicite,FRA,MAG,junior,PB,,,individual,qualification,4.0,False,0,,,,,,,,,,,,,,,,,,,,[]
orphan_c1878cc7f278b8b3,athlete_missing_in_score_sheet,review,"The event/apparatus/context exists, but this athlete is missing in the score sheet.",MAG D,6572,Junior World Championships,2023,Manoah Felicite,FRA,MAG,junior,PH,,,individual,qualification,4.9,False,0,,,,,,,,,,,,,,,,,,,,[]
orphan_b68beb44fe4952a8,athlete_missing_in_score_sheet,review,"The event/apparatus/context exists, but this athlete is missing in the score sheet.",MAG D,6572,Junior World Championships,2023,Manoah Felicite,FRA,MAG,junior,SR,,,individual,qualification,3.6,False,0,,,,,,,,,,,,,,,,,,,,[]
orphan_5b344b94d3b2600a,athlete_missing_in_score_sheet,review,"The event/apparatus/context exists, but this athlete is missing in the score sheet.",MAG D,6572,Junior World Championships,2023,Manoah Felicite,FRA,MAG,junior,VT,1,,individual,qualification,4.8,True,0,,,,,,,,,,,,,,,,,,,,[]
orphan_c14d19080f49fe3e,athlete_missing_in_score_sheet,review,"The event/apparatus/context exists, but this athlete is missing in the score sheet.",MAG D,6573,French Championships,2023,Manoah Felicite,FRA,MAG,junior,FX,,,apparatus,final,4.4,False,0,,,,,,,,,,,,,,,,,,,,[]
orphan_73cc2e3602b130c6,athlete_missing_in_score_sheet,review,"The event/apparatus/context exists, but this athlete is missing in the score sheet.",MAG D,6573,French Championships,2023,Manoah Felicite,FRA,MAG,junior,PB,,,apparatus,final,4.4,False,0,,,,,,,,,,,,,,,,,,,,[]
orphan_85a5e1b3c0146510,athlete_missing_in_score_sheet,review,"The event/apparatus/context exists, but this athlete is missing in the score sheet.",MAG D,6573,French Championships,2023,Manoah Felicite,FRA,MAG,junior,PH,,,apparatus,final,4.8,False,0,,,,,,,,,,,,,,,,,,,,[]
orphan_45616ac03bd0c19c,athlete_missing_in_score_sheet,review,"The event/apparatus/context exists, but this athlete is missing in the score sheet.",MAG D,6573,French Championships,2023,Manoah Felicite,FRA,MAG,junior,SR,,,apparatus,final,3.7,False,0,,,,,,,,,,,,,,,,,,,,[]
orphan_4d2360cf66f8027f,athlete_missing_in_score_sheet,review,"The event/apparatus/context exists, but this athlete is missing in the score sheet.",MAG D,6573,French Championships,2023,Manoah Felicite,FRA,MAG,junior,VT,1,,apparatus,final,4.8,True,0,,,,,,,,,,,,,,,,,,,,[]
orphan_fa75346894b2dd6d,athlete_missing_in_score_sheet,review,"The event/apparatus/context exists, but this athlete is missing in the score sheet.",MAG D,6573,French Championships,2023,Manoah Felicite,FRA,MAG,junior,VT,2,,apparatus,final,4.0,True,0,,,,,,,,,,,,,,,,,,,,[]
orphan_6fe385c270ce587f,athlete_missing_in_score_sheet,review,"The event/apparatus/context exists, but this athlete is missing in the score sheet.",MAG D,6574,Junior World Championships,2023,Manoah Felicite,FRA,MAG,junior,PH,,,apparatus,final,5.0,False,0,,,,,,,,,,,,,,,,,,,,[]
orphan_9e30b42a52d71f8e,athlete_missing_in_score_sheet,review,"The event/apparatus/context exists, but this athlete is missing in the score sheet.",MAG D,6596,1st Italian Serie A,2023,Manuel Berettera,ITA,MAG,senior,FX,,,individual,final,5.0,False,0,,,,,,,,,,,,,,,,,,,,[]
orphan_f07c7998337e1f80,athlete_missing_in_score_sheet,review,"The event/apparatus/context exists, but this athlete is missing in the score sheet.",MAG D,6596,1st Italian Serie A,2023,Manuel Berettera,ITA,MAG,senior,HB,,,individual,final,4.7,False,0,,,,,,,,,,,,,,,,,,,,[]
orphan_5fbd6905e928e2c5,athlete_missing_in_score_sheet,review,"The event/apparatus/context exists, but this athlete is missing in the score sheet.",MAG D,6596,1st Italian Serie A,2023,Manuel Berettera,ITA,MAG,senior,PB,,,individual,final,4.0,False,0,,,,,,,,,,,,,,,,,,,,[]
orphan_1c70a195460082fe,athlete_missing_in_score_sheet,review,"The event/apparatus/context exists, but this athlete is missing in the score sheet.",MAG D,6596,1st Italian Serie A,2023,Manuel Berettera,ITA,MAG,senior,PH,,,individual,final,4.6,False,0,,,,,,,,,,,,,,,,,,,,[]
orphan_b332ca1c9fde02b8,athlete_missing_in_score_sheet,review,"The event/apparatus/context exists, but this athlete is missing in the score sheet.",MAG D,6596,1st Italian Serie A,2023,Manuel Berettera,ITA,MAG,senior,SR,,,individual,final,4.1,False,0,,,,,,,,,,,,,,,,,,,,[]
orphan_5f4036e3b853cf25,athlete_missing_in_score_sheet,review,"The event/apparatus/context exists, but this athlete is missing in the score sheet.",MAG D,6596,1st Italian Serie A,2023,Manuel Berettera,ITA,MAG,senior,VT,1,,individual,final,4.8,True,0,,,,,,,,,,,,,,,,,,,,[]
orphan_98ea6ec193cc45cc,athlete_missing_in_score_sheet,review,"The event/apparatus/context exists, but this athlete is missing in the score sheet.",MAG D,6622,1st Bundesliga,2023,Marcel Graf,GER,MAG,senior,FX,,,individual,final,4.9,False,0,,,,,,,,,,,,,,,,,,,,[]
orphan_1652ac66ddba367e,athlete_missing_in_score_sheet,review,"The event/apparatus/context exists, but this athlete is missing in the score sheet.",MAG D,6622,1st Bundesliga,2023,Marcel Graf,GER,MAG,senior,HB,,,individual,final,4.0,False,0,,,,,,,,,,,,,,,,,,,,[]
orphan_1785205ef32659bb,athlete_missing_in_score_sheet,review,"The event/apparatus/context exists, but this athlete is missing in the score sheet.",MAG D,6622,1st Bundesliga,2023,Marcel Graf,GER,MAG,senior,PB,,,individual,final,4.0,False,0,,,,,,,,,,,,,,,,,,,,[]
orphan_913b0f6cbc68d625,athlete_missing_in_score_sheet,review,"The event/apparatus/context exists, but this athlete is missing in the score sheet.",MAG D,6622,1st Bundesliga,2023,Marcel Graf,GER,MAG,senior,PH,,,individual,final,5.0,False,0,,,,,,,,,,,,,,,,,,,,[]
orphan_fcdaf0148ef4fd06,athlete_missing_in_score_sheet,review,"The event/apparatus/context exists, but this athlete is missing in the score sheet.",MAG D,6622,1st Bundesliga,2023,Marcel Graf,GER,MAG,senior,SR,,,individual,final,3.6,False,0,,,,,,,,,,,,,,,,,,,,[]
orphan_3fa54ff65263a8f4,athlete_missing_in_score_sheet,review,"The event/apparatus/context exists, but this athlete is missing in the score sheet.",MAG D,6622,1st Bundesliga,2023,Marcel Graf,GER,MAG,senior,VT,1,,individual,final,4.0,True,0,,,,,,,,,,,,,,,,,,,,[]
orphan_46d5baa6d653a3b5,athlete_missing_in_score_sheet,review,"The event/apparatus/context exists, but this athlete is missing in the score sheet.",MAG D,6750,Hungarian Team Championships,2023,Mark David Nagy,HUN,MAG,senior,FX,,,individual,final,4.4,False,0,,,,,,,,,,,,,,,,,,,,[]
orphan_947f22275f24bc99,athlete_missing_in_score_sheet,review,"The event/apparatus/context exists, but this athlete is missing in the score sheet.",MAG D,6750,Hungarian Team Championships,2023,Mark David Nagy,HUN,MAG,senior,PB,,,individual,final,3.6,False,0,,,,,,,,,,,,,,,,,,,,[]
orphan_72f90ab42e6c4ef8,athlete_missing_in_score_sheet,review,"The event/apparatus/context exists, but this athlete is missing in the score sheet.",MAG D,6750,Hungarian Team Championships,2023,Mark David Nagy,HUN,MAG,senior,PH,,,individual,final,4.2,False,0,,,,,,,,,,,,,,,,,,,,[]
orphan_ae054e472342054e,athlete_missing_in_score_sheet,review,"The event/apparatus/context exists, but this athlete is missing in the score sheet.",MAG D,6750,Hungarian Team Championships,2023,Mark David Nagy,HUN,MAG,senior,SR,,,individual,final,4.1,False,0,,,,,,,,,,,,,,,,,,,,[]
orphan_98d57ce76187bc6a,athlete_missing_in_score_sheet,review,"The event/apparatus/context exists, but this athlete is missing in the score sheet.",MAG D,6750,Hungarian Team Championships,2023,Mark David Nagy,HUN,MAG,senior,VT,1,,individual,final,4.8,True,0,,,,,,,,,,,,,,,,,,,,[]
orphan_0a9645bc7e07fbdd,athlete_missing_in_score_sheet,review,"The event/apparatus/context exists, but this athlete is missing in the score sheet.",MAG D,6752,Innsbruck Friendly,2023,Mark Nagy,HUN,MAG,junior,FX,,,individual,final,4.4,False,0,,,,,,,,,,,,,,,,,,,,[]
orphan_4945314c2bc803bb,athlete_missing_in_score_sheet,review,"The event/apparatus/context exists, but this athlete is missing in the score sheet.",MAG D,6752,Innsbruck Friendly,2023,Mark Nagy,HUN,MAG,junior,HB,,,individual,final,3.4,False,0,,,,,,,,,,,,,,,,,,,,[]
orphan_497f4c84e84f4720,athlete_missing_in_score_sheet,review,"The event/apparatus/context exists, but this athlete is missing in the score sheet.",MAG D,6752,Innsbruck Friendly,2023,Mark Nagy,HUN,MAG,junior,PB,,,individual,final,3.6,False,0,,,,,,,,,,,,,,,,,,,,[]
orphan_4189ec364d9b6503,athlete_missing_in_score_sheet,review,"The event/apparatus/context exists, but this athlete is missing in the score sheet.",MAG D,6752,Innsbruck Friendly,2023,Mark Nagy,HUN,MAG,junior,PH,,,individual,final,4.2,False,0,,,,,,,,,,,,,,,,,,,,[]
orphan_a0ec54f5d83a4965,athlete_missing_in_score_sheet,review,"The event/apparatus/context exists, but this athlete is missing in the score sheet.",MAG D,6752,Innsbruck Friendly,2023,Mark Nagy,HUN,MAG,junior,SR,,,individual,final,4.1,False,0,,,,,,,,,,,,,,,,,,,,[]
orphan_b918f1b4b9774e83,athlete_missing_in_score_sheet,review,"The event/apparatus/context exists, but this athlete is missing in the score sheet.",MAG D,6752,Innsbruck Friendly,2023,Mark Nagy,HUN,MAG,junior,VT,1,,individual,final,4.8,True,0,,,,,,,,,,,,,,,,,,,,[]
orphan_c346a490cdc2ee21,possible_context_mismatch,review,"Possible format, round, or day mismatch.",MAG D,6801,Austrian Championships,2023,Martin Miggitsch,AUT,MAG,senior,VT,1,,apparatus,final,4.8,True,1,suggestion_40c258788f92cbf0,context_correction,0.65,"Same athlete/event/apparatus exists in the score sheet, but format, round, or day is different.",Austrian Championships,2023,Martin Miggitsch,AUT,MAG,senior,VT,1,,individual,final,13.25,4.8,MAG,7382,"[{""suggestion_id"": ""suggestion_40c258788f92cbf0"", ""suggestion_type"": ""context_correction"", ""confidence"": 0.65, ""message"": ""Same athlete/event/apparatus exists in the score sheet, but format, round, or day is different."", ""action"": ""attach_d_score_to_target_result"", ""changes"": {""format"": {""from"": ""apparatus"", ""to"": ""individual""}, ""round"": {""from"": ""final"", ""to"": ""final""}, ""day"": {""from"": null, ""to"": null}}, ""target_result"": {""event_name"": ""Austrian Championships"", ""year"": 2023, ""athlete_name"": ""Martin Miggitsch"", ""country"": ""AUT"", ""discipline"": ""MAG"", ""category"": ""senior"", ""apparatus"": ""VT"", ""vt_attempt"": 1, ""day"": null, ""format"": ""individual"", ""round"": ""final"", ""score"": 13.25, ""D_score"": 4.8, ""vault_attempt_order_uncertain"": true, ""source_sheet"": ""MAG"", ""source_row"": 7382, ""target_id"": ""target_7e13acb2bbd67a40""}}]"
orphan_ff018e2d806823f9,possible_context_mismatch,review,"Possible format, round, or day mismatch.",MAG D,6801,Austrian Championships,2023,Martin Miggitsch,AUT,MAG,senior,VT,2,,apparatus,final,4.0,True,1,suggestion_bc7df4be96e47b57,context_correction,0.65,"Same athlete/event/apparatus exists in the score sheet, but format, round, or day is different.",Austrian Championships,2023,Martin Miggitsch,AUT,MAG,senior,VT,2,,individual,final,12.25,4.0,MAG,7382,"[{""suggestion_id"": ""suggestion_bc7df4be96e47b57"", ""suggestion_type"": ""context_correction"", ""confidence"": 0.65, ""message"": ""Same athlete/event/apparatus exists in the score sheet, but format, round, or day is different."", ""action"": ""attach_d_score_to_target_result"", ""changes"": {""format"": {""from"": ""apparatus"", ""to"": ""individual""}, ""round"": {""from"": ""final"", ""to"": ""final""}, ""day"": {""from"": null, ""to"": null}}, ""target_result"": {""event_name"": ""Austrian Championships"", ""year"": 2023, ""athlete_name"": ""Martin Miggitsch"", ""country"": ""AUT"", ""discipline"": ""MAG"", ""category"": ""senior"", ""apparatus"": ""VT"", ""vt_attempt"": 2, ""day"": null, ""format"": ""individual"", ""round"": ""final"", ""score"": 12.25, ""D_score"": 4.0, ""vault_attempt_order_uncertain"": true, ""source_sheet"": ""MAG"", ""source_row"": 7382, ""target_id"": ""target_ea2368f48bd42deb""}}]"
orphan_5ebdbad08ffff0ab,possible_context_mismatch,review,"Possible format, round, or day mismatch.",MAG D,6811,Austrian Championships,2023,Martin Wolf,AUT,MAG,junior,VT,1,,apparatus,final,4.0,True,1,suggestion_1a6c8b9377c103f9,context_correction,0.65,"Same athlete/event/apparatus exists in the score sheet, but format, round, or day is different.",Austrian Championships,2023,Martin Wolf,AUT,MAG,junior,VT,1,,individual,final,12.35,4.0,MAG,7397,"[{""suggestion_id"": ""suggestion_1a6c8b9377c103f9"", ""suggestion_type"": ""context_correction"", ""confidence"": 0.65, ""message"": ""Same athlete/event/apparatus exists in the score sheet, but format, round, or day is different."", ""action"": ""attach_d_score_to_target_result"", ""changes"": {""format"": {""from"": ""apparatus"", ""to"": ""individual""}, ""round"": {""from"": ""final"", ""to"": ""final""}, ""day"": {""from"": null, ""to"": null}}, ""target_result"": {""event_name"": ""Austrian Championships"", ""year"": 2023, ""athlete_name"": ""Martin Wolf"", ""country"": ""AUT"", ""discipline"": ""MAG"", ""category"": ""junior"", ""apparatus"": ""VT"", ""vt_attempt"": 1, ""day"": null, ""format"": ""individual"", ""round"": ""final"", ""score"": 12.35, ""D_score"": 4.0, ""vault_attempt_order_uncertain"": true, ""source_sheet"": ""MAG"", ""source_row"": 7397, ""target_id"": ""target_06a7c4f770af93db""}}]"
orphan_503525af33f88964,possible_context_mismatch,review,"Possible format, round, or day mismatch.",MAG D,6811,Austrian Championships,2023,Martin Wolf,AUT,MAG,junior,VT,2,,apparatus,final,2.8,True,1,suggestion_e7e8401a6a4de215,context_correction,0.65,"Same athlete/event/apparatus exists in the score sheet, but format, round, or day is different.",Austrian Championships,2023,Martin Wolf,AUT,MAG,junior,VT,2,,individual,final,11.8,2.8,MAG,7397,"[{""suggestion_id"": ""suggestion_e7e8401a6a4de215"", ""suggestion_type"": ""context_correction"", ""confidence"": 0.65, ""message"": ""Same athlete/event/apparatus exists in the score sheet, but format, round, or day is different."", ""action"": ""attach_d_score_to_target_result"", ""changes"": {""format"": {""from"": ""apparatus"", ""to"": ""individual""}, ""round"": {""from"": ""final"", ""to"": ""final""}, ""day"": {""from"": null, ""to"": null}}, ""target_result"": {""event_name"": ""Austrian Championships"", ""year"": 2023, ""athlete_name"": ""Martin Wolf"", ""country"": ""AUT"", ""discipline"": ""MAG"", ""category"": ""junior"", ""apparatus"": ""VT"", ""vt_attempt"": 2, ""day"": null, ""format"": ""individual"", ""round"": ""final"", ""score"": 11.8, ""D_score"": 2.8, ""vault_attempt_order_uncertain"": true, ""source_sheet"": ""MAG"", ""source_row"": 7397, ""target_id"": ""target_318a1973f45b04d9""}}]"
orphan_bce8d1834c2e0e6e,missing_final_score_for_context,review,"The athlete/event exists, but not this apparatus/context.",MAG D,6839,All-Japan Championships,2023,Masaki Yamazaki,JPN,MAG,senior,HB,,,individual,qualification,5.4,False,0,,,,,,,,,,,,,,,,,,,,[]
orphan_027240c3ce3503c7,missing_final_score_for_context,review,"The athlete/event exists, but not this apparatus/context.",MAG D,7021,British Championships,2023,Max Ridyard,GBR,MAG,junior,VT,2,,individual,final,2.8,True,0,,,,,,,,,,,,,,,,,,,,[]
orphan_d56ecf85367dd113,athlete_missing_in_score_sheet,review,"The event/apparatus/context exists, but this athlete is missing in the score sheet.",MAG D,7046,1st Bundesliga,2023,Maxim Kovalenko,GER,MAG,senior,PH,,,individual,final,5.3,False,0,,,,,,,,,,,,,,,,,,,,[]
orphan_19442fc193b3a551,athlete_missing_in_score_sheet,review,"The event/apparatus/context exists, but this athlete is missing in the score sheet.",MAG D,7134,Baku World Cup,2023,Mehmet Ayberk Kosak,TUR,MAG,senior,FX,,,individual,qualification,5.4,False,0,,,,,,,,,,,,,,,,,,,,[]
orphan_f98af9a3645fdccb,athlete_missing_in_score_sheet,review,"The event/apparatus/context exists, but this athlete is missing in the score sheet.",MAG D,7134,Baku World Cup,2023,Mehmet Ayberk Kosak,TUR,MAG,senior,PH,,,individual,qualification,4.6,False,0,,,,,,,,,,,,,,,,,,,,[]
orphan_e2666c589ff7edb5,athlete_missing_in_score_sheet,review,"The event/apparatus/context exists, but this athlete is missing in the score sheet.",MAG D,7134,Baku World Cup,2023,Mehmet Ayberk Kosak,TUR,MAG,senior,SR,,,individual,qualification,6.0,False,0,,,,,,,,,,,,,,,,,,,,[]
orphan_62609c967abdfca4,athlete_missing_in_score_sheet,review,"The event/apparatus/context exists, but this athlete is missing in the score sheet.",MAG D,7134,Baku World Cup,2023,Mehmet Ayberk Kosak,TUR,MAG,senior,VT,1,,individual,qualification,5.2,True,0,,,,,,,,,,,,,,,,,,,,[]
orphan_6209e54c5866cc8a,athlete_missing_in_score_sheet,review,"The event/apparatus/context exists, but this athlete is missing in the score sheet.",MAG D,7134,Baku World Cup,2023,Mehmet Ayberk Kosak,TUR,MAG,senior,VT,2,,individual,qualification,4.8,True,0,,,,,,,,,,,,,,,,,,,,[]
orphan_4123d58c45b0dbec,athlete_missing_in_score_sheet,review,"The event/apparatus/context exists, but this athlete is missing in the score sheet.",MAG D,7135,DTB Pokal Team Challenge,2023,Mehmet Ayberk Kosak,TUR,MAG,senior,FX,,,individual,final,5.5,False,0,,,,,,,,,,,,,,,,,,,,[]
orphan_11acc465af28a7ab,athlete_missing_in_score_sheet,review,"The event/apparatus/context exists, but this athlete is missing in the score sheet.",MAG D,7135,DTB Pokal Team Challenge,2023,Mehmet Ayberk Kosak,TUR,MAG,senior,PH,,,individual,final,4.7,False,0,,,,,,,,,,,,,,,,,,,,[]
orphan_0fe04654d4d507d7,athlete_missing_in_score_sheet,review,"The event/apparatus/context exists, but this athlete is missing in the score sheet.",MAG D,7135,DTB Pokal Team Challenge,2023,Mehmet Ayberk Kosak,TUR,MAG,senior,SR,,,individual,final,6.0,False,0,,,,,,,,,,,,,,,,,,,,[]
orphan_7ac3622c13f4044b,athlete_missing_in_score_sheet,review,"The event/apparatus/context exists, but this athlete is missing in the score sheet.",MAG D,7135,DTB Pokal Team Challenge,2023,Mehmet Ayberk Kosak,TUR,MAG,senior,VT,1,,individual,final,4.8,True,0,,,,,,,,,,,,,,,,,,,,[]
orphan_6b5cf5a91cbe1975,athlete_missing_in_score_sheet,review,"The event/apparatus/context exists, but this athlete is missing in the score sheet.",MAG D,7136,Baku World Cup,2023,Mehmet Ayberk Kosak,TUR,MAG,senior,SR,,,apparatus,final,6.0,False,0,,,,,,,,,,,,,,,,,,,,[]
orphan_defc4e5a9a58b489,athlete_missing_in_score_sheet,review,"The event/apparatus/context exists, but this athlete is missing in the score sheet.",MAG D,7137,Varna Challenge Cup,2023,Mehmet Ayberk Kosak,TUR,MAG,senior,FX,,,individual,qualification,5.7,False,0,,,,,,,,,,,,,,,,,,,,[]
orphan_468697a7ce205d3e,athlete_missing_in_score_sheet,review,"The event/apparatus/context exists, but this athlete is missing in the score sheet.",MAG D,7137,Varna Challenge Cup,2023,Mehmet Ayberk Kosak,TUR,MAG,senior,SR,,,individual,qualification,6.0,False,0,,,,,,,,,,,,,,,,,,,,[]
orphan_46a94aec52025146,athlete_missing_in_score_sheet,review,"The event/apparatus/context exists, but this athlete is missing in the score sheet.",MAG D,7137,Varna Challenge Cup,2023,Mehmet Ayberk Kosak,TUR,MAG,senior,VT,1,,individual,qualification,5.2,True,0,,,,,,,,,,,,,,,,,,,,[]
orphan_8b418013822a8449,athlete_missing_in_score_sheet,review,"The event/apparatus/context exists, but this athlete is missing in the score sheet.",MAG D,7137,Varna Challenge Cup,2023,Mehmet Ayberk Kosak,TUR,MAG,senior,VT,2,,individual,qualification,4.8,True,0,,,,,,,,,,,,,,,,,,,,[]
orphan_63ef0ff663f437a2,athlete_missing_in_score_sheet,review,"The event/apparatus/context exists, but this athlete is missing in the score sheet.",MAG D,7138,European Championships,2023,Mehmet Ayberk Kosak,TUR,MAG,senior,FX,,,individual,qualification,5.5,False,0,,,,,,,,,,,,,,,,,,,,[]
orphan_451cf6c24d75d5f7,athlete_missing_in_score_sheet,review,"The event/apparatus/context exists, but this athlete is missing in the score sheet.",MAG D,7138,European Championships,2023,Mehmet Ayberk Kosak,TUR,MAG,senior,PH,,,individual,qualification,4.6,False,0,,,,,,,,,,,,,,,,,,,,[]
orphan_b8ef8a349e534bbc,athlete_missing_in_score_sheet,review,"The event/apparatus/context exists, but this athlete is missing in the score sheet.",MAG D,7138,European Championships,2023,Mehmet Ayberk Kosak,TUR,MAG,senior,SR,,,individual,qualification,6.0,False,0,,,,,,,,,,,,,,,,,,,,[]
orphan_4ba577b9bfa33453,athlete_missing_in_score_sheet,review,"The event/apparatus/context exists, but this athlete is missing in the score sheet.",MAG D,7138,European Championships,2023,Mehmet Ayberk Kosak,TUR,MAG,senior,VT,1,,individual,qualification,4.8,True,0,,,,,,,,,,,,,,,,,,,,[]
orphan_3120f0774d82a7d3,missing_final_score_for_context,review,"The athlete/event exists, but not this apparatus/context.",MAG D,7173,Junior World Championships,2023,Menton Toni Mro,BAN,MAG,junior,HB,,,individual,qualification,2.1,False,0,,,,,,,,,,,,,,,,,,,,[]
orphan_1ab3c8eca52d06f1,possible_context_mismatch,review,"Possible format, round, or day mismatch.",MAG D,7206,British Championships,2023,Michael Carson-Maguire,GBR,MAG,junior,VT,2,,individual,final,4.0,True,1,suggestion_2ecefa33751ebba4,context_correction,0.65,"Same athlete/event/apparatus exists in the score sheet, but format, round, or day is different.",British Championships,2023,Michael Carson-Maguire,GBR,MAG,junior,VT,2,,apparatus,final,13.35,4.0,MAG,7838,"[{""suggestion_id"": ""suggestion_2ecefa33751ebba4"", ""suggestion_type"": ""context_correction"", ""confidence"": 0.65, ""message"": ""Same athlete/event/apparatus exists in the score sheet, but format, round, or day is different."", ""action"": ""attach_d_score_to_target_result"", ""changes"": {""format"": {""from"": ""individual"", ""to"": ""apparatus""}, ""round"": {""from"": ""final"", ""to"": ""final""}, ""day"": {""from"": null, ""to"": null}}, ""target_result"": {""event_name"": ""British Championships"", ""year"": 2023, ""athlete_name"": ""Michael Carson-Maguire"", ""country"": ""GBR"", ""discipline"": ""MAG"", ""category"": ""junior"", ""apparatus"": ""VT"", ""vt_attempt"": 2, ""day"": null, ""format"": ""apparatus"", ""round"": ""final"", ""score"": 13.35, ""D_score"": 4.0, ""vault_attempt_order_uncertain"": true, ""source_sheet"": ""MAG"", ""source_row"": 7838, ""target_id"": ""target_ae766c1bf42cadf7""}}]"
orphan_a0d740af46c06b83,possible_context_mismatch,review,"Possible format, round, or day mismatch.",MAG D,7210,Austrian Future Cup,2023,Michael Carson,IRL,MAG,junior,VT,1,,apparatus,final,4.8,True,1,suggestion_3434279124472da0,context_correction,0.65,"Same athlete/event/apparatus exists in the score sheet, but format, round, or day is different.",Austrian Future Cup,2023,Michael Carson,IRL,MAG,junior,VT,1,,individual,final,13.55,4.8,MAG,7839,"[{""suggestion_id"": ""suggestion_3434279124472da0"", ""suggestion_type"": ""context_correction"", ""confidence"": 0.65, ""message"": ""Same athlete/event/apparatus exists in the score sheet, but format, round, or day is different."", ""action"": ""attach_d_score_to_target_result"", ""changes"": {""format"": {""from"": ""apparatus"", ""to"": ""individual""}, ""round"": {""from"": ""final"", ""to"": ""final""}, ""day"": {""from"": null, ""to"": null}}, ""target_result"": {""event_name"": ""Austrian Future Cup"", ""year"": 2023, ""athlete_name"": ""Michael Carson"", ""country"": ""IRL"", ""discipline"": ""MAG"", ""category"": ""junior"", ""apparatus"": ""VT"", ""vt_attempt"": 1, ""day"": null, ""format"": ""individual"", ""round"": ""final"", ""score"": 13.55, ""D_score"": 4.8, ""vault_attempt_order_uncertain"": true, ""source_sheet"": ""MAG"", ""source_row"": 7839, ""target_id"": ""target_aaac068c6254a3c0""}}]"
orphan_9ccbaebfeb0e0705,possible_context_mismatch,review,"Possible format, round, or day mismatch.",MAG D,7210,Austrian Future Cup,2023,Michael Carson,IRL,MAG,junior,VT,2,,apparatus,final,4.0,True,1,suggestion_03650fc36d55f36e,context_correction,0.65,"Same athlete/event/apparatus exists in the score sheet, but format, round, or day is different.",Austrian Future Cup,2023,Michael Carson,IRL,MAG,junior,VT,2,,individual,final,12.85,4.0,MAG,7839,"[{""suggestion_id"": ""suggestion_03650fc36d55f36e"", ""suggestion_type"": ""context_correction"", ""confidence"": 0.65, ""message"": ""Same athlete/event/apparatus exists in the score sheet, but format, round, or day is different."", ""action"": ""attach_d_score_to_target_result"", ""changes"": {""format"": {""from"": ""apparatus"", ""to"": ""individual""}, ""round"": {""from"": ""final"", ""to"": ""final""}, ""day"": {""from"": null, ""to"": null}}, ""target_result"": {""event_name"": ""Austrian Future Cup"", ""year"": 2023, ""athlete_name"": ""Michael Carson"", ""country"": ""IRL"", ""discipline"": ""MAG"", ""category"": ""junior"", ""apparatus"": ""VT"", ""vt_attempt"": 2, ""day"": null, ""format"": ""individual"", ""round"": ""final"", ""score"": 12.85, ""D_score"": 4.0, ""vault_attempt_order_uncertain"": true, ""source_sheet"": ""MAG"", ""source_row"": 7839, ""target_id"": ""target_d55ae9da05421b33""}}]"
orphan_10a73b3ad33e7bd8,possible_context_mismatch,review,"Possible format, round, or day mismatch.",MAG D,7227,Austrian Championships,2023,Michael Miggitsch,AUT,MAG,junior,VT,1,,apparatus,final,4.0,True,1,suggestion_b36b1e5ea90ffaec,context_correction,0.65,"Same athlete/event/apparatus exists in the score sheet, but format, round, or day is different.",Austrian Championships,2023,Michael Miggitsch,AUT,MAG,junior,VT,1,,individual,final,12.5,4.0,MAG,7858,"[{""suggestion_id"": ""suggestion_b36b1e5ea90ffaec"", ""suggestion_type"": ""context_correction"", ""confidence"": 0.65, ""message"": ""Same athlete/event/apparatus exists in the score sheet, but format, round, or day is different."", ""action"": ""attach_d_score_to_target_result"", ""changes"": {""format"": {""from"": ""apparatus"", ""to"": ""individual""}, ""round"": {""from"": ""final"", ""to"": ""final""}, ""day"": {""from"": null, ""to"": null}}, ""target_result"": {""event_name"": ""Austrian Championships"", ""year"": 2023, ""athlete_name"": ""Michael Miggitsch"", ""country"": ""AUT"", ""discipline"": ""MAG"", ""category"": ""junior"", ""apparatus"": ""VT"", ""vt_attempt"": 1, ""day"": null, ""format"": ""individual"", ""round"": ""final"", ""score"": 12.5, ""D_score"": 4.0, ""vault_attempt_order_uncertain"": true, ""source_sheet"": ""MAG"", ""source_row"": 7858, ""target_id"": ""target_9bd99b0558cd905c""}}]"
orphan_0b9c6ea88974ed6c,possible_context_mismatch,review,"Possible format, round, or day mismatch.",MAG D,7227,Austrian Championships,2023,Michael Miggitsch,AUT,MAG,junior,VT,2,,apparatus,final,2.8,True,1,suggestion_5486e683d9bc06e1,context_correction,0.65,"Same athlete/event/apparatus exists in the score sheet, but format, round, or day is different.",Austrian Championships,2023,Michael Miggitsch,AUT,MAG,junior,VT,2,,individual,final,11.0,2.8,MAG,7858,"[{""suggestion_id"": ""suggestion_5486e683d9bc06e1"", ""suggestion_type"": ""context_correction"", ""confidence"": 0.65, ""message"": ""Same athlete/event/apparatus exists in the score sheet, but format, round, or day is different."", ""action"": ""attach_d_score_to_target_result"", ""changes"": {""format"": {""from"": ""apparatus"", ""to"": ""individual""}, ""round"": {""from"": ""final"", ""to"": ""final""}, ""day"": {""from"": null, ""to"": null}}, ""target_result"": {""event_name"": ""Austrian Championships"", ""year"": 2023, ""athlete_name"": ""Michael Miggitsch"", ""country"": ""AUT"", ""discipline"": ""MAG"", ""category"": ""junior"", ""apparatus"": ""VT"", ""vt_attempt"": 2, ""day"": null, ""format"": ""individual"", ""round"": ""final"", ""score"": 11.0, ""D_score"": 2.8, ""vault_attempt_order_uncertain"": true, ""source_sheet"": ""MAG"", ""source_row"": 7858, ""target_id"": ""target_4c0656d6ade82c27""}}]"
orphan_0ec705268644993c,athlete_missing_in_score_sheet,review,"The event/apparatus/context exists, but this athlete is missing in the score sheet.",MAG D,7277,International Junior Team Cup,2023,Mihai Radu Iustin,ROU,MAG,junior,FX,,,individual,final,4.9,False,0,,,,,,,,,,,,,,,,,,,,[]
orphan_1876750f354c3d17,athlete_missing_in_score_sheet,review,"The event/apparatus/context exists, but this athlete is missing in the score sheet.",MAG D,7277,International Junior Team Cup,2023,Mihai Radu Iustin,ROU,MAG,junior,HB,,,individual,final,4.2,False,0,,,,,,,,,,,,,,,,,,,,[]
orphan_25837e62c68a6127,athlete_missing_in_score_sheet,review,"The event/apparatus/context exists, but this athlete is missing in the score sheet.",MAG D,7277,International Junior Team Cup,2023,Mihai Radu Iustin,ROU,MAG,junior,PB,,,individual,final,4.4,False,0,,,,,,,,,,,,,,,,,,,,[]
orphan_249458477a1cb62d,athlete_missing_in_score_sheet,review,"The event/apparatus/context exists, but this athlete is missing in the score sheet.",MAG D,7277,International Junior Team Cup,2023,Mihai Radu Iustin,ROU,MAG,junior,PH,,,individual,final,3.3,False,0,,,,,,,,,,,,,,,,,,,,[]
orphan_271b7dbe015070fb,athlete_missing_in_score_sheet,review,"The event/apparatus/context exists, but this athlete is missing in the score sheet.",MAG D,7277,International Junior Team Cup,2023,Mihai Radu Iustin,ROU,MAG,junior,SR,,,individual,final,4.0,False,0,,,,,,,,,,,,,,,,,,,,[]
orphan_46ddf1eb60ac12c1,athlete_missing_in_score_sheet,review,"The event/apparatus/context exists, but this athlete is missing in the score sheet.",MAG D,7277,International Junior Team Cup,2023,Mihai Radu Iustin,ROU,MAG,junior,VT,1,,individual,final,4.8,True,0,,,,,,,,,,,,,,,,,,,,[]
orphan_4748cdeffadc2a23,athlete_missing_in_score_sheet,review,"The event/apparatus/context exists, but this athlete is missing in the score sheet.",MAG D,7278,International Junior Team Cup,2023,Mihai Radu Iustin,ROU,MAG,junior,PB,,,apparatus,final,4.4,False,0,,,,,,,,,,,,,,,,,,,,[]
orphan_2a237b181f00d839,athlete_missing_in_score_sheet,review,"The event/apparatus/context exists, but this athlete is missing in the score sheet.",MAG D,7278,International Junior Team Cup,2023,Mihai Radu Iustin,ROU,MAG,junior,SR,,,apparatus,final,4.0,False,0,,,,,,,,,,,,,,,,,,,,[]
orphan_3745206022b402dc,athlete_missing_in_score_sheet,review,"The event/apparatus/context exists, but this athlete is missing in the score sheet.",MAG D,7278,International Junior Team Cup,2023,Mihai Radu Iustin,ROU,MAG,junior,VT,1,,apparatus,final,4.8,True,0,,,,,,,,,,,,,,,,,,,,[]
orphan_fbcfa6ec0a85a085,athlete_missing_in_score_sheet,review,"The event/apparatus/context exists, but this athlete is missing in the score sheet.",MAG D,7278,International Junior Team Cup,2023,Mihai Radu Iustin,ROU,MAG,junior,VT,2,,apparatus,final,4.0,True,0,,,,,,,,,,,,,,,,,,,,[]
orphan_76fc5024ddf31d62,athlete_missing_in_score_sheet,review,"The event/apparatus/context exists, but this athlete is missing in the score sheet.",MAG D,7372,1st Italian Serie A,2023,Mirco Riva,SUI,MAG,senior,HB,,,individual,final,4.4,False,0,,,,,,,,,,,,,,,,,,,,[]
orphan_c62e0caf1ba031db,athlete_missing_in_score_sheet,review,"The event/apparatus/context exists, but this athlete is missing in the score sheet.",MAG D,7372,1st Italian Serie A,2023,Mirco Riva,SUI,MAG,senior,PB,,,individual,final,4.1,False,0,,,,,,,,,,,,,,,,,,,,[]
orphan_bbd38972f385cf4c,athlete_missing_in_score_sheet,review,"The event/apparatus/context exists, but this athlete is missing in the score sheet.",MAG D,7372,1st Italian Serie A,2023,Mirco Riva,SUI,MAG,senior,PH,,,individual,final,4.5,False,0,,,,,,,,,,,,,,,,,,,,[]
orphan_c093b998a3edee3b,athlete_missing_in_score_sheet,review,"The event/apparatus/context exists, but this athlete is missing in the score sheet.",MAG D,7373,2nd Italian Serie A,2023,Mirco Riva,SUI,MAG,senior,HB,,,individual,final,3.9,False,0,,,,,,,,,,,,,,,,,,,,[]
orphan_a25bb5ee5f4eff8b,athlete_missing_in_score_sheet,review,"The event/apparatus/context exists, but this athlete is missing in the score sheet.",MAG D,7373,2nd Italian Serie A,2023,Mirco Riva,SUI,MAG,senior,PB,,,individual,final,4.1,False,0,,,,,,,,,,,,,,,,,,,,[]
orphan_3ac1aad20670ebcb,athlete_missing_in_score_sheet,review,"The event/apparatus/context exists, but this athlete is missing in the score sheet.",MAG D,7373,2nd Italian Serie A,2023,Mirco Riva,SUI,MAG,senior,PH,,,individual,final,4.1,False,0,,,,,,,,,,,,,,,,,,,,[]
orphan_d21f40df2aa4daee,possible_context_mismatch,review,"Possible format, round, or day mismatch.",MAG D,7375,Swiss Championships,2023,Mirco Riva,SUI,MAG,junior,FX,,,apparatus,final,4.4,False,1,suggestion_fb21ddc6630c767d,context_correction,0.65,"Same athlete/event/apparatus exists in the score sheet, but format, round, or day is different.",Swiss Championships,2023,Mirco Riva,SUI,MAG,junior,FX,,,individual,final,11.6,4.4,MAG,8022,"[{""suggestion_id"": ""suggestion_fb21ddc6630c767d"", ""suggestion_type"": ""context_correction"", ""confidence"": 0.65, ""message"": ""Same athlete/event/apparatus exists in the score sheet, but format, round, or day is different."", ""action"": ""attach_d_score_to_target_result"", ""changes"": {""format"": {""from"": ""apparatus"", ""to"": ""individual""}, ""round"": {""from"": ""final"", ""to"": ""final""}, ""day"": {""from"": null, ""to"": null}}, ""target_result"": {""event_name"": ""Swiss Championships"", ""year"": 2023, ""athlete_name"": ""Mirco Riva"", ""country"": ""SUI"", ""discipline"": ""MAG"", ""category"": ""junior"", ""apparatus"": ""FX"", ""vt_attempt"": null, ""day"": null, ""format"": ""individual"", ""round"": ""final"", ""score"": 11.6, ""D_score"": 4.4, ""vault_attempt_order_uncertain"": false, ""source_sheet"": ""MAG"", ""source_row"": 8022, ""target_id"": ""target_5ff713c92c3434f2""}}]"
orphan_a75c8b2e330c405d,possible_context_mismatch,review,"Possible format, round, or day mismatch.",MAG D,7375,Swiss Championships,2023,Mirco Riva,SUI,MAG,junior,VT,1,,apparatus,final,4.8,True,1,suggestion_501b6ae550eabb7b,context_correction,0.65,"Same athlete/event/apparatus exists in the score sheet, but format, round, or day is different.",Swiss Championships,2023,Mirco Riva,SUI,MAG,junior,VT,1,,individual,final,13.05,4.4,MAG,8022,"[{""suggestion_id"": ""suggestion_501b6ae550eabb7b"", ""suggestion_type"": ""context_correction"", ""confidence"": 0.65, ""message"": ""Same athlete/event/apparatus exists in the score sheet, but format, round, or day is different."", ""action"": ""attach_d_score_to_target_result"", ""changes"": {""format"": {""from"": ""apparatus"", ""to"": ""individual""}, ""round"": {""from"": ""final"", ""to"": ""final""}, ""day"": {""from"": null, ""to"": null}}, ""target_result"": {""event_name"": ""Swiss Championships"", ""year"": 2023, ""athlete_name"": ""Mirco Riva"", ""country"": ""SUI"", ""discipline"": ""MAG"", ""category"": ""junior"", ""apparatus"": ""VT"", ""vt_attempt"": 1, ""day"": null, ""format"": ""individual"", ""round"": ""final"", ""score"": 13.05, ""D_score"": 4.4, ""vault_attempt_order_uncertain"": true, ""source_sheet"": ""MAG"", ""source_row"": 8022, ""target_id"": ""target_236c702445032b34""}}]"
orphan_92832df883f82f34,missing_final_score_for_context,review,"The athlete/event exists, but not this apparatus/context.",MAG D,7375,Swiss Championships,2023,Mirco Riva,SUI,MAG,junior,VT,2,,apparatus,final,4.0,True,0,,,,,,,,,,,,,,,,,,,,[]
orphan_b25ee1a2a35c92e3,missing_final_score_for_context,review,"The athlete/event exists, but not this apparatus/context.",MAG D,7386,British Championships,2023,Mitchell Cargill,GBR,MAG,junior,VT,2,,individual,final,2.2,True,0,,,,,,,,,,,,,,,,,,,,[]
orphan_9653f29e4d5daa34,missing_final_score_for_context,review,"The athlete/event exists, but not this apparatus/context.",MAG D,7456,Scottish Championships,2023,Moray Gault,GBR,MAG,junior,VT,2,,individual,final,2.8,True,0,,,,,,,,,,,,,,,,,,,,[]
orphan_44691b67dfebaf86,missing_final_score_for_context,review,"The athlete/event exists, but not this apparatus/context.",MAG D,7515,Indian Junior Championships,2023,Muhammed Ayaz Khanay,IND,MAG,junior,VT,1,,individual,final,0.0,True,0,,,,,,,,,,,,,,,,,,,,[]
orphan_8aaa6f34b925c5ff,missing_final_score_for_context,review,"The athlete/event exists, but not this apparatus/context.",MAG D,7515,Indian Junior Championships,2023,Muhammed Ayaz Khanay,IND,MAG,junior,VT,2,,individual,final,2.4,True,0,,,,,,,,,,,,,,,,,,,,[]
orphan_91b6d29ef44bec16,athlete_missing_in_score_sheet,review,"The event/apparatus/context exists, but this athlete is missing in the score sheet.",MAG D,7739,Swiss Championships,2023,Nick Abersold,SUI,MAG,junior,FX,,,individual,final,4.1,False,0,,,,,,,,,,,,,,,,,,,,[]
orphan_4190508e68270895,athlete_missing_in_score_sheet,review,"The event/apparatus/context exists, but this athlete is missing in the score sheet.",MAG D,7739,Swiss Championships,2023,Nick Abersold,SUI,MAG,junior,HB,,,individual,final,3.3,False,0,,,,,,,,,,,,,,,,,,,,[]
orphan_9c570b707a8c65ad,athlete_missing_in_score_sheet,review,"The event/apparatus/context exists, but this athlete is missing in the score sheet.",MAG D,7739,Swiss Championships,2023,Nick Abersold,SUI,MAG,junior,PB,,,individual,final,3.7,False,0,,,,,,,,,,,,,,,,,,,,[]
orphan_96b47d2b3133defd,athlete_missing_in_score_sheet,review,"The event/apparatus/context exists, but this athlete is missing in the score sheet.",MAG D,7739,Swiss Championships,2023,Nick Abersold,SUI,MAG,junior,PH,,,individual,final,3.2,False,0,,,,,,,,,,,,,,,,,,,,[]
orphan_754478693b5842ea,athlete_missing_in_score_sheet,review,"The event/apparatus/context exists, but this athlete is missing in the score sheet.",MAG D,7739,Swiss Championships,2023,Nick Abersold,SUI,MAG,junior,SR,,,individual,final,3.4,False,0,,,,,,,,,,,,,,,,,,,,[]
orphan_9a15e7d4d5d0cb74,athlete_missing_in_score_sheet,review,"The event/apparatus/context exists, but this athlete is missing in the score sheet.",MAG D,7739,Swiss Championships,2023,Nick Abersold,SUI,MAG,junior,VT,1,,individual,final,3.2,True,0,,,,,,,,,,,,,,,,,,,,[]
orphan_c014839e96951caa,athlete_missing_in_score_sheet,review,"The event/apparatus/context exists, but this athlete is missing in the score sheet.",MAG D,7762,Swiss Championships,2023,Nico Alder,SUI,MAG,junior,FX,,,individual,final,4.0,False,0,,,,,,,,,,,,,,,,,,,,[]
orphan_f9c35a5300a3fe1c,athlete_missing_in_score_sheet,review,"The event/apparatus/context exists, but this athlete is missing in the score sheet.",MAG D,7762,Swiss Championships,2023,Nico Alder,SUI,MAG,junior,HB,,,individual,final,2.6,False,0,,,,,,,,,,,,,,,,,,,,[]
orphan_487e9bdba7b0f7cb,athlete_missing_in_score_sheet,review,"The event/apparatus/context exists, but this athlete is missing in the score sheet.",MAG D,7762,Swiss Championships,2023,Nico Alder,SUI,MAG,junior,PB,,,individual,final,3.1,False,0,,,,,,,,,,,,,,,,,,,,[]
orphan_02771d7f92fa7555,athlete_missing_in_score_sheet,review,"The event/apparatus/context exists, but this athlete is missing in the score sheet.",MAG D,7762,Swiss Championships,2023,Nico Alder,SUI,MAG,junior,PH,,,individual,final,2.7,False,0,,,,,,,,,,,,,,,,,,,,[]
orphan_08338ecb4b97c03a,athlete_missing_in_score_sheet,review,"The event/apparatus/context exists, but this athlete is missing in the score sheet.",MAG D,7762,Swiss Championships,2023,Nico Alder,SUI,MAG,junior,SR,,,individual,final,3.1,False,0,,,,,,,,,,,,,,,,,,,,[]
orphan_073e3d4be877777a,athlete_missing_in_score_sheet,review,"The event/apparatus/context exists, but this athlete is missing in the score sheet.",MAG D,7762,Swiss Championships,2023,Nico Alder,SUI,MAG,junior,VT,1,,individual,final,2.8,True,0,,,,,,,,,,,,,,,,,,,,[]
orphan_514d3c38a21ebc95,missing_score_sheet_context,review,No matching final-score result is available in the score sheet.,MAG D,7766,Swiss Championships,2023,Nico Oberholzer,SUI,MAG,junior,HB,,,apparatus,final,4.5,False,0,,,,,,,,,,,,,,,,,,,,[]
orphan_74520df44c93d39d,athlete_missing_in_score_sheet,review,"The event/apparatus/context exists, but this athlete is missing in the score sheet.",MAG D,7766,Swiss Championships,2023,Nico Oberholzer,SUI,MAG,junior,VT,1,,apparatus,final,4.0,True,0,,,,,,,,,,,,,,,,,,,,[]
orphan_65945720026adf5c,athlete_missing_in_score_sheet,review,"The event/apparatus/context exists, but this athlete is missing in the score sheet.",MAG D,7766,Swiss Championships,2023,Nico Oberholzer,SUI,MAG,junior,VT,2,,apparatus,final,4.0,True,0,,,,,,,,,,,,,,,,,,,,[]
orphan_1c99b65ff2812977,athlete_missing_in_score_sheet,review,"The event/apparatus/context exists, but this athlete is missing in the score sheet.",MAG D,7767,Swiss Championships,2023,Nico Oberholzer,SUI,MAG,junior,FX,,,individual,final,4.5,False,0,,,,,,,,,,,,,,,,,,,,[]
orphan_15490599c518a4af,athlete_missing_in_score_sheet,review,"The event/apparatus/context exists, but this athlete is missing in the score sheet.",MAG D,7767,Swiss Championships,2023,Nico Oberholzer,SUI,MAG,junior,HB,,,individual,final,4.4,False,0,,,,,,,,,,,,,,,,,,,,[]
orphan_94343cfbcd2d85da,athlete_missing_in_score_sheet,review,"The event/apparatus/context exists, but this athlete is missing in the score sheet.",MAG D,7767,Swiss Championships,2023,Nico Oberholzer,SUI,MAG,junior,PB,,,individual,final,4.0,False,0,,,,,,,,,,,,,,,,,,,,[]
orphan_ecd3f94b7982ae94,athlete_missing_in_score_sheet,review,"The event/apparatus/context exists, but this athlete is missing in the score sheet.",MAG D,7767,Swiss Championships,2023,Nico Oberholzer,SUI,MAG,junior,PH,,,individual,final,3.7,False,0,,,,,,,,,,,,,,,,,,,,[]
orphan_ad832a4a2590991e,athlete_missing_in_score_sheet,review,"The event/apparatus/context exists, but this athlete is missing in the score sheet.",MAG D,7767,Swiss Championships,2023,Nico Oberholzer,SUI,MAG,junior,SR,,,individual,final,4.0,False,0,,,,,,,,,,,,,,,,,,,,[]
orphan_318831c231208746,athlete_missing_in_score_sheet,review,"The event/apparatus/context exists, but this athlete is missing in the score sheet.",MAG D,7767,Swiss Championships,2023,Nico Oberholzer,SUI,MAG,junior,VT,1,,individual,final,4.0,True,0,,,,,,,,,,,,,,,,,,,,[]
orphan_19f9e5150e1d5095,missing_final_score_for_context,review,"The athlete/event exists, but not this apparatus/context.",MAG D,7775,Italian Championships,2023,Nicola Bartolini,ITA,MAG,senior,VT,2,,individual,qualification,5.2,True,0,,,,,,,,,,,,,,,,,,,,[]
orphan_e5ca8491a856c8a5,possible_context_mismatch,review,"Possible format, round, or day mismatch.",MAG D,7807,Austrian Championships,2023,Nicolas Ivkic,AUT,MAG,senior,VT,1,,apparatus,final,5.2,True,1,suggestion_44ea569be8f2f6e0,context_correction,0.65,"Same athlete/event/apparatus exists in the score sheet, but format, round, or day is different.",Austrian Championships,2023,Nicolas Ivkic,AUT,MAG,senior,VT,1,,individual,final,13.6,4.8,MAG,8482,"[{""suggestion_id"": ""suggestion_44ea569be8f2f6e0"", ""suggestion_type"": ""context_correction"", ""confidence"": 0.65, ""message"": ""Same athlete/event/apparatus exists in the score sheet, but format, round, or day is different."", ""action"": ""attach_d_score_to_target_result"", ""changes"": {""format"": {""from"": ""apparatus"", ""to"": ""individual""}, ""round"": {""from"": ""final"", ""to"": ""final""}, ""day"": {""from"": null, ""to"": null}}, ""target_result"": {""event_name"": ""Austrian Championships"", ""year"": 2023, ""athlete_name"": ""Nicolas Ivkic"", ""country"": ""AUT"", ""discipline"": ""MAG"", ""category"": ""senior"", ""apparatus"": ""VT"", ""vt_attempt"": 1, ""day"": null, ""format"": ""individual"", ""round"": ""final"", ""score"": 13.6, ""D_score"": 4.8, ""vault_attempt_order_uncertain"": true, ""source_sheet"": ""MAG"", ""source_row"": 8482, ""target_id"": ""target_7f6e28718a44debb""}}]"
orphan_f95e21128d29a2ca,possible_context_mismatch,review,"Possible format, round, or day mismatch.",MAG D,7807,Austrian Championships,2023,Nicolas Ivkic,AUT,MAG,senior,VT,2,,apparatus,final,4.8,True,1,suggestion_cf65c67b1afc544c,context_correction,0.65,"Same athlete/event/apparatus exists in the score sheet, but format, round, or day is different.",Austrian Championships,2023,Nicolas Ivkic,AUT,MAG,senior,VT,2,,individual,final,13.5,4.0,MAG,8482,"[{""suggestion_id"": ""suggestion_cf65c67b1afc544c"", ""suggestion_type"": ""context_correction"", ""confidence"": 0.65, ""message"": ""Same athlete/event/apparatus exists in the score sheet, but format, round, or day is different."", ""action"": ""attach_d_score_to_target_result"", ""changes"": {""format"": {""from"": ""apparatus"", ""to"": ""individual""}, ""round"": {""from"": ""final"", ""to"": ""final""}, ""day"": {""from"": null, ""to"": null}}, ""target_result"": {""event_name"": ""Austrian Championships"", ""year"": 2023, ""athlete_name"": ""Nicolas Ivkic"", ""country"": ""AUT"", ""discipline"": ""MAG"", ""category"": ""senior"", ""apparatus"": ""VT"", ""vt_attempt"": 2, ""day"": null, ""format"": ""individual"", ""round"": ""final"", ""score"": 13.5, ""D_score"": 4.0, ""vault_attempt_order_uncertain"": true, ""source_sheet"": ""MAG"", ""source_row"": 8482, ""target_id"": ""target_474e2fb0c477563a""}}]"
orphan_b1b058c38739357a,missing_final_score_for_context,review,"The athlete/event exists, but not this apparatus/context.",MAG D,7942,Greek Championships,2023,Nikolaos Kapetanopoulos,GRE,MAG,junior,SR,,,individual,final,3.2,False,0,,,,,,,,,,,,,,,,,,,,[]
orphan_ff4166004844acac,possible_context_mismatch,review,"Possible format, round, or day mismatch.",MAG D,7944,Greek Championships,2023,Nikolaos Ntartzalis,GRE,MAG,junior,FX,,,individual,final,3.7,False,1,suggestion_62f71ee66398f9fd,context_correction,0.65,"Same athlete/event/apparatus exists in the score sheet, but format, round, or day is different.",Greek Championships,2023,Nikolaos Ntartzalis,GRE,MAG,junior,FX,,,apparatus,final,11.0,3.7,MAG,8650,"[{""suggestion_id"": ""suggestion_62f71ee66398f9fd"", ""suggestion_type"": ""context_correction"", ""confidence"": 0.65, ""message"": ""Same athlete/event/apparatus exists in the score sheet, but format, round, or day is different."", ""action"": ""attach_d_score_to_target_result"", ""changes"": {""format"": {""from"": ""individual"", ""to"": ""apparatus""}, ""round"": {""from"": ""final"", ""to"": ""final""}, ""day"": {""from"": null, ""to"": null}}, ""target_result"": {""event_name"": ""Greek Championships"", ""year"": 2023, ""athlete_name"": ""Nikolaos Ntartzalis"", ""country"": ""GRE"", ""discipline"": ""MAG"", ""category"": ""junior"", ""apparatus"": ""FX"", ""vt_attempt"": null, ""day"": null, ""format"": ""apparatus"", ""round"": ""final"", ""score"": 11.0, ""D_score"": 3.7, ""vault_attempt_order_uncertain"": false, ""source_sheet"": ""MAG"", ""source_row"": 8650, ""target_id"": ""target_89b3081504210c28""}}]"
orphan_7c3fef60fd24df97,missing_final_score_for_context,review,"The athlete/event exists, but not this apparatus/context.",MAG D,8067,British Championships,2023,Oakley Banks,GBR,MAG,junior,VT,2,,individual,final,4.0,True,0,,,,,,,,,,,,,,,,,,,,[]
orphan_1accc99ce4ba3458,athlete_missing_in_score_sheet,review,"The event/apparatus/context exists, but this athlete is missing in the score sheet.",MAG D,8164,Swiss Championships,2023,Omar Ateyeh,SUI,MAG,junior,FX,,,individual,final,4.3,False,0,,,,,,,,,,,,,,,,,,,,[]
orphan_18b23b2877283dd5,athlete_missing_in_score_sheet,review,"The event/apparatus/context exists, but this athlete is missing in the score sheet.",MAG D,8164,Swiss Championships,2023,Omar Ateyeh,SUI,MAG,junior,HB,,,individual,final,3.8,False,0,,,,,,,,,,,,,,,,,,,,[]
orphan_6704902bd183a2a3,possible_event_name_mismatch,review,Possible event-name mismatch between the D sheet and the score sheet.,MAG D,8164,Swiss Championships,2023,Omar Ateyeh,SUI,MAG,junior,PB,,,individual,final,4.2,False,1,suggestion_dc71c22abb235a91,event_name_correction,0.884,D-score event 'Swiss Championships' may match score-sheet event 'Swiss Team Championships'.,Swiss Team Championships,2023,Omar Ateyeh,SUI,MAG,junior,PB,,,individual,final,11.1,3.9,MAG,8893,"[{""suggestion_id"": ""suggestion_dc71c22abb235a91"", ""suggestion_type"": ""event_name_correction"", ""confidence"": 0.884, ""message"": ""D-score event 'Swiss Championships' may match score-sheet event 'Swiss Team Championships'."", ""action"": ""attach_d_score_to_target_result"", ""changes"": {""event_name"": {""from"": ""Swiss Championships"", ""to"": ""Swiss Team Championships""}}, ""target_result"": {""event_name"": ""Swiss Team Championships"", ""year"": 2023, ""athlete_name"": ""Omar Ateyeh"", ""country"": ""SUI"", ""discipline"": ""MAG"", ""category"": ""junior"", ""apparatus"": ""PB"", ""vt_attempt"": null, ""day"": null, ""format"": ""individual"", ""round"": ""final"", ""score"": 11.1, ""D_score"": 3.9, ""vault_attempt_order_uncertain"": false, ""source_sheet"": ""MAG"", ""source_row"": 8893, ""target_id"": ""target_1683d2a628a19539""}}]"
orphan_c692722d479ba625,possible_event_name_mismatch,review,Possible event-name mismatch between the D sheet and the score sheet.,MAG D,8164,Swiss Championships,2023,Omar Ateyeh,SUI,MAG,junior,PH,,,individual,final,4.6,False,1,suggestion_4c5c468dc93fe3e5,event_name_correction,0.884,D-score event 'Swiss Championships' may match score-sheet event 'Swiss Team Championships'.,Swiss Team Championships,2023,Omar Ateyeh,SUI,MAG,junior,PH,,,individual,final,13.4,5.2,MAG,8893,"[{""suggestion_id"": ""suggestion_4c5c468dc93fe3e5"", ""suggestion_type"": ""event_name_correction"", ""confidence"": 0.884, ""message"": ""D-score event 'Swiss Championships' may match score-sheet event 'Swiss Team Championships'."", ""action"": ""attach_d_score_to_target_result"", ""changes"": {""event_name"": {""from"": ""Swiss Championships"", ""to"": ""Swiss Team Championships""}}, ""target_result"": {""event_name"": ""Swiss Team Championships"", ""year"": 2023, ""athlete_name"": ""Omar Ateyeh"", ""country"": ""SUI"", ""discipline"": ""MAG"", ""category"": ""junior"", ""apparatus"": ""PH"", ""vt_attempt"": null, ""day"": null, ""format"": ""individual"", ""round"": ""final"", ""score"": 13.4, ""D_score"": 5.2, ""vault_attempt_order_uncertain"": false, ""source_sheet"": ""MAG"", ""source_row"": 8893, ""target_id"": ""target_236b86ffe21d15ed""}}]"
orphan_cada934808af900d,possible_event_name_mismatch,review,Possible event-name mismatch between the D sheet and the score sheet.,MAG D,8164,Swiss Championships,2023,Omar Ateyeh,SUI,MAG,junior,SR,,,individual,final,4.1,False,1,suggestion_f3bde5986bcd940d,event_name_correction,0.884,D-score event 'Swiss Championships' may match score-sheet event 'Swiss Team Championships'.,Swiss Team Championships,2023,Omar Ateyeh,SUI,MAG,junior,SR,,,individual,final,13.0,4.3,MAG,8893,"[{""suggestion_id"": ""suggestion_f3bde5986bcd940d"", ""suggestion_type"": ""event_name_correction"", ""confidence"": 0.884, ""message"": ""D-score event 'Swiss Championships' may match score-sheet event 'Swiss Team Championships'."", ""action"": ""attach_d_score_to_target_result"", ""changes"": {""event_name"": {""from"": ""Swiss Championships"", ""to"": ""Swiss Team Championships""}}, ""target_result"": {""event_name"": ""Swiss Team Championships"", ""year"": 2023, ""athlete_name"": ""Omar Ateyeh"", ""country"": ""SUI"", ""discipline"": ""MAG"", ""category"": ""junior"", ""apparatus"": ""SR"", ""vt_attempt"": null, ""day"": null, ""format"": ""individual"", ""round"": ""final"", ""score"": 13.0, ""D_score"": 4.3, ""vault_attempt_order_uncertain"": false, ""source_sheet"": ""MAG"", ""source_row"": 8893, ""target_id"": ""target_e74eb34a79019b1f""}}]"
orphan_21efdde8ae353936,possible_event_name_mismatch,review,Possible event-name mismatch between the D sheet and the score sheet.,MAG D,8164,Swiss Championships,2023,Omar Ateyeh,SUI,MAG,junior,VT,1,,individual,final,4.0,True,1,suggestion_5848567a2e437f2a,event_name_correction,0.884,D-score event 'Swiss Championships' may match score-sheet event 'Swiss Team Championships'.,Swiss Team Championships,2023,Omar Ateyeh,SUI,MAG,junior,VT,1,,individual,final,13.35,4.8,MAG,8893,"[{""suggestion_id"": ""suggestion_5848567a2e437f2a"", ""suggestion_type"": ""event_name_correction"", ""confidence"": 0.884, ""message"": ""D-score event 'Swiss Championships' may match score-sheet event 'Swiss Team Championships'."", ""action"": ""attach_d_score_to_target_result"", ""changes"": {""event_name"": {""from"": ""Swiss Championships"", ""to"": ""Swiss Team Championships""}}, ""target_result"": {""event_name"": ""Swiss Team Championships"", ""year"": 2023, ""athlete_name"": ""Omar Ateyeh"", ""country"": ""SUI"", ""discipline"": ""MAG"", ""category"": ""junior"", ""apparatus"": ""VT"", ""vt_attempt"": 1, ""day"": null, ""format"": ""individual"", ""round"": ""final"", ""score"": 13.35, ""D_score"": 4.8, ""vault_attempt_order_uncertain"": true, ""source_sheet"": ""MAG"", ""source_row"": 8893, ""target_id"": ""target_a83aa70348ed9419""}}]"
orphan_f06af14a6be420c2,missing_score_sheet_context,review,No matching final-score result is available in the score sheet.,MAG D,8165,Swiss Championships,2023,Omar Ateyeh,SUI,MAG,junior,HB,,,apparatus,final,3.8,False,0,,,,,,,,,,,,,,,,,,,,[]
orphan_af1724a820210428,missing_score_sheet_context,review,No matching final-score result is available in the score sheet.,MAG D,8165,Swiss Championships,2023,Omar Ateyeh,SUI,MAG,junior,PB,,,apparatus,final,4.2,False,0,,,,,,,,,,,,,,,,,,,,[]
orphan_0445c94e01cfad9c,missing_score_sheet_context,review,No matching final-score result is available in the score sheet.,MAG D,8165,Swiss Championships,2023,Omar Ateyeh,SUI,MAG,junior,PH,,,apparatus,final,5.0,False,0,,,,,,,,,,,,,,,,,,,,[]
orphan_3e4fb702be2ad536,athlete_missing_in_score_sheet,review,"The event/apparatus/context exists, but this athlete is missing in the score sheet.",MAG D,8209,Norwegian Junior Championships,2023,Oscar Chiaki Nakazato Wiik,NOR,MAG,junior,HB,,,individual,final,2.0,False,0,,,,,,,,,,,,,,,,,,,,[]
orphan_93aadb25eab6a4d6,athlete_missing_in_score_sheet,review,"The event/apparatus/context exists, but this athlete is missing in the score sheet.",MAG D,8209,Norwegian Junior Championships,2023,Oscar Chiaki Nakazato Wiik,NOR,MAG,junior,PB,,,individual,final,2.2,False,0,,,,,,,,,,,,,,,,,,,,[]
orphan_f03da246c442bb5f,athlete_missing_in_score_sheet,review,"The event/apparatus/context exists, but this athlete is missing in the score sheet.",MAG D,8209,Norwegian Junior Championships,2023,Oscar Chiaki Nakazato Wiik,NOR,MAG,junior,PH,,,individual,final,2.9,False,0,,,,,,,,,,,,,,,,,,,,[]
orphan_b5add16c8ff55ef8,athlete_missing_in_score_sheet,review,"The event/apparatus/context exists, but this athlete is missing in the score sheet.",MAG D,8209,Norwegian Junior Championships,2023,Oscar Chiaki Nakazato Wiik,NOR,MAG,junior,SR,,,individual,final,2.8,False,0,,,,,,,,,,,,,,,,,,,,[]
orphan_9ed41a55b5aa98af,possible_context_mismatch,review,"Possible format, round, or day mismatch.",MAG D,8452,Austrian Championships,2023,Paul Schmölzer,AUT,MAG,senior,VT,1,,apparatus,final,4.8,True,1,suggestion_2cc7e121e93ee45c,context_correction,0.65,"Same athlete/event/apparatus exists in the score sheet, but format, round, or day is different.",Austrian Championships,2023,Paul Schmölzer,AUT,MAG,senior,VT,1,,individual,final,13.5,4.8,MAG,9180,"[{""suggestion_id"": ""suggestion_2cc7e121e93ee45c"", ""suggestion_type"": ""context_correction"", ""confidence"": 0.65, ""message"": ""Same athlete/event/apparatus exists in the score sheet, but format, round, or day is different."", ""action"": ""attach_d_score_to_target_result"", ""changes"": {""format"": {""from"": ""apparatus"", ""to"": ""individual""}, ""round"": {""from"": ""final"", ""to"": ""final""}, ""day"": {""from"": null, ""to"": null}}, ""target_result"": {""event_name"": ""Austrian Championships"", ""year"": 2023, ""athlete_name"": ""Paul Schmölzer"", ""country"": ""AUT"", ""discipline"": ""MAG"", ""category"": ""senior"", ""apparatus"": ""VT"", ""vt_attempt"": 1, ""day"": null, ""format"": ""individual"", ""round"": ""final"", ""score"": 13.5, ""D_score"": 4.8, ""vault_attempt_order_uncertain"": true, ""source_sheet"": ""MAG"", ""source_row"": 9180, ""target_id"": ""target_234543e2551e85f6""}}]"
orphan_9218d6c74daeac5f,possible_context_mismatch,review,"Possible format, round, or day mismatch.",MAG D,8452,Austrian Championships,2023,Paul Schmölzer,AUT,MAG,senior,VT,2,,apparatus,final,4.0,True,1,suggestion_7ffc4fceb912ddd3,context_correction,0.65,"Same athlete/event/apparatus exists in the score sheet, but format, round, or day is different.",Austrian Championships,2023,Paul Schmölzer,AUT,MAG,senior,VT,2,,individual,final,12.65,4.0,MAG,9180,"[{""suggestion_id"": ""suggestion_7ffc4fceb912ddd3"", ""suggestion_type"": ""context_correction"", ""confidence"": 0.65, ""message"": ""Same athlete/event/apparatus exists in the score sheet, but format, round, or day is different."", ""action"": ""attach_d_score_to_target_result"", ""changes"": {""format"": {""from"": ""apparatus"", ""to"": ""individual""}, ""round"": {""from"": ""final"", ""to"": ""final""}, ""day"": {""from"": null, ""to"": null}}, ""target_result"": {""event_name"": ""Austrian Championships"", ""year"": 2023, ""athlete_name"": ""Paul Schmölzer"", ""country"": ""AUT"", ""discipline"": ""MAG"", ""category"": ""senior"", ""apparatus"": ""VT"", ""vt_attempt"": 2, ""day"": null, ""format"": ""individual"", ""round"": ""final"", ""score"": 12.65, ""D_score"": 4.0, ""vault_attempt_order_uncertain"": true, ""source_sheet"": ""MAG"", ""source_row"": 9180, ""target_id"": ""target_eb96679db8b22cca""}}]"
orphan_b26012fe55ea4b4b,missing_final_score_for_context,review,"The athlete/event exists, but not this apparatus/context.",MAG D,8564,Elite Canada,2023,Phillip Carson,CAN,MAG,senior,SR,,,individual,final,4.3,False,0,,,,,,,,,,,,,,,,,,,,[]
orphan_bb693ca3e97084a3,missing_final_score_for_context,review,"The athlete/event exists, but not this apparatus/context.",MAG D,8565,Elite Canada,2023,Phillip Carson,CAN,MAG,senior,SR,,,individual,qualification,3.8,False,0,,,,,,,,,,,,,,,,,,,,[]
orphan_42d5cd954430dd1b,athlete_missing_in_score_sheet,review,"The event/apparatus/context exists, but this athlete is missing in the score sheet.",MAG D,8585,Top 12 Finals,2023,Pierre Cassam Chenaï,FRA,MAG,senior,HB,,,individual,final,4.4,False,0,,,,,,,,,,,,,,,,,,,,[]
orphan_e54a5eaaa8365ff8,athlete_missing_in_score_sheet,review,"The event/apparatus/context exists, but this athlete is missing in the score sheet.",MAG D,8585,Top 12 Finals,2023,Pierre Cassam Chenaï,FRA,MAG,senior,PB,,,individual,final,4.9,False,0,,,,,,,,,,,,,,,,,,,,[]
orphan_e93ff77b235be17e,athlete_missing_in_score_sheet,review,"The event/apparatus/context exists, but this athlete is missing in the score sheet.",MAG D,8585,Top 12 Finals,2023,Pierre Cassam Chenaï,FRA,MAG,senior,PH,,,individual,final,4.8,False,0,,,,,,,,,,,,,,,,,,,,[]
orphan_88a9a92bf0c4bf44,athlete_missing_in_score_sheet,review,"The event/apparatus/context exists, but this athlete is missing in the score sheet.",MAG D,8585,Top 12 Finals,2023,Pierre Cassam Chenaï,FRA,MAG,senior,SR,,,individual,final,4.7,False,0,,,,,,,,,,,,,,,,,,,,[]
orphan_905025c34a0c6658,athlete_missing_in_score_sheet,review,"The event/apparatus/context exists, but this athlete is missing in the score sheet.",MAG D,8586,Top 12 Series 7,2023,Pierre Cassam Chenaï,FRA,MAG,senior,PH,,,individual,final,4.5,False,0,,,,,,,,,,,,,,,,,,,,[]
orphan_eb726db8c8cba260,athlete_missing_in_score_sheet,review,"The event/apparatus/context exists, but this athlete is missing in the score sheet.",MAG D,8586,Top 12 Series 7,2023,Pierre Cassam Chenaï,FRA,MAG,senior,SR,,,individual,final,4.6,False,0,,,,,,,,,,,,,,,,,,,,[]
orphan_8c1004a027103bc4,athlete_missing_in_score_sheet,review,"The event/apparatus/context exists, but this athlete is missing in the score sheet.",MAG D,8587,Top 12 Series 5,2023,Pierre Cassam Chenaï,FRA,MAG,senior,PH,,,individual,final,4.5,False,0,,,,,,,,,,,,,,,,,,,,[]
orphan_8e826991912f6341,athlete_missing_in_score_sheet,review,"The event/apparatus/context exists, but this athlete is missing in the score sheet.",MAG D,8587,Top 12 Series 5,2023,Pierre Cassam Chenaï,FRA,MAG,senior,VT,1,,individual,final,4.0,True,0,,,,,,,,,,,,,,,,,,,,[]
orphan_791cfb662a4e11c8,athlete_missing_in_score_sheet,review,"The event/apparatus/context exists, but this athlete is missing in the score sheet.",MAG D,8588,Top 12 Series 6,2023,Pierre Cassam Chenaï,FRA,MAG,senior,PH,,,individual,final,4.5,False,0,,,,,,,,,,,,,,,,,,,,[]
orphan_1afdd891814a7860,athlete_missing_in_score_sheet,review,"The event/apparatus/context exists, but this athlete is missing in the score sheet.",MAG D,8657,Swiss Championships,2023,Quentin Weber,SUI,MAG,junior,FX,,,individual,final,3.9,False,0,,,,,,,,,,,,,,,,,,,,[]
orphan_4cc11d771ecd0006,athlete_missing_in_score_sheet,review,"The event/apparatus/context exists, but this athlete is missing in the score sheet.",MAG D,8657,Swiss Championships,2023,Quentin Weber,SUI,MAG,junior,HB,,,individual,final,3.6,False,0,,,,,,,,,,,,,,,,,,,,[]
orphan_033b9904ed380772,athlete_missing_in_score_sheet,review,"The event/apparatus/context exists, but this athlete is missing in the score sheet.",MAG D,8657,Swiss Championships,2023,Quentin Weber,SUI,MAG,junior,PB,,,individual,final,3.5,False,0,,,,,,,,,,,,,,,,,,,,[]
orphan_553a914592ebae74,possible_event_name_mismatch,review,Possible event-name mismatch between the D sheet and the score sheet.,MAG D,8657,Swiss Championships,2023,Quentin Weber,SUI,MAG,junior,PH,,,individual,final,4.2,False,1,suggestion_62ac917abb941c19,event_name_correction,0.884,D-score event 'Swiss Championships' may match score-sheet event 'Swiss Team Championships'.,Swiss Team Championships,2023,Quentin Weber,SUI,MAG,junior,PH,,,individual,final,11.533,3.8,MAG,9408,"[{""suggestion_id"": ""suggestion_62ac917abb941c19"", ""suggestion_type"": ""event_name_correction"", ""confidence"": 0.884, ""message"": ""D-score event 'Swiss Championships' may match score-sheet event 'Swiss Team Championships'."", ""action"": ""attach_d_score_to_target_result"", ""changes"": {""event_name"": {""from"": ""Swiss Championships"", ""to"": ""Swiss Team Championships""}}, ""target_result"": {""event_name"": ""Swiss Team Championships"", ""year"": 2023, ""athlete_name"": ""Quentin Weber"", ""country"": ""SUI"", ""discipline"": ""MAG"", ""category"": ""junior"", ""apparatus"": ""PH"", ""vt_attempt"": null, ""day"": null, ""format"": ""individual"", ""round"": ""final"", ""score"": 11.533, ""D_score"": 3.8, ""vault_attempt_order_uncertain"": false, ""source_sheet"": ""MAG"", ""source_row"": 9408, ""target_id"": ""target_bb11323c70164aee""}}]"
orphan_ab96261760752edd,athlete_missing_in_score_sheet,review,"The event/apparatus/context exists, but this athlete is missing in the score sheet.",MAG D,8657,Swiss Championships,2023,Quentin Weber,SUI,MAG,junior,SR,,,individual,final,4.1,False,0,,,,,,,,,,,,,,,,,,,,[]
orphan_77bf5cf78e62274b,athlete_missing_in_score_sheet,review,"The event/apparatus/context exists, but this athlete is missing in the score sheet.",MAG D,8657,Swiss Championships,2023,Quentin Weber,SUI,MAG,junior,VT,1,,individual,final,4.0,True,0,,,,,,,,,,,,,,,,,,,,[]
orphan_ac322f768a508d33,missing_score_sheet_context,review,No matching final-score result is available in the score sheet.,MAG D,8658,Swiss Championships,2023,Quentin Weber,SUI,MAG,junior,PH,,,apparatus,final,4.4,False,0,,,,,,,,,,,,,,,,,,,,[]
orphan_ce1783fc6c5b4194,athlete_missing_in_score_sheet,review,"The event/apparatus/context exists, but this athlete is missing in the score sheet.",MAG D,8710,Brazil Trophy,2023,Rafael Santos,BRA,MAG,senior,FX,,,individual,qualification,4.3,False,0,,,,,,,,,,,,,,,,,,,,[]
orphan_ae90124a3851f968,athlete_missing_in_score_sheet,review,"The event/apparatus/context exists, but this athlete is missing in the score sheet.",MAG D,8710,Brazil Trophy,2023,Rafael Santos,BRA,MAG,senior,HB,,,individual,qualification,3.0,False,0,,,,,,,,,,,,,,,,,,,,[]
orphan_892942c1baa183fe,athlete_missing_in_score_sheet,review,"The event/apparatus/context exists, but this athlete is missing in the score sheet.",MAG D,8710,Brazil Trophy,2023,Rafael Santos,BRA,MAG,senior,PB,,,individual,qualification,3.7,False,0,,,,,,,,,,,,,,,,,,,,[]
orphan_687763ae1c626b30,athlete_missing_in_score_sheet,review,"The event/apparatus/context exists, but this athlete is missing in the score sheet.",MAG D,8710,Brazil Trophy,2023,Rafael Santos,BRA,MAG,senior,PH,,,individual,qualification,3.6,False,0,,,,,,,,,,,,,,,,,,,,[]
orphan_1ebff3344d245b47,athlete_missing_in_score_sheet,review,"The event/apparatus/context exists, but this athlete is missing in the score sheet.",MAG D,8710,Brazil Trophy,2023,Rafael Santos,BRA,MAG,senior,VT,1,,individual,qualification,4.4,True,0,,,,,,,,,,,,,,,,,,,,[]
orphan_f9d1ff2f01c4ac51,athlete_missing_in_score_sheet,review,"The event/apparatus/context exists, but this athlete is missing in the score sheet.",MAG D,8710,Brazil Trophy,2023,Rafael Santos,BRA,MAG,senior,VT,2,,individual,qualification,4.0,True,0,,,,,,,,,,,,,,,,,,,,[]
orphan_d1e8515af8530926,athlete_missing_in_score_sheet,review,"The event/apparatus/context exists, but this athlete is missing in the score sheet.",MAG D,8713,Brazil Trophy,2023,Rafael Shiguti,BRA,MAG,senior,FX,,,individual,qualification,4.1,False,0,,,,,,,,,,,,,,,,,,,,[]
orphan_d2207cf7a03f5b52,athlete_missing_in_score_sheet,review,"The event/apparatus/context exists, but this athlete is missing in the score sheet.",MAG D,8713,Brazil Trophy,2023,Rafael Shiguti,BRA,MAG,senior,HB,,,individual,qualification,3.8,False,0,,,,,,,,,,,,,,,,,,,,[]
orphan_456fd8cb39e25edc,athlete_missing_in_score_sheet,review,"The event/apparatus/context exists, but this athlete is missing in the score sheet.",MAG D,8713,Brazil Trophy,2023,Rafael Shiguti,BRA,MAG,senior,PH,,,individual,qualification,4.1,False,0,,,,,,,,,,,,,,,,,,,,[]
orphan_d15dba023b1eca5f,athlete_missing_in_score_sheet,review,"The event/apparatus/context exists, but this athlete is missing in the score sheet.",MAG D,8713,Brazil Trophy,2023,Rafael Shiguti,BRA,MAG,senior,SR,,,individual,qualification,3.7,False,0,,,,,,,,,,,,,,,,,,,,[]
orphan_9cf1a2640f98b6a0,missing_final_score_for_context,review,"The athlete/event exists, but not this apparatus/context.",MAG D,8732,British Championships,2023,Ralph Hunt,GBR,MAG,junior,VT,2,,individual,final,2.8,True,0,,,,,,,,,,,,,,,,,,,,[]
orphan_b4a588358e1d78f4,possible_context_mismatch,review,"Possible format, round, or day mismatch.",MAG D,8792,Latvian Championships,2023,Reinis Zilko,LAT,MAG,senior,FX,,,individual,final,2.9,False,1,suggestion_cb40b17b29d72bee,context_correction,0.65,"Same athlete/event/apparatus exists in the score sheet, but format, round, or day is different.",Latvian Championships,2023,Reinis Zilko,LAT,MAG,senior,FX,,,apparatus,final,10.65,2.5,MAG,9558,"[{""suggestion_id"": ""suggestion_cb40b17b29d72bee"", ""suggestion_type"": ""context_correction"", ""confidence"": 0.65, ""message"": ""Same athlete/event/apparatus exists in the score sheet, but format, round, or day is different."", ""action"": ""attach_d_score_to_target_result"", ""changes"": {""format"": {""from"": ""individual"", ""to"": ""apparatus""}, ""round"": {""from"": ""final"", ""to"": ""final""}, ""day"": {""from"": null, ""to"": null}}, ""target_result"": {""event_name"": ""Latvian Championships"", ""year"": 2023, ""athlete_name"": ""Reinis Zilko"", ""country"": ""LAT"", ""discipline"": ""MAG"", ""category"": ""senior"", ""apparatus"": ""FX"", ""vt_attempt"": null, ""day"": null, ""format"": ""apparatus"", ""round"": ""final"", ""score"": 10.65, ""D_score"": 2.5, ""vault_attempt_order_uncertain"": false, ""source_sheet"": ""MAG"", ""source_row"": 9558, ""target_id"": ""target_34143eb128e20e7c""}}]"
orphan_94282df020a2640d,missing_final_score_for_context,review,"The athlete/event exists, but not this apparatus/context.",MAG D,8792,Latvian Championships,2023,Reinis Zilko,LAT,MAG,senior,HB,,,individual,final,2.7,False,0,,,,,,,,,,,,,,,,,,,,[]
orphan_a84978af3a5df3d1,possible_context_mismatch,review,"Possible format, round, or day mismatch.",MAG D,8792,Latvian Championships,2023,Reinis Zilko,LAT,MAG,senior,PB,,,individual,final,3.0,False,1,suggestion_7c4904543c42f1eb,context_correction,0.65,"Same athlete/event/apparatus exists in the score sheet, but format, round, or day is different.",Latvian Championships,2023,Reinis Zilko,LAT,MAG,senior,PB,,,apparatus,final,11.9,3.0,MAG,9558,"[{""suggestion_id"": ""suggestion_7c4904543c42f1eb"", ""suggestion_type"": ""context_correction"", ""confidence"": 0.65, ""message"": ""Same athlete/event/apparatus exists in the score sheet, but format, round, or day is different."", ""action"": ""attach_d_score_to_target_result"", ""changes"": {""format"": {""from"": ""individual"", ""to"": ""apparatus""}, ""round"": {""from"": ""final"", ""to"": ""final""}, ""day"": {""from"": null, ""to"": null}}, ""target_result"": {""event_name"": ""Latvian Championships"", ""year"": 2023, ""athlete_name"": ""Reinis Zilko"", ""country"": ""LAT"", ""discipline"": ""MAG"", ""category"": ""senior"", ""apparatus"": ""PB"", ""vt_attempt"": null, ""day"": null, ""format"": ""apparatus"", ""round"": ""final"", ""score"": 11.9, ""D_score"": 3.0, ""vault_attempt_order_uncertain"": false, ""source_sheet"": ""MAG"", ""source_row"": 9558, ""target_id"": ""target_a7effcbbceb9ea4b""}}]"
orphan_8ea48273ff8a687c,missing_final_score_for_context,review,"The athlete/event exists, but not this apparatus/context.",MAG D,8792,Latvian Championships,2023,Reinis Zilko,LAT,MAG,senior,PH,,,individual,final,3.8,False,0,,,,,,,,,,,,,,,,,,,,[]
orphan_4ff11e97f368fab6,possible_context_mismatch,review,"Possible format, round, or day mismatch.",MAG D,8792,Latvian Championships,2023,Reinis Zilko,LAT,MAG,senior,SR,,,individual,final,2.6,False,1,suggestion_54bd0ccecbbf858a,context_correction,0.65,"Same athlete/event/apparatus exists in the score sheet, but format, round, or day is different.",Latvian Championships,2023,Reinis Zilko,LAT,MAG,senior,SR,,,apparatus,final,11.9,3.0,MAG,9558,"[{""suggestion_id"": ""suggestion_54bd0ccecbbf858a"", ""suggestion_type"": ""context_correction"", ""confidence"": 0.65, ""message"": ""Same athlete/event/apparatus exists in the score sheet, but format, round, or day is different."", ""action"": ""attach_d_score_to_target_result"", ""changes"": {""format"": {""from"": ""individual"", ""to"": ""apparatus""}, ""round"": {""from"": ""final"", ""to"": ""final""}, ""day"": {""from"": null, ""to"": null}}, ""target_result"": {""event_name"": ""Latvian Championships"", ""year"": 2023, ""athlete_name"": ""Reinis Zilko"", ""country"": ""LAT"", ""discipline"": ""MAG"", ""category"": ""senior"", ""apparatus"": ""SR"", ""vt_attempt"": null, ""day"": null, ""format"": ""apparatus"", ""round"": ""final"", ""score"": 11.9, ""D_score"": 3.0, ""vault_attempt_order_uncertain"": false, ""source_sheet"": ""MAG"", ""source_row"": 9558, ""target_id"": ""target_8873938d7b0311ee""}}]"
orphan_6aa7568516b66fee,possible_context_mismatch,review,"Possible format, round, or day mismatch.",MAG D,8792,Latvian Championships,2023,Reinis Zilko,LAT,MAG,senior,VT,1,,individual,final,2.4,True,1,suggestion_92862c846c058afd,context_correction,0.65,"Same athlete/event/apparatus exists in the score sheet, but format, round, or day is different.",Latvian Championships,2023,Reinis Zilko,LAT,MAG,senior,VT,1,,apparatus,final,11.4,3.2,MAG,9558,"[{""suggestion_id"": ""suggestion_92862c846c058afd"", ""suggestion_type"": ""context_correction"", ""confidence"": 0.65, ""message"": ""Same athlete/event/apparatus exists in the score sheet, but format, round, or day is different."", ""action"": ""attach_d_score_to_target_result"", ""changes"": {""format"": {""from"": ""individual"", ""to"": ""apparatus""}, ""round"": {""from"": ""final"", ""to"": ""final""}, ""day"": {""from"": null, ""to"": null}}, ""target_result"": {""event_name"": ""Latvian Championships"", ""year"": 2023, ""athlete_name"": ""Reinis Zilko"", ""country"": ""LAT"", ""discipline"": ""MAG"", ""category"": ""senior"", ""apparatus"": ""VT"", ""vt_attempt"": 1, ""day"": null, ""format"": ""apparatus"", ""round"": ""final"", ""score"": 11.4, ""D_score"": 3.2, ""vault_attempt_order_uncertain"": true, ""source_sheet"": ""MAG"", ""source_row"": 9558, ""target_id"": ""target_fdd85de549ac93ea""}}]"
orphan_1995d99aa20d8b6f,possible_context_mismatch,review,"Possible format, round, or day mismatch.",MAG D,8849,British Championships,2023,Reuben Ward,GBR,MAG,junior,VT,2,,individual,final,4.0,True,1,suggestion_7e021e75457874cd,context_correction,0.65,"Same athlete/event/apparatus exists in the score sheet, but format, round, or day is different.",British Championships,2023,Reuben Ward,GBR,MAG,junior,VT,2,,apparatus,final,12.55,4.0,MAG,9628,"[{""suggestion_id"": ""suggestion_7e021e75457874cd"", ""suggestion_type"": ""context_correction"", ""confidence"": 0.65, ""message"": ""Same athlete/event/apparatus exists in the score sheet, but format, round, or day is different."", ""action"": ""attach_d_score_to_target_result"", ""changes"": {""format"": {""from"": ""individual"", ""to"": ""apparatus""}, ""round"": {""from"": ""final"", ""to"": ""final""}, ""day"": {""from"": null, ""to"": null}}, ""target_result"": {""event_name"": ""British Championships"", ""year"": 2023, ""athlete_name"": ""Reuben Ward"", ""country"": ""GBR"", ""discipline"": ""MAG"", ""category"": ""junior"", ""apparatus"": ""VT"", ""vt_attempt"": 2, ""day"": null, ""format"": ""apparatus"", ""round"": ""final"", ""score"": 12.55, ""D_score"": 4.0, ""vault_attempt_order_uncertain"": true, ""source_sheet"": ""MAG"", ""source_row"": 9628, ""target_id"": ""target_8c71b086b6ee0c66""}}]"
orphan_0ecf5230e2835cf1,possible_context_mismatch,review,"Possible format, round, or day mismatch.",MAG D,8882,Austrian Championships,2023,Ricardo Rudy,AUT,MAG,senior,VT,1,,apparatus,final,4.8,True,1,suggestion_23b887cc41535bc2,context_correction,0.65,"Same athlete/event/apparatus exists in the score sheet, but format, round, or day is different.",Austrian Championships,2023,Ricardo Rudy,AUT,MAG,senior,VT,1,,individual,final,12.7,4.8,MAG,9653,"[{""suggestion_id"": ""suggestion_23b887cc41535bc2"", ""suggestion_type"": ""context_correction"", ""confidence"": 0.65, ""message"": ""Same athlete/event/apparatus exists in the score sheet, but format, round, or day is different."", ""action"": ""attach_d_score_to_target_result"", ""changes"": {""format"": {""from"": ""apparatus"", ""to"": ""individual""}, ""round"": {""from"": ""final"", ""to"": ""final""}, ""day"": {""from"": null, ""to"": null}}, ""target_result"": {""event_name"": ""Austrian Championships"", ""year"": 2023, ""athlete_name"": ""Ricardo Rudy"", ""country"": ""AUT"", ""discipline"": ""MAG"", ""category"": ""senior"", ""apparatus"": ""VT"", ""vt_attempt"": 1, ""day"": null, ""format"": ""individual"", ""round"": ""final"", ""score"": 12.7, ""D_score"": 4.8, ""vault_attempt_order_uncertain"": true, ""source_sheet"": ""MAG"", ""source_row"": 9653, ""target_id"": ""target_8867c6e9afe8befa""}}]"
orphan_e48e0a894a985f40,possible_context_mismatch,review,"Possible format, round, or day mismatch.",MAG D,8882,Austrian Championships,2023,Ricardo Rudy,AUT,MAG,senior,VT,2,,apparatus,final,4.0,True,1,suggestion_2cd46e8242a5ab57,context_correction,0.65,"Same athlete/event/apparatus exists in the score sheet, but format, round, or day is different.",Austrian Championships,2023,Ricardo Rudy,AUT,MAG,senior,VT,2,,individual,final,12.85,4.0,MAG,9653,"[{""suggestion_id"": ""suggestion_2cd46e8242a5ab57"", ""suggestion_type"": ""context_correction"", ""confidence"": 0.65, ""message"": ""Same athlete/event/apparatus exists in the score sheet, but format, round, or day is different."", ""action"": ""attach_d_score_to_target_result"", ""changes"": {""format"": {""from"": ""apparatus"", ""to"": ""individual""}, ""round"": {""from"": ""final"", ""to"": ""final""}, ""day"": {""from"": null, ""to"": null}}, ""target_result"": {""event_name"": ""Austrian Championships"", ""year"": 2023, ""athlete_name"": ""Ricardo Rudy"", ""country"": ""AUT"", ""discipline"": ""MAG"", ""category"": ""senior"", ""apparatus"": ""VT"", ""vt_attempt"": 2, ""day"": null, ""format"": ""individual"", ""round"": ""final"", ""score"": 12.85, ""D_score"": 4.0, ""vault_attempt_order_uncertain"": true, ""source_sheet"": ""MAG"", ""source_row"": 9653, ""target_id"": ""target_587fd39c0555fbf3""}}]"
orphan_dcf996b88eed2054,athlete_missing_in_score_sheet,review,"The event/apparatus/context exists, but this athlete is missing in the score sheet.",MAG D,8912,1st Italian Serie A,2023,Riccardo Villa,ITA,MAG,senior,FX,,,individual,final,5.0,False,0,,,,,,,,,,,,,,,,,,,,[]
orphan_e0d01f499298ebfb,athlete_missing_in_score_sheet,review,"The event/apparatus/context exists, but this athlete is missing in the score sheet.",MAG D,8912,1st Italian Serie A,2023,Riccardo Villa,ITA,MAG,senior,HB,,,individual,final,5.0,False,0,,,,,,,,,,,,,,,,,,,,[]
orphan_6a47822f42c22016,athlete_missing_in_score_sheet,review,"The event/apparatus/context exists, but this athlete is missing in the score sheet.",MAG D,8912,1st Italian Serie A,2023,Riccardo Villa,ITA,MAG,senior,PB,,,individual,final,4.9,False,0,,,,,,,,,,,,,,,,,,,,[]
orphan_4e53146e224929d0,athlete_missing_in_score_sheet,review,"The event/apparatus/context exists, but this athlete is missing in the score sheet.",MAG D,8912,1st Italian Serie A,2023,Riccardo Villa,ITA,MAG,senior,PH,,,individual,final,6.1,False,0,,,,,,,,,,,,,,,,,,,,[]
orphan_3836488c198c95f4,athlete_missing_in_score_sheet,review,"The event/apparatus/context exists, but this athlete is missing in the score sheet.",MAG D,8912,1st Italian Serie A,2023,Riccardo Villa,ITA,MAG,senior,SR,,,individual,final,4.5,False,0,,,,,,,,,,,,,,,,,,,,[]
orphan_363b9497fa537d53,athlete_missing_in_score_sheet,review,"The event/apparatus/context exists, but this athlete is missing in the score sheet.",MAG D,8912,1st Italian Serie A,2023,Riccardo Villa,ITA,MAG,senior,VT,1,,individual,final,5.2,True,0,,,,,,,,,,,,,,,,,,,,[]
orphan_0b815b4c655735ea,athlete_missing_in_score_sheet,review,"The event/apparatus/context exists, but this athlete is missing in the score sheet.",MAG D,9085,Top 12 Series 2 (2024 Season),2024,Ruben Borges Correia,FRA,MAG,senior,FX,,,individual,final,4.8,False,0,,,,,,,,,,,,,,,,,,,,[]
orphan_1c79056be0448847,athlete_missing_in_score_sheet,review,"The event/apparatus/context exists, but this athlete is missing in the score sheet.",MAG D,9090,Top 12 Finals,2023,Rubens Borges Correia,FRA,MAG,senior,PH,,,individual,final,4.8,False,0,,,,,,,,,,,,,,,,,,,,[]
orphan_79da1591d53f8eb2,athlete_missing_in_score_sheet,review,"The event/apparatus/context exists, but this athlete is missing in the score sheet.",MAG D,9091,Top 12 Series 7,2023,Rubens Borges Correia,FRA,MAG,senior,PH,,,individual,final,4.5,False,0,,,,,,,,,,,,,,,,,,,,[]
orphan_2c93b44791384c7e,possible_context_mismatch,review,"Possible format, round, or day mismatch.",MAG D,9183,Austrian Future Cup,2023,Sakuragawa Sakihiro,JPN,MAG,junior,VT,1,,apparatus,final,4.0,True,1,suggestion_8fff62c7c1b05eb8,context_correction,0.65,"Same athlete/event/apparatus exists in the score sheet, but format, round, or day is different.",Austrian Future Cup,2023,Sakuragawa Sakihiro,JPN,MAG,junior,VT,1,,individual,final,12.85,4.0,MAG,10003,"[{""suggestion_id"": ""suggestion_8fff62c7c1b05eb8"", ""suggestion_type"": ""context_correction"", ""confidence"": 0.65, ""message"": ""Same athlete/event/apparatus exists in the score sheet, but format, round, or day is different."", ""action"": ""attach_d_score_to_target_result"", ""changes"": {""format"": {""from"": ""apparatus"", ""to"": ""individual""}, ""round"": {""from"": ""final"", ""to"": ""final""}, ""day"": {""from"": null, ""to"": null}}, ""target_result"": {""event_name"": ""Austrian Future Cup"", ""year"": 2023, ""athlete_name"": ""Sakuragawa Sakihiro"", ""country"": ""JPN"", ""discipline"": ""MAG"", ""category"": ""junior"", ""apparatus"": ""VT"", ""vt_attempt"": 1, ""day"": null, ""format"": ""individual"", ""round"": ""final"", ""score"": 12.85, ""D_score"": 4.0, ""vault_attempt_order_uncertain"": true, ""source_sheet"": ""MAG"", ""source_row"": 10003, ""target_id"": ""target_ec1af491a0b7576c""}}]"
orphan_ccea1541f7315d03,possible_context_mismatch,review,"Possible format, round, or day mismatch.",MAG D,9183,Austrian Future Cup,2023,Sakuragawa Sakihiro,JPN,MAG,junior,VT,2,,apparatus,final,2.8,True,1,suggestion_433e99ced97a8c6e,context_correction,0.65,"Same athlete/event/apparatus exists in the score sheet, but format, round, or day is different.",Austrian Future Cup,2023,Sakuragawa Sakihiro,JPN,MAG,junior,VT,2,,individual,final,12.55,2.8,MAG,10003,"[{""suggestion_id"": ""suggestion_433e99ced97a8c6e"", ""suggestion_type"": ""context_correction"", ""confidence"": 0.65, ""message"": ""Same athlete/event/apparatus exists in the score sheet, but format, round, or day is different."", ""action"": ""attach_d_score_to_target_result"", ""changes"": {""format"": {""from"": ""apparatus"", ""to"": ""individual""}, ""round"": {""from"": ""final"", ""to"": ""final""}, ""day"": {""from"": null, ""to"": null}}, ""target_result"": {""event_name"": ""Austrian Future Cup"", ""year"": 2023, ""athlete_name"": ""Sakuragawa Sakihiro"", ""country"": ""JPN"", ""discipline"": ""MAG"", ""category"": ""junior"", ""apparatus"": ""VT"", ""vt_attempt"": 2, ""day"": null, ""format"": ""individual"", ""round"": ""final"", ""score"": 12.55, ""D_score"": 2.8, ""vault_attempt_order_uncertain"": true, ""source_sheet"": ""MAG"", ""source_row"": 10003, ""target_id"": ""target_1a458a0ee7909628""}}]"
orphan_3bbcc860453283dc,missing_final_score_for_context,review,"The athlete/event exists, but not this apparatus/context.",MAG D,9303,British Championships,2023,Santo Fuoco,GBR,MAG,junior,VT,2,,individual,final,4.0,True,0,,,,,,,,,,,,,,,,,,,,[]
orphan_ef6b5da2e2f9e2c4,missing_final_score_for_context,review,"The athlete/event exists, but not this apparatus/context.",MAG D,9334,World Championships,2023,Sebastian Gawronski,POL,MAG,senior,VT,2,,individual,qualification,0.0,True,0,,,,,,,,,,,,,,,,,,,,[]
orphan_9db4b6e086acbc07,missing_final_score_for_context,review,"The athlete/event exists, but not this apparatus/context.",MAG D,9346,Austrian Championships,2023,Sebastian Lehner,AUT,MAG,junior,VT,2,,individual,final,1.6,True,0,,,,,,,,,,,,,,,,,,,,[]
orphan_164fbcb6d72e025c,possible_context_mismatch,review,"Possible format, round, or day mismatch.",MAG D,9347,Austrian Championships,2023,Sebastian Lehner,AUT,MAG,junior,VT,1,,apparatus,final,2.4,True,1,suggestion_743d84650e176c98,context_correction,0.65,"Same athlete/event/apparatus exists in the score sheet, but format, round, or day is different.",Austrian Championships,2023,Sebastian Lehner,AUT,MAG,junior,VT,1,,individual,final,10.55,2.2,MAG,10178,"[{""suggestion_id"": ""suggestion_743d84650e176c98"", ""suggestion_type"": ""context_correction"", ""confidence"": 0.65, ""message"": ""Same athlete/event/apparatus exists in the score sheet, but format, round, or day is different."", ""action"": ""attach_d_score_to_target_result"", ""changes"": {""format"": {""from"": ""apparatus"", ""to"": ""individual""}, ""round"": {""from"": ""final"", ""to"": ""final""}, ""day"": {""from"": null, ""to"": null}}, ""target_result"": {""event_name"": ""Austrian Championships"", ""year"": 2023, ""athlete_name"": ""Sebastian Lehner"", ""country"": ""AUT"", ""discipline"": ""MAG"", ""category"": ""junior"", ""apparatus"": ""VT"", ""vt_attempt"": 1, ""day"": null, ""format"": ""individual"", ""round"": ""final"", ""score"": 10.55, ""D_score"": 2.2, ""vault_attempt_order_uncertain"": true, ""source_sheet"": ""MAG"", ""source_row"": 10178, ""target_id"": ""target_e2b8a61be3e6ffce""}}]"
orphan_fdb55126a1b8dc30,missing_final_score_for_context,review,"The athlete/event exists, but not this apparatus/context.",MAG D,9347,Austrian Championships,2023,Sebastian Lehner,AUT,MAG,junior,VT,2,,apparatus,final,1.6,True,0,,,,,,,,,,,,,,,,,,,,[]
orphan_b61626c0a2a85dbd,possible_context_mismatch,review,"Possible format, round, or day mismatch.",MAG D,9505,Austrian Future Cup,2023,Shiroiwa Naoto,JPN,MAG,junior,VT,1,,apparatus,final,4.0,True,1,suggestion_69738a8fa041bdae,context_correction,0.65,"Same athlete/event/apparatus exists in the score sheet, but format, round, or day is different.",Austrian Future Cup,2023,Shiroiwa Naoto,JPN,MAG,junior,VT,1,,individual,final,13.1,4.0,MAG,10375,"[{""suggestion_id"": ""suggestion_69738a8fa041bdae"", ""suggestion_type"": ""context_correction"", ""confidence"": 0.65, ""message"": ""Same athlete/event/apparatus exists in the score sheet, but format, round, or day is different."", ""action"": ""attach_d_score_to_target_result"", ""changes"": {""format"": {""from"": ""apparatus"", ""to"": ""individual""}, ""round"": {""from"": ""final"", ""to"": ""final""}, ""day"": {""from"": null, ""to"": null}}, ""target_result"": {""event_name"": ""Austrian Future Cup"", ""year"": 2023, ""athlete_name"": ""Shiroiwa Naoto"", ""country"": ""JPN"", ""discipline"": ""MAG"", ""category"": ""junior"", ""apparatus"": ""VT"", ""vt_attempt"": 1, ""day"": null, ""format"": ""individual"", ""round"": ""final"", ""score"": 13.1, ""D_score"": 4.0, ""vault_attempt_order_uncertain"": true, ""source_sheet"": ""MAG"", ""source_row"": 10375, ""target_id"": ""target_7c7bf8a7b83d11ef""}}]"
orphan_f17526a365986b4d,possible_context_mismatch,review,"Possible format, round, or day mismatch.",MAG D,9505,Austrian Future Cup,2023,Shiroiwa Naoto,JPN,MAG,junior,VT,2,,apparatus,final,2.8,True,1,suggestion_ab29b57c9f7e7c6c,context_correction,0.65,"Same athlete/event/apparatus exists in the score sheet, but format, round, or day is different.",Austrian Future Cup,2023,Shiroiwa Naoto,JPN,MAG,junior,VT,2,,individual,final,12.4,2.8,MAG,10375,"[{""suggestion_id"": ""suggestion_ab29b57c9f7e7c6c"", ""suggestion_type"": ""context_correction"", ""confidence"": 0.65, ""message"": ""Same athlete/event/apparatus exists in the score sheet, but format, round, or day is different."", ""action"": ""attach_d_score_to_target_result"", ""changes"": {""format"": {""from"": ""apparatus"", ""to"": ""individual""}, ""round"": {""from"": ""final"", ""to"": ""final""}, ""day"": {""from"": null, ""to"": null}}, ""target_result"": {""event_name"": ""Austrian Future Cup"", ""year"": 2023, ""athlete_name"": ""Shiroiwa Naoto"", ""country"": ""JPN"", ""discipline"": ""MAG"", ""category"": ""junior"", ""apparatus"": ""VT"", ""vt_attempt"": 2, ""day"": null, ""format"": ""individual"", ""round"": ""final"", ""score"": 12.4, ""D_score"": 2.8, ""vault_attempt_order_uncertain"": true, ""source_sheet"": ""MAG"", ""source_row"": 10375, ""target_id"": ""target_f6b18f56160eccde""}}]"
orphan_436972a4763538a5,possible_context_mismatch,review,"Possible format, round, or day mismatch.",MAG D,9589,Swiss Championships,2023,Silas Fricker,SUI,MAG,junior,FX,,,apparatus,final,4.3,False,1,suggestion_70609420f4d4e569,context_correction,0.65,"Same athlete/event/apparatus exists in the score sheet, but format, round, or day is different.",Swiss Championships,2023,Silas Fricker,SUI,MAG,junior,FX,,,individual,final,12.333,4.8,MAG,10487,"[{""suggestion_id"": ""suggestion_70609420f4d4e569"", ""suggestion_type"": ""context_correction"", ""confidence"": 0.65, ""message"": ""Same athlete/event/apparatus exists in the score sheet, but format, round, or day is different."", ""action"": ""attach_d_score_to_target_result"", ""changes"": {""format"": {""from"": ""apparatus"", ""to"": ""individual""}, ""round"": {""from"": ""final"", ""to"": ""final""}, ""day"": {""from"": null, ""to"": null}}, ""target_result"": {""event_name"": ""Swiss Championships"", ""year"": 2023, ""athlete_name"": ""Silas Fricker"", ""country"": ""SUI"", ""discipline"": ""MAG"", ""category"": ""junior"", ""apparatus"": ""FX"", ""vt_attempt"": null, ""day"": null, ""format"": ""individual"", ""round"": ""final"", ""score"": 12.333, ""D_score"": 4.8, ""vault_attempt_order_uncertain"": false, ""source_sheet"": ""MAG"", ""source_row"": 10487, ""target_id"": ""target_af845212ab3d4e0b""}}]"
orphan_2bd09e9414dff0e9,possible_context_mismatch,review,"Possible format, round, or day mismatch.",MAG D,9589,Swiss Championships,2023,Silas Fricker,SUI,MAG,junior,PB,,,apparatus,final,4.3,False,1,suggestion_9d0768af6ec783f8,context_correction,0.65,"Same athlete/event/apparatus exists in the score sheet, but format, round, or day is different.",Swiss Championships,2023,Silas Fricker,SUI,MAG,junior,PB,,,individual,final,10.6,3.9,MAG,10487,"[{""suggestion_id"": ""suggestion_9d0768af6ec783f8"", ""suggestion_type"": ""context_correction"", ""confidence"": 0.65, ""message"": ""Same athlete/event/apparatus exists in the score sheet, but format, round, or day is different."", ""action"": ""attach_d_score_to_target_result"", ""changes"": {""format"": {""from"": ""apparatus"", ""to"": ""individual""}, ""round"": {""from"": ""final"", ""to"": ""final""}, ""day"": {""from"": null, ""to"": null}}, ""target_result"": {""event_name"": ""Swiss Championships"", ""year"": 2023, ""athlete_name"": ""Silas Fricker"", ""country"": ""SUI"", ""discipline"": ""MAG"", ""category"": ""junior"", ""apparatus"": ""PB"", ""vt_attempt"": null, ""day"": null, ""format"": ""individual"", ""round"": ""final"", ""score"": 10.6, ""D_score"": 3.9, ""vault_attempt_order_uncertain"": false, ""source_sheet"": ""MAG"", ""source_row"": 10487, ""target_id"": ""target_ec8e762e847f47e8""}}]"
orphan_bd434e32c183ace6,possible_context_mismatch,review,"Possible format, round, or day mismatch.",MAG D,9589,Swiss Championships,2023,Silas Fricker,SUI,MAG,junior,SR,,,apparatus,final,3.9,False,1,suggestion_14cef1f673bc683d,context_correction,0.65,"Same athlete/event/apparatus exists in the score sheet, but format, round, or day is different.",Swiss Championships,2023,Silas Fricker,SUI,MAG,junior,SR,,,individual,final,12.7,3.8,MAG,10487,"[{""suggestion_id"": ""suggestion_14cef1f673bc683d"", ""suggestion_type"": ""context_correction"", ""confidence"": 0.65, ""message"": ""Same athlete/event/apparatus exists in the score sheet, but format, round, or day is different."", ""action"": ""attach_d_score_to_target_result"", ""changes"": {""format"": {""from"": ""apparatus"", ""to"": ""individual""}, ""round"": {""from"": ""final"", ""to"": ""final""}, ""day"": {""from"": null, ""to"": null}}, ""target_result"": {""event_name"": ""Swiss Championships"", ""year"": 2023, ""athlete_name"": ""Silas Fricker"", ""country"": ""SUI"", ""discipline"": ""MAG"", ""category"": ""junior"", ""apparatus"": ""SR"", ""vt_attempt"": null, ""day"": null, ""format"": ""individual"", ""round"": ""final"", ""score"": 12.7, ""D_score"": 3.8, ""vault_attempt_order_uncertain"": false, ""source_sheet"": ""MAG"", ""source_row"": 10487, ""target_id"": ""target_f9ece8cf35f87a46""}}]"
orphan_9dbeb070da2d8ecc,missing_final_score_for_context,review,"The athlete/event exists, but not this apparatus/context.",MAG D,10009,Austrian Future Cup,2023,Thiago Pusceddu,ITA,MAG,junior,VT,2,,individual,final,2.4,True,0,,,,,,,,,,,,,,,,,,,,[]
orphan_675ee69a7b6ddb68,possible_context_mismatch,review,"Possible format, round, or day mismatch.",MAG D,10062,Austrian Future Cup,2023,Thomas Tittley,CAN,MAG,junior,VT,1,,apparatus,final,4.8,True,1,suggestion_5d1a6c3a361d001c,context_correction,0.65,"Same athlete/event/apparatus exists in the score sheet, but format, round, or day is different.",Austrian Future Cup,2023,Thomas Tittley,CAN,MAG,junior,VT,1,,individual,final,13.85,4.8,MAG,11027,"[{""suggestion_id"": ""suggestion_5d1a6c3a361d001c"", ""suggestion_type"": ""context_correction"", ""confidence"": 0.65, ""message"": ""Same athlete/event/apparatus exists in the score sheet, but format, round, or day is different."", ""action"": ""attach_d_score_to_target_result"", ""changes"": {""format"": {""from"": ""apparatus"", ""to"": ""individual""}, ""round"": {""from"": ""final"", ""to"": ""final""}, ""day"": {""from"": null, ""to"": null}}, ""target_result"": {""event_name"": ""Austrian Future Cup"", ""year"": 2023, ""athlete_name"": ""Thomas Tittley"", ""country"": ""CAN"", ""discipline"": ""MAG"", ""category"": ""junior"", ""apparatus"": ""VT"", ""vt_attempt"": 1, ""day"": null, ""format"": ""individual"", ""round"": ""final"", ""score"": 13.85, ""D_score"": 4.8, ""vault_attempt_order_uncertain"": true, ""source_sheet"": ""MAG"", ""source_row"": 11027, ""target_id"": ""target_b3081413db5de3b1""}}]"
orphan_b0f9f7dc3ce8b803,possible_context_mismatch,review,"Possible format, round, or day mismatch.",MAG D,10062,Austrian Future Cup,2023,Thomas Tittley,CAN,MAG,junior,VT,2,,apparatus,final,4.0,True,1,suggestion_5e3ff5cff6d71ecd,context_correction,0.65,"Same athlete/event/apparatus exists in the score sheet, but format, round, or day is different.",Austrian Future Cup,2023,Thomas Tittley,CAN,MAG,junior,VT,2,,individual,final,13.15,4.0,MAG,11027,"[{""suggestion_id"": ""suggestion_5e3ff5cff6d71ecd"", ""suggestion_type"": ""context_correction"", ""confidence"": 0.65, ""message"": ""Same athlete/event/apparatus exists in the score sheet, but format, round, or day is different."", ""action"": ""attach_d_score_to_target_result"", ""changes"": {""format"": {""from"": ""apparatus"", ""to"": ""individual""}, ""round"": {""from"": ""final"", ""to"": ""final""}, ""day"": {""from"": null, ""to"": null}}, ""target_result"": {""event_name"": ""Austrian Future Cup"", ""year"": 2023, ""athlete_name"": ""Thomas Tittley"", ""country"": ""CAN"", ""discipline"": ""MAG"", ""category"": ""junior"", ""apparatus"": ""VT"", ""vt_attempt"": 2, ""day"": null, ""format"": ""individual"", ""round"": ""final"", ""score"": 13.15, ""D_score"": 4.0, ""vault_attempt_order_uncertain"": true, ""source_sheet"": ""MAG"", ""source_row"": 11027, ""target_id"": ""target_7eb0d0bc20ea3d45""}}]"
orphan_deb38546fb72f0f2,athlete_missing_in_score_sheet,review,"The event/apparatus/context exists, but this athlete is missing in the score sheet.",MAG D,10142,Swiss Championships,2023,Timon Erb,SUI,MAG,junior,PB,,,individual,final,2.9,False,0,,,,,,,,,,,,,,,,,,,,[]
orphan_b2e4a9c3393128b2,athlete_missing_in_score_sheet,review,"The event/apparatus/context exists, but this athlete is missing in the score sheet.",MAG D,10142,Swiss Championships,2023,Timon Erb,SUI,MAG,junior,PH,,,individual,final,3.9,False,0,,,,,,,,,,,,,,,,,,,,[]
orphan_283009265a866301,athlete_missing_in_score_sheet,review,"The event/apparatus/context exists, but this athlete is missing in the score sheet.",MAG D,10142,Swiss Championships,2023,Timon Erb,SUI,MAG,junior,SR,,,individual,final,3.8,False,0,,,,,,,,,,,,,,,,,,,,[]
orphan_b512d5878a8eb984,possible_event_name_mismatch,review,Possible event-name mismatch between the D sheet and the score sheet.,MAG D,10142,Swiss Championships,2023,Timon Erb,SUI,MAG,junior,VT,1,,individual,final,4.8,True,1,suggestion_c54ea755c344264a,event_name_correction,0.884,D-score event 'Swiss Championships' may match score-sheet event 'Swiss Team Championships'.,Swiss Team Championships,2023,Timon Erb,SUI,MAG,junior,VT,1,,individual,final,13.1,4.0,MAG,11120,"[{""suggestion_id"": ""suggestion_c54ea755c344264a"", ""suggestion_type"": ""event_name_correction"", ""confidence"": 0.884, ""message"": ""D-score event 'Swiss Championships' may match score-sheet event 'Swiss Team Championships'."", ""action"": ""attach_d_score_to_target_result"", ""changes"": {""event_name"": {""from"": ""Swiss Championships"", ""to"": ""Swiss Team Championships""}}, ""target_result"": {""event_name"": ""Swiss Team Championships"", ""year"": 2023, ""athlete_name"": ""Timon Erb"", ""country"": ""SUI"", ""discipline"": ""MAG"", ""category"": ""junior"", ""apparatus"": ""VT"", ""vt_attempt"": 1, ""day"": null, ""format"": ""individual"", ""round"": ""final"", ""score"": 13.1, ""D_score"": 4.0, ""vault_attempt_order_uncertain"": true, ""source_sheet"": ""MAG"", ""source_row"": 11120, ""target_id"": ""target_3b28bc6658660af7""}}]"
orphan_7a002aa5c875c553,missing_score_sheet_context,review,No matching final-score result is available in the score sheet.,MAG D,10143,Swiss Championships,2023,Timon Erb,SUI,MAG,junior,PH,,,apparatus,final,3.0,False,0,,,,,,,,,,,,,,,,,,,,[]
orphan_f9a04857ba50f24a,missing_final_score_for_context,review,"The athlete/event exists, but not this apparatus/context.",MAG D,10201,Osijek Challenge Cup,2023,Tom Schultze,GER,MAG,senior,PB,,,individual,qualification,6.3,False,0,,,,,,,,,,,,,,,,,,,,[]
orphan_bf4fe824c07b8f5f,possible_context_mismatch,review,"Possible format, round, or day mismatch.",MAG D,10219,Romanian Championships,2023,Toma Modoianu,ROU,MAG,senior,PH,,,individual,final,4.1,False,1,suggestion_e2a74ade10595318,context_correction,0.65,"Same athlete/event/apparatus exists in the score sheet, but format, round, or day is different.",Romanian Championships,2023,Toma Modoianu,ROU,MAG,senior,PH,,,apparatus,final,5.033,2.5,MAG,11200,"[{""suggestion_id"": ""suggestion_e2a74ade10595318"", ""suggestion_type"": ""context_correction"", ""confidence"": 0.65, ""message"": ""Same athlete/event/apparatus exists in the score sheet, but format, round, or day is different."", ""action"": ""attach_d_score_to_target_result"", ""changes"": {""format"": {""from"": ""individual"", ""to"": ""apparatus""}, ""round"": {""from"": ""final"", ""to"": ""final""}, ""day"": {""from"": null, ""to"": null}}, ""target_result"": {""event_name"": ""Romanian Championships"", ""year"": 2023, ""athlete_name"": ""Toma Modoianu"", ""country"": ""ROU"", ""discipline"": ""MAG"", ""category"": ""senior"", ""apparatus"": ""PH"", ""vt_attempt"": null, ""day"": null, ""format"": ""apparatus"", ""round"": ""final"", ""score"": 5.033, ""D_score"": 2.5, ""vault_attempt_order_uncertain"": false, ""source_sheet"": ""MAG"", ""source_row"": 11200, ""target_id"": ""target_74fdcd7abbfaf1a3""}}]"
orphan_197a6f2411f78ae9,athlete_missing_in_score_sheet,review,"The event/apparatus/context exists, but this athlete is missing in the score sheet.",MAG D,10222,European Championships,2023,Toma Modoianu-Zseder,ROU,MAG,senior,HB,,,individual,qualification,4.8,False,0,,,,,,,,,,,,,,,,,,,,[]
orphan_379d82c4ddb1adfb,athlete_missing_in_score_sheet,review,"The event/apparatus/context exists, but this athlete is missing in the score sheet.",MAG D,10222,European Championships,2023,Toma Modoianu-Zseder,ROU,MAG,senior,PH,,,individual,qualification,4.5,False,0,,,,,,,,,,,,,,,,,,,,[]
orphan_fede53a15dfa388d,athlete_missing_in_score_sheet,review,"The event/apparatus/context exists, but this athlete is missing in the score sheet.",MAG D,10222,European Championships,2023,Toma Modoianu-Zseder,ROU,MAG,senior,SR,,,individual,qualification,5.8,False,0,,,,,,,,,,,,,,,,,,,,[]
orphan_a5e972b9a4addde9,athlete_missing_in_score_sheet,review,"The event/apparatus/context exists, but this athlete is missing in the score sheet.",MAG D,10223,Doha World Cup,2023,Toma Modoianu-Zseder,ROU,MAG,senior,HB,,,individual,qualification,4.8,False,0,,,,,,,,,,,,,,,,,,,,[]
orphan_f8225ab5a144fdce,athlete_missing_in_score_sheet,review,"The event/apparatus/context exists, but this athlete is missing in the score sheet.",MAG D,10223,Doha World Cup,2023,Toma Modoianu-Zseder,ROU,MAG,senior,PH,,,individual,qualification,4.6,False,0,,,,,,,,,,,,,,,,,,,,[]
orphan_ad684c806c957bc6,athlete_missing_in_score_sheet,review,"The event/apparatus/context exists, but this athlete is missing in the score sheet.",MAG D,10223,Doha World Cup,2023,Toma Modoianu-Zseder,ROU,MAG,senior,SR,,,individual,qualification,5.7,False,0,,,,,,,,,,,,,,,,,,,,[]
orphan_413a138a0e313adb,athlete_missing_in_score_sheet,review,"The event/apparatus/context exists, but this athlete is missing in the score sheet.",MAG D,10265,1st Italian Serie A,2023,Tommaso Brugnami,ITA,MAG,senior,FX,,,individual,final,5.3,False,0,,,,,,,,,,,,,,,,,,,,[]
orphan_466e51da3f49c2eb,athlete_missing_in_score_sheet,review,"The event/apparatus/context exists, but this athlete is missing in the score sheet.",MAG D,10265,1st Italian Serie A,2023,Tommaso Brugnami,ITA,MAG,senior,HB,,,individual,final,4.6,False,0,,,,,,,,,,,,,,,,,,,,[]
orphan_62f7ae7a9e6745a3,athlete_missing_in_score_sheet,review,"The event/apparatus/context exists, but this athlete is missing in the score sheet.",MAG D,10265,1st Italian Serie A,2023,Tommaso Brugnami,ITA,MAG,senior,PB,,,individual,final,3.9,False,0,,,,,,,,,,,,,,,,,,,,[]
orphan_3e1120555be8a2cd,athlete_missing_in_score_sheet,review,"The event/apparatus/context exists, but this athlete is missing in the score sheet.",MAG D,10265,1st Italian Serie A,2023,Tommaso Brugnami,ITA,MAG,senior,PH,,,individual,final,4.4,False,0,,,,,,,,,,,,,,,,,,,,[]
orphan_eb0a1b2ce53f5a13,athlete_missing_in_score_sheet,review,"The event/apparatus/context exists, but this athlete is missing in the score sheet.",MAG D,10265,1st Italian Serie A,2023,Tommaso Brugnami,ITA,MAG,senior,SR,,,individual,final,4.3,False,0,,,,,,,,,,,,,,,,,,,,[]
orphan_5feee90b439e4ec5,athlete_missing_in_score_sheet,review,"The event/apparatus/context exists, but this athlete is missing in the score sheet.",MAG D,10265,1st Italian Serie A,2023,Tommaso Brugnami,ITA,MAG,senior,VT,1,,individual,final,5.2,True,0,,,,,,,,,,,,,,,,,,,,[]
orphan_c9d9e16074494b3a,athlete_missing_in_score_sheet,review,"The event/apparatus/context exists, but this athlete is missing in the score sheet.",MAG D,10266,3rd Italian Serie A,2023,Tommaso Brugnami,ITA,MAG,senior,FX,,,individual,final,5.1,False,0,,,,,,,,,,,,,,,,,,,,[]
orphan_f4ced05c56c665ba,athlete_missing_in_score_sheet,review,"The event/apparatus/context exists, but this athlete is missing in the score sheet.",MAG D,10266,3rd Italian Serie A,2023,Tommaso Brugnami,ITA,MAG,senior,HB,,,individual,final,4.4,False,0,,,,,,,,,,,,,,,,,,,,[]
orphan_73059ae1c82fd5e5,athlete_missing_in_score_sheet,review,"The event/apparatus/context exists, but this athlete is missing in the score sheet.",MAG D,10266,3rd Italian Serie A,2023,Tommaso Brugnami,ITA,MAG,senior,PB,,,individual,final,4.1,False,0,,,,,,,,,,,,,,,,,,,,[]
orphan_7232bbbcd84bc84a,athlete_missing_in_score_sheet,review,"The event/apparatus/context exists, but this athlete is missing in the score sheet.",MAG D,10266,3rd Italian Serie A,2023,Tommaso Brugnami,ITA,MAG,senior,PH,,,individual,final,4.4,False,0,,,,,,,,,,,,,,,,,,,,[]
orphan_704dff9c01967c51,athlete_missing_in_score_sheet,review,"The event/apparatus/context exists, but this athlete is missing in the score sheet.",MAG D,10266,3rd Italian Serie A,2023,Tommaso Brugnami,ITA,MAG,senior,SR,,,individual,final,4.3,False,0,,,,,,,,,,,,,,,,,,,,[]
orphan_e065853bcc67222c,athlete_missing_in_score_sheet,review,"The event/apparatus/context exists, but this athlete is missing in the score sheet.",MAG D,10266,3rd Italian Serie A,2023,Tommaso Brugnami,ITA,MAG,senior,VT,1,,individual,final,5.2,True,0,,,,,,,,,,,,,,,,,,,,[]
orphan_4d80f3834be7119d,athlete_missing_in_score_sheet,review,"The event/apparatus/context exists, but this athlete is missing in the score sheet.",MAG D,10267,2nd Italian Serie A,2023,Tommaso Brugnami,ITA,MAG,senior,FX,,,individual,final,5.4,False,0,,,,,,,,,,,,,,,,,,,,[]
orphan_8aacd6518cb00e05,athlete_missing_in_score_sheet,review,"The event/apparatus/context exists, but this athlete is missing in the score sheet.",MAG D,10267,2nd Italian Serie A,2023,Tommaso Brugnami,ITA,MAG,senior,HB,,,individual,final,4.3,False,0,,,,,,,,,,,,,,,,,,,,[]
orphan_e0b74cb7010c17ce,athlete_missing_in_score_sheet,review,"The event/apparatus/context exists, but this athlete is missing in the score sheet.",MAG D,10267,2nd Italian Serie A,2023,Tommaso Brugnami,ITA,MAG,senior,PB,,,individual,final,4.1,False,0,,,,,,,,,,,,,,,,,,,,[]
orphan_d5c30ce30759ac2b,athlete_missing_in_score_sheet,review,"The event/apparatus/context exists, but this athlete is missing in the score sheet.",MAG D,10267,2nd Italian Serie A,2023,Tommaso Brugnami,ITA,MAG,senior,PH,,,individual,final,4.0,False,0,,,,,,,,,,,,,,,,,,,,[]
orphan_bb2508328fde7cee,athlete_missing_in_score_sheet,review,"The event/apparatus/context exists, but this athlete is missing in the score sheet.",MAG D,10267,2nd Italian Serie A,2023,Tommaso Brugnami,ITA,MAG,senior,SR,,,individual,final,4.3,False,0,,,,,,,,,,,,,,,,,,,,[]
orphan_0379774a66929ec7,athlete_missing_in_score_sheet,review,"The event/apparatus/context exists, but this athlete is missing in the score sheet.",MAG D,10267,2nd Italian Serie A,2023,Tommaso Brugnami,ITA,MAG,senior,VT,1,,individual,final,5.2,True,0,,,,,,,,,,,,,,,,,,,,[]
orphan_41e7c0a9e8f136bd,athlete_missing_in_score_sheet,review,"The event/apparatus/context exists, but this athlete is missing in the score sheet.",MAG D,10268,Italian Serie A Final Six,2023,Tommaso Brugnami,ITA,MAG,senior,FX,,,team,final,5.3,False,0,,,,,,,,,,,,,,,,,,,,[]
orphan_f5b620e4708c82d0,athlete_missing_in_score_sheet,review,"The event/apparatus/context exists, but this athlete is missing in the score sheet.",MAG D,10268,Italian Serie A Final Six,2023,Tommaso Brugnami,ITA,MAG,senior,VT,1,,team,final,5.2,True,0,,,,,,,,,,,,,,,,,,,,[]
orphan_8a983a32195f3109,athlete_missing_in_score_sheet,review,"The event/apparatus/context exists, but this athlete is missing in the score sheet.",MAG D,10269,Italian Serie A Final Six,2023,Tommaso Brugnami,ITA,MAG,senior,FX,,,individual,qualification,5.2,False,0,,,,,,,,,,,,,,,,,,,,[]
orphan_1361f4aef62f719a,athlete_missing_in_score_sheet,review,"The event/apparatus/context exists, but this athlete is missing in the score sheet.",MAG D,10269,Italian Serie A Final Six,2023,Tommaso Brugnami,ITA,MAG,senior,VT,1,,individual,qualification,5.2,True,0,,,,,,,,,,,,,,,,,,,,[]
orphan_12321066e773c1c8,athlete_missing_in_score_sheet,review,"The event/apparatus/context exists, but this athlete is missing in the score sheet.",MAG D,10391,Ifact Norges Cup 3,2023,Trym Olsen,NOR,MAG,junior,FX,,,individual,final,3.2,False,0,,,,,,,,,,,,,,,,,,,,[]
orphan_6d0013b37d49f4e9,athlete_missing_in_score_sheet,review,"The event/apparatus/context exists, but this athlete is missing in the score sheet.",MAG D,10391,Ifact Norges Cup 3,2023,Trym Olsen,NOR,MAG,junior,HB,,,individual,final,2.3,False,0,,,,,,,,,,,,,,,,,,,,[]
orphan_191fcffcb4eef519,athlete_missing_in_score_sheet,review,"The event/apparatus/context exists, but this athlete is missing in the score sheet.",MAG D,10391,Ifact Norges Cup 3,2023,Trym Olsen,NOR,MAG,junior,PB,,,individual,final,2.3,False,0,,,,,,,,,,,,,,,,,,,,[]
orphan_1836e1ea244db5bd,athlete_missing_in_score_sheet,review,"The event/apparatus/context exists, but this athlete is missing in the score sheet.",MAG D,10391,Ifact Norges Cup 3,2023,Trym Olsen,NOR,MAG,junior,PH,,,individual,final,2.2,False,0,,,,,,,,,,,,,,,,,,,,[]
orphan_026328ffd2129362,athlete_missing_in_score_sheet,review,"The event/apparatus/context exists, but this athlete is missing in the score sheet.",MAG D,10391,Ifact Norges Cup 3,2023,Trym Olsen,NOR,MAG,junior,SR,,,individual,final,2.2,False,0,,,,,,,,,,,,,,,,,,,,[]
orphan_8267f125bce0a192,athlete_missing_in_score_sheet,review,"The event/apparatus/context exists, but this athlete is missing in the score sheet.",MAG D,10391,Ifact Norges Cup 3,2023,Trym Olsen,NOR,MAG,junior,VT,1,,individual,final,2.2,True,0,,,,,,,,,,,,,,,,,,,,[]
orphan_a45d9f26c0f95040,possible_context_mismatch,review,"Possible format, round, or day mismatch.",MAG D,10478,Wohnen Juniors Trophy,2023,Uzair Chowdhry,GBR,MAG,junior,PH,,,apparatus,final,3.0,False,1,suggestion_d50cfc0c1feb84ec,context_correction,0.65,"Same athlete/event/apparatus exists in the score sheet, but format, round, or day is different.",Wohnen Juniors Trophy,2023,Uzair Chowdhry,GBR,MAG,junior,PH,,,individual,final,10.55,4.2,MAG,11486,"[{""suggestion_id"": ""suggestion_d50cfc0c1feb84ec"", ""suggestion_type"": ""context_correction"", ""confidence"": 0.65, ""message"": ""Same athlete/event/apparatus exists in the score sheet, but format, round, or day is different."", ""action"": ""attach_d_score_to_target_result"", ""changes"": {""format"": {""from"": ""apparatus"", ""to"": ""individual""}, ""round"": {""from"": ""final"", ""to"": ""final""}, ""day"": {""from"": null, ""to"": null}}, ""target_result"": {""event_name"": ""Wohnen Juniors Trophy"", ""year"": 2023, ""athlete_name"": ""Uzair Chowdhry"", ""country"": ""GBR"", ""discipline"": ""MAG"", ""category"": ""junior"", ""apparatus"": ""PH"", ""vt_attempt"": null, ""day"": null, ""format"": ""individual"", ""round"": ""final"", ""score"": 10.55, ""D_score"": 4.2, ""vault_attempt_order_uncertain"": false, ""source_sheet"": ""MAG"", ""source_row"": 11486, ""target_id"": ""target_bafe2b4e64550adf""}}]"
orphan_5e0916e35a11f8aa,missing_final_score_for_context,review,"The athlete/event exists, but not this apparatus/context.",MAG D,10482,British Championships,2023,Uzair Chowdhury,GBR,MAG,junior,VT,2,,individual,final,4.0,True,0,,,,,,,,,,,,,,,,,,,,[]
orphan_a67d284620ed3b80,missing_final_score_for_context,review,"The athlete/event exists, but not this apparatus/context.",MAG D,10485,Indian Junior Championships,2023,V. Naveen,IND,MAG,junior,PB,,,individual,final,2.4,False,0,,,,,,,,,,,,,,,,,,,,[]
orphan_3ddd55dd9b3cb8d4,possible_context_mismatch,review,"Possible format, round, or day mismatch.",MAG D,10651,Austrian Championships,2023,Vincent Lindpointner,AUT,MAG,junior,VT,1,,apparatus,final,4.8,True,1,suggestion_4641f83ab8c8fcd9,context_correction,0.65,"Same athlete/event/apparatus exists in the score sheet, but format, round, or day is different.",Austrian Championships,2023,Vincent Lindpointner,AUT,MAG,junior,VT,1,,individual,final,14.0,4.8,MAG,11684,"[{""suggestion_id"": ""suggestion_4641f83ab8c8fcd9"", ""suggestion_type"": ""context_correction"", ""confidence"": 0.65, ""message"": ""Same athlete/event/apparatus exists in the score sheet, but format, round, or day is different."", ""action"": ""attach_d_score_to_target_result"", ""changes"": {""format"": {""from"": ""apparatus"", ""to"": ""individual""}, ""round"": {""from"": ""final"", ""to"": ""final""}, ""day"": {""from"": null, ""to"": null}}, ""target_result"": {""event_name"": ""Austrian Championships"", ""year"": 2023, ""athlete_name"": ""Vincent Lindpointner"", ""country"": ""AUT"", ""discipline"": ""MAG"", ""category"": ""junior"", ""apparatus"": ""VT"", ""vt_attempt"": 1, ""day"": null, ""format"": ""individual"", ""round"": ""final"", ""score"": 14.0, ""D_score"": 4.8, ""vault_attempt_order_uncertain"": true, ""source_sheet"": ""MAG"", ""source_row"": 11684, ""target_id"": ""target_66d2e41a6459fc8c""}}]"
orphan_e89a9d7355396a7c,possible_context_mismatch,review,"Possible format, round, or day mismatch.",MAG D,10651,Austrian Championships,2023,Vincent Lindpointner,AUT,MAG,junior,VT,2,,apparatus,final,4.0,True,1,suggestion_96d203e3668a3921,context_correction,0.65,"Same athlete/event/apparatus exists in the score sheet, but format, round, or day is different.",Austrian Championships,2023,Vincent Lindpointner,AUT,MAG,junior,VT,2,,individual,final,12.95,4.0,MAG,11684,"[{""suggestion_id"": ""suggestion_96d203e3668a3921"", ""suggestion_type"": ""context_correction"", ""confidence"": 0.65, ""message"": ""Same athlete/event/apparatus exists in the score sheet, but format, round, or day is different."", ""action"": ""attach_d_score_to_target_result"", ""changes"": {""format"": {""from"": ""apparatus"", ""to"": ""individual""}, ""round"": {""from"": ""final"", ""to"": ""final""}, ""day"": {""from"": null, ""to"": null}}, ""target_result"": {""event_name"": ""Austrian Championships"", ""year"": 2023, ""athlete_name"": ""Vincent Lindpointner"", ""country"": ""AUT"", ""discipline"": ""MAG"", ""category"": ""junior"", ""apparatus"": ""VT"", ""vt_attempt"": 2, ""day"": null, ""format"": ""individual"", ""round"": ""final"", ""score"": 12.95, ""D_score"": 4.0, ""vault_attempt_order_uncertain"": true, ""source_sheet"": ""MAG"", ""source_row"": 11684, ""target_id"": ""target_f74babf00ba108c8""}}]"
orphan_67700e84596f1670,possible_context_mismatch,review,"Possible format, round, or day mismatch.",MAG D,10656,Austrian Future Cup,2023,Vincent Lindpointner,AUT,MAG,junior,VT,1,,apparatus,final,4.8,True,1,suggestion_a0159d9e474098b3,context_correction,0.65,"Same athlete/event/apparatus exists in the score sheet, but format, round, or day is different.",Austrian Future Cup,2023,Vincent Lindpointner,AUT,MAG,junior,VT,1,,individual,final,14.05,4.8,MAG,11681,"[{""suggestion_id"": ""suggestion_a0159d9e474098b3"", ""suggestion_type"": ""context_correction"", ""confidence"": 0.65, ""message"": ""Same athlete/event/apparatus exists in the score sheet, but format, round, or day is different."", ""action"": ""attach_d_score_to_target_result"", ""changes"": {""format"": {""from"": ""apparatus"", ""to"": ""individual""}, ""round"": {""from"": ""final"", ""to"": ""final""}, ""day"": {""from"": null, ""to"": null}}, ""target_result"": {""event_name"": ""Austrian Future Cup"", ""year"": 2023, ""athlete_name"": ""Vincent Lindpointner"", ""country"": ""AUT"", ""discipline"": ""MAG"", ""category"": ""junior"", ""apparatus"": ""VT"", ""vt_attempt"": 1, ""day"": null, ""format"": ""individual"", ""round"": ""final"", ""score"": 14.05, ""D_score"": 4.8, ""vault_attempt_order_uncertain"": true, ""source_sheet"": ""MAG"", ""source_row"": 11681, ""target_id"": ""target_b8b92671a616cb23""}}]"
orphan_315165e7e878dc3b,possible_context_mismatch,review,"Possible format, round, or day mismatch.",MAG D,10656,Austrian Future Cup,2023,Vincent Lindpointner,AUT,MAG,junior,VT,2,,apparatus,final,4.0,True,1,suggestion_7e0885161225ecd8,context_correction,0.65,"Same athlete/event/apparatus exists in the score sheet, but format, round, or day is different.",Austrian Future Cup,2023,Vincent Lindpointner,AUT,MAG,junior,VT,2,,individual,final,13.45,4.0,MAG,11681,"[{""suggestion_id"": ""suggestion_7e0885161225ecd8"", ""suggestion_type"": ""context_correction"", ""confidence"": 0.65, ""message"": ""Same athlete/event/apparatus exists in the score sheet, but format, round, or day is different."", ""action"": ""attach_d_score_to_target_result"", ""changes"": {""format"": {""from"": ""apparatus"", ""to"": ""individual""}, ""round"": {""from"": ""final"", ""to"": ""final""}, ""day"": {""from"": null, ""to"": null}}, ""target_result"": {""event_name"": ""Austrian Future Cup"", ""year"": 2023, ""athlete_name"": ""Vincent Lindpointner"", ""country"": ""AUT"", ""discipline"": ""MAG"", ""category"": ""junior"", ""apparatus"": ""VT"", ""vt_attempt"": 2, ""day"": null, ""format"": ""individual"", ""round"": ""final"", ""score"": 13.45, ""D_score"": 4.0, ""vault_attempt_order_uncertain"": true, ""source_sheet"": ""MAG"", ""source_row"": 11681, ""target_id"": ""target_8a5e33fbf9260ad4""}}]"
orphan_228b58a17463f1a2,athlete_missing_in_score_sheet,review,"The event/apparatus/context exists, but this athlete is missing in the score sheet.",MAG D,10701,DTB Pokal Team Challenge,2023,Volkan Arda Hamarat,TUR,MAG,junior,FX,,,individual,final,3.7,False,0,,,,,,,,,,,,,,,,,,,,[]
orphan_ff917848bd98556d,athlete_missing_in_score_sheet,review,"The event/apparatus/context exists, but this athlete is missing in the score sheet.",MAG D,10701,DTB Pokal Team Challenge,2023,Volkan Arda Hamarat,TUR,MAG,junior,HB,,,individual,final,3.8,False,0,,,,,,,,,,,,,,,,,,,,[]
orphan_592837759d037068,athlete_missing_in_score_sheet,review,"The event/apparatus/context exists, but this athlete is missing in the score sheet.",MAG D,10701,DTB Pokal Team Challenge,2023,Volkan Arda Hamarat,TUR,MAG,junior,PB,,,individual,final,4.2,False,0,,,,,,,,,,,,,,,,,,,,[]
orphan_0de82ef4d0335172,athlete_missing_in_score_sheet,review,"The event/apparatus/context exists, but this athlete is missing in the score sheet.",MAG D,10701,DTB Pokal Team Challenge,2023,Volkan Arda Hamarat,TUR,MAG,junior,PH,,,individual,final,3.7,False,0,,,,,,,,,,,,,,,,,,,,[]
orphan_71ba5cf362c21b2a,athlete_missing_in_score_sheet,review,"The event/apparatus/context exists, but this athlete is missing in the score sheet.",MAG D,10701,DTB Pokal Team Challenge,2023,Volkan Arda Hamarat,TUR,MAG,junior,SR,,,individual,final,4.1,False,0,,,,,,,,,,,,,,,,,,,,[]
orphan_ec8e9ee8eaeb734f,athlete_missing_in_score_sheet,review,"The event/apparatus/context exists, but this athlete is missing in the score sheet.",MAG D,10701,DTB Pokal Team Challenge,2023,Volkan Arda Hamarat,TUR,MAG,junior,VT,1,,individual,final,4.4,True,0,,,,,,,,,,,,,,,,,,,,[]
orphan_9dfef904aac52f8a,athlete_missing_in_score_sheet,review,"The event/apparatus/context exists, but this athlete is missing in the score sheet.",MAG D,10702,DTB Pokal Team Challenge,2023,Volkan Arda Hamarat,TUR,MAG,junior,HB,,,apparatus,final,3.8,False,0,,,,,,,,,,,,,,,,,,,,[]
orphan_ed684d804de475e0,athlete_missing_in_score_sheet,review,"The event/apparatus/context exists, but this athlete is missing in the score sheet.",MAG D,10702,DTB Pokal Team Challenge,2023,Volkan Arda Hamarat,TUR,MAG,junior,PB,,,apparatus,final,4.2,False,0,,,,,,,,,,,,,,,,,,,,[]
orphan_64d89dcce55b81da,athlete_missing_in_score_sheet,review,"The event/apparatus/context exists, but this athlete is missing in the score sheet.",MAG D,10702,DTB Pokal Team Challenge,2023,Volkan Arda Hamarat,TUR,MAG,junior,SR,,,apparatus,final,4.1,False,0,,,,,,,,,,,,,,,,,,,,[]
orphan_c6cde2273264abfb,athlete_missing_in_score_sheet,review,"The event/apparatus/context exists, but this athlete is missing in the score sheet.",MAG D,10703,Junior World Championships,2023,Volkan Arda Hamarat,TUR,MAG,junior,FX,,,individual,final,3.7,False,0,,,,,,,,,,,,,,,,,,,,[]
orphan_82c7913f88bc2b93,athlete_missing_in_score_sheet,review,"The event/apparatus/context exists, but this athlete is missing in the score sheet.",MAG D,10703,Junior World Championships,2023,Volkan Arda Hamarat,TUR,MAG,junior,HB,,,individual,final,3.8,False,0,,,,,,,,,,,,,,,,,,,,[]
orphan_b8dc16f58c7f74f8,athlete_missing_in_score_sheet,review,"The event/apparatus/context exists, but this athlete is missing in the score sheet.",MAG D,10703,Junior World Championships,2023,Volkan Arda Hamarat,TUR,MAG,junior,PB,,,individual,final,4.2,False,0,,,,,,,,,,,,,,,,,,,,[]
orphan_1b0d01ea2e7fd4db,athlete_missing_in_score_sheet,review,"The event/apparatus/context exists, but this athlete is missing in the score sheet.",MAG D,10703,Junior World Championships,2023,Volkan Arda Hamarat,TUR,MAG,junior,PH,,,individual,final,3.4,False,0,,,,,,,,,,,,,,,,,,,,[]
orphan_d89b5b9ac3739541,athlete_missing_in_score_sheet,review,"The event/apparatus/context exists, but this athlete is missing in the score sheet.",MAG D,10703,Junior World Championships,2023,Volkan Arda Hamarat,TUR,MAG,junior,SR,,,individual,final,4.1,False,0,,,,,,,,,,,,,,,,,,,,[]
orphan_7dae1b5a8c565d50,athlete_missing_in_score_sheet,review,"The event/apparatus/context exists, but this athlete is missing in the score sheet.",MAG D,10703,Junior World Championships,2023,Volkan Arda Hamarat,TUR,MAG,junior,VT,1,,individual,final,4.4,True,0,,,,,,,,,,,,,,,,,,,,[]
orphan_99425841c237f65a,athlete_missing_in_score_sheet,review,"The event/apparatus/context exists, but this athlete is missing in the score sheet.",MAG D,10704,Junior World Championships,2023,Volkan Arda Hamarat,TUR,MAG,junior,FX,,,individual,qualification,3.7,False,0,,,,,,,,,,,,,,,,,,,,[]
orphan_f3ff8d725d36a17c,athlete_missing_in_score_sheet,review,"The event/apparatus/context exists, but this athlete is missing in the score sheet.",MAG D,10704,Junior World Championships,2023,Volkan Arda Hamarat,TUR,MAG,junior,HB,,,individual,qualification,3.6,False,0,,,,,,,,,,,,,,,,,,,,[]
orphan_5c7bd7bfe62532e2,athlete_missing_in_score_sheet,review,"The event/apparatus/context exists, but this athlete is missing in the score sheet.",MAG D,10704,Junior World Championships,2023,Volkan Arda Hamarat,TUR,MAG,junior,PB,,,individual,qualification,4.2,False,0,,,,,,,,,,,,,,,,,,,,[]
orphan_a25d9c2ef7ff0e5e,athlete_missing_in_score_sheet,review,"The event/apparatus/context exists, but this athlete is missing in the score sheet.",MAG D,10704,Junior World Championships,2023,Volkan Arda Hamarat,TUR,MAG,junior,PH,,,individual,qualification,3.7,False,0,,,,,,,,,,,,,,,,,,,,[]
orphan_acf4395fcf2e614e,athlete_missing_in_score_sheet,review,"The event/apparatus/context exists, but this athlete is missing in the score sheet.",MAG D,10704,Junior World Championships,2023,Volkan Arda Hamarat,TUR,MAG,junior,SR,,,individual,qualification,4.1,False,0,,,,,,,,,,,,,,,,,,,,[]
orphan_586f6660bdf06af3,athlete_missing_in_score_sheet,review,"The event/apparatus/context exists, but this athlete is missing in the score sheet.",MAG D,10704,Junior World Championships,2023,Volkan Arda Hamarat,TUR,MAG,junior,VT,1,,individual,qualification,4.4,True,0,,,,,,,,,,,,,,,,,,,,[]
orphan_3ae452bab569f0b7,missing_final_score_for_context,review,"The athlete/event exists, but not this apparatus/context.",MAG D,10707,Austrian Future Cup,2023,Volodymyr Golovin,UKR,MAG,junior,VT,2,,individual,final,4.0,True,0,,,,,,,,,,,,,,,,,,,,[]
orphan_f76913ecda692bb7,possible_context_mismatch,review,"Possible format, round, or day mismatch.",MAG D,10708,Austrian Future Cup,2023,Volodymyr Golovin,UKR,MAG,junior,VT,1,,apparatus,final,4.8,True,1,suggestion_5d721cd257d1cef3,context_correction,0.65,"Same athlete/event/apparatus exists in the score sheet, but format, round, or day is different.",Austrian Future Cup,2023,Volodymyr Golovin,UKR,MAG,junior,VT,1,,individual,final,13.25,4.8,MAG,11767,"[{""suggestion_id"": ""suggestion_5d721cd257d1cef3"", ""suggestion_type"": ""context_correction"", ""confidence"": 0.65, ""message"": ""Same athlete/event/apparatus exists in the score sheet, but format, round, or day is different."", ""action"": ""attach_d_score_to_target_result"", ""changes"": {""format"": {""from"": ""apparatus"", ""to"": ""individual""}, ""round"": {""from"": ""final"", ""to"": ""final""}, ""day"": {""from"": null, ""to"": null}}, ""target_result"": {""event_name"": ""Austrian Future Cup"", ""year"": 2023, ""athlete_name"": ""Volodymyr Golovin"", ""country"": ""UKR"", ""discipline"": ""MAG"", ""category"": ""junior"", ""apparatus"": ""VT"", ""vt_attempt"": 1, ""day"": null, ""format"": ""individual"", ""round"": ""final"", ""score"": 13.25, ""D_score"": 4.8, ""vault_attempt_order_uncertain"": true, ""source_sheet"": ""MAG"", ""source_row"": 11767, ""target_id"": ""target_1d4f07bc62e0e2eb""}}]"
orphan_1fb5c2f970870e8c,missing_final_score_for_context,review,"The athlete/event exists, but not this apparatus/context.",MAG D,10708,Austrian Future Cup,2023,Volodymyr Golovin,UKR,MAG,junior,VT,2,,apparatus,final,4.0,True,0,,,,,,,,,,,,,,,,,,,,[]
orphan_04b38914f5ce11a7,possible_athlete_name_typo,review,Possible athlete-name typo between the D sheet and the score sheet.,MAG D,10732,Chinese Championships,2023,Wang Haiqi,CHN,MAG,senior,SR,,,individual,qualification,6.2,False,1,suggestion_2e960099e95df1d8,athlete_name_correction,0.9,D-score athlete 'Wang Haiqi' probably matches score-sheet athlete 'Weng Haiqi'.,Chinese Championships,2023,Weng Haiqi,CHN,MAG,senior,SR,,,individual,qualification,13.1,,MAG,11863,"[{""suggestion_id"": ""suggestion_2e960099e95df1d8"", ""suggestion_type"": ""athlete_name_correction"", ""confidence"": 0.9, ""message"": ""D-score athlete 'Wang Haiqi' probably matches score-sheet athlete 'Weng Haiqi'."", ""action"": ""attach_d_score_to_target_result"", ""changes"": {""athlete_name"": {""from"": ""Wang Haiqi"", ""to"": ""Weng Haiqi""}}, ""target_result"": {""event_name"": ""Chinese Championships"", ""year"": 2023, ""athlete_name"": ""Weng Haiqi"", ""country"": ""CHN"", ""discipline"": ""MAG"", ""category"": ""senior"", ""apparatus"": ""SR"", ""vt_attempt"": null, ""day"": null, ""format"": ""individual"", ""round"": ""qualification"", ""score"": 13.1, ""D_score"": null, ""vault_attempt_order_uncertain"": false, ""source_sheet"": ""MAG"", ""source_row"": 11863, ""target_id"": ""target_12a40ff9c09011ff""}}]"
orphan_8b55983822999c11,possible_athlete_name_typo,review,Possible athlete-name typo between the D sheet and the score sheet.,MAG D,10732,Chinese Championships,2023,Wang Haiqi,CHN,MAG,senior,VT,1,,individual,qualification,5.6,True,2,suggestion_77e19da6d58fbd64,athlete_name_correction,0.9,D-score athlete 'Wang Haiqi' probably matches score-sheet athlete 'Weng Haiqi'.,Chinese Championships,2023,Weng Haiqi,CHN,MAG,senior,VT,1,,individual,qualification,14.4,,MAG,11863,"[{""suggestion_id"": ""suggestion_77e19da6d58fbd64"", ""suggestion_type"": ""athlete_name_correction"", ""confidence"": 0.9, ""message"": ""D-score athlete 'Wang Haiqi' probably matches score-sheet athlete 'Weng Haiqi'."", ""action"": ""attach_d_score_to_target_result"", ""changes"": {""athlete_name"": {""from"": ""Wang Haiqi"", ""to"": ""Weng Haiqi""}}, ""target_result"": {""event_name"": ""Chinese Championships"", ""year"": 2023, ""athlete_name"": ""Weng Haiqi"", ""country"": ""CHN"", ""discipline"": ""MAG"", ""category"": ""senior"", ""apparatus"": ""VT"", ""vt_attempt"": 1, ""day"": null, ""format"": ""individual"", ""round"": ""qualification"", ""score"": 14.4, ""D_score"": null, ""vault_attempt_order_uncertain"": true, ""source_sheet"": ""MAG"", ""source_row"": 11863, ""target_id"": ""target_ff0d7ae28f8c6c6f""}}, {""suggestion_id"": ""suggestion_7085d4bd7f115b90"", ""suggestion_type"": ""context_correction"", ""confidence"": 0.65, ""message"": ""Same athlete/event/apparatus exists in the score sheet, but format, round, or day is different."", ""action"": ""attach_d_score_to_target_result"", ""changes"": {""format"": {""from"": ""individual"", ""to"": ""apparatus""}, ""round"": {""from"": ""qualification"", ""to"": ""final""}, ""day"": {""from"": null, ""to"": null}}, ""target_result"": {""event_name"": ""Chinese Championships"", ""year"": 2023, ""athlete_name"": ""Wang Haiqi"", ""country"": ""CHN"", ""discipline"": ""MAG"", ""category"": ""senior"", ""apparatus"": ""VT"", ""vt_attempt"": 1, ""day"": null, ""format"": ""apparatus"", ""round"": ""final"", ""score"": 14.5, ""D_score"": 5.6, ""vault_attempt_order_uncertain"": true, ""source_sheet"": ""MAG"", ""source_row"": 11808, ""target_id"": ""target_cb147e108e9700de""}}]"
orphan_4129dbde04a397fa,possible_context_mismatch,review,"Possible format, round, or day mismatch.",MAG D,10732,Chinese Championships,2023,Wang Haiqi,CHN,MAG,senior,VT,2,,individual,qualification,5.6,True,1,suggestion_2ef6dc9dda96f29d,context_correction,0.65,"Same athlete/event/apparatus exists in the score sheet, but format, round, or day is different.",Chinese Championships,2023,Wang Haiqi,CHN,MAG,senior,VT,2,,apparatus,final,13.766,5.6,MAG,11808,"[{""suggestion_id"": ""suggestion_2ef6dc9dda96f29d"", ""suggestion_type"": ""context_correction"", ""confidence"": 0.65, ""message"": ""Same athlete/event/apparatus exists in the score sheet, but format, round, or day is different."", ""action"": ""attach_d_score_to_target_result"", ""changes"": {""format"": {""from"": ""individual"", ""to"": ""apparatus""}, ""round"": {""from"": ""qualification"", ""to"": ""final""}, ""day"": {""from"": null, ""to"": null}}, ""target_result"": {""event_name"": ""Chinese Championships"", ""year"": 2023, ""athlete_name"": ""Wang Haiqi"", ""country"": ""CHN"", ""discipline"": ""MAG"", ""category"": ""senior"", ""apparatus"": ""VT"", ""vt_attempt"": 2, ""day"": null, ""format"": ""apparatus"", ""round"": ""final"", ""score"": 13.766, ""D_score"": 5.6, ""vault_attempt_order_uncertain"": true, ""source_sheet"": ""MAG"", ""source_row"": 11808, ""target_id"": ""target_bad3fa11f98e1a37""}}]"
orphan_9042d63256f5ecf9,possible_context_mismatch,review,"Possible format, round, or day mismatch.",MAG D,10859,Chinese Championships,2023,Wu Jianhao,CHN,MAG,senior,VT,2,,individual,qualification,6.0,True,1,suggestion_4721b1ddd9bd55d6,context_correction,0.65,"Same athlete/event/apparatus exists in the score sheet, but format, round, or day is different.",Chinese Championships,2023,Wu Jianhao,CHN,MAG,senior,VT,2,,apparatus,final,14.4,5.6,MAG,11951,"[{""suggestion_id"": ""suggestion_4721b1ddd9bd55d6"", ""suggestion_type"": ""context_correction"", ""confidence"": 0.65, ""message"": ""Same athlete/event/apparatus exists in the score sheet, but format, round, or day is different."", ""action"": ""attach_d_score_to_target_result"", ""changes"": {""format"": {""from"": ""individual"", ""to"": ""apparatus""}, ""round"": {""from"": ""qualification"", ""to"": ""final""}, ""day"": {""from"": null, ""to"": null}}, ""target_result"": {""event_name"": ""Chinese Championships"", ""year"": 2023, ""athlete_name"": ""Wu Jianhao"", ""country"": ""CHN"", ""discipline"": ""MAG"", ""category"": ""senior"", ""apparatus"": ""VT"", ""vt_attempt"": 2, ""day"": null, ""format"": ""apparatus"", ""round"": ""final"", ""score"": 14.4, ""D_score"": 5.6, ""vault_attempt_order_uncertain"": true, ""source_sheet"": ""MAG"", ""source_row"": 11951, ""target_id"": ""target_bf5b1f3938e31419""}}]"
orphan_0f7e99de52f7b56f,possible_context_mismatch,review,"Possible format, round, or day mismatch.",MAG D,11045,Chinese Championships,2023,You Hao,CHN,MAG,senior,FX,,,team,final,5.8,False,1,suggestion_68ec203df3dda684,context_correction,0.65,"Same athlete/event/apparatus exists in the score sheet, but format, round, or day is different.",Chinese Championships,2023,You Hao,CHN,MAG,senior,FX,,,individual,qualification,11.4,,MAG,12177,"[{""suggestion_id"": ""suggestion_68ec203df3dda684"", ""suggestion_type"": ""context_correction"", ""confidence"": 0.65, ""message"": ""Same athlete/event/apparatus exists in the score sheet, but format, round, or day is different."", ""action"": ""attach_d_score_to_target_result"", ""changes"": {""format"": {""from"": ""team"", ""to"": ""individual""}, ""round"": {""from"": ""final"", ""to"": ""qualification""}, ""day"": {""from"": null, ""to"": null}}, ""target_result"": {""event_name"": ""Chinese Championships"", ""year"": 2023, ""athlete_name"": ""You Hao"", ""country"": ""CHN"", ""discipline"": ""MAG"", ""category"": ""senior"", ""apparatus"": ""FX"", ""vt_attempt"": null, ""day"": null, ""format"": ""individual"", ""round"": ""qualification"", ""score"": 11.4, ""D_score"": null, ""vault_attempt_order_uncertain"": false, ""source_sheet"": ""MAG"", ""source_row"": 12177, ""target_id"": ""target_4140e68b5880b731""}}]"
orphan_fda24338aecacafc,possible_context_mismatch,review,"Possible format, round, or day mismatch.",MAG D,11274,Austrian Future Cup,2023,Zala Samu Zambori,HUN,MAG,junior,VT,1,,apparatus,final,4.8,True,1,suggestion_0b00089ce5750c97,context_correction,0.65,"Same athlete/event/apparatus exists in the score sheet, but format, round, or day is different.",Austrian Future Cup,2023,Zala Samu Zambori,HUN,MAG,junior,VT,1,,individual,final,14.0,4.8,MAG,12459,"[{""suggestion_id"": ""suggestion_0b00089ce5750c97"", ""suggestion_type"": ""context_correction"", ""confidence"": 0.65, ""message"": ""Same athlete/event/apparatus exists in the score sheet, but format, round, or day is different."", ""action"": ""attach_d_score_to_target_result"", ""changes"": {""format"": {""from"": ""apparatus"", ""to"": ""individual""}, ""round"": {""from"": ""final"", ""to"": ""final""}, ""day"": {""from"": null, ""to"": null}}, ""target_result"": {""event_name"": ""Austrian Future Cup"", ""year"": 2023, ""athlete_name"": ""Zala Samu Zambori"", ""country"": ""HUN"", ""discipline"": ""MAG"", ""category"": ""junior"", ""apparatus"": ""VT"", ""vt_attempt"": 1, ""day"": null, ""format"": ""individual"", ""round"": ""final"", ""score"": 14.0, ""D_score"": 4.8, ""vault_attempt_order_uncertain"": true, ""source_sheet"": ""MAG"", ""source_row"": 12459, ""target_id"": ""target_d24f7474382cab1e""}}]"
orphan_3c0348f57982c437,possible_context_mismatch,review,"Possible format, round, or day mismatch.",MAG D,11274,Austrian Future Cup,2023,Zala Samu Zambori,HUN,MAG,junior,VT,2,,apparatus,final,4.0,True,1,suggestion_c26c55441acad1db,context_correction,0.65,"Same athlete/event/apparatus exists in the score sheet, but format, round, or day is different.",Austrian Future Cup,2023,Zala Samu Zambori,HUN,MAG,junior,VT,2,,individual,final,13.45,4.0,MAG,12459,"[{""suggestion_id"": ""suggestion_c26c55441acad1db"", ""suggestion_type"": ""context_correction"", ""confidence"": 0.65, ""message"": ""Same athlete/event/apparatus exists in the score sheet, but format, round, or day is different."", ""action"": ""attach_d_score_to_target_result"", ""changes"": {""format"": {""from"": ""apparatus"", ""to"": ""individual""}, ""round"": {""from"": ""final"", ""to"": ""final""}, ""day"": {""from"": null, ""to"": null}}, ""target_result"": {""event_name"": ""Austrian Future Cup"", ""year"": 2023, ""athlete_name"": ""Zala Samu Zambori"", ""country"": ""HUN"", ""discipline"": ""MAG"", ""category"": ""junior"", ""apparatus"": ""VT"", ""vt_attempt"": 2, ""day"": null, ""format"": ""individual"", ""round"": ""final"", ""score"": 13.45, ""D_score"": 4.0, ""vault_attempt_order_uncertain"": true, ""source_sheet"": ""MAG"", ""source_row"": 12459, ""target_id"": ""target_e2e29f7745de7cf8""}}]"
orphan_54f9ec4264dea170,possible_context_mismatch,review,"Possible format, round, or day mismatch.",MAG D,11302,Chinese Championships,2023,Zhan Xiangzhou,CHN,MAG,senior,VT,2,,individual,qualification,5.2,True,1,suggestion_05b26aca34721d1c,context_correction,0.65,"Same athlete/event/apparatus exists in the score sheet, but format, round, or day is different.",Chinese Championships,2023,Zhan Xiangzhou,CHN,MAG,senior,VT,2,,apparatus,final,13.632,4.8,MAG,12489,"[{""suggestion_id"": ""suggestion_05b26aca34721d1c"", ""suggestion_type"": ""context_correction"", ""confidence"": 0.65, ""message"": ""Same athlete/event/apparatus exists in the score sheet, but format, round, or day is different."", ""action"": ""attach_d_score_to_target_result"", ""changes"": {""format"": {""from"": ""individual"", ""to"": ""apparatus""}, ""round"": {""from"": ""qualification"", ""to"": ""final""}, ""day"": {""from"": null, ""to"": null}}, ""target_result"": {""event_name"": ""Chinese Championships"", ""year"": 2023, ""athlete_name"": ""Zhan Xiangzhou"", ""country"": ""CHN"", ""discipline"": ""MAG"", ""category"": ""senior"", ""apparatus"": ""VT"", ""vt_attempt"": 2, ""day"": null, ""format"": ""apparatus"", ""round"": ""final"", ""score"": 13.632, ""D_score"": 4.8, ""vault_attempt_order_uncertain"": true, ""source_sheet"": ""MAG"", ""source_row"": 12489, ""target_id"": ""target_a4e139700d94287a""}}]"
orphan_112e42624f086a7f,possible_context_mismatch,review,"Possible format, round, or day mismatch.",MAG D,11349,British Championships,2023,Zion Aserie,GBR,MAG,junior,VT,2,,individual,final,4.0,True,1,suggestion_071e3340ec2e999b,context_correction,0.65,"Same athlete/event/apparatus exists in the score sheet, but format, round, or day is different.",British Championships,2023,Zion Aserie,GBR,MAG,junior,VT,2,,apparatus,final,13.3,4.0,MAG,12552,"[{""suggestion_id"": ""suggestion_071e3340ec2e999b"", ""suggestion_type"": ""context_correction"", ""confidence"": 0.65, ""message"": ""Same athlete/event/apparatus exists in the score sheet, but format, round, or day is different."", ""action"": ""attach_d_score_to_target_result"", ""changes"": {""format"": {""from"": ""individual"", ""to"": ""apparatus""}, ""round"": {""from"": ""final"", ""to"": ""final""}, ""day"": {""from"": null, ""to"": null}}, ""target_result"": {""event_name"": ""British Championships"", ""year"": 2023, ""athlete_name"": ""Zion Aserie"", ""country"": ""GBR"", ""discipline"": ""MAG"", ""category"": ""junior"", ""apparatus"": ""VT"", ""vt_attempt"": 2, ""day"": null, ""format"": ""apparatus"", ""round"": ""final"", ""score"": 13.3, ""D_score"": 4.0, ""vault_attempt_order_uncertain"": true, ""source_sheet"": ""MAG"", ""source_row"": 12552, ""target_id"": ""target_90e91cf539cc997c""}}]"
orphan_9121322ec05d6c0a,missing_final_score_for_context,review,"The athlete/event exists, but not this apparatus/context.",WAG D,24,Indian Junior Championships,2023,Aarna Pisharody,IND,WAG,junior,VT,2,,individual,final,2.6,True,0,,,,,,,,,,,,,,,,,,,,[]
orphan_13038b9123ebe0e4,athlete_missing_in_score_sheet,review,"The event/apparatus/context exists, but this athlete is missing in the score sheet.",WAG D,70,Spanish League Final,2023,Abril Mora,ESP,WAG,senior,BB,,,individual,final,3.8,False,0,,,,,,,,,,,,,,,,,,,,[]
orphan_148e541ec461c652,athlete_missing_in_score_sheet,review,"The event/apparatus/context exists, but this athlete is missing in the score sheet.",WAG D,70,Spanish League Final,2023,Abril Mora,ESP,WAG,senior,FX,,,individual,final,3.9,False,0,,,,,,,,,,,,,,,,,,,,[]
orphan_92ac72e60b71a2fc,athlete_missing_in_score_sheet,review,"The event/apparatus/context exists, but this athlete is missing in the score sheet.",WAG D,70,Spanish League Final,2023,Abril Mora,ESP,WAG,senior,UB,,,individual,final,1.3,False,0,,,,,,,,,,,,,,,,,,,,[]
orphan_cdcc13c49cca54c2,athlete_missing_in_score_sheet,review,"The event/apparatus/context exists, but this athlete is missing in the score sheet.",WAG D,70,Spanish League Final,2023,Abril Mora,ESP,WAG,senior,VT,1,,individual,final,3.2,True,0,,,,,,,,,,,,,,,,,,,,[]
orphan_6efd3f43ac3ca8da,athlete_missing_in_score_sheet,review,"The event/apparatus/context exists, but this athlete is missing in the score sheet.",WAG D,71,3rd Spanish League,2023,Abril Mora,ESP,WAG,senior,BB,,,individual,final,3.9,False,0,,,,,,,,,,,,,,,,,,,,[]
orphan_b9f4a138f77f0b68,athlete_missing_in_score_sheet,review,"The event/apparatus/context exists, but this athlete is missing in the score sheet.",WAG D,71,3rd Spanish League,2023,Abril Mora,ESP,WAG,senior,FX,,,individual,final,3.4,False,0,,,,,,,,,,,,,,,,,,,,[]
orphan_3e0a6852e26dc3b7,athlete_missing_in_score_sheet,review,"The event/apparatus/context exists, but this athlete is missing in the score sheet.",WAG D,71,3rd Spanish League,2023,Abril Mora,ESP,WAG,senior,UB,,,individual,final,2.0,False,0,,,,,,,,,,,,,,,,,,,,[]
orphan_d6655b0eacd8ebcc,athlete_missing_in_score_sheet,review,"The event/apparatus/context exists, but this athlete is missing in the score sheet.",WAG D,71,3rd Spanish League,2023,Abril Mora,ESP,WAG,senior,VT,1,,individual,final,3.2,True,0,,,,,,,,,,,,,,,,,,,,[]
orphan_1e5eb379c48767d4,athlete_missing_in_score_sheet,review,"The event/apparatus/context exists, but this athlete is missing in the score sheet.",WAG D,72,2nd Spanish League,2023,Abril Mora,ESP,WAG,senior,BB,,,individual,final,3.8,False,0,,,,,,,,,,,,,,,,,,,,[]
orphan_692ff3558abb80ce,athlete_missing_in_score_sheet,review,"The event/apparatus/context exists, but this athlete is missing in the score sheet.",WAG D,72,2nd Spanish League,2023,Abril Mora,ESP,WAG,senior,FX,,,individual,final,3.2,False,0,,,,,,,,,,,,,,,,,,,,[]
orphan_7e02fb1acda9ab13,athlete_missing_in_score_sheet,review,"The event/apparatus/context exists, but this athlete is missing in the score sheet.",WAG D,72,2nd Spanish League,2023,Abril Mora,ESP,WAG,senior,UB,,,individual,final,1.9,False,0,,,,,,,,,,,,,,,,,,,,[]
orphan_f2abe5aad93fd3fc,athlete_missing_in_score_sheet,review,"The event/apparatus/context exists, but this athlete is missing in the score sheet.",WAG D,72,2nd Spanish League,2023,Abril Mora,ESP,WAG,senior,VT,1,,individual,final,3.2,True,0,,,,,,,,,,,,,,,,,,,,[]
orphan_1d43e3b49cff170d,athlete_missing_in_score_sheet,review,"The event/apparatus/context exists, but this athlete is missing in the score sheet.",WAG D,74,2nd Spanish League,2023,Abril Sayavera,ESP,WAG,senior,BB,,,individual,final,4.7,False,0,,,,,,,,,,,,,,,,,,,,[]
orphan_18e80afb67707f8e,athlete_missing_in_score_sheet,review,"The event/apparatus/context exists, but this athlete is missing in the score sheet.",WAG D,74,2nd Spanish League,2023,Abril Sayavera,ESP,WAG,senior,FX,,,individual,final,3.7,False,0,,,,,,,,,,,,,,,,,,,,[]
orphan_6a2614c6d667d483,athlete_missing_in_score_sheet,review,"The event/apparatus/context exists, but this athlete is missing in the score sheet.",WAG D,74,2nd Spanish League,2023,Abril Sayavera,ESP,WAG,senior,UB,,,individual,final,2.4,False,0,,,,,,,,,,,,,,,,,,,,[]
orphan_1a1f76be97cd6889,athlete_missing_in_score_sheet,review,"The event/apparatus/context exists, but this athlete is missing in the score sheet.",WAG D,74,2nd Spanish League,2023,Abril Sayavera,ESP,WAG,senior,VT,1,,individual,final,3.4,True,0,,,,,,,,,,,,,,,,,,,,[]
orphan_0710d11b9ed6e3fd,athlete_missing_in_score_sheet,review,"The event/apparatus/context exists, but this athlete is missing in the score sheet.",WAG D,75,3rd Spanish League,2023,Abril Sayavera,ESP,WAG,senior,BB,,,individual,final,4.5,False,0,,,,,,,,,,,,,,,,,,,,[]
orphan_95cc3e264b0fbc09,athlete_missing_in_score_sheet,review,"The event/apparatus/context exists, but this athlete is missing in the score sheet.",WAG D,75,3rd Spanish League,2023,Abril Sayavera,ESP,WAG,senior,FX,,,individual,final,3.7,False,0,,,,,,,,,,,,,,,,,,,,[]
orphan_94f35c47cdbc67fa,athlete_missing_in_score_sheet,review,"The event/apparatus/context exists, but this athlete is missing in the score sheet.",WAG D,75,3rd Spanish League,2023,Abril Sayavera,ESP,WAG,senior,UB,,,individual,final,3.0,False,0,,,,,,,,,,,,,,,,,,,,[]
orphan_f3a63938e6b5b97f,athlete_missing_in_score_sheet,review,"The event/apparatus/context exists, but this athlete is missing in the score sheet.",WAG D,75,3rd Spanish League,2023,Abril Sayavera,ESP,WAG,senior,VT,1,,individual,final,3.4,True,0,,,,,,,,,,,,,,,,,,,,[]
orphan_cc9227b353696830,missing_final_score_for_context,review,"The athlete/event exists, but not this apparatus/context.",WAG D,153,Indian Junior Championships,2023,Aditi Todi,IND,WAG,junior,VT,2,,individual,final,2.0,True,0,,,,,,,,,,,,,,,,,,,,[]
orphan_eb4bb6dbe9ab6920,athlete_missing_in_score_sheet,review,"The event/apparatus/context exists, but this athlete is missing in the score sheet.",WAG D,188,3rd Italian Serie A,2023,Agnese Vella,ITA,WAG,senior,BB,,,individual,final,4.5,False,0,,,,,,,,,,,,,,,,,,,,[]
orphan_556e3dcb1d787603,athlete_missing_in_score_sheet,review,"The event/apparatus/context exists, but this athlete is missing in the score sheet.",WAG D,188,3rd Italian Serie A,2023,Agnese Vella,ITA,WAG,senior,FX,,,individual,final,4.4,False,0,,,,,,,,,,,,,,,,,,,,[]
orphan_682f2587417b79fd,athlete_missing_in_score_sheet,review,"The event/apparatus/context exists, but this athlete is missing in the score sheet.",WAG D,188,3rd Italian Serie A,2023,Agnese Vella,ITA,WAG,senior,UB,,,individual,final,3.5,False,0,,,,,,,,,,,,,,,,,,,,[]
orphan_139ccd9af0dade7b,athlete_missing_in_score_sheet,review,"The event/apparatus/context exists, but this athlete is missing in the score sheet.",WAG D,189,2nd Italian Serie A,2023,Agnese Vella,ITA,WAG,senior,BB,,,individual,final,4.5,False,0,,,,,,,,,,,,,,,,,,,,[]
orphan_4b0c3d6a02c40c32,athlete_missing_in_score_sheet,review,"The event/apparatus/context exists, but this athlete is missing in the score sheet.",WAG D,189,2nd Italian Serie A,2023,Agnese Vella,ITA,WAG,senior,FX,,,individual,final,4.2,False,0,,,,,,,,,,,,,,,,,,,,[]
orphan_a99e3e343586976c,athlete_missing_in_score_sheet,review,"The event/apparatus/context exists, but this athlete is missing in the score sheet.",WAG D,189,2nd Italian Serie A,2023,Agnese Vella,ITA,WAG,senior,UB,,,individual,final,3.5,False,0,,,,,,,,,,,,,,,,,,,,[]
orphan_2d85c780f4151760,athlete_missing_in_score_sheet,review,"The event/apparatus/context exists, but this athlete is missing in the score sheet.",WAG D,189,2nd Italian Serie A,2023,Agnese Vella,ITA,WAG,senior,VT,1,,individual,final,3.6,True,0,,,,,,,,,,,,,,,,,,,,[]
orphan_5636a69d51942842,athlete_missing_in_score_sheet,review,"The event/apparatus/context exists, but this athlete is missing in the score sheet.",WAG D,190,1st Italian Serie A,2023,Agnese Vella,ITA,WAG,senior,BB,,,individual,final,4.5,False,0,,,,,,,,,,,,,,,,,,,,[]
orphan_f889af8020e88abc,athlete_missing_in_score_sheet,review,"The event/apparatus/context exists, but this athlete is missing in the score sheet.",WAG D,190,1st Italian Serie A,2023,Agnese Vella,ITA,WAG,senior,FX,,,individual,final,4.2,False,0,,,,,,,,,,,,,,,,,,,,[]
orphan_17adafd1f7bc72e9,athlete_missing_in_score_sheet,review,"The event/apparatus/context exists, but this athlete is missing in the score sheet.",WAG D,190,1st Italian Serie A,2023,Agnese Vella,ITA,WAG,senior,UB,,,individual,final,3.4,False,0,,,,,,,,,,,,,,,,,,,,[]
orphan_2f9dbab5ee96e23d,athlete_missing_in_score_sheet,review,"The event/apparatus/context exists, but this athlete is missing in the score sheet.",WAG D,190,1st Italian Serie A,2023,Agnese Vella,ITA,WAG,senior,VT,1,,individual,final,3.6,True,0,,,,,,,,,,,,,,,,,,,,[]
orphan_81a3e83a4132ba44,athlete_missing_in_score_sheet,review,"The event/apparatus/context exists, but this athlete is missing in the score sheet.",WAG D,271,Spanish League Final,2023,Aitana Pacheco,ESP,WAG,senior,BB,,,individual,final,4.3,False,0,,,,,,,,,,,,,,,,,,,,[]
orphan_f695347b431ea992,athlete_missing_in_score_sheet,review,"The event/apparatus/context exists, but this athlete is missing in the score sheet.",WAG D,271,Spanish League Final,2023,Aitana Pacheco,ESP,WAG,senior,FX,,,individual,final,4.6,False,0,,,,,,,,,,,,,,,,,,,,[]
orphan_d8c5495016140cf6,athlete_missing_in_score_sheet,review,"The event/apparatus/context exists, but this athlete is missing in the score sheet.",WAG D,271,Spanish League Final,2023,Aitana Pacheco,ESP,WAG,senior,VT,1,,individual,final,3.6,True,0,,,,,,,,,,,,,,,,,,,,[]
orphan_b0ab144c385218b2,athlete_missing_in_score_sheet,review,"The event/apparatus/context exists, but this athlete is missing in the score sheet.",WAG D,272,3rd Spanish League,2023,Aitana Pacheco,ESP,WAG,senior,BB,,,individual,final,4.0,False,0,,,,,,,,,,,,,,,,,,,,[]
orphan_9d15777723890f5f,athlete_missing_in_score_sheet,review,"The event/apparatus/context exists, but this athlete is missing in the score sheet.",WAG D,272,3rd Spanish League,2023,Aitana Pacheco,ESP,WAG,senior,FX,,,individual,final,4.6,False,0,,,,,,,,,,,,,,,,,,,,[]
orphan_b1908d5d093b2650,athlete_missing_in_score_sheet,review,"The event/apparatus/context exists, but this athlete is missing in the score sheet.",WAG D,272,3rd Spanish League,2023,Aitana Pacheco,ESP,WAG,senior,VT,1,,individual,final,3.6,True,0,,,,,,,,,,,,,,,,,,,,[]
orphan_b5bce1e040f4dd60,athlete_missing_in_score_sheet,review,"The event/apparatus/context exists, but this athlete is missing in the score sheet.",WAG D,273,2nd Spanish League,2023,Aitana Pacheco,ESP,WAG,senior,BB,,,individual,final,3.4,False,0,,,,,,,,,,,,,,,,,,,,[]
orphan_779f413327f2f60c,athlete_missing_in_score_sheet,review,"The event/apparatus/context exists, but this athlete is missing in the score sheet.",WAG D,273,2nd Spanish League,2023,Aitana Pacheco,ESP,WAG,senior,FX,,,individual,final,3.8,False,0,,,,,,,,,,,,,,,,,,,,[]
orphan_be82e9ccdfd43a39,athlete_missing_in_score_sheet,review,"The event/apparatus/context exists, but this athlete is missing in the score sheet.",WAG D,273,2nd Spanish League,2023,Aitana Pacheco,ESP,WAG,senior,VT,1,,individual,final,3.6,True,0,,,,,,,,,,,,,,,,,,,,[]
orphan_a61d4c6aebceba46,athlete_missing_in_score_sheet,review,"The event/apparatus/context exists, but this athlete is missing in the score sheet.",WAG D,401,City of Jesolo Trophy,2023,Alessia Guicciardi,ITA,WAG,senior,BB,,,individual,final,5.0,False,0,,,,,,,,,,,,,,,,,,,,[]
orphan_5550875051fbf5aa,athlete_missing_in_score_sheet,review,"The event/apparatus/context exists, but this athlete is missing in the score sheet.",WAG D,401,City of Jesolo Trophy,2023,Alessia Guicciardi,ITA,WAG,senior,FX,,,individual,final,4.7,False,0,,,,,,,,,,,,,,,,,,,,[]
orphan_6760093f0cb0cf9f,athlete_missing_in_score_sheet,review,"The event/apparatus/context exists, but this athlete is missing in the score sheet.",WAG D,401,City of Jesolo Trophy,2023,Alessia Guicciardi,ITA,WAG,senior,UB,,,individual,final,4.9,False,0,,,,,,,,,,,,,,,,,,,,[]
orphan_2640baad43425001,athlete_missing_in_score_sheet,review,"The event/apparatus/context exists, but this athlete is missing in the score sheet.",WAG D,401,City of Jesolo Trophy,2023,Alessia Guicciardi,ITA,WAG,senior,VT,1,,individual,final,4.2,True,0,,,,,,,,,,,,,,,,,,,,[]
orphan_665b2478653b0738,athlete_missing_in_score_sheet,review,"The event/apparatus/context exists, but this athlete is missing in the score sheet.",WAG D,401,City of Jesolo Trophy,2023,Alessia Guicciardi,ITA,WAG,senior,VT,2,,individual,final,3.4,True,0,,,,,,,,,,,,,,,,,,,,[]
orphan_ea7a781e6e94429f,athlete_missing_in_score_sheet,review,"The event/apparatus/context exists, but this athlete is missing in the score sheet.",WAG D,443,Rising Stars Trophy,2023,Alexandra Florea,ROU,WAG,junior,BB,,,individual,final,4.7,False,0,,,,,,,,,,,,,,,,,,,,[]
orphan_17c0014b871ff508,athlete_missing_in_score_sheet,review,"The event/apparatus/context exists, but this athlete is missing in the score sheet.",WAG D,443,Rising Stars Trophy,2023,Alexandra Florea,ROU,WAG,junior,FX,,,individual,final,4.5,False,0,,,,,,,,,,,,,,,,,,,,[]
orphan_87de3e215dcb758f,athlete_missing_in_score_sheet,review,"The event/apparatus/context exists, but this athlete is missing in the score sheet.",WAG D,443,Rising Stars Trophy,2023,Alexandra Florea,ROU,WAG,junior,UB,,,individual,final,3.5,False,0,,,,,,,,,,,,,,,,,,,,[]
orphan_8ffec64ec342e3b2,athlete_missing_in_score_sheet,review,"The event/apparatus/context exists, but this athlete is missing in the score sheet.",WAG D,443,Rising Stars Trophy,2023,Alexandra Florea,ROU,WAG,junior,VT,1,,individual,final,4.2,True,0,,,,,,,,,,,,,,,,,,,,[]
orphan_89328873e5706c74,athlete_missing_in_score_sheet,review,"The event/apparatus/context exists, but this athlete is missing in the score sheet.",WAG D,444,DTB Pokal Team Challenge,2023,Alexandra Florea,ROU,WAG,junior,FX,,,individual,final,4.2,False,0,,,,,,,,,,,,,,,,,,,,[]
orphan_a0fbcda2272277c6,athlete_missing_in_score_sheet,review,"The event/apparatus/context exists, but this athlete is missing in the score sheet.",WAG D,444,DTB Pokal Team Challenge,2023,Alexandra Florea,ROU,WAG,junior,VT,1,,individual,final,4.2,True,0,,,,,,,,,,,,,,,,,,,,[]
orphan_92ac883a1f61f843,athlete_missing_in_score_sheet,review,"The event/apparatus/context exists, but this athlete is missing in the score sheet.",WAG D,444,DTB Pokal Team Challenge,2023,Alexandra Florea,ROU,WAG,junior,VT,2,,individual,final,3.6,True,0,,,,,,,,,,,,,,,,,,,,[]
orphan_b67ca064b4ab6137,athlete_missing_in_score_sheet,review,"The event/apparatus/context exists, but this athlete is missing in the score sheet.",WAG D,446,DTB Pokal Team Challenge,2023,Alexandra Florea,ROU,WAG,junior,VT,1,,apparatus,final,4.2,True,0,,,,,,,,,,,,,,,,,,,,[]
orphan_c092beb3d6bb1673,athlete_missing_in_score_sheet,review,"The event/apparatus/context exists, but this athlete is missing in the score sheet.",WAG D,446,DTB Pokal Team Challenge,2023,Alexandra Florea,ROU,WAG,junior,VT,2,,apparatus,final,3.6,True,0,,,,,,,,,,,,,,,,,,,,[]
orphan_fa17486a6cb46596,athlete_missing_in_score_sheet,review,"The event/apparatus/context exists, but this athlete is missing in the score sheet.",WAG D,499,1st Italian Serie A,2023,Alice Avanzi,ITA,WAG,senior,BB,,,individual,final,4.4,False,0,,,,,,,,,,,,,,,,,,,,[]
orphan_25f03949a27341d8,athlete_missing_in_score_sheet,review,"The event/apparatus/context exists, but this athlete is missing in the score sheet.",WAG D,499,1st Italian Serie A,2023,Alice Avanzi,ITA,WAG,senior,FX,,,individual,final,4.3,False,0,,,,,,,,,,,,,,,,,,,,[]
orphan_5ceeb1da9a4c8d25,athlete_missing_in_score_sheet,review,"The event/apparatus/context exists, but this athlete is missing in the score sheet.",WAG D,499,1st Italian Serie A,2023,Alice Avanzi,ITA,WAG,senior,UB,,,individual,final,3.5,False,0,,,,,,,,,,,,,,,,,,,,[]
orphan_e9cfb4fe9f050e5b,athlete_missing_in_score_sheet,review,"The event/apparatus/context exists, but this athlete is missing in the score sheet.",WAG D,499,1st Italian Serie A,2023,Alice Avanzi,ITA,WAG,senior,VT,1,,individual,final,3.2,True,0,,,,,,,,,,,,,,,,,,,,[]
orphan_b7a2c4138e1c71eb,athlete_missing_in_score_sheet,review,"The event/apparatus/context exists, but this athlete is missing in the score sheet.",WAG D,500,3rd Italian Serie A,2023,Alice Avanzi,ITA,WAG,senior,FX,,,individual,final,4.1,False,0,,,,,,,,,,,,,,,,,,,,[]
orphan_be5441094abec533,athlete_missing_in_score_sheet,review,"The event/apparatus/context exists, but this athlete is missing in the score sheet.",WAG D,500,3rd Italian Serie A,2023,Alice Avanzi,ITA,WAG,senior,UB,,,individual,final,3.4,False,0,,,,,,,,,,,,,,,,,,,,[]
orphan_8736dd0db70f44d7,athlete_missing_in_score_sheet,review,"The event/apparatus/context exists, but this athlete is missing in the score sheet.",WAG D,500,3rd Italian Serie A,2023,Alice Avanzi,ITA,WAG,senior,VT,1,,individual,final,3.2,True,0,,,,,,,,,,,,,,,,,,,,[]
orphan_bd86bd8ed99ef096,athlete_missing_in_score_sheet,review,"The event/apparatus/context exists, but this athlete is missing in the score sheet.",WAG D,501,2nd Italian Serie A,2023,Alice Avanzi,ITA,WAG,senior,UB,,,individual,final,3.4,False,0,,,,,,,,,,,,,,,,,,,,[]
orphan_b319ad9788f5eae8,athlete_missing_in_score_sheet,review,"The event/apparatus/context exists, but this athlete is missing in the score sheet.",WAG D,501,2nd Italian Serie A,2023,Alice Avanzi,ITA,WAG,senior,VT,1,,individual,final,3.2,True,0,,,,,,,,,,,,,,,,,,,,[]
orphan_04951611b0ca257c,athlete_missing_in_score_sheet,review,"The event/apparatus/context exists, but this athlete is missing in the score sheet.",WAG D,659,2nd Bundesliga,2023,Aliya Funk,GER,WAG,senior,BB,,,individual,final,3.7,False,0,,,,,,,,,,,,,,,,,,,,[]
orphan_151703284e1a53a2,athlete_missing_in_score_sheet,review,"The event/apparatus/context exists, but this athlete is missing in the score sheet.",WAG D,659,2nd Bundesliga,2023,Aliya Funk,GER,WAG,senior,FX,,,individual,final,3.6,False,0,,,,,,,,,,,,,,,,,,,,[]
orphan_45b0c90736cbc215,athlete_missing_in_score_sheet,review,"The event/apparatus/context exists, but this athlete is missing in the score sheet.",WAG D,659,2nd Bundesliga,2023,Aliya Funk,GER,WAG,senior,UB,,,individual,final,3.6,False,0,,,,,,,,,,,,,,,,,,,,[]
orphan_62a8ee8b81e02948,athlete_missing_in_score_sheet,review,"The event/apparatus/context exists, but this athlete is missing in the score sheet.",WAG D,659,2nd Bundesliga,2023,Aliya Funk,GER,WAG,senior,VT,1,,individual,final,3.6,True,0,,,,,,,,,,,,,,,,,,,,[]
orphan_ce4dab2d2f9b4409,athlete_missing_in_score_sheet,review,"The event/apparatus/context exists, but this athlete is missing in the score sheet.",WAG D,807,2nd Bundesliga,2023,Amelie Hering,GER,WAG,senior,BB,,,individual,final,4.4,False,0,,,,,,,,,,,,,,,,,,,,[]
orphan_758b8315519d47e2,athlete_missing_in_score_sheet,review,"The event/apparatus/context exists, but this athlete is missing in the score sheet.",WAG D,807,2nd Bundesliga,2023,Amelie Hering,GER,WAG,senior,FX,,,individual,final,4.7,False,0,,,,,,,,,,,,,,,,,,,,[]
orphan_a49535ccc10d585a,athlete_missing_in_score_sheet,review,"The event/apparatus/context exists, but this athlete is missing in the score sheet.",WAG D,807,2nd Bundesliga,2023,Amelie Hering,GER,WAG,senior,UB,,,individual,final,2.8,False,0,,,,,,,,,,,,,,,,,,,,[]
orphan_c790581ff5e86ab6,athlete_missing_in_score_sheet,review,"The event/apparatus/context exists, but this athlete is missing in the score sheet.",WAG D,807,2nd Bundesliga,2023,Amelie Hering,GER,WAG,senior,VT,1,,individual,final,3.2,True,0,,,,,,,,,,,,,,,,,,,,[]
orphan_9c6212a1d25d7325,possible_athlete_name_typo,review,Possible athlete-name typo between the D sheet and the score sheet.,WAG D,931,European Youth Olympic Festival,2023,Anamaria Mihaescu,ROU,WAG,junior,BB,,,individual,final,4.8,False,1,suggestion_58bdaf52f6f93f41,athlete_name_correction,0.971,D-score athlete 'Anamaria Mihaescu' probably matches score-sheet athlete 'Ana Maria Mihaescu'.,European Youth Olympic Festival,2023,Ana Maria Mihaescu,ROU,WAG,junior,BB,,,individual,final,11.55,,WAG,986,"[{""suggestion_id"": ""suggestion_58bdaf52f6f93f41"", ""suggestion_type"": ""athlete_name_correction"", ""confidence"": 0.971, ""message"": ""D-score athlete 'Anamaria Mihaescu' probably matches score-sheet athlete 'Ana Maria Mihaescu'."", ""action"": ""attach_d_score_to_target_result"", ""changes"": {""athlete_name"": {""from"": ""Anamaria Mihaescu"", ""to"": ""Ana Maria Mihaescu""}}, ""target_result"": {""event_name"": ""European Youth Olympic Festival"", ""year"": 2023, ""athlete_name"": ""Ana Maria Mihaescu"", ""country"": ""ROU"", ""discipline"": ""WAG"", ""category"": ""junior"", ""apparatus"": ""BB"", ""vt_attempt"": null, ""day"": null, ""format"": ""individual"", ""round"": ""final"", ""score"": 11.55, ""D_score"": null, ""vault_attempt_order_uncertain"": false, ""source_sheet"": ""WAG"", ""source_row"": 986, ""target_id"": ""target_09bfbab714fad68b""}}]"
orphan_3dbba6d837c2e02c,possible_athlete_name_typo,review,Possible athlete-name typo between the D sheet and the score sheet.,WAG D,931,European Youth Olympic Festival,2023,Anamaria Mihaescu,ROU,WAG,junior,FX,,,individual,final,4.7,False,1,suggestion_437f015f939519ae,athlete_name_correction,0.971,D-score athlete 'Anamaria Mihaescu' probably matches score-sheet athlete 'Ana Maria Mihaescu'.,European Youth Olympic Festival,2023,Ana Maria Mihaescu,ROU,WAG,junior,FX,,,individual,final,11.3,,WAG,986,"[{""suggestion_id"": ""suggestion_437f015f939519ae"", ""suggestion_type"": ""athlete_name_correction"", ""confidence"": 0.971, ""message"": ""D-score athlete 'Anamaria Mihaescu' probably matches score-sheet athlete 'Ana Maria Mihaescu'."", ""action"": ""attach_d_score_to_target_result"", ""changes"": {""athlete_name"": {""from"": ""Anamaria Mihaescu"", ""to"": ""Ana Maria Mihaescu""}}, ""target_result"": {""event_name"": ""European Youth Olympic Festival"", ""year"": 2023, ""athlete_name"": ""Ana Maria Mihaescu"", ""country"": ""ROU"", ""discipline"": ""WAG"", ""category"": ""junior"", ""apparatus"": ""FX"", ""vt_attempt"": null, ""day"": null, ""format"": ""individual"", ""round"": ""final"", ""score"": 11.3, ""D_score"": null, ""vault_attempt_order_uncertain"": false, ""source_sheet"": ""WAG"", ""source_row"": 986, ""target_id"": ""target_84af91d3209cdc88""}}]"
orphan_7e9ace8adec7449c,possible_athlete_name_typo,review,Possible athlete-name typo between the D sheet and the score sheet.,WAG D,931,European Youth Olympic Festival,2023,Anamaria Mihaescu,ROU,WAG,junior,UB,,,individual,final,4.4,False,1,suggestion_058208120d13b93a,athlete_name_correction,0.971,D-score athlete 'Anamaria Mihaescu' probably matches score-sheet athlete 'Ana Maria Mihaescu'.,European Youth Olympic Festival,2023,Ana Maria Mihaescu,ROU,WAG,junior,UB,,,individual,final,8.35,,WAG,986,"[{""suggestion_id"": ""suggestion_058208120d13b93a"", ""suggestion_type"": ""athlete_name_correction"", ""confidence"": 0.971, ""message"": ""D-score athlete 'Anamaria Mihaescu' probably matches score-sheet athlete 'Ana Maria Mihaescu'."", ""action"": ""attach_d_score_to_target_result"", ""changes"": {""athlete_name"": {""from"": ""Anamaria Mihaescu"", ""to"": ""Ana Maria Mihaescu""}}, ""target_result"": {""event_name"": ""European Youth Olympic Festival"", ""year"": 2023, ""athlete_name"": ""Ana Maria Mihaescu"", ""country"": ""ROU"", ""discipline"": ""WAG"", ""category"": ""junior"", ""apparatus"": ""UB"", ""vt_attempt"": null, ""day"": null, ""format"": ""individual"", ""round"": ""final"", ""score"": 8.35, ""D_score"": null, ""vault_attempt_order_uncertain"": false, ""source_sheet"": ""WAG"", ""source_row"": 986, ""target_id"": ""target_86caf9ef9625e45a""}}]"
orphan_afd6d8ae5e7d4778,possible_athlete_name_typo,review,Possible athlete-name typo between the D sheet and the score sheet.,WAG D,931,European Youth Olympic Festival,2023,Anamaria Mihaescu,ROU,WAG,junior,VT,1,,individual,final,3.8,True,1,suggestion_2ea3f17c618fabe9,athlete_name_correction,0.971,D-score athlete 'Anamaria Mihaescu' probably matches score-sheet athlete 'Ana Maria Mihaescu'.,European Youth Olympic Festival,2023,Ana Maria Mihaescu,ROU,WAG,junior,VT,1,,individual,final,12.6,,WAG,986,"[{""suggestion_id"": ""suggestion_2ea3f17c618fabe9"", ""suggestion_type"": ""athlete_name_correction"", ""confidence"": 0.971, ""message"": ""D-score athlete 'Anamaria Mihaescu' probably matches score-sheet athlete 'Ana Maria Mihaescu'."", ""action"": ""attach_d_score_to_target_result"", ""changes"": {""athlete_name"": {""from"": ""Anamaria Mihaescu"", ""to"": ""Ana Maria Mihaescu""}}, ""target_result"": {""event_name"": ""European Youth Olympic Festival"", ""year"": 2023, ""athlete_name"": ""Ana Maria Mihaescu"", ""country"": ""ROU"", ""discipline"": ""WAG"", ""category"": ""junior"", ""apparatus"": ""VT"", ""vt_attempt"": 1, ""day"": null, ""format"": ""individual"", ""round"": ""final"", ""score"": 12.6, ""D_score"": null, ""vault_attempt_order_uncertain"": true, ""source_sheet"": ""WAG"", ""source_row"": 986, ""target_id"": ""target_b535f19060121f9c""}}]"
orphan_a81b9753b0bc5e24,possible_athlete_name_typo,review,Possible athlete-name typo between the D sheet and the score sheet.,WAG D,931,European Youth Olympic Festival,2023,Anamaria Mihaescu,ROU,WAG,junior,VT,2,,individual,final,3.6,True,1,suggestion_6bde33b5b31c82c7,athlete_name_correction,0.971,D-score athlete 'Anamaria Mihaescu' probably matches score-sheet athlete 'Ana Maria Mihaescu'.,European Youth Olympic Festival,2023,Ana Maria Mihaescu,ROU,WAG,junior,VT,2,,individual,final,11.95,,WAG,986,"[{""suggestion_id"": ""suggestion_6bde33b5b31c82c7"", ""suggestion_type"": ""athlete_name_correction"", ""confidence"": 0.971, ""message"": ""D-score athlete 'Anamaria Mihaescu' probably matches score-sheet athlete 'Ana Maria Mihaescu'."", ""action"": ""attach_d_score_to_target_result"", ""changes"": {""athlete_name"": {""from"": ""Anamaria Mihaescu"", ""to"": ""Ana Maria Mihaescu""}}, ""target_result"": {""event_name"": ""European Youth Olympic Festival"", ""year"": 2023, ""athlete_name"": ""Ana Maria Mihaescu"", ""country"": ""ROU"", ""discipline"": ""WAG"", ""category"": ""junior"", ""apparatus"": ""VT"", ""vt_attempt"": 2, ""day"": null, ""format"": ""individual"", ""round"": ""final"", ""score"": 11.95, ""D_score"": null, ""vault_attempt_order_uncertain"": true, ""source_sheet"": ""WAG"", ""source_row"": 986, ""target_id"": ""target_c0417c866b28e27c""}}]"
orphan_751372ec1e429230,missing_final_score_for_context,review,"The athlete/event exists, but not this apparatus/context.",WAG D,972,Indian Junior Championships,2023,Anchita Chowdhuri,IND,WAG,junior,VT,2,,individual,final,1.6,True,0,,,,,,,,,,,,,,,,,,,,[]
orphan_66a247bd38799799,missing_final_score_for_context,review,"The athlete/event exists, but not this apparatus/context.",WAG D,1034,Asian Games,2023,Anfissa Ivanova,KAZ,WAG,senior,UB,,,individual,qualification,3.3,False,0,,,,,,,,,,,,,,,,,,,,[]
orphan_d47573b75dfe09ff,athlete_missing_in_score_sheet,review,"The event/apparatus/context exists, but this athlete is missing in the score sheet.",WAG D,1128,1st Bundesliga,2023,Anna Albrecht,GER,WAG,junior,BB,,,individual,final,3.9,False,0,,,,,,,,,,,,,,,,,,,,[]
orphan_512af8a479e64bd9,athlete_missing_in_score_sheet,review,"The event/apparatus/context exists, but this athlete is missing in the score sheet.",WAG D,1128,1st Bundesliga,2023,Anna Albrecht,GER,WAG,junior,FX,,,individual,final,3.4,False,0,,,,,,,,,,,,,,,,,,,,[]
orphan_77701dcf746864b4,athlete_missing_in_score_sheet,review,"The event/apparatus/context exists, but this athlete is missing in the score sheet.",WAG D,1128,1st Bundesliga,2023,Anna Albrecht,GER,WAG,junior,UB,,,individual,final,2.9,False,0,,,,,,,,,,,,,,,,,,,,[]
orphan_74d9d383e3f9d955,athlete_missing_in_score_sheet,review,"The event/apparatus/context exists, but this athlete is missing in the score sheet.",WAG D,1128,1st Bundesliga,2023,Anna Albrecht,GER,WAG,junior,VT,1,,individual,final,3.4,True,0,,,,,,,,,,,,,,,,,,,,[]
orphan_45c10dedea588997,missing_final_score_for_context,review,"The athlete/event exists, but not this apparatus/context.",WAG D,1345,Indian Junior Championships,2023,Anoushka Patil,IND,WAG,junior,VT,2,,individual,final,3.4,True,0,,,,,,,,,,,,,,,,,,,,[]
orphan_0e6c31bcd2f183f0,missing_final_score_for_context,review,"The athlete/event exists, but not this apparatus/context.",WAG D,1347,Indian Junior Championships,2023,Anshika Behal,IND,WAG,junior,VT,2,,individual,final,2.4,True,0,,,,,,,,,,,,,,,,,,,,[]
orphan_25e4767e4e787e31,missing_final_score_for_context,review,"The athlete/event exists, but not this apparatus/context.",WAG D,1373,Indian Junior Championships,2023,Anya Maria Dsouza,IND,WAG,junior,VT,2,,individual,final,2.4,True,0,,,,,,,,,,,,,,,,,,,,[]
orphan_5b64dcc9d08c4f3f,athlete_missing_in_score_sheet,review,"The event/apparatus/context exists, but this athlete is missing in the score sheet.",WAG D,1429,3rd Italian Serie A,2023,Arianna Balocchi,ITA,WAG,senior,BB,,,individual,final,4.5,False,0,,,,,,,,,,,,,,,,,,,,[]
orphan_56517f490e6f4c75,athlete_missing_in_score_sheet,review,"The event/apparatus/context exists, but this athlete is missing in the score sheet.",WAG D,1429,3rd Italian Serie A,2023,Arianna Balocchi,ITA,WAG,senior,FX,,,individual,final,3.6,False,0,,,,,,,,,,,,,,,,,,,,[]
orphan_d92c19dc46582144,athlete_missing_in_score_sheet,review,"The event/apparatus/context exists, but this athlete is missing in the score sheet.",WAG D,1429,3rd Italian Serie A,2023,Arianna Balocchi,ITA,WAG,senior,VT,1,,individual,final,3.4,True,0,,,,,,,,,,,,,,,,,,,,[]
orphan_2ab90c9dd90eb922,athlete_missing_in_score_sheet,review,"The event/apparatus/context exists, but this athlete is missing in the score sheet.",WAG D,1492,3rd Italian Serie A,2023,Artemisia Iorfino,ITA,WAG,senior,BB,,,individual,final,4.8,False,0,,,,,,,,,,,,,,,,,,,,[]
orphan_a7ce073579e8d00b,athlete_missing_in_score_sheet,review,"The event/apparatus/context exists, but this athlete is missing in the score sheet.",WAG D,1492,3rd Italian Serie A,2023,Artemisia Iorfino,ITA,WAG,senior,FX,,,individual,final,4.7,False,0,,,,,,,,,,,,,,,,,,,,[]
orphan_ac3fa0e1dc117c24,athlete_missing_in_score_sheet,review,"The event/apparatus/context exists, but this athlete is missing in the score sheet.",WAG D,1492,3rd Italian Serie A,2023,Artemisia Iorfino,ITA,WAG,senior,UB,,,individual,final,4.7,False,0,,,,,,,,,,,,,,,,,,,,[]
orphan_dafc8d02d2420459,athlete_missing_in_score_sheet,review,"The event/apparatus/context exists, but this athlete is missing in the score sheet.",WAG D,1492,3rd Italian Serie A,2023,Artemisia Iorfino,ITA,WAG,senior,VT,1,,individual,final,4.2,True,0,,,,,,,,,,,,,,,,,,,,[]
orphan_784e39f0e2bdbc4e,athlete_missing_in_score_sheet,review,"The event/apparatus/context exists, but this athlete is missing in the score sheet.",WAG D,1493,1st Italian Serie A,2023,Artemisia Iorfino,ITA,WAG,senior,BB,,,individual,final,4.7,False,0,,,,,,,,,,,,,,,,,,,,[]
orphan_4188a328c50897bb,athlete_missing_in_score_sheet,review,"The event/apparatus/context exists, but this athlete is missing in the score sheet.",WAG D,1493,1st Italian Serie A,2023,Artemisia Iorfino,ITA,WAG,senior,FX,,,individual,final,4.3,False,0,,,,,,,,,,,,,,,,,,,,[]
orphan_5a3da954831a85b2,athlete_missing_in_score_sheet,review,"The event/apparatus/context exists, but this athlete is missing in the score sheet.",WAG D,1493,1st Italian Serie A,2023,Artemisia Iorfino,ITA,WAG,senior,UB,,,individual,final,4.8,False,0,,,,,,,,,,,,,,,,,,,,[]
orphan_aa9d0024e754483a,athlete_missing_in_score_sheet,review,"The event/apparatus/context exists, but this athlete is missing in the score sheet.",WAG D,1493,1st Italian Serie A,2023,Artemisia Iorfino,ITA,WAG,senior,VT,1,,individual,final,3.6,True,0,,,,,,,,,,,,,,,,,,,,[]
orphan_d6e2fcc7ec67bb49,athlete_missing_in_score_sheet,review,"The event/apparatus/context exists, but this athlete is missing in the score sheet.",WAG D,1494,2nd Italian Serie A,2023,Artemisia Iorfino,ITA,WAG,senior,BB,,,individual,final,4.7,False,0,,,,,,,,,,,,,,,,,,,,[]
orphan_d5c92cef315ef715,athlete_missing_in_score_sheet,review,"The event/apparatus/context exists, but this athlete is missing in the score sheet.",WAG D,1494,2nd Italian Serie A,2023,Artemisia Iorfino,ITA,WAG,senior,FX,,,individual,final,4.2,False,0,,,,,,,,,,,,,,,,,,,,[]
orphan_c6bd5c3879029ebc,athlete_missing_in_score_sheet,review,"The event/apparatus/context exists, but this athlete is missing in the score sheet.",WAG D,1494,2nd Italian Serie A,2023,Artemisia Iorfino,ITA,WAG,senior,UB,,,individual,final,4.5,False,0,,,,,,,,,,,,,,,,,,,,[]
orphan_8e80b499cf231fb7,athlete_missing_in_score_sheet,review,"The event/apparatus/context exists, but this athlete is missing in the score sheet.",WAG D,1494,2nd Italian Serie A,2023,Artemisia Iorfino,ITA,WAG,senior,VT,1,,individual,final,3.6,True,0,,,,,,,,,,,,,,,,,,,,[]
orphan_b059ac7934eb2b2f,missing_final_score_for_context,review,"The athlete/event exists, but not this apparatus/context.",WAG D,1541,Singapore Open,2023,Astha Dash,IND,WAG,junior,UB,,,individual,final,0.2,False,0,,,,,,,,,,,,,,,,,,,,[]
orphan_1f7cd583ff73a71c,athlete_missing_in_score_sheet,review,"The event/apparatus/context exists, but this athlete is missing in the score sheet.",WAG D,1630,2nd Italian Serie A,2023,Aurora Ceccato,ITA,WAG,senior,BB,,,individual,final,5.1,False,0,,,,,,,,,,,,,,,,,,,,[]
orphan_a3c80cd0730f8d13,athlete_missing_in_score_sheet,review,"The event/apparatus/context exists, but this athlete is missing in the score sheet.",WAG D,1630,2nd Italian Serie A,2023,Aurora Ceccato,ITA,WAG,senior,FX,,,individual,final,4.6,False,0,,,,,,,,,,,,,,,,,,,,[]
orphan_6b5f08a79e5c0f5e,athlete_missing_in_score_sheet,review,"The event/apparatus/context exists, but this athlete is missing in the score sheet.",WAG D,1630,2nd Italian Serie A,2023,Aurora Ceccato,ITA,WAG,senior,UB,,,individual,final,4.3,False,0,,,,,,,,,,,,,,,,,,,,[]
orphan_2b3697884692d5ed,athlete_missing_in_score_sheet,review,"The event/apparatus/context exists, but this athlete is missing in the score sheet.",WAG D,1631,1st Italian Serie A,2023,Aurora Ceccato,ITA,WAG,senior,BB,,,individual,final,5.1,False,0,,,,,,,,,,,,,,,,,,,,[]
orphan_210f60a50c814b85,athlete_missing_in_score_sheet,review,"The event/apparatus/context exists, but this athlete is missing in the score sheet.",WAG D,1631,1st Italian Serie A,2023,Aurora Ceccato,ITA,WAG,senior,FX,,,individual,final,4.6,False,0,,,,,,,,,,,,,,,,,,,,[]
orphan_fcdff96cfed37851,athlete_missing_in_score_sheet,review,"The event/apparatus/context exists, but this athlete is missing in the score sheet.",WAG D,1631,1st Italian Serie A,2023,Aurora Ceccato,ITA,WAG,senior,UB,,,individual,final,4.2,False,0,,,,,,,,,,,,,,,,,,,,[]
orphan_4a51667ee73b0f8a,athlete_missing_in_score_sheet,review,"The event/apparatus/context exists, but this athlete is missing in the score sheet.",WAG D,1631,1st Italian Serie A,2023,Aurora Ceccato,ITA,WAG,senior,VT,1,,individual,final,3.6,True,0,,,,,,,,,,,,,,,,,,,,[]
orphan_0030192e44b3bc0f,athlete_missing_in_score_sheet,review,"The event/apparatus/context exists, but this athlete is missing in the score sheet.",WAG D,1632,3rd Italian Serie A,2023,Aurora Ceccato,ITA,WAG,senior,BB,,,individual,final,5.0,False,0,,,,,,,,,,,,,,,,,,,,[]
orphan_8228152b16de61a0,athlete_missing_in_score_sheet,review,"The event/apparatus/context exists, but this athlete is missing in the score sheet.",WAG D,1632,3rd Italian Serie A,2023,Aurora Ceccato,ITA,WAG,senior,FX,,,individual,final,4.6,False,0,,,,,,,,,,,,,,,,,,,,[]
orphan_d689191094190b55,athlete_missing_in_score_sheet,review,"The event/apparatus/context exists, but this athlete is missing in the score sheet.",WAG D,1632,3rd Italian Serie A,2023,Aurora Ceccato,ITA,WAG,senior,UB,,,individual,final,4.2,False,0,,,,,,,,,,,,,,,,,,,,[]
orphan_8d3ce66af2d469de,athlete_missing_in_score_sheet,review,"The event/apparatus/context exists, but this athlete is missing in the score sheet.",WAG D,1632,3rd Italian Serie A,2023,Aurora Ceccato,ITA,WAG,senior,VT,1,,individual,final,3.2,True,0,,,,,,,,,,,,,,,,,,,,[]
orphan_e9a31b28aa57f1a0,athlete_missing_in_score_sheet,review,"The event/apparatus/context exists, but this athlete is missing in the score sheet.",WAG D,1642,3rd Italian Serie A,2023,Aurora Pessagno,ITA,WAG,senior,BB,,,individual,final,4.4,False,0,,,,,,,,,,,,,,,,,,,,[]
orphan_6c17d8036fd598fe,athlete_missing_in_score_sheet,review,"The event/apparatus/context exists, but this athlete is missing in the score sheet.",WAG D,1642,3rd Italian Serie A,2023,Aurora Pessagno,ITA,WAG,senior,FX,,,individual,final,4.4,False,0,,,,,,,,,,,,,,,,,,,,[]
orphan_dc68ca4139b27065,athlete_missing_in_score_sheet,review,"The event/apparatus/context exists, but this athlete is missing in the score sheet.",WAG D,1642,3rd Italian Serie A,2023,Aurora Pessagno,ITA,WAG,senior,UB,,,individual,final,3.4,False,0,,,,,,,,,,,,,,,,,,,,[]
orphan_42540f0ff3111443,athlete_missing_in_score_sheet,review,"The event/apparatus/context exists, but this athlete is missing in the score sheet.",WAG D,1642,3rd Italian Serie A,2023,Aurora Pessagno,ITA,WAG,senior,VT,1,,individual,final,3.6,True,0,,,,,,,,,,,,,,,,,,,,[]
orphan_72f39682e4e8fc69,athlete_missing_in_score_sheet,review,"The event/apparatus/context exists, but this athlete is missing in the score sheet.",WAG D,1643,2nd Italian Serie A,2023,Aurora Pessagno,ITA,WAG,senior,BB,,,individual,final,4.4,False,0,,,,,,,,,,,,,,,,,,,,[]
orphan_316e629a9992a0ac,athlete_missing_in_score_sheet,review,"The event/apparatus/context exists, but this athlete is missing in the score sheet.",WAG D,1643,2nd Italian Serie A,2023,Aurora Pessagno,ITA,WAG,senior,FX,,,individual,final,4.3,False,0,,,,,,,,,,,,,,,,,,,,[]
orphan_2426ed2077acdf56,athlete_missing_in_score_sheet,review,"The event/apparatus/context exists, but this athlete is missing in the score sheet.",WAG D,1643,2nd Italian Serie A,2023,Aurora Pessagno,ITA,WAG,senior,UB,,,individual,final,3.4,False,0,,,,,,,,,,,,,,,,,,,,[]
orphan_fe8c1e1a55a00aac,athlete_missing_in_score_sheet,review,"The event/apparatus/context exists, but this athlete is missing in the score sheet.",WAG D,1643,2nd Italian Serie A,2023,Aurora Pessagno,ITA,WAG,senior,VT,1,,individual,final,3.6,True,0,,,,,,,,,,,,,,,,,,,,[]
orphan_2cd2d980eba7ad25,athlete_missing_in_score_sheet,review,"The event/apparatus/context exists, but this athlete is missing in the score sheet.",WAG D,1644,1st Italian Serie A,2023,Aurora Pessagno,ITA,WAG,senior,BB,,,individual,final,4.6,False,0,,,,,,,,,,,,,,,,,,,,[]
orphan_db49b7e023bde755,athlete_missing_in_score_sheet,review,"The event/apparatus/context exists, but this athlete is missing in the score sheet.",WAG D,1644,1st Italian Serie A,2023,Aurora Pessagno,ITA,WAG,senior,FX,,,individual,final,4.1,False,0,,,,,,,,,,,,,,,,,,,,[]
orphan_3459059d0027b150,athlete_missing_in_score_sheet,review,"The event/apparatus/context exists, but this athlete is missing in the score sheet.",WAG D,1644,1st Italian Serie A,2023,Aurora Pessagno,ITA,WAG,senior,UB,,,individual,final,3.4,False,0,,,,,,,,,,,,,,,,,,,,[]
orphan_9bec97e8ca7ba466,athlete_missing_in_score_sheet,review,"The event/apparatus/context exists, but this athlete is missing in the score sheet.",WAG D,1644,1st Italian Serie A,2023,Aurora Pessagno,ITA,WAG,senior,VT,1,,individual,final,3.6,True,0,,,,,,,,,,,,,,,,,,,,[]
orphan_c6a3ce94e764dba5,missing_final_score_for_context,review,"The athlete/event exists, but not this apparatus/context.",WAG D,1729,Junior World Championships,2023,Aytan Mammadova,AZE,WAG,junior,VT,1,,individual,qualification,3.2,True,0,,,,,,,,,,,,,,,,,,,,[]
orphan_0bc3bead8ebb6704,athlete_missing_in_score_sheet,review,"The event/apparatus/context exists, but this athlete is missing in the score sheet.",WAG D,1755,2nd Italian Serie A,2023,Azzurra Nicosia,ITA,WAG,senior,BB,,,individual,final,4.4,False,0,,,,,,,,,,,,,,,,,,,,[]
orphan_06d8035390d58d2a,athlete_missing_in_score_sheet,review,"The event/apparatus/context exists, but this athlete is missing in the score sheet.",WAG D,1755,2nd Italian Serie A,2023,Azzurra Nicosia,ITA,WAG,senior,FX,,,individual,final,4.4,False,0,,,,,,,,,,,,,,,,,,,,[]
orphan_09e460463fcb7d6f,athlete_missing_in_score_sheet,review,"The event/apparatus/context exists, but this athlete is missing in the score sheet.",WAG D,1755,2nd Italian Serie A,2023,Azzurra Nicosia,ITA,WAG,senior,UB,,,individual,final,2.8,False,0,,,,,,,,,,,,,,,,,,,,[]
orphan_3e199b2cdfd0c98c,athlete_missing_in_score_sheet,review,"The event/apparatus/context exists, but this athlete is missing in the score sheet.",WAG D,1756,1st Italian Serie A,2023,Azzurra Nicosia,ITA,WAG,senior,BB,,,individual,final,4.6,False,0,,,,,,,,,,,,,,,,,,,,[]
orphan_31fd865d4109f62a,athlete_missing_in_score_sheet,review,"The event/apparatus/context exists, but this athlete is missing in the score sheet.",WAG D,1756,1st Italian Serie A,2023,Azzurra Nicosia,ITA,WAG,senior,FX,,,individual,final,4.0,False,0,,,,,,,,,,,,,,,,,,,,[]
orphan_f23d812f2d8aec23,athlete_missing_in_score_sheet,review,"The event/apparatus/context exists, but this athlete is missing in the score sheet.",WAG D,1756,1st Italian Serie A,2023,Azzurra Nicosia,ITA,WAG,senior,UB,,,individual,final,2.9,False,0,,,,,,,,,,,,,,,,,,,,[]
orphan_96b1438579f7d51f,athlete_missing_in_score_sheet,review,"The event/apparatus/context exists, but this athlete is missing in the score sheet.",WAG D,1757,3rd Italian Serie A,2023,Azzurra Nicosia,ITA,WAG,senior,UB,,,individual,final,1.6,False,0,,,,,,,,,,,,,,,,,,,,[]
orphan_a8fd699b590d8205,athlete_missing_in_score_sheet,review,"The event/apparatus/context exists, but this athlete is missing in the score sheet.",WAG D,1841,2nd Italian Serie A,2023,Benedetta Gava,ITA,WAG,senior,BB,,,individual,final,4.9,False,0,,,,,,,,,,,,,,,,,,,,[]
orphan_4ca11b7e1f126a02,athlete_missing_in_score_sheet,review,"The event/apparatus/context exists, but this athlete is missing in the score sheet.",WAG D,1841,2nd Italian Serie A,2023,Benedetta Gava,ITA,WAG,senior,FX,,,individual,final,5.0,False,0,,,,,,,,,,,,,,,,,,,,[]
orphan_5bccd866b44ea842,athlete_missing_in_score_sheet,review,"The event/apparatus/context exists, but this athlete is missing in the score sheet.",WAG D,1841,2nd Italian Serie A,2023,Benedetta Gava,ITA,WAG,senior,UB,,,individual,final,4.8,False,0,,,,,,,,,,,,,,,,,,,,[]
orphan_ebd8510a78c5e6ef,athlete_missing_in_score_sheet,review,"The event/apparatus/context exists, but this athlete is missing in the score sheet.",WAG D,1841,2nd Italian Serie A,2023,Benedetta Gava,ITA,WAG,senior,VT,1,,individual,final,5.0,True,0,,,,,,,,,,,,,,,,,,,,[]
orphan_714c6a95ff7bf5e3,athlete_missing_in_score_sheet,review,"The event/apparatus/context exists, but this athlete is missing in the score sheet.",WAG D,1842,1st Italian Serie A,2023,Benedetta Gava,ITA,WAG,senior,BB,,,individual,final,4.7,False,0,,,,,,,,,,,,,,,,,,,,[]
orphan_940cc4f57548201a,athlete_missing_in_score_sheet,review,"The event/apparatus/context exists, but this athlete is missing in the score sheet.",WAG D,1842,1st Italian Serie A,2023,Benedetta Gava,ITA,WAG,senior,FX,,,individual,final,5.0,False,0,,,,,,,,,,,,,,,,,,,,[]
orphan_db72c3ee0d9d8cb1,athlete_missing_in_score_sheet,review,"The event/apparatus/context exists, but this athlete is missing in the score sheet.",WAG D,1842,1st Italian Serie A,2023,Benedetta Gava,ITA,WAG,senior,UB,,,individual,final,4.8,False,0,,,,,,,,,,,,,,,,,,,,[]
orphan_e794960a30e450ec,athlete_missing_in_score_sheet,review,"The event/apparatus/context exists, but this athlete is missing in the score sheet.",WAG D,1842,1st Italian Serie A,2023,Benedetta Gava,ITA,WAG,senior,VT,1,,individual,final,4.2,True,0,,,,,,,,,,,,,,,,,,,,[]
orphan_b36b1db2e6678f00,missing_final_score_for_context,review,"The athlete/event exists, but not this apparatus/context.",WAG D,1867,Swiss Cup,2023,Bengisu Yildiz,TUR,WAG,senior,VT,1,,individual,qualification,4.2,True,0,,,,,,,,,,,,,,,,,,,,[]
orphan_b025bedb209b316c,missing_final_score_for_context,review,"The athlete/event exists, but not this apparatus/context.",WAG D,1867,Swiss Cup,2023,Bengisu Yildiz,TUR,WAG,senior,VT,2,,individual,qualification,3.8,True,0,,,,,,,,,,,,,,,,,,,,[]
orphan_6f14b10a71654eb6,missing_final_score_for_context,review,"The athlete/event exists, but not this apparatus/context.",WAG D,1892,Indian Junior Championships,2023,Bhanu,IND,WAG,junior,UB,,,individual,final,0.6,False,0,,,,,,,,,,,,,,,,,,,,[]
orphan_277a778f94a4ef71,missing_final_score_for_context,review,"The athlete/event exists, but not this apparatus/context.",WAG D,1893,Indian Junior Championships,2023,Bhatiya,IND,WAG,junior,VT,2,,individual,final,1.6,True,0,,,,,,,,,,,,,,,,,,,,[]
orphan_5711a242cc813969,athlete_missing_in_score_sheet,review,"The event/apparatus/context exists, but this athlete is missing in the score sheet.",WAG D,2112,1st Italian Serie A,2023,Camilla Ferrari,ITA,WAG,senior,BB,,,individual,final,4.9,False,0,,,,,,,,,,,,,,,,,,,,[]
orphan_1b9d435b6ec5bf04,athlete_missing_in_score_sheet,review,"The event/apparatus/context exists, but this athlete is missing in the score sheet.",WAG D,2112,1st Italian Serie A,2023,Camilla Ferrari,ITA,WAG,senior,FX,,,individual,final,4.8,False,0,,,,,,,,,,,,,,,,,,,,[]
orphan_02023806e0a4d5e4,athlete_missing_in_score_sheet,review,"The event/apparatus/context exists, but this athlete is missing in the score sheet.",WAG D,2112,1st Italian Serie A,2023,Camilla Ferrari,ITA,WAG,senior,UB,,,individual,final,5.0,False,0,,,,,,,,,,,,,,,,,,,,[]
orphan_dc84909a30bbc336,athlete_missing_in_score_sheet,review,"The event/apparatus/context exists, but this athlete is missing in the score sheet.",WAG D,2112,1st Italian Serie A,2023,Camilla Ferrari,ITA,WAG,senior,VT,1,,individual,final,3.2,True,0,,,,,,,,,,,,,,,,,,,,[]
orphan_37e98f49e5efd921,athlete_missing_in_score_sheet,review,"The event/apparatus/context exists, but this athlete is missing in the score sheet.",WAG D,2177,Spanish League Final,2023,Carla Ballada,ESP,WAG,senior,BB,,,individual,final,4.0,False,0,,,,,,,,,,,,,,,,,,,,[]
orphan_346480ee40aff80c,athlete_missing_in_score_sheet,review,"The event/apparatus/context exists, but this athlete is missing in the score sheet.",WAG D,2177,Spanish League Final,2023,Carla Ballada,ESP,WAG,senior,FX,,,individual,final,3.6,False,0,,,,,,,,,,,,,,,,,,,,[]
orphan_0a830f978232ac64,athlete_missing_in_score_sheet,review,"The event/apparatus/context exists, but this athlete is missing in the score sheet.",WAG D,2177,Spanish League Final,2023,Carla Ballada,ESP,WAG,senior,UB,,,individual,final,1.9,False,0,,,,,,,,,,,,,,,,,,,,[]
orphan_7cde82a7d138f511,athlete_missing_in_score_sheet,review,"The event/apparatus/context exists, but this athlete is missing in the score sheet.",WAG D,2177,Spanish League Final,2023,Carla Ballada,ESP,WAG,senior,VT,1,,individual,final,3.4,True,0,,,,,,,,,,,,,,,,,,,,[]
orphan_193cdfb330b64f9e,athlete_missing_in_score_sheet,review,"The event/apparatus/context exists, but this athlete is missing in the score sheet.",WAG D,2178,2nd Spanish League,2023,Carla Ballada,ESP,WAG,senior,BB,,,individual,final,4.2,False,0,,,,,,,,,,,,,,,,,,,,[]
orphan_18f2c0b1720a93e3,athlete_missing_in_score_sheet,review,"The event/apparatus/context exists, but this athlete is missing in the score sheet.",WAG D,2178,2nd Spanish League,2023,Carla Ballada,ESP,WAG,senior,FX,,,individual,final,3.4,False,0,,,,,,,,,,,,,,,,,,,,[]
orphan_2e184773067a55a9,athlete_missing_in_score_sheet,review,"The event/apparatus/context exists, but this athlete is missing in the score sheet.",WAG D,2178,2nd Spanish League,2023,Carla Ballada,ESP,WAG,senior,UB,,,individual,final,2.6,False,0,,,,,,,,,,,,,,,,,,,,[]
orphan_16ff639dfbcb5fd5,athlete_missing_in_score_sheet,review,"The event/apparatus/context exists, but this athlete is missing in the score sheet.",WAG D,2178,2nd Spanish League,2023,Carla Ballada,ESP,WAG,senior,VT,1,,individual,final,3.4,True,0,,,,,,,,,,,,,,,,,,,,[]
orphan_d14ac5261c8cd6e6,athlete_missing_in_score_sheet,review,"The event/apparatus/context exists, but this athlete is missing in the score sheet.",WAG D,2179,3rd Spanish League,2023,Carla Ballada,ESP,WAG,senior,BB,,,individual,final,3.8,False,0,,,,,,,,,,,,,,,,,,,,[]
orphan_575002c35d01f93a,athlete_missing_in_score_sheet,review,"The event/apparatus/context exists, but this athlete is missing in the score sheet.",WAG D,2179,3rd Spanish League,2023,Carla Ballada,ESP,WAG,senior,VT,1,,individual,final,3.4,True,0,,,,,,,,,,,,,,,,,,,,[]
orphan_7c6effd2283aed02,athlete_missing_in_score_sheet,review,"The event/apparatus/context exists, but this athlete is missing in the score sheet.",WAG D,2230,3rd Italian Serie A,2023,Carolina Carlucci,ITA,WAG,senior,UB,,,individual,final,4.1,False,0,,,,,,,,,,,,,,,,,,,,[]
orphan_f0f7a87c4f217183,athlete_missing_in_score_sheet,review,"The event/apparatus/context exists, but this athlete is missing in the score sheet.",WAG D,2230,3rd Italian Serie A,2023,Carolina Carlucci,ITA,WAG,senior,VT,1,,individual,final,3.6,True,0,,,,,,,,,,,,,,,,,,,,[]
orphan_1df7df095c0c8fd6,athlete_missing_in_score_sheet,review,"The event/apparatus/context exists, but this athlete is missing in the score sheet.",WAG D,2243,3rd Italian Serie A,2023,Carolina Pellegrini,ITA,WAG,senior,BB,,,individual,final,4.6,False,0,,,,,,,,,,,,,,,,,,,,[]
orphan_608d6576996f9d32,athlete_missing_in_score_sheet,review,"The event/apparatus/context exists, but this athlete is missing in the score sheet.",WAG D,2243,3rd Italian Serie A,2023,Carolina Pellegrini,ITA,WAG,senior,FX,,,individual,final,4.0,False,0,,,,,,,,,,,,,,,,,,,,[]
orphan_bbe47f8c7054f489,athlete_missing_in_score_sheet,review,"The event/apparatus/context exists, but this athlete is missing in the score sheet.",WAG D,2243,3rd Italian Serie A,2023,Carolina Pellegrini,ITA,WAG,senior,VT,1,,individual,final,3.6,True,0,,,,,,,,,,,,,,,,,,,,[]
orphan_e26fad9caf0b7cc1,possible_context_mismatch,review,"Possible format, round, or day mismatch.",WAG D,2419,Austrian Championships,2023,Charlize Mörz,AUT,WAG,senior,VT,1,,apparatus,final,4.4,True,1,suggestion_b6deb441983cc53e,context_correction,0.65,"Same athlete/event/apparatus exists in the score sheet, but format, round, or day is different.",Austrian Championships,2023,Charlize Mörz,AUT,WAG,senior,VT,1,,individual,final,13.2,4.4,WAG,2714,"[{""suggestion_id"": ""suggestion_b6deb441983cc53e"", ""suggestion_type"": ""context_correction"", ""confidence"": 0.65, ""message"": ""Same athlete/event/apparatus exists in the score sheet, but format, round, or day is different."", ""action"": ""attach_d_score_to_target_result"", ""changes"": {""format"": {""from"": ""apparatus"", ""to"": ""individual""}, ""round"": {""from"": ""final"", ""to"": ""final""}, ""day"": {""from"": null, ""to"": null}}, ""target_result"": {""event_name"": ""Austrian Championships"", ""year"": 2023, ""athlete_name"": ""Charlize Mörz"", ""country"": ""AUT"", ""discipline"": ""WAG"", ""category"": ""senior"", ""apparatus"": ""VT"", ""vt_attempt"": 1, ""day"": null, ""format"": ""individual"", ""round"": ""final"", ""score"": 13.2, ""D_score"": 4.4, ""vault_attempt_order_uncertain"": true, ""source_sheet"": ""WAG"", ""source_row"": 2714, ""target_id"": ""target_ec11a47c3f09c5a7""}}]"
orphan_bc69223c7b33f329,possible_context_mismatch,review,"Possible format, round, or day mismatch.",WAG D,2419,Austrian Championships,2023,Charlize Mörz,AUT,WAG,senior,VT,2,,apparatus,final,3.8,True,1,suggestion_25107f94c1985790,context_correction,0.65,"Same athlete/event/apparatus exists in the score sheet, but format, round, or day is different.",Austrian Championships,2023,Charlize Mörz,AUT,WAG,senior,VT,2,,individual,final,12.35,3.8,WAG,2714,"[{""suggestion_id"": ""suggestion_25107f94c1985790"", ""suggestion_type"": ""context_correction"", ""confidence"": 0.65, ""message"": ""Same athlete/event/apparatus exists in the score sheet, but format, round, or day is different."", ""action"": ""attach_d_score_to_target_result"", ""changes"": {""format"": {""from"": ""apparatus"", ""to"": ""individual""}, ""round"": {""from"": ""final"", ""to"": ""final""}, ""day"": {""from"": null, ""to"": null}}, ""target_result"": {""event_name"": ""Austrian Championships"", ""year"": 2023, ""athlete_name"": ""Charlize Mörz"", ""country"": ""AUT"", ""discipline"": ""WAG"", ""category"": ""senior"", ""apparatus"": ""VT"", ""vt_attempt"": 2, ""day"": null, ""format"": ""individual"", ""round"": ""final"", ""score"": 12.35, ""D_score"": 3.8, ""vault_attempt_order_uncertain"": true, ""source_sheet"": ""WAG"", ""source_row"": 2714, ""target_id"": ""target_c8a4b870418ca80b""}}]"
orphan_b934f3f1015721d0,missing_final_score_for_context,review,"The athlete/event exists, but not this apparatus/context.",WAG D,2454,Dutch EYOF Trials,2023,Chemene Lamaitre,NED,WAG,junior,VT,2,,individual,final,3.6,True,0,,,,,,,,,,,,,,,,,,,,[]
orphan_4906358318e844f1,missing_final_score_for_context,review,"The athlete/event exists, but not this apparatus/context.",WAG D,2480,Swiss Cup,2023,Chiaki Hatakeda,JPN,WAG,senior,VT,1,,individual,qualification,4.6,True,0,,,,,,,,,,,,,,,,,,,,[]
orphan_1a48ae1243bcb23e,missing_final_score_for_context,review,"The athlete/event exists, but not this apparatus/context.",WAG D,2480,Swiss Cup,2023,Chiaki Hatakeda,JPN,WAG,senior,VT,2,,individual,qualification,4.4,True,0,,,,,,,,,,,,,,,,,,,,[]
orphan_44b44606d669c7d1,missing_final_score_for_context,review,"The athlete/event exists, but not this apparatus/context.",WAG D,2486,Swiss Cup,2023,Chiaki Hatakeda,JPN,WAG,senior,VT,1,,apparatus,final,4.6,True,0,,,,,,,,,,,,,,,,,,,,[]
orphan_acd86ed305942eed,missing_final_score_for_context,review,"The athlete/event exists, but not this apparatus/context.",WAG D,2486,Swiss Cup,2023,Chiaki Hatakeda,JPN,WAG,senior,VT,2,,apparatus,final,4.4,True,0,,,,,,,,,,,,,,,,,,,,[]
orphan_88bd126773336613,athlete_missing_in_score_sheet,review,"The event/apparatus/context exists, but this athlete is missing in the score sheet.",WAG D,2578,Hungarian Championships,2023,Chloé Tolnai,HUN,WAG,senior,BB,,,individual,final,4.3,False,0,,,,,,,,,,,,,,,,,,,,[]
orphan_f6ead97f5937326a,athlete_missing_in_score_sheet,review,"The event/apparatus/context exists, but this athlete is missing in the score sheet.",WAG D,2578,Hungarian Championships,2023,Chloé Tolnai,HUN,WAG,senior,FX,,,individual,final,3.3,False,0,,,,,,,,,,,,,,,,,,,,[]
orphan_6ef5dd5bfc3cff18,athlete_missing_in_score_sheet,review,"The event/apparatus/context exists, but this athlete is missing in the score sheet.",WAG D,2578,Hungarian Championships,2023,Chloé Tolnai,HUN,WAG,senior,UB,,,individual,final,3.4,False,0,,,,,,,,,,,,,,,,,,,,[]
orphan_eccd54ae31375d46,athlete_missing_in_score_sheet,review,"The event/apparatus/context exists, but this athlete is missing in the score sheet.",WAG D,2578,Hungarian Championships,2023,Chloé Tolnai,HUN,WAG,senior,VT,1,,individual,final,2.0,True,0,,,,,,,,,,,,,,,,,,,,[]
orphan_6faf71f492517fbe,athlete_missing_in_score_sheet,review,"The event/apparatus/context exists, but this athlete is missing in the score sheet.",WAG D,2659,2nd Spanish League,2023,Clara Navarro,ESP,WAG,senior,BB,,,individual,final,4.0,False,0,,,,,,,,,,,,,,,,,,,,[]
orphan_204f4e12934435fb,athlete_missing_in_score_sheet,review,"The event/apparatus/context exists, but this athlete is missing in the score sheet.",WAG D,2659,2nd Spanish League,2023,Clara Navarro,ESP,WAG,senior,FX,,,individual,final,4.0,False,0,,,,,,,,,,,,,,,,,,,,[]
orphan_dd9f1849715d251c,athlete_missing_in_score_sheet,review,"The event/apparatus/context exists, but this athlete is missing in the score sheet.",WAG D,2659,2nd Spanish League,2023,Clara Navarro,ESP,WAG,senior,UB,,,individual,final,3.8,False,0,,,,,,,,,,,,,,,,,,,,[]
orphan_0a3eb15286d44594,athlete_missing_in_score_sheet,review,"The event/apparatus/context exists, but this athlete is missing in the score sheet.",WAG D,2659,2nd Spanish League,2023,Clara Navarro,ESP,WAG,senior,VT,1,,individual,final,3.2,True,0,,,,,,,,,,,,,,,,,,,,[]
orphan_94c52f874f841eb5,athlete_missing_in_score_sheet,review,"The event/apparatus/context exists, but this athlete is missing in the score sheet.",WAG D,2681,2nd Spanish League,2023,Claudia Boada,ESP,WAG,senior,BB,,,individual,final,4.7,False,0,,,,,,,,,,,,,,,,,,,,[]
orphan_ce2ee1ea71ab39f0,athlete_missing_in_score_sheet,review,"The event/apparatus/context exists, but this athlete is missing in the score sheet.",WAG D,2681,2nd Spanish League,2023,Claudia Boada,ESP,WAG,senior,FX,,,individual,final,3.8,False,0,,,,,,,,,,,,,,,,,,,,[]
orphan_d4129b6ba4e4c1cd,athlete_missing_in_score_sheet,review,"The event/apparatus/context exists, but this athlete is missing in the score sheet.",WAG D,2681,2nd Spanish League,2023,Claudia Boada,ESP,WAG,senior,UB,,,individual,final,2.3,False,0,,,,,,,,,,,,,,,,,,,,[]
orphan_7eedcf42c4ba4cec,athlete_missing_in_score_sheet,review,"The event/apparatus/context exists, but this athlete is missing in the score sheet.",WAG D,2681,2nd Spanish League,2023,Claudia Boada,ESP,WAG,senior,VT,1,,individual,final,3.2,True,0,,,,,,,,,,,,,,,,,,,,[]
orphan_ef122454be33fa20,athlete_missing_in_score_sheet,review,"The event/apparatus/context exists, but this athlete is missing in the score sheet.",WAG D,2702,3rd Spanish League,2023,Claudia Torrent,ESP,WAG,senior,BB,,,individual,final,4.6,False,0,,,,,,,,,,,,,,,,,,,,[]
orphan_20c04677285feb58,athlete_missing_in_score_sheet,review,"The event/apparatus/context exists, but this athlete is missing in the score sheet.",WAG D,2702,3rd Spanish League,2023,Claudia Torrent,ESP,WAG,senior,FX,,,individual,final,4.4,False,0,,,,,,,,,,,,,,,,,,,,[]
orphan_121214006c3d96e8,athlete_missing_in_score_sheet,review,"The event/apparatus/context exists, but this athlete is missing in the score sheet.",WAG D,2702,3rd Spanish League,2023,Claudia Torrent,ESP,WAG,senior,UB,,,individual,final,3.0,False,0,,,,,,,,,,,,,,,,,,,,[]
orphan_3140a13cf5c5a916,athlete_missing_in_score_sheet,review,"The event/apparatus/context exists, but this athlete is missing in the score sheet.",WAG D,2702,3rd Spanish League,2023,Claudia Torrent,ESP,WAG,senior,VT,1,,individual,final,3.6,True,0,,,,,,,,,,,,,,,,,,,,[]
orphan_28b6659e31d92a2c,athlete_missing_in_score_sheet,review,"The event/apparatus/context exists, but this athlete is missing in the score sheet.",WAG D,2703,2nd Spanish League,2023,Claudia Torrent,ESP,WAG,senior,BB,,,individual,final,4.0,False,0,,,,,,,,,,,,,,,,,,,,[]
orphan_f07efc0810096814,athlete_missing_in_score_sheet,review,"The event/apparatus/context exists, but this athlete is missing in the score sheet.",WAG D,2703,2nd Spanish League,2023,Claudia Torrent,ESP,WAG,senior,FX,,,individual,final,4.1,False,0,,,,,,,,,,,,,,,,,,,,[]
orphan_becaa22639a15041,athlete_missing_in_score_sheet,review,"The event/apparatus/context exists, but this athlete is missing in the score sheet.",WAG D,2703,2nd Spanish League,2023,Claudia Torrent,ESP,WAG,senior,UB,,,individual,final,4.0,False,0,,,,,,,,,,,,,,,,,,,,[]
orphan_beec5d0c02c1f17f,athlete_missing_in_score_sheet,review,"The event/apparatus/context exists, but this athlete is missing in the score sheet.",WAG D,2703,2nd Spanish League,2023,Claudia Torrent,ESP,WAG,senior,VT,1,,individual,final,3.6,True,0,,,,,,,,,,,,,,,,,,,,[]
orphan_271dad3faa57c2b9,missing_final_score_for_context,review,"The athlete/event exists, but not this apparatus/context.",WAG D,2800,Icelandic Championships,2023,Dagny Axelsdottir,ISL,WAG,senior,BB,,,individual,final,3.1,False,0,,,,,,,,,,,,,,,,,,,,[]
orphan_38130d6687f20c6e,athlete_missing_in_score_sheet,review,"The event/apparatus/context exists, but this athlete is missing in the score sheet.",WAG D,2823,1st Italian Serie A,2023,Dalila Boccanera,ITA,WAG,senior,BB,,,individual,final,4.3,False,0,,,,,,,,,,,,,,,,,,,,[]
orphan_1d3ea2e3717fb632,athlete_missing_in_score_sheet,review,"The event/apparatus/context exists, but this athlete is missing in the score sheet.",WAG D,2823,1st Italian Serie A,2023,Dalila Boccanera,ITA,WAG,senior,FX,,,individual,final,4.6,False,0,,,,,,,,,,,,,,,,,,,,[]
orphan_328ed8cb2e84dc78,athlete_missing_in_score_sheet,review,"The event/apparatus/context exists, but this athlete is missing in the score sheet.",WAG D,2823,1st Italian Serie A,2023,Dalila Boccanera,ITA,WAG,senior,UB,,,individual,final,3.8,False,0,,,,,,,,,,,,,,,,,,,,[]
orphan_6d8b6764c1337b41,athlete_missing_in_score_sheet,review,"The event/apparatus/context exists, but this athlete is missing in the score sheet.",WAG D,2823,1st Italian Serie A,2023,Dalila Boccanera,ITA,WAG,senior,VT,1,,individual,final,3.6,True,0,,,,,,,,,,,,,,,,,,,,[]
orphan_558a155631370318,athlete_missing_in_score_sheet,review,"The event/apparatus/context exists, but this athlete is missing in the score sheet.",WAG D,2824,2nd Italian Serie A,2023,Dalila Boccanera,ITA,WAG,senior,BB,,,individual,final,3.9,False,0,,,,,,,,,,,,,,,,,,,,[]
orphan_10e8938a545be434,athlete_missing_in_score_sheet,review,"The event/apparatus/context exists, but this athlete is missing in the score sheet.",WAG D,2824,2nd Italian Serie A,2023,Dalila Boccanera,ITA,WAG,senior,FX,,,individual,final,4.3,False,0,,,,,,,,,,,,,,,,,,,,[]
orphan_08c2ef1ac5725079,athlete_missing_in_score_sheet,review,"The event/apparatus/context exists, but this athlete is missing in the score sheet.",WAG D,2824,2nd Italian Serie A,2023,Dalila Boccanera,ITA,WAG,senior,VT,1,,individual,final,3.6,True,0,,,,,,,,,,,,,,,,,,,,[]
orphan_b5966dd715f330d5,athlete_missing_in_score_sheet,review,"The event/apparatus/context exists, but this athlete is missing in the score sheet.",WAG D,2825,3rd Italian Serie A,2023,Dalila Boccanera,ITA,WAG,senior,BB,,,individual,final,4.4,False,0,,,,,,,,,,,,,,,,,,,,[]
orphan_6552bcf3803314a9,athlete_missing_in_score_sheet,review,"The event/apparatus/context exists, but this athlete is missing in the score sheet.",WAG D,2825,3rd Italian Serie A,2023,Dalila Boccanera,ITA,WAG,senior,UB,,,individual,final,4.2,False,0,,,,,,,,,,,,,,,,,,,,[]
orphan_d765fb52f97ea5e0,athlete_missing_in_score_sheet,review,"The event/apparatus/context exists, but this athlete is missing in the score sheet.",WAG D,2825,3rd Italian Serie A,2023,Dalila Boccanera,ITA,WAG,senior,VT,1,,individual,final,3.6,True,0,,,,,,,,,,,,,,,,,,,,[]
orphan_c2113e61569ef74b,athlete_missing_in_score_sheet,review,"The event/apparatus/context exists, but this athlete is missing in the score sheet.",WAG D,2826,Italian Serie A Final Six,2023,Dalila Boccanera,ITA,WAG,senior,BB,,,individual,qualification,4.4,False,0,,,,,,,,,,,,,,,,,,,,[]
orphan_6aecdb12474f9ca6,missing_final_score_for_context,review,"The athlete/event exists, but not this apparatus/context.",WAG D,2981,Indian Junior Championships,2023,Diana Grace,IND,WAG,junior,VT,2,,individual,final,2.6,True,0,,,,,,,,,,,,,,,,,,,,[]
orphan_bf5227c78d76da98,missing_final_score_for_context,review,"The athlete/event exists, but not this apparatus/context.",WAG D,3068,Indian Junior Championships,2023,Drish Kaur,IND,WAG,junior,FX,,,individual,final,0.2,False,0,,,,,,,,,,,,,,,,,,,,[]
orphan_0c24695d22701d89,athlete_missing_in_score_sheet,review,"The event/apparatus/context exists, but this athlete is missing in the score sheet.",WAG D,3107,Top 12 Series 1,2023,Eden Desaulty,FRA,WAG,senior,BB,,,individual,final,4.8,False,0,,,,,,,,,,,,,,,,,,,,[]
orphan_3d7267d44e9a7d4b,athlete_missing_in_score_sheet,review,"The event/apparatus/context exists, but this athlete is missing in the score sheet.",WAG D,3107,Top 12 Series 1,2023,Eden Desaulty,FRA,WAG,senior,FX,,,individual,final,4.1,False,0,,,,,,,,,,,,,,,,,,,,[]
orphan_7cc12579ab84b74b,athlete_missing_in_score_sheet,review,"The event/apparatus/context exists, but this athlete is missing in the score sheet.",WAG D,3107,Top 12 Series 1,2023,Eden Desaulty,FRA,WAG,senior,UB,,,individual,final,2.8,False,0,,,,,,,,,,,,,,,,,,,,[]
orphan_e0faa470a1b1c7d8,athlete_missing_in_score_sheet,review,"The event/apparatus/context exists, but this athlete is missing in the score sheet.",WAG D,3107,Top 12 Series 1,2023,Eden Desaulty,FRA,WAG,senior,VT,1,,individual,final,3.0,True,0,,,,,,,,,,,,,,,,,,,,[]
orphan_b0f312ceb9008259,athlete_missing_in_score_sheet,review,"The event/apparatus/context exists, but this athlete is missing in the score sheet.",WAG D,3122,Junior World Championships,2023,Eduarda Montesino,BRA,WAG,junior,BB,,,individual,qualification,4.4,False,0,,,,,,,,,,,,,,,,,,,,[]
orphan_95e4f3d9fdfbe9ca,athlete_missing_in_score_sheet,review,"The event/apparatus/context exists, but this athlete is missing in the score sheet.",WAG D,3122,Junior World Championships,2023,Eduarda Montesino,BRA,WAG,junior,FX,,,individual,qualification,4.5,False,0,,,,,,,,,,,,,,,,,,,,[]
orphan_a86f66fad4e764cf,athlete_missing_in_score_sheet,review,"The event/apparatus/context exists, but this athlete is missing in the score sheet.",WAG D,3122,Junior World Championships,2023,Eduarda Montesino,BRA,WAG,junior,UB,,,individual,qualification,3.0,False,0,,,,,,,,,,,,,,,,,,,,[]
orphan_c49b16257493459d,athlete_missing_in_score_sheet,review,"The event/apparatus/context exists, but this athlete is missing in the score sheet.",WAG D,3122,Junior World Championships,2023,Eduarda Montesino,BRA,WAG,junior,VT,1,,individual,qualification,4.2,True,0,,,,,,,,,,,,,,,,,,,,[]
orphan_36d4d5833081e3ed,athlete_missing_in_score_sheet,review,"The event/apparatus/context exists, but this athlete is missing in the score sheet.",WAG D,3122,Junior World Championships,2023,Eduarda Montesino,BRA,WAG,junior,VT,2,,individual,qualification,3.2,True,0,,,,,,,,,,,,,,,,,,,,[]
orphan_578781f029e22d8a,missing_final_score_for_context,review,"The athlete/event exists, but not this apparatus/context.",WAG D,3139,Indian Junior Championships,2023,Ekam Kaur Brar,IND,WAG,junior,VT,2,,individual,final,2.4,True,0,,,,,,,,,,,,,,,,,,,,[]
orphan_0874c39cdc7ae7c9,missing_final_score_for_context,review,"The athlete/event exists, but not this apparatus/context.",WAG D,3196,Balkan Championships,2023,Elena Nikolova,BUL,WAG,junior,FX,,,individual,final,3.2,False,0,,,,,,,,,,,,,,,,,,,,[]
orphan_9c9b9e8590f91d6a,athlete_missing_in_score_sheet,review,"The event/apparatus/context exists, but this athlete is missing in the score sheet.",WAG D,3226,Spanish League Final,2023,Elia Ribas,ESP,WAG,senior,BB,,,individual,final,4.3,False,0,,,,,,,,,,,,,,,,,,,,[]
orphan_0c32e139a5265908,athlete_missing_in_score_sheet,review,"The event/apparatus/context exists, but this athlete is missing in the score sheet.",WAG D,3226,Spanish League Final,2023,Elia Ribas,ESP,WAG,senior,FX,,,individual,final,3.3,False,0,,,,,,,,,,,,,,,,,,,,[]
orphan_3436c2bc56270b10,athlete_missing_in_score_sheet,review,"The event/apparatus/context exists, but this athlete is missing in the score sheet.",WAG D,3226,Spanish League Final,2023,Elia Ribas,ESP,WAG,senior,UB,,,individual,final,4.0,False,0,,,,,,,,,,,,,,,,,,,,[]
orphan_52597e78ecd60a4b,athlete_missing_in_score_sheet,review,"The event/apparatus/context exists, but this athlete is missing in the score sheet.",WAG D,3226,Spanish League Final,2023,Elia Ribas,ESP,WAG,senior,VT,1,,individual,final,3.4,True,0,,,,,,,,,,,,,,,,,,,,[]
orphan_190de6b2b1fae2f2,athlete_missing_in_score_sheet,review,"The event/apparatus/context exists, but this athlete is missing in the score sheet.",WAG D,3227,3rd Spanish League,2023,Elia Ribas,ESP,WAG,senior,BB,,,individual,final,4.3,False,0,,,,,,,,,,,,,,,,,,,,[]
orphan_0b4a5db7f8bf8fd2,athlete_missing_in_score_sheet,review,"The event/apparatus/context exists, but this athlete is missing in the score sheet.",WAG D,3227,3rd Spanish League,2023,Elia Ribas,ESP,WAG,senior,UB,,,individual,final,4.0,False,0,,,,,,,,,,,,,,,,,,,,[]
orphan_9fc0a1aa3404bf21,athlete_missing_in_score_sheet,review,"The event/apparatus/context exists, but this athlete is missing in the score sheet.",WAG D,3228,2nd Spanish League,2023,Elia Ribas,ESP,WAG,senior,BB,,,individual,final,3.5,False,0,,,,,,,,,,,,,,,,,,,,[]
orphan_a61540ca70e8b069,athlete_missing_in_score_sheet,review,"The event/apparatus/context exists, but this athlete is missing in the score sheet.",WAG D,3228,2nd Spanish League,2023,Elia Ribas,ESP,WAG,senior,UB,,,individual,final,3.8,False,0,,,,,,,,,,,,,,,,,,,,[]
orphan_eaa1686a29e595cf,athlete_missing_in_score_sheet,review,"The event/apparatus/context exists, but this athlete is missing in the score sheet.",WAG D,3325,Hungarian Team Championships,2023,Eliska Piskova,CZE,WAG,junior,BB,,,individual,final,4.0,False,0,,,,,,,,,,,,,,,,,,,,[]
orphan_1e88db92c928e9b5,athlete_missing_in_score_sheet,review,"The event/apparatus/context exists, but this athlete is missing in the score sheet.",WAG D,3325,Hungarian Team Championships,2023,Eliska Piskova,CZE,WAG,junior,FX,,,individual,final,4.3,False,0,,,,,,,,,,,,,,,,,,,,[]
orphan_66db2ffa0a17be83,athlete_missing_in_score_sheet,review,"The event/apparatus/context exists, but this athlete is missing in the score sheet.",WAG D,3325,Hungarian Team Championships,2023,Eliska Piskova,CZE,WAG,junior,UB,,,individual,final,2.0,False,0,,,,,,,,,,,,,,,,,,,,[]
orphan_039b55a573e50677,athlete_missing_in_score_sheet,review,"The event/apparatus/context exists, but this athlete is missing in the score sheet.",WAG D,3325,Hungarian Team Championships,2023,Eliska Piskova,CZE,WAG,junior,VT,1,,individual,final,3.4,True,0,,,,,,,,,,,,,,,,,,,,[]
orphan_cbfcae9d17b40868,possible_event_name_mismatch,review,Possible event-name mismatch between the D sheet and the score sheet.,WAG D,3382,Norwegian FIG Meet 3,2023,Ella Søndenaa,NOR,WAG,senior,VT,2,,individual,final,2.4,True,1,suggestion_13a94c921727790f,event_name_correction,0.95,D-score event 'Norwegian FIG Meet 3' may match score-sheet event 'Norwegian FIG Meet 1'.,Norwegian FIG Meet 1,2023,Ella Søndenaa,NOR,WAG,senior,VT,2,,individual,final,10.45,1.6,WAG,3843,"[{""suggestion_id"": ""suggestion_13a94c921727790f"", ""suggestion_type"": ""event_name_correction"", ""confidence"": 0.95, ""message"": ""D-score event 'Norwegian FIG Meet 3' may match score-sheet event 'Norwegian FIG Meet 1'."", ""action"": ""attach_d_score_to_target_result"", ""changes"": {""event_name"": {""from"": ""Norwegian FIG Meet 3"", ""to"": ""Norwegian FIG Meet 1""}}, ""target_result"": {""event_name"": ""Norwegian FIG Meet 1"", ""year"": 2023, ""athlete_name"": ""Ella Søndenaa"", ""country"": ""NOR"", ""discipline"": ""WAG"", ""category"": ""senior"", ""apparatus"": ""VT"", ""vt_attempt"": 2, ""day"": null, ""format"": ""individual"", ""round"": ""final"", ""score"": 10.45, ""D_score"": 1.6, ""vault_attempt_order_uncertain"": true, ""source_sheet"": ""WAG"", ""source_row"": 3843, ""target_id"": ""target_a5682ad5a50e88e7""}}]"
orphan_6be676d98c52956d,athlete_missing_in_score_sheet,review,"The event/apparatus/context exists, but this athlete is missing in the score sheet.",WAG D,3476,Spanish League Final,2023,Elvira Ruiz-Fornells,ESP,WAG,senior,BB,,,individual,final,4.2,False,0,,,,,,,,,,,,,,,,,,,,[]
orphan_37c914b2e3468fc2,athlete_missing_in_score_sheet,review,"The event/apparatus/context exists, but this athlete is missing in the score sheet.",WAG D,3476,Spanish League Final,2023,Elvira Ruiz-Fornells,ESP,WAG,senior,FX,,,individual,final,4.5,False,0,,,,,,,,,,,,,,,,,,,,[]
orphan_2b64258cc88be4cf,athlete_missing_in_score_sheet,review,"The event/apparatus/context exists, but this athlete is missing in the score sheet.",WAG D,3476,Spanish League Final,2023,Elvira Ruiz-Fornells,ESP,WAG,senior,UB,,,individual,final,3.3,False,0,,,,,,,,,,,,,,,,,,,,[]
orphan_6641e2fc20f70e82,athlete_missing_in_score_sheet,review,"The event/apparatus/context exists, but this athlete is missing in the score sheet.",WAG D,3476,Spanish League Final,2023,Elvira Ruiz-Fornells,ESP,WAG,senior,VT,1,,individual,final,3.4,True,0,,,,,,,,,,,,,,,,,,,,[]
orphan_b17893c7e60ab465,athlete_missing_in_score_sheet,review,"The event/apparatus/context exists, but this athlete is missing in the score sheet.",WAG D,3477,2nd Spanish League,2023,Elvira Ruiz-Fornells,ESP,WAG,senior,BB,,,individual,final,4.7,False,0,,,,,,,,,,,,,,,,,,,,[]
orphan_150e4f09de0c9c12,athlete_missing_in_score_sheet,review,"The event/apparatus/context exists, but this athlete is missing in the score sheet.",WAG D,3477,2nd Spanish League,2023,Elvira Ruiz-Fornells,ESP,WAG,senior,FX,,,individual,final,4.4,False,0,,,,,,,,,,,,,,,,,,,,[]
orphan_18ac5743efbdc96b,athlete_missing_in_score_sheet,review,"The event/apparatus/context exists, but this athlete is missing in the score sheet.",WAG D,3477,2nd Spanish League,2023,Elvira Ruiz-Fornells,ESP,WAG,senior,VT,1,,individual,final,3.4,True,0,,,,,,,,,,,,,,,,,,,,[]
orphan_bbf221b53e6050f3,athlete_missing_in_score_sheet,review,"The event/apparatus/context exists, but this athlete is missing in the score sheet.",WAG D,3478,3rd Spanish League,2023,Elvira Ruiz-Fornells,ESP,WAG,senior,BB,,,individual,final,4.8,False,0,,,,,,,,,,,,,,,,,,,,[]
orphan_04cbba689250b11e,athlete_missing_in_score_sheet,review,"The event/apparatus/context exists, but this athlete is missing in the score sheet.",WAG D,3478,3rd Spanish League,2023,Elvira Ruiz-Fornells,ESP,WAG,senior,FX,,,individual,final,3.8,False,0,,,,,,,,,,,,,,,,,,,,[]
orphan_e480cea73be97ab1,athlete_missing_in_score_sheet,review,"The event/apparatus/context exists, but this athlete is missing in the score sheet.",WAG D,3478,3rd Spanish League,2023,Elvira Ruiz-Fornells,ESP,WAG,senior,UB,,,individual,final,3.0,False,0,,,,,,,,,,,,,,,,,,,,[]
orphan_988dc0c6383af953,athlete_missing_in_score_sheet,review,"The event/apparatus/context exists, but this athlete is missing in the score sheet.",WAG D,3478,3rd Spanish League,2023,Elvira Ruiz-Fornells,ESP,WAG,senior,VT,1,,individual,final,3.4,True,0,,,,,,,,,,,,,,,,,,,,[]
orphan_d950c12844191e7d,athlete_missing_in_score_sheet,review,"The event/apparatus/context exists, but this athlete is missing in the score sheet.",WAG D,3608,2nd Italian Serie A,2023,Emma Furno,ITA,WAG,senior,FX,,,individual,final,4.2,False,0,,,,,,,,,,,,,,,,,,,,[]
orphan_87edce260e52066a,athlete_missing_in_score_sheet,review,"The event/apparatus/context exists, but this athlete is missing in the score sheet.",WAG D,3608,2nd Italian Serie A,2023,Emma Furno,ITA,WAG,senior,UB,,,individual,final,4.7,False,0,,,,,,,,,,,,,,,,,,,,[]
orphan_e8e074bf113dea6e,athlete_missing_in_score_sheet,review,"The event/apparatus/context exists, but this athlete is missing in the score sheet.",WAG D,3608,2nd Italian Serie A,2023,Emma Furno,ITA,WAG,senior,VT,1,,individual,final,3.2,True,0,,,,,,,,,,,,,,,,,,,,[]
orphan_b7a26164a5c2a56c,athlete_missing_in_score_sheet,review,"The event/apparatus/context exists, but this athlete is missing in the score sheet.",WAG D,3609,1st Italian Serie A,2023,Emma Furno,ITA,WAG,senior,FX,,,individual,final,4.1,False,0,,,,,,,,,,,,,,,,,,,,[]
orphan_8e23dc04f441d748,athlete_missing_in_score_sheet,review,"The event/apparatus/context exists, but this athlete is missing in the score sheet.",WAG D,3609,1st Italian Serie A,2023,Emma Furno,ITA,WAG,senior,UB,,,individual,final,4.7,False,0,,,,,,,,,,,,,,,,,,,,[]
orphan_a9221330698212d0,athlete_missing_in_score_sheet,review,"The event/apparatus/context exists, but this athlete is missing in the score sheet.",WAG D,3609,1st Italian Serie A,2023,Emma Furno,ITA,WAG,senior,VT,1,,individual,final,3.2,True,0,,,,,,,,,,,,,,,,,,,,[]
orphan_02decc4434464dc4,athlete_missing_in_score_sheet,review,"The event/apparatus/context exists, but this athlete is missing in the score sheet.",WAG D,3610,3rd Italian Serie A,2023,Emma Furno,ITA,WAG,senior,UB,,,individual,final,4.7,False,0,,,,,,,,,,,,,,,,,,,,[]
orphan_5f25f1a3a85041f9,athlete_missing_in_score_sheet,review,"The event/apparatus/context exists, but this athlete is missing in the score sheet.",WAG D,3623,2nd Italian Serie A,2023,Emma Gubbiotti,ITA,WAG,senior,BB,,,individual,final,4.8,False,0,,,,,,,,,,,,,,,,,,,,[]
orphan_2b1720e037748994,athlete_missing_in_score_sheet,review,"The event/apparatus/context exists, but this athlete is missing in the score sheet.",WAG D,3623,2nd Italian Serie A,2023,Emma Gubbiotti,ITA,WAG,senior,FX,,,individual,final,4.3,False,0,,,,,,,,,,,,,,,,,,,,[]
orphan_ec6ad240159ad740,athlete_missing_in_score_sheet,review,"The event/apparatus/context exists, but this athlete is missing in the score sheet.",WAG D,3623,2nd Italian Serie A,2023,Emma Gubbiotti,ITA,WAG,senior,UB,,,individual,final,3.8,False,0,,,,,,,,,,,,,,,,,,,,[]
orphan_b54a116d9153bc20,athlete_missing_in_score_sheet,review,"The event/apparatus/context exists, but this athlete is missing in the score sheet.",WAG D,3623,2nd Italian Serie A,2023,Emma Gubbiotti,ITA,WAG,senior,VT,1,,individual,final,3.6,True,0,,,,,,,,,,,,,,,,,,,,[]
orphan_dfcd56d4b9fe0ba6,athlete_missing_in_score_sheet,review,"The event/apparatus/context exists, but this athlete is missing in the score sheet.",WAG D,3624,3rd Italian Serie A,2023,Emma Gubbiotti,ITA,WAG,senior,BB,,,individual,final,4.7,False,0,,,,,,,,,,,,,,,,,,,,[]
orphan_f70bcd75b2bb310d,athlete_missing_in_score_sheet,review,"The event/apparatus/context exists, but this athlete is missing in the score sheet.",WAG D,3624,3rd Italian Serie A,2023,Emma Gubbiotti,ITA,WAG,senior,FX,,,individual,final,4.1,False,0,,,,,,,,,,,,,,,,,,,,[]
orphan_e3f2b31a8186d6df,athlete_missing_in_score_sheet,review,"The event/apparatus/context exists, but this athlete is missing in the score sheet.",WAG D,3624,3rd Italian Serie A,2023,Emma Gubbiotti,ITA,WAG,senior,UB,,,individual,final,4.5,False,0,,,,,,,,,,,,,,,,,,,,[]
orphan_b6c04ea92c46ba18,athlete_missing_in_score_sheet,review,"The event/apparatus/context exists, but this athlete is missing in the score sheet.",WAG D,3624,3rd Italian Serie A,2023,Emma Gubbiotti,ITA,WAG,senior,VT,1,,individual,final,3.0,True,0,,,,,,,,,,,,,,,,,,,,[]
orphan_145d22353b5a00c8,athlete_missing_in_score_sheet,review,"The event/apparatus/context exists, but this athlete is missing in the score sheet.",WAG D,3625,1st Italian Serie A,2023,Emma Gubbiotti,ITA,WAG,senior,BB,,,individual,final,4.6,False,0,,,,,,,,,,,,,,,,,,,,[]
orphan_60b9e6cdcf3de420,athlete_missing_in_score_sheet,review,"The event/apparatus/context exists, but this athlete is missing in the score sheet.",WAG D,3625,1st Italian Serie A,2023,Emma Gubbiotti,ITA,WAG,senior,FX,,,individual,final,4.1,False,0,,,,,,,,,,,,,,,,,,,,[]
orphan_3cb4fdb134c4825b,athlete_missing_in_score_sheet,review,"The event/apparatus/context exists, but this athlete is missing in the score sheet.",WAG D,3625,1st Italian Serie A,2023,Emma Gubbiotti,ITA,WAG,senior,UB,,,individual,final,3.8,False,0,,,,,,,,,,,,,,,,,,,,[]
orphan_6a7eb80f8f6f8bbe,athlete_missing_in_score_sheet,review,"The event/apparatus/context exists, but this athlete is missing in the score sheet.",WAG D,3625,1st Italian Serie A,2023,Emma Gubbiotti,ITA,WAG,senior,VT,1,,individual,final,3.6,True,0,,,,,,,,,,,,,,,,,,,,[]
orphan_7ca1fa95e6c39e94,athlete_missing_in_score_sheet,review,"The event/apparatus/context exists, but this athlete is missing in the score sheet.",WAG D,3626,Italian Championships,2023,Emma Gubbiotti,ITA,WAG,senior,BB,,,individual,final,4.6,False,0,,,,,,,,,,,,,,,,,,,,[]
orphan_784d6161e1a552b5,athlete_missing_in_score_sheet,review,"The event/apparatus/context exists, but this athlete is missing in the score sheet.",WAG D,3627,Italian Championships,2023,Emma Gubbiotti,ITA,WAG,senior,BB,,,individual,qualification,4.2,False,0,,,,,,,,,,,,,,,,,,,,[]
orphan_bf360209a523de68,athlete_missing_in_score_sheet,review,"The event/apparatus/context exists, but this athlete is missing in the score sheet.",WAG D,3677,2nd Italian Serie A,2023,Emma Puato,ITA,WAG,senior,BB,,,individual,final,4.6,False,0,,,,,,,,,,,,,,,,,,,,[]
orphan_4da244891f69ba1a,athlete_missing_in_score_sheet,review,"The event/apparatus/context exists, but this athlete is missing in the score sheet.",WAG D,3677,2nd Italian Serie A,2023,Emma Puato,ITA,WAG,senior,FX,,,individual,final,4.6,False,0,,,,,,,,,,,,,,,,,,,,[]
orphan_5e9134b484ff2931,athlete_missing_in_score_sheet,review,"The event/apparatus/context exists, but this athlete is missing in the score sheet.",WAG D,3677,2nd Italian Serie A,2023,Emma Puato,ITA,WAG,senior,VT,1,,individual,final,4.2,True,0,,,,,,,,,,,,,,,,,,,,[]
orphan_829876120a91e6bb,athlete_missing_in_score_sheet,review,"The event/apparatus/context exists, but this athlete is missing in the score sheet.",WAG D,3678,1st Italian Serie A,2023,Emma Puato,ITA,WAG,senior,BB,,,individual,final,4.0,False,0,,,,,,,,,,,,,,,,,,,,[]
orphan_e151ce94ea5d36f8,athlete_missing_in_score_sheet,review,"The event/apparatus/context exists, but this athlete is missing in the score sheet.",WAG D,3820,1st Italian Serie A,2023,Ester Brioschi,ITA,WAG,senior,BB,,,individual,final,4.2,False,0,,,,,,,,,,,,,,,,,,,,[]
orphan_bf1358b3747f65f0,athlete_missing_in_score_sheet,review,"The event/apparatus/context exists, but this athlete is missing in the score sheet.",WAG D,3820,1st Italian Serie A,2023,Ester Brioschi,ITA,WAG,senior,FX,,,individual,final,4.5,False,0,,,,,,,,,,,,,,,,,,,,[]
orphan_1bd2138b13e16b1e,athlete_missing_in_score_sheet,review,"The event/apparatus/context exists, but this athlete is missing in the score sheet.",WAG D,3820,1st Italian Serie A,2023,Ester Brioschi,ITA,WAG,senior,UB,,,individual,final,3.3,False,0,,,,,,,,,,,,,,,,,,,,[]
orphan_1271bef798548cb2,athlete_missing_in_score_sheet,review,"The event/apparatus/context exists, but this athlete is missing in the score sheet.",WAG D,3820,1st Italian Serie A,2023,Ester Brioschi,ITA,WAG,senior,VT,1,,individual,final,3.6,True,0,,,,,,,,,,,,,,,,,,,,[]
orphan_cc775474b6bfd7f3,athlete_missing_in_score_sheet,review,"The event/apparatus/context exists, but this athlete is missing in the score sheet.",WAG D,3821,3rd Italian Serie A,2023,Ester Brioschi,ITA,WAG,senior,FX,,,individual,final,3.6,False,0,,,,,,,,,,,,,,,,,,,,[]
orphan_af61aa9bc3d771e1,athlete_missing_in_score_sheet,review,"The event/apparatus/context exists, but this athlete is missing in the score sheet.",WAG D,3821,3rd Italian Serie A,2023,Ester Brioschi,ITA,WAG,senior,VT,1,,individual,final,3.2,True,0,,,,,,,,,,,,,,,,,,,,[]
orphan_9a0edd220d07d932,athlete_missing_in_score_sheet,review,"The event/apparatus/context exists, but this athlete is missing in the score sheet.",WAG D,3822,2nd Italian Serie A,2023,Ester Brioschi,ITA,WAG,senior,VT,1,,individual,final,3.2,True,0,,,,,,,,,,,,,,,,,,,,[]
orphan_89efe6eaeb71619f,athlete_missing_in_score_sheet,review,"The event/apparatus/context exists, but this athlete is missing in the score sheet.",WAG D,4016,Junior World Championships,2023,Feyza Selen Gürener,TUR,WAG,junior,BB,,,individual,qualification,4.0,False,0,,,,,,,,,,,,,,,,,,,,[]
orphan_c99fe36cd420dc54,athlete_missing_in_score_sheet,review,"The event/apparatus/context exists, but this athlete is missing in the score sheet.",WAG D,4016,Junior World Championships,2023,Feyza Selen Gürener,TUR,WAG,junior,FX,,,individual,qualification,4.2,False,0,,,,,,,,,,,,,,,,,,,,[]
orphan_d59595b009c4056c,athlete_missing_in_score_sheet,review,"The event/apparatus/context exists, but this athlete is missing in the score sheet.",WAG D,4016,Junior World Championships,2023,Feyza Selen Gürener,TUR,WAG,junior,UB,,,individual,qualification,1.3,False,0,,,,,,,,,,,,,,,,,,,,[]
orphan_fc853db49ccc44db,athlete_missing_in_score_sheet,review,"The event/apparatus/context exists, but this athlete is missing in the score sheet.",WAG D,4016,Junior World Championships,2023,Feyza Selen Gürener,TUR,WAG,junior,VT,1,,individual,qualification,3.4,True,0,,,,,,,,,,,,,,,,,,,,[]
orphan_bc68ba60e580bb27,missing_final_score_for_context,review,"The athlete/event exists, but not this apparatus/context.",WAG D,4338,Northern European Championships,2023,Georgia Price,GBR,WAG,senior,VT,2,,individual,final,3.0,True,0,,,,,,,,,,,,,,,,,,,,[]
orphan_505dea5bbe93797b,athlete_missing_in_score_sheet,review,"The event/apparatus/context exists, but this athlete is missing in the score sheet.",WAG D,4433,3rd Italian Serie A,2023,Giorgia Castoldi,ITA,WAG,senior,BB,,,individual,final,4.3,False,0,,,,,,,,,,,,,,,,,,,,[]
orphan_4236059e6063dab8,athlete_missing_in_score_sheet,review,"The event/apparatus/context exists, but this athlete is missing in the score sheet.",WAG D,4433,3rd Italian Serie A,2023,Giorgia Castoldi,ITA,WAG,senior,FX,,,individual,final,5.0,False,0,,,,,,,,,,,,,,,,,,,,[]
orphan_ce17b4d9953bec11,athlete_missing_in_score_sheet,review,"The event/apparatus/context exists, but this athlete is missing in the score sheet.",WAG D,4434,2nd Italian Serie A,2023,Giorgia Castoldi,ITA,WAG,senior,BB,,,individual,final,4.3,False,0,,,,,,,,,,,,,,,,,,,,[]
orphan_80c01e7619d8e59c,athlete_missing_in_score_sheet,review,"The event/apparatus/context exists, but this athlete is missing in the score sheet.",WAG D,4434,2nd Italian Serie A,2023,Giorgia Castoldi,ITA,WAG,senior,FX,,,individual,final,4.9,False,0,,,,,,,,,,,,,,,,,,,,[]
orphan_c36d7d9bc6099069,athlete_missing_in_score_sheet,review,"The event/apparatus/context exists, but this athlete is missing in the score sheet.",WAG D,4435,1st Italian Serie A,2023,Giorgia Castoldi,ITA,WAG,senior,BB,,,individual,final,4.2,False,0,,,,,,,,,,,,,,,,,,,,[]
orphan_56635c06152f0842,athlete_missing_in_score_sheet,review,"The event/apparatus/context exists, but this athlete is missing in the score sheet.",WAG D,4435,1st Italian Serie A,2023,Giorgia Castoldi,ITA,WAG,senior,FX,,,individual,final,4.3,False,0,,,,,,,,,,,,,,,,,,,,[]
orphan_c869488d8c47fd75,athlete_missing_in_score_sheet,review,"The event/apparatus/context exists, but this athlete is missing in the score sheet.",WAG D,4484,2nd Italian Serie A,2023,Giulia Antoniotti,ITA,WAG,senior,BB,,,individual,final,4.5,False,0,,,,,,,,,,,,,,,,,,,,[]
orphan_eda1b47ef6c165d9,athlete_missing_in_score_sheet,review,"The event/apparatus/context exists, but this athlete is missing in the score sheet.",WAG D,4484,2nd Italian Serie A,2023,Giulia Antoniotti,ITA,WAG,senior,FX,,,individual,final,4.4,False,0,,,,,,,,,,,,,,,,,,,,[]
orphan_fa67f23d90612504,athlete_missing_in_score_sheet,review,"The event/apparatus/context exists, but this athlete is missing in the score sheet.",WAG D,4484,2nd Italian Serie A,2023,Giulia Antoniotti,ITA,WAG,senior,UB,,,individual,final,4.3,False,0,,,,,,,,,,,,,,,,,,,,[]
orphan_d5b8138713fc877a,athlete_missing_in_score_sheet,review,"The event/apparatus/context exists, but this athlete is missing in the score sheet.",WAG D,4484,2nd Italian Serie A,2023,Giulia Antoniotti,ITA,WAG,senior,VT,1,,individual,final,4.2,True,0,,,,,,,,,,,,,,,,,,,,[]
orphan_80da51e1d563b15f,athlete_missing_in_score_sheet,review,"The event/apparatus/context exists, but this athlete is missing in the score sheet.",WAG D,4485,1st Italian Serie A,2023,Giulia Antoniotti,ITA,WAG,senior,BB,,,individual,final,4.6,False,0,,,,,,,,,,,,,,,,,,,,[]
orphan_8d5ac4f402cb7613,athlete_missing_in_score_sheet,review,"The event/apparatus/context exists, but this athlete is missing in the score sheet.",WAG D,4485,1st Italian Serie A,2023,Giulia Antoniotti,ITA,WAG,senior,FX,,,individual,final,4.3,False,0,,,,,,,,,,,,,,,,,,,,[]
orphan_f6238bd67e9bb45b,athlete_missing_in_score_sheet,review,"The event/apparatus/context exists, but this athlete is missing in the score sheet.",WAG D,4485,1st Italian Serie A,2023,Giulia Antoniotti,ITA,WAG,senior,UB,,,individual,final,4.3,False,0,,,,,,,,,,,,,,,,,,,,[]
orphan_e0d6add9fd4b0c4c,athlete_missing_in_score_sheet,review,"The event/apparatus/context exists, but this athlete is missing in the score sheet.",WAG D,4485,1st Italian Serie A,2023,Giulia Antoniotti,ITA,WAG,senior,VT,1,,individual,final,4.2,True,0,,,,,,,,,,,,,,,,,,,,[]
orphan_9bbdf99d4b96daad,missing_final_score_for_context,review,"The athlete/event exists, but not this apparatus/context.",WAG D,4512,2nd Italian Serie A,2023,Giulia Leone,ITA,WAG,senior,VT,1,,individual,final,3.6,True,0,,,,,,,,,,,,,,,,,,,,[]
orphan_e31606a100ac8d4a,athlete_missing_in_score_sheet,review,"The event/apparatus/context exists, but this athlete is missing in the score sheet.",WAG D,4607,2nd Italian Serie A,2023,Greta Pomponi,ITA,WAG,senior,UB,,,individual,final,3.1,False,0,,,,,,,,,,,,,,,,,,,,[]
orphan_0d7f605e79e82ec6,athlete_missing_in_score_sheet,review,"The event/apparatus/context exists, but this athlete is missing in the score sheet.",WAG D,4613,3rd Italian Serie A,2023,Greta Rapanotti,ITA,WAG,senior,BB,,,individual,final,5.1,False,0,,,,,,,,,,,,,,,,,,,,[]
orphan_e3189bbcf28b4cf2,athlete_missing_in_score_sheet,review,"The event/apparatus/context exists, but this athlete is missing in the score sheet.",WAG D,4613,3rd Italian Serie A,2023,Greta Rapanotti,ITA,WAG,senior,FX,,,individual,final,4.6,False,0,,,,,,,,,,,,,,,,,,,,[]
orphan_23781623b4039233,athlete_missing_in_score_sheet,review,"The event/apparatus/context exists, but this athlete is missing in the score sheet.",WAG D,4613,3rd Italian Serie A,2023,Greta Rapanotti,ITA,WAG,senior,UB,,,individual,final,4.5,False,0,,,,,,,,,,,,,,,,,,,,[]
orphan_8d137e682c431134,athlete_missing_in_score_sheet,review,"The event/apparatus/context exists, but this athlete is missing in the score sheet.",WAG D,4613,3rd Italian Serie A,2023,Greta Rapanotti,ITA,WAG,senior,VT,1,,individual,final,4.2,True,0,,,,,,,,,,,,,,,,,,,,[]
orphan_46ac0031fe101e02,athlete_missing_in_score_sheet,review,"The event/apparatus/context exists, but this athlete is missing in the score sheet.",WAG D,4614,1st Italian Serie A,2023,Greta Rapanotti,ITA,WAG,senior,BB,,,individual,final,5.2,False,0,,,,,,,,,,,,,,,,,,,,[]
orphan_9a0b762cfa6fe597,athlete_missing_in_score_sheet,review,"The event/apparatus/context exists, but this athlete is missing in the score sheet.",WAG D,4614,1st Italian Serie A,2023,Greta Rapanotti,ITA,WAG,senior,FX,,,individual,final,4.5,False,0,,,,,,,,,,,,,,,,,,,,[]
orphan_97856f16aac49ba0,athlete_missing_in_score_sheet,review,"The event/apparatus/context exists, but this athlete is missing in the score sheet.",WAG D,4614,1st Italian Serie A,2023,Greta Rapanotti,ITA,WAG,senior,UB,,,individual,final,4.4,False,0,,,,,,,,,,,,,,,,,,,,[]
orphan_2e8ed35d41ca0339,athlete_missing_in_score_sheet,review,"The event/apparatus/context exists, but this athlete is missing in the score sheet.",WAG D,4614,1st Italian Serie A,2023,Greta Rapanotti,ITA,WAG,senior,VT,1,,individual,final,4.2,True,0,,,,,,,,,,,,,,,,,,,,[]
orphan_c2122b96468b99a6,athlete_missing_in_score_sheet,review,"The event/apparatus/context exists, but this athlete is missing in the score sheet.",WAG D,4615,2nd Italian Serie A,2023,Greta Rapanotti,ITA,WAG,senior,BB,,,individual,final,5.1,False,0,,,,,,,,,,,,,,,,,,,,[]
orphan_225791b8d780c365,athlete_missing_in_score_sheet,review,"The event/apparatus/context exists, but this athlete is missing in the score sheet.",WAG D,4615,2nd Italian Serie A,2023,Greta Rapanotti,ITA,WAG,senior,FX,,,individual,final,4.4,False,0,,,,,,,,,,,,,,,,,,,,[]
orphan_2064bce476c40833,athlete_missing_in_score_sheet,review,"The event/apparatus/context exists, but this athlete is missing in the score sheet.",WAG D,4615,2nd Italian Serie A,2023,Greta Rapanotti,ITA,WAG,senior,UB,,,individual,final,4.3,False,0,,,,,,,,,,,,,,,,,,,,[]
orphan_9af57921d2657f41,athlete_missing_in_score_sheet,review,"The event/apparatus/context exists, but this athlete is missing in the score sheet.",WAG D,4615,2nd Italian Serie A,2023,Greta Rapanotti,ITA,WAG,senior,VT,1,,individual,final,4.2,True,0,,,,,,,,,,,,,,,,,,,,[]
orphan_4185dd52a400cc8c,athlete_missing_in_score_sheet,review,"The event/apparatus/context exists, but this athlete is missing in the score sheet.",WAG D,4616,Italian Serie A Final Six,2023,Greta Rapanotti,ITA,WAG,senior,FX,,,individual,qualification,4.2,False,0,,,,,,,,,,,,,,,,,,,,[]
orphan_80fae080a97852f2,athlete_missing_in_score_sheet,review,"The event/apparatus/context exists, but this athlete is missing in the score sheet.",WAG D,4639,Chinese Championships,2023,Guo Jingjing,CHN,WAG,senior,UB,,,team,final,4.3,False,0,,,,,,,,,,,,,,,,,,,,[]
orphan_e53d3bc792c0391d,missing_final_score_for_context,review,"The athlete/event exists, but not this apparatus/context.",WAG D,4641,Indian Junior Championships,2023,Gurnoor Kaur,IND,WAG,junior,VT,2,,individual,final,2.4,True,0,,,,,,,,,,,,,,,,,,,,[]
orphan_cbd9c4424687a5ce,possible_context_mismatch,review,"Possible format, round, or day mismatch.",WAG D,4800,EYOF Mixed Pairs,2023,Helen Kevric,GER,WAG,junior,VT,1,,apparatus,final,5.0,True,1,suggestion_3016db59d974ed47,context_correction,0.65,"Same athlete/event/apparatus exists in the score sheet, but format, round, or day is different.",EYOF Mixed Pairs,2023,Helen Kevric,GER,WAG,junior,VT,1,,individual,qualification,13.3,4.2,WAG,5337,"[{""suggestion_id"": ""suggestion_3016db59d974ed47"", ""suggestion_type"": ""context_correction"", ""confidence"": 0.65, ""message"": ""Same athlete/event/apparatus exists in the score sheet, but format, round, or day is different."", ""action"": ""attach_d_score_to_target_result"", ""changes"": {""format"": {""from"": ""apparatus"", ""to"": ""individual""}, ""round"": {""from"": ""final"", ""to"": ""qualification""}, ""day"": {""from"": null, ""to"": null}}, ""target_result"": {""event_name"": ""EYOF Mixed Pairs"", ""year"": 2023, ""athlete_name"": ""Helen Kevric"", ""country"": ""GER"", ""discipline"": ""WAG"", ""category"": ""junior"", ""apparatus"": ""VT"", ""vt_attempt"": 1, ""day"": null, ""format"": ""individual"", ""round"": ""qualification"", ""score"": 13.3, ""D_score"": 4.2, ""vault_attempt_order_uncertain"": true, ""source_sheet"": ""WAG"", ""source_row"": 5337, ""target_id"": ""target_59c91e2044b95fe2""}}]"
orphan_902bdb945172f1ee,missing_final_score_for_context,review,"The athlete/event exists, but not this apparatus/context.",WAG D,4800,EYOF Mixed Pairs,2023,Helen Kevric,GER,WAG,junior,VT,2,,apparatus,final,4.2,True,0,,,,,,,,,,,,,,,,,,,,[]
orphan_b3ed513c7b8ce565,possible_athlete_name_typo,review,Possible athlete-name typo between the D sheet and the score sheet.,WAG D,5009,3rd Italian Serie A,2023,Ines del Bo,ITA,WAG,senior,BB,,,individual,final,3.7,False,1,suggestion_112d7a8fcdf715f9,athlete_name_correction,0.909,D-score athlete 'Ines del Bo' probably matches score-sheet athlete 'Ines del Bò'.,3rd Italian Serie A,2023,Ines del Bò,ITA,WAG,senior,BB,,,individual,final,10.1,,WAG,5582,"[{""suggestion_id"": ""suggestion_112d7a8fcdf715f9"", ""suggestion_type"": ""athlete_name_correction"", ""confidence"": 0.909, ""message"": ""D-score athlete 'Ines del Bo' probably matches score-sheet athlete 'Ines del Bò'."", ""action"": ""attach_d_score_to_target_result"", ""changes"": {""athlete_name"": {""from"": ""Ines del Bo"", ""to"": ""Ines del Bò""}}, ""target_result"": {""event_name"": ""3rd Italian Serie A"", ""year"": 2023, ""athlete_name"": ""Ines del Bò"", ""country"": ""ITA"", ""discipline"": ""WAG"", ""category"": ""senior"", ""apparatus"": ""BB"", ""vt_attempt"": null, ""day"": null, ""format"": ""individual"", ""round"": ""final"", ""score"": 10.1, ""D_score"": null, ""vault_attempt_order_uncertain"": false, ""source_sheet"": ""WAG"", ""source_row"": 5582, ""target_id"": ""target_5a2354771423eb54""}}]"
orphan_04c9ec2a0ee83539,possible_athlete_name_typo,review,Possible athlete-name typo between the D sheet and the score sheet.,WAG D,5009,3rd Italian Serie A,2023,Ines del Bo,ITA,WAG,senior,UB,,,individual,final,2.9,False,1,suggestion_62085ee6666d4043,athlete_name_correction,0.909,D-score athlete 'Ines del Bo' probably matches score-sheet athlete 'Ines del Bò'.,3rd Italian Serie A,2023,Ines del Bò,ITA,WAG,senior,UB,,,individual,final,10.4,,WAG,5582,"[{""suggestion_id"": ""suggestion_62085ee6666d4043"", ""suggestion_type"": ""athlete_name_correction"", ""confidence"": 0.909, ""message"": ""D-score athlete 'Ines del Bo' probably matches score-sheet athlete 'Ines del Bò'."", ""action"": ""attach_d_score_to_target_result"", ""changes"": {""athlete_name"": {""from"": ""Ines del Bo"", ""to"": ""Ines del Bò""}}, ""target_result"": {""event_name"": ""3rd Italian Serie A"", ""year"": 2023, ""athlete_name"": ""Ines del Bò"", ""country"": ""ITA"", ""discipline"": ""WAG"", ""category"": ""senior"", ""apparatus"": ""UB"", ""vt_attempt"": null, ""day"": null, ""format"": ""individual"", ""round"": ""final"", ""score"": 10.4, ""D_score"": null, ""vault_attempt_order_uncertain"": false, ""source_sheet"": ""WAG"", ""source_row"": 5582, ""target_id"": ""target_fddbdc648a3bff5c""}}]"
orphan_2cd93a4d6421b9e9,possible_athlete_name_typo,review,Possible athlete-name typo between the D sheet and the score sheet.,WAG D,5010,2nd Italian Serie A,2023,Ines del Bo,ITA,WAG,senior,UB,,,individual,final,2.8,False,1,suggestion_4a1983b1a8d08dfa,athlete_name_correction,0.909,D-score athlete 'Ines del Bo' probably matches score-sheet athlete 'Ines del Bò'.,2nd Italian Serie A,2023,Ines del Bò,ITA,WAG,senior,UB,,,individual,final,10.0,,WAG,5583,"[{""suggestion_id"": ""suggestion_4a1983b1a8d08dfa"", ""suggestion_type"": ""athlete_name_correction"", ""confidence"": 0.909, ""message"": ""D-score athlete 'Ines del Bo' probably matches score-sheet athlete 'Ines del Bò'."", ""action"": ""attach_d_score_to_target_result"", ""changes"": {""athlete_name"": {""from"": ""Ines del Bo"", ""to"": ""Ines del Bò""}}, ""target_result"": {""event_name"": ""2nd Italian Serie A"", ""year"": 2023, ""athlete_name"": ""Ines del Bò"", ""country"": ""ITA"", ""discipline"": ""WAG"", ""category"": ""senior"", ""apparatus"": ""UB"", ""vt_attempt"": null, ""day"": null, ""format"": ""individual"", ""round"": ""final"", ""score"": 10.0, ""D_score"": null, ""vault_attempt_order_uncertain"": false, ""source_sheet"": ""WAG"", ""source_row"": 5583, ""target_id"": ""target_ee0e9e320c2ec8c1""}}]"
orphan_af57ff38288a1c41,athlete_missing_in_score_sheet,review,"The event/apparatus/context exists, but this athlete is missing in the score sheet.",WAG D,5013,3rd Spanish League,2023,Ines Muñoz,ESP,WAG,senior,BB,,,individual,final,4.3,False,0,,,,,,,,,,,,,,,,,,,,[]
orphan_99e2e5851884ecb9,athlete_missing_in_score_sheet,review,"The event/apparatus/context exists, but this athlete is missing in the score sheet.",WAG D,5013,3rd Spanish League,2023,Ines Muñoz,ESP,WAG,senior,FX,,,individual,final,4.0,False,0,,,,,,,,,,,,,,,,,,,,[]
orphan_b3bdf39ff09fa78b,athlete_missing_in_score_sheet,review,"The event/apparatus/context exists, but this athlete is missing in the score sheet.",WAG D,5013,3rd Spanish League,2023,Ines Muñoz,ESP,WAG,senior,UB,,,individual,final,2.6,False,0,,,,,,,,,,,,,,,,,,,,[]
orphan_0bb5be78d155ec85,athlete_missing_in_score_sheet,review,"The event/apparatus/context exists, but this athlete is missing in the score sheet.",WAG D,5013,3rd Spanish League,2023,Ines Muñoz,ESP,WAG,senior,VT,1,,individual,final,3.4,True,0,,,,,,,,,,,,,,,,,,,,[]
orphan_de859a742dd355c2,athlete_missing_in_score_sheet,review,"The event/apparatus/context exists, but this athlete is missing in the score sheet.",WAG D,5014,2nd Spanish League,2023,Ines Muñoz,ESP,WAG,senior,BB,,,individual,final,4.1,False,0,,,,,,,,,,,,,,,,,,,,[]
orphan_4181bc9364690395,athlete_missing_in_score_sheet,review,"The event/apparatus/context exists, but this athlete is missing in the score sheet.",WAG D,5014,2nd Spanish League,2023,Ines Muñoz,ESP,WAG,senior,FX,,,individual,final,3.9,False,0,,,,,,,,,,,,,,,,,,,,[]
orphan_e7c11af954c73d14,athlete_missing_in_score_sheet,review,"The event/apparatus/context exists, but this athlete is missing in the score sheet.",WAG D,5014,2nd Spanish League,2023,Ines Muñoz,ESP,WAG,senior,UB,,,individual,final,3.2,False,0,,,,,,,,,,,,,,,,,,,,[]
orphan_1318e423a0f8dbcb,athlete_missing_in_score_sheet,review,"The event/apparatus/context exists, but this athlete is missing in the score sheet.",WAG D,5014,2nd Spanish League,2023,Ines Muñoz,ESP,WAG,senior,VT,1,,individual,final,3.4,True,0,,,,,,,,,,,,,,,,,,,,[]
orphan_e2b9707bdc92eda2,athlete_missing_in_score_sheet,review,"The event/apparatus/context exists, but this athlete is missing in the score sheet.",WAG D,5069,3rd Italian Serie A,2023,Irene Morandi,ITA,WAG,senior,BB,,,individual,final,3.8,False,0,,,,,,,,,,,,,,,,,,,,[]
orphan_9fac6fc23d4cd688,athlete_missing_in_score_sheet,review,"The event/apparatus/context exists, but this athlete is missing in the score sheet.",WAG D,5069,3rd Italian Serie A,2023,Irene Morandi,ITA,WAG,senior,FX,,,individual,final,4.3,False,0,,,,,,,,,,,,,,,,,,,,[]
orphan_629db7cf05c20d0c,athlete_missing_in_score_sheet,review,"The event/apparatus/context exists, but this athlete is missing in the score sheet.",WAG D,5069,3rd Italian Serie A,2023,Irene Morandi,ITA,WAG,senior,UB,,,individual,final,3.4,False,0,,,,,,,,,,,,,,,,,,,,[]
orphan_180d15e15f625d9d,athlete_missing_in_score_sheet,review,"The event/apparatus/context exists, but this athlete is missing in the score sheet.",WAG D,5070,1st Italian Serie A,2023,Irene Morandi,ITA,WAG,senior,BB,,,individual,final,4.3,False,0,,,,,,,,,,,,,,,,,,,,[]
orphan_769e0f71c1cd5cb1,athlete_missing_in_score_sheet,review,"The event/apparatus/context exists, but this athlete is missing in the score sheet.",WAG D,5070,1st Italian Serie A,2023,Irene Morandi,ITA,WAG,senior,FX,,,individual,final,4.0,False,0,,,,,,,,,,,,,,,,,,,,[]
orphan_b6f0f945aed33027,athlete_missing_in_score_sheet,review,"The event/apparatus/context exists, but this athlete is missing in the score sheet.",WAG D,5070,1st Italian Serie A,2023,Irene Morandi,ITA,WAG,senior,UB,,,individual,final,3.5,False,0,,,,,,,,,,,,,,,,,,,,[]
orphan_1ea96844145184cd,athlete_missing_in_score_sheet,review,"The event/apparatus/context exists, but this athlete is missing in the score sheet.",WAG D,5071,2nd Italian Serie A,2023,Irene Morandi,ITA,WAG,senior,BB,,,individual,final,4.2,False,0,,,,,,,,,,,,,,,,,,,,[]
orphan_0b1c0dc006b4ea67,athlete_missing_in_score_sheet,review,"The event/apparatus/context exists, but this athlete is missing in the score sheet.",WAG D,5071,2nd Italian Serie A,2023,Irene Morandi,ITA,WAG,senior,FX,,,individual,final,4.0,False,0,,,,,,,,,,,,,,,,,,,,[]
orphan_b0d24bc14eca322c,athlete_missing_in_score_sheet,review,"The event/apparatus/context exists, but this athlete is missing in the score sheet.",WAG D,5071,2nd Italian Serie A,2023,Irene Morandi,ITA,WAG,senior,UB,,,individual,final,3.6,False,0,,,,,,,,,,,,,,,,,,,,[]
orphan_7763da219a165d2f,missing_final_score_for_context,review,"The athlete/event exists, but not this apparatus/context.",WAG D,5072,Italian Gold Championships,2023,Irene Morandi,ITA,WAG,junior,FX,,,individual,final,4.3,False,0,,,,,,,,,,,,,,,,,,,,[]
orphan_a2706409a5b97b71,missing_final_score_for_context,review,"The athlete/event exists, but not this apparatus/context.",WAG D,5188,Indian Junior Championships,2023,Ishika Ghosal,IND,WAG,junior,VT,2,,individual,final,3.4,True,0,,,,,,,,,,,,,,,,,,,,[]
orphan_0f6374f5e02ba1a2,missing_final_score_for_context,review,"The athlete/event exists, but not this apparatus/context.",WAG D,5261,Swiss Cup,2023,Jade Carey,USA,WAG,senior,VT,1,,individual,qualification,5.0,True,0,,,,,,,,,,,,,,,,,,,,[]
orphan_871264c6f9d53366,missing_final_score_for_context,review,"The athlete/event exists, but not this apparatus/context.",WAG D,5261,Swiss Cup,2023,Jade Carey,USA,WAG,senior,VT,2,,individual,qualification,4.8,True,0,,,,,,,,,,,,,,,,,,,,[]
orphan_60e6b2581a0458b5,missing_final_score_for_context,review,"The athlete/event exists, but not this apparatus/context.",WAG D,5264,Swiss Cup,2023,Jade Carey,USA,WAG,senior,VT,1,,apparatus,final,5.0,True,0,,,,,,,,,,,,,,,,,,,,[]
orphan_e19c5d33c9cd4e22,missing_final_score_for_context,review,"The athlete/event exists, but not this apparatus/context.",WAG D,5264,Swiss Cup,2023,Jade Carey,USA,WAG,senior,VT,2,,apparatus,final,4.2,True,0,,,,,,,,,,,,,,,,,,,,[]
orphan_99a5081ed118d221,possible_athlete_name_typo,review,Possible athlete-name typo between the D sheet and the score sheet.,WAG D,5309,Spanish League Final,2023,Jana Fernandez,ESP,WAG,senior,FX,,,individual,final,4.1,False,1,suggestion_48d58ec33250ee11,athlete_name_correction,0.929,D-score athlete 'Jana Fernandez' probably matches score-sheet athlete 'Ania Fernandez'.,Spanish League Final,2023,Ania Fernandez,ESP,WAG,senior,FX,,,individual,final,10.55,3.3,WAG,1255,"[{""suggestion_id"": ""suggestion_48d58ec33250ee11"", ""suggestion_type"": ""athlete_name_correction"", ""confidence"": 0.929, ""message"": ""D-score athlete 'Jana Fernandez' probably matches score-sheet athlete 'Ania Fernandez'."", ""action"": ""attach_d_score_to_target_result"", ""changes"": {""athlete_name"": {""from"": ""Jana Fernandez"", ""to"": ""Ania Fernandez""}}, ""target_result"": {""event_name"": ""Spanish League Final"", ""year"": 2023, ""athlete_name"": ""Ania Fernandez"", ""country"": ""ESP"", ""discipline"": ""WAG"", ""category"": ""senior"", ""apparatus"": ""FX"", ""vt_attempt"": null, ""day"": null, ""format"": ""individual"", ""round"": ""final"", ""score"": 10.55, ""D_score"": 3.3, ""vault_attempt_order_uncertain"": false, ""source_sheet"": ""WAG"", ""source_row"": 1255, ""target_id"": ""target_55cba6597b379f6d""}}]"
orphan_91b27dd9edb9afad,athlete_missing_in_score_sheet,review,"The event/apparatus/context exists, but this athlete is missing in the score sheet.",WAG D,5309,Spanish League Final,2023,Jana Fernandez,ESP,WAG,senior,UB,,,individual,final,4.8,False,0,,,,,,,,,,,,,,,,,,,,[]
orphan_88c658f481e8927c,possible_athlete_name_typo,review,Possible athlete-name typo between the D sheet and the score sheet.,WAG D,5309,Spanish League Final,2023,Jana Fernandez,ESP,WAG,senior,VT,1,,individual,final,3.2,True,1,suggestion_3a6a9b194e930771,athlete_name_correction,0.929,D-score athlete 'Jana Fernandez' probably matches score-sheet athlete 'Ania Fernandez'.,Spanish League Final,2023,Ania Fernandez,ESP,WAG,senior,VT,1,,individual,final,12.0,3.4,WAG,1255,"[{""suggestion_id"": ""suggestion_3a6a9b194e930771"", ""suggestion_type"": ""athlete_name_correction"", ""confidence"": 0.929, ""message"": ""D-score athlete 'Jana Fernandez' probably matches score-sheet athlete 'Ania Fernandez'."", ""action"": ""attach_d_score_to_target_result"", ""changes"": {""athlete_name"": {""from"": ""Jana Fernandez"", ""to"": ""Ania Fernandez""}}, ""target_result"": {""event_name"": ""Spanish League Final"", ""year"": 2023, ""athlete_name"": ""Ania Fernandez"", ""country"": ""ESP"", ""discipline"": ""WAG"", ""category"": ""senior"", ""apparatus"": ""VT"", ""vt_attempt"": 1, ""day"": null, ""format"": ""individual"", ""round"": ""final"", ""score"": 12.0, ""D_score"": 3.4, ""vault_attempt_order_uncertain"": true, ""source_sheet"": ""WAG"", ""source_row"": 1255, ""target_id"": ""target_20152c1630d2c931""}}]"
orphan_73c500176b5507a6,possible_athlete_name_typo,review,Possible athlete-name typo between the D sheet and the score sheet.,WAG D,5310,3rd Spanish League,2023,Jana Fernandez,ESP,WAG,senior,UB,,,individual,final,4.8,False,1,suggestion_ae779d9bab61d8a6,athlete_name_correction,0.929,D-score athlete 'Jana Fernandez' probably matches score-sheet athlete 'Ania Fernandez'.,3rd Spanish League,2023,Ania Fernandez,ESP,WAG,senior,UB,,,individual,final,9.9,2.1,WAG,1253,"[{""suggestion_id"": ""suggestion_ae779d9bab61d8a6"", ""suggestion_type"": ""athlete_name_correction"", ""confidence"": 0.929, ""message"": ""D-score athlete 'Jana Fernandez' probably matches score-sheet athlete 'Ania Fernandez'."", ""action"": ""attach_d_score_to_target_result"", ""changes"": {""athlete_name"": {""from"": ""Jana Fernandez"", ""to"": ""Ania Fernandez""}}, ""target_result"": {""event_name"": ""3rd Spanish League"", ""year"": 2023, ""athlete_name"": ""Ania Fernandez"", ""country"": ""ESP"", ""discipline"": ""WAG"", ""category"": ""senior"", ""apparatus"": ""UB"", ""vt_attempt"": null, ""day"": null, ""format"": ""individual"", ""round"": ""final"", ""score"": 9.9, ""D_score"": 2.1, ""vault_attempt_order_uncertain"": false, ""source_sheet"": ""WAG"", ""source_row"": 1253, ""target_id"": ""target_b39cadb30c93aa70""}}]"
orphan_e64b7e0814a28901,possible_athlete_name_typo,review,Possible athlete-name typo between the D sheet and the score sheet.,WAG D,5310,3rd Spanish League,2023,Jana Fernandez,ESP,WAG,senior,VT,1,,individual,final,3.2,True,1,suggestion_5ce7b405e57c4db6,athlete_name_correction,0.929,D-score athlete 'Jana Fernandez' probably matches score-sheet athlete 'Ania Fernandez'.,3rd Spanish League,2023,Ania Fernandez,ESP,WAG,senior,VT,1,,individual,final,11.967,3.4,WAG,1253,"[{""suggestion_id"": ""suggestion_5ce7b405e57c4db6"", ""suggestion_type"": ""athlete_name_correction"", ""confidence"": 0.929, ""message"": ""D-score athlete 'Jana Fernandez' probably matches score-sheet athlete 'Ania Fernandez'."", ""action"": ""attach_d_score_to_target_result"", ""changes"": {""athlete_name"": {""from"": ""Jana Fernandez"", ""to"": ""Ania Fernandez""}}, ""target_result"": {""event_name"": ""3rd Spanish League"", ""year"": 2023, ""athlete_name"": ""Ania Fernandez"", ""country"": ""ESP"", ""discipline"": ""WAG"", ""category"": ""senior"", ""apparatus"": ""VT"", ""vt_attempt"": 1, ""day"": null, ""format"": ""individual"", ""round"": ""final"", ""score"": 11.967, ""D_score"": 3.4, ""vault_attempt_order_uncertain"": true, ""source_sheet"": ""WAG"", ""source_row"": 1253, ""target_id"": ""target_bd795b3ab5213d83""}}]"
orphan_21e0a6f3117bc5b1,possible_athlete_name_typo,review,Possible athlete-name typo between the D sheet and the score sheet.,WAG D,5311,2nd Spanish League,2023,Jana Fernandez,ESP,WAG,senior,UB,,,individual,final,4.7,False,1,suggestion_c8c77a8072e0bc0c,athlete_name_correction,0.929,D-score athlete 'Jana Fernandez' probably matches score-sheet athlete 'Ania Fernandez'.,2nd Spanish League,2023,Ania Fernandez,ESP,WAG,senior,UB,,,individual,final,9.932,1.9,WAG,1254,"[{""suggestion_id"": ""suggestion_c8c77a8072e0bc0c"", ""suggestion_type"": ""athlete_name_correction"", ""confidence"": 0.929, ""message"": ""D-score athlete 'Jana Fernandez' probably matches score-sheet athlete 'Ania Fernandez'."", ""action"": ""attach_d_score_to_target_result"", ""changes"": {""athlete_name"": {""from"": ""Jana Fernandez"", ""to"": ""Ania Fernandez""}}, ""target_result"": {""event_name"": ""2nd Spanish League"", ""year"": 2023, ""athlete_name"": ""Ania Fernandez"", ""country"": ""ESP"", ""discipline"": ""WAG"", ""category"": ""senior"", ""apparatus"": ""UB"", ""vt_attempt"": null, ""day"": null, ""format"": ""individual"", ""round"": ""final"", ""score"": 9.932, ""D_score"": 1.9, ""vault_attempt_order_uncertain"": false, ""source_sheet"": ""WAG"", ""source_row"": 1254, ""target_id"": ""target_2915394a5b8c1dc9""}}]"
orphan_11a61385338c325f,possible_context_mismatch,review,"Possible format, round, or day mismatch.",WAG D,5353,Austrian Championships,2023,Jaqueline Kostelac,AUT,WAG,senior,VT,1,,apparatus,final,3.2,True,1,suggestion_f42175a78b59aa28,context_correction,0.65,"Same athlete/event/apparatus exists in the score sheet, but format, round, or day is different.",Austrian Championships,2023,Jaqueline Kostelac,AUT,WAG,senior,VT,1,,individual,final,11.5,3.3,WAG,5949,"[{""suggestion_id"": ""suggestion_f42175a78b59aa28"", ""suggestion_type"": ""context_correction"", ""confidence"": 0.65, ""message"": ""Same athlete/event/apparatus exists in the score sheet, but format, round, or day is different."", ""action"": ""attach_d_score_to_target_result"", ""changes"": {""format"": {""from"": ""apparatus"", ""to"": ""individual""}, ""round"": {""from"": ""final"", ""to"": ""final""}, ""day"": {""from"": null, ""to"": null}}, ""target_result"": {""event_name"": ""Austrian Championships"", ""year"": 2023, ""athlete_name"": ""Jaqueline Kostelac"", ""country"": ""AUT"", ""discipline"": ""WAG"", ""category"": ""senior"", ""apparatus"": ""VT"", ""vt_attempt"": 1, ""day"": null, ""format"": ""individual"", ""round"": ""final"", ""score"": 11.5, ""D_score"": 3.3, ""vault_attempt_order_uncertain"": true, ""source_sheet"": ""WAG"", ""source_row"": 5949, ""target_id"": ""target_db90fab12272e854""}}]"
orphan_d6af402f29496e2e,possible_context_mismatch,review,"Possible format, round, or day mismatch.",WAG D,5353,Austrian Championships,2023,Jaqueline Kostelac,AUT,WAG,senior,VT,2,,apparatus,final,3.2,True,1,suggestion_8faa5b93305b9c84,context_correction,0.65,"Same athlete/event/apparatus exists in the score sheet, but format, round, or day is different.",Austrian Championships,2023,Jaqueline Kostelac,AUT,WAG,senior,VT,2,,individual,final,12.0,3.1,WAG,5949,"[{""suggestion_id"": ""suggestion_8faa5b93305b9c84"", ""suggestion_type"": ""context_correction"", ""confidence"": 0.65, ""message"": ""Same athlete/event/apparatus exists in the score sheet, but format, round, or day is different."", ""action"": ""attach_d_score_to_target_result"", ""changes"": {""format"": {""from"": ""apparatus"", ""to"": ""individual""}, ""round"": {""from"": ""final"", ""to"": ""final""}, ""day"": {""from"": null, ""to"": null}}, ""target_result"": {""event_name"": ""Austrian Championships"", ""year"": 2023, ""athlete_name"": ""Jaqueline Kostelac"", ""country"": ""AUT"", ""discipline"": ""WAG"", ""category"": ""senior"", ""apparatus"": ""VT"", ""vt_attempt"": 2, ""day"": null, ""format"": ""individual"", ""round"": ""final"", ""score"": 12.0, ""D_score"": 3.1, ""vault_attempt_order_uncertain"": true, ""source_sheet"": ""WAG"", ""source_row"": 5949, ""target_id"": ""target_2ce8328534742651""}}]"
orphan_74e09fe74e6e1597,missing_final_score_for_context,review,"The athlete/event exists, but not this apparatus/context.",WAG D,5362,Swiss Team Championships,2023,Jasmin Strebel,SUI,WAG,senior,UB,,,individual,final,0.7,False,0,,,,,,,,,,,,,,,,,,,,[]
orphan_25f0ba8f772eadd1,missing_final_score_for_context,review,"The athlete/event exists, but not this apparatus/context.",WAG D,5369,Indian Junior Championships,2023,Jasmine Kaur,IND,WAG,junior,VT,2,,individual,final,2.4,True,0,,,,,,,,,,,,,,,,,,,,[]
orphan_184e20e46d4473a0,possible_context_mismatch,review,"Possible format, round, or day mismatch.",WAG D,5374,Austrian Championships,2023,Javzandolgor Ochirsukh,AUT,WAG,senior,VT,1,,apparatus,final,3.6,True,1,suggestion_4d151a1002ee48eb,context_correction,0.65,"Same athlete/event/apparatus exists in the score sheet, but format, round, or day is different.",Austrian Championships,2023,Javzandolgor Ochirsukh,AUT,WAG,senior,VT,1,,individual,final,12.6,3.6,WAG,5973,"[{""suggestion_id"": ""suggestion_4d151a1002ee48eb"", ""suggestion_type"": ""context_correction"", ""confidence"": 0.65, ""message"": ""Same athlete/event/apparatus exists in the score sheet, but format, round, or day is different."", ""action"": ""attach_d_score_to_target_result"", ""changes"": {""format"": {""from"": ""apparatus"", ""to"": ""individual""}, ""round"": {""from"": ""final"", ""to"": ""final""}, ""day"": {""from"": null, ""to"": null}}, ""target_result"": {""event_name"": ""Austrian Championships"", ""year"": 2023, ""athlete_name"": ""Javzandolgor Ochirsukh"", ""country"": ""AUT"", ""discipline"": ""WAG"", ""category"": ""senior"", ""apparatus"": ""VT"", ""vt_attempt"": 1, ""day"": null, ""format"": ""individual"", ""round"": ""final"", ""score"": 12.6, ""D_score"": 3.6, ""vault_attempt_order_uncertain"": true, ""source_sheet"": ""WAG"", ""source_row"": 5973, ""target_id"": ""target_6f92d1e4cf68169a""}}]"
orphan_9d8968b7e76ac065,possible_context_mismatch,review,"Possible format, round, or day mismatch.",WAG D,5374,Austrian Championships,2023,Javzandolgor Ochirsukh,AUT,WAG,senior,VT,2,,apparatus,final,3.2,True,1,suggestion_5a19c7be4468aaea,context_correction,0.65,"Same athlete/event/apparatus exists in the score sheet, but format, round, or day is different.",Austrian Championships,2023,Javzandolgor Ochirsukh,AUT,WAG,senior,VT,2,,individual,final,12.0,3.2,WAG,5973,"[{""suggestion_id"": ""suggestion_5a19c7be4468aaea"", ""suggestion_type"": ""context_correction"", ""confidence"": 0.65, ""message"": ""Same athlete/event/apparatus exists in the score sheet, but format, round, or day is different."", ""action"": ""attach_d_score_to_target_result"", ""changes"": {""format"": {""from"": ""apparatus"", ""to"": ""individual""}, ""round"": {""from"": ""final"", ""to"": ""final""}, ""day"": {""from"": null, ""to"": null}}, ""target_result"": {""event_name"": ""Austrian Championships"", ""year"": 2023, ""athlete_name"": ""Javzandolgor Ochirsukh"", ""country"": ""AUT"", ""discipline"": ""WAG"", ""category"": ""senior"", ""apparatus"": ""VT"", ""vt_attempt"": 2, ""day"": null, ""format"": ""individual"", ""round"": ""final"", ""score"": 12.0, ""D_score"": 3.2, ""vault_attempt_order_uncertain"": true, ""source_sheet"": ""WAG"", ""source_row"": 5973, ""target_id"": ""target_617495c42abfc134""}}]"
orphan_ad84115b40e55b5e,possible_athlete_name_typo,review,Possible athlete-name typo between the D sheet and the score sheet.,WAG D,5388,Dutch Championships,2023,Jayleen Chukwu,NED,WAG,junior,BB,,,individual,final,4.5,False,1,suggestion_70c7e71a4bb08da2,athlete_name_correction,0.963,D-score athlete 'Jayleen Chukwu' probably matches score-sheet athlete 'Jaylee Chukwu'.,Dutch Championships,2023,Jaylee Chukwu,NED,WAG,junior,BB,,,individual,final,11.5,,WAG,5985,"[{""suggestion_id"": ""suggestion_70c7e71a4bb08da2"", ""suggestion_type"": ""athlete_name_correction"", ""confidence"": 0.963, ""message"": ""D-score athlete 'Jayleen Chukwu' probably matches score-sheet athlete 'Jaylee Chukwu'."", ""action"": ""attach_d_score_to_target_result"", ""changes"": {""athlete_name"": {""from"": ""Jayleen Chukwu"", ""to"": ""Jaylee Chukwu""}}, ""target_result"": {""event_name"": ""Dutch Championships"", ""year"": 2023, ""athlete_name"": ""Jaylee Chukwu"", ""country"": ""NED"", ""discipline"": ""WAG"", ""category"": ""junior"", ""apparatus"": ""BB"", ""vt_attempt"": null, ""day"": null, ""format"": ""individual"", ""round"": ""final"", ""score"": 11.5, ""D_score"": null, ""vault_attempt_order_uncertain"": false, ""source_sheet"": ""WAG"", ""source_row"": 5985, ""target_id"": ""target_c09ec0fcfd34a611""}}]"
orphan_d98262ab474c8d63,possible_athlete_name_typo,review,Possible athlete-name typo between the D sheet and the score sheet.,WAG D,5388,Dutch Championships,2023,Jayleen Chukwu,NED,WAG,junior,FX,,,individual,final,4.1,False,1,suggestion_df6bba200fa5e4f7,athlete_name_correction,0.963,D-score athlete 'Jayleen Chukwu' probably matches score-sheet athlete 'Jaylee Chukwu'.,Dutch Championships,2023,Jaylee Chukwu,NED,WAG,junior,FX,,,individual,final,10.85,,WAG,5985,"[{""suggestion_id"": ""suggestion_df6bba200fa5e4f7"", ""suggestion_type"": ""athlete_name_correction"", ""confidence"": 0.963, ""message"": ""D-score athlete 'Jayleen Chukwu' probably matches score-sheet athlete 'Jaylee Chukwu'."", ""action"": ""attach_d_score_to_target_result"", ""changes"": {""athlete_name"": {""from"": ""Jayleen Chukwu"", ""to"": ""Jaylee Chukwu""}}, ""target_result"": {""event_name"": ""Dutch Championships"", ""year"": 2023, ""athlete_name"": ""Jaylee Chukwu"", ""country"": ""NED"", ""discipline"": ""WAG"", ""category"": ""junior"", ""apparatus"": ""FX"", ""vt_attempt"": null, ""day"": null, ""format"": ""individual"", ""round"": ""final"", ""score"": 10.85, ""D_score"": null, ""vault_attempt_order_uncertain"": false, ""source_sheet"": ""WAG"", ""source_row"": 5985, ""target_id"": ""target_4b6ed7e093d14d66""}}]"
orphan_502c48e762aaf296,possible_athlete_name_typo,review,Possible athlete-name typo between the D sheet and the score sheet.,WAG D,5388,Dutch Championships,2023,Jayleen Chukwu,NED,WAG,junior,UB,,,individual,final,2.3,False,1,suggestion_0c96f59216665b60,athlete_name_correction,0.963,D-score athlete 'Jayleen Chukwu' probably matches score-sheet athlete 'Jaylee Chukwu'.,Dutch Championships,2023,Jaylee Chukwu,NED,WAG,junior,UB,,,individual,final,10.4,,WAG,5985,"[{""suggestion_id"": ""suggestion_0c96f59216665b60"", ""suggestion_type"": ""athlete_name_correction"", ""confidence"": 0.963, ""message"": ""D-score athlete 'Jayleen Chukwu' probably matches score-sheet athlete 'Jaylee Chukwu'."", ""action"": ""attach_d_score_to_target_result"", ""changes"": {""athlete_name"": {""from"": ""Jayleen Chukwu"", ""to"": ""Jaylee Chukwu""}}, ""target_result"": {""event_name"": ""Dutch Championships"", ""year"": 2023, ""athlete_name"": ""Jaylee Chukwu"", ""country"": ""NED"", ""discipline"": ""WAG"", ""category"": ""junior"", ""apparatus"": ""UB"", ""vt_attempt"": null, ""day"": null, ""format"": ""individual"", ""round"": ""final"", ""score"": 10.4, ""D_score"": null, ""vault_attempt_order_uncertain"": false, ""source_sheet"": ""WAG"", ""source_row"": 5985, ""target_id"": ""target_6c50416cba439753""}}]"
orphan_7a6e027f41899b96,possible_athlete_name_typo,review,Possible athlete-name typo between the D sheet and the score sheet.,WAG D,5388,Dutch Championships,2023,Jayleen Chukwu,NED,WAG,junior,VT,1,,individual,final,3.0,True,1,suggestion_532bb603f97b9dcc,athlete_name_correction,0.963,D-score athlete 'Jayleen Chukwu' probably matches score-sheet athlete 'Jaylee Chukwu'.,Dutch Championships,2023,Jaylee Chukwu,NED,WAG,junior,VT,1,,individual,final,11.65,,WAG,5985,"[{""suggestion_id"": ""suggestion_532bb603f97b9dcc"", ""suggestion_type"": ""athlete_name_correction"", ""confidence"": 0.963, ""message"": ""D-score athlete 'Jayleen Chukwu' probably matches score-sheet athlete 'Jaylee Chukwu'."", ""action"": ""attach_d_score_to_target_result"", ""changes"": {""athlete_name"": {""from"": ""Jayleen Chukwu"", ""to"": ""Jaylee Chukwu""}}, ""target_result"": {""event_name"": ""Dutch Championships"", ""year"": 2023, ""athlete_name"": ""Jaylee Chukwu"", ""country"": ""NED"", ""discipline"": ""WAG"", ""category"": ""junior"", ""apparatus"": ""VT"", ""vt_attempt"": 1, ""day"": null, ""format"": ""individual"", ""round"": ""final"", ""score"": 11.65, ""D_score"": null, ""vault_attempt_order_uncertain"": true, ""source_sheet"": ""WAG"", ""source_row"": 5985, ""target_id"": ""target_4cd1b582f3313c51""}}]"
orphan_4b30654d1f87b4ee,missing_final_score_for_context,review,"The athlete/event exists, but not this apparatus/context.",WAG D,5407,British Championships,2023,Jemima Taylor,GBR,WAG,junior,VT,1,,individual,final,3.6,True,0,,,,,,,,,,,,,,,,,,,,[]
orphan_76a47ee574640c6f,missing_final_score_for_context,review,"The athlete/event exists, but not this apparatus/context.",WAG D,5521,Indian Junior Championships,2023,Jinal Kapoor,IND,WAG,junior,FX,,,individual,final,0.4,False,0,,,,,,,,,,,,,,,,,,,,[]
orphan_af3700bc7cf36c90,athlete_missing_in_score_sheet,review,"The event/apparatus/context exists, but this athlete is missing in the score sheet.",WAG D,5667,2nd Spanish League,2023,Julia Camps,ESP,WAG,senior,FX,,,individual,final,2.8,False,0,,,,,,,,,,,,,,,,,,,,[]
orphan_507a76e678945477,athlete_missing_in_score_sheet,review,"The event/apparatus/context exists, but this athlete is missing in the score sheet.",WAG D,5694,3rd Spanish League,2023,Julia Ramonet,ESP,WAG,senior,FX,,,individual,final,3.9,False,0,,,,,,,,,,,,,,,,,,,,[]
orphan_a282daa1ef52b9c2,athlete_missing_in_score_sheet,review,"The event/apparatus/context exists, but this athlete is missing in the score sheet.",WAG D,5694,3rd Spanish League,2023,Julia Ramonet,ESP,WAG,senior,UB,,,individual,final,1.2,False,0,,,,,,,,,,,,,,,,,,,,[]
orphan_3651f534b2cecf2e,athlete_missing_in_score_sheet,review,"The event/apparatus/context exists, but this athlete is missing in the score sheet.",WAG D,5694,3rd Spanish League,2023,Julia Ramonet,ESP,WAG,senior,VT,1,,individual,final,3.4,True,0,,,,,,,,,,,,,,,,,,,,[]
orphan_a8646191d46461be,athlete_missing_in_score_sheet,review,"The event/apparatus/context exists, but this athlete is missing in the score sheet.",WAG D,5695,Spanish League Final,2023,Julia Ramonet,ESP,WAG,senior,BB,,,individual,final,3.6,False,0,,,,,,,,,,,,,,,,,,,,[]
orphan_5491c8faf0fad51e,athlete_missing_in_score_sheet,review,"The event/apparatus/context exists, but this athlete is missing in the score sheet.",WAG D,5695,Spanish League Final,2023,Julia Ramonet,ESP,WAG,senior,FX,,,individual,final,3.8,False,0,,,,,,,,,,,,,,,,,,,,[]
orphan_c200bf27e49f15df,athlete_missing_in_score_sheet,review,"The event/apparatus/context exists, but this athlete is missing in the score sheet.",WAG D,5695,Spanish League Final,2023,Julia Ramonet,ESP,WAG,senior,UB,,,individual,final,1.1,False,0,,,,,,,,,,,,,,,,,,,,[]
orphan_66a6dd950b94f653,athlete_missing_in_score_sheet,review,"The event/apparatus/context exists, but this athlete is missing in the score sheet.",WAG D,5695,Spanish League Final,2023,Julia Ramonet,ESP,WAG,senior,VT,1,,individual,final,3.4,True,0,,,,,,,,,,,,,,,,,,,,[]
orphan_ea387f7ae577e838,athlete_missing_in_score_sheet,review,"The event/apparatus/context exists, but this athlete is missing in the score sheet.",WAG D,5696,2nd Spanish League,2023,Julia Ramonet,ESP,WAG,senior,FX,,,individual,final,3.8,False,0,,,,,,,,,,,,,,,,,,,,[]
orphan_359adae1625df1e0,athlete_missing_in_score_sheet,review,"The event/apparatus/context exists, but this athlete is missing in the score sheet.",WAG D,5696,2nd Spanish League,2023,Julia Ramonet,ESP,WAG,senior,VT,1,,individual,final,3.4,True,0,,,,,,,,,,,,,,,,,,,,[]
orphan_68c68f1b06c0ac79,missing_final_score_for_context,review,"The athlete/event exists, but not this apparatus/context.",WAG D,5828,Indian Junior Championships,2023,K. Lanchenmeilu Rongmei,IND,WAG,junior,VT,2,,individual,final,3.2,True,0,,,,,,,,,,,,,,,,,,,,[]
orphan_87a062eb1203e339,missing_final_score_for_context,review,"The athlete/event exists, but not this apparatus/context.",WAG D,5920,Indian Junior Championships,2023,Kanika Choudhary,IND,WAG,junior,VT,2,,individual,final,3.4,True,0,,,,,,,,,,,,,,,,,,,,[]
orphan_9d0dec07d714f4c8,possible_athlete_name_typo,review,Possible athlete-name typo between the D sheet and the score sheet.,WAG D,6040,Czech Championships,2023,Katerina Bartkova,CZE,WAG,junior,VT,2,,individual,final,1.6,True,1,suggestion_eb74dce666bef282,athlete_name_correction,0.882,D-score athlete 'Katerina Bartkova' probably matches score-sheet athlete 'Katerina Marikova'.,Czech Championships,2023,Katerina Marikova,CZE,WAG,junior,VT,2,,individual,final,12.167,3.2,WAG,6699,"[{""suggestion_id"": ""suggestion_eb74dce666bef282"", ""suggestion_type"": ""athlete_name_correction"", ""confidence"": 0.882, ""message"": ""D-score athlete 'Katerina Bartkova' probably matches score-sheet athlete 'Katerina Marikova'."", ""action"": ""attach_d_score_to_target_result"", ""changes"": {""athlete_name"": {""from"": ""Katerina Bartkova"", ""to"": ""Katerina Marikova""}}, ""target_result"": {""event_name"": ""Czech Championships"", ""year"": 2023, ""athlete_name"": ""Katerina Marikova"", ""country"": ""CZE"", ""discipline"": ""WAG"", ""category"": ""junior"", ""apparatus"": ""VT"", ""vt_attempt"": 2, ""day"": null, ""format"": ""individual"", ""round"": ""final"", ""score"": 12.167, ""D_score"": 3.2, ""vault_attempt_order_uncertain"": true, ""source_sheet"": ""WAG"", ""source_row"": 6699, ""target_id"": ""target_d46cd684e4c2a464""}}]"
orphan_7d0dc29734312a88,possible_context_mismatch,review,"Possible format, round, or day mismatch.",WAG D,6059,Scottish Championships,2023,Katie Cox,GBR,WAG,junior,VT,2,,individual,final,3.2,True,1,suggestion_1909f8819d336ab6,context_correction,0.65,"Same athlete/event/apparatus exists in the score sheet, but format, round, or day is different.",Scottish Championships,2023,Katie Cox,GBR,WAG,junior,VT,2,,apparatus,final,10.5,3.2,WAG,6719,"[{""suggestion_id"": ""suggestion_1909f8819d336ab6"", ""suggestion_type"": ""context_correction"", ""confidence"": 0.65, ""message"": ""Same athlete/event/apparatus exists in the score sheet, but format, round, or day is different."", ""action"": ""attach_d_score_to_target_result"", ""changes"": {""format"": {""from"": ""individual"", ""to"": ""apparatus""}, ""round"": {""from"": ""final"", ""to"": ""final""}, ""day"": {""from"": null, ""to"": null}}, ""target_result"": {""event_name"": ""Scottish Championships"", ""year"": 2023, ""athlete_name"": ""Katie Cox"", ""country"": ""GBR"", ""discipline"": ""WAG"", ""category"": ""junior"", ""apparatus"": ""VT"", ""vt_attempt"": 2, ""day"": null, ""format"": ""apparatus"", ""round"": ""final"", ""score"": 10.5, ""D_score"": 3.2, ""vault_attempt_order_uncertain"": true, ""source_sheet"": ""WAG"", ""source_row"": 6719, ""target_id"": ""target_82fb888df05ee912""}}]"
orphan_0b413b275144924d,possible_context_mismatch,review,"Possible format, round, or day mismatch.",WAG D,6152,EYOF Mixed Pairs,2023,Kea Walser,SUI,WAG,junior,VT,1,,apparatus,final,4.2,True,1,suggestion_d9b291c3d683573b,context_correction,0.65,"Same athlete/event/apparatus exists in the score sheet, but format, round, or day is different.",EYOF Mixed Pairs,2023,Kea Walser,SUI,WAG,junior,VT,1,,individual,qualification,13.1,4.2,WAG,6809,"[{""suggestion_id"": ""suggestion_d9b291c3d683573b"", ""suggestion_type"": ""context_correction"", ""confidence"": 0.65, ""message"": ""Same athlete/event/apparatus exists in the score sheet, but format, round, or day is different."", ""action"": ""attach_d_score_to_target_result"", ""changes"": {""format"": {""from"": ""apparatus"", ""to"": ""individual""}, ""round"": {""from"": ""final"", ""to"": ""qualification""}, ""day"": {""from"": null, ""to"": null}}, ""target_result"": {""event_name"": ""EYOF Mixed Pairs"", ""year"": 2023, ""athlete_name"": ""Kea Walser"", ""country"": ""SUI"", ""discipline"": ""WAG"", ""category"": ""junior"", ""apparatus"": ""VT"", ""vt_attempt"": 1, ""day"": null, ""format"": ""individual"", ""round"": ""qualification"", ""score"": 13.1, ""D_score"": 4.2, ""vault_attempt_order_uncertain"": true, ""source_sheet"": ""WAG"", ""source_row"": 6809, ""target_id"": ""target_daae80a88348aa7b""}}]"
orphan_a9b796d9814f4731,missing_final_score_for_context,review,"The athlete/event exists, but not this apparatus/context.",WAG D,6152,EYOF Mixed Pairs,2023,Kea Walser,SUI,WAG,junior,VT,2,,apparatus,final,3.6,True,0,,,,,,,,,,,,,,,,,,,,[]
orphan_9b7ff12cb8732f1d,missing_final_score_for_context,review,"The athlete/event exists, but not this apparatus/context.",WAG D,6322,Indian Junior Championships,2023,Krishnaveni S.,IND,WAG,junior,VT,2,,individual,final,1.6,True,0,,,,,,,,,,,,,,,,,,,,[]
orphan_c26f8d4243c7ec09,athlete_missing_in_score_sheet,review,"The event/apparatus/context exists, but this athlete is missing in the score sheet.",WAG D,6351,Swiss Cup Juniors,2023,Kyara Lima Bonfim José da Costa,SUI,WAG,junior,BB,,,individual,final,3.6,False,0,,,,,,,,,,,,,,,,,,,,[]
orphan_1c49eb19fcbefe59,athlete_missing_in_score_sheet,review,"The event/apparatus/context exists, but this athlete is missing in the score sheet.",WAG D,6351,Swiss Cup Juniors,2023,Kyara Lima Bonfim José da Costa,SUI,WAG,junior,FX,,,individual,final,4.3,False,0,,,,,,,,,,,,,,,,,,,,[]
orphan_97cae1c57c51a710,athlete_missing_in_score_sheet,review,"The event/apparatus/context exists, but this athlete is missing in the score sheet.",WAG D,6351,Swiss Cup Juniors,2023,Kyara Lima Bonfim José da Costa,SUI,WAG,junior,UB,,,individual,final,2.7,False,0,,,,,,,,,,,,,,,,,,,,[]
orphan_28ed20d6667ab8ab,athlete_missing_in_score_sheet,review,"The event/apparatus/context exists, but this athlete is missing in the score sheet.",WAG D,6351,Swiss Cup Juniors,2023,Kyara Lima Bonfim José da Costa,SUI,WAG,junior,VT,1,,individual,final,3.4,True,0,,,,,,,,,,,,,,,,,,,,[]
orphan_776be53ed82de0c3,possible_context_mismatch,review,"Possible format, round, or day mismatch.",WAG D,6486,2nd Colombian Championships,2023,Larissa Alvarez,COL,WAG,senior,BB,,,individual,final,2.8,False,1,suggestion_82e7b13d80112040,context_correction,0.65,"Same athlete/event/apparatus exists in the score sheet, but format, round, or day is different.",2nd Colombian Championships,2023,Larissa Alvarez,COL,WAG,senior,BB,,,apparatus,final,9.1,,WAG,7222,"[{""suggestion_id"": ""suggestion_82e7b13d80112040"", ""suggestion_type"": ""context_correction"", ""confidence"": 0.65, ""message"": ""Same athlete/event/apparatus exists in the score sheet, but format, round, or day is different."", ""action"": ""attach_d_score_to_target_result"", ""changes"": {""format"": {""from"": ""individual"", ""to"": ""apparatus""}, ""round"": {""from"": ""final"", ""to"": ""final""}, ""day"": {""from"": null, ""to"": null}}, ""target_result"": {""event_name"": ""2nd Colombian Championships"", ""year"": 2023, ""athlete_name"": ""Larissa Alvarez"", ""country"": ""COL"", ""discipline"": ""WAG"", ""category"": ""senior"", ""apparatus"": ""BB"", ""vt_attempt"": null, ""day"": null, ""format"": ""apparatus"", ""round"": ""final"", ""score"": 9.1, ""D_score"": null, ""vault_attempt_order_uncertain"": false, ""source_sheet"": ""WAG"", ""source_row"": 7222, ""target_id"": ""target_27074bd31ebb3d4e""}}]"
orphan_7ae937285be0c8bd,possible_context_mismatch,review,"Possible format, round, or day mismatch.",WAG D,6486,2nd Colombian Championships,2023,Larissa Alvarez,COL,WAG,senior,VT,1,,individual,final,3.6,True,1,suggestion_620341e62c50ceb2,context_correction,0.65,"Same athlete/event/apparatus exists in the score sheet, but format, round, or day is different.",2nd Colombian Championships,2023,Larissa Alvarez,COL,WAG,senior,VT,1,,apparatus,final,12.067,,WAG,7222,"[{""suggestion_id"": ""suggestion_620341e62c50ceb2"", ""suggestion_type"": ""context_correction"", ""confidence"": 0.65, ""message"": ""Same athlete/event/apparatus exists in the score sheet, but format, round, or day is different."", ""action"": ""attach_d_score_to_target_result"", ""changes"": {""format"": {""from"": ""individual"", ""to"": ""apparatus""}, ""round"": {""from"": ""final"", ""to"": ""final""}, ""day"": {""from"": null, ""to"": null}}, ""target_result"": {""event_name"": ""2nd Colombian Championships"", ""year"": 2023, ""athlete_name"": ""Larissa Alvarez"", ""country"": ""COL"", ""discipline"": ""WAG"", ""category"": ""senior"", ""apparatus"": ""VT"", ""vt_attempt"": 1, ""day"": null, ""format"": ""apparatus"", ""round"": ""final"", ""score"": 12.067, ""D_score"": null, ""vault_attempt_order_uncertain"": true, ""source_sheet"": ""WAG"", ""source_row"": 7222, ""target_id"": ""target_42fc0de85cfc6ca5""}}]"
orphan_60e55ed0646174e7,athlete_missing_in_score_sheet,review,"The event/apparatus/context exists, but this athlete is missing in the score sheet.",WAG D,6523,2nd Spanish League,2023,Laura Garcia,ESP,WAG,senior,BB,,,individual,final,4.1,False,0,,,,,,,,,,,,,,,,,,,,[]
orphan_3e54e6c1a20e91c6,athlete_missing_in_score_sheet,review,"The event/apparatus/context exists, but this athlete is missing in the score sheet.",WAG D,6523,2nd Spanish League,2023,Laura Garcia,ESP,WAG,senior,FX,,,individual,final,3.1,False,0,,,,,,,,,,,,,,,,,,,,[]
orphan_739b38b535bd9aed,athlete_missing_in_score_sheet,review,"The event/apparatus/context exists, but this athlete is missing in the score sheet.",WAG D,6523,2nd Spanish League,2023,Laura Garcia,ESP,WAG,senior,UB,,,individual,final,3.4,False,0,,,,,,,,,,,,,,,,,,,,[]
orphan_16245ca4aa9a139a,athlete_missing_in_score_sheet,review,"The event/apparatus/context exists, but this athlete is missing in the score sheet.",WAG D,6523,2nd Spanish League,2023,Laura Garcia,ESP,WAG,senior,VT,1,,individual,final,3.0,True,0,,,,,,,,,,,,,,,,,,,,[]
orphan_b37779da6942ec06,athlete_missing_in_score_sheet,review,"The event/apparatus/context exists, but this athlete is missing in the score sheet.",WAG D,6713,3rd Spanish League,2023,Leire Vicente,ESP,WAG,senior,BB,,,individual,final,4.5,False,0,,,,,,,,,,,,,,,,,,,,[]
orphan_96b4acaa1eb7eb67,athlete_missing_in_score_sheet,review,"The event/apparatus/context exists, but this athlete is missing in the score sheet.",WAG D,6713,3rd Spanish League,2023,Leire Vicente,ESP,WAG,senior,FX,,,individual,final,3.9,False,0,,,,,,,,,,,,,,,,,,,,[]
orphan_cd898211e6b5eae1,athlete_missing_in_score_sheet,review,"The event/apparatus/context exists, but this athlete is missing in the score sheet.",WAG D,6713,3rd Spanish League,2023,Leire Vicente,ESP,WAG,senior,UB,,,individual,final,4.0,False,0,,,,,,,,,,,,,,,,,,,,[]
orphan_7a92e8c5bdb11972,athlete_missing_in_score_sheet,review,"The event/apparatus/context exists, but this athlete is missing in the score sheet.",WAG D,6713,3rd Spanish League,2023,Leire Vicente,ESP,WAG,senior,VT,1,,individual,final,3.4,True,0,,,,,,,,,,,,,,,,,,,,[]
orphan_a1684527cc7df67f,athlete_missing_in_score_sheet,review,"The event/apparatus/context exists, but this athlete is missing in the score sheet.",WAG D,6714,2nd Spanish League,2023,Leire Vicente,ESP,WAG,senior,BB,,,individual,final,3.9,False,0,,,,,,,,,,,,,,,,,,,,[]
orphan_6c94fe7503fa537b,athlete_missing_in_score_sheet,review,"The event/apparatus/context exists, but this athlete is missing in the score sheet.",WAG D,6714,2nd Spanish League,2023,Leire Vicente,ESP,WAG,senior,FX,,,individual,final,3.5,False,0,,,,,,,,,,,,,,,,,,,,[]
orphan_db0b731edb15a108,athlete_missing_in_score_sheet,review,"The event/apparatus/context exists, but this athlete is missing in the score sheet.",WAG D,6714,2nd Spanish League,2023,Leire Vicente,ESP,WAG,senior,UB,,,individual,final,3.4,False,0,,,,,,,,,,,,,,,,,,,,[]
orphan_ad0a8b9298714d00,athlete_missing_in_score_sheet,review,"The event/apparatus/context exists, but this athlete is missing in the score sheet.",WAG D,6714,2nd Spanish League,2023,Leire Vicente,ESP,WAG,senior,VT,1,,individual,final,3.4,True,0,,,,,,,,,,,,,,,,,,,,[]
orphan_b8918cf17a9084a5,possible_context_mismatch,review,"Possible format, round, or day mismatch.",WAG D,6740,Austrian Championships,2023,Leni Bohle,AUT,WAG,senior,VT,1,,apparatus,final,4.2,True,1,suggestion_23748af6ab939b99,context_correction,0.65,"Same athlete/event/apparatus exists in the score sheet, but format, round, or day is different.",Austrian Championships,2023,Leni Bohle,AUT,WAG,senior,VT,1,,individual,final,13.25,4.2,WAG,7493,"[{""suggestion_id"": ""suggestion_23748af6ab939b99"", ""suggestion_type"": ""context_correction"", ""confidence"": 0.65, ""message"": ""Same athlete/event/apparatus exists in the score sheet, but format, round, or day is different."", ""action"": ""attach_d_score_to_target_result"", ""changes"": {""format"": {""from"": ""apparatus"", ""to"": ""individual""}, ""round"": {""from"": ""final"", ""to"": ""final""}, ""day"": {""from"": null, ""to"": null}}, ""target_result"": {""event_name"": ""Austrian Championships"", ""year"": 2023, ""athlete_name"": ""Leni Bohle"", ""country"": ""AUT"", ""discipline"": ""WAG"", ""category"": ""senior"", ""apparatus"": ""VT"", ""vt_attempt"": 1, ""day"": null, ""format"": ""individual"", ""round"": ""final"", ""score"": 13.25, ""D_score"": 4.2, ""vault_attempt_order_uncertain"": true, ""source_sheet"": ""WAG"", ""source_row"": 7493, ""target_id"": ""target_2e0700ed64623240""}}]"
orphan_316d93723c8e0c17,possible_context_mismatch,review,"Possible format, round, or day mismatch.",WAG D,6740,Austrian Championships,2023,Leni Bohle,AUT,WAG,senior,VT,2,,apparatus,final,3.8,True,1,suggestion_6583a68f0ec4baa0,context_correction,0.65,"Same athlete/event/apparatus exists in the score sheet, but format, round, or day is different.",Austrian Championships,2023,Leni Bohle,AUT,WAG,senior,VT,2,,individual,final,12.35,3.8,WAG,7493,"[{""suggestion_id"": ""suggestion_6583a68f0ec4baa0"", ""suggestion_type"": ""context_correction"", ""confidence"": 0.65, ""message"": ""Same athlete/event/apparatus exists in the score sheet, but format, round, or day is different."", ""action"": ""attach_d_score_to_target_result"", ""changes"": {""format"": {""from"": ""apparatus"", ""to"": ""individual""}, ""round"": {""from"": ""final"", ""to"": ""final""}, ""day"": {""from"": null, ""to"": null}}, ""target_result"": {""event_name"": ""Austrian Championships"", ""year"": 2023, ""athlete_name"": ""Leni Bohle"", ""country"": ""AUT"", ""discipline"": ""WAG"", ""category"": ""senior"", ""apparatus"": ""VT"", ""vt_attempt"": 2, ""day"": null, ""format"": ""individual"", ""round"": ""final"", ""score"": 12.35, ""D_score"": 3.8, ""vault_attempt_order_uncertain"": true, ""source_sheet"": ""WAG"", ""source_row"": 7493, ""target_id"": ""target_7a4bcb6adede7803""}}]"
orphan_a94dbeba995efee8,athlete_missing_in_score_sheet,review,"The event/apparatus/context exists, but this athlete is missing in the score sheet.",WAG D,6766,1st Italian Serie A,2023,Letizia Consalvi,ITA,WAG,senior,UB,,,individual,final,4.4,False,0,,,,,,,,,,,,,,,,,,,,[]
orphan_1d1a33b777ebe3cb,athlete_missing_in_score_sheet,review,"The event/apparatus/context exists, but this athlete is missing in the score sheet.",WAG D,6767,2nd Italian Serie A,2023,Letizia Consalvi,ITA,WAG,senior,UB,,,individual,final,4.3,False,0,,,,,,,,,,,,,,,,,,,,[]
orphan_3b079209d0d629d6,athlete_missing_in_score_sheet,review,"The event/apparatus/context exists, but this athlete is missing in the score sheet.",WAG D,6767,2nd Italian Serie A,2023,Letizia Consalvi,ITA,WAG,senior,VT,1,,individual,final,4.2,True,0,,,,,,,,,,,,,,,,,,,,[]
orphan_edcdf1080d53ff67,athlete_missing_in_score_sheet,review,"The event/apparatus/context exists, but this athlete is missing in the score sheet.",WAG D,6814,Chinese Championships,2023,Li Rongjinyi,CHN,WAG,senior,BB,,,team,final,5.1,False,0,,,,,,,,,,,,,,,,,,,,[]
orphan_2bc635921090f587,athlete_missing_in_score_sheet,review,"The event/apparatus/context exists, but this athlete is missing in the score sheet.",WAG D,6814,Chinese Championships,2023,Li Rongjinyi,CHN,WAG,senior,UB,,,team,final,5.1,False,0,,,,,,,,,,,,,,,,,,,,[]
orphan_4b0b3f6dc579480f,athlete_missing_in_score_sheet,review,"The event/apparatus/context exists, but this athlete is missing in the score sheet.",WAG D,6815,Chinese Championships,2023,Li Rongjinyi,CHN,WAG,senior,BB,,,individual,qualification,5.0,False,0,,,,,,,,,,,,,,,,,,,,[]
orphan_3881d7e71ff5e6aa,athlete_missing_in_score_sheet,review,"The event/apparatus/context exists, but this athlete is missing in the score sheet.",WAG D,6915,Hungarian Championships,2023,Lili Feher,HUN,WAG,senior,BB,,,individual,final,4.4,False,0,,,,,,,,,,,,,,,,,,,,[]
orphan_7650d774e4a930f9,athlete_missing_in_score_sheet,review,"The event/apparatus/context exists, but this athlete is missing in the score sheet.",WAG D,6915,Hungarian Championships,2023,Lili Feher,HUN,WAG,senior,FX,,,individual,final,3.3,False,0,,,,,,,,,,,,,,,,,,,,[]
orphan_569d84cbc6b92663,athlete_missing_in_score_sheet,review,"The event/apparatus/context exists, but this athlete is missing in the score sheet.",WAG D,6915,Hungarian Championships,2023,Lili Feher,HUN,WAG,senior,UB,,,individual,final,2.5,False,0,,,,,,,,,,,,,,,,,,,,[]
orphan_8638657e04f7e8f4,athlete_missing_in_score_sheet,review,"The event/apparatus/context exists, but this athlete is missing in the score sheet.",WAG D,6915,Hungarian Championships,2023,Lili Feher,HUN,WAG,senior,VT,1,,individual,final,3.4,True,0,,,,,,,,,,,,,,,,,,,,[]
orphan_275b6bfaa45be768,missing_final_score_for_context,review,"The athlete/event exists, but not this apparatus/context.",WAG D,6956,Hungary Masters Championships,2023,Lilla Makai,HUN,WAG,senior,VT,2,,individual,final,1.8,True,0,,,,,,,,,,,,,,,,,,,,[]
orphan_d0475001b744c371,athlete_missing_in_score_sheet,review,"The event/apparatus/context exists, but this athlete is missing in the score sheet.",WAG D,6989,1st Bundesliga,2023,Lilly-Fay Doberenz,GER,WAG,junior,BB,,,individual,final,4.3,False,0,,,,,,,,,,,,,,,,,,,,[]
orphan_3573b66fc4e59d76,athlete_missing_in_score_sheet,review,"The event/apparatus/context exists, but this athlete is missing in the score sheet.",WAG D,6989,1st Bundesliga,2023,Lilly-Fay Doberenz,GER,WAG,junior,FX,,,individual,final,3.8,False,0,,,,,,,,,,,,,,,,,,,,[]
orphan_c8cbc62e66331cc3,athlete_missing_in_score_sheet,review,"The event/apparatus/context exists, but this athlete is missing in the score sheet.",WAG D,6989,1st Bundesliga,2023,Lilly-Fay Doberenz,GER,WAG,junior,UB,,,individual,final,1.5,False,0,,,,,,,,,,,,,,,,,,,,[]
orphan_4d2dc5035c07b481,athlete_missing_in_score_sheet,review,"The event/apparatus/context exists, but this athlete is missing in the score sheet.",WAG D,6989,1st Bundesliga,2023,Lilly-Fay Doberenz,GER,WAG,junior,VT,1,,individual,final,3.8,True,0,,,,,,,,,,,,,,,,,,,,[]
orphan_e6f08f1d7f647c94,possible_context_mismatch,review,"Possible format, round, or day mismatch.",WAG D,7010,EYOF Mixed Pairs,2023,Lilou Viallat,FRA,WAG,junior,VT,1,,apparatus,final,4.2,True,1,suggestion_5e69475b3d701821,context_correction,0.65,"Same athlete/event/apparatus exists in the score sheet, but format, round, or day is different.",EYOF Mixed Pairs,2023,Lilou Viallat,FRA,WAG,junior,VT,1,,individual,qualification,12.9,4.2,WAG,7769,"[{""suggestion_id"": ""suggestion_5e69475b3d701821"", ""suggestion_type"": ""context_correction"", ""confidence"": 0.65, ""message"": ""Same athlete/event/apparatus exists in the score sheet, but format, round, or day is different."", ""action"": ""attach_d_score_to_target_result"", ""changes"": {""format"": {""from"": ""apparatus"", ""to"": ""individual""}, ""round"": {""from"": ""final"", ""to"": ""qualification""}, ""day"": {""from"": null, ""to"": null}}, ""target_result"": {""event_name"": ""EYOF Mixed Pairs"", ""year"": 2023, ""athlete_name"": ""Lilou Viallat"", ""country"": ""FRA"", ""discipline"": ""WAG"", ""category"": ""junior"", ""apparatus"": ""VT"", ""vt_attempt"": 1, ""day"": null, ""format"": ""individual"", ""round"": ""qualification"", ""score"": 12.9, ""D_score"": 4.2, ""vault_attempt_order_uncertain"": true, ""source_sheet"": ""WAG"", ""source_row"": 7769, ""target_id"": ""target_a3ccff8859450f22""}}]"
orphan_d0b751dc59cdb5de,missing_final_score_for_context,review,"The athlete/event exists, but not this apparatus/context.",WAG D,7010,EYOF Mixed Pairs,2023,Lilou Viallat,FRA,WAG,junior,VT,2,,apparatus,final,3.6,True,0,,,,,,,,,,,,,,,,,,,,[]
orphan_9bece9641fda37a7,athlete_missing_in_score_sheet,review,"The event/apparatus/context exists, but this athlete is missing in the score sheet.",WAG D,7090,1st Italian Serie A,2023,Lisa Emili,ITA,WAG,senior,FX,,,individual,final,3.5,False,0,,,,,,,,,,,,,,,,,,,,[]
orphan_b6a5d29ddcc10996,athlete_missing_in_score_sheet,review,"The event/apparatus/context exists, but this athlete is missing in the score sheet.",WAG D,7090,1st Italian Serie A,2023,Lisa Emili,ITA,WAG,senior,UB,,,individual,final,2.2,False,0,,,,,,,,,,,,,,,,,,,,[]
orphan_da1d17c24947840f,athlete_missing_in_score_sheet,review,"The event/apparatus/context exists, but this athlete is missing in the score sheet.",WAG D,7090,1st Italian Serie A,2023,Lisa Emili,ITA,WAG,senior,VT,1,,individual,final,3.0,True,0,,,,,,,,,,,,,,,,,,,,[]
orphan_70e009d6f4897585,possible_athlete_name_typo,review,Possible athlete-name typo between the D sheet and the score sheet.,WAG D,7155,Latvian Championships,2023,Livia Buliceva,LAT,WAG,junior,BB,,,individual,final,4.5,False,1,suggestion_173077fae60ad017,athlete_name_correction,0.963,D-score athlete 'Livia Buliceva' probably matches score-sheet athlete 'Liva Buliceva'.,Latvian Championships,2023,Liva Buliceva,LAT,WAG,junior,BB,,,individual,final,10.9,,WAG,7918,"[{""suggestion_id"": ""suggestion_173077fae60ad017"", ""suggestion_type"": ""athlete_name_correction"", ""confidence"": 0.963, ""message"": ""D-score athlete 'Livia Buliceva' probably matches score-sheet athlete 'Liva Buliceva'."", ""action"": ""attach_d_score_to_target_result"", ""changes"": {""athlete_name"": {""from"": ""Livia Buliceva"", ""to"": ""Liva Buliceva""}}, ""target_result"": {""event_name"": ""Latvian Championships"", ""year"": 2023, ""athlete_name"": ""Liva Buliceva"", ""country"": ""LAT"", ""discipline"": ""WAG"", ""category"": ""junior"", ""apparatus"": ""BB"", ""vt_attempt"": null, ""day"": null, ""format"": ""individual"", ""round"": ""final"", ""score"": 10.9, ""D_score"": null, ""vault_attempt_order_uncertain"": false, ""source_sheet"": ""WAG"", ""source_row"": 7918, ""target_id"": ""target_7cedaa77e1f416f6""}}]"
orphan_ef24c7ae3fe4cbde,possible_athlete_name_typo,review,Possible athlete-name typo between the D sheet and the score sheet.,WAG D,7155,Latvian Championships,2023,Livia Buliceva,LAT,WAG,junior,FX,,,individual,final,2.8,False,1,suggestion_d592dea2f7517c71,athlete_name_correction,0.963,D-score athlete 'Livia Buliceva' probably matches score-sheet athlete 'Liva Buliceva'.,Latvian Championships,2023,Liva Buliceva,LAT,WAG,junior,FX,,,individual,final,9.9,,WAG,7918,"[{""suggestion_id"": ""suggestion_d592dea2f7517c71"", ""suggestion_type"": ""athlete_name_correction"", ""confidence"": 0.963, ""message"": ""D-score athlete 'Livia Buliceva' probably matches score-sheet athlete 'Liva Buliceva'."", ""action"": ""attach_d_score_to_target_result"", ""changes"": {""athlete_name"": {""from"": ""Livia Buliceva"", ""to"": ""Liva Buliceva""}}, ""target_result"": {""event_name"": ""Latvian Championships"", ""year"": 2023, ""athlete_name"": ""Liva Buliceva"", ""country"": ""LAT"", ""discipline"": ""WAG"", ""category"": ""junior"", ""apparatus"": ""FX"", ""vt_attempt"": null, ""day"": null, ""format"": ""individual"", ""round"": ""final"", ""score"": 9.9, ""D_score"": null, ""vault_attempt_order_uncertain"": false, ""source_sheet"": ""WAG"", ""source_row"": 7918, ""target_id"": ""target_0177f9863ecb4bb1""}}]"
orphan_4f74ee98b8658ff3,possible_athlete_name_typo,review,Possible athlete-name typo between the D sheet and the score sheet.,WAG D,7155,Latvian Championships,2023,Livia Buliceva,LAT,WAG,junior,UB,,,individual,final,1.5,False,1,suggestion_934f742eb500c6c6,athlete_name_correction,0.963,D-score athlete 'Livia Buliceva' probably matches score-sheet athlete 'Liva Buliceva'.,Latvian Championships,2023,Liva Buliceva,LAT,WAG,junior,UB,,,individual,final,8.4,,WAG,7918,"[{""suggestion_id"": ""suggestion_934f742eb500c6c6"", ""suggestion_type"": ""athlete_name_correction"", ""confidence"": 0.963, ""message"": ""D-score athlete 'Livia Buliceva' probably matches score-sheet athlete 'Liva Buliceva'."", ""action"": ""attach_d_score_to_target_result"", ""changes"": {""athlete_name"": {""from"": ""Livia Buliceva"", ""to"": ""Liva Buliceva""}}, ""target_result"": {""event_name"": ""Latvian Championships"", ""year"": 2023, ""athlete_name"": ""Liva Buliceva"", ""country"": ""LAT"", ""discipline"": ""WAG"", ""category"": ""junior"", ""apparatus"": ""UB"", ""vt_attempt"": null, ""day"": null, ""format"": ""individual"", ""round"": ""final"", ""score"": 8.4, ""D_score"": null, ""vault_attempt_order_uncertain"": false, ""source_sheet"": ""WAG"", ""source_row"": 7918, ""target_id"": ""target_58945682cd83fb0d""}}]"
orphan_60238206f32b67f5,possible_athlete_name_typo,review,Possible athlete-name typo between the D sheet and the score sheet.,WAG D,7155,Latvian Championships,2023,Livia Buliceva,LAT,WAG,junior,VT,1,,individual,final,3.4,True,1,suggestion_d743f8ae24d65f12,athlete_name_correction,0.963,D-score athlete 'Livia Buliceva' probably matches score-sheet athlete 'Liva Buliceva'.,Latvian Championships,2023,Liva Buliceva,LAT,WAG,junior,VT,1,,individual,final,11.6,,WAG,7918,"[{""suggestion_id"": ""suggestion_d743f8ae24d65f12"", ""suggestion_type"": ""athlete_name_correction"", ""confidence"": 0.963, ""message"": ""D-score athlete 'Livia Buliceva' probably matches score-sheet athlete 'Liva Buliceva'."", ""action"": ""attach_d_score_to_target_result"", ""changes"": {""athlete_name"": {""from"": ""Livia Buliceva"", ""to"": ""Liva Buliceva""}}, ""target_result"": {""event_name"": ""Latvian Championships"", ""year"": 2023, ""athlete_name"": ""Liva Buliceva"", ""country"": ""LAT"", ""discipline"": ""WAG"", ""category"": ""junior"", ""apparatus"": ""VT"", ""vt_attempt"": 1, ""day"": null, ""format"": ""individual"", ""round"": ""final"", ""score"": 11.6, ""D_score"": null, ""vault_attempt_order_uncertain"": true, ""source_sheet"": ""WAG"", ""source_row"": 7918, ""target_id"": ""target_c152566282462a82""}}]"
orphan_260bf9f182eecd27,athlete_missing_in_score_sheet,review,"The event/apparatus/context exists, but this athlete is missing in the score sheet.",WAG D,7212,Chinese Championships,2023,Long Zirong,CHN,WAG,senior,BB,,,team,final,5.1,False,0,,,,,,,,,,,,,,,,,,,,[]
orphan_e78455d41f2d7856,athlete_missing_in_score_sheet,review,"The event/apparatus/context exists, but this athlete is missing in the score sheet.",WAG D,7212,Chinese Championships,2023,Long Zirong,CHN,WAG,senior,VT,1,,team,final,3.4,True,0,,,,,,,,,,,,,,,,,,,,[]
orphan_274a33605039c23b,possible_athlete_name_typo,review,Possible athlete-name typo between the D sheet and the score sheet.,WAG D,7460,2nd Bundesliga,2023,Luisa Gröschl,GER,WAG,junior,BB,,,individual,final,4.3,False,1,suggestion_aac2c92d019709a3,athlete_name_correction,0.889,D-score athlete 'Luisa Gröschl' probably matches score-sheet athlete 'Luisa Groeschl'.,2nd Bundesliga,2023,Luisa Groeschl,GER,WAG,junior,BB,,,individual,final,9.0,,WAG,8244,"[{""suggestion_id"": ""suggestion_aac2c92d019709a3"", ""suggestion_type"": ""athlete_name_correction"", ""confidence"": 0.889, ""message"": ""D-score athlete 'Luisa Gröschl' probably matches score-sheet athlete 'Luisa Groeschl'."", ""action"": ""attach_d_score_to_target_result"", ""changes"": {""athlete_name"": {""from"": ""Luisa Gröschl"", ""to"": ""Luisa Groeschl""}}, ""target_result"": {""event_name"": ""2nd Bundesliga"", ""year"": 2023, ""athlete_name"": ""Luisa Groeschl"", ""country"": ""GER"", ""discipline"": ""WAG"", ""category"": ""junior"", ""apparatus"": ""BB"", ""vt_attempt"": null, ""day"": null, ""format"": ""individual"", ""round"": ""final"", ""score"": 9.0, ""D_score"": null, ""vault_attempt_order_uncertain"": false, ""source_sheet"": ""WAG"", ""source_row"": 8244, ""target_id"": ""target_b4dc95ef63239baf""}}]"
orphan_4a1eeff7d58023b4,possible_athlete_name_typo,review,Possible athlete-name typo between the D sheet and the score sheet.,WAG D,7460,2nd Bundesliga,2023,Luisa Gröschl,GER,WAG,junior,FX,,,individual,final,3.6,False,1,suggestion_07fd20595c089fca,athlete_name_correction,0.889,D-score athlete 'Luisa Gröschl' probably matches score-sheet athlete 'Luisa Groeschl'.,2nd Bundesliga,2023,Luisa Groeschl,GER,WAG,junior,FX,,,individual,final,9.95,,WAG,8244,"[{""suggestion_id"": ""suggestion_07fd20595c089fca"", ""suggestion_type"": ""athlete_name_correction"", ""confidence"": 0.889, ""message"": ""D-score athlete 'Luisa Gröschl' probably matches score-sheet athlete 'Luisa Groeschl'."", ""action"": ""attach_d_score_to_target_result"", ""changes"": {""athlete_name"": {""from"": ""Luisa Gröschl"", ""to"": ""Luisa Groeschl""}}, ""target_result"": {""event_name"": ""2nd Bundesliga"", ""year"": 2023, ""athlete_name"": ""Luisa Groeschl"", ""country"": ""GER"", ""discipline"": ""WAG"", ""category"": ""junior"", ""apparatus"": ""FX"", ""vt_attempt"": null, ""day"": null, ""format"": ""individual"", ""round"": ""final"", ""score"": 9.95, ""D_score"": null, ""vault_attempt_order_uncertain"": false, ""source_sheet"": ""WAG"", ""source_row"": 8244, ""target_id"": ""target_c8d68673506219d3""}}]"
orphan_4b370a2aa68f5a65,possible_athlete_name_typo,review,Possible athlete-name typo between the D sheet and the score sheet.,WAG D,7460,2nd Bundesliga,2023,Luisa Gröschl,GER,WAG,junior,UB,,,individual,final,2.8,False,1,suggestion_eee72b1373506c9b,athlete_name_correction,0.889,D-score athlete 'Luisa Gröschl' probably matches score-sheet athlete 'Luisa Groeschl'.,2nd Bundesliga,2023,Luisa Groeschl,GER,WAG,junior,UB,,,individual,final,10.95,,WAG,8244,"[{""suggestion_id"": ""suggestion_eee72b1373506c9b"", ""suggestion_type"": ""athlete_name_correction"", ""confidence"": 0.889, ""message"": ""D-score athlete 'Luisa Gröschl' probably matches score-sheet athlete 'Luisa Groeschl'."", ""action"": ""attach_d_score_to_target_result"", ""changes"": {""athlete_name"": {""from"": ""Luisa Gröschl"", ""to"": ""Luisa Groeschl""}}, ""target_result"": {""event_name"": ""2nd Bundesliga"", ""year"": 2023, ""athlete_name"": ""Luisa Groeschl"", ""country"": ""GER"", ""discipline"": ""WAG"", ""category"": ""junior"", ""apparatus"": ""UB"", ""vt_attempt"": null, ""day"": null, ""format"": ""individual"", ""round"": ""final"", ""score"": 10.95, ""D_score"": null, ""vault_attempt_order_uncertain"": false, ""source_sheet"": ""WAG"", ""source_row"": 8244, ""target_id"": ""target_85b249af356c12f3""}}]"
orphan_747a746ff0f093ee,possible_athlete_name_typo,review,Possible athlete-name typo between the D sheet and the score sheet.,WAG D,7460,2nd Bundesliga,2023,Luisa Gröschl,GER,WAG,junior,VT,1,,individual,final,3.6,True,1,suggestion_c8d4c14fb0b5887d,athlete_name_correction,0.889,D-score athlete 'Luisa Gröschl' probably matches score-sheet athlete 'Luisa Groeschl'.,2nd Bundesliga,2023,Luisa Groeschl,GER,WAG,junior,VT,1,,individual,final,12.1,,WAG,8244,"[{""suggestion_id"": ""suggestion_c8d4c14fb0b5887d"", ""suggestion_type"": ""athlete_name_correction"", ""confidence"": 0.889, ""message"": ""D-score athlete 'Luisa Gröschl' probably matches score-sheet athlete 'Luisa Groeschl'."", ""action"": ""attach_d_score_to_target_result"", ""changes"": {""athlete_name"": {""from"": ""Luisa Gröschl"", ""to"": ""Luisa Groeschl""}}, ""target_result"": {""event_name"": ""2nd Bundesliga"", ""year"": 2023, ""athlete_name"": ""Luisa Groeschl"", ""country"": ""GER"", ""discipline"": ""WAG"", ""category"": ""junior"", ""apparatus"": ""VT"", ""vt_attempt"": 1, ""day"": null, ""format"": ""individual"", ""round"": ""final"", ""score"": 12.1, ""D_score"": null, ""vault_attempt_order_uncertain"": true, ""source_sheet"": ""WAG"", ""source_row"": 8244, ""target_id"": ""target_60e859e136864612""}}]"
orphan_3bddab33b33103bf,possible_athlete_name_typo,review,Possible athlete-name typo between the D sheet and the score sheet.,WAG D,7461,German Junior Championships,2023,Luisa Gröschl,GER,WAG,junior,BB,,,individual,final,4.3,False,1,suggestion_9cc25b64a88502fc,athlete_name_correction,0.889,D-score athlete 'Luisa Gröschl' probably matches score-sheet athlete 'Luisa Groeschl'.,German Junior Championships,2023,Luisa Groeschl,GER,WAG,junior,BB,,,individual,final,10.2,,WAG,8241,"[{""suggestion_id"": ""suggestion_9cc25b64a88502fc"", ""suggestion_type"": ""athlete_name_correction"", ""confidence"": 0.889, ""message"": ""D-score athlete 'Luisa Gröschl' probably matches score-sheet athlete 'Luisa Groeschl'."", ""action"": ""attach_d_score_to_target_result"", ""changes"": {""athlete_name"": {""from"": ""Luisa Gröschl"", ""to"": ""Luisa Groeschl""}}, ""target_result"": {""event_name"": ""German Junior Championships"", ""year"": 2023, ""athlete_name"": ""Luisa Groeschl"", ""country"": ""GER"", ""discipline"": ""WAG"", ""category"": ""junior"", ""apparatus"": ""BB"", ""vt_attempt"": null, ""day"": null, ""format"": ""individual"", ""round"": ""final"", ""score"": 10.2, ""D_score"": null, ""vault_attempt_order_uncertain"": false, ""source_sheet"": ""WAG"", ""source_row"": 8241, ""target_id"": ""target_798ba74e249435ec""}}]"
orphan_d8f8c586e929b1d8,possible_athlete_name_typo,review,Possible athlete-name typo between the D sheet and the score sheet.,WAG D,7461,German Junior Championships,2023,Luisa Gröschl,GER,WAG,junior,FX,,,individual,final,3.4,False,1,suggestion_e1434cf83d5f65d1,athlete_name_correction,0.889,D-score athlete 'Luisa Gröschl' probably matches score-sheet athlete 'Luisa Groeschl'.,German Junior Championships,2023,Luisa Groeschl,GER,WAG,junior,FX,,,individual,final,11.133,,WAG,8241,"[{""suggestion_id"": ""suggestion_e1434cf83d5f65d1"", ""suggestion_type"": ""athlete_name_correction"", ""confidence"": 0.889, ""message"": ""D-score athlete 'Luisa Gröschl' probably matches score-sheet athlete 'Luisa Groeschl'."", ""action"": ""attach_d_score_to_target_result"", ""changes"": {""athlete_name"": {""from"": ""Luisa Gröschl"", ""to"": ""Luisa Groeschl""}}, ""target_result"": {""event_name"": ""German Junior Championships"", ""year"": 2023, ""athlete_name"": ""Luisa Groeschl"", ""country"": ""GER"", ""discipline"": ""WAG"", ""category"": ""junior"", ""apparatus"": ""FX"", ""vt_attempt"": null, ""day"": null, ""format"": ""individual"", ""round"": ""final"", ""score"": 11.133, ""D_score"": null, ""vault_attempt_order_uncertain"": false, ""source_sheet"": ""WAG"", ""source_row"": 8241, ""target_id"": ""target_bddfded682fd188b""}}]"
orphan_c20528477be739c8,possible_athlete_name_typo,review,Possible athlete-name typo between the D sheet and the score sheet.,WAG D,7461,German Junior Championships,2023,Luisa Gröschl,GER,WAG,junior,UB,,,individual,final,2.8,False,1,suggestion_43e76ff880f8f1d5,athlete_name_correction,0.889,D-score athlete 'Luisa Gröschl' probably matches score-sheet athlete 'Luisa Groeschl'.,German Junior Championships,2023,Luisa Groeschl,GER,WAG,junior,UB,,,individual,final,10.6,,WAG,8241,"[{""suggestion_id"": ""suggestion_43e76ff880f8f1d5"", ""suggestion_type"": ""athlete_name_correction"", ""confidence"": 0.889, ""message"": ""D-score athlete 'Luisa Gröschl' probably matches score-sheet athlete 'Luisa Groeschl'."", ""action"": ""attach_d_score_to_target_result"", ""changes"": {""athlete_name"": {""from"": ""Luisa Gröschl"", ""to"": ""Luisa Groeschl""}}, ""target_result"": {""event_name"": ""German Junior Championships"", ""year"": 2023, ""athlete_name"": ""Luisa Groeschl"", ""country"": ""GER"", ""discipline"": ""WAG"", ""category"": ""junior"", ""apparatus"": ""UB"", ""vt_attempt"": null, ""day"": null, ""format"": ""individual"", ""round"": ""final"", ""score"": 10.6, ""D_score"": null, ""vault_attempt_order_uncertain"": false, ""source_sheet"": ""WAG"", ""source_row"": 8241, ""target_id"": ""target_fdbf07af2f8bfd10""}}]"
orphan_eb530deadaf78904,possible_athlete_name_typo,review,Possible athlete-name typo between the D sheet and the score sheet.,WAG D,7461,German Junior Championships,2023,Luisa Gröschl,GER,WAG,junior,VT,1,,individual,final,3.6,True,1,suggestion_01c21f7ee2ac9f8a,athlete_name_correction,0.889,D-score athlete 'Luisa Gröschl' probably matches score-sheet athlete 'Luisa Groeschl'.,German Junior Championships,2023,Luisa Groeschl,GER,WAG,junior,VT,1,,individual,final,12.133,,WAG,8241,"[{""suggestion_id"": ""suggestion_01c21f7ee2ac9f8a"", ""suggestion_type"": ""athlete_name_correction"", ""confidence"": 0.889, ""message"": ""D-score athlete 'Luisa Gröschl' probably matches score-sheet athlete 'Luisa Groeschl'."", ""action"": ""attach_d_score_to_target_result"", ""changes"": {""athlete_name"": {""from"": ""Luisa Gröschl"", ""to"": ""Luisa Groeschl""}}, ""target_result"": {""event_name"": ""German Junior Championships"", ""year"": 2023, ""athlete_name"": ""Luisa Groeschl"", ""country"": ""GER"", ""discipline"": ""WAG"", ""category"": ""junior"", ""apparatus"": ""VT"", ""vt_attempt"": 1, ""day"": null, ""format"": ""individual"", ""round"": ""final"", ""score"": 12.133, ""D_score"": null, ""vault_attempt_order_uncertain"": true, ""source_sheet"": ""WAG"", ""source_row"": 8241, ""target_id"": ""target_9b516cdaadac46d6""}}]"
orphan_e5cf7e9afae0852b,possible_athlete_name_typo,review,Possible athlete-name typo between the D sheet and the score sheet.,WAG D,7462,1st Bundesliga,2023,Luisa Gröschl,GER,WAG,junior,BB,,,individual,final,4.3,False,1,suggestion_dfcebf2d85fc285f,athlete_name_correction,0.889,D-score athlete 'Luisa Gröschl' probably matches score-sheet athlete 'Luisa Groeschl'.,1st Bundesliga,2023,Luisa Groeschl,GER,WAG,junior,BB,,,individual,final,11.95,,WAG,8245,"[{""suggestion_id"": ""suggestion_dfcebf2d85fc285f"", ""suggestion_type"": ""athlete_name_correction"", ""confidence"": 0.889, ""message"": ""D-score athlete 'Luisa Gröschl' probably matches score-sheet athlete 'Luisa Groeschl'."", ""action"": ""attach_d_score_to_target_result"", ""changes"": {""athlete_name"": {""from"": ""Luisa Gröschl"", ""to"": ""Luisa Groeschl""}}, ""target_result"": {""event_name"": ""1st Bundesliga"", ""year"": 2023, ""athlete_name"": ""Luisa Groeschl"", ""country"": ""GER"", ""discipline"": ""WAG"", ""category"": ""junior"", ""apparatus"": ""BB"", ""vt_attempt"": null, ""day"": null, ""format"": ""individual"", ""round"": ""final"", ""score"": 11.95, ""D_score"": null, ""vault_attempt_order_uncertain"": false, ""source_sheet"": ""WAG"", ""source_row"": 8245, ""target_id"": ""target_f3b46d1d774545fd""}}]"
orphan_44a8a252bc4273d0,possible_athlete_name_typo,review,Possible athlete-name typo between the D sheet and the score sheet.,WAG D,7463,German Junior Championships,2023,Luisa Gröschl,GER,WAG,junior,UB,,,apparatus,final,2.8,False,1,suggestion_1bd6614858a9428d,athlete_name_correction,0.889,D-score athlete 'Luisa Gröschl' probably matches score-sheet athlete 'Luisa Groeschl'.,German Junior Championships,2023,Luisa Groeschl,GER,WAG,junior,UB,,,apparatus,final,10.967,,WAG,8246,"[{""suggestion_id"": ""suggestion_1bd6614858a9428d"", ""suggestion_type"": ""athlete_name_correction"", ""confidence"": 0.889, ""message"": ""D-score athlete 'Luisa Gröschl' probably matches score-sheet athlete 'Luisa Groeschl'."", ""action"": ""attach_d_score_to_target_result"", ""changes"": {""athlete_name"": {""from"": ""Luisa Gröschl"", ""to"": ""Luisa Groeschl""}}, ""target_result"": {""event_name"": ""German Junior Championships"", ""year"": 2023, ""athlete_name"": ""Luisa Groeschl"", ""country"": ""GER"", ""discipline"": ""WAG"", ""category"": ""junior"", ""apparatus"": ""UB"", ""vt_attempt"": null, ""day"": null, ""format"": ""apparatus"", ""round"": ""final"", ""score"": 10.967, ""D_score"": null, ""vault_attempt_order_uncertain"": false, ""source_sheet"": ""WAG"", ""source_row"": 8246, ""target_id"": ""target_4994f12f4e49880b""}}]"
orphan_4373f53cf2242379,possible_athlete_name_typo,review,Possible athlete-name typo between the D sheet and the score sheet.,WAG D,7463,German Junior Championships,2023,Luisa Gröschl,GER,WAG,junior,VT,1,,apparatus,final,3.6,True,1,suggestion_a45d1fe392106315,athlete_name_correction,0.889,D-score athlete 'Luisa Gröschl' probably matches score-sheet athlete 'Luisa Groeschl'.,German Junior Championships,2023,Luisa Groeschl,GER,WAG,junior,VT,1,,apparatus,final,12.4,,WAG,8246,"[{""suggestion_id"": ""suggestion_a45d1fe392106315"", ""suggestion_type"": ""athlete_name_correction"", ""confidence"": 0.889, ""message"": ""D-score athlete 'Luisa Gröschl' probably matches score-sheet athlete 'Luisa Groeschl'."", ""action"": ""attach_d_score_to_target_result"", ""changes"": {""athlete_name"": {""from"": ""Luisa Gröschl"", ""to"": ""Luisa Groeschl""}}, ""target_result"": {""event_name"": ""German Junior Championships"", ""year"": 2023, ""athlete_name"": ""Luisa Groeschl"", ""country"": ""GER"", ""discipline"": ""WAG"", ""category"": ""junior"", ""apparatus"": ""VT"", ""vt_attempt"": 1, ""day"": null, ""format"": ""apparatus"", ""round"": ""final"", ""score"": 12.4, ""D_score"": null, ""vault_attempt_order_uncertain"": true, ""source_sheet"": ""WAG"", ""source_row"": 8246, ""target_id"": ""target_71c8cf3b559bfad6""}}]"
orphan_1fc2a03f5288e08b,possible_context_mismatch,review,"Possible format, round, or day mismatch.",WAG D,7523,Top Gym Tournament,2023,Lyelle Mesdagh,BEL,WAG,junior,VT,2,,individual,final,3.6,True,1,suggestion_ff8c69358301736f,context_correction,0.65,"Same athlete/event/apparatus exists in the score sheet, but format, round, or day is different.",Top Gym Tournament,2023,Lyelle Mesdagh,BEL,WAG,junior,VT,2,,apparatus,final,11.9,3.6,WAG,8317,"[{""suggestion_id"": ""suggestion_ff8c69358301736f"", ""suggestion_type"": ""context_correction"", ""confidence"": 0.65, ""message"": ""Same athlete/event/apparatus exists in the score sheet, but format, round, or day is different."", ""action"": ""attach_d_score_to_target_result"", ""changes"": {""format"": {""from"": ""individual"", ""to"": ""apparatus""}, ""round"": {""from"": ""final"", ""to"": ""final""}, ""day"": {""from"": null, ""to"": null}}, ""target_result"": {""event_name"": ""Top Gym Tournament"", ""year"": 2023, ""athlete_name"": ""Lyelle Mesdagh"", ""country"": ""BEL"", ""discipline"": ""WAG"", ""category"": ""junior"", ""apparatus"": ""VT"", ""vt_attempt"": 2, ""day"": null, ""format"": ""apparatus"", ""round"": ""final"", ""score"": 11.9, ""D_score"": 3.6, ""vault_attempt_order_uncertain"": true, ""source_sheet"": ""WAG"", ""source_row"": 8317, ""target_id"": ""target_094bb905369b91eb""}}]"
orphan_67343e49f4606bbb,missing_final_score_for_context,review,"The athlete/event exists, but not this apparatus/context.",WAG D,7540,Indian Junior Championships,2023,M. Siri Reddy,IND,WAG,junior,VT,2,,individual,final,3.6,True,0,,,,,,,,,,,,,,,,,,,,[]
orphan_9c9a733ff4938496,athlete_missing_in_score_sheet,review,"The event/apparatus/context exists, but this athlete is missing in the score sheet.",WAG D,7629,Top 12 Series 1,2023,Maelys Mrozkowiak,FRA,WAG,senior,UB,,,individual,final,3.5,False,0,,,,,,,,,,,,,,,,,,,,[]
orphan_d16fab3ab4546a8a,missing_final_score_for_context,review,"The athlete/event exists, but not this apparatus/context.",WAG D,7685,Indian Junior Championships,2023,Mahi,IND,WAG,junior,VT,2,,individual,final,2.4,True,0,,,,,,,,,,,,,,,,,,,,[]
orphan_6d7e849cb357d6dd,athlete_missing_in_score_sheet,review,"The event/apparatus/context exists, but this athlete is missing in the score sheet.",WAG D,7872,Top 12 Series 1 (2024 Season),2024,Manon Milan,FRA,WAG,senior,VT,1,,individual,final,3.4,True,0,,,,,,,,,,,,,,,,,,,,[]
orphan_82dce421c67d5497,athlete_missing_in_score_sheet,review,"The event/apparatus/context exists, but this athlete is missing in the score sheet.",WAG D,7896,2nd Spanish League,2023,Mar Royo,ESP,WAG,senior,BB,,,individual,final,4.0,False,0,,,,,,,,,,,,,,,,,,,,[]
orphan_fe0033d89b962cdd,athlete_missing_in_score_sheet,review,"The event/apparatus/context exists, but this athlete is missing in the score sheet.",WAG D,7896,2nd Spanish League,2023,Mar Royo,ESP,WAG,senior,FX,,,individual,final,4.1,False,0,,,,,,,,,,,,,,,,,,,,[]
orphan_5c4b7a37a560bbd7,athlete_missing_in_score_sheet,review,"The event/apparatus/context exists, but this athlete is missing in the score sheet.",WAG D,7896,2nd Spanish League,2023,Mar Royo,ESP,WAG,senior,UB,,,individual,final,2.9,False,0,,,,,,,,,,,,,,,,,,,,[]
orphan_79da6682e7d7dbf2,athlete_missing_in_score_sheet,review,"The event/apparatus/context exists, but this athlete is missing in the score sheet.",WAG D,7896,2nd Spanish League,2023,Mar Royo,ESP,WAG,senior,VT,1,,individual,final,3.4,True,0,,,,,,,,,,,,,,,,,,,,[]
orphan_1be5b2ef13940c2d,athlete_missing_in_score_sheet,review,"The event/apparatus/context exists, but this athlete is missing in the score sheet.",WAG D,7897,3rd Spanish League,2023,Mar Royo,ESP,WAG,senior,BB,,,individual,final,3.6,False,0,,,,,,,,,,,,,,,,,,,,[]
orphan_c4011516167baf33,athlete_missing_in_score_sheet,review,"The event/apparatus/context exists, but this athlete is missing in the score sheet.",WAG D,7936,Mälar Cup,2023,Maren Heggen,NOR,WAG,senior,BB,,,individual,final,3.5,False,0,,,,,,,,,,,,,,,,,,,,[]
orphan_2028bb0df640f0af,athlete_missing_in_score_sheet,review,"The event/apparatus/context exists, but this athlete is missing in the score sheet.",WAG D,7936,Mälar Cup,2023,Maren Heggen,NOR,WAG,senior,FX,,,individual,final,4.1,False,0,,,,,,,,,,,,,,,,,,,,[]
orphan_df6b586cc9f13a08,athlete_missing_in_score_sheet,review,"The event/apparatus/context exists, but this athlete is missing in the score sheet.",WAG D,7936,Mälar Cup,2023,Maren Heggen,NOR,WAG,senior,UB,,,individual,final,1.8,False,0,,,,,,,,,,,,,,,,,,,,[]
orphan_4a9e678e2029a60e,athlete_missing_in_score_sheet,review,"The event/apparatus/context exists, but this athlete is missing in the score sheet.",WAG D,7936,Mälar Cup,2023,Maren Heggen,NOR,WAG,senior,VT,1,,individual,final,3.2,True,0,,,,,,,,,,,,,,,,,,,,[]
orphan_b9cb91f490fbb23b,athlete_missing_in_score_sheet,review,"The event/apparatus/context exists, but this athlete is missing in the score sheet.",WAG D,7936,Mälar Cup,2023,Maren Heggen,NOR,WAG,senior,VT,2,,individual,final,3.2,True,0,,,,,,,,,,,,,,,,,,,,[]
orphan_5543d0d4222e505e,athlete_missing_in_score_sheet,review,"The event/apparatus/context exists, but this athlete is missing in the score sheet.",WAG D,7937,Norwegian Championships,2023,Maren Heggen,NOR,WAG,senior,BB,,,individual,final,3.6,False,0,,,,,,,,,,,,,,,,,,,,[]
orphan_3d452d8d5e92fd05,athlete_missing_in_score_sheet,review,"The event/apparatus/context exists, but this athlete is missing in the score sheet.",WAG D,7937,Norwegian Championships,2023,Maren Heggen,NOR,WAG,senior,FX,,,individual,final,4.0,False,0,,,,,,,,,,,,,,,,,,,,[]
orphan_e026666e8b636355,athlete_missing_in_score_sheet,review,"The event/apparatus/context exists, but this athlete is missing in the score sheet.",WAG D,7937,Norwegian Championships,2023,Maren Heggen,NOR,WAG,senior,UB,,,individual,final,1.9,False,0,,,,,,,,,,,,,,,,,,,,[]
orphan_4582743833263de6,athlete_missing_in_score_sheet,review,"The event/apparatus/context exists, but this athlete is missing in the score sheet.",WAG D,7937,Norwegian Championships,2023,Maren Heggen,NOR,WAG,senior,VT,1,,individual,final,3.2,True,0,,,,,,,,,,,,,,,,,,,,[]
orphan_7f09753efd4caaea,athlete_missing_in_score_sheet,review,"The event/apparatus/context exists, but this athlete is missing in the score sheet.",WAG D,7937,Norwegian Championships,2023,Maren Heggen,NOR,WAG,senior,VT,2,,individual,final,3.4,True,0,,,,,,,,,,,,,,,,,,,,[]
orphan_7197a3b64884ce4f,athlete_missing_in_score_sheet,review,"The event/apparatus/context exists, but this athlete is missing in the score sheet.",WAG D,7938,Unni & Haralds Trophy,2023,Maren Heggen,NOR,WAG,senior,BB,,,individual,final,3.5,False,0,,,,,,,,,,,,,,,,,,,,[]
orphan_d3e41cc79e411f8b,athlete_missing_in_score_sheet,review,"The event/apparatus/context exists, but this athlete is missing in the score sheet.",WAG D,7938,Unni & Haralds Trophy,2023,Maren Heggen,NOR,WAG,senior,FX,,,individual,final,3.4,False,0,,,,,,,,,,,,,,,,,,,,[]
orphan_fb7d38ad12208cc4,athlete_missing_in_score_sheet,review,"The event/apparatus/context exists, but this athlete is missing in the score sheet.",WAG D,7938,Unni & Haralds Trophy,2023,Maren Heggen,NOR,WAG,senior,UB,,,individual,final,1.3,False,0,,,,,,,,,,,,,,,,,,,,[]
orphan_8090bb8a2bbef916,athlete_missing_in_score_sheet,review,"The event/apparatus/context exists, but this athlete is missing in the score sheet.",WAG D,7938,Unni & Haralds Trophy,2023,Maren Heggen,NOR,WAG,senior,VT,1,,individual,final,3.4,True,0,,,,,,,,,,,,,,,,,,,,[]
orphan_cc9b199b786c38d9,athlete_missing_in_score_sheet,review,"The event/apparatus/context exists, but this athlete is missing in the score sheet.",WAG D,8011,Zelena Jama Open,2023,Maria Curca Dragan,ROU,WAG,junior,BB,,,individual,final,4.0,False,0,,,,,,,,,,,,,,,,,,,,[]
orphan_986300450756bfe5,athlete_missing_in_score_sheet,review,"The event/apparatus/context exists, but this athlete is missing in the score sheet.",WAG D,8011,Zelena Jama Open,2023,Maria Curca Dragan,ROU,WAG,junior,FX,,,individual,final,3.1,False,0,,,,,,,,,,,,,,,,,,,,[]
orphan_b30e7302cd7f9303,athlete_missing_in_score_sheet,review,"The event/apparatus/context exists, but this athlete is missing in the score sheet.",WAG D,8011,Zelena Jama Open,2023,Maria Curca Dragan,ROU,WAG,junior,UB,,,individual,final,2.9,False,0,,,,,,,,,,,,,,,,,,,,[]
orphan_52dcc9d8484fa4b3,athlete_missing_in_score_sheet,review,"The event/apparatus/context exists, but this athlete is missing in the score sheet.",WAG D,8011,Zelena Jama Open,2023,Maria Curca Dragan,ROU,WAG,junior,VT,1,,individual,final,3.0,True,0,,,,,,,,,,,,,,,,,,,,[]
orphan_f72e12cf2b5d0b81,athlete_missing_in_score_sheet,review,"The event/apparatus/context exists, but this athlete is missing in the score sheet.",WAG D,8035,Spanish League Final,2023,Maria Garcia,ESP,WAG,senior,BB,,,individual,final,3.7,False,0,,,,,,,,,,,,,,,,,,,,[]
orphan_ed029d663fb6a248,athlete_missing_in_score_sheet,review,"The event/apparatus/context exists, but this athlete is missing in the score sheet.",WAG D,8035,Spanish League Final,2023,Maria Garcia,ESP,WAG,senior,FX,,,individual,final,3.2,False,0,,,,,,,,,,,,,,,,,,,,[]
orphan_60bdab47f868366e,athlete_missing_in_score_sheet,review,"The event/apparatus/context exists, but this athlete is missing in the score sheet.",WAG D,8035,Spanish League Final,2023,Maria Garcia,ESP,WAG,senior,UB,,,individual,final,1.2,False,0,,,,,,,,,,,,,,,,,,,,[]
orphan_89183d8bf3042a17,athlete_missing_in_score_sheet,review,"The event/apparatus/context exists, but this athlete is missing in the score sheet.",WAG D,8035,Spanish League Final,2023,Maria Garcia,ESP,WAG,senior,VT,1,,individual,final,3.2,True,0,,,,,,,,,,,,,,,,,,,,[]
orphan_3987083f028f120d,athlete_missing_in_score_sheet,review,"The event/apparatus/context exists, but this athlete is missing in the score sheet.",WAG D,8036,3rd Spanish League,2023,Maria Garcia,ESP,WAG,senior,BB,,,individual,final,3.4,False,0,,,,,,,,,,,,,,,,,,,,[]
orphan_a3d42829b307f3c1,athlete_missing_in_score_sheet,review,"The event/apparatus/context exists, but this athlete is missing in the score sheet.",WAG D,8036,3rd Spanish League,2023,Maria Garcia,ESP,WAG,senior,FX,,,individual,final,3.2,False,0,,,,,,,,,,,,,,,,,,,,[]
orphan_31af1ec5b773264d,athlete_missing_in_score_sheet,review,"The event/apparatus/context exists, but this athlete is missing in the score sheet.",WAG D,8036,3rd Spanish League,2023,Maria Garcia,ESP,WAG,senior,UB,,,individual,final,1.0,False,0,,,,,,,,,,,,,,,,,,,,[]
orphan_bba29af1e0c2031f,athlete_missing_in_score_sheet,review,"The event/apparatus/context exists, but this athlete is missing in the score sheet.",WAG D,8036,3rd Spanish League,2023,Maria Garcia,ESP,WAG,senior,VT,1,,individual,final,3.2,True,0,,,,,,,,,,,,,,,,,,,,[]
orphan_cec0c134009a4c0b,athlete_missing_in_score_sheet,review,"The event/apparatus/context exists, but this athlete is missing in the score sheet.",WAG D,8037,2nd Spanish League,2023,Maria Garcia,ESP,WAG,senior,BB,,,individual,final,3.7,False,0,,,,,,,,,,,,,,,,,,,,[]
orphan_447843701db5a43d,athlete_missing_in_score_sheet,review,"The event/apparatus/context exists, but this athlete is missing in the score sheet.",WAG D,8037,2nd Spanish League,2023,Maria Garcia,ESP,WAG,senior,FX,,,individual,final,3.1,False,0,,,,,,,,,,,,,,,,,,,,[]
orphan_59852701ad2b048d,athlete_missing_in_score_sheet,review,"The event/apparatus/context exists, but this athlete is missing in the score sheet.",WAG D,8037,2nd Spanish League,2023,Maria Garcia,ESP,WAG,senior,UB,,,individual,final,1.9,False,0,,,,,,,,,,,,,,,,,,,,[]
orphan_c4f26c7246d1f785,athlete_missing_in_score_sheet,review,"The event/apparatus/context exists, but this athlete is missing in the score sheet.",WAG D,8060,Pan American Championships,2023,Maria Jose Villegas,COL,WAG,senior,BB,,,individual,final,4.3,False,0,,,,,,,,,,,,,,,,,,,,[]
orphan_54908270d97f4dd2,athlete_missing_in_score_sheet,review,"The event/apparatus/context exists, but this athlete is missing in the score sheet.",WAG D,8060,Pan American Championships,2023,Maria Jose Villegas,COL,WAG,senior,FX,,,individual,final,4.2,False,0,,,,,,,,,,,,,,,,,,,,[]
orphan_32667ae206215855,athlete_missing_in_score_sheet,review,"The event/apparatus/context exists, but this athlete is missing in the score sheet.",WAG D,8060,Pan American Championships,2023,Maria Jose Villegas,COL,WAG,senior,VT,1,,individual,final,3.2,True,0,,,,,,,,,,,,,,,,,,,,[]
orphan_ac25dc197218985b,athlete_missing_in_score_sheet,review,"The event/apparatus/context exists, but this athlete is missing in the score sheet.",WAG D,8241,1st Italian Serie A,2023,Marina Escudero,ITA,WAG,senior,BB,,,individual,final,4.4,False,0,,,,,,,,,,,,,,,,,,,,[]
orphan_b862b6bbe3df5db2,athlete_missing_in_score_sheet,review,"The event/apparatus/context exists, but this athlete is missing in the score sheet.",WAG D,8241,1st Italian Serie A,2023,Marina Escudero,ITA,WAG,senior,UB,,,individual,final,3.9,False,0,,,,,,,,,,,,,,,,,,,,[]
orphan_7507ea0ea7a07555,athlete_missing_in_score_sheet,review,"The event/apparatus/context exists, but this athlete is missing in the score sheet.",WAG D,8242,2nd Italian Serie A,2023,Marina Escudero,ITA,WAG,senior,BB,,,individual,final,4.4,False,0,,,,,,,,,,,,,,,,,,,,[]
orphan_34a625bafd68dede,athlete_missing_in_score_sheet,review,"The event/apparatus/context exists, but this athlete is missing in the score sheet.",WAG D,8242,2nd Italian Serie A,2023,Marina Escudero,ITA,WAG,senior,UB,,,individual,final,3.9,False,0,,,,,,,,,,,,,,,,,,,,[]
orphan_a1e6ec1d60358321,athlete_missing_in_score_sheet,review,"The event/apparatus/context exists, but this athlete is missing in the score sheet.",WAG D,8243,3rd Spanish League,2023,Marina Escudero,ESP,WAG,senior,BB,,,individual,final,4.4,False,0,,,,,,,,,,,,,,,,,,,,[]
orphan_93f5e9b821fba26c,athlete_missing_in_score_sheet,review,"The event/apparatus/context exists, but this athlete is missing in the score sheet.",WAG D,8243,3rd Spanish League,2023,Marina Escudero,ESP,WAG,senior,FX,,,individual,final,4.2,False,0,,,,,,,,,,,,,,,,,,,,[]
orphan_b9b12854dc7386f4,athlete_missing_in_score_sheet,review,"The event/apparatus/context exists, but this athlete is missing in the score sheet.",WAG D,8243,3rd Spanish League,2023,Marina Escudero,ESP,WAG,senior,UB,,,individual,final,3.3,False,0,,,,,,,,,,,,,,,,,,,,[]
orphan_8a9752ea38481853,athlete_missing_in_score_sheet,review,"The event/apparatus/context exists, but this athlete is missing in the score sheet.",WAG D,8243,3rd Spanish League,2023,Marina Escudero,ESP,WAG,senior,VT,1,,individual,final,3.6,True,0,,,,,,,,,,,,,,,,,,,,[]
orphan_87b775034cb63b61,athlete_missing_in_score_sheet,review,"The event/apparatus/context exists, but this athlete is missing in the score sheet.",WAG D,8244,2nd Spanish League,2023,Marina Escudero,ESP,WAG,senior,BB,,,individual,final,4.4,False,0,,,,,,,,,,,,,,,,,,,,[]
orphan_448f2f01dfe05b09,athlete_missing_in_score_sheet,review,"The event/apparatus/context exists, but this athlete is missing in the score sheet.",WAG D,8244,2nd Spanish League,2023,Marina Escudero,ESP,WAG,senior,FX,,,individual,final,3.8,False,0,,,,,,,,,,,,,,,,,,,,[]
orphan_111b10a98336b8e0,athlete_missing_in_score_sheet,review,"The event/apparatus/context exists, but this athlete is missing in the score sheet.",WAG D,8244,2nd Spanish League,2023,Marina Escudero,ESP,WAG,senior,UB,,,individual,final,3.9,False,0,,,,,,,,,,,,,,,,,,,,[]
orphan_e139812b0e3ea9d2,athlete_missing_in_score_sheet,review,"The event/apparatus/context exists, but this athlete is missing in the score sheet.",WAG D,8244,2nd Spanish League,2023,Marina Escudero,ESP,WAG,senior,VT,1,,individual,final,3.2,True,0,,,,,,,,,,,,,,,,,,,,[]
orphan_ac96e75d0aa73d72,possible_athlete_name_typo,review,Possible athlete-name typo between the D sheet and the score sheet.,WAG D,8280,Australian Junior Classic,2023,Marissa Zaiful Azian,MAS,WAG,junior,BB,,,individual,final,4.3,False,1,suggestion_f3d604ce88d435b5,athlete_name_correction,0.95,D-score athlete 'Marissa Zaiful Azian' probably matches score-sheet athlete 'Marissa Zaiful Azlan'.,Australian Junior Classic,2023,Marissa Zaiful Azlan,MAS,WAG,junior,BB,,,individual,final,11.65,,WAG,9133,"[{""suggestion_id"": ""suggestion_f3d604ce88d435b5"", ""suggestion_type"": ""athlete_name_correction"", ""confidence"": 0.95, ""message"": ""D-score athlete 'Marissa Zaiful Azian' probably matches score-sheet athlete 'Marissa Zaiful Azlan'."", ""action"": ""attach_d_score_to_target_result"", ""changes"": {""athlete_name"": {""from"": ""Marissa Zaiful Azian"", ""to"": ""Marissa Zaiful Azlan""}}, ""target_result"": {""event_name"": ""Australian Junior Classic"", ""year"": 2023, ""athlete_name"": ""Marissa Zaiful Azlan"", ""country"": ""MAS"", ""discipline"": ""WAG"", ""category"": ""junior"", ""apparatus"": ""BB"", ""vt_attempt"": null, ""day"": null, ""format"": ""individual"", ""round"": ""final"", ""score"": 11.65, ""D_score"": null, ""vault_attempt_order_uncertain"": false, ""source_sheet"": ""WAG"", ""source_row"": 9133, ""target_id"": ""target_df3fdde7e6674598""}}]"
orphan_0b71b6939b4382ca,possible_athlete_name_typo,review,Possible athlete-name typo between the D sheet and the score sheet.,WAG D,8280,Australian Junior Classic,2023,Marissa Zaiful Azian,MAS,WAG,junior,FX,,,individual,final,4.3,False,1,suggestion_03036ec9e72db93d,athlete_name_correction,0.95,D-score athlete 'Marissa Zaiful Azian' probably matches score-sheet athlete 'Marissa Zaiful Azlan'.,Australian Junior Classic,2023,Marissa Zaiful Azlan,MAS,WAG,junior,FX,,,individual,final,12.0,,WAG,9133,"[{""suggestion_id"": ""suggestion_03036ec9e72db93d"", ""suggestion_type"": ""athlete_name_correction"", ""confidence"": 0.95, ""message"": ""D-score athlete 'Marissa Zaiful Azian' probably matches score-sheet athlete 'Marissa Zaiful Azlan'."", ""action"": ""attach_d_score_to_target_result"", ""changes"": {""athlete_name"": {""from"": ""Marissa Zaiful Azian"", ""to"": ""Marissa Zaiful Azlan""}}, ""target_result"": {""event_name"": ""Australian Junior Classic"", ""year"": 2023, ""athlete_name"": ""Marissa Zaiful Azlan"", ""country"": ""MAS"", ""discipline"": ""WAG"", ""category"": ""junior"", ""apparatus"": ""FX"", ""vt_attempt"": null, ""day"": null, ""format"": ""individual"", ""round"": ""final"", ""score"": 12.0, ""D_score"": null, ""vault_attempt_order_uncertain"": false, ""source_sheet"": ""WAG"", ""source_row"": 9133, ""target_id"": ""target_0ca8343980ca81dc""}}]"
orphan_1cbe37249cd85b83,possible_athlete_name_typo,review,Possible athlete-name typo between the D sheet and the score sheet.,WAG D,8280,Australian Junior Classic,2023,Marissa Zaiful Azian,MAS,WAG,junior,UB,,,individual,final,2.9,False,1,suggestion_1e49514c0dac6857,athlete_name_correction,0.95,D-score athlete 'Marissa Zaiful Azian' probably matches score-sheet athlete 'Marissa Zaiful Azlan'.,Australian Junior Classic,2023,Marissa Zaiful Azlan,MAS,WAG,junior,UB,,,individual,final,8.85,,WAG,9133,"[{""suggestion_id"": ""suggestion_1e49514c0dac6857"", ""suggestion_type"": ""athlete_name_correction"", ""confidence"": 0.95, ""message"": ""D-score athlete 'Marissa Zaiful Azian' probably matches score-sheet athlete 'Marissa Zaiful Azlan'."", ""action"": ""attach_d_score_to_target_result"", ""changes"": {""athlete_name"": {""from"": ""Marissa Zaiful Azian"", ""to"": ""Marissa Zaiful Azlan""}}, ""target_result"": {""event_name"": ""Australian Junior Classic"", ""year"": 2023, ""athlete_name"": ""Marissa Zaiful Azlan"", ""country"": ""MAS"", ""discipline"": ""WAG"", ""category"": ""junior"", ""apparatus"": ""UB"", ""vt_attempt"": null, ""day"": null, ""format"": ""individual"", ""round"": ""final"", ""score"": 8.85, ""D_score"": null, ""vault_attempt_order_uncertain"": false, ""source_sheet"": ""WAG"", ""source_row"": 9133, ""target_id"": ""target_c795add266f27b54""}}]"
orphan_6ad2c7615ada9be3,possible_athlete_name_typo,review,Possible athlete-name typo between the D sheet and the score sheet.,WAG D,8280,Australian Junior Classic,2023,Marissa Zaiful Azian,MAS,WAG,junior,VT,1,,individual,final,3.4,True,1,suggestion_016bd51d83eb044e,athlete_name_correction,0.95,D-score athlete 'Marissa Zaiful Azian' probably matches score-sheet athlete 'Marissa Zaiful Azlan'.,Australian Junior Classic,2023,Marissa Zaiful Azlan,MAS,WAG,junior,VT,1,,individual,final,12.1,,WAG,9133,"[{""suggestion_id"": ""suggestion_016bd51d83eb044e"", ""suggestion_type"": ""athlete_name_correction"", ""confidence"": 0.95, ""message"": ""D-score athlete 'Marissa Zaiful Azian' probably matches score-sheet athlete 'Marissa Zaiful Azlan'."", ""action"": ""attach_d_score_to_target_result"", ""changes"": {""athlete_name"": {""from"": ""Marissa Zaiful Azian"", ""to"": ""Marissa Zaiful Azlan""}}, ""target_result"": {""event_name"": ""Australian Junior Classic"", ""year"": 2023, ""athlete_name"": ""Marissa Zaiful Azlan"", ""country"": ""MAS"", ""discipline"": ""WAG"", ""category"": ""junior"", ""apparatus"": ""VT"", ""vt_attempt"": 1, ""day"": null, ""format"": ""individual"", ""round"": ""final"", ""score"": 12.1, ""D_score"": null, ""vault_attempt_order_uncertain"": true, ""source_sheet"": ""WAG"", ""source_row"": 9133, ""target_id"": ""target_fcba075369ffe5b3""}}]"
orphan_280c0ec68504a682,possible_athlete_name_typo,review,Possible athlete-name typo between the D sheet and the score sheet.,WAG D,8280,Australian Junior Classic,2023,Marissa Zaiful Azian,MAS,WAG,junior,VT,2,,individual,final,3.8,True,1,suggestion_880326f3479ed9c4,athlete_name_correction,0.95,D-score athlete 'Marissa Zaiful Azian' probably matches score-sheet athlete 'Marissa Zaiful Azlan'.,Australian Junior Classic,2023,Marissa Zaiful Azlan,MAS,WAG,junior,VT,2,,individual,final,12.3,,WAG,9133,"[{""suggestion_id"": ""suggestion_880326f3479ed9c4"", ""suggestion_type"": ""athlete_name_correction"", ""confidence"": 0.95, ""message"": ""D-score athlete 'Marissa Zaiful Azian' probably matches score-sheet athlete 'Marissa Zaiful Azlan'."", ""action"": ""attach_d_score_to_target_result"", ""changes"": {""athlete_name"": {""from"": ""Marissa Zaiful Azian"", ""to"": ""Marissa Zaiful Azlan""}}, ""target_result"": {""event_name"": ""Australian Junior Classic"", ""year"": 2023, ""athlete_name"": ""Marissa Zaiful Azlan"", ""country"": ""MAS"", ""discipline"": ""WAG"", ""category"": ""junior"", ""apparatus"": ""VT"", ""vt_attempt"": 2, ""day"": null, ""format"": ""individual"", ""round"": ""final"", ""score"": 12.3, ""D_score"": null, ""vault_attempt_order_uncertain"": true, ""source_sheet"": ""WAG"", ""source_row"": 9133, ""target_id"": ""target_c150121b91c09b2c""}}]"
orphan_3bf7de508e4ce320,athlete_missing_in_score_sheet,review,"The event/apparatus/context exists, but this athlete is missing in the score sheet.",WAG D,8392,3rd Italian Serie A,2023,Martina Comoglio,ITA,WAG,senior,BB,,,individual,final,4.0,False,0,,,,,,,,,,,,,,,,,,,,[]
orphan_7c53327a8e6e8ff6,athlete_missing_in_score_sheet,review,"The event/apparatus/context exists, but this athlete is missing in the score sheet.",WAG D,8392,3rd Italian Serie A,2023,Martina Comoglio,ITA,WAG,senior,FX,,,individual,final,4.2,False,0,,,,,,,,,,,,,,,,,,,,[]
orphan_e45b4380a035426c,athlete_missing_in_score_sheet,review,"The event/apparatus/context exists, but this athlete is missing in the score sheet.",WAG D,8392,3rd Italian Serie A,2023,Martina Comoglio,ITA,WAG,senior,UB,,,individual,final,3.8,False,0,,,,,,,,,,,,,,,,,,,,[]
orphan_40abec2327e26c13,athlete_missing_in_score_sheet,review,"The event/apparatus/context exists, but this athlete is missing in the score sheet.",WAG D,8392,3rd Italian Serie A,2023,Martina Comoglio,ITA,WAG,senior,VT,1,,individual,final,3.2,True,0,,,,,,,,,,,,,,,,,,,,[]
orphan_b00899e3a0eda73b,athlete_missing_in_score_sheet,review,"The event/apparatus/context exists, but this athlete is missing in the score sheet.",WAG D,8393,2nd Italian Serie A,2023,Martina Comoglio,ITA,WAG,senior,FX,,,individual,final,4.1,False,0,,,,,,,,,,,,,,,,,,,,[]
orphan_fb5a992d4d830e4f,athlete_missing_in_score_sheet,review,"The event/apparatus/context exists, but this athlete is missing in the score sheet.",WAG D,8393,2nd Italian Serie A,2023,Martina Comoglio,ITA,WAG,senior,UB,,,individual,final,3.6,False,0,,,,,,,,,,,,,,,,,,,,[]
orphan_af4edc630841d700,athlete_missing_in_score_sheet,review,"The event/apparatus/context exists, but this athlete is missing in the score sheet.",WAG D,8393,2nd Italian Serie A,2023,Martina Comoglio,ITA,WAG,senior,VT,1,,individual,final,3.2,True,0,,,,,,,,,,,,,,,,,,,,[]
orphan_50349e16e12b1533,athlete_missing_in_score_sheet,review,"The event/apparatus/context exists, but this athlete is missing in the score sheet.",WAG D,8394,1st Italian Serie A,2023,Martina Comoglio,ITA,WAG,senior,UB,,,individual,final,3.6,False,0,,,,,,,,,,,,,,,,,,,,[]
orphan_be0fadf588f904b0,athlete_missing_in_score_sheet,review,"The event/apparatus/context exists, but this athlete is missing in the score sheet.",WAG D,8432,3rd Spanish League,2023,Martina Rovira,ESP,WAG,senior,BB,,,individual,final,3.1,False,0,,,,,,,,,,,,,,,,,,,,[]
orphan_82c6c717d8e5ca68,athlete_missing_in_score_sheet,review,"The event/apparatus/context exists, but this athlete is missing in the score sheet.",WAG D,8432,3rd Spanish League,2023,Martina Rovira,ESP,WAG,senior,FX,,,individual,final,3.9,False,0,,,,,,,,,,,,,,,,,,,,[]
orphan_1e67b84cffa3a94b,athlete_missing_in_score_sheet,review,"The event/apparatus/context exists, but this athlete is missing in the score sheet.",WAG D,8432,3rd Spanish League,2023,Martina Rovira,ESP,WAG,senior,UB,,,individual,final,2.0,False,0,,,,,,,,,,,,,,,,,,,,[]
orphan_1d53a8d3ec0ec7d7,athlete_missing_in_score_sheet,review,"The event/apparatus/context exists, but this athlete is missing in the score sheet.",WAG D,8432,3rd Spanish League,2023,Martina Rovira,ESP,WAG,senior,VT,1,,individual,final,3.4,True,0,,,,,,,,,,,,,,,,,,,,[]
orphan_f14ec26ef9cc1cd7,athlete_missing_in_score_sheet,review,"The event/apparatus/context exists, but this athlete is missing in the score sheet.",WAG D,8433,2nd Spanish League,2023,Martina Rovira,ESP,WAG,senior,BB,,,individual,final,2.9,False,0,,,,,,,,,,,,,,,,,,,,[]
orphan_428bed34b0ada0c4,athlete_missing_in_score_sheet,review,"The event/apparatus/context exists, but this athlete is missing in the score sheet.",WAG D,8433,2nd Spanish League,2023,Martina Rovira,ESP,WAG,senior,FX,,,individual,final,3.7,False,0,,,,,,,,,,,,,,,,,,,,[]
orphan_85979cf92160da28,athlete_missing_in_score_sheet,review,"The event/apparatus/context exists, but this athlete is missing in the score sheet.",WAG D,8433,2nd Spanish League,2023,Martina Rovira,ESP,WAG,senior,UB,,,individual,final,1.9,False,0,,,,,,,,,,,,,,,,,,,,[]
orphan_120c3749e6af761a,athlete_missing_in_score_sheet,review,"The event/apparatus/context exists, but this athlete is missing in the score sheet.",WAG D,8433,2nd Spanish League,2023,Martina Rovira,ESP,WAG,senior,VT,1,,individual,final,3.4,True,0,,,,,,,,,,,,,,,,,,,,[]
orphan_8224a46f38da657b,athlete_missing_in_score_sheet,review,"The event/apparatus/context exists, but this athlete is missing in the score sheet.",WAG D,8494,3rd Italian Serie A,2023,Matilde Galesso,ITA,WAG,senior,FX,,,individual,final,4.4,False,0,,,,,,,,,,,,,,,,,,,,[]
orphan_3f664da52bd50a29,athlete_missing_in_score_sheet,review,"The event/apparatus/context exists, but this athlete is missing in the score sheet.",WAG D,8494,3rd Italian Serie A,2023,Matilde Galesso,ITA,WAG,senior,UB,,,individual,final,3.3,False,0,,,,,,,,,,,,,,,,,,,,[]
orphan_fd715a45f8d16b1e,athlete_missing_in_score_sheet,review,"The event/apparatus/context exists, but this athlete is missing in the score sheet.",WAG D,8494,3rd Italian Serie A,2023,Matilde Galesso,ITA,WAG,senior,VT,1,,individual,final,4.2,True,0,,,,,,,,,,,,,,,,,,,,[]
orphan_7763a10afc66a0fc,athlete_missing_in_score_sheet,review,"The event/apparatus/context exists, but this athlete is missing in the score sheet.",WAG D,8495,2nd Italian Serie A,2023,Matilde Galesso,ITA,WAG,senior,BB,,,individual,final,4.1,False,0,,,,,,,,,,,,,,,,,,,,[]
orphan_7fdff8df7bdcbd93,athlete_missing_in_score_sheet,review,"The event/apparatus/context exists, but this athlete is missing in the score sheet.",WAG D,8495,2nd Italian Serie A,2023,Matilde Galesso,ITA,WAG,senior,FX,,,individual,final,4.0,False,0,,,,,,,,,,,,,,,,,,,,[]
orphan_7e123fca68791ca1,athlete_missing_in_score_sheet,review,"The event/apparatus/context exists, but this athlete is missing in the score sheet.",WAG D,8495,2nd Italian Serie A,2023,Matilde Galesso,ITA,WAG,senior,VT,1,,individual,final,4.2,True,0,,,,,,,,,,,,,,,,,,,,[]
orphan_00524e415df03172,athlete_missing_in_score_sheet,review,"The event/apparatus/context exists, but this athlete is missing in the score sheet.",WAG D,8496,1st Italian Serie A,2023,Matilde Galesso,ITA,WAG,senior,FX,,,individual,final,4.0,False,0,,,,,,,,,,,,,,,,,,,,[]
orphan_7f5758a9ba5f2f0f,athlete_missing_in_score_sheet,review,"The event/apparatus/context exists, but this athlete is missing in the score sheet.",WAG D,8496,1st Italian Serie A,2023,Matilde Galesso,ITA,WAG,senior,VT,1,,individual,final,4.2,True,0,,,,,,,,,,,,,,,,,,,,[]
orphan_fcbf08c6d01c93b4,athlete_missing_in_score_sheet,review,"The event/apparatus/context exists, but this athlete is missing in the score sheet.",WAG D,8557,3rd Italian Serie A,2023,Mayra Leone,ITA,WAG,senior,FX,,,individual,final,4.1,False,0,,,,,,,,,,,,,,,,,,,,[]
orphan_42fc450316f6ca49,athlete_missing_in_score_sheet,review,"The event/apparatus/context exists, but this athlete is missing in the score sheet.",WAG D,8557,3rd Italian Serie A,2023,Mayra Leone,ITA,WAG,senior,VT,1,,individual,final,3.2,True,0,,,,,,,,,,,,,,,,,,,,[]
orphan_d93f38f708a64afc,athlete_missing_in_score_sheet,review,"The event/apparatus/context exists, but this athlete is missing in the score sheet.",WAG D,8558,1st Italian Serie A,2023,Mayra Leone,ITA,WAG,senior,BB,,,individual,final,4.6,False,0,,,,,,,,,,,,,,,,,,,,[]
orphan_90a3ae9b0e7f4c7a,athlete_missing_in_score_sheet,review,"The event/apparatus/context exists, but this athlete is missing in the score sheet.",WAG D,8558,1st Italian Serie A,2023,Mayra Leone,ITA,WAG,senior,FX,,,individual,final,4.0,False,0,,,,,,,,,,,,,,,,,,,,[]
orphan_c7586b93918553f4,athlete_missing_in_score_sheet,review,"The event/apparatus/context exists, but this athlete is missing in the score sheet.",WAG D,8558,1st Italian Serie A,2023,Mayra Leone,ITA,WAG,senior,VT,1,,individual,final,3.2,True,0,,,,,,,,,,,,,,,,,,,,[]
orphan_2b345908a17ff8cc,athlete_missing_in_score_sheet,review,"The event/apparatus/context exists, but this athlete is missing in the score sheet.",WAG D,8559,2nd Italian Serie A,2023,Mayra Leone,ITA,WAG,senior,BB,,,individual,final,4.7,False,0,,,,,,,,,,,,,,,,,,,,[]
orphan_33a585cfd76e36aa,athlete_missing_in_score_sheet,review,"The event/apparatus/context exists, but this athlete is missing in the score sheet.",WAG D,8559,2nd Italian Serie A,2023,Mayra Leone,ITA,WAG,senior,VT,1,,individual,final,3.2,True,0,,,,,,,,,,,,,,,,,,,,[]
orphan_0791748c97218e7a,athlete_missing_in_score_sheet,review,"The event/apparatus/context exists, but this athlete is missing in the score sheet.",WAG D,8593,Elek Matolay Memorial,2023,Melanie Czesak,AUT,WAG,senior,BB,,,individual,final,3.8,False,0,,,,,,,,,,,,,,,,,,,,[]
orphan_8e916316d5fbb476,athlete_missing_in_score_sheet,review,"The event/apparatus/context exists, but this athlete is missing in the score sheet.",WAG D,8593,Elek Matolay Memorial,2023,Melanie Czesak,AUT,WAG,senior,FX,,,individual,final,4.0,False,0,,,,,,,,,,,,,,,,,,,,[]
orphan_ac10d90892688c91,athlete_missing_in_score_sheet,review,"The event/apparatus/context exists, but this athlete is missing in the score sheet.",WAG D,8593,Elek Matolay Memorial,2023,Melanie Czesak,AUT,WAG,senior,UB,,,individual,final,2.6,False,0,,,,,,,,,,,,,,,,,,,,[]
orphan_692c22936f4ba4c5,possible_context_mismatch,review,"Possible format, round, or day mismatch.",WAG D,8598,Austrian Championships,2023,Melanie Czesak,AUT,WAG,junior,VT,1,,apparatus,final,3.6,True,1,suggestion_48094a6a0e34665c,context_correction,0.65,"Same athlete/event/apparatus exists in the score sheet, but format, round, or day is different.",Austrian Championships,2023,Melanie Czesak,AUT,WAG,junior,VT,1,,individual,final,12.35,3.6,WAG,9463,"[{""suggestion_id"": ""suggestion_48094a6a0e34665c"", ""suggestion_type"": ""context_correction"", ""confidence"": 0.65, ""message"": ""Same athlete/event/apparatus exists in the score sheet, but format, round, or day is different."", ""action"": ""attach_d_score_to_target_result"", ""changes"": {""format"": {""from"": ""apparatus"", ""to"": ""individual""}, ""round"": {""from"": ""final"", ""to"": ""final""}, ""day"": {""from"": null, ""to"": null}}, ""target_result"": {""event_name"": ""Austrian Championships"", ""year"": 2023, ""athlete_name"": ""Melanie Czesak"", ""country"": ""AUT"", ""discipline"": ""WAG"", ""category"": ""junior"", ""apparatus"": ""VT"", ""vt_attempt"": 1, ""day"": null, ""format"": ""individual"", ""round"": ""final"", ""score"": 12.35, ""D_score"": 3.6, ""vault_attempt_order_uncertain"": true, ""source_sheet"": ""WAG"", ""source_row"": 9463, ""target_id"": ""target_0e601c3fbecc3caf""}}]"
orphan_24aa3a7daac94d2e,possible_context_mismatch,review,"Possible format, round, or day mismatch.",WAG D,8598,Austrian Championships,2023,Melanie Czesak,AUT,WAG,junior,VT,2,,apparatus,final,3.4,True,1,suggestion_35fcd5491fbb9d2e,context_correction,0.65,"Same athlete/event/apparatus exists in the score sheet, but format, round, or day is different.",Austrian Championships,2023,Melanie Czesak,AUT,WAG,junior,VT,2,,individual,final,11.9,3.4,WAG,9463,"[{""suggestion_id"": ""suggestion_35fcd5491fbb9d2e"", ""suggestion_type"": ""context_correction"", ""confidence"": 0.65, ""message"": ""Same athlete/event/apparatus exists in the score sheet, but format, round, or day is different."", ""action"": ""attach_d_score_to_target_result"", ""changes"": {""format"": {""from"": ""apparatus"", ""to"": ""individual""}, ""round"": {""from"": ""final"", ""to"": ""final""}, ""day"": {""from"": null, ""to"": null}}, ""target_result"": {""event_name"": ""Austrian Championships"", ""year"": 2023, ""athlete_name"": ""Melanie Czesak"", ""country"": ""AUT"", ""discipline"": ""WAG"", ""category"": ""junior"", ""apparatus"": ""VT"", ""vt_attempt"": 2, ""day"": null, ""format"": ""individual"", ""round"": ""final"", ""score"": 11.9, ""D_score"": 3.4, ""vault_attempt_order_uncertain"": true, ""source_sheet"": ""WAG"", ""source_row"": 9463, ""target_id"": ""target_a0dfabde143967d7""}}]"
orphan_067c70e1d8141efb,athlete_missing_in_score_sheet,review,"The event/apparatus/context exists, but this athlete is missing in the score sheet.",WAG D,8640,3rd Italian Serie A,2023,Melissa Oceana,ITA,WAG,senior,BB,,,individual,final,4.3,False,0,,,,,,,,,,,,,,,,,,,,[]
orphan_6dc062ed67477429,athlete_missing_in_score_sheet,review,"The event/apparatus/context exists, but this athlete is missing in the score sheet.",WAG D,8640,3rd Italian Serie A,2023,Melissa Oceana,ITA,WAG,senior,FX,,,individual,final,4.2,False,0,,,,,,,,,,,,,,,,,,,,[]
orphan_6556ab103eb7b230,athlete_missing_in_score_sheet,review,"The event/apparatus/context exists, but this athlete is missing in the score sheet.",WAG D,8640,3rd Italian Serie A,2023,Melissa Oceana,ITA,WAG,senior,UB,,,individual,final,3.5,False,0,,,,,,,,,,,,,,,,,,,,[]
orphan_0c28034a9ee3ec09,athlete_missing_in_score_sheet,review,"The event/apparatus/context exists, but this athlete is missing in the score sheet.",WAG D,8641,1st Italian Serie A,2023,Melissa Oceana,ITA,WAG,senior,BB,,,individual,final,4.2,False,0,,,,,,,,,,,,,,,,,,,,[]
orphan_dc403d806d814367,athlete_missing_in_score_sheet,review,"The event/apparatus/context exists, but this athlete is missing in the score sheet.",WAG D,8641,1st Italian Serie A,2023,Melissa Oceana,ITA,WAG,senior,FX,,,individual,final,4.2,False,0,,,,,,,,,,,,,,,,,,,,[]
orphan_d599c06988dba677,athlete_missing_in_score_sheet,review,"The event/apparatus/context exists, but this athlete is missing in the score sheet.",WAG D,8641,1st Italian Serie A,2023,Melissa Oceana,ITA,WAG,senior,UB,,,individual,final,3.4,False,0,,,,,,,,,,,,,,,,,,,,[]
orphan_74ea7e53dc35d5ef,athlete_missing_in_score_sheet,review,"The event/apparatus/context exists, but this athlete is missing in the score sheet.",WAG D,8642,2nd Italian Serie A,2023,Melissa Oceana,ITA,WAG,senior,BB,,,individual,final,4.2,False,0,,,,,,,,,,,,,,,,,,,,[]
orphan_9c86411e12073f28,athlete_missing_in_score_sheet,review,"The event/apparatus/context exists, but this athlete is missing in the score sheet.",WAG D,8642,2nd Italian Serie A,2023,Melissa Oceana,ITA,WAG,senior,FX,,,individual,final,4.2,False,0,,,,,,,,,,,,,,,,,,,,[]
orphan_6168fd839bffcee3,athlete_missing_in_score_sheet,review,"The event/apparatus/context exists, but this athlete is missing in the score sheet.",WAG D,8642,2nd Italian Serie A,2023,Melissa Oceana,ITA,WAG,senior,UB,,,individual,final,3.4,False,0,,,,,,,,,,,,,,,,,,,,[]
orphan_57f1ed1374f6d927,possible_context_mismatch,review,"Possible format, round, or day mismatch.",WAG D,8688,Austrian Championships,2023,Mia Bohle,AUT,WAG,junior,VT,1,,apparatus,final,3.2,True,1,suggestion_ea8a06aed36f611c,context_correction,0.65,"Same athlete/event/apparatus exists in the score sheet, but format, round, or day is different.",Austrian Championships,2023,Mia Bohle,AUT,WAG,junior,VT,1,,individual,final,12.0,3.2,WAG,9562,"[{""suggestion_id"": ""suggestion_ea8a06aed36f611c"", ""suggestion_type"": ""context_correction"", ""confidence"": 0.65, ""message"": ""Same athlete/event/apparatus exists in the score sheet, but format, round, or day is different."", ""action"": ""attach_d_score_to_target_result"", ""changes"": {""format"": {""from"": ""apparatus"", ""to"": ""individual""}, ""round"": {""from"": ""final"", ""to"": ""final""}, ""day"": {""from"": null, ""to"": null}}, ""target_result"": {""event_name"": ""Austrian Championships"", ""year"": 2023, ""athlete_name"": ""Mia Bohle"", ""country"": ""AUT"", ""discipline"": ""WAG"", ""category"": ""junior"", ""apparatus"": ""VT"", ""vt_attempt"": 1, ""day"": null, ""format"": ""individual"", ""round"": ""final"", ""score"": 12.0, ""D_score"": 3.2, ""vault_attempt_order_uncertain"": true, ""source_sheet"": ""WAG"", ""source_row"": 9562, ""target_id"": ""target_bc54a9ebdca525db""}}]"
orphan_0a913c8f23c8c42b,possible_context_mismatch,review,"Possible format, round, or day mismatch.",WAG D,8688,Austrian Championships,2023,Mia Bohle,AUT,WAG,junior,VT,2,,apparatus,final,3.0,True,1,suggestion_5eed38c85c0a403e,context_correction,0.65,"Same athlete/event/apparatus exists in the score sheet, but format, round, or day is different.",Austrian Championships,2023,Mia Bohle,AUT,WAG,junior,VT,2,,individual,final,11.35,3.0,WAG,9562,"[{""suggestion_id"": ""suggestion_5eed38c85c0a403e"", ""suggestion_type"": ""context_correction"", ""confidence"": 0.65, ""message"": ""Same athlete/event/apparatus exists in the score sheet, but format, round, or day is different."", ""action"": ""attach_d_score_to_target_result"", ""changes"": {""format"": {""from"": ""apparatus"", ""to"": ""individual""}, ""round"": {""from"": ""final"", ""to"": ""final""}, ""day"": {""from"": null, ""to"": null}}, ""target_result"": {""event_name"": ""Austrian Championships"", ""year"": 2023, ""athlete_name"": ""Mia Bohle"", ""country"": ""AUT"", ""discipline"": ""WAG"", ""category"": ""junior"", ""apparatus"": ""VT"", ""vt_attempt"": 2, ""day"": null, ""format"": ""individual"", ""round"": ""final"", ""score"": 11.35, ""D_score"": 3.0, ""vault_attempt_order_uncertain"": true, ""source_sheet"": ""WAG"", ""source_row"": 9562, ""target_id"": ""target_578526feb4cea1d3""}}]"
orphan_8de2a36afc405fc8,athlete_missing_in_score_sheet,review,"The event/apparatus/context exists, but this athlete is missing in the score sheet.",WAG D,8906,Elek Matolay Memorial,2023,Mira Granius,UAE,WAG,senior,BB,,,individual,final,2.7,False,0,,,,,,,,,,,,,,,,,,,,[]
orphan_02842290fa137c92,athlete_missing_in_score_sheet,review,"The event/apparatus/context exists, but this athlete is missing in the score sheet.",WAG D,8906,Elek Matolay Memorial,2023,Mira Granius,UAE,WAG,senior,FX,,,individual,final,2.8,False,0,,,,,,,,,,,,,,,,,,,,[]
orphan_09d7a1a945ddcb7d,athlete_missing_in_score_sheet,review,"The event/apparatus/context exists, but this athlete is missing in the score sheet.",WAG D,8906,Elek Matolay Memorial,2023,Mira Granius,UAE,WAG,senior,VT,1,,individual,final,3.0,True,0,,,,,,,,,,,,,,,,,,,,[]
orphan_e5c52bf4d3a727ec,possible_context_mismatch,review,"Possible format, round, or day mismatch.",WAG D,8942,Austrian Championships,2023,Miriam Markovic,AUT,WAG,senior,VT,1,,apparatus,final,3.2,True,1,suggestion_d17aef0bc4bb200f,context_correction,0.65,"Same athlete/event/apparatus exists in the score sheet, but format, round, or day is different.",Austrian Championships,2023,Miriam Markovic,AUT,WAG,senior,VT,1,,individual,final,12.0,3.2,WAG,9848,"[{""suggestion_id"": ""suggestion_d17aef0bc4bb200f"", ""suggestion_type"": ""context_correction"", ""confidence"": 0.65, ""message"": ""Same athlete/event/apparatus exists in the score sheet, but format, round, or day is different."", ""action"": ""attach_d_score_to_target_result"", ""changes"": {""format"": {""from"": ""apparatus"", ""to"": ""individual""}, ""round"": {""from"": ""final"", ""to"": ""final""}, ""day"": {""from"": null, ""to"": null}}, ""target_result"": {""event_name"": ""Austrian Championships"", ""year"": 2023, ""athlete_name"": ""Miriam Markovic"", ""country"": ""AUT"", ""discipline"": ""WAG"", ""category"": ""senior"", ""apparatus"": ""VT"", ""vt_attempt"": 1, ""day"": null, ""format"": ""individual"", ""round"": ""final"", ""score"": 12.0, ""D_score"": 3.2, ""vault_attempt_order_uncertain"": true, ""source_sheet"": ""WAG"", ""source_row"": 9848, ""target_id"": ""target_4911ac4ca3f1ed32""}}]"
orphan_6b7c6caa216f5aac,possible_context_mismatch,review,"Possible format, round, or day mismatch.",WAG D,8942,Austrian Championships,2023,Miriam Markovic,AUT,WAG,senior,VT,2,,apparatus,final,3.2,True,1,suggestion_8ea20ff33a12eacc,context_correction,0.65,"Same athlete/event/apparatus exists in the score sheet, but format, round, or day is different.",Austrian Championships,2023,Miriam Markovic,AUT,WAG,senior,VT,2,,individual,final,12.0,3.2,WAG,9848,"[{""suggestion_id"": ""suggestion_8ea20ff33a12eacc"", ""suggestion_type"": ""context_correction"", ""confidence"": 0.65, ""message"": ""Same athlete/event/apparatus exists in the score sheet, but format, round, or day is different."", ""action"": ""attach_d_score_to_target_result"", ""changes"": {""format"": {""from"": ""apparatus"", ""to"": ""individual""}, ""round"": {""from"": ""final"", ""to"": ""final""}, ""day"": {""from"": null, ""to"": null}}, ""target_result"": {""event_name"": ""Austrian Championships"", ""year"": 2023, ""athlete_name"": ""Miriam Markovic"", ""country"": ""AUT"", ""discipline"": ""WAG"", ""category"": ""senior"", ""apparatus"": ""VT"", ""vt_attempt"": 2, ""day"": null, ""format"": ""individual"", ""round"": ""final"", ""score"": 12.0, ""D_score"": 3.2, ""vault_attempt_order_uncertain"": true, ""source_sheet"": ""WAG"", ""source_row"": 9848, ""target_id"": ""target_719adf37079b0be0""}}]"
orphan_3e9d45d78e59f54c,athlete_missing_in_score_sheet,review,"The event/apparatus/context exists, but this athlete is missing in the score sheet.",WAG D,9139,2nd Italian Serie A,2023,Naomi Pazon,ITA,WAG,senior,BB,,,individual,final,4.5,False,0,,,,,,,,,,,,,,,,,,,,[]
orphan_7ec6bf97932d2f2b,athlete_missing_in_score_sheet,review,"The event/apparatus/context exists, but this athlete is missing in the score sheet.",WAG D,9139,2nd Italian Serie A,2023,Naomi Pazon,ITA,WAG,senior,FX,,,individual,final,4.9,False,0,,,,,,,,,,,,,,,,,,,,[]
orphan_564bd26e76764358,athlete_missing_in_score_sheet,review,"The event/apparatus/context exists, but this athlete is missing in the score sheet.",WAG D,9139,2nd Italian Serie A,2023,Naomi Pazon,ITA,WAG,senior,UB,,,individual,final,4.6,False,0,,,,,,,,,,,,,,,,,,,,[]
orphan_c606e20499686093,athlete_missing_in_score_sheet,review,"The event/apparatus/context exists, but this athlete is missing in the score sheet.",WAG D,9139,2nd Italian Serie A,2023,Naomi Pazon,ITA,WAG,senior,VT,1,,individual,final,4.2,True,0,,,,,,,,,,,,,,,,,,,,[]
orphan_b6916618fea6f617,athlete_missing_in_score_sheet,review,"The event/apparatus/context exists, but this athlete is missing in the score sheet.",WAG D,9140,1st Italian Serie A,2023,Naomi Pazon,ITA,WAG,senior,BB,,,individual,final,4.8,False,0,,,,,,,,,,,,,,,,,,,,[]
orphan_38bdd85186a86e3c,athlete_missing_in_score_sheet,review,"The event/apparatus/context exists, but this athlete is missing in the score sheet.",WAG D,9140,1st Italian Serie A,2023,Naomi Pazon,ITA,WAG,senior,FX,,,individual,final,4.8,False,0,,,,,,,,,,,,,,,,,,,,[]
orphan_3ea36f7700048189,athlete_missing_in_score_sheet,review,"The event/apparatus/context exists, but this athlete is missing in the score sheet.",WAG D,9140,1st Italian Serie A,2023,Naomi Pazon,ITA,WAG,senior,UB,,,individual,final,4.5,False,0,,,,,,,,,,,,,,,,,,,,[]
orphan_4d9e9cceb7518227,athlete_missing_in_score_sheet,review,"The event/apparatus/context exists, but this athlete is missing in the score sheet.",WAG D,9140,1st Italian Serie A,2023,Naomi Pazon,ITA,WAG,senior,VT,1,,individual,final,4.2,True,0,,,,,,,,,,,,,,,,,,,,[]
orphan_a2608f8976a4ab4c,athlete_missing_in_score_sheet,review,"The event/apparatus/context exists, but this athlete is missing in the score sheet.",WAG D,9141,Top 12 Series 3,2023,Naomi Pazon,ITA,WAG,senior,BB,,,individual,final,4.7,False,0,,,,,,,,,,,,,,,,,,,,[]
orphan_357098f4d1e37798,athlete_missing_in_score_sheet,review,"The event/apparatus/context exists, but this athlete is missing in the score sheet.",WAG D,9141,Top 12 Series 3,2023,Naomi Pazon,ITA,WAG,senior,UB,,,individual,final,4.6,False,0,,,,,,,,,,,,,,,,,,,,[]
orphan_44e6722b8cd08be6,missing_final_score_for_context,review,"The athlete/event exists, but not this apparatus/context.",WAG D,9261,Indian Junior Championships,2023,Navroop,IND,WAG,junior,VT,2,,individual,final,2.4,True,0,,,,,,,,,,,,,,,,,,,,[]
orphan_f9f513ab54f1def4,missing_final_score_for_context,review,"The athlete/event exists, but not this apparatus/context.",WAG D,9392,Indian Junior Championships,2023,Nidhi Mittal,IND,WAG,junior,VT,2,,individual,final,3.2,True,0,,,,,,,,,,,,,,,,,,,,[]
orphan_1eb0b4e1fce65731,athlete_missing_in_score_sheet,review,"The event/apparatus/context exists, but this athlete is missing in the score sheet.",WAG D,9430,1st Italian Serie A,2023,Nimoe Fiaschetti,ITA,WAG,senior,BB,,,individual,final,4.4,False,0,,,,,,,,,,,,,,,,,,,,[]
orphan_ba1dbef1fff3198f,athlete_missing_in_score_sheet,review,"The event/apparatus/context exists, but this athlete is missing in the score sheet.",WAG D,9430,1st Italian Serie A,2023,Nimoe Fiaschetti,ITA,WAG,senior,FX,,,individual,final,4.6,False,0,,,,,,,,,,,,,,,,,,,,[]
orphan_40a858e4a3c9d1fa,athlete_missing_in_score_sheet,review,"The event/apparatus/context exists, but this athlete is missing in the score sheet.",WAG D,9430,1st Italian Serie A,2023,Nimoe Fiaschetti,ITA,WAG,senior,UB,,,individual,final,3.7,False,0,,,,,,,,,,,,,,,,,,,,[]
orphan_2b1a0d9019e03dac,athlete_missing_in_score_sheet,review,"The event/apparatus/context exists, but this athlete is missing in the score sheet.",WAG D,9430,1st Italian Serie A,2023,Nimoe Fiaschetti,ITA,WAG,senior,VT,1,,individual,final,3.6,True,0,,,,,,,,,,,,,,,,,,,,[]
orphan_085a021a0a0e58cb,athlete_missing_in_score_sheet,review,"The event/apparatus/context exists, but this athlete is missing in the score sheet.",WAG D,9431,2nd Italian Serie A,2023,Nimoe Fiaschetti,ITA,WAG,senior,BB,,,individual,final,3.7,False,0,,,,,,,,,,,,,,,,,,,,[]
orphan_ec7c58c0c63f8c1a,athlete_missing_in_score_sheet,review,"The event/apparatus/context exists, but this athlete is missing in the score sheet.",WAG D,9431,2nd Italian Serie A,2023,Nimoe Fiaschetti,ITA,WAG,senior,FX,,,individual,final,4.5,False,0,,,,,,,,,,,,,,,,,,,,[]
orphan_511255ff8f2720fe,athlete_missing_in_score_sheet,review,"The event/apparatus/context exists, but this athlete is missing in the score sheet.",WAG D,9431,2nd Italian Serie A,2023,Nimoe Fiaschetti,ITA,WAG,senior,UB,,,individual,final,3.7,False,0,,,,,,,,,,,,,,,,,,,,[]
orphan_8c2e227d45926d65,athlete_missing_in_score_sheet,review,"The event/apparatus/context exists, but this athlete is missing in the score sheet.",WAG D,9431,2nd Italian Serie A,2023,Nimoe Fiaschetti,ITA,WAG,senior,VT,1,,individual,final,3.2,True,0,,,,,,,,,,,,,,,,,,,,[]
orphan_47d0817e384f0b42,athlete_missing_in_score_sheet,review,"The event/apparatus/context exists, but this athlete is missing in the score sheet.",WAG D,9432,3rd Italian Serie A,2023,Nimoe Fiaschetti,ITA,WAG,senior,BB,,,individual,final,4.5,False,0,,,,,,,,,,,,,,,,,,,,[]
orphan_75cfff92ab23c30d,athlete_missing_in_score_sheet,review,"The event/apparatus/context exists, but this athlete is missing in the score sheet.",WAG D,9432,3rd Italian Serie A,2023,Nimoe Fiaschetti,ITA,WAG,senior,FX,,,individual,final,4.4,False,0,,,,,,,,,,,,,,,,,,,,[]
orphan_da2fb06da3e05087,athlete_missing_in_score_sheet,review,"The event/apparatus/context exists, but this athlete is missing in the score sheet.",WAG D,9432,3rd Italian Serie A,2023,Nimoe Fiaschetti,ITA,WAG,senior,UB,,,individual,final,4.4,False,0,,,,,,,,,,,,,,,,,,,,[]
orphan_a8c930afb69e6b46,athlete_missing_in_score_sheet,review,"The event/apparatus/context exists, but this athlete is missing in the score sheet.",WAG D,9432,3rd Italian Serie A,2023,Nimoe Fiaschetti,ITA,WAG,senior,VT,1,,individual,final,3.2,True,0,,,,,,,,,,,,,,,,,,,,[]
orphan_076f771977b48a9e,athlete_missing_in_score_sheet,review,"The event/apparatus/context exists, but this athlete is missing in the score sheet.",WAG D,9433,Italian Championships,2023,Nimoe Fiaschetti,ITA,WAG,senior,UB,,,individual,final,4.4,False,0,,,,,,,,,,,,,,,,,,,,[]
orphan_deb3fd16f4bcdaca,athlete_missing_in_score_sheet,review,"The event/apparatus/context exists, but this athlete is missing in the score sheet.",WAG D,9434,Italian Championships,2023,Nimoe Fiaschetti,ITA,WAG,senior,UB,,,individual,qualification,4.4,False,0,,,,,,,,,,,,,,,,,,,,[]
orphan_87c3452f345eacf3,missing_final_score_for_context,review,"The athlete/event exists, but not this apparatus/context.",WAG D,9458,Indian Junior Championships,2023,Niranjana Punia,IND,WAG,junior,VT,2,,individual,final,2.4,True,0,,,,,,,,,,,,,,,,,,,,[]
orphan_3ba21080b57119cc,athlete_missing_in_score_sheet,review,"The event/apparatus/context exists, but this athlete is missing in the score sheet.",WAG D,9483,2nd Spanish League,2023,Noa Granados,ESP,WAG,senior,BB,,,individual,final,3.8,False,0,,,,,,,,,,,,,,,,,,,,[]
orphan_68dd0ee6e0b37563,athlete_missing_in_score_sheet,review,"The event/apparatus/context exists, but this athlete is missing in the score sheet.",WAG D,9483,2nd Spanish League,2023,Noa Granados,ESP,WAG,senior,FX,,,individual,final,3.0,False,0,,,,,,,,,,,,,,,,,,,,[]
orphan_c970f64ed0bb91ee,athlete_missing_in_score_sheet,review,"The event/apparatus/context exists, but this athlete is missing in the score sheet.",WAG D,9483,2nd Spanish League,2023,Noa Granados,ESP,WAG,senior,UB,,,individual,final,3.4,False,0,,,,,,,,,,,,,,,,,,,,[]
orphan_f372da8b8c5d498e,athlete_missing_in_score_sheet,review,"The event/apparatus/context exists, but this athlete is missing in the score sheet.",WAG D,9483,2nd Spanish League,2023,Noa Granados,ESP,WAG,senior,VT,1,,individual,final,3.2,True,0,,,,,,,,,,,,,,,,,,,,[]
orphan_fefecff8ae4b1b0c,athlete_missing_in_score_sheet,review,"The event/apparatus/context exists, but this athlete is missing in the score sheet.",WAG D,9551,Spanish League Final,2023,Nora Alvarez,ESP,WAG,senior,BB,,,individual,final,3.9,False,0,,,,,,,,,,,,,,,,,,,,[]
orphan_2e57bccc68d78a88,athlete_missing_in_score_sheet,review,"The event/apparatus/context exists, but this athlete is missing in the score sheet.",WAG D,9551,Spanish League Final,2023,Nora Alvarez,ESP,WAG,senior,FX,,,individual,final,3.9,False,0,,,,,,,,,,,,,,,,,,,,[]
orphan_074a620a8db2502f,athlete_missing_in_score_sheet,review,"The event/apparatus/context exists, but this athlete is missing in the score sheet.",WAG D,9551,Spanish League Final,2023,Nora Alvarez,ESP,WAG,senior,UB,,,individual,final,0.9,False,0,,,,,,,,,,,,,,,,,,,,[]
orphan_ff0f25a84ba1e5a4,athlete_missing_in_score_sheet,review,"The event/apparatus/context exists, but this athlete is missing in the score sheet.",WAG D,9551,Spanish League Final,2023,Nora Alvarez,ESP,WAG,senior,VT,1,,individual,final,3.2,True,0,,,,,,,,,,,,,,,,,,,,[]
orphan_b4a40d0b33dd98e3,athlete_missing_in_score_sheet,review,"The event/apparatus/context exists, but this athlete is missing in the score sheet.",WAG D,9552,3rd Spanish League,2023,Nora Alvarez,ESP,WAG,senior,BB,,,individual,final,3.9,False,0,,,,,,,,,,,,,,,,,,,,[]
orphan_70d323159b6b2eae,athlete_missing_in_score_sheet,review,"The event/apparatus/context exists, but this athlete is missing in the score sheet.",WAG D,9552,3rd Spanish League,2023,Nora Alvarez,ESP,WAG,senior,FX,,,individual,final,2.9,False,0,,,,,,,,,,,,,,,,,,,,[]
orphan_0381379aa7e855e9,athlete_missing_in_score_sheet,review,"The event/apparatus/context exists, but this athlete is missing in the score sheet.",WAG D,9552,3rd Spanish League,2023,Nora Alvarez,ESP,WAG,senior,UB,,,individual,final,1.4,False,0,,,,,,,,,,,,,,,,,,,,[]
orphan_52d06acfad7c4c04,athlete_missing_in_score_sheet,review,"The event/apparatus/context exists, but this athlete is missing in the score sheet.",WAG D,9552,3rd Spanish League,2023,Nora Alvarez,ESP,WAG,senior,VT,1,,individual,final,3.2,True,0,,,,,,,,,,,,,,,,,,,,[]
orphan_4ec4f0e75c41adaf,athlete_missing_in_score_sheet,review,"The event/apparatus/context exists, but this athlete is missing in the score sheet.",WAG D,9597,City of Jesolo Trophy,2023,Nunzia Dercenno,ITA,WAG,senior,BB,,,individual,final,4.7,False,0,,,,,,,,,,,,,,,,,,,,[]
orphan_98f767cb14f183be,athlete_missing_in_score_sheet,review,"The event/apparatus/context exists, but this athlete is missing in the score sheet.",WAG D,9597,City of Jesolo Trophy,2023,Nunzia Dercenno,ITA,WAG,senior,FX,,,individual,final,4.9,False,0,,,,,,,,,,,,,,,,,,,,[]
orphan_e230b4b2cb19aa5a,athlete_missing_in_score_sheet,review,"The event/apparatus/context exists, but this athlete is missing in the score sheet.",WAG D,9597,City of Jesolo Trophy,2023,Nunzia Dercenno,ITA,WAG,senior,UB,,,individual,final,5.9,False,0,,,,,,,,,,,,,,,,,,,,[]
orphan_efc0b9d582fda061,athlete_missing_in_score_sheet,review,"The event/apparatus/context exists, but this athlete is missing in the score sheet.",WAG D,9597,City of Jesolo Trophy,2023,Nunzia Dercenno,ITA,WAG,senior,VT,1,,individual,final,4.2,True,0,,,,,,,,,,,,,,,,,,,,[]
orphan_17d7d23fc70116dd,athlete_missing_in_score_sheet,review,"The event/apparatus/context exists, but this athlete is missing in the score sheet.",WAG D,9607,Spanish League Final,2023,Nuria Darder,ESP,WAG,senior,BB,,,individual,final,4.3,False,0,,,,,,,,,,,,,,,,,,,,[]
orphan_c841ef78323d488c,athlete_missing_in_score_sheet,review,"The event/apparatus/context exists, but this athlete is missing in the score sheet.",WAG D,9607,Spanish League Final,2023,Nuria Darder,ESP,WAG,senior,FX,,,individual,final,4.2,False,0,,,,,,,,,,,,,,,,,,,,[]
orphan_fabb177340a61399,athlete_missing_in_score_sheet,review,"The event/apparatus/context exists, but this athlete is missing in the score sheet.",WAG D,9607,Spanish League Final,2023,Nuria Darder,ESP,WAG,senior,UB,,,individual,final,4.2,False,0,,,,,,,,,,,,,,,,,,,,[]
orphan_41a20d0f9c242c88,athlete_missing_in_score_sheet,review,"The event/apparatus/context exists, but this athlete is missing in the score sheet.",WAG D,9607,Spanish League Final,2023,Nuria Darder,ESP,WAG,senior,VT,1,,individual,final,3.4,True,0,,,,,,,,,,,,,,,,,,,,[]
orphan_f6016028f50aafff,athlete_missing_in_score_sheet,review,"The event/apparatus/context exists, but this athlete is missing in the score sheet.",WAG D,9608,3rd Spanish League,2023,Nuria Darder,ESP,WAG,senior,BB,,,individual,final,4.3,False,0,,,,,,,,,,,,,,,,,,,,[]
orphan_9e5d9edda7983923,athlete_missing_in_score_sheet,review,"The event/apparatus/context exists, but this athlete is missing in the score sheet.",WAG D,9608,3rd Spanish League,2023,Nuria Darder,ESP,WAG,senior,FX,,,individual,final,4.1,False,0,,,,,,,,,,,,,,,,,,,,[]
orphan_d4b749f866cda376,athlete_missing_in_score_sheet,review,"The event/apparatus/context exists, but this athlete is missing in the score sheet.",WAG D,9608,3rd Spanish League,2023,Nuria Darder,ESP,WAG,senior,UB,,,individual,final,4.1,False,0,,,,,,,,,,,,,,,,,,,,[]
orphan_27915abd9d6b3fbf,athlete_missing_in_score_sheet,review,"The event/apparatus/context exists, but this athlete is missing in the score sheet.",WAG D,9608,3rd Spanish League,2023,Nuria Darder,ESP,WAG,senior,VT,1,,individual,final,3.4,True,0,,,,,,,,,,,,,,,,,,,,[]
orphan_d32864a4a9adad08,athlete_missing_in_score_sheet,review,"The event/apparatus/context exists, but this athlete is missing in the score sheet.",WAG D,9609,2nd Spanish League,2023,Nuria Darder,ESP,WAG,senior,BB,,,individual,final,4.3,False,0,,,,,,,,,,,,,,,,,,,,[]
orphan_df484b02ee748c1a,athlete_missing_in_score_sheet,review,"The event/apparatus/context exists, but this athlete is missing in the score sheet.",WAG D,9609,2nd Spanish League,2023,Nuria Darder,ESP,WAG,senior,FX,,,individual,final,4.1,False,0,,,,,,,,,,,,,,,,,,,,[]
orphan_7ba26f49dc7241aa,athlete_missing_in_score_sheet,review,"The event/apparatus/context exists, but this athlete is missing in the score sheet.",WAG D,9609,2nd Spanish League,2023,Nuria Darder,ESP,WAG,senior,UB,,,individual,final,4.0,False,0,,,,,,,,,,,,,,,,,,,,[]
orphan_f8b4340a08315fe0,athlete_missing_in_score_sheet,review,"The event/apparatus/context exists, but this athlete is missing in the score sheet.",WAG D,9609,2nd Spanish League,2023,Nuria Darder,ESP,WAG,senior,VT,1,,individual,final,3.4,True,0,,,,,,,,,,,,,,,,,,,,[]
orphan_402654a2d1431800,missing_final_score_for_context,review,"The athlete/event exists, but not this apparatus/context.",WAG D,9616,Indian Junior Championships,2023,Oceana Thomas,IND,WAG,junior,VT,2,,individual,final,1.6,True,0,,,,,,,,,,,,,,,,,,,,[]
orphan_5606b5902affea1d,athlete_missing_in_score_sheet,review,"The event/apparatus/context exists, but this athlete is missing in the score sheet.",WAG D,9753,Top 12 Series 3,2023,Oriane Segaux,FRA,WAG,senior,BB,,,individual,final,4.5,False,0,,,,,,,,,,,,,,,,,,,,[]
orphan_ee88effdba4f3842,missing_final_score_for_context,review,"The athlete/event exists, but not this apparatus/context.",WAG D,9778,Indian Junior Championships,2023,P. Roshini Devi,IND,WAG,junior,VT,2,,individual,final,2.0,True,0,,,,,,,,,,,,,,,,,,,,[]
orphan_072063e234605de8,missing_final_score_for_context,review,"The athlete/event exists, but not this apparatus/context.",WAG D,9808,Asian Championships,2023,Park Nayoung,KOR,WAG,junior,BB,,,individual,final,0.2,False,0,,,,,,,,,,,,,,,,,,,,[]
orphan_80a202904c89fd99,missing_final_score_for_context,review,"The athlete/event exists, but not this apparatus/context.",WAG D,9929,Indian Junior Championships,2023,Poonam Kumari,IND,WAG,junior,VT,2,,individual,final,2.0,True,0,,,,,,,,,,,,,,,,,,,,[]
orphan_68095fd3ae042833,athlete_missing_in_score_sheet,review,"The event/apparatus/context exists, but this athlete is missing in the score sheet.",WAG D,9976,Chinese Championships,2023,Qin Xinyi,CHN,WAG,senior,FX,,,individual,qualification,4.3,False,0,,,,,,,,,,,,,,,,,,,,[]
orphan_76799b2dbc24fc1d,athlete_missing_in_score_sheet,review,"The event/apparatus/context exists, but this athlete is missing in the score sheet.",WAG D,9976,Chinese Championships,2023,Qin Xinyi,CHN,WAG,senior,UB,,,individual,qualification,5.5,False,0,,,,,,,,,,,,,,,,,,,,[]
orphan_ca2791b059ddfaa5,athlete_missing_in_score_sheet,review,"The event/apparatus/context exists, but this athlete is missing in the score sheet.",WAG D,10070,Italian Serie A Final Six,2023,Rebecca Aiello,ITA,WAG,senior,BB,,,individual,qualification,5.1,False,0,,,,,,,,,,,,,,,,,,,,[]
orphan_9f98453fc2339249,athlete_missing_in_score_sheet,review,"The event/apparatus/context exists, but this athlete is missing in the score sheet.",WAG D,10070,Italian Serie A Final Six,2023,Rebecca Aiello,ITA,WAG,senior,FX,,,individual,qualification,4.9,False,0,,,,,,,,,,,,,,,,,,,,[]
orphan_743f3d507cb521b6,athlete_missing_in_score_sheet,review,"The event/apparatus/context exists, but this athlete is missing in the score sheet.",WAG D,10071,3rd Italian Serie A,2023,Rebecca Aiello,ITA,WAG,senior,BB,,,individual,final,4.7,False,0,,,,,,,,,,,,,,,,,,,,[]
orphan_30bed18d22553dde,athlete_missing_in_score_sheet,review,"The event/apparatus/context exists, but this athlete is missing in the score sheet.",WAG D,10071,3rd Italian Serie A,2023,Rebecca Aiello,ITA,WAG,senior,FX,,,individual,final,4.9,False,0,,,,,,,,,,,,,,,,,,,,[]
orphan_3ae005eb48d23dad,athlete_missing_in_score_sheet,review,"The event/apparatus/context exists, but this athlete is missing in the score sheet.",WAG D,10071,3rd Italian Serie A,2023,Rebecca Aiello,ITA,WAG,senior,UB,,,individual,final,4.9,False,0,,,,,,,,,,,,,,,,,,,,[]
orphan_40fb580e9c897592,athlete_missing_in_score_sheet,review,"The event/apparatus/context exists, but this athlete is missing in the score sheet.",WAG D,10071,3rd Italian Serie A,2023,Rebecca Aiello,ITA,WAG,senior,VT,1,,individual,final,3.6,True,0,,,,,,,,,,,,,,,,,,,,[]
orphan_2282c9fd77eafc2e,athlete_missing_in_score_sheet,review,"The event/apparatus/context exists, but this athlete is missing in the score sheet.",WAG D,10072,1st Italian Serie A,2023,Rebecca Aiello,ITA,WAG,senior,BB,,,individual,final,5.1,False,0,,,,,,,,,,,,,,,,,,,,[]
orphan_7f749a3220da0aa0,athlete_missing_in_score_sheet,review,"The event/apparatus/context exists, but this athlete is missing in the score sheet.",WAG D,10072,1st Italian Serie A,2023,Rebecca Aiello,ITA,WAG,senior,FX,,,individual,final,4.8,False,0,,,,,,,,,,,,,,,,,,,,[]
orphan_93fdfe1bad788771,athlete_missing_in_score_sheet,review,"The event/apparatus/context exists, but this athlete is missing in the score sheet.",WAG D,10072,1st Italian Serie A,2023,Rebecca Aiello,ITA,WAG,senior,UB,,,individual,final,3.4,False,0,,,,,,,,,,,,,,,,,,,,[]
orphan_e31c894f25da2685,athlete_missing_in_score_sheet,review,"The event/apparatus/context exists, but this athlete is missing in the score sheet.",WAG D,10073,Italian Championships,2023,Rebecca Aiello,ITA,WAG,senior,BB,,,individual,final,5.2,False,0,,,,,,,,,,,,,,,,,,,,[]
orphan_cb1e0b0babb9e103,athlete_missing_in_score_sheet,review,"The event/apparatus/context exists, but this athlete is missing in the score sheet.",WAG D,10074,Italian Championships,2023,Rebecca Aiello,ITA,WAG,senior,BB,,,individual,qualification,5.2,False,0,,,,,,,,,,,,,,,,,,,,[]
orphan_094fb3b0740fd980,athlete_missing_in_score_sheet,review,"The event/apparatus/context exists, but this athlete is missing in the score sheet.",WAG D,10079,3rd Italian Serie A,2023,Rebecca Andreoli,ITA,WAG,senior,BB,,,individual,final,4.3,False,0,,,,,,,,,,,,,,,,,,,,[]
orphan_7d2a1db3bf5e28bf,athlete_missing_in_score_sheet,review,"The event/apparatus/context exists, but this athlete is missing in the score sheet.",WAG D,10079,3rd Italian Serie A,2023,Rebecca Andreoli,ITA,WAG,senior,FX,,,individual,final,4.0,False,0,,,,,,,,,,,,,,,,,,,,[]
orphan_be24c49d1ad6e60e,athlete_missing_in_score_sheet,review,"The event/apparatus/context exists, but this athlete is missing in the score sheet.",WAG D,10079,3rd Italian Serie A,2023,Rebecca Andreoli,ITA,WAG,senior,VT,1,,individual,final,3.2,True,0,,,,,,,,,,,,,,,,,,,,[]
orphan_a187710d3a56dd10,athlete_missing_in_score_sheet,review,"The event/apparatus/context exists, but this athlete is missing in the score sheet.",WAG D,10086,3rd Italian Serie A,2023,Rebecca Evangelisti,ITA,WAG,senior,FX,,,individual,final,4.2,False,0,,,,,,,,,,,,,,,,,,,,[]
orphan_4bb684d0ce8dd591,athlete_missing_in_score_sheet,review,"The event/apparatus/context exists, but this athlete is missing in the score sheet.",WAG D,10087,1st Italian Serie A,2023,Rebecca Evangelisti,ITA,WAG,senior,BB,,,individual,final,4.2,False,0,,,,,,,,,,,,,,,,,,,,[]
orphan_520b8a48602caf57,athlete_missing_in_score_sheet,review,"The event/apparatus/context exists, but this athlete is missing in the score sheet.",WAG D,10087,1st Italian Serie A,2023,Rebecca Evangelisti,ITA,WAG,senior,FX,,,individual,final,4.0,False,0,,,,,,,,,,,,,,,,,,,,[]
orphan_fb33130955f73a92,possible_context_mismatch,review,"Possible format, round, or day mismatch.",WAG D,10120,Austrian Championships,2023,Regina Kovacs,AUT,WAG,junior,VT,1,,apparatus,final,3.4,True,1,suggestion_20e43b4c07e55843,context_correction,0.65,"Same athlete/event/apparatus exists in the score sheet, but format, round, or day is different.",Austrian Championships,2023,Regina Kovacs,AUT,WAG,junior,VT,1,,individual,final,11.5,3.4,WAG,11155,"[{""suggestion_id"": ""suggestion_20e43b4c07e55843"", ""suggestion_type"": ""context_correction"", ""confidence"": 0.65, ""message"": ""Same athlete/event/apparatus exists in the score sheet, but format, round, or day is different."", ""action"": ""attach_d_score_to_target_result"", ""changes"": {""format"": {""from"": ""apparatus"", ""to"": ""individual""}, ""round"": {""from"": ""final"", ""to"": ""final""}, ""day"": {""from"": null, ""to"": null}}, ""target_result"": {""event_name"": ""Austrian Championships"", ""year"": 2023, ""athlete_name"": ""Regina Kovacs"", ""country"": ""AUT"", ""discipline"": ""WAG"", ""category"": ""junior"", ""apparatus"": ""VT"", ""vt_attempt"": 1, ""day"": null, ""format"": ""individual"", ""round"": ""final"", ""score"": 11.5, ""D_score"": 3.4, ""vault_attempt_order_uncertain"": true, ""source_sheet"": ""WAG"", ""source_row"": 11155, ""target_id"": ""target_aa2588c8e4006f80""}}]"
orphan_6566d782a3dbd364,possible_context_mismatch,review,"Possible format, round, or day mismatch.",WAG D,10120,Austrian Championships,2023,Regina Kovacs,AUT,WAG,junior,VT,2,,apparatus,final,3.2,True,1,suggestion_d55bdc2538d549fe,context_correction,0.65,"Same athlete/event/apparatus exists in the score sheet, but format, round, or day is different.",Austrian Championships,2023,Regina Kovacs,AUT,WAG,junior,VT,2,,individual,final,11.5,3.2,WAG,11155,"[{""suggestion_id"": ""suggestion_d55bdc2538d549fe"", ""suggestion_type"": ""context_correction"", ""confidence"": 0.65, ""message"": ""Same athlete/event/apparatus exists in the score sheet, but format, round, or day is different."", ""action"": ""attach_d_score_to_target_result"", ""changes"": {""format"": {""from"": ""apparatus"", ""to"": ""individual""}, ""round"": {""from"": ""final"", ""to"": ""final""}, ""day"": {""from"": null, ""to"": null}}, ""target_result"": {""event_name"": ""Austrian Championships"", ""year"": 2023, ""athlete_name"": ""Regina Kovacs"", ""country"": ""AUT"", ""discipline"": ""WAG"", ""category"": ""junior"", ""apparatus"": ""VT"", ""vt_attempt"": 2, ""day"": null, ""format"": ""individual"", ""round"": ""final"", ""score"": 11.5, ""D_score"": 3.2, ""vault_attempt_order_uncertain"": true, ""source_sheet"": ""WAG"", ""source_row"": 11155, ""target_id"": ""target_15d42fbd7c8f3555""}}]"
orphan_181e4e860d97ffbf,missing_final_score_for_context,review,"The athlete/event exists, but not this apparatus/context.",WAG D,10183,Indian Junior Championships,2023,Rishya K.,IND,WAG,junior,VT,2,,individual,final,3.2,True,0,,,,,,,,,,,,,,,,,,,,[]
orphan_b709e83c35fdd29c,missing_final_score_for_context,review,"The athlete/event exists, but not this apparatus/context.",WAG D,10198,Indian Junior Championships,2023,Riya Sharma,IND,WAG,junior,VT,2,,individual,final,3.4,True,0,,,,,,,,,,,,,,,,,,,,[]
orphan_ad91d0c148750e7c,possible_context_mismatch,review,"Possible format, round, or day mismatch.",WAG D,10218,Austrian Championships,2023,Romana Stadtthaler,AUT,WAG,junior,VT,1,,apparatus,final,3.4,True,1,suggestion_4a827be31a78456e,context_correction,0.65,"Same athlete/event/apparatus exists in the score sheet, but format, round, or day is different.",Austrian Championships,2023,Romana Stadtthaler,AUT,WAG,junior,VT,1,,individual,final,11.65,3.4,WAG,11282,"[{""suggestion_id"": ""suggestion_4a827be31a78456e"", ""suggestion_type"": ""context_correction"", ""confidence"": 0.65, ""message"": ""Same athlete/event/apparatus exists in the score sheet, but format, round, or day is different."", ""action"": ""attach_d_score_to_target_result"", ""changes"": {""format"": {""from"": ""apparatus"", ""to"": ""individual""}, ""round"": {""from"": ""final"", ""to"": ""final""}, ""day"": {""from"": null, ""to"": null}}, ""target_result"": {""event_name"": ""Austrian Championships"", ""year"": 2023, ""athlete_name"": ""Romana Stadtthaler"", ""country"": ""AUT"", ""discipline"": ""WAG"", ""category"": ""junior"", ""apparatus"": ""VT"", ""vt_attempt"": 1, ""day"": null, ""format"": ""individual"", ""round"": ""final"", ""score"": 11.65, ""D_score"": 3.4, ""vault_attempt_order_uncertain"": true, ""source_sheet"": ""WAG"", ""source_row"": 11282, ""target_id"": ""target_333fa36ee185c0a6""}}]"
orphan_96f00b39128c8953,possible_context_mismatch,review,"Possible format, round, or day mismatch.",WAG D,10218,Austrian Championships,2023,Romana Stadtthaler,AUT,WAG,junior,VT,2,,apparatus,final,3.2,True,1,suggestion_b0598d783943b94a,context_correction,0.65,"Same athlete/event/apparatus exists in the score sheet, but format, round, or day is different.",Austrian Championships,2023,Romana Stadtthaler,AUT,WAG,junior,VT,2,,individual,final,12.0,3.2,WAG,11282,"[{""suggestion_id"": ""suggestion_b0598d783943b94a"", ""suggestion_type"": ""context_correction"", ""confidence"": 0.65, ""message"": ""Same athlete/event/apparatus exists in the score sheet, but format, round, or day is different."", ""action"": ""attach_d_score_to_target_result"", ""changes"": {""format"": {""from"": ""apparatus"", ""to"": ""individual""}, ""round"": {""from"": ""final"", ""to"": ""final""}, ""day"": {""from"": null, ""to"": null}}, ""target_result"": {""event_name"": ""Austrian Championships"", ""year"": 2023, ""athlete_name"": ""Romana Stadtthaler"", ""country"": ""AUT"", ""discipline"": ""WAG"", ""category"": ""junior"", ""apparatus"": ""VT"", ""vt_attempt"": 2, ""day"": null, ""format"": ""individual"", ""round"": ""final"", ""score"": 12.0, ""D_score"": 3.2, ""vault_attempt_order_uncertain"": true, ""source_sheet"": ""WAG"", ""source_row"": 11282, ""target_id"": ""target_63c062fc8021ae24""}}]"
orphan_08326e3902dc22e4,missing_final_score_for_context,review,"The athlete/event exists, but not this apparatus/context.",WAG D,10424,Indian Junior Championships,2023,Samara Shankar,IND,WAG,junior,VT,2,,individual,final,2.6,True,0,,,,,,,,,,,,,,,,,,,,[]
orphan_e8bb76ef29d9de76,possible_context_mismatch,review,"Possible format, round, or day mismatch.",WAG D,10501,EYOF Mixed Pairs,2023,Sara Caputo,ITA,WAG,junior,VT,1,,apparatus,final,5.0,True,1,suggestion_19113b6a22298dbe,context_correction,0.65,"Same athlete/event/apparatus exists in the score sheet, but format, round, or day is different.",EYOF Mixed Pairs,2023,Sara Caputo,ITA,WAG,junior,VT,1,,individual,qualification,13.733,5.0,WAG,11591,"[{""suggestion_id"": ""suggestion_19113b6a22298dbe"", ""suggestion_type"": ""context_correction"", ""confidence"": 0.65, ""message"": ""Same athlete/event/apparatus exists in the score sheet, but format, round, or day is different."", ""action"": ""attach_d_score_to_target_result"", ""changes"": {""format"": {""from"": ""apparatus"", ""to"": ""individual""}, ""round"": {""from"": ""final"", ""to"": ""qualification""}, ""day"": {""from"": null, ""to"": null}}, ""target_result"": {""event_name"": ""EYOF Mixed Pairs"", ""year"": 2023, ""athlete_name"": ""Sara Caputo"", ""country"": ""ITA"", ""discipline"": ""WAG"", ""category"": ""junior"", ""apparatus"": ""VT"", ""vt_attempt"": 1, ""day"": null, ""format"": ""individual"", ""round"": ""qualification"", ""score"": 13.733, ""D_score"": 5.0, ""vault_attempt_order_uncertain"": true, ""source_sheet"": ""WAG"", ""source_row"": 11591, ""target_id"": ""target_dbb7061e19d26d4c""}}]"
orphan_780e2695f5db1f6c,missing_final_score_for_context,review,"The athlete/event exists, but not this apparatus/context.",WAG D,10501,EYOF Mixed Pairs,2023,Sara Caputo,ITA,WAG,junior,VT,2,,apparatus,final,4.2,True,0,,,,,,,,,,,,,,,,,,,,[]
orphan_5c7de515c163c6e8,missing_final_score_for_context,review,"The athlete/event exists, but not this apparatus/context.",WAG D,10573,Indian Junior Championships,2023,Sara Rawool,IND,WAG,junior,VT,2,,individual,final,3.2,True,0,,,,,,,,,,,,,,,,,,,,[]
orphan_11e0afcc2b21f11a,athlete_missing_in_score_sheet,review,"The event/apparatus/context exists, but this athlete is missing in the score sheet.",WAG D,10618,All-Japan Championships,2023,Sara Yamaguchi,JPN,WAG,senior,BB,,,individual,final,5.8,False,0,,,,,,,,,,,,,,,,,,,,[]
orphan_dc95465cd55616e4,athlete_missing_in_score_sheet,review,"The event/apparatus/context exists, but this athlete is missing in the score sheet.",WAG D,10618,All-Japan Championships,2023,Sara Yamaguchi,JPN,WAG,senior,UB,,,individual,final,4.8,False,0,,,,,,,,,,,,,,,,,,,,[]
orphan_59ec64bad93f19b8,athlete_missing_in_score_sheet,review,"The event/apparatus/context exists, but this athlete is missing in the score sheet.",WAG D,10618,All-Japan Championships,2023,Sara Yamaguchi,JPN,WAG,senior,VT,1,,individual,final,4.6,True,0,,,,,,,,,,,,,,,,,,,,[]
orphan_5281dbf87f51c796,missing_final_score_for_context,review,"The athlete/event exists, but not this apparatus/context.",WAG D,10809,Indian Junior Championships,2023,Shaivi Pinalkumar Dave,IND,WAG,junior,VT,2,,individual,final,2.0,True,0,,,,,,,,,,,,,,,,,,,,[]
orphan_3abf70a39f71f4d4,possible_context_mismatch,review,"Possible format, round, or day mismatch.",WAG D,10903,City of Jesolo Trophy,2023,Shin Solyi,KOR,WAG,senior,VT,2,,individual,final,3.8,True,1,suggestion_f6499e40f36541bc,context_correction,0.65,"Same athlete/event/apparatus exists in the score sheet, but format, round, or day is different.",City of Jesolo Trophy,2023,Shin Solyi,KOR,WAG,senior,VT,2,,apparatus,final,12.35,3.8,WAG,12022,"[{""suggestion_id"": ""suggestion_f6499e40f36541bc"", ""suggestion_type"": ""context_correction"", ""confidence"": 0.65, ""message"": ""Same athlete/event/apparatus exists in the score sheet, but format, round, or day is different."", ""action"": ""attach_d_score_to_target_result"", ""changes"": {""format"": {""from"": ""individual"", ""to"": ""apparatus""}, ""round"": {""from"": ""final"", ""to"": ""final""}, ""day"": {""from"": null, ""to"": null}}, ""target_result"": {""event_name"": ""City of Jesolo Trophy"", ""year"": 2023, ""athlete_name"": ""Shin Solyi"", ""country"": ""KOR"", ""discipline"": ""WAG"", ""category"": ""senior"", ""apparatus"": ""VT"", ""vt_attempt"": 2, ""day"": null, ""format"": ""apparatus"", ""round"": ""final"", ""score"": 12.35, ""D_score"": 3.8, ""vault_attempt_order_uncertain"": true, ""source_sheet"": ""WAG"", ""source_row"": 12022, ""target_id"": ""target_4ea962f0e06a41cc""}}]"
orphan_64ec755a6893c7c8,missing_final_score_for_context,review,"The athlete/event exists, but not this apparatus/context.",WAG D,10975,German Junior Championships,2023,Silja Stöhr,GER,WAG,junior,FX,,,individual,final,5.1,False,0,,,,,,,,,,,,,,,,,,,,[]
orphan_dfeb9936f505eeab,athlete_missing_in_score_sheet,review,"The event/apparatus/context exists, but this athlete is missing in the score sheet.",WAG D,11059,2nd Italian Serie A,2023,Sofia Brocchi,ITA,WAG,senior,BB,,,individual,final,4.2,False,0,,,,,,,,,,,,,,,,,,,,[]
orphan_9c03994294a6f29f,athlete_missing_in_score_sheet,review,"The event/apparatus/context exists, but this athlete is missing in the score sheet.",WAG D,11059,2nd Italian Serie A,2023,Sofia Brocchi,ITA,WAG,senior,FX,,,individual,final,4.9,False,0,,,,,,,,,,,,,,,,,,,,[]
orphan_ab22403e5ba719f9,athlete_missing_in_score_sheet,review,"The event/apparatus/context exists, but this athlete is missing in the score sheet.",WAG D,11059,2nd Italian Serie A,2023,Sofia Brocchi,ITA,WAG,senior,UB,,,individual,final,3.2,False,0,,,,,,,,,,,,,,,,,,,,[]
orphan_892c728ec9da4869,athlete_missing_in_score_sheet,review,"The event/apparatus/context exists, but this athlete is missing in the score sheet.",WAG D,11059,2nd Italian Serie A,2023,Sofia Brocchi,ITA,WAG,senior,VT,1,,individual,final,3.6,True,0,,,,,,,,,,,,,,,,,,,,[]
orphan_4935972f3378aadb,athlete_missing_in_score_sheet,review,"The event/apparatus/context exists, but this athlete is missing in the score sheet.",WAG D,11060,Top 12 Series 4,2023,Sofia Brocchi,ITA,WAG,senior,BB,,,individual,final,4.4,False,0,,,,,,,,,,,,,,,,,,,,[]
orphan_8d2d08b0e4094276,athlete_missing_in_score_sheet,review,"The event/apparatus/context exists, but this athlete is missing in the score sheet.",WAG D,11060,Top 12 Series 4,2023,Sofia Brocchi,ITA,WAG,senior,FX,,,individual,final,4.7,False,0,,,,,,,,,,,,,,,,,,,,[]
orphan_7cefa43ac71b1960,athlete_missing_in_score_sheet,review,"The event/apparatus/context exists, but this athlete is missing in the score sheet.",WAG D,11060,Top 12 Series 4,2023,Sofia Brocchi,ITA,WAG,senior,UB,,,individual,final,4.1,False,0,,,,,,,,,,,,,,,,,,,,[]
orphan_cbb71d96110ce240,athlete_missing_in_score_sheet,review,"The event/apparatus/context exists, but this athlete is missing in the score sheet.",WAG D,11060,Top 12 Series 4,2023,Sofia Brocchi,ITA,WAG,senior,VT,1,,individual,final,3.6,True,0,,,,,,,,,,,,,,,,,,,,[]
orphan_67f2bef4afb57142,athlete_missing_in_score_sheet,review,"The event/apparatus/context exists, but this athlete is missing in the score sheet.",WAG D,11061,1st Italian Serie A,2023,Sofia Brocchi,ITA,WAG,senior,BB,,,individual,final,4.2,False,0,,,,,,,,,,,,,,,,,,,,[]
orphan_6447aa2ad6676f11,athlete_missing_in_score_sheet,review,"The event/apparatus/context exists, but this athlete is missing in the score sheet.",WAG D,11061,1st Italian Serie A,2023,Sofia Brocchi,ITA,WAG,senior,FX,,,individual,final,4.5,False,0,,,,,,,,,,,,,,,,,,,,[]
orphan_ccf221741333d0f3,athlete_missing_in_score_sheet,review,"The event/apparatus/context exists, but this athlete is missing in the score sheet.",WAG D,11061,1st Italian Serie A,2023,Sofia Brocchi,ITA,WAG,senior,UB,,,individual,final,3.3,False,0,,,,,,,,,,,,,,,,,,,,[]
orphan_b07e95212a612191,athlete_missing_in_score_sheet,review,"The event/apparatus/context exists, but this athlete is missing in the score sheet.",WAG D,11061,1st Italian Serie A,2023,Sofia Brocchi,ITA,WAG,senior,VT,1,,individual,final,3.6,True,0,,,,,,,,,,,,,,,,,,,,[]
orphan_60911992d31cbbdb,athlete_missing_in_score_sheet,review,"The event/apparatus/context exists, but this athlete is missing in the score sheet.",WAG D,11062,3rd Italian Serie A,2023,Sofia Brocchi,ITA,WAG,senior,BB,,,individual,final,3.9,False,0,,,,,,,,,,,,,,,,,,,,[]
orphan_8da8da7c5d8bff16,athlete_missing_in_score_sheet,review,"The event/apparatus/context exists, but this athlete is missing in the score sheet.",WAG D,11062,3rd Italian Serie A,2023,Sofia Brocchi,ITA,WAG,senior,FX,,,individual,final,4.5,False,0,,,,,,,,,,,,,,,,,,,,[]
orphan_ffefd934027e1195,athlete_missing_in_score_sheet,review,"The event/apparatus/context exists, but this athlete is missing in the score sheet.",WAG D,11062,3rd Italian Serie A,2023,Sofia Brocchi,ITA,WAG,senior,UB,,,individual,final,4.1,False,0,,,,,,,,,,,,,,,,,,,,[]
orphan_0eb03df5a3308edb,athlete_missing_in_score_sheet,review,"The event/apparatus/context exists, but this athlete is missing in the score sheet.",WAG D,11062,3rd Italian Serie A,2023,Sofia Brocchi,ITA,WAG,senior,VT,1,,individual,final,3.6,True,0,,,,,,,,,,,,,,,,,,,,[]
orphan_569a12838790a2f0,athlete_missing_in_score_sheet,review,"The event/apparatus/context exists, but this athlete is missing in the score sheet.",WAG D,11063,2nd Bundesliga,2023,Sofia Brocchi,ITA,WAG,senior,FX,,,individual,final,4.4,False,0,,,,,,,,,,,,,,,,,,,,[]
orphan_67a527eb0153fc6b,athlete_missing_in_score_sheet,review,"The event/apparatus/context exists, but this athlete is missing in the score sheet.",WAG D,11063,2nd Bundesliga,2023,Sofia Brocchi,ITA,WAG,senior,VT,1,,individual,final,4.2,True,0,,,,,,,,,,,,,,,,,,,,[]
orphan_33bc6fee79eb7430,missing_final_score_for_context,review,"The athlete/event exists, but not this apparatus/context.",WAG D,11073,Italian Gold Championships Qualifier,2023,Sofia Concilio,ITA,WAG,senior,FX,,,individual,final,3.0,False,0,,,,,,,,,,,,,,,,,,,,[]
orphan_72636715c612466b,athlete_missing_in_score_sheet,review,"The event/apparatus/context exists, but this athlete is missing in the score sheet.",WAG D,11074,3rd Italian Serie A,2023,Sofia Delicato,ITA,WAG,senior,FX,,,individual,final,4.3,False,0,,,,,,,,,,,,,,,,,,,,[]
orphan_2d47ec9e39b37a4c,missing_final_score_for_context,review,"The athlete/event exists, but not this apparatus/context.",WAG D,11222,Indian Junior Championships,2023,Sonika Gowda Bi,IND,WAG,junior,VT,2,,individual,final,2.4,True,0,,,,,,,,,,,,,,,,,,,,[]
orphan_1ffb083ff8bc945a,missing_final_score_for_context,review,"The athlete/event exists, but not this apparatus/context.",WAG D,11298,Indian Junior Championships,2023,Sreepriya T.S.,IND,WAG,junior,UB,,,individual,final,0.3,False,0,,,,,,,,,,,,,,,,,,,,[]
orphan_6d41d3d391dbda38,missing_final_score_for_context,review,"The athlete/event exists, but not this apparatus/context.",WAG D,11299,Indian Junior Championships,2023,Srishti J.S.,IND,WAG,junior,VT,2,,individual,final,2.4,True,0,,,,,,,,,,,,,,,,,,,,[]
orphan_4f78f0ec03549e69,possible_context_mismatch,review,"Possible format, round, or day mismatch.",WAG D,11508,City of Jesolo Trophy,2023,Tegan Shaver,CAN,WAG,senior,VT,2,,individual,final,3.6,True,1,suggestion_c637236bcc3e3aae,context_correction,0.65,"Same athlete/event/apparatus exists in the score sheet, but format, round, or day is different.",City of Jesolo Trophy,2023,Tegan Shaver,CAN,WAG,senior,VT,2,,apparatus,final,12.4,3.6,WAG,12700,"[{""suggestion_id"": ""suggestion_c637236bcc3e3aae"", ""suggestion_type"": ""context_correction"", ""confidence"": 0.65, ""message"": ""Same athlete/event/apparatus exists in the score sheet, but format, round, or day is different."", ""action"": ""attach_d_score_to_target_result"", ""changes"": {""format"": {""from"": ""individual"", ""to"": ""apparatus""}, ""round"": {""from"": ""final"", ""to"": ""final""}, ""day"": {""from"": null, ""to"": null}}, ""target_result"": {""event_name"": ""City of Jesolo Trophy"", ""year"": 2023, ""athlete_name"": ""Tegan Shaver"", ""country"": ""CAN"", ""discipline"": ""WAG"", ""category"": ""senior"", ""apparatus"": ""VT"", ""vt_attempt"": 2, ""day"": null, ""format"": ""apparatus"", ""round"": ""final"", ""score"": 12.4, ""D_score"": 3.6, ""vault_attempt_order_uncertain"": true, ""source_sheet"": ""WAG"", ""source_row"": 12700, ""target_id"": ""target_ac57cee12c2e7e1b""}}]"
orphan_991c608e6d0f9af3,athlete_missing_in_score_sheet,review,"The event/apparatus/context exists, but this athlete is missing in the score sheet.",WAG D,11547,2nd Italian Serie A,2023,Thelma Lapalombella,ITA,WAG,senior,BB,,,individual,final,4.5,False,0,,,,,,,,,,,,,,,,,,,,[]
orphan_91564f3c6d67f4ad,athlete_missing_in_score_sheet,review,"The event/apparatus/context exists, but this athlete is missing in the score sheet.",WAG D,11547,2nd Italian Serie A,2023,Thelma Lapalombella,ITA,WAG,senior,UB,,,individual,final,4.7,False,0,,,,,,,,,,,,,,,,,,,,[]
orphan_4520de81ab71cecc,athlete_missing_in_score_sheet,review,"The event/apparatus/context exists, but this athlete is missing in the score sheet.",WAG D,11548,3rd Italian Serie A,2023,Thelma Lapalombella,ITA,WAG,senior,BB,,,individual,final,4.5,False,0,,,,,,,,,,,,,,,,,,,,[]
orphan_b1ad88a3d910b05c,athlete_missing_in_score_sheet,review,"The event/apparatus/context exists, but this athlete is missing in the score sheet.",WAG D,11548,3rd Italian Serie A,2023,Thelma Lapalombella,ITA,WAG,senior,UB,,,individual,final,4.7,False,0,,,,,,,,,,,,,,,,,,,,[]
orphan_0ab83f6fb056243f,athlete_missing_in_score_sheet,review,"The event/apparatus/context exists, but this athlete is missing in the score sheet.",WAG D,11549,1st Italian Serie A,2023,Thelma Lapalombella,ITA,WAG,senior,BB,,,individual,final,4.4,False,0,,,,,,,,,,,,,,,,,,,,[]
orphan_1a11a3ee4f9bfcea,athlete_missing_in_score_sheet,review,"The event/apparatus/context exists, but this athlete is missing in the score sheet.",WAG D,11549,1st Italian Serie A,2023,Thelma Lapalombella,ITA,WAG,senior,UB,,,individual,final,4.6,False,0,,,,,,,,,,,,,,,,,,,,[]
orphan_cee9eb27320b75e3,athlete_missing_in_score_sheet,review,"The event/apparatus/context exists, but this athlete is missing in the score sheet.",WAG D,11550,3rd Bundesliga,2023,Thelma Lapalombella,ITA,WAG,senior,BB,,,individual,final,4.1,False,0,,,,,,,,,,,,,,,,,,,,[]
orphan_f749f4eb4f683eed,athlete_missing_in_score_sheet,review,"The event/apparatus/context exists, but this athlete is missing in the score sheet.",WAG D,11550,3rd Bundesliga,2023,Thelma Lapalombella,ITA,WAG,senior,UB,,,individual,final,4.2,False,0,,,,,,,,,,,,,,,,,,,,[]
orphan_6b30115b3ba91554,possible_event_name_mismatch,review,Possible event-name mismatch between the D sheet and the score sheet.,WAG D,11713,All-Japan Event Championships,2023,Touwa Matsuda,JPN,WAG,senior,FX,,,individual,qualification,5.1,False,1,suggestion_58befafe4cf70dd6,event_name_correction,0.885,D-score event 'All-Japan Event Championships' may match score-sheet event 'All-Japan Championships'.,All-Japan Championships,2023,Touwa Matsuda,JPN,WAG,senior,FX,,,individual,qualification,12.433,4.9,WAG,12919,"[{""suggestion_id"": ""suggestion_58befafe4cf70dd6"", ""suggestion_type"": ""event_name_correction"", ""confidence"": 0.885, ""message"": ""D-score event 'All-Japan Event Championships' may match score-sheet event 'All-Japan Championships'."", ""action"": ""attach_d_score_to_target_result"", ""changes"": {""event_name"": {""from"": ""All-Japan Event Championships"", ""to"": ""All-Japan Championships""}}, ""target_result"": {""event_name"": ""All-Japan Championships"", ""year"": 2023, ""athlete_name"": ""Touwa Matsuda"", ""country"": ""JPN"", ""discipline"": ""WAG"", ""category"": ""senior"", ""apparatus"": ""FX"", ""vt_attempt"": null, ""day"": null, ""format"": ""individual"", ""round"": ""qualification"", ""score"": 12.433, ""D_score"": 4.9, ""vault_attempt_order_uncertain"": false, ""source_sheet"": ""WAG"", ""source_row"": 12919, ""target_id"": ""target_c447e05c0bc47f50""}}]"
orphan_34af625304c45943,athlete_missing_in_score_sheet,review,"The event/apparatus/context exists, but this athlete is missing in the score sheet.",WAG D,11790,Top 12 Series 1,2023,Valentina Bottan,FRA,WAG,senior,BB,,,individual,final,4.4,False,0,,,,,,,,,,,,,,,,,,,,[]
orphan_5f720f9c8debd956,athlete_missing_in_score_sheet,review,"The event/apparatus/context exists, but this athlete is missing in the score sheet.",WAG D,11791,2nd Italian Serie A,2023,Valentina Bottan,ITA,WAG,senior,BB,,,individual,final,4.6,False,0,,,,,,,,,,,,,,,,,,,,[]
orphan_20fce9061b926602,athlete_missing_in_score_sheet,review,"The event/apparatus/context exists, but this athlete is missing in the score sheet.",WAG D,11791,2nd Italian Serie A,2023,Valentina Bottan,ITA,WAG,senior,FX,,,individual,final,3.2,False,0,,,,,,,,,,,,,,,,,,,,[]
orphan_d899a038c22806e8,athlete_missing_in_score_sheet,review,"The event/apparatus/context exists, but this athlete is missing in the score sheet.",WAG D,11792,Top 12 Series 4,2023,Valentina Bottan,ITA,WAG,senior,BB,,,individual,final,4.5,False,0,,,,,,,,,,,,,,,,,,,,[]
orphan_1ea0d95421e8aa53,athlete_missing_in_score_sheet,review,"The event/apparatus/context exists, but this athlete is missing in the score sheet.",WAG D,11792,Top 12 Series 4,2023,Valentina Bottan,ITA,WAG,senior,FX,,,individual,final,3.1,False,0,,,,,,,,,,,,,,,,,,,,[]
orphan_9cd041b7e3b236a9,athlete_missing_in_score_sheet,review,"The event/apparatus/context exists, but this athlete is missing in the score sheet.",WAG D,11793,3rd Italian Serie A,2023,Valentina Bottan,ITA,WAG,senior,UB,,,individual,final,3.0,False,0,,,,,,,,,,,,,,,,,,,,[]
orphan_19135d0db10d7bdd,possible_context_mismatch,review,"Possible format, round, or day mismatch.",WAG D,11810,Austrian Championships,2023,Valentina Frint,AUT,WAG,junior,VT,1,,apparatus,final,3.6,True,1,suggestion_4003a9ef6563f877,context_correction,0.65,"Same athlete/event/apparatus exists in the score sheet, but format, round, or day is different.",Austrian Championships,2023,Valentina Frint,AUT,WAG,junior,VT,1,,individual,final,12.05,3.4,WAG,13040,"[{""suggestion_id"": ""suggestion_4003a9ef6563f877"", ""suggestion_type"": ""context_correction"", ""confidence"": 0.65, ""message"": ""Same athlete/event/apparatus exists in the score sheet, but format, round, or day is different."", ""action"": ""attach_d_score_to_target_result"", ""changes"": {""format"": {""from"": ""apparatus"", ""to"": ""individual""}, ""round"": {""from"": ""final"", ""to"": ""final""}, ""day"": {""from"": null, ""to"": null}}, ""target_result"": {""event_name"": ""Austrian Championships"", ""year"": 2023, ""athlete_name"": ""Valentina Frint"", ""country"": ""AUT"", ""discipline"": ""WAG"", ""category"": ""junior"", ""apparatus"": ""VT"", ""vt_attempt"": 1, ""day"": null, ""format"": ""individual"", ""round"": ""final"", ""score"": 12.05, ""D_score"": 3.4, ""vault_attempt_order_uncertain"": true, ""source_sheet"": ""WAG"", ""source_row"": 13040, ""target_id"": ""target_c543a54ebb9c52bd""}}]"
orphan_2b3ab5cfae764519,possible_context_mismatch,review,"Possible format, round, or day mismatch.",WAG D,11810,Austrian Championships,2023,Valentina Frint,AUT,WAG,junior,VT,2,,apparatus,final,3.4,True,1,suggestion_228881baf2ef2b8b,context_correction,0.65,"Same athlete/event/apparatus exists in the score sheet, but format, round, or day is different.",Austrian Championships,2023,Valentina Frint,AUT,WAG,junior,VT,2,,individual,final,11.25,3.6,WAG,13040,"[{""suggestion_id"": ""suggestion_228881baf2ef2b8b"", ""suggestion_type"": ""context_correction"", ""confidence"": 0.65, ""message"": ""Same athlete/event/apparatus exists in the score sheet, but format, round, or day is different."", ""action"": ""attach_d_score_to_target_result"", ""changes"": {""format"": {""from"": ""apparatus"", ""to"": ""individual""}, ""round"": {""from"": ""final"", ""to"": ""final""}, ""day"": {""from"": null, ""to"": null}}, ""target_result"": {""event_name"": ""Austrian Championships"", ""year"": 2023, ""athlete_name"": ""Valentina Frint"", ""country"": ""AUT"", ""discipline"": ""WAG"", ""category"": ""junior"", ""apparatus"": ""VT"", ""vt_attempt"": 2, ""day"": null, ""format"": ""individual"", ""round"": ""final"", ""score"": 11.25, ""D_score"": 3.6, ""vault_attempt_order_uncertain"": true, ""source_sheet"": ""WAG"", ""source_row"": 13040, ""target_id"": ""target_6c4dea9d222deb94""}}]"
orphan_770e17088e8fc2e0,missing_final_score_for_context,review,"The athlete/event exists, but not this apparatus/context.",WAG D,11892,Indian Junior Championships,2023,Varsha Anand Nair,IND,WAG,junior,VT,2,,individual,final,3.4,True,0,,,,,,,,,,,,,,,,,,,,[]
orphan_8e422433b6531045,missing_final_score_for_context,review,"The athlete/event exists, but not this apparatus/context.",WAG D,11898,Indian Junior Championships,2023,Vashu Saini,IND,WAG,junior,VT,2,,individual,final,3.4,True,0,,,,,,,,,,,,,,,,,,,,[]
orphan_d3dd862933a04625,athlete_missing_in_score_sheet,review,"The event/apparatus/context exists, but this athlete is missing in the score sheet.",WAG D,11989,2nd Spanish League,2023,Victoria Valeros,ESP,WAG,senior,BB,,,individual,final,4.1,False,0,,,,,,,,,,,,,,,,,,,,[]
orphan_cbedd6055a80bd2f,athlete_missing_in_score_sheet,review,"The event/apparatus/context exists, but this athlete is missing in the score sheet.",WAG D,11989,2nd Spanish League,2023,Victoria Valeros,ESP,WAG,senior,FX,,,individual,final,2.9,False,0,,,,,,,,,,,,,,,,,,,,[]
orphan_daa2d5a4c10ec917,athlete_missing_in_score_sheet,review,"The event/apparatus/context exists, but this athlete is missing in the score sheet.",WAG D,11989,2nd Spanish League,2023,Victoria Valeros,ESP,WAG,senior,UB,,,individual,final,2.6,False,0,,,,,,,,,,,,,,,,,,,,[]
orphan_800107e8a9c33e4b,athlete_missing_in_score_sheet,review,"The event/apparatus/context exists, but this athlete is missing in the score sheet.",WAG D,11989,2nd Spanish League,2023,Victoria Valeros,ESP,WAG,senior,VT,1,,individual,final,3.2,True,0,,,,,,,,,,,,,,,,,,,,[]
orphan_344a798f211d251c,possible_athlete_name_typo,review,Possible athlete-name typo between the D sheet and the score sheet.,WAG D,11999,Nordic Junior Championships,2023,Viivi Åkerdal,SWE,WAG,junior,BB,,,individual,final,4.5,False,1,suggestion_56a488650b7ed005,athlete_name_correction,0.963,D-score athlete 'Viivi Åkerdal' probably matches score-sheet athlete 'Viivi Åkerdahl'.,Nordic Junior Championships,2023,Viivi Åkerdahl,SWE,WAG,junior,BB,,,individual,final,11.233,,WAG,13262,"[{""suggestion_id"": ""suggestion_56a488650b7ed005"", ""suggestion_type"": ""athlete_name_correction"", ""confidence"": 0.963, ""message"": ""D-score athlete 'Viivi Åkerdal' probably matches score-sheet athlete 'Viivi Åkerdahl'."", ""action"": ""attach_d_score_to_target_result"", ""changes"": {""athlete_name"": {""from"": ""Viivi Åkerdal"", ""to"": ""Viivi Åkerdahl""}}, ""target_result"": {""event_name"": ""Nordic Junior Championships"", ""year"": 2023, ""athlete_name"": ""Viivi Åkerdahl"", ""country"": ""SWE"", ""discipline"": ""WAG"", ""category"": ""junior"", ""apparatus"": ""BB"", ""vt_attempt"": null, ""day"": null, ""format"": ""individual"", ""round"": ""final"", ""score"": 11.233, ""D_score"": null, ""vault_attempt_order_uncertain"": false, ""source_sheet"": ""WAG"", ""source_row"": 13262, ""target_id"": ""target_ce613a9f5603fac9""}}]"
orphan_59bb3813b0530080,possible_athlete_name_typo,review,Possible athlete-name typo between the D sheet and the score sheet.,WAG D,11999,Nordic Junior Championships,2023,Viivi Åkerdal,SWE,WAG,junior,FX,,,individual,final,4.3,False,1,suggestion_00b3927519ad9e32,athlete_name_correction,0.963,D-score athlete 'Viivi Åkerdal' probably matches score-sheet athlete 'Viivi Åkerdahl'.,Nordic Junior Championships,2023,Viivi Åkerdahl,SWE,WAG,junior,FX,,,individual,final,12.15,,WAG,13262,"[{""suggestion_id"": ""suggestion_00b3927519ad9e32"", ""suggestion_type"": ""athlete_name_correction"", ""confidence"": 0.963, ""message"": ""D-score athlete 'Viivi Åkerdal' probably matches score-sheet athlete 'Viivi Åkerdahl'."", ""action"": ""attach_d_score_to_target_result"", ""changes"": {""athlete_name"": {""from"": ""Viivi Åkerdal"", ""to"": ""Viivi Åkerdahl""}}, ""target_result"": {""event_name"": ""Nordic Junior Championships"", ""year"": 2023, ""athlete_name"": ""Viivi Åkerdahl"", ""country"": ""SWE"", ""discipline"": ""WAG"", ""category"": ""junior"", ""apparatus"": ""FX"", ""vt_attempt"": null, ""day"": null, ""format"": ""individual"", ""round"": ""final"", ""score"": 12.15, ""D_score"": null, ""vault_attempt_order_uncertain"": false, ""source_sheet"": ""WAG"", ""source_row"": 13262, ""target_id"": ""target_6f259d4847d3c8df""}}]"
orphan_14031d30ffc03e88,possible_athlete_name_typo,review,Possible athlete-name typo between the D sheet and the score sheet.,WAG D,11999,Nordic Junior Championships,2023,Viivi Åkerdal,SWE,WAG,junior,UB,,,individual,final,1.8,False,1,suggestion_68b0a837a0a4805a,athlete_name_correction,0.963,D-score athlete 'Viivi Åkerdal' probably matches score-sheet athlete 'Viivi Åkerdahl'.,Nordic Junior Championships,2023,Viivi Åkerdahl,SWE,WAG,junior,UB,,,individual,final,7.633,,WAG,13262,"[{""suggestion_id"": ""suggestion_68b0a837a0a4805a"", ""suggestion_type"": ""athlete_name_correction"", ""confidence"": 0.963, ""message"": ""D-score athlete 'Viivi Åkerdal' probably matches score-sheet athlete 'Viivi Åkerdahl'."", ""action"": ""attach_d_score_to_target_result"", ""changes"": {""athlete_name"": {""from"": ""Viivi Åkerdal"", ""to"": ""Viivi Åkerdahl""}}, ""target_result"": {""event_name"": ""Nordic Junior Championships"", ""year"": 2023, ""athlete_name"": ""Viivi Åkerdahl"", ""country"": ""SWE"", ""discipline"": ""WAG"", ""category"": ""junior"", ""apparatus"": ""UB"", ""vt_attempt"": null, ""day"": null, ""format"": ""individual"", ""round"": ""final"", ""score"": 7.633, ""D_score"": null, ""vault_attempt_order_uncertain"": false, ""source_sheet"": ""WAG"", ""source_row"": 13262, ""target_id"": ""target_a6190a8414aa9235""}}]"
orphan_ed28de7e127c1e31,possible_athlete_name_typo,review,Possible athlete-name typo between the D sheet and the score sheet.,WAG D,11999,Nordic Junior Championships,2023,Viivi Åkerdal,SWE,WAG,junior,VT,1,,individual,final,3.2,True,1,suggestion_152f794269f2f99d,athlete_name_correction,0.963,D-score athlete 'Viivi Åkerdal' probably matches score-sheet athlete 'Viivi Åkerdahl'.,Nordic Junior Championships,2023,Viivi Åkerdahl,SWE,WAG,junior,VT,1,,individual,final,12.1,,WAG,13262,"[{""suggestion_id"": ""suggestion_152f794269f2f99d"", ""suggestion_type"": ""athlete_name_correction"", ""confidence"": 0.963, ""message"": ""D-score athlete 'Viivi Åkerdal' probably matches score-sheet athlete 'Viivi Åkerdahl'."", ""action"": ""attach_d_score_to_target_result"", ""changes"": {""athlete_name"": {""from"": ""Viivi Åkerdal"", ""to"": ""Viivi Åkerdahl""}}, ""target_result"": {""event_name"": ""Nordic Junior Championships"", ""year"": 2023, ""athlete_name"": ""Viivi Åkerdahl"", ""country"": ""SWE"", ""discipline"": ""WAG"", ""category"": ""junior"", ""apparatus"": ""VT"", ""vt_attempt"": 1, ""day"": null, ""format"": ""individual"", ""round"": ""final"", ""score"": 12.1, ""D_score"": null, ""vault_attempt_order_uncertain"": true, ""source_sheet"": ""WAG"", ""source_row"": 13262, ""target_id"": ""target_60e447aacf6ee993""}}]"
orphan_2c581ebfcdb211e9,possible_athlete_name_typo,review,Possible athlete-name typo between the D sheet and the score sheet.,WAG D,11999,Nordic Junior Championships,2023,Viivi Åkerdal,SWE,WAG,junior,VT,2,,individual,final,3.0,True,1,suggestion_0219674e648f0a0a,athlete_name_correction,0.963,D-score athlete 'Viivi Åkerdal' probably matches score-sheet athlete 'Viivi Åkerdahl'.,Nordic Junior Championships,2023,Viivi Åkerdahl,SWE,WAG,junior,VT,2,,individual,final,11.9,,WAG,13262,"[{""suggestion_id"": ""suggestion_0219674e648f0a0a"", ""suggestion_type"": ""athlete_name_correction"", ""confidence"": 0.963, ""message"": ""D-score athlete 'Viivi Åkerdal' probably matches score-sheet athlete 'Viivi Åkerdahl'."", ""action"": ""attach_d_score_to_target_result"", ""changes"": {""athlete_name"": {""from"": ""Viivi Åkerdal"", ""to"": ""Viivi Åkerdahl""}}, ""target_result"": {""event_name"": ""Nordic Junior Championships"", ""year"": 2023, ""athlete_name"": ""Viivi Åkerdahl"", ""country"": ""SWE"", ""discipline"": ""WAG"", ""category"": ""junior"", ""apparatus"": ""VT"", ""vt_attempt"": 2, ""day"": null, ""format"": ""individual"", ""round"": ""final"", ""score"": 11.9, ""D_score"": null, ""vault_attempt_order_uncertain"": true, ""source_sheet"": ""WAG"", ""source_row"": 13262, ""target_id"": ""target_212de2dd3cb4f5da""}}]"
orphan_cb1d4278ef6b81cb,possible_athlete_name_typo,review,Possible athlete-name typo between the D sheet and the score sheet.,WAG D,12000,Nordic Junior Championships,2023,Viivi Åkerdal,SWE,WAG,junior,FX,,,apparatus,final,4.3,False,1,suggestion_50cb721855de86fb,athlete_name_correction,0.963,D-score athlete 'Viivi Åkerdal' probably matches score-sheet athlete 'Viivi Åkerdahl'.,Nordic Junior Championships,2023,Viivi Åkerdahl,SWE,WAG,junior,FX,,,apparatus,final,12.133,,WAG,13263,"[{""suggestion_id"": ""suggestion_50cb721855de86fb"", ""suggestion_type"": ""athlete_name_correction"", ""confidence"": 0.963, ""message"": ""D-score athlete 'Viivi Åkerdal' probably matches score-sheet athlete 'Viivi Åkerdahl'."", ""action"": ""attach_d_score_to_target_result"", ""changes"": {""athlete_name"": {""from"": ""Viivi Åkerdal"", ""to"": ""Viivi Åkerdahl""}}, ""target_result"": {""event_name"": ""Nordic Junior Championships"", ""year"": 2023, ""athlete_name"": ""Viivi Åkerdahl"", ""country"": ""SWE"", ""discipline"": ""WAG"", ""category"": ""junior"", ""apparatus"": ""FX"", ""vt_attempt"": null, ""day"": null, ""format"": ""apparatus"", ""round"": ""final"", ""score"": 12.133, ""D_score"": null, ""vault_attempt_order_uncertain"": false, ""source_sheet"": ""WAG"", ""source_row"": 13263, ""target_id"": ""target_f3c2b77a44230e57""}}]"
orphan_5318813f289d3c9c,possible_athlete_name_typo,review,Possible athlete-name typo between the D sheet and the score sheet.,WAG D,12001,Mälar Cup,2023,Viivi Åkerdal,SWE,WAG,junior,UB,,,individual,final,2.1,False,1,suggestion_10745385c48f043d,athlete_name_correction,0.963,D-score athlete 'Viivi Åkerdal' probably matches score-sheet athlete 'Viivi Åkerdahl'.,Mälar Cup,2023,Viivi Åkerdahl,SWE,WAG,junior,UB,,,individual,final,8.966,,WAG,13264,"[{""suggestion_id"": ""suggestion_10745385c48f043d"", ""suggestion_type"": ""athlete_name_correction"", ""confidence"": 0.963, ""message"": ""D-score athlete 'Viivi Åkerdal' probably matches score-sheet athlete 'Viivi Åkerdahl'."", ""action"": ""attach_d_score_to_target_result"", ""changes"": {""athlete_name"": {""from"": ""Viivi Åkerdal"", ""to"": ""Viivi Åkerdahl""}}, ""target_result"": {""event_name"": ""Mälar Cup"", ""year"": 2023, ""athlete_name"": ""Viivi Åkerdahl"", ""country"": ""SWE"", ""discipline"": ""WAG"", ""category"": ""junior"", ""apparatus"": ""UB"", ""vt_attempt"": null, ""day"": null, ""format"": ""individual"", ""round"": ""final"", ""score"": 8.966, ""D_score"": null, ""vault_attempt_order_uncertain"": false, ""source_sheet"": ""WAG"", ""source_row"": 13264, ""target_id"": ""target_06899cd2d7e1aa1a""}}]"
orphan_f8df3af41a6650f7,athlete_missing_in_score_sheet,review,"The event/apparatus/context exists, but this athlete is missing in the score sheet.",WAG D,12050,3rd Italian Serie A,2023,Viola Cucinotta,ITA,WAG,senior,BB,,,individual,final,4.6,False,0,,,,,,,,,,,,,,,,,,,,[]
orphan_38bb7dfa1d25212d,athlete_missing_in_score_sheet,review,"The event/apparatus/context exists, but this athlete is missing in the score sheet.",WAG D,12050,3rd Italian Serie A,2023,Viola Cucinotta,ITA,WAG,senior,FX,,,individual,final,4.1,False,0,,,,,,,,,,,,,,,,,,,,[]
orphan_ff8ca2c478993c1c,athlete_missing_in_score_sheet,review,"The event/apparatus/context exists, but this athlete is missing in the score sheet.",WAG D,12051,2nd Italian Serie A,2023,Viola Cucinotta,ITA,WAG,senior,BB,,,individual,final,4.7,False,0,,,,,,,,,,,,,,,,,,,,[]
orphan_70d99f9ad70ecd50,athlete_missing_in_score_sheet,review,"The event/apparatus/context exists, but this athlete is missing in the score sheet.",WAG D,12090,2nd Italian Serie A,2023,Vittoria Ferrarini,ITA,WAG,senior,BB,,,individual,final,4.7,False,0,,,,,,,,,,,,,,,,,,,,[]
orphan_d5f461bfc1ddaa57,athlete_missing_in_score_sheet,review,"The event/apparatus/context exists, but this athlete is missing in the score sheet.",WAG D,12090,2nd Italian Serie A,2023,Vittoria Ferrarini,ITA,WAG,senior,FX,,,individual,final,4.8,False,0,,,,,,,,,,,,,,,,,,,,[]
orphan_b718eb584e0d38ee,athlete_missing_in_score_sheet,review,"The event/apparatus/context exists, but this athlete is missing in the score sheet.",WAG D,12090,2nd Italian Serie A,2023,Vittoria Ferrarini,ITA,WAG,senior,UB,,,individual,final,4.2,False,0,,,,,,,,,,,,,,,,,,,,[]
orphan_acc7fe34c49c5bc4,athlete_missing_in_score_sheet,review,"The event/apparatus/context exists, but this athlete is missing in the score sheet.",WAG D,12090,2nd Italian Serie A,2023,Vittoria Ferrarini,ITA,WAG,senior,VT,1,,individual,final,4.2,True,0,,,,,,,,,,,,,,,,,,,,[]
orphan_2dad709ad07e4b9f,athlete_missing_in_score_sheet,review,"The event/apparatus/context exists, but this athlete is missing in the score sheet.",WAG D,12091,3rd Italian Serie A,2023,Vittoria Ferrarini,ITA,WAG,senior,BB,,,individual,final,4.8,False,0,,,,,,,,,,,,,,,,,,,,[]
orphan_e13790b66a4ad6f8,athlete_missing_in_score_sheet,review,"The event/apparatus/context exists, but this athlete is missing in the score sheet.",WAG D,12091,3rd Italian Serie A,2023,Vittoria Ferrarini,ITA,WAG,senior,FX,,,individual,final,4.7,False,0,,,,,,,,,,,,,,,,,,,,[]
orphan_a577814163dcbb55,athlete_missing_in_score_sheet,review,"The event/apparatus/context exists, but this athlete is missing in the score sheet.",WAG D,12091,3rd Italian Serie A,2023,Vittoria Ferrarini,ITA,WAG,senior,UB,,,individual,final,4.3,False,0,,,,,,,,,,,,,,,,,,,,[]
orphan_7ae7c2e0af127f35,athlete_missing_in_score_sheet,review,"The event/apparatus/context exists, but this athlete is missing in the score sheet.",WAG D,12091,3rd Italian Serie A,2023,Vittoria Ferrarini,ITA,WAG,senior,VT,1,,individual,final,4.2,True,0,,,,,,,,,,,,,,,,,,,,[]
orphan_bf6a4132f732b7bb,athlete_missing_in_score_sheet,review,"The event/apparatus/context exists, but this athlete is missing in the score sheet.",WAG D,12092,1st Italian Serie A,2023,Vittoria Ferrarini,ITA,WAG,senior,BB,,,individual,final,4.9,False,0,,,,,,,,,,,,,,,,,,,,[]
orphan_03ffbd3c0cdf0a63,athlete_missing_in_score_sheet,review,"The event/apparatus/context exists, but this athlete is missing in the score sheet.",WAG D,12092,1st Italian Serie A,2023,Vittoria Ferrarini,ITA,WAG,senior,FX,,,individual,final,4.4,False,0,,,,,,,,,,,,,,,,,,,,[]
orphan_4cd1e79f2d302f18,athlete_missing_in_score_sheet,review,"The event/apparatus/context exists, but this athlete is missing in the score sheet.",WAG D,12092,1st Italian Serie A,2023,Vittoria Ferrarini,ITA,WAG,senior,UB,,,individual,final,4.2,False,0,,,,,,,,,,,,,,,,,,,,[]
orphan_b39f47e1c5056305,athlete_missing_in_score_sheet,review,"The event/apparatus/context exists, but this athlete is missing in the score sheet.",WAG D,12092,1st Italian Serie A,2023,Vittoria Ferrarini,ITA,WAG,senior,VT,1,,individual,final,4.2,True,0,,,,,,,,,,,,,,,,,,,,[]
orphan_1b079faf6b1be5b6,athlete_missing_in_score_sheet,review,"The event/apparatus/context exists, but this athlete is missing in the score sheet.",WAG D,12096,3rd Italian Serie A,2023,Vittoria Parise,ITA,WAG,senior,BB,,,individual,final,4.7,False,0,,,,,,,,,,,,,,,,,,,,[]
orphan_eedf8e05d92a993a,athlete_missing_in_score_sheet,review,"The event/apparatus/context exists, but this athlete is missing in the score sheet.",WAG D,12096,3rd Italian Serie A,2023,Vittoria Parise,ITA,WAG,senior,FX,,,individual,final,4.7,False,0,,,,,,,,,,,,,,,,,,,,[]
orphan_5a4117ee7c2e53c5,athlete_missing_in_score_sheet,review,"The event/apparatus/context exists, but this athlete is missing in the score sheet.",WAG D,12096,3rd Italian Serie A,2023,Vittoria Parise,ITA,WAG,senior,VT,1,,individual,final,4.2,True,0,,,,,,,,,,,,,,,,,,,,[]
orphan_f788398338ab6a09,athlete_missing_in_score_sheet,review,"The event/apparatus/context exists, but this athlete is missing in the score sheet.",WAG D,12097,2nd Italian Serie A,2023,Vittoria Parise,ITA,WAG,senior,BB,,,individual,final,4.6,False,0,,,,,,,,,,,,,,,,,,,,[]
orphan_2cf80435f1fb9438,athlete_missing_in_score_sheet,review,"The event/apparatus/context exists, but this athlete is missing in the score sheet.",WAG D,12097,2nd Italian Serie A,2023,Vittoria Parise,ITA,WAG,senior,FX,,,individual,final,4.7,False,0,,,,,,,,,,,,,,,,,,,,[]
orphan_889d897798d2ec10,athlete_missing_in_score_sheet,review,"The event/apparatus/context exists, but this athlete is missing in the score sheet.",WAG D,12097,2nd Italian Serie A,2023,Vittoria Parise,ITA,WAG,senior,VT,1,,individual,final,3.2,True,0,,,,,,,,,,,,,,,,,,,,[]
orphan_245854817b8bafda,athlete_missing_in_score_sheet,review,"The event/apparatus/context exists, but this athlete is missing in the score sheet.",WAG D,12098,1st Italian Serie A,2023,Vittoria Parise,ITA,WAG,senior,BB,,,individual,final,4.4,False,0,,,,,,,,,,,,,,,,,,,,[]
orphan_6f8bfcc6fa7fb2d6,athlete_missing_in_score_sheet,review,"The event/apparatus/context exists, but this athlete is missing in the score sheet.",WAG D,12098,1st Italian Serie A,2023,Vittoria Parise,ITA,WAG,senior,FX,,,individual,final,4.7,False,0,,,,,,,,,,,,,,,,,,,,[]
orphan_30145d8387c2672d,athlete_missing_in_score_sheet,review,"The event/apparatus/context exists, but this athlete is missing in the score sheet.",WAG D,12098,1st Italian Serie A,2023,Vittoria Parise,ITA,WAG,senior,VT,1,,individual,final,4.2,True,0,,,,,,,,,,,,,,,,,,,,[]
orphan_719f1be490a58217,missing_final_score_for_context,review,"The athlete/event exists, but not this apparatus/context.",WAG D,12260,Indian Junior Championships,2023,Yashika Sharma,IND,WAG,junior,VT,2,,individual,final,2.4,True,0,,,,,,,,,,,,,,,,,,,,[]
orphan_c7764b39b294b91e,athlete_missing_in_score_sheet,review,"The event/apparatus/context exists, but this athlete is missing in the score sheet.",WAG D,12294,Chinese Championships,2023,Yi Siqi,CHN,WAG,senior,BB,,,team,final,5.8,False,0,,,,,,,,,,,,,,,,,,,,[]
orphan_396862701ed2e565,athlete_missing_in_score_sheet,review,"The event/apparatus/context exists, but this athlete is missing in the score sheet.",WAG D,12294,Chinese Championships,2023,Yi Siqi,CHN,WAG,senior,FX,,,team,final,4.8,False,0,,,,,,,,,,,,,,,,,,,,[]
orphan_8a9011d98e6729e9,athlete_missing_in_score_sheet,review,"The event/apparatus/context exists, but this athlete is missing in the score sheet.",WAG D,12461,Chinese Championships,2023,Zhang Kexin,CHN,WAG,senior,FX,,,team,final,5.0,False,0,,,,,,,,,,,,,,,,,,,,[]
orphan_52d437835e29cf35,athlete_missing_in_score_sheet,review,"The event/apparatus/context exists, but this athlete is missing in the score sheet.",WAG D,12461,Chinese Championships,2023,Zhang Kexin,CHN,WAG,senior,UB,,,team,final,3.7,False,0,,,,,,,,,,,,,,,,,,,,[]
orphan_0dffdcf9306d262e,athlete_missing_in_score_sheet,review,"The event/apparatus/context exists, but this athlete is missing in the score sheet.",WAG D,12497,Chinese Championships,2023,Zhang Yihan,CHN,WAG,senior,UB,,,individual,qualification,6.0,False,0,,,,,,,,,,,,,,,,,,,,[]
orphan_2c1954290e5bce3a,athlete_missing_in_score_sheet,review,"The event/apparatus/context exists, but this athlete is missing in the score sheet.",WAG D,12498,Chinese Championships,2023,Zhang Yihan,CHN,WAG,senior,UB,,,apparatus,final,5.9,False,0,,,,,,,,,,,,,,,,,,,,[]
orphan_964041e292d4dd42,athlete_missing_in_score_sheet,review,"The event/apparatus/context exists, but this athlete is missing in the score sheet.",WAG D,12520,Chinese Championships,2023,Zhou Yichun,CHN,WAG,senior,UB,,,team,final,5.2,False,0,,,,,,,,,,,,,,,,,,,,[]
