review_id,problem_type,severity,message,source_sheet,source_row,event_name,year,athlete_name,country,discipline,category,apparatus,vt_attempt,day,format,round,D_score,vault_attempt_order_uncertain,suggestion_count,top_suggestion_id,top_suggestion_type,top_suggestion_confidence,top_suggestion_message,top_target_event_name,top_target_year,top_target_athlete_name,top_target_country,top_target_discipline,top_target_category,top_target_apparatus,top_target_vt_attempt,top_target_day,top_target_format,top_target_round,top_target_score,top_target_D_score,top_target_source_sheet,top_target_source_row,all_suggestions_json
orphan_52c4f00b9462c171,missing_final_score_for_context,review,"The athlete/event exists, but not this apparatus/context.",MAG D,3,Indian National Games,2025,Aakarsh S.J.,IND,MAG,senior,VT,2,,individual,qualification,2.0,True,0,,,,,,,,,,,,,,,,,,,,[]
orphan_38814ccb80c583f3,possible_context_mismatch,review,"Possible format, round, or day mismatch.",MAG D,8,Finnish Championships,2025,Aarne Seppänen,FIN,MAG,junior,VT,2,,individual,final,2.9,True,1,suggestion_757e449fc9dadbb9,context_correction,0.65,"Same athlete/event/apparatus exists in the score sheet, but format, round, or day is different.",Finnish Championships,2025,Aarne Seppänen,FIN,MAG,junior,VT,2,,apparatus,final,12.065,2.8,MAG,12,"[{""suggestion_id"": ""suggestion_757e449fc9dadbb9"", ""suggestion_type"": ""context_correction"", ""confidence"": 0.65, ""message"": ""Same athlete/event/apparatus exists in the score sheet, but format, round, or day is different."", ""action"": ""attach_d_score_to_target_result"", ""changes"": {""format"": {""from"": ""individual"", ""to"": ""apparatus""}, ""round"": {""from"": ""final"", ""to"": ""final""}, ""day"": {""from"": null, ""to"": null}}, ""target_result"": {""event_name"": ""Finnish Championships"", ""year"": 2025, ""athlete_name"": ""Aarne Seppänen"", ""country"": ""FIN"", ""discipline"": ""MAG"", ""category"": ""junior"", ""apparatus"": ""VT"", ""vt_attempt"": 2, ""day"": null, ""format"": ""apparatus"", ""round"": ""final"", ""score"": 12.065, ""D_score"": 2.8, ""vault_attempt_order_uncertain"": true, ""source_sheet"": ""MAG"", ""source_row"": 12, ""target_id"": ""target_848b24b9b6fee9e7""}}]"
orphan_ecbe30c324ca8e6b,missing_final_score_for_context,review,"The athlete/event exists, but not this apparatus/context.",MAG D,95,Champion's Cup,2025,Achille Cammarota,ITA,MAG,junior,VT,2,,individual,final,2.0,True,0,,,,,,,,,,,,,,,,,,,,[]
orphan_ca3a0c27fcab7b29,missing_final_score_for_context,review,"The athlete/event exists, but not this apparatus/context.",MAG D,174,Indian National Games,2025,Adith S.D.,IND,MAG,senior,VT,2,,individual,qualification,4.8,True,0,,,,,,,,,,,,,,,,,,,,[]
orphan_5c31a4fe675060be,missing_final_score_for_context,review,"The athlete/event exists, but not this apparatus/context.",MAG D,465,Champion's Cup,2025,Alessandro Salvadorini,ITA,MAG,senior,VT,2,,individual,final,2.0,True,0,,,,,,,,,,,,,,,,,,,,[]
orphan_6335910cb8cfc01c,missing_final_score_for_context,review,"The athlete/event exists, but not this apparatus/context.",MAG D,602,Champion's Cup,2025,Alexandre Ratiglia,ITA,MAG,junior,VT,2,,individual,final,1.8,True,0,,,,,,,,,,,,,,,,,,,,[]
orphan_eb36e3aba18b6a12,missing_final_score_for_context,review,"The athlete/event exists, but not this apparatus/context.",MAG D,637,Sokol Grand Prix,2025,Alfred Schwaiger,AUT,MAG,senior,HB,,,individual,qualification,3.5,False,0,,,,,,,,,,,,,,,,,,,,[]
orphan_074aa9f579c13ee2,missing_final_score_for_context,review,"The athlete/event exists, but not this apparatus/context.",MAG D,719,Finnish Championships,2025,Alvar Broumand,FIN,MAG,junior,VT,2,,individual,final,2.0,True,0,,,,,,,,,,,,,,,,,,,,[]
orphan_c858ae5e1d81b73b,athlete_missing_in_score_sheet,review,"The event/apparatus/context exists, but this athlete is missing in the score sheet.",MAG D,746,Finnish Championships,2025,Amos Backlund,FIN,MAG,senior,VT,1,,apparatus,final,3.6,True,0,,,,,,,,,,,,,,,,,,,,[]
orphan_a55d9a585f03cde0,athlete_missing_in_score_sheet,review,"The event/apparatus/context exists, but this athlete is missing in the score sheet.",MAG D,746,Finnish Championships,2025,Amos Backlund,FIN,MAG,senior,VT,2,,apparatus,final,3.2,True,0,,,,,,,,,,,,,,,,,,,,[]
orphan_4b747493e480f54a,missing_final_score_for_context,review,"The athlete/event exists, but not this apparatus/context.",MAG D,771,Indian National Games,2025,Anay Aditya Kirloskar,IND,MAG,senior,VT,2,,individual,qualification,2.8,True,0,,,,,,,,,,,,,,,,,,,,[]
orphan_b72490232044096f,possible_context_mismatch,review,"Possible format, round, or day mismatch.",MAG D,802,Champion's Cup,2025,Andrea Passini,ITA,MAG,senior,VT,2,,individual,final,4.8,True,1,suggestion_e577fa818c665c17,context_correction,0.65,"Same athlete/event/apparatus exists in the score sheet, but format, round, or day is different.",Champion's Cup,2025,Andrea Passini,ITA,MAG,senior,VT,2,,apparatus,final,13.4,4.4,MAG,868,"[{""suggestion_id"": ""suggestion_e577fa818c665c17"", ""suggestion_type"": ""context_correction"", ""confidence"": 0.65, ""message"": ""Same athlete/event/apparatus exists in the score sheet, but format, round, or day is different."", ""action"": ""attach_d_score_to_target_result"", ""changes"": {""format"": {""from"": ""individual"", ""to"": ""apparatus""}, ""round"": {""from"": ""final"", ""to"": ""final""}, ""day"": {""from"": null, ""to"": null}}, ""target_result"": {""event_name"": ""Champion's Cup"", ""year"": 2025, ""athlete_name"": ""Andrea Passini"", ""country"": ""ITA"", ""discipline"": ""MAG"", ""category"": ""senior"", ""apparatus"": ""VT"", ""vt_attempt"": 2, ""day"": null, ""format"": ""apparatus"", ""round"": ""final"", ""score"": 13.4, ""D_score"": 4.4, ""vault_attempt_order_uncertain"": true, ""source_sheet"": ""MAG"", ""source_row"": 868, ""target_id"": ""target_8a2ac4ca1745c920""}}]"
orphan_b2167fb86740fe3b,missing_final_score_for_context,review,"The athlete/event exists, but not this apparatus/context.",MAG D,905,Champion's Cup,2025,Angelo Licata,ITA,MAG,junior,VT,2,,individual,final,2.4,True,0,,,,,,,,,,,,,,,,,,,,[]
orphan_5f618840e718cf8d,possible_athlete_name_typo,review,Possible athlete-name typo between the D sheet and the score sheet.,MAG D,965,International Junior Team Cup,2025,Anton Gerads,GER,MAG,junior,FX,,,individual,final,3.8,False,1,suggestion_7ef5a2279ba61c19,athlete_name_correction,0.96,D-score athlete 'Anton Gerads' probably matches score-sheet athlete 'Anton Gerards'.,International Junior Team Cup,2025,Anton Gerards,GER,MAG,junior,FX,,,individual,final,11.8,,MAG,1033,"[{""suggestion_id"": ""suggestion_7ef5a2279ba61c19"", ""suggestion_type"": ""athlete_name_correction"", ""confidence"": 0.96, ""message"": ""D-score athlete 'Anton Gerads' probably matches score-sheet athlete 'Anton Gerards'."", ""action"": ""attach_d_score_to_target_result"", ""changes"": {""athlete_name"": {""from"": ""Anton Gerads"", ""to"": ""Anton Gerards""}}, ""target_result"": {""event_name"": ""International Junior Team Cup"", ""year"": 2025, ""athlete_name"": ""Anton Gerards"", ""country"": ""GER"", ""discipline"": ""MAG"", ""category"": ""junior"", ""apparatus"": ""FX"", ""vt_attempt"": null, ""day"": null, ""format"": ""individual"", ""round"": ""final"", ""score"": 11.8, ""D_score"": null, ""vault_attempt_order_uncertain"": false, ""source_sheet"": ""MAG"", ""source_row"": 1033, ""target_id"": ""target_796d5f432b19f83e""}}]"
orphan_987db3002ac19066,possible_athlete_name_typo,review,Possible athlete-name typo between the D sheet and the score sheet.,MAG D,965,International Junior Team Cup,2025,Anton Gerads,GER,MAG,junior,HB,,,individual,final,3.0,False,1,suggestion_5aa6467f683724dc,athlete_name_correction,0.96,D-score athlete 'Anton Gerads' probably matches score-sheet athlete 'Anton Gerards'.,International Junior Team Cup,2025,Anton Gerards,GER,MAG,junior,HB,,,individual,final,10.2,,MAG,1033,"[{""suggestion_id"": ""suggestion_5aa6467f683724dc"", ""suggestion_type"": ""athlete_name_correction"", ""confidence"": 0.96, ""message"": ""D-score athlete 'Anton Gerads' probably matches score-sheet athlete 'Anton Gerards'."", ""action"": ""attach_d_score_to_target_result"", ""changes"": {""athlete_name"": {""from"": ""Anton Gerads"", ""to"": ""Anton Gerards""}}, ""target_result"": {""event_name"": ""International Junior Team Cup"", ""year"": 2025, ""athlete_name"": ""Anton Gerards"", ""country"": ""GER"", ""discipline"": ""MAG"", ""category"": ""junior"", ""apparatus"": ""HB"", ""vt_attempt"": null, ""day"": null, ""format"": ""individual"", ""round"": ""final"", ""score"": 10.2, ""D_score"": null, ""vault_attempt_order_uncertain"": false, ""source_sheet"": ""MAG"", ""source_row"": 1033, ""target_id"": ""target_f9fecaa8733950c5""}}]"
orphan_7e821c2589003822,possible_athlete_name_typo,review,Possible athlete-name typo between the D sheet and the score sheet.,MAG D,965,International Junior Team Cup,2025,Anton Gerads,GER,MAG,junior,PB,,,individual,final,3.5,False,1,suggestion_9baa6ffa18fa4dc6,athlete_name_correction,0.96,D-score athlete 'Anton Gerads' probably matches score-sheet athlete 'Anton Gerards'.,International Junior Team Cup,2025,Anton Gerards,GER,MAG,junior,PB,,,individual,final,9.75,,MAG,1033,"[{""suggestion_id"": ""suggestion_9baa6ffa18fa4dc6"", ""suggestion_type"": ""athlete_name_correction"", ""confidence"": 0.96, ""message"": ""D-score athlete 'Anton Gerads' probably matches score-sheet athlete 'Anton Gerards'."", ""action"": ""attach_d_score_to_target_result"", ""changes"": {""athlete_name"": {""from"": ""Anton Gerads"", ""to"": ""Anton Gerards""}}, ""target_result"": {""event_name"": ""International Junior Team Cup"", ""year"": 2025, ""athlete_name"": ""Anton Gerards"", ""country"": ""GER"", ""discipline"": ""MAG"", ""category"": ""junior"", ""apparatus"": ""PB"", ""vt_attempt"": null, ""day"": null, ""format"": ""individual"", ""round"": ""final"", ""score"": 9.75, ""D_score"": null, ""vault_attempt_order_uncertain"": false, ""source_sheet"": ""MAG"", ""source_row"": 1033, ""target_id"": ""target_df1943eed55a4483""}}]"
orphan_777022ae7c3f05a8,possible_athlete_name_typo,review,Possible athlete-name typo between the D sheet and the score sheet.,MAG D,965,International Junior Team Cup,2025,Anton Gerads,GER,MAG,junior,PH,,,individual,final,4.2,False,1,suggestion_d37697a6c89ee931,athlete_name_correction,0.96,D-score athlete 'Anton Gerads' probably matches score-sheet athlete 'Anton Gerards'.,International Junior Team Cup,2025,Anton Gerards,GER,MAG,junior,PH,,,individual,final,11.8,,MAG,1033,"[{""suggestion_id"": ""suggestion_d37697a6c89ee931"", ""suggestion_type"": ""athlete_name_correction"", ""confidence"": 0.96, ""message"": ""D-score athlete 'Anton Gerads' probably matches score-sheet athlete 'Anton Gerards'."", ""action"": ""attach_d_score_to_target_result"", ""changes"": {""athlete_name"": {""from"": ""Anton Gerads"", ""to"": ""Anton Gerards""}}, ""target_result"": {""event_name"": ""International Junior Team Cup"", ""year"": 2025, ""athlete_name"": ""Anton Gerards"", ""country"": ""GER"", ""discipline"": ""MAG"", ""category"": ""junior"", ""apparatus"": ""PH"", ""vt_attempt"": null, ""day"": null, ""format"": ""individual"", ""round"": ""final"", ""score"": 11.8, ""D_score"": null, ""vault_attempt_order_uncertain"": false, ""source_sheet"": ""MAG"", ""source_row"": 1033, ""target_id"": ""target_6ac304710054456c""}}]"
orphan_eb824055623b4ef7,possible_athlete_name_typo,review,Possible athlete-name typo between the D sheet and the score sheet.,MAG D,965,International Junior Team Cup,2025,Anton Gerads,GER,MAG,junior,SR,,,individual,final,3.5,False,1,suggestion_165b62bb85406cba,athlete_name_correction,0.96,D-score athlete 'Anton Gerads' probably matches score-sheet athlete 'Anton Gerards'.,International Junior Team Cup,2025,Anton Gerards,GER,MAG,junior,SR,,,individual,final,11.3,,MAG,1033,"[{""suggestion_id"": ""suggestion_165b62bb85406cba"", ""suggestion_type"": ""athlete_name_correction"", ""confidence"": 0.96, ""message"": ""D-score athlete 'Anton Gerads' probably matches score-sheet athlete 'Anton Gerards'."", ""action"": ""attach_d_score_to_target_result"", ""changes"": {""athlete_name"": {""from"": ""Anton Gerads"", ""to"": ""Anton Gerards""}}, ""target_result"": {""event_name"": ""International Junior Team Cup"", ""year"": 2025, ""athlete_name"": ""Anton Gerards"", ""country"": ""GER"", ""discipline"": ""MAG"", ""category"": ""junior"", ""apparatus"": ""SR"", ""vt_attempt"": null, ""day"": null, ""format"": ""individual"", ""round"": ""final"", ""score"": 11.3, ""D_score"": null, ""vault_attempt_order_uncertain"": false, ""source_sheet"": ""MAG"", ""source_row"": 1033, ""target_id"": ""target_42b81968fbdb890d""}}]"
orphan_e251a7fcf54588d6,possible_athlete_name_typo,review,Possible athlete-name typo between the D sheet and the score sheet.,MAG D,965,International Junior Team Cup,2025,Anton Gerads,GER,MAG,junior,VT,1,,individual,final,3.6,True,1,suggestion_e14a8accb5791212,athlete_name_correction,0.96,D-score athlete 'Anton Gerads' probably matches score-sheet athlete 'Anton Gerards'.,International Junior Team Cup,2025,Anton Gerards,GER,MAG,junior,VT,1,,individual,final,12.6,,MAG,1033,"[{""suggestion_id"": ""suggestion_e14a8accb5791212"", ""suggestion_type"": ""athlete_name_correction"", ""confidence"": 0.96, ""message"": ""D-score athlete 'Anton Gerads' probably matches score-sheet athlete 'Anton Gerards'."", ""action"": ""attach_d_score_to_target_result"", ""changes"": {""athlete_name"": {""from"": ""Anton Gerads"", ""to"": ""Anton Gerards""}}, ""target_result"": {""event_name"": ""International Junior Team Cup"", ""year"": 2025, ""athlete_name"": ""Anton Gerards"", ""country"": ""GER"", ""discipline"": ""MAG"", ""category"": ""junior"", ""apparatus"": ""VT"", ""vt_attempt"": 1, ""day"": null, ""format"": ""individual"", ""round"": ""final"", ""score"": 12.6, ""D_score"": null, ""vault_attempt_order_uncertain"": true, ""source_sheet"": ""MAG"", ""source_row"": 1033, ""target_id"": ""target_f02c356cdbdf9fe8""}}]"
orphan_cd1cb40266b0a784,missing_final_score_for_context,review,"The athlete/event exists, but not this apparatus/context.",MAG D,983,Nordic Junior Championships,2025,Anton Penttinen,FIN,MAG,junior,VT,2,,individual,final,4.4,True,0,,,,,,,,,,,,,,,,,,,,[]
orphan_d96c55bcf937ef97,athlete_missing_in_score_sheet,review,"The event/apparatus/context exists, but this athlete is missing in the score sheet.",MAG D,995,Top 12 Series 4,2025,Antonin Delaye,FRA,MAG,senior,HB,,,individual,final,3.3,False,0,,,,,,,,,,,,,,,,,,,,[]
orphan_4e0adb79154ffc6e,athlete_missing_in_score_sheet,review,"The event/apparatus/context exists, but this athlete is missing in the score sheet.",MAG D,995,Top 12 Series 4,2025,Antonin Delaye,FRA,MAG,senior,PH,,,individual,final,4.5,False,0,,,,,,,,,,,,,,,,,,,,[]
orphan_125514f261f65e51,athlete_missing_in_score_sheet,review,"The event/apparatus/context exists, but this athlete is missing in the score sheet.",MAG D,995,Top 12 Series 4,2025,Antonin Delaye,FRA,MAG,senior,VT,1,,individual,final,4.4,True,0,,,,,,,,,,,,,,,,,,,,[]
orphan_36b4dfba16646bbc,athlete_missing_in_score_sheet,review,"The event/apparatus/context exists, but this athlete is missing in the score sheet.",MAG D,996,Top 12 Series 5,2025,Antonin Delaye,FRA,MAG,senior,HB,,,individual,final,3.2,False,0,,,,,,,,,,,,,,,,,,,,[]
orphan_5a44aa3bb45c38ad,athlete_missing_in_score_sheet,review,"The event/apparatus/context exists, but this athlete is missing in the score sheet.",MAG D,996,Top 12 Series 5,2025,Antonin Delaye,FRA,MAG,senior,PH,,,individual,final,4.3,False,0,,,,,,,,,,,,,,,,,,,,[]
orphan_c685ae82ca95ba37,athlete_missing_in_score_sheet,review,"The event/apparatus/context exists, but this athlete is missing in the score sheet.",MAG D,996,Top 12 Series 5,2025,Antonin Delaye,FRA,MAG,senior,VT,1,,individual,final,4.4,True,0,,,,,,,,,,,,,,,,,,,,[]
orphan_bf53f31ee7456ec6,athlete_missing_in_score_sheet,review,"The event/apparatus/context exists, but this athlete is missing in the score sheet.",MAG D,997,Top 12 Semifinals,2025,Antonin Delaye,FRA,MAG,senior,FX,,,individual,final,5.0,False,0,,,,,,,,,,,,,,,,,,,,[]
orphan_5638d3078800e27c,athlete_missing_in_score_sheet,review,"The event/apparatus/context exists, but this athlete is missing in the score sheet.",MAG D,997,Top 12 Semifinals,2025,Antonin Delaye,FRA,MAG,senior,HB,,,individual,final,3.2,False,0,,,,,,,,,,,,,,,,,,,,[]
orphan_21f917353c8472a9,athlete_missing_in_score_sheet,review,"The event/apparatus/context exists, but this athlete is missing in the score sheet.",MAG D,997,Top 12 Semifinals,2025,Antonin Delaye,FRA,MAG,senior,PB,,,individual,final,3.5,False,0,,,,,,,,,,,,,,,,,,,,[]
orphan_ff465d24acc780e9,athlete_missing_in_score_sheet,review,"The event/apparatus/context exists, but this athlete is missing in the score sheet.",MAG D,997,Top 12 Semifinals,2025,Antonin Delaye,FRA,MAG,senior,PH,,,individual,final,4.2,False,0,,,,,,,,,,,,,,,,,,,,[]
orphan_c856099cc5091545,athlete_missing_in_score_sheet,review,"The event/apparatus/context exists, but this athlete is missing in the score sheet.",MAG D,997,Top 12 Semifinals,2025,Antonin Delaye,FRA,MAG,senior,SR,,,individual,final,3.4,False,0,,,,,,,,,,,,,,,,,,,,[]
orphan_bceeacbb2024cc67,athlete_missing_in_score_sheet,review,"The event/apparatus/context exists, but this athlete is missing in the score sheet.",MAG D,997,Top 12 Semifinals,2025,Antonin Delaye,FRA,MAG,senior,VT,1,,individual,final,4.5,True,0,,,,,,,,,,,,,,,,,,,,[]
orphan_5d437ae5929f38e8,missing_final_score_for_context,review,"The athlete/event exists, but not this apparatus/context.",MAG D,1007,Champion's Cup,2025,Antonio Scuderi Orazio,ITA,MAG,senior,VT,2,,individual,final,2.4,True,0,,,,,,,,,,,,,,,,,,,,[]
orphan_0bf15bc2e13d7803,possible_context_mismatch,review,"Possible format, round, or day mismatch.",MAG D,1058,Champion's Cup,2025,Ares Federici,ITA,MAG,senior,VT,2,,individual,final,4.8,True,1,suggestion_94038d5297d7e5fd,context_correction,0.65,"Same athlete/event/apparatus exists in the score sheet, but format, round, or day is different.",Champion's Cup,2025,Ares Federici,ITA,MAG,senior,VT,2,,apparatus,final,12.5,4.8,MAG,1134,"[{""suggestion_id"": ""suggestion_94038d5297d7e5fd"", ""suggestion_type"": ""context_correction"", ""confidence"": 0.65, ""message"": ""Same athlete/event/apparatus exists in the score sheet, but format, round, or day is different."", ""action"": ""attach_d_score_to_target_result"", ""changes"": {""format"": {""from"": ""individual"", ""to"": ""apparatus""}, ""round"": {""from"": ""final"", ""to"": ""final""}, ""day"": {""from"": null, ""to"": null}}, ""target_result"": {""event_name"": ""Champion's Cup"", ""year"": 2025, ""athlete_name"": ""Ares Federici"", ""country"": ""ITA"", ""discipline"": ""MAG"", ""category"": ""senior"", ""apparatus"": ""VT"", ""vt_attempt"": 2, ""day"": null, ""format"": ""apparatus"", ""round"": ""final"", ""score"": 12.5, ""D_score"": 4.8, ""vault_attempt_order_uncertain"": true, ""source_sheet"": ""MAG"", ""source_row"": 1134, ""target_id"": ""target_5b0afbb15a7a023f""}}]"
orphan_8b3d894acae85ff0,possible_context_mismatch,review,"Possible format, round, or day mismatch.",MAG D,1334,Finnish Championships,2025,Atte Keskitalo,FIN,MAG,junior,VT,2,,individual,final,2.0,True,1,suggestion_4205c4b6e6e14ca8,context_correction,0.65,"Same athlete/event/apparatus exists in the score sheet, but format, round, or day is different.",Finnish Championships,2025,Atte Keskitalo,FIN,MAG,junior,VT,2,,apparatus,final,10.532,2.8,MAG,1412,"[{""suggestion_id"": ""suggestion_4205c4b6e6e14ca8"", ""suggestion_type"": ""context_correction"", ""confidence"": 0.65, ""message"": ""Same athlete/event/apparatus exists in the score sheet, but format, round, or day is different."", ""action"": ""attach_d_score_to_target_result"", ""changes"": {""format"": {""from"": ""individual"", ""to"": ""apparatus""}, ""round"": {""from"": ""final"", ""to"": ""final""}, ""day"": {""from"": null, ""to"": null}}, ""target_result"": {""event_name"": ""Finnish Championships"", ""year"": 2025, ""athlete_name"": ""Atte Keskitalo"", ""country"": ""FIN"", ""discipline"": ""MAG"", ""category"": ""junior"", ""apparatus"": ""VT"", ""vt_attempt"": 2, ""day"": null, ""format"": ""apparatus"", ""round"": ""final"", ""score"": 10.532, ""D_score"": 2.8, ""vault_attempt_order_uncertain"": true, ""source_sheet"": ""MAG"", ""source_row"": 1412, ""target_id"": ""target_40705242cc035e0a""}}]"
orphan_cf92680d831e04f9,athlete_missing_in_score_sheet,review,"The event/apparatus/context exists, but this athlete is missing in the score sheet.",MAG D,1351,Danish Team Championships,2025,August Palm,DEN,MAG,senior,FX,,,individual,final,2.7,False,0,,,,,,,,,,,,,,,,,,,,[]
orphan_9aae3f66e65d4db4,athlete_missing_in_score_sheet,review,"The event/apparatus/context exists, but this athlete is missing in the score sheet.",MAG D,1351,Danish Team Championships,2025,August Palm,DEN,MAG,senior,HB,,,individual,final,1.5,False,0,,,,,,,,,,,,,,,,,,,,[]
orphan_f2ec93353230dc4e,athlete_missing_in_score_sheet,review,"The event/apparatus/context exists, but this athlete is missing in the score sheet.",MAG D,1351,Danish Team Championships,2025,August Palm,DEN,MAG,senior,PB,,,individual,final,1.7,False,0,,,,,,,,,,,,,,,,,,,,[]
orphan_bc65fda940391411,athlete_missing_in_score_sheet,review,"The event/apparatus/context exists, but this athlete is missing in the score sheet.",MAG D,1351,Danish Team Championships,2025,August Palm,DEN,MAG,senior,PH,,,individual,final,1.4,False,0,,,,,,,,,,,,,,,,,,,,[]
orphan_0d736af344e1015b,athlete_missing_in_score_sheet,review,"The event/apparatus/context exists, but this athlete is missing in the score sheet.",MAG D,1351,Danish Team Championships,2025,August Palm,DEN,MAG,senior,SR,,,individual,final,1.5,False,0,,,,,,,,,,,,,,,,,,,,[]
orphan_5781b25554abf685,athlete_missing_in_score_sheet,review,"The event/apparatus/context exists, but this athlete is missing in the score sheet.",MAG D,1351,Danish Team Championships,2025,August Palm,DEN,MAG,senior,VT,1,,individual,final,1.2,True,0,,,,,,,,,,,,,,,,,,,,[]
orphan_bb48c61c747a57f7,missing_final_score_for_context,review,"The athlete/event exists, but not this apparatus/context.",MAG D,1626,English Championships,2025,Blake Gidley,GBR,MAG,senior,VT,2,,individual,final,1.2,True,0,,,,,,,,,,,,,,,,,,,,[]
orphan_4223a5c11618b042,missing_final_score_for_context,review,"The athlete/event exists, but not this apparatus/context.",MAG D,1716,English Championships,2025,Brodie Dunn,GBR,MAG,junior,VT,2,,individual,final,1.2,True,0,,,,,,,,,,,,,,,,,,,,[]
orphan_2da3b36f59ebe7b6,athlete_missing_in_score_sheet,review,"The event/apparatus/context exists, but this athlete is missing in the score sheet.",MAG D,1766,Brazilian Championships,2025,Caio Silveira,BRA,MAG,senior,FX,,,individual,final,4.4,False,0,,,,,,,,,,,,,,,,,,,,[]
orphan_3c7881c852085bdd,athlete_missing_in_score_sheet,review,"The event/apparatus/context exists, but this athlete is missing in the score sheet.",MAG D,1766,Brazilian Championships,2025,Caio Silveira,BRA,MAG,senior,HB,,,individual,final,2.8,False,0,,,,,,,,,,,,,,,,,,,,[]
orphan_968da115f6125034,athlete_missing_in_score_sheet,review,"The event/apparatus/context exists, but this athlete is missing in the score sheet.",MAG D,1766,Brazilian Championships,2025,Caio Silveira,BRA,MAG,senior,PH,,,individual,final,2.9,False,0,,,,,,,,,,,,,,,,,,,,[]
orphan_5609e75ea26537d5,athlete_missing_in_score_sheet,review,"The event/apparatus/context exists, but this athlete is missing in the score sheet.",MAG D,1766,Brazilian Championships,2025,Caio Silveira,BRA,MAG,senior,SR,,,individual,final,3.3,False,0,,,,,,,,,,,,,,,,,,,,[]
orphan_4c89ab4285ea9463,athlete_missing_in_score_sheet,review,"The event/apparatus/context exists, but this athlete is missing in the score sheet.",MAG D,1766,Brazilian Championships,2025,Caio Silveira,BRA,MAG,senior,VT,1,,individual,final,3.6,True,0,,,,,,,,,,,,,,,,,,,,[]
orphan_85040fd28cd91725,missing_final_score_for_context,review,"The athlete/event exists, but not this apparatus/context.",MAG D,1805,French Championships,2025,Cameron-Lie Bernard,FRA,MAG,senior,HB,,,individual,final,5.4,False,0,,,,,,,,,,,,,,,,,,,,[]
orphan_e396345b8ac3469c,athlete_missing_in_score_sheet,review,"The event/apparatus/context exists, but this athlete is missing in the score sheet.",MAG D,1901,Asian Championships,2025,Cha Yejun,KOR,MAG,senior,FX,,,apparatus,final,5.3,False,0,,,,,,,,,,,,,,,,,,,,[]
orphan_e89baa91237d39e2,athlete_missing_in_score_sheet,review,"The event/apparatus/context exists, but this athlete is missing in the score sheet.",MAG D,1901,Asian Championships,2025,Cha Yejun,KOR,MAG,senior,HB,,,apparatus,final,4.4,False,0,,,,,,,,,,,,,,,,,,,,[]
orphan_c6c1285d1d63524c,athlete_missing_in_score_sheet,review,"The event/apparatus/context exists, but this athlete is missing in the score sheet.",MAG D,1901,Asian Championships,2025,Cha Yejun,KOR,MAG,senior,PB,,,apparatus,final,4.9,False,0,,,,,,,,,,,,,,,,,,,,[]
orphan_5c9d02a99723e8ca,athlete_missing_in_score_sheet,review,"The event/apparatus/context exists, but this athlete is missing in the score sheet.",MAG D,1901,Asian Championships,2025,Cha Yejun,KOR,MAG,senior,SR,,,apparatus,final,4.5,False,0,,,,,,,,,,,,,,,,,,,,[]
orphan_9084866e21ffaaa5,possible_context_mismatch,review,"Possible format, round, or day mismatch.",MAG D,2018,Champion's Cup,2025,Christian Antonini,ITA,MAG,junior,VT,2,,individual,final,2.4,True,1,suggestion_a6c3030613686ad8,context_correction,0.65,"Same athlete/event/apparatus exists in the score sheet, but format, round, or day is different.",Champion's Cup,2025,Christian Antonini,ITA,MAG,junior,VT,2,,apparatus,final,11.55,2.4,MAG,2131,"[{""suggestion_id"": ""suggestion_a6c3030613686ad8"", ""suggestion_type"": ""context_correction"", ""confidence"": 0.65, ""message"": ""Same athlete/event/apparatus exists in the score sheet, but format, round, or day is different."", ""action"": ""attach_d_score_to_target_result"", ""changes"": {""format"": {""from"": ""individual"", ""to"": ""apparatus""}, ""round"": {""from"": ""final"", ""to"": ""final""}, ""day"": {""from"": null, ""to"": null}}, ""target_result"": {""event_name"": ""Champion's Cup"", ""year"": 2025, ""athlete_name"": ""Christian Antonini"", ""country"": ""ITA"", ""discipline"": ""MAG"", ""category"": ""junior"", ""apparatus"": ""VT"", ""vt_attempt"": 2, ""day"": null, ""format"": ""apparatus"", ""round"": ""final"", ""score"": 11.55, ""D_score"": 2.4, ""vault_attempt_order_uncertain"": true, ""source_sheet"": ""MAG"", ""source_row"": 2131, ""target_id"": ""target_658d70187f509bcf""}}]"
orphan_23d144f2f24f6dbf,athlete_missing_in_score_sheet,review,"The event/apparatus/context exists, but this athlete is missing in the score sheet.",MAG D,2022,Brazilian Championships,2025,Christian Dorneles,BRA,MAG,senior,FX,,,individual,final,4.7,False,0,,,,,,,,,,,,,,,,,,,,[]
orphan_70714428a59e132c,athlete_missing_in_score_sheet,review,"The event/apparatus/context exists, but this athlete is missing in the score sheet.",MAG D,2022,Brazilian Championships,2025,Christian Dorneles,BRA,MAG,senior,HB,,,individual,final,3.3,False,0,,,,,,,,,,,,,,,,,,,,[]
orphan_af44ab5c9653452d,athlete_missing_in_score_sheet,review,"The event/apparatus/context exists, but this athlete is missing in the score sheet.",MAG D,2022,Brazilian Championships,2025,Christian Dorneles,BRA,MAG,senior,PB,,,individual,final,3.3,False,0,,,,,,,,,,,,,,,,,,,,[]
orphan_bd63a48295c39701,athlete_missing_in_score_sheet,review,"The event/apparatus/context exists, but this athlete is missing in the score sheet.",MAG D,2022,Brazilian Championships,2025,Christian Dorneles,BRA,MAG,senior,PH,,,individual,final,3.0,False,0,,,,,,,,,,,,,,,,,,,,[]
orphan_2faba91a55421f79,athlete_missing_in_score_sheet,review,"The event/apparatus/context exists, but this athlete is missing in the score sheet.",MAG D,2022,Brazilian Championships,2025,Christian Dorneles,BRA,MAG,senior,SR,,,individual,final,3.0,False,0,,,,,,,,,,,,,,,,,,,,[]
orphan_9a6814d9287c47a9,athlete_missing_in_score_sheet,review,"The event/apparatus/context exists, but this athlete is missing in the score sheet.",MAG D,2022,Brazilian Championships,2025,Christian Dorneles,BRA,MAG,senior,VT,1,,individual,final,4.8,True,0,,,,,,,,,,,,,,,,,,,,[]
orphan_a9b3ee60a8c21c68,athlete_missing_in_score_sheet,review,"The event/apparatus/context exists, but this athlete is missing in the score sheet.",MAG D,2022,Brazilian Championships,2025,Christian Dorneles,BRA,MAG,senior,VT,2,,individual,final,4.4,True,0,,,,,,,,,,,,,,,,,,,,[]
orphan_a0d2b87d3e48b34d,possible_context_mismatch,review,"Possible format, round, or day mismatch.",MAG D,2117,Austrian Championships,2025,Constantin Lipp,AUT,MAG,junior,VT,1,,apparatus,final,3.6,True,1,suggestion_9cd7287c0048116b,context_correction,0.65,"Same athlete/event/apparatus exists in the score sheet, but format, round, or day is different.",Austrian Championships,2025,Constantin Lipp,AUT,MAG,junior,VT,1,,individual,final,12.633,3.6,MAG,2230,"[{""suggestion_id"": ""suggestion_9cd7287c0048116b"", ""suggestion_type"": ""context_correction"", ""confidence"": 0.65, ""message"": ""Same athlete/event/apparatus exists in the score sheet, but format, round, or day is different."", ""action"": ""attach_d_score_to_target_result"", ""changes"": {""format"": {""from"": ""apparatus"", ""to"": ""individual""}, ""round"": {""from"": ""final"", ""to"": ""final""}, ""day"": {""from"": null, ""to"": null}}, ""target_result"": {""event_name"": ""Austrian Championships"", ""year"": 2025, ""athlete_name"": ""Constantin Lipp"", ""country"": ""AUT"", ""discipline"": ""MAG"", ""category"": ""junior"", ""apparatus"": ""VT"", ""vt_attempt"": 1, ""day"": null, ""format"": ""individual"", ""round"": ""final"", ""score"": 12.633, ""D_score"": 3.6, ""vault_attempt_order_uncertain"": true, ""source_sheet"": ""MAG"", ""source_row"": 2230, ""target_id"": ""target_191b98084726e76b""}}]"
orphan_230f791f6d94f7c3,possible_context_mismatch,review,"Possible format, round, or day mismatch.",MAG D,2117,Austrian Championships,2025,Constantin Lipp,AUT,MAG,junior,VT,2,,apparatus,final,2.4,True,1,suggestion_5ea872e9af7130c7,context_correction,0.65,"Same athlete/event/apparatus exists in the score sheet, but format, round, or day is different.",Austrian Championships,2025,Constantin Lipp,AUT,MAG,junior,VT,2,,individual,final,9.867,2.0,MAG,2230,"[{""suggestion_id"": ""suggestion_5ea872e9af7130c7"", ""suggestion_type"": ""context_correction"", ""confidence"": 0.65, ""message"": ""Same athlete/event/apparatus exists in the score sheet, but format, round, or day is different."", ""action"": ""attach_d_score_to_target_result"", ""changes"": {""format"": {""from"": ""apparatus"", ""to"": ""individual""}, ""round"": {""from"": ""final"", ""to"": ""final""}, ""day"": {""from"": null, ""to"": null}}, ""target_result"": {""event_name"": ""Austrian Championships"", ""year"": 2025, ""athlete_name"": ""Constantin Lipp"", ""country"": ""AUT"", ""discipline"": ""MAG"", ""category"": ""junior"", ""apparatus"": ""VT"", ""vt_attempt"": 2, ""day"": null, ""format"": ""individual"", ""round"": ""final"", ""score"": 9.867, ""D_score"": 2.0, ""vault_attempt_order_uncertain"": true, ""source_sheet"": ""MAG"", ""source_row"": 2230, ""target_id"": ""target_c1bb76dec22256ea""}}]"
orphan_06c79c647e108f9e,missing_final_score_for_context,review,"The athlete/event exists, but not this apparatus/context.",MAG D,2148,Champion's Cup,2025,Cristian Peverini,ITA,MAG,junior,VT,2,,individual,final,2.4,True,0,,,,,,,,,,,,,,,,,,,,[]
orphan_fed5f8801ed23fcd,missing_final_score_for_context,review,"The athlete/event exists, but not this apparatus/context.",MAG D,2283,English Championships,2025,Daniel Leighton-Scott,GBR,MAG,senior,VT,2,,individual,final,4.8,True,0,,,,,,,,,,,,,,,,,,,,[]
orphan_1fc6b5e5f8e29073,possible_context_mismatch,review,"Possible format, round, or day mismatch.",MAG D,2498,Champion's Cup,2025,David di Cosmo,ITA,MAG,junior,VT,2,,individual,final,3.6,True,1,suggestion_5dd449fd984b0755,context_correction,0.65,"Same athlete/event/apparatus exists in the score sheet, but format, round, or day is different.",Champion's Cup,2025,David di Cosmo,ITA,MAG,junior,VT,2,,apparatus,final,11.4,2.8,MAG,2627,"[{""suggestion_id"": ""suggestion_5dd449fd984b0755"", ""suggestion_type"": ""context_correction"", ""confidence"": 0.65, ""message"": ""Same athlete/event/apparatus exists in the score sheet, but format, round, or day is different."", ""action"": ""attach_d_score_to_target_result"", ""changes"": {""format"": {""from"": ""individual"", ""to"": ""apparatus""}, ""round"": {""from"": ""final"", ""to"": ""final""}, ""day"": {""from"": null, ""to"": null}}, ""target_result"": {""event_name"": ""Champion's Cup"", ""year"": 2025, ""athlete_name"": ""David di Cosmo"", ""country"": ""ITA"", ""discipline"": ""MAG"", ""category"": ""junior"", ""apparatus"": ""VT"", ""vt_attempt"": 2, ""day"": null, ""format"": ""apparatus"", ""round"": ""final"", ""score"": 11.4, ""D_score"": 2.8, ""vault_attempt_order_uncertain"": true, ""source_sheet"": ""MAG"", ""source_row"": 2627, ""target_id"": ""target_c026029bc327638c""}}]"
orphan_cbdaf5f1e5845e82,possible_context_mismatch,review,"Possible format, round, or day mismatch.",MAG D,2564,Champion's Cup,2025,Davide Saini,ITA,MAG,senior,VT,2,,individual,final,3.6,True,1,suggestion_c4afb4aa33c040cb,context_correction,0.65,"Same athlete/event/apparatus exists in the score sheet, but format, round, or day is different.",Champion's Cup,2025,Davide Saini,ITA,MAG,senior,VT,2,,apparatus,final,10.6,2.4,MAG,2693,"[{""suggestion_id"": ""suggestion_c4afb4aa33c040cb"", ""suggestion_type"": ""context_correction"", ""confidence"": 0.65, ""message"": ""Same athlete/event/apparatus exists in the score sheet, but format, round, or day is different."", ""action"": ""attach_d_score_to_target_result"", ""changes"": {""format"": {""from"": ""individual"", ""to"": ""apparatus""}, ""round"": {""from"": ""final"", ""to"": ""final""}, ""day"": {""from"": null, ""to"": null}}, ""target_result"": {""event_name"": ""Champion's Cup"", ""year"": 2025, ""athlete_name"": ""Davide Saini"", ""country"": ""ITA"", ""discipline"": ""MAG"", ""category"": ""senior"", ""apparatus"": ""VT"", ""vt_attempt"": 2, ""day"": null, ""format"": ""apparatus"", ""round"": ""final"", ""score"": 10.6, ""D_score"": 2.4, ""vault_attempt_order_uncertain"": true, ""source_sheet"": ""MAG"", ""source_row"": 2693, ""target_id"": ""target_c783dbf403589e28""}}]"
orphan_83a793bdc4f536af,possible_context_mismatch,review,"Possible format, round, or day mismatch.",MAG D,2623,Gymnastics Legends,2025,Denis Tovpilets,RUS,MAG,senior,HB,,,apparatus,final,3.7,False,1,suggestion_9b2dd40be6928c10,context_correction,0.65,"Same athlete/event/apparatus exists in the score sheet, but format, round, or day is different.",Gymnastics Legends,2025,Denis Tovpilets,RUS,MAG,senior,HB,,,individual,final,12.2,3.7,MAG,2748,"[{""suggestion_id"": ""suggestion_9b2dd40be6928c10"", ""suggestion_type"": ""context_correction"", ""confidence"": 0.65, ""message"": ""Same athlete/event/apparatus exists in the score sheet, but format, round, or day is different."", ""action"": ""attach_d_score_to_target_result"", ""changes"": {""format"": {""from"": ""apparatus"", ""to"": ""individual""}, ""round"": {""from"": ""final"", ""to"": ""final""}, ""day"": {""from"": null, ""to"": null}}, ""target_result"": {""event_name"": ""Gymnastics Legends"", ""year"": 2025, ""athlete_name"": ""Denis Tovpilets"", ""country"": ""RUS"", ""discipline"": ""MAG"", ""category"": ""senior"", ""apparatus"": ""HB"", ""vt_attempt"": null, ""day"": null, ""format"": ""individual"", ""round"": ""final"", ""score"": 12.2, ""D_score"": 3.7, ""vault_attempt_order_uncertain"": false, ""source_sheet"": ""MAG"", ""source_row"": 2748, ""target_id"": ""target_46f63c87be2580e3""}}]"
orphan_a226b0619cbd061c,possible_context_mismatch,review,"Possible format, round, or day mismatch.",MAG D,2664,Champion's Cup,2025,Diego de Blasi,ITA,MAG,senior,VT,2,,individual,final,3.6,True,1,suggestion_8dfc220b41188064,context_correction,0.65,"Same athlete/event/apparatus exists in the score sheet, but format, round, or day is different.",Champion's Cup,2025,Diego de Blasi,ITA,MAG,senior,VT,2,,apparatus,final,11.35,2.4,MAG,2794,"[{""suggestion_id"": ""suggestion_8dfc220b41188064"", ""suggestion_type"": ""context_correction"", ""confidence"": 0.65, ""message"": ""Same athlete/event/apparatus exists in the score sheet, but format, round, or day is different."", ""action"": ""attach_d_score_to_target_result"", ""changes"": {""format"": {""from"": ""individual"", ""to"": ""apparatus""}, ""round"": {""from"": ""final"", ""to"": ""final""}, ""day"": {""from"": null, ""to"": null}}, ""target_result"": {""event_name"": ""Champion's Cup"", ""year"": 2025, ""athlete_name"": ""Diego de Blasi"", ""country"": ""ITA"", ""discipline"": ""MAG"", ""category"": ""senior"", ""apparatus"": ""VT"", ""vt_attempt"": 2, ""day"": null, ""format"": ""apparatus"", ""round"": ""final"", ""score"": 11.35, ""D_score"": 2.4, ""vault_attempt_order_uncertain"": true, ""source_sheet"": ""MAG"", ""source_row"": 2794, ""target_id"": ""target_a0f9d95efa770f1d""}}]"
orphan_b5e0bea44abf09df,missing_final_score_for_context,review,"The athlete/event exists, but not this apparatus/context.",MAG D,2834,Croatian Event Championships,2025,Dominik Vidovic,CRO,MAG,junior,VT,2,,individual,final,1.2,True,0,,,,,,,,,,,,,,,,,,,,[]
orphan_3934fee2c3c4450c,missing_final_score_for_context,review,"The athlete/event exists, but not this apparatus/context.",MAG D,2888,Baku World Cup,2025,Eddie Penev,BUL,MAG,senior,PB,,,apparatus,final,4.8,False,0,,,,,,,,,,,,,,,,,,,,[]
orphan_9eecdc6b00cd66e0,missing_final_score_for_context,review,"The athlete/event exists, but not this apparatus/context.",MAG D,2972,Finnish Championships,2025,Eino Iivanainen,FIN,MAG,junior,VT,2,,individual,final,2.0,True,0,,,,,,,,,,,,,,,,,,,,[]
orphan_a2ba01f2427ccd40,athlete_missing_in_score_sheet,review,"The event/apparatus/context exists, but this athlete is missing in the score sheet.",MAG D,3034,Top 12 Semifinals,2025,Elias Breche,FRA,MAG,senior,FX,,,individual,final,4.8,False,0,,,,,,,,,,,,,,,,,,,,[]
orphan_7ae8890a1be7c80c,athlete_missing_in_score_sheet,review,"The event/apparatus/context exists, but this athlete is missing in the score sheet.",MAG D,3034,Top 12 Semifinals,2025,Elias Breche,FRA,MAG,senior,HB,,,individual,final,4.3,False,0,,,,,,,,,,,,,,,,,,,,[]
orphan_b575b85494a0175a,athlete_missing_in_score_sheet,review,"The event/apparatus/context exists, but this athlete is missing in the score sheet.",MAG D,3034,Top 12 Semifinals,2025,Elias Breche,FRA,MAG,senior,PB,,,individual,final,4.7,False,0,,,,,,,,,,,,,,,,,,,,[]
orphan_d9e84cd63adff0bd,athlete_missing_in_score_sheet,review,"The event/apparatus/context exists, but this athlete is missing in the score sheet.",MAG D,3034,Top 12 Semifinals,2025,Elias Breche,FRA,MAG,senior,PH,,,individual,final,5.6,False,0,,,,,,,,,,,,,,,,,,,,[]
orphan_367934ad1eea2fc3,athlete_missing_in_score_sheet,review,"The event/apparatus/context exists, but this athlete is missing in the score sheet.",MAG D,3034,Top 12 Semifinals,2025,Elias Breche,FRA,MAG,senior,SR,,,individual,final,3.3,False,0,,,,,,,,,,,,,,,,,,,,[]
orphan_abf9f6b13ae03533,athlete_missing_in_score_sheet,review,"The event/apparatus/context exists, but this athlete is missing in the score sheet.",MAG D,3034,Top 12 Semifinals,2025,Elias Breche,FRA,MAG,senior,VT,1,,individual,final,4.5,True,0,,,,,,,,,,,,,,,,,,,,[]
orphan_a1dbd28795175067,athlete_missing_in_score_sheet,review,"The event/apparatus/context exists, but this athlete is missing in the score sheet.",MAG D,3035,Top 12 Series 5,2025,Elias Breche,FRA,MAG,senior,HB,,,individual,final,3.6,False,0,,,,,,,,,,,,,,,,,,,,[]
orphan_329eb730f70ca1e0,athlete_missing_in_score_sheet,review,"The event/apparatus/context exists, but this athlete is missing in the score sheet.",MAG D,3035,Top 12 Series 5,2025,Elias Breche,FRA,MAG,senior,PH,,,individual,final,5.2,False,0,,,,,,,,,,,,,,,,,,,,[]
orphan_ab4b19d1967e7509,athlete_missing_in_score_sheet,review,"The event/apparatus/context exists, but this athlete is missing in the score sheet.",MAG D,3035,Top 12 Series 5,2025,Elias Breche,FRA,MAG,senior,VT,1,,individual,final,4.4,True,0,,,,,,,,,,,,,,,,,,,,[]
orphan_989ae8d4703136d0,athlete_missing_in_score_sheet,review,"The event/apparatus/context exists, but this athlete is missing in the score sheet.",MAG D,3036,Top 12 Series 4,2025,Elias Breche,FRA,MAG,senior,HB,,,individual,final,4.4,False,0,,,,,,,,,,,,,,,,,,,,[]
orphan_74d7c22ca450f6c4,athlete_missing_in_score_sheet,review,"The event/apparatus/context exists, but this athlete is missing in the score sheet.",MAG D,3036,Top 12 Series 4,2025,Elias Breche,FRA,MAG,senior,PH,,,individual,final,5.0,False,0,,,,,,,,,,,,,,,,,,,,[]
orphan_3a299abe804c9285,athlete_missing_in_score_sheet,review,"The event/apparatus/context exists, but this athlete is missing in the score sheet.",MAG D,3036,Top 12 Series 4,2025,Elias Breche,FRA,MAG,senior,VT,1,,individual,final,4.4,True,0,,,,,,,,,,,,,,,,,,,,[]
orphan_afc411292e4c88ee,missing_final_score_for_context,review,"The athlete/event exists, but not this apparatus/context.",MAG D,3090,Israeli Championships,2025,Eliran Ioscovich,ISR,MAG,senior,VT,2,,individual,final,2.8,True,0,,,,,,,,,,,,,,,,,,,,[]
orphan_1d5cebf30eb950aa,missing_final_score_for_context,review,"The athlete/event exists, but not this apparatus/context.",MAG D,3152,Austrian Championships,2025,Emil Pfurtscheller,AUT,MAG,junior,VT,1,,apparatus,final,2.4,True,0,,,,,,,,,,,,,,,,,,,,[]
orphan_309b2c62fcb02e5a,missing_final_score_for_context,review,"The athlete/event exists, but not this apparatus/context.",MAG D,3152,Austrian Championships,2025,Emil Pfurtscheller,AUT,MAG,junior,VT,2,,apparatus,final,1.2,True,0,,,,,,,,,,,,,,,,,,,,[]
orphan_d79b6fc6bd79623b,possible_athlete_name_typo,review,Possible athlete-name typo between the D sheet and the score sheet.,MAG D,3194,French Championships,2025,Enaé Fouchard,FRA,MAG,senior,FX,,,individual,final,4.9,False,2,suggestion_0c1f04d72e574bca,athlete_name_correction,0.923,D-score athlete 'Enaé Fouchard' probably matches score-sheet athlete 'Enae Fouchard'.,French Championships,2025,Enae Fouchard,FRA,MAG,senior,FX,,,individual,final,13.25,,MAG,3350,"[{""suggestion_id"": ""suggestion_0c1f04d72e574bca"", ""suggestion_type"": ""athlete_name_correction"", ""confidence"": 0.923, ""message"": ""D-score athlete 'Enaé Fouchard' probably matches score-sheet athlete 'Enae Fouchard'."", ""action"": ""attach_d_score_to_target_result"", ""changes"": {""athlete_name"": {""from"": ""Enaé Fouchard"", ""to"": ""Enae Fouchard""}}, ""target_result"": {""event_name"": ""French Championships"", ""year"": 2025, ""athlete_name"": ""Enae Fouchard"", ""country"": ""FRA"", ""discipline"": ""MAG"", ""category"": ""senior"", ""apparatus"": ""FX"", ""vt_attempt"": null, ""day"": null, ""format"": ""individual"", ""round"": ""final"", ""score"": 13.25, ""D_score"": null, ""vault_attempt_order_uncertain"": false, ""source_sheet"": ""MAG"", ""source_row"": 3350, ""target_id"": ""target_a1f755d545d415f5""}}, {""suggestion_id"": ""suggestion_39b8ef84c89a1297"", ""suggestion_type"": ""context_correction"", ""confidence"": 0.65, ""message"": ""Same athlete/event/apparatus exists in the score sheet, but format, round, or day is different."", ""action"": ""attach_d_score_to_target_result"", ""changes"": {""format"": {""from"": ""individual"", ""to"": ""apparatus""}, ""round"": {""from"": ""final"", ""to"": ""final""}, ""day"": {""from"": null, ""to"": null}}, ""target_result"": {""event_name"": ""French Championships"", ""year"": 2025, ""athlete_name"": ""Enaé Fouchard"", ""country"": ""FRA"", ""discipline"": ""MAG"", ""category"": ""senior"", ""apparatus"": ""FX"", ""vt_attempt"": null, ""day"": null, ""format"": ""apparatus"", ""round"": ""final"", ""score"": 13.4, ""D_score"": 4.9, ""vault_attempt_order_uncertain"": false, ""source_sheet"": ""MAG"", ""source_row"": 3354, ""target_id"": ""target_b6c35a50b05dfdef""}}]"
orphan_4a93388f32ec5207,possible_athlete_name_typo,review,Possible athlete-name typo between the D sheet and the score sheet.,MAG D,3194,French Championships,2025,Enaé Fouchard,FRA,MAG,senior,HB,,,individual,final,4.4,False,2,suggestion_7513bc010ae7bdca,athlete_name_correction,0.923,D-score athlete 'Enaé Fouchard' probably matches score-sheet athlete 'Enae Fouchard'.,French Championships,2025,Enae Fouchard,FRA,MAG,senior,HB,,,individual,final,12.9,,MAG,3350,"[{""suggestion_id"": ""suggestion_7513bc010ae7bdca"", ""suggestion_type"": ""athlete_name_correction"", ""confidence"": 0.923, ""message"": ""D-score athlete 'Enaé Fouchard' probably matches score-sheet athlete 'Enae Fouchard'."", ""action"": ""attach_d_score_to_target_result"", ""changes"": {""athlete_name"": {""from"": ""Enaé Fouchard"", ""to"": ""Enae Fouchard""}}, ""target_result"": {""event_name"": ""French Championships"", ""year"": 2025, ""athlete_name"": ""Enae Fouchard"", ""country"": ""FRA"", ""discipline"": ""MAG"", ""category"": ""senior"", ""apparatus"": ""HB"", ""vt_attempt"": null, ""day"": null, ""format"": ""individual"", ""round"": ""final"", ""score"": 12.9, ""D_score"": null, ""vault_attempt_order_uncertain"": false, ""source_sheet"": ""MAG"", ""source_row"": 3350, ""target_id"": ""target_f84126dc4ca3a1b2""}}, {""suggestion_id"": ""suggestion_45d37eda8bd7bb37"", ""suggestion_type"": ""context_correction"", ""confidence"": 0.65, ""message"": ""Same athlete/event/apparatus exists in the score sheet, but format, round, or day is different."", ""action"": ""attach_d_score_to_target_result"", ""changes"": {""format"": {""from"": ""individual"", ""to"": ""apparatus""}, ""round"": {""from"": ""final"", ""to"": ""final""}, ""day"": {""from"": null, ""to"": null}}, ""target_result"": {""event_name"": ""French Championships"", ""year"": 2025, ""athlete_name"": ""Enaé Fouchard"", ""country"": ""FRA"", ""discipline"": ""MAG"", ""category"": ""senior"", ""apparatus"": ""HB"", ""vt_attempt"": null, ""day"": null, ""format"": ""apparatus"", ""round"": ""final"", ""score"": 11.866, ""D_score"": 4.0, ""vault_attempt_order_uncertain"": false, ""source_sheet"": ""MAG"", ""source_row"": 3354, ""target_id"": ""target_8eb7db8f864396a6""}}]"
orphan_4ef719b65c17e45b,possible_athlete_name_typo,review,Possible athlete-name typo between the D sheet and the score sheet.,MAG D,3194,French Championships,2025,Enaé Fouchard,FRA,MAG,senior,PB,,,individual,final,3.6,False,1,suggestion_0cad1b131770acac,athlete_name_correction,0.923,D-score athlete 'Enaé Fouchard' probably matches score-sheet athlete 'Enae Fouchard'.,French Championships,2025,Enae Fouchard,FRA,MAG,senior,PB,,,individual,final,12.25,,MAG,3350,"[{""suggestion_id"": ""suggestion_0cad1b131770acac"", ""suggestion_type"": ""athlete_name_correction"", ""confidence"": 0.923, ""message"": ""D-score athlete 'Enaé Fouchard' probably matches score-sheet athlete 'Enae Fouchard'."", ""action"": ""attach_d_score_to_target_result"", ""changes"": {""athlete_name"": {""from"": ""Enaé Fouchard"", ""to"": ""Enae Fouchard""}}, ""target_result"": {""event_name"": ""French Championships"", ""year"": 2025, ""athlete_name"": ""Enae Fouchard"", ""country"": ""FRA"", ""discipline"": ""MAG"", ""category"": ""senior"", ""apparatus"": ""PB"", ""vt_attempt"": null, ""day"": null, ""format"": ""individual"", ""round"": ""final"", ""score"": 12.25, ""D_score"": null, ""vault_attempt_order_uncertain"": false, ""source_sheet"": ""MAG"", ""source_row"": 3350, ""target_id"": ""target_00990b1b0b3e014d""}}]"
orphan_86c22bc7fe1edc0f,possible_athlete_name_typo,review,Possible athlete-name typo between the D sheet and the score sheet.,MAG D,3194,French Championships,2025,Enaé Fouchard,FRA,MAG,senior,PH,,,individual,final,4.4,False,1,suggestion_f1959499af07c9a1,athlete_name_correction,0.923,D-score athlete 'Enaé Fouchard' probably matches score-sheet athlete 'Enae Fouchard'.,French Championships,2025,Enae Fouchard,FRA,MAG,senior,PH,,,individual,final,12.4,,MAG,3350,"[{""suggestion_id"": ""suggestion_f1959499af07c9a1"", ""suggestion_type"": ""athlete_name_correction"", ""confidence"": 0.923, ""message"": ""D-score athlete 'Enaé Fouchard' probably matches score-sheet athlete 'Enae Fouchard'."", ""action"": ""attach_d_score_to_target_result"", ""changes"": {""athlete_name"": {""from"": ""Enaé Fouchard"", ""to"": ""Enae Fouchard""}}, ""target_result"": {""event_name"": ""French Championships"", ""year"": 2025, ""athlete_name"": ""Enae Fouchard"", ""country"": ""FRA"", ""discipline"": ""MAG"", ""category"": ""senior"", ""apparatus"": ""PH"", ""vt_attempt"": null, ""day"": null, ""format"": ""individual"", ""round"": ""final"", ""score"": 12.4, ""D_score"": null, ""vault_attempt_order_uncertain"": false, ""source_sheet"": ""MAG"", ""source_row"": 3350, ""target_id"": ""target_a746aca7b31db0a9""}}]"
orphan_500f66df25578940,possible_athlete_name_typo,review,Possible athlete-name typo between the D sheet and the score sheet.,MAG D,3194,French Championships,2025,Enaé Fouchard,FRA,MAG,senior,SR,,,individual,final,3.5,False,1,suggestion_62b56c35fb8a3d85,athlete_name_correction,0.923,D-score athlete 'Enaé Fouchard' probably matches score-sheet athlete 'Enae Fouchard'.,French Championships,2025,Enae Fouchard,FRA,MAG,senior,SR,,,individual,final,12.2,,MAG,3350,"[{""suggestion_id"": ""suggestion_62b56c35fb8a3d85"", ""suggestion_type"": ""athlete_name_correction"", ""confidence"": 0.923, ""message"": ""D-score athlete 'Enaé Fouchard' probably matches score-sheet athlete 'Enae Fouchard'."", ""action"": ""attach_d_score_to_target_result"", ""changes"": {""athlete_name"": {""from"": ""Enaé Fouchard"", ""to"": ""Enae Fouchard""}}, ""target_result"": {""event_name"": ""French Championships"", ""year"": 2025, ""athlete_name"": ""Enae Fouchard"", ""country"": ""FRA"", ""discipline"": ""MAG"", ""category"": ""senior"", ""apparatus"": ""SR"", ""vt_attempt"": null, ""day"": null, ""format"": ""individual"", ""round"": ""final"", ""score"": 12.2, ""D_score"": null, ""vault_attempt_order_uncertain"": false, ""source_sheet"": ""MAG"", ""source_row"": 3350, ""target_id"": ""target_d6a09990171c2b2f""}}]"
orphan_bdd92710f9c4502a,possible_athlete_name_typo,review,Possible athlete-name typo between the D sheet and the score sheet.,MAG D,3194,French Championships,2025,Enaé Fouchard,FRA,MAG,senior,VT,1,,individual,final,4.4,True,1,suggestion_20de7f3c9d127ff4,athlete_name_correction,0.923,D-score athlete 'Enaé Fouchard' probably matches score-sheet athlete 'Enae Fouchard'.,French Championships,2025,Enae Fouchard,FRA,MAG,senior,VT,1,,individual,final,13.7,,MAG,3350,"[{""suggestion_id"": ""suggestion_20de7f3c9d127ff4"", ""suggestion_type"": ""athlete_name_correction"", ""confidence"": 0.923, ""message"": ""D-score athlete 'Enaé Fouchard' probably matches score-sheet athlete 'Enae Fouchard'."", ""action"": ""attach_d_score_to_target_result"", ""changes"": {""athlete_name"": {""from"": ""Enaé Fouchard"", ""to"": ""Enae Fouchard""}}, ""target_result"": {""event_name"": ""French Championships"", ""year"": 2025, ""athlete_name"": ""Enae Fouchard"", ""country"": ""FRA"", ""discipline"": ""MAG"", ""category"": ""senior"", ""apparatus"": ""VT"", ""vt_attempt"": 1, ""day"": null, ""format"": ""individual"", ""round"": ""final"", ""score"": 13.7, ""D_score"": null, ""vault_attempt_order_uncertain"": true, ""source_sheet"": ""MAG"", ""source_row"": 3350, ""target_id"": ""target_de5b37c83d3c887d""}}]"
orphan_6105262cdc032314,missing_final_score_for_context,review,"The athlete/event exists, but not this apparatus/context.",MAG D,3248,Champion's Cup,2025,Ernesto Iusuf Dirie,ITA,MAG,senior,VT,2,,individual,final,3.6,True,0,,,,,,,,,,,,,,,,,,,,[]
orphan_07cad12aa20d58cc,possible_athlete_name_typo,review,Possible athlete-name typo between the D sheet and the score sheet.,MAG D,3266,Singapore Open,2025,Ethan Kim,SGP,MAG,senior,PB,,,individual,final,3.4,False,1,suggestion_d7c0fe67407c27fd,athlete_name_correction,0.889,D-score athlete 'Ethan Kim' probably matches score-sheet athlete 'Ethan Lim'.,Singapore Open,2025,Ethan Lim,SGP,MAG,senior,PB,,,individual,final,11.4,,MAG,3431,"[{""suggestion_id"": ""suggestion_d7c0fe67407c27fd"", ""suggestion_type"": ""athlete_name_correction"", ""confidence"": 0.889, ""message"": ""D-score athlete 'Ethan Kim' probably matches score-sheet athlete 'Ethan Lim'."", ""action"": ""attach_d_score_to_target_result"", ""changes"": {""athlete_name"": {""from"": ""Ethan Kim"", ""to"": ""Ethan Lim""}}, ""target_result"": {""event_name"": ""Singapore Open"", ""year"": 2025, ""athlete_name"": ""Ethan Lim"", ""country"": ""SGP"", ""discipline"": ""MAG"", ""category"": ""senior"", ""apparatus"": ""PB"", ""vt_attempt"": null, ""day"": null, ""format"": ""individual"", ""round"": ""final"", ""score"": 11.4, ""D_score"": null, ""vault_attempt_order_uncertain"": false, ""source_sheet"": ""MAG"", ""source_row"": 3431, ""target_id"": ""target_267a4b890c1c2f74""}}]"
orphan_8c08d914fd94cd73,possible_athlete_name_typo,review,Possible athlete-name typo between the D sheet and the score sheet.,MAG D,3266,Singapore Open,2025,Ethan Kim,SGP,MAG,senior,PH,,,individual,final,4.1,False,1,suggestion_1316c7d7389ca6c7,athlete_name_correction,0.889,D-score athlete 'Ethan Kim' probably matches score-sheet athlete 'Ethan Lim'.,Singapore Open,2025,Ethan Lim,SGP,MAG,senior,PH,,,individual,final,12.266,,MAG,3431,"[{""suggestion_id"": ""suggestion_1316c7d7389ca6c7"", ""suggestion_type"": ""athlete_name_correction"", ""confidence"": 0.889, ""message"": ""D-score athlete 'Ethan Kim' probably matches score-sheet athlete 'Ethan Lim'."", ""action"": ""attach_d_score_to_target_result"", ""changes"": {""athlete_name"": {""from"": ""Ethan Kim"", ""to"": ""Ethan Lim""}}, ""target_result"": {""event_name"": ""Singapore Open"", ""year"": 2025, ""athlete_name"": ""Ethan Lim"", ""country"": ""SGP"", ""discipline"": ""MAG"", ""category"": ""senior"", ""apparatus"": ""PH"", ""vt_attempt"": null, ""day"": null, ""format"": ""individual"", ""round"": ""final"", ""score"": 12.266, ""D_score"": null, ""vault_attempt_order_uncertain"": false, ""source_sheet"": ""MAG"", ""source_row"": 3431, ""target_id"": ""target_ae296eaef8a073d5""}}]"
orphan_ac86a59c7c5bdb19,possible_athlete_name_typo,review,Possible athlete-name typo between the D sheet and the score sheet.,MAG D,3266,Singapore Open,2025,Ethan Kim,SGP,MAG,senior,SR,,,individual,final,3.3,False,1,suggestion_23fde09d98b71608,athlete_name_correction,0.889,D-score athlete 'Ethan Kim' probably matches score-sheet athlete 'Ethan Lim'.,Singapore Open,2025,Ethan Lim,SGP,MAG,senior,SR,,,individual,final,11.233,,MAG,3431,"[{""suggestion_id"": ""suggestion_23fde09d98b71608"", ""suggestion_type"": ""athlete_name_correction"", ""confidence"": 0.889, ""message"": ""D-score athlete 'Ethan Kim' probably matches score-sheet athlete 'Ethan Lim'."", ""action"": ""attach_d_score_to_target_result"", ""changes"": {""athlete_name"": {""from"": ""Ethan Kim"", ""to"": ""Ethan Lim""}}, ""target_result"": {""event_name"": ""Singapore Open"", ""year"": 2025, ""athlete_name"": ""Ethan Lim"", ""country"": ""SGP"", ""discipline"": ""MAG"", ""category"": ""senior"", ""apparatus"": ""SR"", ""vt_attempt"": null, ""day"": null, ""format"": ""individual"", ""round"": ""final"", ""score"": 11.233, ""D_score"": null, ""vault_attempt_order_uncertain"": false, ""source_sheet"": ""MAG"", ""source_row"": 3431, ""target_id"": ""target_531d5196375892e7""}}]"
orphan_4fa9aff15ff272d2,possible_context_mismatch,review,"Possible format, round, or day mismatch.",MAG D,3488,Balkan Championships,2025,Filip Kavnik,SLO,MAG,junior,HB,,,individual,final,2.1,False,1,suggestion_89541d03354bf752,context_correction,0.65,"Same athlete/event/apparatus exists in the score sheet, but format, round, or day is different.",Balkan Championships,2025,Filip Kavnik,SLO,MAG,junior,HB,,,apparatus,final,11.133,2.1,MAG,3654,"[{""suggestion_id"": ""suggestion_89541d03354bf752"", ""suggestion_type"": ""context_correction"", ""confidence"": 0.65, ""message"": ""Same athlete/event/apparatus exists in the score sheet, but format, round, or day is different."", ""action"": ""attach_d_score_to_target_result"", ""changes"": {""format"": {""from"": ""individual"", ""to"": ""apparatus""}, ""round"": {""from"": ""final"", ""to"": ""final""}, ""day"": {""from"": null, ""to"": null}}, ""target_result"": {""event_name"": ""Balkan Championships"", ""year"": 2025, ""athlete_name"": ""Filip Kavnik"", ""country"": ""SLO"", ""discipline"": ""MAG"", ""category"": ""junior"", ""apparatus"": ""HB"", ""vt_attempt"": null, ""day"": null, ""format"": ""apparatus"", ""round"": ""final"", ""score"": 11.133, ""D_score"": 2.1, ""vault_attempt_order_uncertain"": false, ""source_sheet"": ""MAG"", ""source_row"": 3654, ""target_id"": ""target_5b08876a0a9c61ec""}}]"
orphan_062cda4d51eb6646,missing_final_score_for_context,review,"The athlete/event exists, but not this apparatus/context.",MAG D,3488,Balkan Championships,2025,Filip Kavnik,SLO,MAG,junior,PB,,,individual,final,2.0,False,0,,,,,,,,,,,,,,,,,,,,[]
orphan_c10fa273f059ebba,possible_context_mismatch,review,"Possible format, round, or day mismatch.",MAG D,3538,Champion's Cup,2025,Filippo Mengalli,ITA,MAG,junior,VT,2,,individual,final,3.6,True,1,suggestion_313402d16b332bb2,context_correction,0.65,"Same athlete/event/apparatus exists in the score sheet, but format, round, or day is different.",Champion's Cup,2025,Filippo Mengalli,ITA,MAG,junior,VT,2,,apparatus,final,11.85,3.6,MAG,3704,"[{""suggestion_id"": ""suggestion_313402d16b332bb2"", ""suggestion_type"": ""context_correction"", ""confidence"": 0.65, ""message"": ""Same athlete/event/apparatus exists in the score sheet, but format, round, or day is different."", ""action"": ""attach_d_score_to_target_result"", ""changes"": {""format"": {""from"": ""individual"", ""to"": ""apparatus""}, ""round"": {""from"": ""final"", ""to"": ""final""}, ""day"": {""from"": null, ""to"": null}}, ""target_result"": {""event_name"": ""Champion's Cup"", ""year"": 2025, ""athlete_name"": ""Filippo Mengalli"", ""country"": ""ITA"", ""discipline"": ""MAG"", ""category"": ""junior"", ""apparatus"": ""VT"", ""vt_attempt"": 2, ""day"": null, ""format"": ""apparatus"", ""round"": ""final"", ""score"": 11.85, ""D_score"": 3.6, ""vault_attempt_order_uncertain"": true, ""source_sheet"": ""MAG"", ""source_row"": 3704, ""target_id"": ""target_ff64837c6c2decc9""}}]"
orphan_8a4b1f8f407489b2,missing_final_score_for_context,review,"The athlete/event exists, but not this apparatus/context.",MAG D,3541,Champion's Cup,2025,Filippo Testi,ITA,MAG,senior,VT,2,,individual,final,2.4,True,0,,,,,,,,,,,,,,,,,,,,[]
orphan_142d868c20985a6f,missing_final_score_for_context,review,"The athlete/event exists, but not this apparatus/context.",MAG D,3556,English Championships,2025,Finley Homfray-Cooper,GBR,MAG,senior,VT,2,,individual,final,3.2,True,0,,,,,,,,,,,,,,,,,,,,[]
orphan_494cf30179f42ac4,missing_final_score_for_context,review,"The athlete/event exists, but not this apparatus/context.",MAG D,3627,Champion's Cup,2025,Francesco Manganaro,ITA,MAG,junior,VT,2,,individual,final,2.4,True,0,,,,,,,,,,,,,,,,,,,,[]
orphan_d42baf0a837e4eca,missing_final_score_for_context,review,"The athlete/event exists, but not this apparatus/context.",MAG D,3628,Champion's Cup,2025,Francesco Ripani,ITA,MAG,junior,VT,2,,individual,final,2.4,True,0,,,,,,,,,,,,,,,,,,,,[]
orphan_7031d198ef921047,athlete_missing_in_score_sheet,review,"The event/apparatus/context exists, but this athlete is missing in the score sheet.",MAG D,3671,Northern European Championships,2025,Frederik Møller,DEN,MAG,senior,FX,,,individual,final,4.0,False,0,,,,,,,,,,,,,,,,,,,,[]
orphan_dee260a5938cfcfa,athlete_missing_in_score_sheet,review,"The event/apparatus/context exists, but this athlete is missing in the score sheet.",MAG D,3671,Northern European Championships,2025,Frederik Møller,DEN,MAG,senior,VT,1,,individual,final,2.0,True,0,,,,,,,,,,,,,,,,,,,,[]
orphan_784b0141b9ae6b0f,athlete_missing_in_score_sheet,review,"The event/apparatus/context exists, but this athlete is missing in the score sheet.",MAG D,3671,Northern European Championships,2025,Frederik Møller,DEN,MAG,senior,VT,2,,individual,final,2.8,True,0,,,,,,,,,,,,,,,,,,,,[]
orphan_8fb18f1c7ce638ff,athlete_missing_in_score_sheet,review,"The event/apparatus/context exists, but this athlete is missing in the score sheet.",MAG D,3672,Danish Team Championships,2025,Frederik Møller,DEN,MAG,senior,FX,,,individual,final,4.0,False,0,,,,,,,,,,,,,,,,,,,,[]
orphan_7841322dc844630d,missing_final_score_for_context,review,"The athlete/event exists, but not this apparatus/context.",MAG D,3813,Champion's Cup,2025,Gabriele Verga,ITA,MAG,senior,VT,2,,individual,final,4.8,True,0,,,,,,,,,,,,,,,,,,,,[]
orphan_9f8d45f44247c70e,missing_final_score_for_context,review,"The athlete/event exists, but not this apparatus/context.",MAG D,3855,Chinese National Games,2025,Ge Shihao,CHN,MAG,senior,PH,,,individual,qualification,5.2,False,0,,,,,,,,,,,,,,,,,,,,[]
orphan_936240cada2fb782,possible_athlete_name_typo,review,Possible athlete-name typo between the D sheet and the score sheet.,MAG D,3876,International Junior Team Cup,2025,George Gottfried,GER,MAG,junior,FX,,,individual,final,4.0,False,1,suggestion_9f6a5f21e10f2317,athlete_name_correction,0.968,D-score athlete 'George Gottfried' probably matches score-sheet athlete 'Georg Gottfried'.,International Junior Team Cup,2025,Georg Gottfried,GER,MAG,junior,FX,,,individual,final,11.3,,MAG,4035,"[{""suggestion_id"": ""suggestion_9f6a5f21e10f2317"", ""suggestion_type"": ""athlete_name_correction"", ""confidence"": 0.968, ""message"": ""D-score athlete 'George Gottfried' probably matches score-sheet athlete 'Georg Gottfried'."", ""action"": ""attach_d_score_to_target_result"", ""changes"": {""athlete_name"": {""from"": ""George Gottfried"", ""to"": ""Georg Gottfried""}}, ""target_result"": {""event_name"": ""International Junior Team Cup"", ""year"": 2025, ""athlete_name"": ""Georg Gottfried"", ""country"": ""GER"", ""discipline"": ""MAG"", ""category"": ""junior"", ""apparatus"": ""FX"", ""vt_attempt"": null, ""day"": null, ""format"": ""individual"", ""round"": ""final"", ""score"": 11.3, ""D_score"": null, ""vault_attempt_order_uncertain"": false, ""source_sheet"": ""MAG"", ""source_row"": 4035, ""target_id"": ""target_9cabd072c2bffc2c""}}]"
orphan_b113f17580a254d3,possible_athlete_name_typo,review,Possible athlete-name typo between the D sheet and the score sheet.,MAG D,3876,International Junior Team Cup,2025,George Gottfried,GER,MAG,junior,HB,,,individual,final,2.3,False,1,suggestion_f115798b353adc14,athlete_name_correction,0.968,D-score athlete 'George Gottfried' probably matches score-sheet athlete 'Georg Gottfried'.,International Junior Team Cup,2025,Georg Gottfried,GER,MAG,junior,HB,,,individual,final,10.5,,MAG,4035,"[{""suggestion_id"": ""suggestion_f115798b353adc14"", ""suggestion_type"": ""athlete_name_correction"", ""confidence"": 0.968, ""message"": ""D-score athlete 'George Gottfried' probably matches score-sheet athlete 'Georg Gottfried'."", ""action"": ""attach_d_score_to_target_result"", ""changes"": {""athlete_name"": {""from"": ""George Gottfried"", ""to"": ""Georg Gottfried""}}, ""target_result"": {""event_name"": ""International Junior Team Cup"", ""year"": 2025, ""athlete_name"": ""Georg Gottfried"", ""country"": ""GER"", ""discipline"": ""MAG"", ""category"": ""junior"", ""apparatus"": ""HB"", ""vt_attempt"": null, ""day"": null, ""format"": ""individual"", ""round"": ""final"", ""score"": 10.5, ""D_score"": null, ""vault_attempt_order_uncertain"": false, ""source_sheet"": ""MAG"", ""source_row"": 4035, ""target_id"": ""target_050a3592308c8fa5""}}]"
orphan_533ce7fe7ee1b9b4,possible_athlete_name_typo,review,Possible athlete-name typo between the D sheet and the score sheet.,MAG D,3876,International Junior Team Cup,2025,George Gottfried,GER,MAG,junior,PB,,,individual,final,2.8,False,1,suggestion_c55c1442dcf02870,athlete_name_correction,0.968,D-score athlete 'George Gottfried' probably matches score-sheet athlete 'Georg Gottfried'.,International Junior Team Cup,2025,Georg Gottfried,GER,MAG,junior,PB,,,individual,final,10.2,,MAG,4035,"[{""suggestion_id"": ""suggestion_c55c1442dcf02870"", ""suggestion_type"": ""athlete_name_correction"", ""confidence"": 0.968, ""message"": ""D-score athlete 'George Gottfried' probably matches score-sheet athlete 'Georg Gottfried'."", ""action"": ""attach_d_score_to_target_result"", ""changes"": {""athlete_name"": {""from"": ""George Gottfried"", ""to"": ""Georg Gottfried""}}, ""target_result"": {""event_name"": ""International Junior Team Cup"", ""year"": 2025, ""athlete_name"": ""Georg Gottfried"", ""country"": ""GER"", ""discipline"": ""MAG"", ""category"": ""junior"", ""apparatus"": ""PB"", ""vt_attempt"": null, ""day"": null, ""format"": ""individual"", ""round"": ""final"", ""score"": 10.2, ""D_score"": null, ""vault_attempt_order_uncertain"": false, ""source_sheet"": ""MAG"", ""source_row"": 4035, ""target_id"": ""target_bd139e88020ad8e5""}}]"
orphan_119a374fca5d297b,possible_athlete_name_typo,review,Possible athlete-name typo between the D sheet and the score sheet.,MAG D,3876,International Junior Team Cup,2025,George Gottfried,GER,MAG,junior,PH,,,individual,final,2.1,False,1,suggestion_8777dc265eb4ee55,athlete_name_correction,0.968,D-score athlete 'George Gottfried' probably matches score-sheet athlete 'Georg Gottfried'.,International Junior Team Cup,2025,Georg Gottfried,GER,MAG,junior,PH,,,individual,final,8.9,,MAG,4035,"[{""suggestion_id"": ""suggestion_8777dc265eb4ee55"", ""suggestion_type"": ""athlete_name_correction"", ""confidence"": 0.968, ""message"": ""D-score athlete 'George Gottfried' probably matches score-sheet athlete 'Georg Gottfried'."", ""action"": ""attach_d_score_to_target_result"", ""changes"": {""athlete_name"": {""from"": ""George Gottfried"", ""to"": ""Georg Gottfried""}}, ""target_result"": {""event_name"": ""International Junior Team Cup"", ""year"": 2025, ""athlete_name"": ""Georg Gottfried"", ""country"": ""GER"", ""discipline"": ""MAG"", ""category"": ""junior"", ""apparatus"": ""PH"", ""vt_attempt"": null, ""day"": null, ""format"": ""individual"", ""round"": ""final"", ""score"": 8.9, ""D_score"": null, ""vault_attempt_order_uncertain"": false, ""source_sheet"": ""MAG"", ""source_row"": 4035, ""target_id"": ""target_ecb77c7621dda05a""}}]"
orphan_2dfb2aa3f790971e,possible_athlete_name_typo,review,Possible athlete-name typo between the D sheet and the score sheet.,MAG D,3876,International Junior Team Cup,2025,George Gottfried,GER,MAG,junior,SR,,,individual,final,2.7,False,1,suggestion_b99256ae405ff3ca,athlete_name_correction,0.968,D-score athlete 'George Gottfried' probably matches score-sheet athlete 'Georg Gottfried'.,International Junior Team Cup,2025,Georg Gottfried,GER,MAG,junior,SR,,,individual,final,11.3,,MAG,4035,"[{""suggestion_id"": ""suggestion_b99256ae405ff3ca"", ""suggestion_type"": ""athlete_name_correction"", ""confidence"": 0.968, ""message"": ""D-score athlete 'George Gottfried' probably matches score-sheet athlete 'Georg Gottfried'."", ""action"": ""attach_d_score_to_target_result"", ""changes"": {""athlete_name"": {""from"": ""George Gottfried"", ""to"": ""Georg Gottfried""}}, ""target_result"": {""event_name"": ""International Junior Team Cup"", ""year"": 2025, ""athlete_name"": ""Georg Gottfried"", ""country"": ""GER"", ""discipline"": ""MAG"", ""category"": ""junior"", ""apparatus"": ""SR"", ""vt_attempt"": null, ""day"": null, ""format"": ""individual"", ""round"": ""final"", ""score"": 11.3, ""D_score"": null, ""vault_attempt_order_uncertain"": false, ""source_sheet"": ""MAG"", ""source_row"": 4035, ""target_id"": ""target_9bdf7c3fd9ede934""}}]"
orphan_7b0385fc0226fecb,possible_athlete_name_typo,review,Possible athlete-name typo between the D sheet and the score sheet.,MAG D,3876,International Junior Team Cup,2025,George Gottfried,GER,MAG,junior,VT,1,,individual,final,3.6,True,1,suggestion_c9da4a543d665043,athlete_name_correction,0.968,D-score athlete 'George Gottfried' probably matches score-sheet athlete 'Georg Gottfried'.,International Junior Team Cup,2025,Georg Gottfried,GER,MAG,junior,VT,1,,individual,final,12.35,,MAG,4035,"[{""suggestion_id"": ""suggestion_c9da4a543d665043"", ""suggestion_type"": ""athlete_name_correction"", ""confidence"": 0.968, ""message"": ""D-score athlete 'George Gottfried' probably matches score-sheet athlete 'Georg Gottfried'."", ""action"": ""attach_d_score_to_target_result"", ""changes"": {""athlete_name"": {""from"": ""George Gottfried"", ""to"": ""Georg Gottfried""}}, ""target_result"": {""event_name"": ""International Junior Team Cup"", ""year"": 2025, ""athlete_name"": ""Georg Gottfried"", ""country"": ""GER"", ""discipline"": ""MAG"", ""category"": ""junior"", ""apparatus"": ""VT"", ""vt_attempt"": 1, ""day"": null, ""format"": ""individual"", ""round"": ""final"", ""score"": 12.35, ""D_score"": null, ""vault_attempt_order_uncertain"": true, ""source_sheet"": ""MAG"", ""source_row"": 4035, ""target_id"": ""target_c50ff00671889cfd""}}]"
orphan_b81216d25d85b67f,athlete_missing_in_score_sheet,review,"The event/apparatus/context exists, but this athlete is missing in the score sheet.",MAG D,3929,3rd Italian Serie A,2025,Giacomo Capuzzo,ITA,MAG,senior,FX,,,individual,final,4.5,False,0,,,,,,,,,,,,,,,,,,,,[]
orphan_689a5fb1a6d4be0f,athlete_missing_in_score_sheet,review,"The event/apparatus/context exists, but this athlete is missing in the score sheet.",MAG D,3929,3rd Italian Serie A,2025,Giacomo Capuzzo,ITA,MAG,senior,HB,,,individual,final,4.4,False,0,,,,,,,,,,,,,,,,,,,,[]
orphan_699d21b06255404e,athlete_missing_in_score_sheet,review,"The event/apparatus/context exists, but this athlete is missing in the score sheet.",MAG D,3929,3rd Italian Serie A,2025,Giacomo Capuzzo,ITA,MAG,senior,PB,,,individual,final,4.0,False,0,,,,,,,,,,,,,,,,,,,,[]
orphan_fe80b122551e07ec,athlete_missing_in_score_sheet,review,"The event/apparatus/context exists, but this athlete is missing in the score sheet.",MAG D,3929,3rd Italian Serie A,2025,Giacomo Capuzzo,ITA,MAG,senior,SR,,,individual,final,3.2,False,0,,,,,,,,,,,,,,,,,,,,[]
orphan_ec6153c646b8710a,athlete_missing_in_score_sheet,review,"The event/apparatus/context exists, but this athlete is missing in the score sheet.",MAG D,3930,2nd Italian Serie A,2025,Giacomo Capuzzo,ITA,MAG,senior,FX,,,individual,final,4.2,False,0,,,,,,,,,,,,,,,,,,,,[]
orphan_3ce3278e4e2f2544,athlete_missing_in_score_sheet,review,"The event/apparatus/context exists, but this athlete is missing in the score sheet.",MAG D,3930,2nd Italian Serie A,2025,Giacomo Capuzzo,ITA,MAG,senior,HB,,,individual,final,4.4,False,0,,,,,,,,,,,,,,,,,,,,[]
orphan_6e0e8400248098e9,athlete_missing_in_score_sheet,review,"The event/apparatus/context exists, but this athlete is missing in the score sheet.",MAG D,3930,2nd Italian Serie A,2025,Giacomo Capuzzo,ITA,MAG,senior,PB,,,individual,final,4.0,False,0,,,,,,,,,,,,,,,,,,,,[]
orphan_6f20c1a313e498d8,athlete_missing_in_score_sheet,review,"The event/apparatus/context exists, but this athlete is missing in the score sheet.",MAG D,3930,2nd Italian Serie A,2025,Giacomo Capuzzo,ITA,MAG,senior,SR,,,individual,final,3.2,False,0,,,,,,,,,,,,,,,,,,,,[]
orphan_275edbdb18af71ed,athlete_missing_in_score_sheet,review,"The event/apparatus/context exists, but this athlete is missing in the score sheet.",MAG D,3931,1st Italian Serie A,2025,Giacomo Capuzzo,ITA,MAG,senior,HB,,,individual,final,4.4,False,0,,,,,,,,,,,,,,,,,,,,[]
orphan_5df53ba07eaf4c1d,athlete_missing_in_score_sheet,review,"The event/apparatus/context exists, but this athlete is missing in the score sheet.",MAG D,3931,1st Italian Serie A,2025,Giacomo Capuzzo,ITA,MAG,senior,PB,,,individual,final,3.8,False,0,,,,,,,,,,,,,,,,,,,,[]
orphan_bbf13c4905d2736e,athlete_missing_in_score_sheet,review,"The event/apparatus/context exists, but this athlete is missing in the score sheet.",MAG D,3931,1st Italian Serie A,2025,Giacomo Capuzzo,ITA,MAG,senior,SR,,,individual,final,3.2,False,0,,,,,,,,,,,,,,,,,,,,[]
orphan_82995174c689e06f,athlete_missing_in_score_sheet,review,"The event/apparatus/context exists, but this athlete is missing in the score sheet.",MAG D,3931,1st Italian Serie A,2025,Giacomo Capuzzo,ITA,MAG,senior,VT,1,,individual,final,3.6,True,0,,,,,,,,,,,,,,,,,,,,[]
orphan_c3f1ef1342818382,missing_final_score_for_context,review,"The athlete/event exists, but not this apparatus/context.",MAG D,3937,Champion's Cup,2025,Giammaria Compagnucci,ITA,MAG,junior,VT,2,,individual,final,1.2,True,0,,,,,,,,,,,,,,,,,,,,[]
orphan_74a2bfdbf3b6bc4e,missing_final_score_for_context,review,"The athlete/event exists, but not this apparatus/context.",MAG D,3959,Champion's Cup,2025,Giovanni Dozio,ITA,MAG,junior,VT,2,,individual,final,1.8,True,0,,,,,,,,,,,,,,,,,,,,[]
orphan_55849640fdef6429,possible_context_mismatch,review,"Possible format, round, or day mismatch.",MAG D,3961,Champion's Cup,2025,Giuseppe Bertoli,ITA,MAG,senior,VT,2,,individual,final,3.6,True,1,suggestion_e37f5515aba1cf37,context_correction,0.65,"Same athlete/event/apparatus exists in the score sheet, but format, round, or day is different.",Champion's Cup,2025,Giuseppe Bertoli,ITA,MAG,senior,VT,2,,apparatus,final,10.95,2.4,MAG,4141,"[{""suggestion_id"": ""suggestion_e37f5515aba1cf37"", ""suggestion_type"": ""context_correction"", ""confidence"": 0.65, ""message"": ""Same athlete/event/apparatus exists in the score sheet, but format, round, or day is different."", ""action"": ""attach_d_score_to_target_result"", ""changes"": {""format"": {""from"": ""individual"", ""to"": ""apparatus""}, ""round"": {""from"": ""final"", ""to"": ""final""}, ""day"": {""from"": null, ""to"": null}}, ""target_result"": {""event_name"": ""Champion's Cup"", ""year"": 2025, ""athlete_name"": ""Giuseppe Bertoli"", ""country"": ""ITA"", ""discipline"": ""MAG"", ""category"": ""senior"", ""apparatus"": ""VT"", ""vt_attempt"": 2, ""day"": null, ""format"": ""apparatus"", ""round"": ""final"", ""score"": 10.95, ""D_score"": 2.4, ""vault_attempt_order_uncertain"": true, ""source_sheet"": ""MAG"", ""source_row"": 4141, ""target_id"": ""target_9a3697de3f4751cb""}}]"
orphan_03755cd14717dd29,missing_final_score_for_context,review,"The athlete/event exists, but not this apparatus/context.",MAG D,3999,Indian National Games,2025,Gopal Das,IND,MAG,senior,VT,2,,individual,qualification,2.8,True,0,,,,,,,,,,,,,,,,,,,,[]
orphan_cf99998a0fed5922,missing_final_score_for_context,review,"The athlete/event exists, but not this apparatus/context.",MAG D,4152,English Championships,2025,Harry Hepworth,GBR,MAG,senior,VT,2,,individual,final,5.2,True,0,,,,,,,,,,,,,,,,,,,,[]
orphan_f6b18c8359e6d8bb,missing_final_score_for_context,review,"The athlete/event exists, but not this apparatus/context.",MAG D,4667,British Championships,2025,Isaac McGillivray,GBR,MAG,junior,PH,,,individual,final,1.0,False,0,,,,,,,,,,,,,,,,,,,,[]
orphan_25ddd37e489518d0,missing_final_score_for_context,review,"The athlete/event exists, but not this apparatus/context.",MAG D,4721,Croatian Event Championships,2025,Ivan Fercic,CRO,MAG,junior,VT,2,,individual,final,1.2,True,0,,,,,,,,,,,,,,,,,,,,[]
orphan_a77961ca776a9377,athlete_missing_in_score_sheet,review,"The event/apparatus/context exists, but this athlete is missing in the score sheet.",MAG D,4759,2nd Italian Serie A,2025,Ivan Rigon,ITA,MAG,senior,HB,,,individual,final,3.6,False,0,,,,,,,,,,,,,,,,,,,,[]
orphan_c918f1f64c4ca763,athlete_missing_in_score_sheet,review,"The event/apparatus/context exists, but this athlete is missing in the score sheet.",MAG D,4759,2nd Italian Serie A,2025,Ivan Rigon,ITA,MAG,senior,PB,,,individual,final,3.7,False,0,,,,,,,,,,,,,,,,,,,,[]
orphan_56083e85e92c3447,athlete_missing_in_score_sheet,review,"The event/apparatus/context exists, but this athlete is missing in the score sheet.",MAG D,4759,2nd Italian Serie A,2025,Ivan Rigon,ITA,MAG,senior,SR,,,individual,final,3.3,False,0,,,,,,,,,,,,,,,,,,,,[]
orphan_8fcbfb24e0e82cdc,athlete_missing_in_score_sheet,review,"The event/apparatus/context exists, but this athlete is missing in the score sheet.",MAG D,4759,2nd Italian Serie A,2025,Ivan Rigon,ITA,MAG,senior,VT,1,,individual,final,3.6,True,0,,,,,,,,,,,,,,,,,,,,[]
orphan_25865b3019cd4617,athlete_missing_in_score_sheet,review,"The event/apparatus/context exists, but this athlete is missing in the score sheet.",MAG D,4760,3rd Italian Serie A,2025,Ivan Rigon,ITA,MAG,senior,HB,,,individual,final,3.6,False,0,,,,,,,,,,,,,,,,,,,,[]
orphan_6ddfd6228d5fa5c0,athlete_missing_in_score_sheet,review,"The event/apparatus/context exists, but this athlete is missing in the score sheet.",MAG D,4760,3rd Italian Serie A,2025,Ivan Rigon,ITA,MAG,senior,PB,,,individual,final,3.2,False,0,,,,,,,,,,,,,,,,,,,,[]
orphan_e11534a346ee0aad,athlete_missing_in_score_sheet,review,"The event/apparatus/context exists, but this athlete is missing in the score sheet.",MAG D,4760,3rd Italian Serie A,2025,Ivan Rigon,ITA,MAG,senior,SR,,,individual,final,3.3,False,0,,,,,,,,,,,,,,,,,,,,[]
orphan_0ef92a4116dd5e5a,missing_final_score_for_context,review,"The athlete/event exists, but not this apparatus/context.",MAG D,4785,Russian Championships,2025,Ivan Zavrichko,RUS,MAG,senior,VT,1,,individual,qualification,5.2,True,0,,,,,,,,,,,,,,,,,,,,[]
orphan_bbab801c63f6dd69,athlete_missing_in_score_sheet,review,"The event/apparatus/context exists, but this athlete is missing in the score sheet.",MAG D,4849,Danish Team Championships,2025,Jacob Hussain,DEN,MAG,senior,FX,,,individual,final,3.1,False,0,,,,,,,,,,,,,,,,,,,,[]
orphan_b5c8b4b0e0569967,athlete_missing_in_score_sheet,review,"The event/apparatus/context exists, but this athlete is missing in the score sheet.",MAG D,4849,Danish Team Championships,2025,Jacob Hussain,DEN,MAG,senior,SR,,,individual,final,2.6,False,0,,,,,,,,,,,,,,,,,,,,[]
orphan_36202acafed37759,athlete_missing_in_score_sheet,review,"The event/apparatus/context exists, but this athlete is missing in the score sheet.",MAG D,4849,Danish Team Championships,2025,Jacob Hussain,DEN,MAG,senior,VT,1,,individual,final,3.6,True,0,,,,,,,,,,,,,,,,,,,,[]
orphan_a8df82016dcb84ed,missing_final_score_for_context,review,"The athlete/event exists, but not this apparatus/context.",MAG D,4898,English Championships,2025,Jake Jarman,GBR,MAG,senior,VT,2,,individual,final,5.2,True,0,,,,,,,,,,,,,,,,,,,,[]
orphan_59233189fa256131,missing_final_score_for_context,review,"The athlete/event exists, but not this apparatus/context.",MAG D,5109,Mälar Cup,2025,Jens Graner,SWE,MAG,junior,VT,1,,individual,final,3.6,True,0,,,,,,,,,,,,,,,,,,,,[]
orphan_4d8766e2760e61cc,athlete_missing_in_score_sheet,review,"The event/apparatus/context exists, but this athlete is missing in the score sheet.",MAG D,5336,German Junior Championships,2025,Jonas Elias Kirsch,GER,MAG,junior,FX,,,individual,qualification,3.9,False,0,,,,,,,,,,,,,,,,,,,,[]
orphan_2a8f13b9336e4b0f,athlete_missing_in_score_sheet,review,"The event/apparatus/context exists, but this athlete is missing in the score sheet.",MAG D,5336,German Junior Championships,2025,Jonas Elias Kirsch,GER,MAG,junior,HB,,,individual,qualification,3.2,False,0,,,,,,,,,,,,,,,,,,,,[]
orphan_41b5fee713f37c2e,athlete_missing_in_score_sheet,review,"The event/apparatus/context exists, but this athlete is missing in the score sheet.",MAG D,5336,German Junior Championships,2025,Jonas Elias Kirsch,GER,MAG,junior,PB,,,individual,qualification,3.4,False,0,,,,,,,,,,,,,,,,,,,,[]
orphan_0cc575c327075f7c,athlete_missing_in_score_sheet,review,"The event/apparatus/context exists, but this athlete is missing in the score sheet.",MAG D,5336,German Junior Championships,2025,Jonas Elias Kirsch,GER,MAG,junior,PH,,,individual,qualification,3.3,False,0,,,,,,,,,,,,,,,,,,,,[]
orphan_af4b65ab9acd46bd,athlete_missing_in_score_sheet,review,"The event/apparatus/context exists, but this athlete is missing in the score sheet.",MAG D,5336,German Junior Championships,2025,Jonas Elias Kirsch,GER,MAG,junior,SR,,,individual,qualification,3.1,False,0,,,,,,,,,,,,,,,,,,,,[]
orphan_05bff6c0ee31f674,athlete_missing_in_score_sheet,review,"The event/apparatus/context exists, but this athlete is missing in the score sheet.",MAG D,5336,German Junior Championships,2025,Jonas Elias Kirsch,GER,MAG,junior,VT,1,,individual,qualification,2.0,True,0,,,,,,,,,,,,,,,,,,,,[]
orphan_f2f233530e47d153,athlete_missing_in_score_sheet,review,"The event/apparatus/context exists, but this athlete is missing in the score sheet.",MAG D,5337,German Junior Championships,2025,Jonas Elias Kirsch,GER,MAG,junior,FX,,,individual,final,3.9,False,0,,,,,,,,,,,,,,,,,,,,[]
orphan_3452769bd0c4ed78,athlete_missing_in_score_sheet,review,"The event/apparatus/context exists, but this athlete is missing in the score sheet.",MAG D,5337,German Junior Championships,2025,Jonas Elias Kirsch,GER,MAG,junior,HB,,,individual,final,2.4,False,0,,,,,,,,,,,,,,,,,,,,[]
orphan_f9b6dfeadda83e9d,athlete_missing_in_score_sheet,review,"The event/apparatus/context exists, but this athlete is missing in the score sheet.",MAG D,5337,German Junior Championships,2025,Jonas Elias Kirsch,GER,MAG,junior,PB,,,individual,final,2.8,False,0,,,,,,,,,,,,,,,,,,,,[]
orphan_c13b596443e0720a,athlete_missing_in_score_sheet,review,"The event/apparatus/context exists, but this athlete is missing in the score sheet.",MAG D,5337,German Junior Championships,2025,Jonas Elias Kirsch,GER,MAG,junior,PH,,,individual,final,3.3,False,0,,,,,,,,,,,,,,,,,,,,[]
orphan_7a284acd9e49b52a,athlete_missing_in_score_sheet,review,"The event/apparatus/context exists, but this athlete is missing in the score sheet.",MAG D,5337,German Junior Championships,2025,Jonas Elias Kirsch,GER,MAG,junior,SR,,,individual,final,3.1,False,0,,,,,,,,,,,,,,,,,,,,[]
orphan_7bc9e96762ac247b,athlete_missing_in_score_sheet,review,"The event/apparatus/context exists, but this athlete is missing in the score sheet.",MAG D,5337,German Junior Championships,2025,Jonas Elias Kirsch,GER,MAG,junior,VT,1,,individual,final,2.0,True,0,,,,,,,,,,,,,,,,,,,,[]
orphan_4773ba3eb2d3b52f,possible_context_mismatch,review,"Possible format, round, or day mismatch.",MAG D,5387,Finnish Championships,2025,Joona Suikki,FIN,MAG,junior,VT,2,,individual,final,3.6,True,1,suggestion_18d3379920865764,context_correction,0.65,"Same athlete/event/apparatus exists in the score sheet, but format, round, or day is different.",Finnish Championships,2025,Joona Suikki,FIN,MAG,junior,VT,2,,apparatus,final,10.4,2.0,MAG,5627,"[{""suggestion_id"": ""suggestion_18d3379920865764"", ""suggestion_type"": ""context_correction"", ""confidence"": 0.65, ""message"": ""Same athlete/event/apparatus exists in the score sheet, but format, round, or day is different."", ""action"": ""attach_d_score_to_target_result"", ""changes"": {""format"": {""from"": ""individual"", ""to"": ""apparatus""}, ""round"": {""from"": ""final"", ""to"": ""final""}, ""day"": {""from"": null, ""to"": null}}, ""target_result"": {""event_name"": ""Finnish Championships"", ""year"": 2025, ""athlete_name"": ""Joona Suikki"", ""country"": ""FIN"", ""discipline"": ""MAG"", ""category"": ""junior"", ""apparatus"": ""VT"", ""vt_attempt"": 2, ""day"": null, ""format"": ""apparatus"", ""round"": ""final"", ""score"": 10.4, ""D_score"": 2.0, ""vault_attempt_order_uncertain"": true, ""source_sheet"": ""MAG"", ""source_row"": 5627, ""target_id"": ""target_ef761a4c48f4c173""}}]"
orphan_799c3d6caae1ad1f,possible_context_mismatch,review,"Possible format, round, or day mismatch.",MAG D,5390,Finnish Championships,2025,Joonatan Kullberg,FIN,MAG,junior,VT,2,,individual,final,2.4,True,1,suggestion_576a6ff27ac3cb10,context_correction,0.65,"Same athlete/event/apparatus exists in the score sheet, but format, round, or day is different.",Finnish Championships,2025,Joonatan Kullberg,FIN,MAG,junior,VT,2,,apparatus,final,10.899,2.4,MAG,5631,"[{""suggestion_id"": ""suggestion_576a6ff27ac3cb10"", ""suggestion_type"": ""context_correction"", ""confidence"": 0.65, ""message"": ""Same athlete/event/apparatus exists in the score sheet, but format, round, or day is different."", ""action"": ""attach_d_score_to_target_result"", ""changes"": {""format"": {""from"": ""individual"", ""to"": ""apparatus""}, ""round"": {""from"": ""final"", ""to"": ""final""}, ""day"": {""from"": null, ""to"": null}}, ""target_result"": {""event_name"": ""Finnish Championships"", ""year"": 2025, ""athlete_name"": ""Joonatan Kullberg"", ""country"": ""FIN"", ""discipline"": ""MAG"", ""category"": ""junior"", ""apparatus"": ""VT"", ""vt_attempt"": 2, ""day"": null, ""format"": ""apparatus"", ""round"": ""final"", ""score"": 10.899, ""D_score"": 2.4, ""vault_attempt_order_uncertain"": true, ""source_sheet"": ""MAG"", ""source_row"": 5631, ""target_id"": ""target_79b273634099f215""}}]"
orphan_9d5ea3b55a8fa5d2,missing_final_score_for_context,review,"The athlete/event exists, but not this apparatus/context.",MAG D,5411,Pan American Championships,2025,Jorge Vega Lopez,GUA,MAG,senior,PB,,,team,final,2.8,False,0,,,,,,,,,,,,,,,,,,,,[]
orphan_ecc7ee218e1ca182,possible_context_mismatch,review,"Possible format, round, or day mismatch.",MAG D,5541,South American Championships,2025,Juan Larrahondo,COL,MAG,senior,VT,2,,individual,final,4.8,True,1,suggestion_9420806868ad875d,context_correction,0.65,"Same athlete/event/apparatus exists in the score sheet, but format, round, or day is different.",South American Championships,2025,Juan Larrahondo,COL,MAG,senior,VT,2,,apparatus,final,14.066,4.8,MAG,5783,"[{""suggestion_id"": ""suggestion_9420806868ad875d"", ""suggestion_type"": ""context_correction"", ""confidence"": 0.65, ""message"": ""Same athlete/event/apparatus exists in the score sheet, but format, round, or day is different."", ""action"": ""attach_d_score_to_target_result"", ""changes"": {""format"": {""from"": ""individual"", ""to"": ""apparatus""}, ""round"": {""from"": ""final"", ""to"": ""final""}, ""day"": {""from"": null, ""to"": null}}, ""target_result"": {""event_name"": ""South American Championships"", ""year"": 2025, ""athlete_name"": ""Juan Larrahondo"", ""country"": ""COL"", ""discipline"": ""MAG"", ""category"": ""senior"", ""apparatus"": ""VT"", ""vt_attempt"": 2, ""day"": null, ""format"": ""apparatus"", ""round"": ""final"", ""score"": 14.066, ""D_score"": 4.8, ""vault_attempt_order_uncertain"": true, ""source_sheet"": ""MAG"", ""source_row"": 5783, ""target_id"": ""target_dd14f96346ac85d7""}}]"
orphan_887703c47434d064,possible_athlete_name_typo,review,Possible athlete-name typo between the D sheet and the score sheet.,MAG D,5629,Strongest Athletes Cup,2025,Kaan Goktekin,TUR,MAG,junior,FX,,,apparatus,final,4.2,False,1,suggestion_24acc4fe2fc39d19,athlete_name_correction,0.923,D-score athlete 'Kaan Goktekin' probably matches score-sheet athlete 'Kaan Göktekin'.,Strongest Athletes Cup,2025,Kaan Göktekin,TUR,MAG,junior,FX,,,apparatus,final,10.666,,MAG,5880,"[{""suggestion_id"": ""suggestion_24acc4fe2fc39d19"", ""suggestion_type"": ""athlete_name_correction"", ""confidence"": 0.923, ""message"": ""D-score athlete 'Kaan Goktekin' probably matches score-sheet athlete 'Kaan Göktekin'."", ""action"": ""attach_d_score_to_target_result"", ""changes"": {""athlete_name"": {""from"": ""Kaan Goktekin"", ""to"": ""Kaan Göktekin""}}, ""target_result"": {""event_name"": ""Strongest Athletes Cup"", ""year"": 2025, ""athlete_name"": ""Kaan Göktekin"", ""country"": ""TUR"", ""discipline"": ""MAG"", ""category"": ""junior"", ""apparatus"": ""FX"", ""vt_attempt"": null, ""day"": null, ""format"": ""apparatus"", ""round"": ""final"", ""score"": 10.666, ""D_score"": null, ""vault_attempt_order_uncertain"": false, ""source_sheet"": ""MAG"", ""source_row"": 5880, ""target_id"": ""target_f502d99ef6c3429f""}}]"
orphan_1f9fdb12c49d3134,possible_athlete_name_typo,review,Possible athlete-name typo between the D sheet and the score sheet.,MAG D,5629,Strongest Athletes Cup,2025,Kaan Goktekin,TUR,MAG,junior,HB,,,apparatus,final,2.5,False,1,suggestion_a8f97694fc0e6610,athlete_name_correction,0.923,D-score athlete 'Kaan Goktekin' probably matches score-sheet athlete 'Kaan Göktekin'.,Strongest Athletes Cup,2025,Kaan Göktekin,TUR,MAG,junior,HB,,,apparatus,final,11.4,,MAG,5880,"[{""suggestion_id"": ""suggestion_a8f97694fc0e6610"", ""suggestion_type"": ""athlete_name_correction"", ""confidence"": 0.923, ""message"": ""D-score athlete 'Kaan Goktekin' probably matches score-sheet athlete 'Kaan Göktekin'."", ""action"": ""attach_d_score_to_target_result"", ""changes"": {""athlete_name"": {""from"": ""Kaan Goktekin"", ""to"": ""Kaan Göktekin""}}, ""target_result"": {""event_name"": ""Strongest Athletes Cup"", ""year"": 2025, ""athlete_name"": ""Kaan Göktekin"", ""country"": ""TUR"", ""discipline"": ""MAG"", ""category"": ""junior"", ""apparatus"": ""HB"", ""vt_attempt"": null, ""day"": null, ""format"": ""apparatus"", ""round"": ""final"", ""score"": 11.4, ""D_score"": null, ""vault_attempt_order_uncertain"": false, ""source_sheet"": ""MAG"", ""source_row"": 5880, ""target_id"": ""target_0d91fde442703705""}}]"
orphan_637470ad6c0e9b82,possible_athlete_name_typo,review,Possible athlete-name typo between the D sheet and the score sheet.,MAG D,5629,Strongest Athletes Cup,2025,Kaan Goktekin,TUR,MAG,junior,PB,,,apparatus,final,2.5,False,1,suggestion_0d0e1a3fdb652b32,athlete_name_correction,0.923,D-score athlete 'Kaan Goktekin' probably matches score-sheet athlete 'Kaan Göktekin'.,Strongest Athletes Cup,2025,Kaan Göktekin,TUR,MAG,junior,PB,,,apparatus,final,10.9,,MAG,5880,"[{""suggestion_id"": ""suggestion_0d0e1a3fdb652b32"", ""suggestion_type"": ""athlete_name_correction"", ""confidence"": 0.923, ""message"": ""D-score athlete 'Kaan Goktekin' probably matches score-sheet athlete 'Kaan Göktekin'."", ""action"": ""attach_d_score_to_target_result"", ""changes"": {""athlete_name"": {""from"": ""Kaan Goktekin"", ""to"": ""Kaan Göktekin""}}, ""target_result"": {""event_name"": ""Strongest Athletes Cup"", ""year"": 2025, ""athlete_name"": ""Kaan Göktekin"", ""country"": ""TUR"", ""discipline"": ""MAG"", ""category"": ""junior"", ""apparatus"": ""PB"", ""vt_attempt"": null, ""day"": null, ""format"": ""apparatus"", ""round"": ""final"", ""score"": 10.9, ""D_score"": null, ""vault_attempt_order_uncertain"": false, ""source_sheet"": ""MAG"", ""source_row"": 5880, ""target_id"": ""target_84f95ea1adae499f""}}]"
orphan_d3ffeb7a687b27cd,possible_athlete_name_typo,review,Possible athlete-name typo between the D sheet and the score sheet.,MAG D,5629,Strongest Athletes Cup,2025,Kaan Goktekin,TUR,MAG,junior,PH,,,apparatus,final,3.1,False,1,suggestion_75d8f355e3ce04aa,athlete_name_correction,0.923,D-score athlete 'Kaan Goktekin' probably matches score-sheet athlete 'Kaan Göktekin'.,Strongest Athletes Cup,2025,Kaan Göktekin,TUR,MAG,junior,PH,,,apparatus,final,11.133,,MAG,5880,"[{""suggestion_id"": ""suggestion_75d8f355e3ce04aa"", ""suggestion_type"": ""athlete_name_correction"", ""confidence"": 0.923, ""message"": ""D-score athlete 'Kaan Goktekin' probably matches score-sheet athlete 'Kaan Göktekin'."", ""action"": ""attach_d_score_to_target_result"", ""changes"": {""athlete_name"": {""from"": ""Kaan Goktekin"", ""to"": ""Kaan Göktekin""}}, ""target_result"": {""event_name"": ""Strongest Athletes Cup"", ""year"": 2025, ""athlete_name"": ""Kaan Göktekin"", ""country"": ""TUR"", ""discipline"": ""MAG"", ""category"": ""junior"", ""apparatus"": ""PH"", ""vt_attempt"": null, ""day"": null, ""format"": ""apparatus"", ""round"": ""final"", ""score"": 11.133, ""D_score"": null, ""vault_attempt_order_uncertain"": false, ""source_sheet"": ""MAG"", ""source_row"": 5880, ""target_id"": ""target_5d1002d79cf330aa""}}]"
orphan_da6f508d3c399257,possible_athlete_name_typo,review,Possible athlete-name typo between the D sheet and the score sheet.,MAG D,5630,Strongest Athletes Cup,2025,Kaan Goktekin,TUR,MAG,junior,FX,,,individual,final,4.2,False,1,suggestion_ad9cb306c8ee60eb,athlete_name_correction,0.923,D-score athlete 'Kaan Goktekin' probably matches score-sheet athlete 'Kaan Göktekin'.,Strongest Athletes Cup,2025,Kaan Göktekin,TUR,MAG,junior,FX,,,individual,final,11.766,,MAG,5879,"[{""suggestion_id"": ""suggestion_ad9cb306c8ee60eb"", ""suggestion_type"": ""athlete_name_correction"", ""confidence"": 0.923, ""message"": ""D-score athlete 'Kaan Goktekin' probably matches score-sheet athlete 'Kaan Göktekin'."", ""action"": ""attach_d_score_to_target_result"", ""changes"": {""athlete_name"": {""from"": ""Kaan Goktekin"", ""to"": ""Kaan Göktekin""}}, ""target_result"": {""event_name"": ""Strongest Athletes Cup"", ""year"": 2025, ""athlete_name"": ""Kaan Göktekin"", ""country"": ""TUR"", ""discipline"": ""MAG"", ""category"": ""junior"", ""apparatus"": ""FX"", ""vt_attempt"": null, ""day"": null, ""format"": ""individual"", ""round"": ""final"", ""score"": 11.766, ""D_score"": null, ""vault_attempt_order_uncertain"": false, ""source_sheet"": ""MAG"", ""source_row"": 5879, ""target_id"": ""target_053a114aab51630c""}}]"
orphan_1450f05e00fbb0b9,possible_athlete_name_typo,review,Possible athlete-name typo between the D sheet and the score sheet.,MAG D,5630,Strongest Athletes Cup,2025,Kaan Goktekin,TUR,MAG,junior,HB,,,individual,final,2.5,False,1,suggestion_c670856d72358662,athlete_name_correction,0.923,D-score athlete 'Kaan Goktekin' probably matches score-sheet athlete 'Kaan Göktekin'.,Strongest Athletes Cup,2025,Kaan Göktekin,TUR,MAG,junior,HB,,,individual,final,11.4,,MAG,5879,"[{""suggestion_id"": ""suggestion_c670856d72358662"", ""suggestion_type"": ""athlete_name_correction"", ""confidence"": 0.923, ""message"": ""D-score athlete 'Kaan Goktekin' probably matches score-sheet athlete 'Kaan Göktekin'."", ""action"": ""attach_d_score_to_target_result"", ""changes"": {""athlete_name"": {""from"": ""Kaan Goktekin"", ""to"": ""Kaan Göktekin""}}, ""target_result"": {""event_name"": ""Strongest Athletes Cup"", ""year"": 2025, ""athlete_name"": ""Kaan Göktekin"", ""country"": ""TUR"", ""discipline"": ""MAG"", ""category"": ""junior"", ""apparatus"": ""HB"", ""vt_attempt"": null, ""day"": null, ""format"": ""individual"", ""round"": ""final"", ""score"": 11.4, ""D_score"": null, ""vault_attempt_order_uncertain"": false, ""source_sheet"": ""MAG"", ""source_row"": 5879, ""target_id"": ""target_72769dbe4d8b4442""}}]"
orphan_5d4622c42cd7e127,possible_athlete_name_typo,review,Possible athlete-name typo between the D sheet and the score sheet.,MAG D,5630,Strongest Athletes Cup,2025,Kaan Goktekin,TUR,MAG,junior,PB,,,individual,final,2.6,False,1,suggestion_81f89f840f9da0a6,athlete_name_correction,0.923,D-score athlete 'Kaan Goktekin' probably matches score-sheet athlete 'Kaan Göktekin'.,Strongest Athletes Cup,2025,Kaan Göktekin,TUR,MAG,junior,PB,,,individual,final,9.3,,MAG,5879,"[{""suggestion_id"": ""suggestion_81f89f840f9da0a6"", ""suggestion_type"": ""athlete_name_correction"", ""confidence"": 0.923, ""message"": ""D-score athlete 'Kaan Goktekin' probably matches score-sheet athlete 'Kaan Göktekin'."", ""action"": ""attach_d_score_to_target_result"", ""changes"": {""athlete_name"": {""from"": ""Kaan Goktekin"", ""to"": ""Kaan Göktekin""}}, ""target_result"": {""event_name"": ""Strongest Athletes Cup"", ""year"": 2025, ""athlete_name"": ""Kaan Göktekin"", ""country"": ""TUR"", ""discipline"": ""MAG"", ""category"": ""junior"", ""apparatus"": ""PB"", ""vt_attempt"": null, ""day"": null, ""format"": ""individual"", ""round"": ""final"", ""score"": 9.3, ""D_score"": null, ""vault_attempt_order_uncertain"": false, ""source_sheet"": ""MAG"", ""source_row"": 5879, ""target_id"": ""target_2532fe894e6368f5""}}]"
orphan_b73e0799786e9538,possible_athlete_name_typo,review,Possible athlete-name typo between the D sheet and the score sheet.,MAG D,5630,Strongest Athletes Cup,2025,Kaan Goktekin,TUR,MAG,junior,PH,,,individual,final,3.0,False,1,suggestion_9463f23b7818ff1d,athlete_name_correction,0.923,D-score athlete 'Kaan Goktekin' probably matches score-sheet athlete 'Kaan Göktekin'.,Strongest Athletes Cup,2025,Kaan Göktekin,TUR,MAG,junior,PH,,,individual,final,9.933,,MAG,5879,"[{""suggestion_id"": ""suggestion_9463f23b7818ff1d"", ""suggestion_type"": ""athlete_name_correction"", ""confidence"": 0.923, ""message"": ""D-score athlete 'Kaan Goktekin' probably matches score-sheet athlete 'Kaan Göktekin'."", ""action"": ""attach_d_score_to_target_result"", ""changes"": {""athlete_name"": {""from"": ""Kaan Goktekin"", ""to"": ""Kaan Göktekin""}}, ""target_result"": {""event_name"": ""Strongest Athletes Cup"", ""year"": 2025, ""athlete_name"": ""Kaan Göktekin"", ""country"": ""TUR"", ""discipline"": ""MAG"", ""category"": ""junior"", ""apparatus"": ""PH"", ""vt_attempt"": null, ""day"": null, ""format"": ""individual"", ""round"": ""final"", ""score"": 9.933, ""D_score"": null, ""vault_attempt_order_uncertain"": false, ""source_sheet"": ""MAG"", ""source_row"": 5879, ""target_id"": ""target_0ebe9d335de5a820""}}]"
orphan_650cfe23e0f02200,possible_athlete_name_typo,review,Possible athlete-name typo between the D sheet and the score sheet.,MAG D,5630,Strongest Athletes Cup,2025,Kaan Goktekin,TUR,MAG,junior,SR,,,individual,final,1.9,False,1,suggestion_99309b422cc332f8,athlete_name_correction,0.923,D-score athlete 'Kaan Goktekin' probably matches score-sheet athlete 'Kaan Göktekin'.,Strongest Athletes Cup,2025,Kaan Göktekin,TUR,MAG,junior,SR,,,individual,final,8.333,,MAG,5879,"[{""suggestion_id"": ""suggestion_99309b422cc332f8"", ""suggestion_type"": ""athlete_name_correction"", ""confidence"": 0.923, ""message"": ""D-score athlete 'Kaan Goktekin' probably matches score-sheet athlete 'Kaan Göktekin'."", ""action"": ""attach_d_score_to_target_result"", ""changes"": {""athlete_name"": {""from"": ""Kaan Goktekin"", ""to"": ""Kaan Göktekin""}}, ""target_result"": {""event_name"": ""Strongest Athletes Cup"", ""year"": 2025, ""athlete_name"": ""Kaan Göktekin"", ""country"": ""TUR"", ""discipline"": ""MAG"", ""category"": ""junior"", ""apparatus"": ""SR"", ""vt_attempt"": null, ""day"": null, ""format"": ""individual"", ""round"": ""final"", ""score"": 8.333, ""D_score"": null, ""vault_attempt_order_uncertain"": false, ""source_sheet"": ""MAG"", ""source_row"": 5879, ""target_id"": ""target_6ed54e807100c9bd""}}]"
orphan_e6dd34f89fef2399,possible_athlete_name_typo,review,Possible athlete-name typo between the D sheet and the score sheet.,MAG D,5630,Strongest Athletes Cup,2025,Kaan Goktekin,TUR,MAG,junior,VT,1,,individual,final,3.6,True,1,suggestion_94f4f4f29d9efca2,athlete_name_correction,0.923,D-score athlete 'Kaan Goktekin' probably matches score-sheet athlete 'Kaan Göktekin'.,Strongest Athletes Cup,2025,Kaan Göktekin,TUR,MAG,junior,VT,1,,individual,final,11.833,,MAG,5879,"[{""suggestion_id"": ""suggestion_94f4f4f29d9efca2"", ""suggestion_type"": ""athlete_name_correction"", ""confidence"": 0.923, ""message"": ""D-score athlete 'Kaan Goktekin' probably matches score-sheet athlete 'Kaan Göktekin'."", ""action"": ""attach_d_score_to_target_result"", ""changes"": {""athlete_name"": {""from"": ""Kaan Goktekin"", ""to"": ""Kaan Göktekin""}}, ""target_result"": {""event_name"": ""Strongest Athletes Cup"", ""year"": 2025, ""athlete_name"": ""Kaan Göktekin"", ""country"": ""TUR"", ""discipline"": ""MAG"", ""category"": ""junior"", ""apparatus"": ""VT"", ""vt_attempt"": 1, ""day"": null, ""format"": ""individual"", ""round"": ""final"", ""score"": 11.833, ""D_score"": null, ""vault_attempt_order_uncertain"": true, ""source_sheet"": ""MAG"", ""source_row"": 5879, ""target_id"": ""target_03ce53b284012ef3""}}]"
orphan_01ebe5d020cdf8f9,athlete_missing_in_score_sheet,review,"The event/apparatus/context exists, but this athlete is missing in the score sheet.",MAG D,5750,Asian Championships,2025,Karl Yulo,PHI,MAG,senior,FX,,,apparatus,final,5.3,False,0,,,,,,,,,,,,,,,,,,,,[]
orphan_376ea14b3596ea8b,athlete_missing_in_score_sheet,review,"The event/apparatus/context exists, but this athlete is missing in the score sheet.",MAG D,5750,Asian Championships,2025,Karl Yulo,PHI,MAG,senior,HB,,,apparatus,final,4.5,False,0,,,,,,,,,,,,,,,,,,,,[]
orphan_06fadd927db4a52f,athlete_missing_in_score_sheet,review,"The event/apparatus/context exists, but this athlete is missing in the score sheet.",MAG D,5750,Asian Championships,2025,Karl Yulo,PHI,MAG,senior,PH,,,apparatus,final,4.5,False,0,,,,,,,,,,,,,,,,,,,,[]
orphan_ca338fa9ed71cb31,athlete_missing_in_score_sheet,review,"The event/apparatus/context exists, but this athlete is missing in the score sheet.",MAG D,5750,Asian Championships,2025,Karl Yulo,PHI,MAG,senior,VT,1,,apparatus,final,4.8,True,0,,,,,,,,,,,,,,,,,,,,[]
orphan_0ea9770bb21ad9a2,athlete_missing_in_score_sheet,review,"The event/apparatus/context exists, but this athlete is missing in the score sheet.",MAG D,5750,Asian Championships,2025,Karl Yulo,PHI,MAG,senior,VT,2,,apparatus,final,4.4,True,0,,,,,,,,,,,,,,,,,,,,[]
orphan_8131c99ad8ae4504,athlete_missing_in_score_sheet,review,"The event/apparatus/context exists, but this athlete is missing in the score sheet.",MAG D,5751,Asian Championships,2025,Karl Yulo,PHI,MAG,junior,FX,,,individual,final,5.1,False,0,,,,,,,,,,,,,,,,,,,,[]
orphan_5957d47b987db45d,athlete_missing_in_score_sheet,review,"The event/apparatus/context exists, but this athlete is missing in the score sheet.",MAG D,5751,Asian Championships,2025,Karl Yulo,PHI,MAG,junior,HB,,,individual,final,4.5,False,0,,,,,,,,,,,,,,,,,,,,[]
orphan_2d599d45708443a3,athlete_missing_in_score_sheet,review,"The event/apparatus/context exists, but this athlete is missing in the score sheet.",MAG D,5751,Asian Championships,2025,Karl Yulo,PHI,MAG,junior,PB,,,individual,final,4.3,False,0,,,,,,,,,,,,,,,,,,,,[]
orphan_bfdcdf31d1c96fa3,athlete_missing_in_score_sheet,review,"The event/apparatus/context exists, but this athlete is missing in the score sheet.",MAG D,5751,Asian Championships,2025,Karl Yulo,PHI,MAG,junior,PH,,,individual,final,4.2,False,0,,,,,,,,,,,,,,,,,,,,[]
orphan_814aff00d6111e02,athlete_missing_in_score_sheet,review,"The event/apparatus/context exists, but this athlete is missing in the score sheet.",MAG D,5751,Asian Championships,2025,Karl Yulo,PHI,MAG,junior,SR,,,individual,final,3.5,False,0,,,,,,,,,,,,,,,,,,,,[]
orphan_6005593e32c7cd08,athlete_missing_in_score_sheet,review,"The event/apparatus/context exists, but this athlete is missing in the score sheet.",MAG D,5751,Asian Championships,2025,Karl Yulo,PHI,MAG,junior,VT,1,,individual,final,4.8,True,0,,,,,,,,,,,,,,,,,,,,[]
orphan_3469de6b2e453b50,athlete_missing_in_score_sheet,review,"The event/apparatus/context exists, but this athlete is missing in the score sheet.",MAG D,5751,Asian Championships,2025,Karl Yulo,PHI,MAG,junior,VT,2,,individual,final,4.4,True,0,,,,,,,,,,,,,,,,,,,,[]
orphan_4ccc069f92076c9e,missing_final_score_for_context,review,"The athlete/event exists, but not this apparatus/context.",MAG D,5905,Indian National Games,2025,Keshav Parmar,IND,MAG,senior,VT,2,,individual,qualification,2.8,True,0,,,,,,,,,,,,,,,,,,,,[]
orphan_33511e0ffc35290f,missing_final_score_for_context,review,"The athlete/event exists, but not this apparatus/context.",MAG D,5966,All-Japan Championships,2025,Kiichi Kaneta,JPN,MAG,senior,PH,,,individual,qualification,5.3,False,0,,,,,,,,,,,,,,,,,,,,[]
orphan_577ab6fd94143e77,athlete_missing_in_score_sheet,review,"The event/apparatus/context exists, but this athlete is missing in the score sheet.",MAG D,6110,7th Bundesliga,2025,Kimi Köhnlein,GER,MAG,senior,FX,,,individual,final,4.9,False,0,,,,,,,,,,,,,,,,,,,,[]
orphan_89a7ea1cad2307f6,athlete_missing_in_score_sheet,review,"The event/apparatus/context exists, but this athlete is missing in the score sheet.",MAG D,6110,7th Bundesliga,2025,Kimi Köhnlein,GER,MAG,senior,SR,,,individual,final,3.6,False,0,,,,,,,,,,,,,,,,,,,,[]
orphan_f35f9f3e79e9347e,athlete_missing_in_score_sheet,review,"The event/apparatus/context exists, but this athlete is missing in the score sheet.",MAG D,6110,7th Bundesliga,2025,Kimi Köhnlein,GER,MAG,senior,VT,1,,individual,final,4.4,True,0,,,,,,,,,,,,,,,,,,,,[]
orphan_4a671ab9babf8e41,missing_final_score_for_context,review,"The athlete/event exists, but not this apparatus/context.",MAG D,6251,Indian National Games,2025,Krishna Kumar,IND,MAG,senior,VT,2,,individual,qualification,2.8,True,0,,,,,,,,,,,,,,,,,,,,[]
orphan_eaa7abb736370b05,missing_final_score_for_context,review,"The athlete/event exists, but not this apparatus/context.",MAG D,6546,Champion's Cup,2025,Leonardo Leonti,ITA,MAG,senior,VT,2,,individual,final,2.0,True,0,,,,,,,,,,,,,,,,,,,,[]
orphan_e335bc01bf097f04,missing_final_score_for_context,review,"The athlete/event exists, but not this apparatus/context.",MAG D,6574,Osijek World Cup,2025,Levan Skhiladze,GEO,MAG,senior,PB,,,individual,qualification,3.7,False,0,,,,,,,,,,,,,,,,,,,,[]
orphan_4cf26ba02efb8137,missing_final_score_for_context,review,"The athlete/event exists, but not this apparatus/context.",MAG D,6828,Dutch Championships,2025,Loran de Munck,NED,MAG,senior,HB,,,individual,final,5.1,False,0,,,,,,,,,,,,,,,,,,,,[]
orphan_5760dca1fdeca4a3,possible_context_mismatch,review,"Possible format, round, or day mismatch.",MAG D,6883,Champion's Cup,2025,Lorenzo Santandrea,ITA,MAG,junior,VT,2,,individual,final,3.6,True,1,suggestion_4d639d5d75e64480,context_correction,0.65,"Same athlete/event/apparatus exists in the score sheet, but format, round, or day is different.",Champion's Cup,2025,Lorenzo Santandrea,ITA,MAG,junior,VT,2,,apparatus,final,13.1,3.6,MAG,7199,"[{""suggestion_id"": ""suggestion_4d639d5d75e64480"", ""suggestion_type"": ""context_correction"", ""confidence"": 0.65, ""message"": ""Same athlete/event/apparatus exists in the score sheet, but format, round, or day is different."", ""action"": ""attach_d_score_to_target_result"", ""changes"": {""format"": {""from"": ""individual"", ""to"": ""apparatus""}, ""round"": {""from"": ""final"", ""to"": ""final""}, ""day"": {""from"": null, ""to"": null}}, ""target_result"": {""event_name"": ""Champion's Cup"", ""year"": 2025, ""athlete_name"": ""Lorenzo Santandrea"", ""country"": ""ITA"", ""discipline"": ""MAG"", ""category"": ""junior"", ""apparatus"": ""VT"", ""vt_attempt"": 2, ""day"": null, ""format"": ""apparatus"", ""round"": ""final"", ""score"": 13.1, ""D_score"": 3.6, ""vault_attempt_order_uncertain"": true, ""source_sheet"": ""MAG"", ""source_row"": 7199, ""target_id"": ""target_e4fbb8786e79fe8c""}}]"
orphan_0d580656ad9f590e,possible_context_mismatch,review,"Possible format, round, or day mismatch.",MAG D,6989,Austrian Championships,2025,Luca Hagen,AUT,MAG,junior,VT,1,,apparatus,final,4.8,True,1,suggestion_802b2fb506aedc4d,context_correction,0.65,"Same athlete/event/apparatus exists in the score sheet, but format, round, or day is different.",Austrian Championships,2025,Luca Hagen,AUT,MAG,junior,VT,1,,individual,final,13.3,4.4,MAG,7303,"[{""suggestion_id"": ""suggestion_802b2fb506aedc4d"", ""suggestion_type"": ""context_correction"", ""confidence"": 0.65, ""message"": ""Same athlete/event/apparatus exists in the score sheet, but format, round, or day is different."", ""action"": ""attach_d_score_to_target_result"", ""changes"": {""format"": {""from"": ""apparatus"", ""to"": ""individual""}, ""round"": {""from"": ""final"", ""to"": ""final""}, ""day"": {""from"": null, ""to"": null}}, ""target_result"": {""event_name"": ""Austrian Championships"", ""year"": 2025, ""athlete_name"": ""Luca Hagen"", ""country"": ""AUT"", ""discipline"": ""MAG"", ""category"": ""junior"", ""apparatus"": ""VT"", ""vt_attempt"": 1, ""day"": null, ""format"": ""individual"", ""round"": ""final"", ""score"": 13.3, ""D_score"": 4.4, ""vault_attempt_order_uncertain"": true, ""source_sheet"": ""MAG"", ""source_row"": 7303, ""target_id"": ""target_d6fe2609587ceb5d""}}]"
orphan_dfb1b6a31862c49f,possible_context_mismatch,review,"Possible format, round, or day mismatch.",MAG D,6989,Austrian Championships,2025,Luca Hagen,AUT,MAG,junior,VT,2,,apparatus,final,4.4,True,1,suggestion_0d4f63ce76cfc279,context_correction,0.65,"Same athlete/event/apparatus exists in the score sheet, but format, round, or day is different.",Austrian Championships,2025,Luca Hagen,AUT,MAG,junior,VT,2,,individual,final,12.468,4.8,MAG,7303,"[{""suggestion_id"": ""suggestion_0d4f63ce76cfc279"", ""suggestion_type"": ""context_correction"", ""confidence"": 0.65, ""message"": ""Same athlete/event/apparatus exists in the score sheet, but format, round, or day is different."", ""action"": ""attach_d_score_to_target_result"", ""changes"": {""format"": {""from"": ""apparatus"", ""to"": ""individual""}, ""round"": {""from"": ""final"", ""to"": ""final""}, ""day"": {""from"": null, ""to"": null}}, ""target_result"": {""event_name"": ""Austrian Championships"", ""year"": 2025, ""athlete_name"": ""Luca Hagen"", ""country"": ""AUT"", ""discipline"": ""MAG"", ""category"": ""junior"", ""apparatus"": ""VT"", ""vt_attempt"": 2, ""day"": null, ""format"": ""individual"", ""round"": ""final"", ""score"": 12.468, ""D_score"": 4.8, ""vault_attempt_order_uncertain"": true, ""source_sheet"": ""MAG"", ""source_row"": 7303, ""target_id"": ""target_ee0d3f76b4868a4a""}}]"
orphan_46f85c71a3ed22f3,possible_context_mismatch,review,"Possible format, round, or day mismatch.",MAG D,6997,Champion's Cup,2025,Luca Lino Garza,ITA,MAG,senior,VT,2,,individual,final,4.4,True,1,suggestion_c51e6eca2be56349,context_correction,0.65,"Same athlete/event/apparatus exists in the score sheet, but format, round, or day is different.",Champion's Cup,2025,Luca Lino Garza,ITA,MAG,senior,VT,2,,apparatus,final,13.0,4.4,MAG,7313,"[{""suggestion_id"": ""suggestion_c51e6eca2be56349"", ""suggestion_type"": ""context_correction"", ""confidence"": 0.65, ""message"": ""Same athlete/event/apparatus exists in the score sheet, but format, round, or day is different."", ""action"": ""attach_d_score_to_target_result"", ""changes"": {""format"": {""from"": ""individual"", ""to"": ""apparatus""}, ""round"": {""from"": ""final"", ""to"": ""final""}, ""day"": {""from"": null, ""to"": null}}, ""target_result"": {""event_name"": ""Champion's Cup"", ""year"": 2025, ""athlete_name"": ""Luca Lino Garza"", ""country"": ""ITA"", ""discipline"": ""MAG"", ""category"": ""senior"", ""apparatus"": ""VT"", ""vt_attempt"": 2, ""day"": null, ""format"": ""apparatus"", ""round"": ""final"", ""score"": 13.0, ""D_score"": 4.4, ""vault_attempt_order_uncertain"": true, ""source_sheet"": ""MAG"", ""source_row"": 7313, ""target_id"": ""target_a23c0753be386eb1""}}]"
orphan_4641d9f397e19b41,missing_final_score_for_context,review,"The athlete/event exists, but not this apparatus/context.",MAG D,7028,Champion's Cup,2025,Luca Todesco,ITA,MAG,senior,VT,2,,individual,final,1.8,True,0,,,,,,,,,,,,,,,,,,,,[]
orphan_74ec6f47c16f26d8,possible_context_mismatch,review,"Possible format, round, or day mismatch.",MAG D,7232,Dutch Championships,2025,Luuk Huernink,NED,MAG,senior,PH,,,apparatus,final,4.4,False,1,suggestion_37a7d68c84fb4765,context_correction,0.65,"Same athlete/event/apparatus exists in the score sheet, but format, round, or day is different.",Dutch Championships,2025,Luuk Huernink,NED,MAG,senior,PH,,,individual,final,13.2,4.4,MAG,7553,"[{""suggestion_id"": ""suggestion_37a7d68c84fb4765"", ""suggestion_type"": ""context_correction"", ""confidence"": 0.65, ""message"": ""Same athlete/event/apparatus exists in the score sheet, but format, round, or day is different."", ""action"": ""attach_d_score_to_target_result"", ""changes"": {""format"": {""from"": ""apparatus"", ""to"": ""individual""}, ""round"": {""from"": ""final"", ""to"": ""final""}, ""day"": {""from"": null, ""to"": null}}, ""target_result"": {""event_name"": ""Dutch Championships"", ""year"": 2025, ""athlete_name"": ""Luuk Huernink"", ""country"": ""NED"", ""discipline"": ""MAG"", ""category"": ""senior"", ""apparatus"": ""PH"", ""vt_attempt"": null, ""day"": null, ""format"": ""individual"", ""round"": ""final"", ""score"": 13.2, ""D_score"": 4.4, ""vault_attempt_order_uncertain"": false, ""source_sheet"": ""MAG"", ""source_row"": 7553, ""target_id"": ""target_7b1b094f6d11853d""}}]"
orphan_a5eca66a9a1da285,possible_context_mismatch,review,"Possible format, round, or day mismatch.",MAG D,7348,Champion's Cup,2025,Manolo Grasso,ITA,MAG,junior,VT,2,,individual,final,3.6,True,1,suggestion_ad238146d2fad5ee,context_correction,0.65,"Same athlete/event/apparatus exists in the score sheet, but format, round, or day is different.",Champion's Cup,2025,Manolo Grasso,ITA,MAG,junior,VT,2,,apparatus,final,12.7,4.4,MAG,7680,"[{""suggestion_id"": ""suggestion_ad238146d2fad5ee"", ""suggestion_type"": ""context_correction"", ""confidence"": 0.65, ""message"": ""Same athlete/event/apparatus exists in the score sheet, but format, round, or day is different."", ""action"": ""attach_d_score_to_target_result"", ""changes"": {""format"": {""from"": ""individual"", ""to"": ""apparatus""}, ""round"": {""from"": ""final"", ""to"": ""final""}, ""day"": {""from"": null, ""to"": null}}, ""target_result"": {""event_name"": ""Champion's Cup"", ""year"": 2025, ""athlete_name"": ""Manolo Grasso"", ""country"": ""ITA"", ""discipline"": ""MAG"", ""category"": ""junior"", ""apparatus"": ""VT"", ""vt_attempt"": 2, ""day"": null, ""format"": ""apparatus"", ""round"": ""final"", ""score"": 12.7, ""D_score"": 4.4, ""vault_attempt_order_uncertain"": true, ""source_sheet"": ""MAG"", ""source_row"": 7680, ""target_id"": ""target_70713eb13b30d1c7""}}]"
orphan_889f3b5afbc08fd8,missing_final_score_for_context,review,"The athlete/event exists, but not this apparatus/context.",MAG D,7353,2nd Italian Serie A,2025,Manrique Larduet,CUB,MAG,senior,PH,,,individual,final,5.2,False,0,,,,,,,,,,,,,,,,,,,,[]
orphan_d6551b408cdb0323,missing_final_score_for_context,review,"The athlete/event exists, but not this apparatus/context.",MAG D,7419,Champion's Cup,2025,Marco Battaglia,ITA,MAG,junior,VT,2,,individual,final,1.8,True,0,,,,,,,,,,,,,,,,,,,,[]
orphan_28a78073e80100f8,possible_context_mismatch,review,"Possible format, round, or day mismatch.",MAG D,7554,Austrian Championships,2025,Martin Miggitsch,AUT,MAG,senior,VT,1,,apparatus,final,4.8,True,1,suggestion_4b4786db893aaa4b,context_correction,0.65,"Same athlete/event/apparatus exists in the score sheet, but format, round, or day is different.",Austrian Championships,2025,Martin Miggitsch,AUT,MAG,senior,VT,1,,individual,final,13.167,4.4,MAG,7878,"[{""suggestion_id"": ""suggestion_4b4786db893aaa4b"", ""suggestion_type"": ""context_correction"", ""confidence"": 0.65, ""message"": ""Same athlete/event/apparatus exists in the score sheet, but format, round, or day is different."", ""action"": ""attach_d_score_to_target_result"", ""changes"": {""format"": {""from"": ""apparatus"", ""to"": ""individual""}, ""round"": {""from"": ""final"", ""to"": ""final""}, ""day"": {""from"": null, ""to"": null}}, ""target_result"": {""event_name"": ""Austrian Championships"", ""year"": 2025, ""athlete_name"": ""Martin Miggitsch"", ""country"": ""AUT"", ""discipline"": ""MAG"", ""category"": ""senior"", ""apparatus"": ""VT"", ""vt_attempt"": 1, ""day"": null, ""format"": ""individual"", ""round"": ""final"", ""score"": 13.167, ""D_score"": 4.4, ""vault_attempt_order_uncertain"": true, ""source_sheet"": ""MAG"", ""source_row"": 7878, ""target_id"": ""target_e2133900daff4042""}}]"
orphan_807c46ee080673fd,possible_context_mismatch,review,"Possible format, round, or day mismatch.",MAG D,7554,Austrian Championships,2025,Martin Miggitsch,AUT,MAG,senior,VT,2,,apparatus,final,4.4,True,1,suggestion_846180983e3dcf3b,context_correction,0.65,"Same athlete/event/apparatus exists in the score sheet, but format, round, or day is different.",Austrian Championships,2025,Martin Miggitsch,AUT,MAG,senior,VT,2,,individual,final,11.733,2.4,MAG,7878,"[{""suggestion_id"": ""suggestion_846180983e3dcf3b"", ""suggestion_type"": ""context_correction"", ""confidence"": 0.65, ""message"": ""Same athlete/event/apparatus exists in the score sheet, but format, round, or day is different."", ""action"": ""attach_d_score_to_target_result"", ""changes"": {""format"": {""from"": ""apparatus"", ""to"": ""individual""}, ""round"": {""from"": ""final"", ""to"": ""final""}, ""day"": {""from"": null, ""to"": null}}, ""target_result"": {""event_name"": ""Austrian Championships"", ""year"": 2025, ""athlete_name"": ""Martin Miggitsch"", ""country"": ""AUT"", ""discipline"": ""MAG"", ""category"": ""senior"", ""apparatus"": ""VT"", ""vt_attempt"": 2, ""day"": null, ""format"": ""individual"", ""round"": ""final"", ""score"": 11.733, ""D_score"": 2.4, ""vault_attempt_order_uncertain"": true, ""source_sheet"": ""MAG"", ""source_row"": 7878, ""target_id"": ""target_9a9fbaab68b0fb5a""}}]"
orphan_a0f40c70859ee63f,possible_context_mismatch,review,"Possible format, round, or day mismatch.",MAG D,7572,Austrian Championships,2025,Martin Wolf,AUT,MAG,senior,VT,1,,apparatus,final,4.4,True,1,suggestion_47c4a97c2810570f,context_correction,0.65,"Same athlete/event/apparatus exists in the score sheet, but format, round, or day is different.",Austrian Championships,2025,Martin Wolf,AUT,MAG,senior,VT,1,,individual,final,12.533,4.4,MAG,7903,"[{""suggestion_id"": ""suggestion_47c4a97c2810570f"", ""suggestion_type"": ""context_correction"", ""confidence"": 0.65, ""message"": ""Same athlete/event/apparatus exists in the score sheet, but format, round, or day is different."", ""action"": ""attach_d_score_to_target_result"", ""changes"": {""format"": {""from"": ""apparatus"", ""to"": ""individual""}, ""round"": {""from"": ""final"", ""to"": ""final""}, ""day"": {""from"": null, ""to"": null}}, ""target_result"": {""event_name"": ""Austrian Championships"", ""year"": 2025, ""athlete_name"": ""Martin Wolf"", ""country"": ""AUT"", ""discipline"": ""MAG"", ""category"": ""senior"", ""apparatus"": ""VT"", ""vt_attempt"": 1, ""day"": null, ""format"": ""individual"", ""round"": ""final"", ""score"": 12.533, ""D_score"": 4.4, ""vault_attempt_order_uncertain"": true, ""source_sheet"": ""MAG"", ""source_row"": 7903, ""target_id"": ""target_e27ffe24c5b61085""}}]"
orphan_41e370d7fadc1d71,possible_context_mismatch,review,"Possible format, round, or day mismatch.",MAG D,7572,Austrian Championships,2025,Martin Wolf,AUT,MAG,senior,VT,2,,apparatus,final,2.4,True,1,suggestion_d7d2d46047ec539e,context_correction,0.65,"Same athlete/event/apparatus exists in the score sheet, but format, round, or day is different.",Austrian Championships,2025,Martin Wolf,AUT,MAG,senior,VT,2,,individual,final,11.233,2.4,MAG,7903,"[{""suggestion_id"": ""suggestion_d7d2d46047ec539e"", ""suggestion_type"": ""context_correction"", ""confidence"": 0.65, ""message"": ""Same athlete/event/apparatus exists in the score sheet, but format, round, or day is different."", ""action"": ""attach_d_score_to_target_result"", ""changes"": {""format"": {""from"": ""apparatus"", ""to"": ""individual""}, ""round"": {""from"": ""final"", ""to"": ""final""}, ""day"": {""from"": null, ""to"": null}}, ""target_result"": {""event_name"": ""Austrian Championships"", ""year"": 2025, ""athlete_name"": ""Martin Wolf"", ""country"": ""AUT"", ""discipline"": ""MAG"", ""category"": ""senior"", ""apparatus"": ""VT"", ""vt_attempt"": 2, ""day"": null, ""format"": ""individual"", ""round"": ""final"", ""score"": 11.233, ""D_score"": 2.4, ""vault_attempt_order_uncertain"": true, ""source_sheet"": ""MAG"", ""source_row"": 7903, ""target_id"": ""target_74a2b31c86c4f391""}}]"
orphan_6f6c7c55fcfedb59,missing_final_score_for_context,review,"The athlete/event exists, but not this apparatus/context.",MAG D,7694,Croatian Event Championships,2025,Matija Zarkovic,CRO,MAG,junior,VT,2,,individual,final,2.0,True,0,,,,,,,,,,,,,,,,,,,,[]
orphan_fb8852142f1f7246,missing_final_score_for_context,review,"The athlete/event exists, but not this apparatus/context.",MAG D,7727,Champion's Cup,2025,Matteo Senese,ITA,MAG,junior,VT,2,,individual,final,1.8,True,0,,,,,,,,,,,,,,,,,,,,[]
orphan_008e8ea0dcff0de4,missing_final_score_for_context,review,"The athlete/event exists, but not this apparatus/context.",MAG D,7748,Champion's Cup,2025,Mattia Ghezzi,ITA,MAG,junior,VT,2,,individual,final,2.4,True,0,,,,,,,,,,,,,,,,,,,,[]
orphan_80a8837683311b59,missing_final_score_for_context,review,"The athlete/event exists, but not this apparatus/context.",MAG D,7827,Wase Gymcup,2025,Max Pennings,NED,MAG,senior,HB,,,individual,final,2.7,False,0,,,,,,,,,,,,,,,,,,,,[]
orphan_ac7e722c65477eb0,possible_context_mismatch,review,"Possible format, round, or day mismatch.",MAG D,7862,Austrian Championships,2025,Maximilian Chanterie,AUT,MAG,senior,VT,1,,apparatus,final,2.8,True,1,suggestion_a14cccee94338a56,context_correction,0.65,"Same athlete/event/apparatus exists in the score sheet, but format, round, or day is different.",Austrian Championships,2025,Maximilian Chanterie,AUT,MAG,senior,VT,1,,individual,final,11.767,2.8,MAG,8200,"[{""suggestion_id"": ""suggestion_a14cccee94338a56"", ""suggestion_type"": ""context_correction"", ""confidence"": 0.65, ""message"": ""Same athlete/event/apparatus exists in the score sheet, but format, round, or day is different."", ""action"": ""attach_d_score_to_target_result"", ""changes"": {""format"": {""from"": ""apparatus"", ""to"": ""individual""}, ""round"": {""from"": ""final"", ""to"": ""final""}, ""day"": {""from"": null, ""to"": null}}, ""target_result"": {""event_name"": ""Austrian Championships"", ""year"": 2025, ""athlete_name"": ""Maximilian Chanterie"", ""country"": ""AUT"", ""discipline"": ""MAG"", ""category"": ""senior"", ""apparatus"": ""VT"", ""vt_attempt"": 1, ""day"": null, ""format"": ""individual"", ""round"": ""final"", ""score"": 11.767, ""D_score"": 2.8, ""vault_attempt_order_uncertain"": true, ""source_sheet"": ""MAG"", ""source_row"": 8200, ""target_id"": ""target_640b93ec20b4fa84""}}]"
orphan_bfb2bdc86dd30880,possible_context_mismatch,review,"Possible format, round, or day mismatch.",MAG D,7862,Austrian Championships,2025,Maximilian Chanterie,AUT,MAG,senior,VT,2,,apparatus,final,1.2,True,1,suggestion_8e78f95382f35b7c,context_correction,0.65,"Same athlete/event/apparatus exists in the score sheet, but format, round, or day is different.",Austrian Championships,2025,Maximilian Chanterie,AUT,MAG,senior,VT,2,,individual,final,10.767,1.2,MAG,8200,"[{""suggestion_id"": ""suggestion_8e78f95382f35b7c"", ""suggestion_type"": ""context_correction"", ""confidence"": 0.65, ""message"": ""Same athlete/event/apparatus exists in the score sheet, but format, round, or day is different."", ""action"": ""attach_d_score_to_target_result"", ""changes"": {""format"": {""from"": ""apparatus"", ""to"": ""individual""}, ""round"": {""from"": ""final"", ""to"": ""final""}, ""day"": {""from"": null, ""to"": null}}, ""target_result"": {""event_name"": ""Austrian Championships"", ""year"": 2025, ""athlete_name"": ""Maximilian Chanterie"", ""country"": ""AUT"", ""discipline"": ""MAG"", ""category"": ""senior"", ""apparatus"": ""VT"", ""vt_attempt"": 2, ""day"": null, ""format"": ""individual"", ""round"": ""final"", ""score"": 10.767, ""D_score"": 1.2, ""vault_attempt_order_uncertain"": true, ""source_sheet"": ""MAG"", ""source_row"": 8200, ""target_id"": ""target_12391a085baae08f""}}]"
orphan_da7ad9c9c0c7d1ba,possible_context_mismatch,review,"Possible format, round, or day mismatch.",MAG D,7950,Tashkent Challenge Cup,2025,Mert Öztürk,GER,MAG,senior,HB,,,apparatus,final,3.9,False,1,suggestion_f4f218051b8d4666,context_correction,0.65,"Same athlete/event/apparatus exists in the score sheet, but format, round, or day is different.",Tashkent Challenge Cup,2025,Mert Öztürk,GER,MAG,senior,HB,,,individual,qualification,11.25,4.2,MAG,8295,"[{""suggestion_id"": ""suggestion_f4f218051b8d4666"", ""suggestion_type"": ""context_correction"", ""confidence"": 0.65, ""message"": ""Same athlete/event/apparatus exists in the score sheet, but format, round, or day is different."", ""action"": ""attach_d_score_to_target_result"", ""changes"": {""format"": {""from"": ""apparatus"", ""to"": ""individual""}, ""round"": {""from"": ""final"", ""to"": ""qualification""}, ""day"": {""from"": null, ""to"": null}}, ""target_result"": {""event_name"": ""Tashkent Challenge Cup"", ""year"": 2025, ""athlete_name"": ""Mert Öztürk"", ""country"": ""GER"", ""discipline"": ""MAG"", ""category"": ""senior"", ""apparatus"": ""HB"", ""vt_attempt"": null, ""day"": null, ""format"": ""individual"", ""round"": ""qualification"", ""score"": 11.25, ""D_score"": 4.2, ""vault_attempt_order_uncertain"": false, ""source_sheet"": ""MAG"", ""source_row"": 8295, ""target_id"": ""target_f8e82a4e10eca3e8""}}]"
orphan_9ae0043014ec69e3,missing_final_score_for_context,review,"The athlete/event exists, but not this apparatus/context.",MAG D,8006,Champion's Cup,2025,Michele Affinita,ITA,MAG,junior,VT,2,,individual,final,2.4,True,0,,,,,,,,,,,,,,,,,,,,[]
orphan_811cd7b24611a1ee,missing_final_score_for_context,review,"The athlete/event exists, but not this apparatus/context.",MAG D,8175,Champion's Cup,2025,Mirko Baghini,ITA,MAG,senior,VT,2,,individual,final,2.8,True,0,,,,,,,,,,,,,,,,,,,,[]
orphan_dd0bbc67f2386b1a,athlete_missing_in_score_sheet,review,"The event/apparatus/context exists, but this athlete is missing in the score sheet.",MAG D,8188,All-Japan Championships,2025,Miwa Teppei,JPN,MAG,senior,FX,,,individual,final,5.0,False,0,,,,,,,,,,,,,,,,,,,,[]
orphan_13a45666c88ce503,athlete_missing_in_score_sheet,review,"The event/apparatus/context exists, but this athlete is missing in the score sheet.",MAG D,8188,All-Japan Championships,2025,Miwa Teppei,JPN,MAG,senior,HB,,,individual,final,5.3,False,0,,,,,,,,,,,,,,,,,,,,[]
orphan_25340c763e06d9df,athlete_missing_in_score_sheet,review,"The event/apparatus/context exists, but this athlete is missing in the score sheet.",MAG D,8188,All-Japan Championships,2025,Miwa Teppei,JPN,MAG,senior,PB,,,individual,final,5.4,False,0,,,,,,,,,,,,,,,,,,,,[]
orphan_566cfd2164a47e43,athlete_missing_in_score_sheet,review,"The event/apparatus/context exists, but this athlete is missing in the score sheet.",MAG D,8188,All-Japan Championships,2025,Miwa Teppei,JPN,MAG,senior,PH,,,individual,final,5.0,False,0,,,,,,,,,,,,,,,,,,,,[]
orphan_1f9c64acb631d54c,athlete_missing_in_score_sheet,review,"The event/apparatus/context exists, but this athlete is missing in the score sheet.",MAG D,8188,All-Japan Championships,2025,Miwa Teppei,JPN,MAG,senior,SR,,,individual,final,5.0,False,0,,,,,,,,,,,,,,,,,,,,[]
orphan_38369ca201a6977c,athlete_missing_in_score_sheet,review,"The event/apparatus/context exists, but this athlete is missing in the score sheet.",MAG D,8188,All-Japan Championships,2025,Miwa Teppei,JPN,MAG,senior,VT,1,,individual,final,5.2,True,0,,,,,,,,,,,,,,,,,,,,[]
orphan_a29f06292e21a955,athlete_missing_in_score_sheet,review,"The event/apparatus/context exists, but this athlete is missing in the score sheet.",MAG D,8189,All-Japan Championships,2025,Miwa Teppei,JPN,MAG,senior,FX,,,individual,qualification,5.0,False,0,,,,,,,,,,,,,,,,,,,,[]
orphan_268e5dad94e59f05,athlete_missing_in_score_sheet,review,"The event/apparatus/context exists, but this athlete is missing in the score sheet.",MAG D,8189,All-Japan Championships,2025,Miwa Teppei,JPN,MAG,senior,HB,,,individual,qualification,5.5,False,0,,,,,,,,,,,,,,,,,,,,[]
orphan_07fbc68cc412ee28,athlete_missing_in_score_sheet,review,"The event/apparatus/context exists, but this athlete is missing in the score sheet.",MAG D,8189,All-Japan Championships,2025,Miwa Teppei,JPN,MAG,senior,PB,,,individual,qualification,5.4,False,0,,,,,,,,,,,,,,,,,,,,[]
orphan_f3db3bfa130ba8db,athlete_missing_in_score_sheet,review,"The event/apparatus/context exists, but this athlete is missing in the score sheet.",MAG D,8189,All-Japan Championships,2025,Miwa Teppei,JPN,MAG,senior,PH,,,individual,qualification,4.8,False,0,,,,,,,,,,,,,,,,,,,,[]
orphan_8eb5a27a8e273990,athlete_missing_in_score_sheet,review,"The event/apparatus/context exists, but this athlete is missing in the score sheet.",MAG D,8189,All-Japan Championships,2025,Miwa Teppei,JPN,MAG,senior,SR,,,individual,qualification,4.6,False,0,,,,,,,,,,,,,,,,,,,,[]
orphan_e5a451c0fa413810,athlete_missing_in_score_sheet,review,"The event/apparatus/context exists, but this athlete is missing in the score sheet.",MAG D,8189,All-Japan Championships,2025,Miwa Teppei,JPN,MAG,senior,VT,1,,individual,qualification,5.2,True,0,,,,,,,,,,,,,,,,,,,,[]
orphan_e10eb9ac3ffd1954,possible_event_name_mismatch,review,Possible event-name mismatch between the D sheet and the score sheet.,MAG D,8224,British Team Championships,2025,Moray Gault,GBR,MAG,junior,FX,,,individual,final,4.7,False,1,suggestion_b0a78c660561cd08,event_name_correction,0.894,D-score event 'British Team Championships' may match score-sheet event 'British Championships'.,British Championships,2025,Moray Gault,GBR,MAG,junior,FX,,,individual,final,10.6,4.6,MAG,8595,"[{""suggestion_id"": ""suggestion_b0a78c660561cd08"", ""suggestion_type"": ""event_name_correction"", ""confidence"": 0.894, ""message"": ""D-score event 'British Team Championships' may match score-sheet event 'British Championships'."", ""action"": ""attach_d_score_to_target_result"", ""changes"": {""event_name"": {""from"": ""British Team Championships"", ""to"": ""British Championships""}}, ""target_result"": {""event_name"": ""British Championships"", ""year"": 2025, ""athlete_name"": ""Moray Gault"", ""country"": ""GBR"", ""discipline"": ""MAG"", ""category"": ""junior"", ""apparatus"": ""FX"", ""vt_attempt"": null, ""day"": null, ""format"": ""individual"", ""round"": ""final"", ""score"": 10.6, ""D_score"": 4.6, ""vault_attempt_order_uncertain"": false, ""source_sheet"": ""MAG"", ""source_row"": 8595, ""target_id"": ""target_539c5a23b4c8e3bc""}}]"
orphan_0186abe39e0dd821,missing_final_score_for_context,review,"The athlete/event exists, but not this apparatus/context.",MAG D,8322,Champion's Cup,2025,Nadir Vicentini,ITA,MAG,senior,VT,2,,individual,final,2.8,True,0,,,,,,,,,,,,,,,,,,,,[]
orphan_61ea4a3a534aa4b9,athlete_missing_in_score_sheet,review,"The event/apparatus/context exists, but this athlete is missing in the score sheet.",MAG D,8350,All-Japan Event Championships,2025,Nao Ojima,JPN,MAG,senior,FX,,,individual,qualification,5.1,False,0,,,,,,,,,,,,,,,,,,,,[]
orphan_c40bcf01ce57b485,athlete_missing_in_score_sheet,review,"The event/apparatus/context exists, but this athlete is missing in the score sheet.",MAG D,8350,All-Japan Event Championships,2025,Nao Ojima,JPN,MAG,senior,PB,,,individual,qualification,5.2,False,0,,,,,,,,,,,,,,,,,,,,[]
orphan_ea8130f479736ed2,possible_context_mismatch,review,"Possible format, round, or day mismatch.",MAG D,8488,Koper Challenge Cup,2025,Nestor Abad,ESP,MAG,senior,HB,,,apparatus,final,4.5,False,1,suggestion_3c850c8ffa1f44b3,context_correction,0.65,"Same athlete/event/apparatus exists in the score sheet, but format, round, or day is different.",Koper Challenge Cup,2025,Nestor Abad,ESP,MAG,senior,HB,,,individual,qualification,13.166,4.5,MAG,8879,"[{""suggestion_id"": ""suggestion_3c850c8ffa1f44b3"", ""suggestion_type"": ""context_correction"", ""confidence"": 0.65, ""message"": ""Same athlete/event/apparatus exists in the score sheet, but format, round, or day is different."", ""action"": ""attach_d_score_to_target_result"", ""changes"": {""format"": {""from"": ""apparatus"", ""to"": ""individual""}, ""round"": {""from"": ""final"", ""to"": ""qualification""}, ""day"": {""from"": null, ""to"": null}}, ""target_result"": {""event_name"": ""Koper Challenge Cup"", ""year"": 2025, ""athlete_name"": ""Nestor Abad"", ""country"": ""ESP"", ""discipline"": ""MAG"", ""category"": ""senior"", ""apparatus"": ""HB"", ""vt_attempt"": null, ""day"": null, ""format"": ""individual"", ""round"": ""qualification"", ""score"": 13.166, ""D_score"": 4.5, ""vault_attempt_order_uncertain"": false, ""source_sheet"": ""MAG"", ""source_row"": 8879, ""target_id"": ""target_cca7487af450a40d""}}]"
orphan_008b7483049c8097,missing_final_score_for_context,review,"The athlete/event exists, but not this apparatus/context.",MAG D,8568,Swiss Euros Trials,2025,Nico Oberholzer,SUI,MAG,senior,VT,2,2,individual,final,1.6,True,0,,,,,,,,,,,,,,,,,,,,[]
orphan_7f828382c64a02ab,missing_final_score_for_context,review,"The athlete/event exists, but not this apparatus/context.",MAG D,8588,Champion's Cup,2025,Nicola Garofani,ITA,MAG,junior,FX,,,individual,final,1.7,False,0,,,,,,,,,,,,,,,,,,,,[]
orphan_676b721668bac5f7,missing_final_score_for_context,review,"The athlete/event exists, but not this apparatus/context.",MAG D,8588,Champion's Cup,2025,Nicola Garofani,ITA,MAG,junior,VT,2,,individual,final,2.0,True,0,,,,,,,,,,,,,,,,,,,,[]
orphan_3f0227a6abf8d207,missing_final_score_for_context,review,"The athlete/event exists, but not this apparatus/context.",MAG D,8600,Champion's Cup,2025,Nicola Vitaloni,ITA,MAG,junior,VT,2,,individual,final,2.0,True,0,,,,,,,,,,,,,,,,,,,,[]
orphan_90152ffc34497ed2,possible_context_mismatch,review,"Possible format, round, or day mismatch.",MAG D,8635,Champion's Cup,2025,Nicolò Baiguera,ITA,MAG,junior,VT,2,,individual,final,3.6,True,1,suggestion_8c5b206ab0062f83,context_correction,0.65,"Same athlete/event/apparatus exists in the score sheet, but format, round, or day is different.",Champion's Cup,2025,Nicolò Baiguera,ITA,MAG,junior,VT,2,,apparatus,final,12.7,3.6,MAG,9032,"[{""suggestion_id"": ""suggestion_8c5b206ab0062f83"", ""suggestion_type"": ""context_correction"", ""confidence"": 0.65, ""message"": ""Same athlete/event/apparatus exists in the score sheet, but format, round, or day is different."", ""action"": ""attach_d_score_to_target_result"", ""changes"": {""format"": {""from"": ""individual"", ""to"": ""apparatus""}, ""round"": {""from"": ""final"", ""to"": ""final""}, ""day"": {""from"": null, ""to"": null}}, ""target_result"": {""event_name"": ""Champion's Cup"", ""year"": 2025, ""athlete_name"": ""Nicolò Baiguera"", ""country"": ""ITA"", ""discipline"": ""MAG"", ""category"": ""junior"", ""apparatus"": ""VT"", ""vt_attempt"": 2, ""day"": null, ""format"": ""apparatus"", ""round"": ""final"", ""score"": 12.7, ""D_score"": 3.6, ""vault_attempt_order_uncertain"": true, ""source_sheet"": ""MAG"", ""source_row"": 9032, ""target_id"": ""target_13216092f07d73f5""}}]"
orphan_05a8baa2c8cbb4a4,missing_final_score_for_context,review,"The athlete/event exists, but not this apparatus/context.",MAG D,8639,Champion's Cup,2025,Nicolò Lucchetti,ITA,MAG,senior,VT,2,,individual,final,4.4,True,0,,,,,,,,,,,,,,,,,,,,[]
orphan_d3a51a67ff92fa83,missing_final_score_for_context,review,"The athlete/event exists, but not this apparatus/context.",MAG D,8647,Champion's Cup,2025,Nicolò Remorini,ITA,MAG,junior,VT,2,,individual,final,2.4,True,0,,,,,,,,,,,,,,,,,,,,[]
orphan_046a80384ca575eb,possible_context_mismatch,review,"Possible format, round, or day mismatch.",MAG D,8661,Finnish Championships,2025,Niilo Nikkola,FIN,MAG,junior,VT,2,,individual,final,1.2,True,1,suggestion_23e1ea674753c6ae,context_correction,0.65,"Same athlete/event/apparatus exists in the score sheet, but format, round, or day is different.",Finnish Championships,2025,Niilo Nikkola,FIN,MAG,junior,VT,2,,apparatus,final,10.333,1.2,MAG,9060,"[{""suggestion_id"": ""suggestion_23e1ea674753c6ae"", ""suggestion_type"": ""context_correction"", ""confidence"": 0.65, ""message"": ""Same athlete/event/apparatus exists in the score sheet, but format, round, or day is different."", ""action"": ""attach_d_score_to_target_result"", ""changes"": {""format"": {""from"": ""individual"", ""to"": ""apparatus""}, ""round"": {""from"": ""final"", ""to"": ""final""}, ""day"": {""from"": null, ""to"": null}}, ""target_result"": {""event_name"": ""Finnish Championships"", ""year"": 2025, ""athlete_name"": ""Niilo Nikkola"", ""country"": ""FIN"", ""discipline"": ""MAG"", ""category"": ""junior"", ""apparatus"": ""VT"", ""vt_attempt"": 2, ""day"": null, ""format"": ""apparatus"", ""round"": ""final"", ""score"": 10.333, ""D_score"": 1.2, ""vault_attempt_order_uncertain"": true, ""source_sheet"": ""MAG"", ""source_row"": 9060, ""target_id"": ""target_8136e02bb5f5a400""}}]"
orphan_1e042420b5844963,missing_final_score_for_context,review,"The athlete/event exists, but not this apparatus/context.",MAG D,8875,Israeli Championships,2025,Noam Slutsky,ISR,MAG,senior,VT,2,,individual,final,2.8,True,0,,,,,,,,,,,,,,,,,,,,[]
orphan_b40bc83113bb7752,possible_event_name_mismatch,review,Possible event-name mismatch between the D sheet and the score sheet.,MAG D,8882,Swiss Team Championships,2025,Noe Seifert,SUI,MAG,senior,VT,1,,individual,final,5.7,True,1,suggestion_684eee7ea4a12330,event_name_correction,0.884,D-score event 'Swiss Team Championships' may match score-sheet event 'Swiss Championships'.,Swiss Championships,2025,Noe Seifert,SUI,MAG,senior,VT,1,,individual,final,13.75,4.4,MAG,9282,"[{""suggestion_id"": ""suggestion_684eee7ea4a12330"", ""suggestion_type"": ""event_name_correction"", ""confidence"": 0.884, ""message"": ""D-score event 'Swiss Team Championships' may match score-sheet event 'Swiss Championships'."", ""action"": ""attach_d_score_to_target_result"", ""changes"": {""event_name"": {""from"": ""Swiss Team Championships"", ""to"": ""Swiss Championships""}}, ""target_result"": {""event_name"": ""Swiss Championships"", ""year"": 2025, ""athlete_name"": ""Noe Seifert"", ""country"": ""SUI"", ""discipline"": ""MAG"", ""category"": ""senior"", ""apparatus"": ""VT"", ""vt_attempt"": 1, ""day"": null, ""format"": ""individual"", ""round"": ""final"", ""score"": 13.75, ""D_score"": 4.4, ""vault_attempt_order_uncertain"": true, ""source_sheet"": ""MAG"", ""source_row"": 9282, ""target_id"": ""target_08885bbdc7ac8835""}}]"
orphan_adde7adb24c86792,athlete_missing_in_score_sheet,review,"The event/apparatus/context exists, but this athlete is missing in the score sheet.",MAG D,8981,Danish Team Championships,2025,Oliver Leicht,DEN,MAG,junior,FX,,,individual,final,3.4,False,0,,,,,,,,,,,,,,,,,,,,[]
orphan_4ce3146bdeaf9177,athlete_missing_in_score_sheet,review,"The event/apparatus/context exists, but this athlete is missing in the score sheet.",MAG D,8981,Danish Team Championships,2025,Oliver Leicht,DEN,MAG,junior,HB,,,individual,final,2.8,False,0,,,,,,,,,,,,,,,,,,,,[]
orphan_a0abdeb3bf05aebd,athlete_missing_in_score_sheet,review,"The event/apparatus/context exists, but this athlete is missing in the score sheet.",MAG D,8981,Danish Team Championships,2025,Oliver Leicht,DEN,MAG,junior,PB,,,individual,final,2.7,False,0,,,,,,,,,,,,,,,,,,,,[]
orphan_bd101f59d7cab95f,athlete_missing_in_score_sheet,review,"The event/apparatus/context exists, but this athlete is missing in the score sheet.",MAG D,8981,Danish Team Championships,2025,Oliver Leicht,DEN,MAG,junior,PH,,,individual,final,2.2,False,0,,,,,,,,,,,,,,,,,,,,[]
orphan_fda606ab41c83b59,athlete_missing_in_score_sheet,review,"The event/apparatus/context exists, but this athlete is missing in the score sheet.",MAG D,8981,Danish Team Championships,2025,Oliver Leicht,DEN,MAG,junior,SR,,,individual,final,2.3,False,0,,,,,,,,,,,,,,,,,,,,[]
orphan_a2cda31add218a5b,athlete_missing_in_score_sheet,review,"The event/apparatus/context exists, but this athlete is missing in the score sheet.",MAG D,8981,Danish Team Championships,2025,Oliver Leicht,DEN,MAG,junior,VT,1,,individual,final,3.6,True,0,,,,,,,,,,,,,,,,,,,,[]
orphan_d1df769e02a30595,possible_context_mismatch,review,"Possible format, round, or day mismatch.",MAG D,9056,Champion's Cup,2025,Oscar Giacomuzzo,ITA,MAG,junior,VT,2,,individual,final,2.4,True,1,suggestion_c9ac26849f4b4624,context_correction,0.65,"Same athlete/event/apparatus exists in the score sheet, but format, round, or day is different.",Champion's Cup,2025,Oscar Giacomuzzo,ITA,MAG,junior,VT,2,,apparatus,final,10.1,2.4,MAG,9475,"[{""suggestion_id"": ""suggestion_c9ac26849f4b4624"", ""suggestion_type"": ""context_correction"", ""confidence"": 0.65, ""message"": ""Same athlete/event/apparatus exists in the score sheet, but format, round, or day is different."", ""action"": ""attach_d_score_to_target_result"", ""changes"": {""format"": {""from"": ""individual"", ""to"": ""apparatus""}, ""round"": {""from"": ""final"", ""to"": ""final""}, ""day"": {""from"": null, ""to"": null}}, ""target_result"": {""event_name"": ""Champion's Cup"", ""year"": 2025, ""athlete_name"": ""Oscar Giacomuzzo"", ""country"": ""ITA"", ""discipline"": ""MAG"", ""category"": ""junior"", ""apparatus"": ""VT"", ""vt_attempt"": 2, ""day"": null, ""format"": ""apparatus"", ""round"": ""final"", ""score"": 10.1, ""D_score"": 2.4, ""vault_attempt_order_uncertain"": true, ""source_sheet"": ""MAG"", ""source_row"": 9475, ""target_id"": ""target_aa9889b80facc39a""}}]"
orphan_ef032a42ec5128c7,missing_final_score_for_context,review,"The athlete/event exists, but not this apparatus/context.",MAG D,9165,South Korean Championships,2025,Park Jihwan,KOR,MAG,senior,SR,,,individual,final,4.3,False,0,,,,,,,,,,,,,,,,,,,,[]
orphan_eb08ac6c9cc96f03,athlete_missing_in_score_sheet,review,"The event/apparatus/context exists, but this athlete is missing in the score sheet.",MAG D,9373,Mälar Cup,2025,Philip Nymark,NOR,MAG,junior,FX,,,individual,final,2.7,False,0,,,,,,,,,,,,,,,,,,,,[]
orphan_9e0b5842891371f2,athlete_missing_in_score_sheet,review,"The event/apparatus/context exists, but this athlete is missing in the score sheet.",MAG D,9373,Mälar Cup,2025,Philip Nymark,NOR,MAG,junior,HB,,,individual,final,2.3,False,0,,,,,,,,,,,,,,,,,,,,[]
orphan_9755fbe1fda8db92,athlete_missing_in_score_sheet,review,"The event/apparatus/context exists, but this athlete is missing in the score sheet.",MAG D,9373,Mälar Cup,2025,Philip Nymark,NOR,MAG,junior,PB,,,individual,final,1.9,False,0,,,,,,,,,,,,,,,,,,,,[]
orphan_1db4e22feb128161,athlete_missing_in_score_sheet,review,"The event/apparatus/context exists, but this athlete is missing in the score sheet.",MAG D,9373,Mälar Cup,2025,Philip Nymark,NOR,MAG,junior,PH,,,individual,final,2.2,False,0,,,,,,,,,,,,,,,,,,,,[]
orphan_4cacbc10b9a90463,athlete_missing_in_score_sheet,review,"The event/apparatus/context exists, but this athlete is missing in the score sheet.",MAG D,9373,Mälar Cup,2025,Philip Nymark,NOR,MAG,junior,SR,,,individual,final,1.8,False,0,,,,,,,,,,,,,,,,,,,,[]
orphan_72163b55ce7f6bac,athlete_missing_in_score_sheet,review,"The event/apparatus/context exists, but this athlete is missing in the score sheet.",MAG D,9373,Mälar Cup,2025,Philip Nymark,NOR,MAG,junior,VT,1,,individual,final,2.8,True,0,,,,,,,,,,,,,,,,,,,,[]
orphan_50ea7717ef33bce0,missing_final_score_for_context,review,"The athlete/event exists, but not this apparatus/context.",MAG D,9389,Austrian Championships,2025,Phillip Eckhart,AUT,MAG,junior,VT,1,,apparatus,final,2.0,True,0,,,,,,,,,,,,,,,,,,,,[]
orphan_3920989c7daa4aab,missing_final_score_for_context,review,"The athlete/event exists, but not this apparatus/context.",MAG D,9389,Austrian Championships,2025,Phillip Eckhart,AUT,MAG,junior,VT,2,,apparatus,final,2.0,True,0,,,,,,,,,,,,,,,,,,,,[]
orphan_61785e5bf61ae438,missing_final_score_for_context,review,"The athlete/event exists, but not this apparatus/context.",MAG D,9476,Indian National Games,2025,Pulkit Prajapat,IND,MAG,senior,VT,2,,individual,qualification,3.6,True,0,,,,,,,,,,,,,,,,,,,,[]
orphan_a89c20c05d09cd94,possible_event_name_mismatch,review,Possible event-name mismatch between the D sheet and the score sheet.,MAG D,9704,All-Japan Event Championships,2025,Rento Noda,JPN,MAG,senior,PB,,,individual,qualification,5.2,False,1,suggestion_f750dcbf25d2b743,event_name_correction,0.885,D-score event 'All-Japan Event Championships' may match score-sheet event 'All-Japan Championships'.,All-Japan Championships,2025,Rento Noda,JPN,MAG,senior,PB,,,individual,qualification,10.8,4.4,MAG,10148,"[{""suggestion_id"": ""suggestion_f750dcbf25d2b743"", ""suggestion_type"": ""event_name_correction"", ""confidence"": 0.885, ""message"": ""D-score event 'All-Japan Event Championships' may match score-sheet event 'All-Japan Championships'."", ""action"": ""attach_d_score_to_target_result"", ""changes"": {""event_name"": {""from"": ""All-Japan Event Championships"", ""to"": ""All-Japan Championships""}}, ""target_result"": {""event_name"": ""All-Japan Championships"", ""year"": 2025, ""athlete_name"": ""Rento Noda"", ""country"": ""JPN"", ""discipline"": ""MAG"", ""category"": ""senior"", ""apparatus"": ""PB"", ""vt_attempt"": null, ""day"": null, ""format"": ""individual"", ""round"": ""qualification"", ""score"": 10.8, ""D_score"": 4.4, ""vault_attempt_order_uncertain"": false, ""source_sheet"": ""MAG"", ""source_row"": 10148, ""target_id"": ""target_dc0696afbf657be9""}}]"
orphan_10c34791e57a64b2,athlete_missing_in_score_sheet,review,"The event/apparatus/context exists, but this athlete is missing in the score sheet.",MAG D,9744,1st Italian Serie A,2025,Riccardo Pelizzaro,ITA,MAG,senior,FX,,,individual,final,4.3,False,0,,,,,,,,,,,,,,,,,,,,[]
orphan_c079bc8634036daf,athlete_missing_in_score_sheet,review,"The event/apparatus/context exists, but this athlete is missing in the score sheet.",MAG D,9744,1st Italian Serie A,2025,Riccardo Pelizzaro,ITA,MAG,senior,HB,,,individual,final,2.9,False,0,,,,,,,,,,,,,,,,,,,,[]
orphan_91cc4ac149cf0102,athlete_missing_in_score_sheet,review,"The event/apparatus/context exists, but this athlete is missing in the score sheet.",MAG D,9744,1st Italian Serie A,2025,Riccardo Pelizzaro,ITA,MAG,senior,PB,,,individual,final,3.1,False,0,,,,,,,,,,,,,,,,,,,,[]
orphan_24f04cb38a5a5447,athlete_missing_in_score_sheet,review,"The event/apparatus/context exists, but this athlete is missing in the score sheet.",MAG D,9744,1st Italian Serie A,2025,Riccardo Pelizzaro,ITA,MAG,senior,SR,,,individual,final,3.2,False,0,,,,,,,,,,,,,,,,,,,,[]
orphan_789cc4681cafb877,possible_context_mismatch,review,"Possible format, round, or day mismatch.",MAG D,9785,Austrian Championships,2025,Richard Palicka,AUT,MAG,senior,VT,1,,apparatus,final,3.6,True,1,suggestion_ba1350d0ded33d0e,context_correction,0.65,"Same athlete/event/apparatus exists in the score sheet, but format, round, or day is different.",Austrian Championships,2025,Richard Palicka,AUT,MAG,senior,VT,1,,individual,final,11.8,2.8,MAG,10230,"[{""suggestion_id"": ""suggestion_ba1350d0ded33d0e"", ""suggestion_type"": ""context_correction"", ""confidence"": 0.65, ""message"": ""Same athlete/event/apparatus exists in the score sheet, but format, round, or day is different."", ""action"": ""attach_d_score_to_target_result"", ""changes"": {""format"": {""from"": ""apparatus"", ""to"": ""individual""}, ""round"": {""from"": ""final"", ""to"": ""final""}, ""day"": {""from"": null, ""to"": null}}, ""target_result"": {""event_name"": ""Austrian Championships"", ""year"": 2025, ""athlete_name"": ""Richard Palicka"", ""country"": ""AUT"", ""discipline"": ""MAG"", ""category"": ""senior"", ""apparatus"": ""VT"", ""vt_attempt"": 1, ""day"": null, ""format"": ""individual"", ""round"": ""final"", ""score"": 11.8, ""D_score"": 2.8, ""vault_attempt_order_uncertain"": true, ""source_sheet"": ""MAG"", ""source_row"": 10230, ""target_id"": ""target_c14eb60a88007d70""}}]"
orphan_390b7873936e5ee1,possible_context_mismatch,review,"Possible format, round, or day mismatch.",MAG D,9785,Austrian Championships,2025,Richard Palicka,AUT,MAG,senior,VT,2,,apparatus,final,2.8,True,1,suggestion_86889a77ebdb36b1,context_correction,0.65,"Same athlete/event/apparatus exists in the score sheet, but format, round, or day is different.",Austrian Championships,2025,Richard Palicka,AUT,MAG,senior,VT,2,,individual,final,10.368,2.4,MAG,10230,"[{""suggestion_id"": ""suggestion_86889a77ebdb36b1"", ""suggestion_type"": ""context_correction"", ""confidence"": 0.65, ""message"": ""Same athlete/event/apparatus exists in the score sheet, but format, round, or day is different."", ""action"": ""attach_d_score_to_target_result"", ""changes"": {""format"": {""from"": ""apparatus"", ""to"": ""individual""}, ""round"": {""from"": ""final"", ""to"": ""final""}, ""day"": {""from"": null, ""to"": null}}, ""target_result"": {""event_name"": ""Austrian Championships"", ""year"": 2025, ""athlete_name"": ""Richard Palicka"", ""country"": ""AUT"", ""discipline"": ""MAG"", ""category"": ""senior"", ""apparatus"": ""VT"", ""vt_attempt"": 2, ""day"": null, ""format"": ""individual"", ""round"": ""final"", ""score"": 10.368, ""D_score"": 2.4, ""vault_attempt_order_uncertain"": true, ""source_sheet"": ""MAG"", ""source_row"": 10230, ""target_id"": ""target_d7fed7effc61c936""}}]"
orphan_179db4d1babdcee9,possible_athlete_name_typo,review,Possible athlete-name typo between the D sheet and the score sheet.,MAG D,9794,All-Japan Student Championships,2025,Riki Hirabayashi,JPN,MAG,senior,FX,,,individual,final,4.8,False,1,suggestion_089ab4e76aa4edb5,athlete_name_correction,0.938,D-score athlete 'Riki Hirabayashi' probably matches score-sheet athlete 'Riku Hirabayashi'.,All-Japan Student Championships,2025,Riku Hirabayashi,JPN,MAG,senior,FX,,,individual,final,12.6,,MAG,10241,"[{""suggestion_id"": ""suggestion_089ab4e76aa4edb5"", ""suggestion_type"": ""athlete_name_correction"", ""confidence"": 0.938, ""message"": ""D-score athlete 'Riki Hirabayashi' probably matches score-sheet athlete 'Riku Hirabayashi'."", ""action"": ""attach_d_score_to_target_result"", ""changes"": {""athlete_name"": {""from"": ""Riki Hirabayashi"", ""to"": ""Riku Hirabayashi""}}, ""target_result"": {""event_name"": ""All-Japan Student Championships"", ""year"": 2025, ""athlete_name"": ""Riku Hirabayashi"", ""country"": ""JPN"", ""discipline"": ""MAG"", ""category"": ""senior"", ""apparatus"": ""FX"", ""vt_attempt"": null, ""day"": null, ""format"": ""individual"", ""round"": ""final"", ""score"": 12.6, ""D_score"": null, ""vault_attempt_order_uncertain"": false, ""source_sheet"": ""MAG"", ""source_row"": 10241, ""target_id"": ""target_4ae9899a65153a4c""}}]"
orphan_eb9d9a19a5b8b380,possible_athlete_name_typo,review,Possible athlete-name typo between the D sheet and the score sheet.,MAG D,9794,All-Japan Student Championships,2025,Riki Hirabayashi,JPN,MAG,senior,HB,,,individual,final,5.3,False,1,suggestion_d8a4d666085ef67e,athlete_name_correction,0.938,D-score athlete 'Riki Hirabayashi' probably matches score-sheet athlete 'Riku Hirabayashi'.,All-Japan Student Championships,2025,Riku Hirabayashi,JPN,MAG,senior,HB,,,individual,final,13.866,,MAG,10241,"[{""suggestion_id"": ""suggestion_d8a4d666085ef67e"", ""suggestion_type"": ""athlete_name_correction"", ""confidence"": 0.938, ""message"": ""D-score athlete 'Riki Hirabayashi' probably matches score-sheet athlete 'Riku Hirabayashi'."", ""action"": ""attach_d_score_to_target_result"", ""changes"": {""athlete_name"": {""from"": ""Riki Hirabayashi"", ""to"": ""Riku Hirabayashi""}}, ""target_result"": {""event_name"": ""All-Japan Student Championships"", ""year"": 2025, ""athlete_name"": ""Riku Hirabayashi"", ""country"": ""JPN"", ""discipline"": ""MAG"", ""category"": ""senior"", ""apparatus"": ""HB"", ""vt_attempt"": null, ""day"": null, ""format"": ""individual"", ""round"": ""final"", ""score"": 13.866, ""D_score"": null, ""vault_attempt_order_uncertain"": false, ""source_sheet"": ""MAG"", ""source_row"": 10241, ""target_id"": ""target_14eaa8e49a1f424b""}}]"
orphan_dfb6fc933486ec05,possible_athlete_name_typo,review,Possible athlete-name typo between the D sheet and the score sheet.,MAG D,9794,All-Japan Student Championships,2025,Riki Hirabayashi,JPN,MAG,senior,PB,,,individual,final,4.0,False,1,suggestion_52d8e490545bcf41,athlete_name_correction,0.938,D-score athlete 'Riki Hirabayashi' probably matches score-sheet athlete 'Riku Hirabayashi'.,All-Japan Student Championships,2025,Riku Hirabayashi,JPN,MAG,senior,PB,,,individual,final,12.066,,MAG,10241,"[{""suggestion_id"": ""suggestion_52d8e490545bcf41"", ""suggestion_type"": ""athlete_name_correction"", ""confidence"": 0.938, ""message"": ""D-score athlete 'Riki Hirabayashi' probably matches score-sheet athlete 'Riku Hirabayashi'."", ""action"": ""attach_d_score_to_target_result"", ""changes"": {""athlete_name"": {""from"": ""Riki Hirabayashi"", ""to"": ""Riku Hirabayashi""}}, ""target_result"": {""event_name"": ""All-Japan Student Championships"", ""year"": 2025, ""athlete_name"": ""Riku Hirabayashi"", ""country"": ""JPN"", ""discipline"": ""MAG"", ""category"": ""senior"", ""apparatus"": ""PB"", ""vt_attempt"": null, ""day"": null, ""format"": ""individual"", ""round"": ""final"", ""score"": 12.066, ""D_score"": null, ""vault_attempt_order_uncertain"": false, ""source_sheet"": ""MAG"", ""source_row"": 10241, ""target_id"": ""target_674937b8ac993660""}}]"
orphan_c7358a96f90caa0b,possible_athlete_name_typo,review,Possible athlete-name typo between the D sheet and the score sheet.,MAG D,9794,All-Japan Student Championships,2025,Riki Hirabayashi,JPN,MAG,senior,PH,,,individual,final,4.5,False,1,suggestion_8466bdd706b06862,athlete_name_correction,0.938,D-score athlete 'Riki Hirabayashi' probably matches score-sheet athlete 'Riku Hirabayashi'.,All-Japan Student Championships,2025,Riku Hirabayashi,JPN,MAG,senior,PH,,,individual,final,12.7,,MAG,10241,"[{""suggestion_id"": ""suggestion_8466bdd706b06862"", ""suggestion_type"": ""athlete_name_correction"", ""confidence"": 0.938, ""message"": ""D-score athlete 'Riki Hirabayashi' probably matches score-sheet athlete 'Riku Hirabayashi'."", ""action"": ""attach_d_score_to_target_result"", ""changes"": {""athlete_name"": {""from"": ""Riki Hirabayashi"", ""to"": ""Riku Hirabayashi""}}, ""target_result"": {""event_name"": ""All-Japan Student Championships"", ""year"": 2025, ""athlete_name"": ""Riku Hirabayashi"", ""country"": ""JPN"", ""discipline"": ""MAG"", ""category"": ""senior"", ""apparatus"": ""PH"", ""vt_attempt"": null, ""day"": null, ""format"": ""individual"", ""round"": ""final"", ""score"": 12.7, ""D_score"": null, ""vault_attempt_order_uncertain"": false, ""source_sheet"": ""MAG"", ""source_row"": 10241, ""target_id"": ""target_ca7094dfed564b4c""}}]"
orphan_18bac22365ae8798,possible_athlete_name_typo,review,Possible athlete-name typo between the D sheet and the score sheet.,MAG D,9794,All-Japan Student Championships,2025,Riki Hirabayashi,JPN,MAG,senior,SR,,,individual,final,4.5,False,1,suggestion_e89a5c011e7b54e4,athlete_name_correction,0.938,D-score athlete 'Riki Hirabayashi' probably matches score-sheet athlete 'Riku Hirabayashi'.,All-Japan Student Championships,2025,Riku Hirabayashi,JPN,MAG,senior,SR,,,individual,final,12.3,,MAG,10241,"[{""suggestion_id"": ""suggestion_e89a5c011e7b54e4"", ""suggestion_type"": ""athlete_name_correction"", ""confidence"": 0.938, ""message"": ""D-score athlete 'Riki Hirabayashi' probably matches score-sheet athlete 'Riku Hirabayashi'."", ""action"": ""attach_d_score_to_target_result"", ""changes"": {""athlete_name"": {""from"": ""Riki Hirabayashi"", ""to"": ""Riku Hirabayashi""}}, ""target_result"": {""event_name"": ""All-Japan Student Championships"", ""year"": 2025, ""athlete_name"": ""Riku Hirabayashi"", ""country"": ""JPN"", ""discipline"": ""MAG"", ""category"": ""senior"", ""apparatus"": ""SR"", ""vt_attempt"": null, ""day"": null, ""format"": ""individual"", ""round"": ""final"", ""score"": 12.3, ""D_score"": null, ""vault_attempt_order_uncertain"": false, ""source_sheet"": ""MAG"", ""source_row"": 10241, ""target_id"": ""target_ddb1c4c07de2893a""}}]"
orphan_097bd1604180c08a,possible_athlete_name_typo,review,Possible athlete-name typo between the D sheet and the score sheet.,MAG D,9794,All-Japan Student Championships,2025,Riki Hirabayashi,JPN,MAG,senior,VT,1,,individual,final,4.8,True,1,suggestion_398091d4bb8709ed,athlete_name_correction,0.938,D-score athlete 'Riki Hirabayashi' probably matches score-sheet athlete 'Riku Hirabayashi'.,All-Japan Student Championships,2025,Riku Hirabayashi,JPN,MAG,senior,VT,1,,individual,final,13.833,,MAG,10241,"[{""suggestion_id"": ""suggestion_398091d4bb8709ed"", ""suggestion_type"": ""athlete_name_correction"", ""confidence"": 0.938, ""message"": ""D-score athlete 'Riki Hirabayashi' probably matches score-sheet athlete 'Riku Hirabayashi'."", ""action"": ""attach_d_score_to_target_result"", ""changes"": {""athlete_name"": {""from"": ""Riki Hirabayashi"", ""to"": ""Riku Hirabayashi""}}, ""target_result"": {""event_name"": ""All-Japan Student Championships"", ""year"": 2025, ""athlete_name"": ""Riku Hirabayashi"", ""country"": ""JPN"", ""discipline"": ""MAG"", ""category"": ""senior"", ""apparatus"": ""VT"", ""vt_attempt"": 1, ""day"": null, ""format"": ""individual"", ""round"": ""final"", ""score"": 13.833, ""D_score"": null, ""vault_attempt_order_uncertain"": true, ""source_sheet"": ""MAG"", ""source_row"": 10241, ""target_id"": ""target_32292d7c69a1626c""}}]"
orphan_3b39d91e13d79ae8,missing_final_score_for_context,review,"The athlete/event exists, but not this apparatus/context.",MAG D,10162,Indian National Games,2025,Sagar,IND,MAG,senior,VT,2,,individual,qualification,2.8,True,0,,,,,,,,,,,,,,,,,,,,[]
orphan_b0c77322e872c463,missing_final_score_for_context,review,"The athlete/event exists, but not this apparatus/context.",MAG D,10168,Indian National Games,2025,Sahitpreet Singh,IND,MAG,senior,VT,2,,individual,qualification,1.2,True,0,,,,,,,,,,,,,,,,,,,,[]
orphan_8ecb39912e1851bd,possible_context_mismatch,review,"Possible format, round, or day mismatch.",MAG D,10255,Austrian Championships,2025,Samuel Wachter,AUT,MAG,junior,VT,1,,apparatus,final,4.4,True,1,suggestion_68e24740967ea4bb,context_correction,0.65,"Same athlete/event/apparatus exists in the score sheet, but format, round, or day is different.",Austrian Championships,2025,Samuel Wachter,AUT,MAG,junior,VT,1,,individual,final,13.433,4.4,MAG,10729,"[{""suggestion_id"": ""suggestion_68e24740967ea4bb"", ""suggestion_type"": ""context_correction"", ""confidence"": 0.65, ""message"": ""Same athlete/event/apparatus exists in the score sheet, but format, round, or day is different."", ""action"": ""attach_d_score_to_target_result"", ""changes"": {""format"": {""from"": ""apparatus"", ""to"": ""individual""}, ""round"": {""from"": ""final"", ""to"": ""final""}, ""day"": {""from"": null, ""to"": null}}, ""target_result"": {""event_name"": ""Austrian Championships"", ""year"": 2025, ""athlete_name"": ""Samuel Wachter"", ""country"": ""AUT"", ""discipline"": ""MAG"", ""category"": ""junior"", ""apparatus"": ""VT"", ""vt_attempt"": 1, ""day"": null, ""format"": ""individual"", ""round"": ""final"", ""score"": 13.433, ""D_score"": 4.4, ""vault_attempt_order_uncertain"": true, ""source_sheet"": ""MAG"", ""source_row"": 10729, ""target_id"": ""target_3466b148c8e1961b""}}]"
orphan_c3a3d8950f80bf7f,possible_context_mismatch,review,"Possible format, round, or day mismatch.",MAG D,10255,Austrian Championships,2025,Samuel Wachter,AUT,MAG,junior,VT,2,,apparatus,final,4.4,True,1,suggestion_efaf9083a0031420,context_correction,0.65,"Same athlete/event/apparatus exists in the score sheet, but format, round, or day is different.",Austrian Championships,2025,Samuel Wachter,AUT,MAG,junior,VT,2,,individual,final,12.533,3.6,MAG,10729,"[{""suggestion_id"": ""suggestion_efaf9083a0031420"", ""suggestion_type"": ""context_correction"", ""confidence"": 0.65, ""message"": ""Same athlete/event/apparatus exists in the score sheet, but format, round, or day is different."", ""action"": ""attach_d_score_to_target_result"", ""changes"": {""format"": {""from"": ""apparatus"", ""to"": ""individual""}, ""round"": {""from"": ""final"", ""to"": ""final""}, ""day"": {""from"": null, ""to"": null}}, ""target_result"": {""event_name"": ""Austrian Championships"", ""year"": 2025, ""athlete_name"": ""Samuel Wachter"", ""country"": ""AUT"", ""discipline"": ""MAG"", ""category"": ""junior"", ""apparatus"": ""VT"", ""vt_attempt"": 2, ""day"": null, ""format"": ""individual"", ""round"": ""final"", ""score"": 12.533, ""D_score"": 3.6, ""vault_attempt_order_uncertain"": true, ""source_sheet"": ""MAG"", ""source_row"": 10729, ""target_id"": ""target_10d7817b8b863d46""}}]"
orphan_bedaa5a1763f9a34,possible_context_mismatch,review,"Possible format, round, or day mismatch.",MAG D,10275,Champion's Cup,2025,Samuele Natali,ITA,MAG,junior,VT,2,,individual,final,3.6,True,1,suggestion_b32e60014926e616,context_correction,0.65,"Same athlete/event/apparatus exists in the score sheet, but format, round, or day is different.",Champion's Cup,2025,Samuele Natali,ITA,MAG,junior,VT,2,,apparatus,final,12.4,3.6,MAG,10750,"[{""suggestion_id"": ""suggestion_b32e60014926e616"", ""suggestion_type"": ""context_correction"", ""confidence"": 0.65, ""message"": ""Same athlete/event/apparatus exists in the score sheet, but format, round, or day is different."", ""action"": ""attach_d_score_to_target_result"", ""changes"": {""format"": {""from"": ""individual"", ""to"": ""apparatus""}, ""round"": {""from"": ""final"", ""to"": ""final""}, ""day"": {""from"": null, ""to"": null}}, ""target_result"": {""event_name"": ""Champion's Cup"", ""year"": 2025, ""athlete_name"": ""Samuele Natali"", ""country"": ""ITA"", ""discipline"": ""MAG"", ""category"": ""junior"", ""apparatus"": ""VT"", ""vt_attempt"": 2, ""day"": null, ""format"": ""apparatus"", ""round"": ""final"", ""score"": 12.4, ""D_score"": 3.6, ""vault_attempt_order_uncertain"": true, ""source_sheet"": ""MAG"", ""source_row"": 10750, ""target_id"": ""target_ccd29d035b07659f""}}]"
orphan_8af13d98546c50d9,possible_context_mismatch,review,"Possible format, round, or day mismatch.",MAG D,10289,Finnish Championships,2025,Santeri Louna,FIN,MAG,junior,VT,2,,individual,final,2.4,True,1,suggestion_626e4010d59acf7f,context_correction,0.65,"Same athlete/event/apparatus exists in the score sheet, but format, round, or day is different.",Finnish Championships,2025,Santeri Louna,FIN,MAG,junior,VT,2,,apparatus,final,9.933,2.4,MAG,10765,"[{""suggestion_id"": ""suggestion_626e4010d59acf7f"", ""suggestion_type"": ""context_correction"", ""confidence"": 0.65, ""message"": ""Same athlete/event/apparatus exists in the score sheet, but format, round, or day is different."", ""action"": ""attach_d_score_to_target_result"", ""changes"": {""format"": {""from"": ""individual"", ""to"": ""apparatus""}, ""round"": {""from"": ""final"", ""to"": ""final""}, ""day"": {""from"": null, ""to"": null}}, ""target_result"": {""event_name"": ""Finnish Championships"", ""year"": 2025, ""athlete_name"": ""Santeri Louna"", ""country"": ""FIN"", ""discipline"": ""MAG"", ""category"": ""junior"", ""apparatus"": ""VT"", ""vt_attempt"": 2, ""day"": null, ""format"": ""apparatus"", ""round"": ""final"", ""score"": 9.933, ""D_score"": 2.4, ""vault_attempt_order_uncertain"": true, ""source_sheet"": ""MAG"", ""source_row"": 10765, ""target_id"": ""target_1046081891950d7b""}}]"
orphan_d41cebd144d0eb55,missing_final_score_for_context,review,"The athlete/event exists, but not this apparatus/context.",MAG D,10307,Indian National Games,2025,Saransh Dev,IND,MAG,senior,VT,2,,individual,qualification,2.8,True,0,,,,,,,,,,,,,,,,,,,,[]
orphan_66f4a5f422ca418c,missing_final_score_for_context,review,"The athlete/event exists, but not this apparatus/context.",MAG D,10477,Romanian Championships,2025,Sergiu Nadaban,ROU,MAG,senior,HB,,,individual,final,3.0,False,0,,,,,,,,,,,,,,,,,,,,[]
orphan_c2c5bd34150cd9cc,missing_final_score_for_context,review,"The athlete/event exists, but not this apparatus/context.",MAG D,10692,Indian National Games,2025,Siddhant Prashant Konde,IND,MAG,senior,VT,2,,individual,qualification,2.8,True,0,,,,,,,,,,,,,,,,,,,,[]
orphan_28c1088ee5fe4232,missing_final_score_for_context,review,"The athlete/event exists, but not this apparatus/context.",MAG D,10713,Unni & Haralds Trophy,2025,Simon Franke,SWE,MAG,senior,HB,,,individual,final,1.9,False,0,,,,,,,,,,,,,,,,,,,,[]
orphan_15d35a69b246305f,missing_final_score_for_context,review,"The athlete/event exists, but not this apparatus/context.",MAG D,10733,Champion's Cup,2025,Simone Mattaliano,ITA,MAG,junior,VT,2,,individual,final,2.4,True,0,,,,,,,,,,,,,,,,,,,,[]
orphan_172eaf5727231700,missing_final_score_for_context,review,"The athlete/event exists, but not this apparatus/context.",MAG D,10754,Champion's Cup,2025,Simone Versace,ITA,MAG,senior,VT,2,,individual,final,2.8,True,0,,,,,,,,,,,,,,,,,,,,[]
orphan_1149a58831654033,missing_final_score_for_context,review,"The athlete/event exists, but not this apparatus/context.",MAG D,10784,Cottbus World Cup,2025,Sokratis Pilakouris,CYP,MAG,senior,VT,1,,individual,qualification,4.0,True,0,,,,,,,,,,,,,,,,,,,,[]
orphan_1929d945a800852d,possible_athlete_name_typo,review,Possible athlete-name typo between the D sheet and the score sheet.,MAG D,10856,Icelandic Championships,2025,Stefan Karson,ISL,MAG,senior,FX,,,individual,final,4.1,False,1,suggestion_cc5cfe9399023eb1,athlete_name_correction,0.963,D-score athlete 'Stefan Karson' probably matches score-sheet athlete 'Stefan Karason'.,Icelandic Championships,2025,Stefan Karason,ISL,MAG,senior,FX,,,individual,final,10.5,,MAG,11378,"[{""suggestion_id"": ""suggestion_cc5cfe9399023eb1"", ""suggestion_type"": ""athlete_name_correction"", ""confidence"": 0.963, ""message"": ""D-score athlete 'Stefan Karson' probably matches score-sheet athlete 'Stefan Karason'."", ""action"": ""attach_d_score_to_target_result"", ""changes"": {""athlete_name"": {""from"": ""Stefan Karson"", ""to"": ""Stefan Karason""}}, ""target_result"": {""event_name"": ""Icelandic Championships"", ""year"": 2025, ""athlete_name"": ""Stefan Karason"", ""country"": ""ISL"", ""discipline"": ""MAG"", ""category"": ""senior"", ""apparatus"": ""FX"", ""vt_attempt"": null, ""day"": null, ""format"": ""individual"", ""round"": ""final"", ""score"": 10.5, ""D_score"": null, ""vault_attempt_order_uncertain"": false, ""source_sheet"": ""MAG"", ""source_row"": 11378, ""target_id"": ""target_6d7434d14d8d2426""}}]"
orphan_7f5c347aa42ece9d,possible_athlete_name_typo,review,Possible athlete-name typo between the D sheet and the score sheet.,MAG D,10856,Icelandic Championships,2025,Stefan Karson,ISL,MAG,senior,HB,,,individual,final,2.4,False,1,suggestion_ba612db57124581f,athlete_name_correction,0.963,D-score athlete 'Stefan Karson' probably matches score-sheet athlete 'Stefan Karason'.,Icelandic Championships,2025,Stefan Karason,ISL,MAG,senior,HB,,,individual,final,11.15,,MAG,11378,"[{""suggestion_id"": ""suggestion_ba612db57124581f"", ""suggestion_type"": ""athlete_name_correction"", ""confidence"": 0.963, ""message"": ""D-score athlete 'Stefan Karson' probably matches score-sheet athlete 'Stefan Karason'."", ""action"": ""attach_d_score_to_target_result"", ""changes"": {""athlete_name"": {""from"": ""Stefan Karson"", ""to"": ""Stefan Karason""}}, ""target_result"": {""event_name"": ""Icelandic Championships"", ""year"": 2025, ""athlete_name"": ""Stefan Karason"", ""country"": ""ISL"", ""discipline"": ""MAG"", ""category"": ""senior"", ""apparatus"": ""HB"", ""vt_attempt"": null, ""day"": null, ""format"": ""individual"", ""round"": ""final"", ""score"": 11.15, ""D_score"": null, ""vault_attempt_order_uncertain"": false, ""source_sheet"": ""MAG"", ""source_row"": 11378, ""target_id"": ""target_f2301ba72af5b648""}}]"
orphan_f1935fb831a5c746,possible_athlete_name_typo,review,Possible athlete-name typo between the D sheet and the score sheet.,MAG D,10856,Icelandic Championships,2025,Stefan Karson,ISL,MAG,senior,PB,,,individual,final,2.5,False,1,suggestion_24be71c1aafd61ea,athlete_name_correction,0.963,D-score athlete 'Stefan Karson' probably matches score-sheet athlete 'Stefan Karason'.,Icelandic Championships,2025,Stefan Karason,ISL,MAG,senior,PB,,,individual,final,11.05,,MAG,11378,"[{""suggestion_id"": ""suggestion_24be71c1aafd61ea"", ""suggestion_type"": ""athlete_name_correction"", ""confidence"": 0.963, ""message"": ""D-score athlete 'Stefan Karson' probably matches score-sheet athlete 'Stefan Karason'."", ""action"": ""attach_d_score_to_target_result"", ""changes"": {""athlete_name"": {""from"": ""Stefan Karson"", ""to"": ""Stefan Karason""}}, ""target_result"": {""event_name"": ""Icelandic Championships"", ""year"": 2025, ""athlete_name"": ""Stefan Karason"", ""country"": ""ISL"", ""discipline"": ""MAG"", ""category"": ""senior"", ""apparatus"": ""PB"", ""vt_attempt"": null, ""day"": null, ""format"": ""individual"", ""round"": ""final"", ""score"": 11.05, ""D_score"": null, ""vault_attempt_order_uncertain"": false, ""source_sheet"": ""MAG"", ""source_row"": 11378, ""target_id"": ""target_1b76e2d1582ba8f8""}}]"
orphan_b13e2da9400ba32f,possible_athlete_name_typo,review,Possible athlete-name typo between the D sheet and the score sheet.,MAG D,10856,Icelandic Championships,2025,Stefan Karson,ISL,MAG,senior,PH,,,individual,final,1.9,False,1,suggestion_f0c506344842e75c,athlete_name_correction,0.963,D-score athlete 'Stefan Karson' probably matches score-sheet athlete 'Stefan Karason'.,Icelandic Championships,2025,Stefan Karason,ISL,MAG,senior,PH,,,individual,final,10.4,,MAG,11378,"[{""suggestion_id"": ""suggestion_f0c506344842e75c"", ""suggestion_type"": ""athlete_name_correction"", ""confidence"": 0.963, ""message"": ""D-score athlete 'Stefan Karson' probably matches score-sheet athlete 'Stefan Karason'."", ""action"": ""attach_d_score_to_target_result"", ""changes"": {""athlete_name"": {""from"": ""Stefan Karson"", ""to"": ""Stefan Karason""}}, ""target_result"": {""event_name"": ""Icelandic Championships"", ""year"": 2025, ""athlete_name"": ""Stefan Karason"", ""country"": ""ISL"", ""discipline"": ""MAG"", ""category"": ""senior"", ""apparatus"": ""PH"", ""vt_attempt"": null, ""day"": null, ""format"": ""individual"", ""round"": ""final"", ""score"": 10.4, ""D_score"": null, ""vault_attempt_order_uncertain"": false, ""source_sheet"": ""MAG"", ""source_row"": 11378, ""target_id"": ""target_11258de5009e7b55""}}]"
orphan_d08e4e199c2119b4,possible_athlete_name_typo,review,Possible athlete-name typo between the D sheet and the score sheet.,MAG D,10856,Icelandic Championships,2025,Stefan Karson,ISL,MAG,senior,VT,1,,individual,final,3.6,True,1,suggestion_de07adfb2a748102,athlete_name_correction,0.963,D-score athlete 'Stefan Karson' probably matches score-sheet athlete 'Stefan Karason'.,Icelandic Championships,2025,Stefan Karason,ISL,MAG,senior,VT,1,,individual,final,12.15,,MAG,11378,"[{""suggestion_id"": ""suggestion_de07adfb2a748102"", ""suggestion_type"": ""athlete_name_correction"", ""confidence"": 0.963, ""message"": ""D-score athlete 'Stefan Karson' probably matches score-sheet athlete 'Stefan Karason'."", ""action"": ""attach_d_score_to_target_result"", ""changes"": {""athlete_name"": {""from"": ""Stefan Karson"", ""to"": ""Stefan Karason""}}, ""target_result"": {""event_name"": ""Icelandic Championships"", ""year"": 2025, ""athlete_name"": ""Stefan Karason"", ""country"": ""ISL"", ""discipline"": ""MAG"", ""category"": ""senior"", ""apparatus"": ""VT"", ""vt_attempt"": 1, ""day"": null, ""format"": ""individual"", ""round"": ""final"", ""score"": 12.15, ""D_score"": null, ""vault_attempt_order_uncertain"": true, ""source_sheet"": ""MAG"", ""source_row"": 11378, ""target_id"": ""target_2ed2e1f7c1c2a71c""}}]"
orphan_0fa41ea0019254f3,possible_athlete_name_typo,review,Possible athlete-name typo between the D sheet and the score sheet.,MAG D,10856,Icelandic Championships,2025,Stefan Karson,ISL,MAG,senior,VT,2,,individual,final,1.2,True,1,suggestion_392e832b6eeaff37,athlete_name_correction,0.963,D-score athlete 'Stefan Karson' probably matches score-sheet athlete 'Stefan Karason'.,Icelandic Championships,2025,Stefan Karason,ISL,MAG,senior,VT,2,,individual,final,10.7,,MAG,11378,"[{""suggestion_id"": ""suggestion_392e832b6eeaff37"", ""suggestion_type"": ""athlete_name_correction"", ""confidence"": 0.963, ""message"": ""D-score athlete 'Stefan Karson' probably matches score-sheet athlete 'Stefan Karason'."", ""action"": ""attach_d_score_to_target_result"", ""changes"": {""athlete_name"": {""from"": ""Stefan Karson"", ""to"": ""Stefan Karason""}}, ""target_result"": {""event_name"": ""Icelandic Championships"", ""year"": 2025, ""athlete_name"": ""Stefan Karason"", ""country"": ""ISL"", ""discipline"": ""MAG"", ""category"": ""senior"", ""apparatus"": ""VT"", ""vt_attempt"": 2, ""day"": null, ""format"": ""individual"", ""round"": ""final"", ""score"": 10.7, ""D_score"": null, ""vault_attempt_order_uncertain"": true, ""source_sheet"": ""MAG"", ""source_row"": 11378, ""target_id"": ""target_9f455e8564539a78""}}]"
orphan_d3dd18db9ecfcc4d,possible_context_mismatch,review,"Possible format, round, or day mismatch.",MAG D,10893,Champion's Cup,2025,Steven Matteo,ITA,MAG,senior,VT,2,,individual,final,4.8,True,1,suggestion_9a9adcd379bfd34d,context_correction,0.65,"Same athlete/event/apparatus exists in the score sheet, but format, round, or day is different.",Champion's Cup,2025,Steven Matteo,ITA,MAG,senior,VT,2,,apparatus,final,13.7,4.8,MAG,11419,"[{""suggestion_id"": ""suggestion_9a9adcd379bfd34d"", ""suggestion_type"": ""context_correction"", ""confidence"": 0.65, ""message"": ""Same athlete/event/apparatus exists in the score sheet, but format, round, or day is different."", ""action"": ""attach_d_score_to_target_result"", ""changes"": {""format"": {""from"": ""individual"", ""to"": ""apparatus""}, ""round"": {""from"": ""final"", ""to"": ""final""}, ""day"": {""from"": null, ""to"": null}}, ""target_result"": {""event_name"": ""Champion's Cup"", ""year"": 2025, ""athlete_name"": ""Steven Matteo"", ""country"": ""ITA"", ""discipline"": ""MAG"", ""category"": ""senior"", ""apparatus"": ""VT"", ""vt_attempt"": 2, ""day"": null, ""format"": ""apparatus"", ""round"": ""final"", ""score"": 13.7, ""D_score"": 4.8, ""vault_attempt_order_uncertain"": true, ""source_sheet"": ""MAG"", ""source_row"": 11419, ""target_id"": ""target_e85ee6318e59338a""}}]"
orphan_ced677c86da17db9,missing_final_score_for_context,review,"The athlete/event exists, but not this apparatus/context.",MAG D,11143,Mälar Cup,2025,Teodor Barsnes-Simonsen,NOR,MAG,junior,FX,,,individual,final,3.9,False,0,,,,,,,,,,,,,,,,,,,,[]
orphan_dceb442a7829861d,possible_context_mismatch,review,"Possible format, round, or day mismatch.",MAG D,11143,Mälar Cup,2025,Teodor Barsnes-Simonsen,NOR,MAG,junior,HB,,,individual,final,2.1,False,1,suggestion_7bba8eef724849b4,context_correction,0.65,"Same athlete/event/apparatus exists in the score sheet, but format, round, or day is different.",Mälar Cup,2025,Teodor Barsnes-Simonsen,NOR,MAG,junior,HB,,,apparatus,final,10.533,2.1,MAG,11697,"[{""suggestion_id"": ""suggestion_7bba8eef724849b4"", ""suggestion_type"": ""context_correction"", ""confidence"": 0.65, ""message"": ""Same athlete/event/apparatus exists in the score sheet, but format, round, or day is different."", ""action"": ""attach_d_score_to_target_result"", ""changes"": {""format"": {""from"": ""individual"", ""to"": ""apparatus""}, ""round"": {""from"": ""final"", ""to"": ""final""}, ""day"": {""from"": null, ""to"": null}}, ""target_result"": {""event_name"": ""Mälar Cup"", ""year"": 2025, ""athlete_name"": ""Teodor Barsnes-Simonsen"", ""country"": ""NOR"", ""discipline"": ""MAG"", ""category"": ""junior"", ""apparatus"": ""HB"", ""vt_attempt"": null, ""day"": null, ""format"": ""apparatus"", ""round"": ""final"", ""score"": 10.533, ""D_score"": 2.1, ""vault_attempt_order_uncertain"": false, ""source_sheet"": ""MAG"", ""source_row"": 11697, ""target_id"": ""target_f349f299beaf75a4""}}]"
orphan_44caf920549b2c14,possible_context_mismatch,review,"Possible format, round, or day mismatch.",MAG D,11143,Mälar Cup,2025,Teodor Barsnes-Simonsen,NOR,MAG,junior,PB,,,individual,final,2.6,False,1,suggestion_feb20a279c5496ad,context_correction,0.65,"Same athlete/event/apparatus exists in the score sheet, but format, round, or day is different.",Mälar Cup,2025,Teodor Barsnes-Simonsen,NOR,MAG,junior,PB,,,apparatus,final,11.9,2.6,MAG,11697,"[{""suggestion_id"": ""suggestion_feb20a279c5496ad"", ""suggestion_type"": ""context_correction"", ""confidence"": 0.65, ""message"": ""Same athlete/event/apparatus exists in the score sheet, but format, round, or day is different."", ""action"": ""attach_d_score_to_target_result"", ""changes"": {""format"": {""from"": ""individual"", ""to"": ""apparatus""}, ""round"": {""from"": ""final"", ""to"": ""final""}, ""day"": {""from"": null, ""to"": null}}, ""target_result"": {""event_name"": ""Mälar Cup"", ""year"": 2025, ""athlete_name"": ""Teodor Barsnes-Simonsen"", ""country"": ""NOR"", ""discipline"": ""MAG"", ""category"": ""junior"", ""apparatus"": ""PB"", ""vt_attempt"": null, ""day"": null, ""format"": ""apparatus"", ""round"": ""final"", ""score"": 11.9, ""D_score"": 2.6, ""vault_attempt_order_uncertain"": false, ""source_sheet"": ""MAG"", ""source_row"": 11697, ""target_id"": ""target_fc4cffa53f2fd67b""}}]"
orphan_fd3d2d78ddcae5a7,missing_final_score_for_context,review,"The athlete/event exists, but not this apparatus/context.",MAG D,11143,Mälar Cup,2025,Teodor Barsnes-Simonsen,NOR,MAG,junior,PH,,,individual,final,2.8,False,0,,,,,,,,,,,,,,,,,,,,[]
orphan_063408e515c62e10,missing_final_score_for_context,review,"The athlete/event exists, but not this apparatus/context.",MAG D,11143,Mälar Cup,2025,Teodor Barsnes-Simonsen,NOR,MAG,junior,SR,,,individual,final,2.7,False,0,,,,,,,,,,,,,,,,,,,,[]
orphan_4d02642b6d8a8bcc,possible_context_mismatch,review,"Possible format, round, or day mismatch.",MAG D,11143,Mälar Cup,2025,Teodor Barsnes-Simonsen,NOR,MAG,junior,VT,1,,individual,final,3.6,True,1,suggestion_0e59158a15c73648,context_correction,0.65,"Same athlete/event/apparatus exists in the score sheet, but format, round, or day is different.",Mälar Cup,2025,Teodor Barsnes-Simonsen,NOR,MAG,junior,VT,1,,apparatus,final,12.8,3.6,MAG,11697,"[{""suggestion_id"": ""suggestion_0e59158a15c73648"", ""suggestion_type"": ""context_correction"", ""confidence"": 0.65, ""message"": ""Same athlete/event/apparatus exists in the score sheet, but format, round, or day is different."", ""action"": ""attach_d_score_to_target_result"", ""changes"": {""format"": {""from"": ""individual"", ""to"": ""apparatus""}, ""round"": {""from"": ""final"", ""to"": ""final""}, ""day"": {""from"": null, ""to"": null}}, ""target_result"": {""event_name"": ""Mälar Cup"", ""year"": 2025, ""athlete_name"": ""Teodor Barsnes-Simonsen"", ""country"": ""NOR"", ""discipline"": ""MAG"", ""category"": ""junior"", ""apparatus"": ""VT"", ""vt_attempt"": 1, ""day"": null, ""format"": ""apparatus"", ""round"": ""final"", ""score"": 12.8, ""D_score"": 3.6, ""vault_attempt_order_uncertain"": true, ""source_sheet"": ""MAG"", ""source_row"": 11697, ""target_id"": ""target_7b7aedbfeb006b72""}}]"
orphan_af7c798fa2d9c789,possible_context_mismatch,review,"Possible format, round, or day mismatch.",MAG D,11143,Mälar Cup,2025,Teodor Barsnes-Simonsen,NOR,MAG,junior,VT,2,,individual,final,2.4,True,1,suggestion_39f18e315c6f9107,context_correction,0.65,"Same athlete/event/apparatus exists in the score sheet, but format, round, or day is different.",Mälar Cup,2025,Teodor Barsnes-Simonsen,NOR,MAG,junior,VT,2,,apparatus,final,11.65,2.4,MAG,11697,"[{""suggestion_id"": ""suggestion_39f18e315c6f9107"", ""suggestion_type"": ""context_correction"", ""confidence"": 0.65, ""message"": ""Same athlete/event/apparatus exists in the score sheet, but format, round, or day is different."", ""action"": ""attach_d_score_to_target_result"", ""changes"": {""format"": {""from"": ""individual"", ""to"": ""apparatus""}, ""round"": {""from"": ""final"", ""to"": ""final""}, ""day"": {""from"": null, ""to"": null}}, ""target_result"": {""event_name"": ""Mälar Cup"", ""year"": 2025, ""athlete_name"": ""Teodor Barsnes-Simonsen"", ""country"": ""NOR"", ""discipline"": ""MAG"", ""category"": ""junior"", ""apparatus"": ""VT"", ""vt_attempt"": 2, ""day"": null, ""format"": ""apparatus"", ""round"": ""final"", ""score"": 11.65, ""D_score"": 2.4, ""vault_attempt_order_uncertain"": true, ""source_sheet"": ""MAG"", ""source_row"": 11697, ""target_id"": ""target_6451f73b70cacc93""}}]"
orphan_0761f53437aa0df7,possible_context_mismatch,review,"Possible format, round, or day mismatch.",MAG D,11224,Champion's Cup,2025,Thomas Grasso,ITA,MAG,senior,VT,2,,individual,final,5.2,True,1,suggestion_d45476d192c00480,context_correction,0.65,"Same athlete/event/apparatus exists in the score sheet, but format, round, or day is different.",Champion's Cup,2025,Thomas Grasso,ITA,MAG,senior,VT,2,,apparatus,final,14.4,5.2,MAG,11777,"[{""suggestion_id"": ""suggestion_d45476d192c00480"", ""suggestion_type"": ""context_correction"", ""confidence"": 0.65, ""message"": ""Same athlete/event/apparatus exists in the score sheet, but format, round, or day is different."", ""action"": ""attach_d_score_to_target_result"", ""changes"": {""format"": {""from"": ""individual"", ""to"": ""apparatus""}, ""round"": {""from"": ""final"", ""to"": ""final""}, ""day"": {""from"": null, ""to"": null}}, ""target_result"": {""event_name"": ""Champion's Cup"", ""year"": 2025, ""athlete_name"": ""Thomas Grasso"", ""country"": ""ITA"", ""discipline"": ""MAG"", ""category"": ""senior"", ""apparatus"": ""VT"", ""vt_attempt"": 2, ""day"": null, ""format"": ""apparatus"", ""round"": ""final"", ""score"": 14.4, ""D_score"": 5.2, ""vault_attempt_order_uncertain"": true, ""source_sheet"": ""MAG"", ""source_row"": 11777, ""target_id"": ""target_b17016e0a9a02809""}}]"
orphan_6ca75a87b76d2af1,missing_final_score_for_context,review,"The athlete/event exists, but not this apparatus/context.",MAG D,11429,Champion's Cup,2025,Tiziano Carminati,ITA,MAG,junior,VT,2,,individual,final,2.0,True,0,,,,,,,,,,,,,,,,,,,,[]
orphan_21897b31361b6364,missing_final_score_for_context,review,"The athlete/event exists, but not this apparatus/context.",MAG D,11531,Champion's Cup,2025,Tommaso di Cresce,ITA,MAG,senior,SR,,,individual,final,3.9,False,0,,,,,,,,,,,,,,,,,,,,[]
orphan_1a3ef9679ba595c8,possible_context_mismatch,review,"Possible format, round, or day mismatch.",MAG D,11618,Swedish Championships,2025,Tristan Ernvin,SWE,MAG,junior,HB,,,individual,final,2.5,False,1,suggestion_ab3f45d5c250e58c,context_correction,0.65,"Same athlete/event/apparatus exists in the score sheet, but format, round, or day is different.",Swedish Championships,2025,Tristan Ernvin,SWE,MAG,junior,HB,,,apparatus,final,10.95,2.5,MAG,12181,"[{""suggestion_id"": ""suggestion_ab3f45d5c250e58c"", ""suggestion_type"": ""context_correction"", ""confidence"": 0.65, ""message"": ""Same athlete/event/apparatus exists in the score sheet, but format, round, or day is different."", ""action"": ""attach_d_score_to_target_result"", ""changes"": {""format"": {""from"": ""individual"", ""to"": ""apparatus""}, ""round"": {""from"": ""final"", ""to"": ""final""}, ""day"": {""from"": null, ""to"": null}}, ""target_result"": {""event_name"": ""Swedish Championships"", ""year"": 2025, ""athlete_name"": ""Tristan Ernvin"", ""country"": ""SWE"", ""discipline"": ""MAG"", ""category"": ""junior"", ""apparatus"": ""HB"", ""vt_attempt"": null, ""day"": null, ""format"": ""apparatus"", ""round"": ""final"", ""score"": 10.95, ""D_score"": 2.5, ""vault_attempt_order_uncertain"": false, ""source_sheet"": ""MAG"", ""source_row"": 12181, ""target_id"": ""target_acdaeb4d6fcb8887""}}]"
orphan_0093e0ac50c35daa,missing_final_score_for_context,review,"The athlete/event exists, but not this apparatus/context.",MAG D,11734,Israeli Championships,2025,Uri Zeidel,ISR,MAG,senior,VT,2,,individual,final,2.8,True,0,,,,,,,,,,,,,,,,,,,,[]
orphan_38417edf48b0fbee,possible_context_mismatch,review,"Possible format, round, or day mismatch.",MAG D,11915,Austrian Championships,2025,Vincent Lindpointner,AUT,MAG,senior,VT,1,,apparatus,final,4.4,True,1,suggestion_2753862fe8fbf0c0,context_correction,0.65,"Same athlete/event/apparatus exists in the score sheet, but format, round, or day is different.",Austrian Championships,2025,Vincent Lindpointner,AUT,MAG,senior,VT,1,,individual,final,13.367,4.8,MAG,12495,"[{""suggestion_id"": ""suggestion_2753862fe8fbf0c0"", ""suggestion_type"": ""context_correction"", ""confidence"": 0.65, ""message"": ""Same athlete/event/apparatus exists in the score sheet, but format, round, or day is different."", ""action"": ""attach_d_score_to_target_result"", ""changes"": {""format"": {""from"": ""apparatus"", ""to"": ""individual""}, ""round"": {""from"": ""final"", ""to"": ""final""}, ""day"": {""from"": null, ""to"": null}}, ""target_result"": {""event_name"": ""Austrian Championships"", ""year"": 2025, ""athlete_name"": ""Vincent Lindpointner"", ""country"": ""AUT"", ""discipline"": ""MAG"", ""category"": ""senior"", ""apparatus"": ""VT"", ""vt_attempt"": 1, ""day"": null, ""format"": ""individual"", ""round"": ""final"", ""score"": 13.367, ""D_score"": 4.8, ""vault_attempt_order_uncertain"": true, ""source_sheet"": ""MAG"", ""source_row"": 12495, ""target_id"": ""target_7a84a5bd83c91725""}}]"
orphan_9b9469c0a3165da1,possible_context_mismatch,review,"Possible format, round, or day mismatch.",MAG D,11915,Austrian Championships,2025,Vincent Lindpointner,AUT,MAG,senior,VT,2,,apparatus,final,2.4,True,1,suggestion_45cf75dfa3a49ac7,context_correction,0.65,"Same athlete/event/apparatus exists in the score sheet, but format, round, or day is different.",Austrian Championships,2025,Vincent Lindpointner,AUT,MAG,senior,VT,2,,individual,final,10.533,2.4,MAG,12495,"[{""suggestion_id"": ""suggestion_45cf75dfa3a49ac7"", ""suggestion_type"": ""context_correction"", ""confidence"": 0.65, ""message"": ""Same athlete/event/apparatus exists in the score sheet, but format, round, or day is different."", ""action"": ""attach_d_score_to_target_result"", ""changes"": {""format"": {""from"": ""apparatus"", ""to"": ""individual""}, ""round"": {""from"": ""final"", ""to"": ""final""}, ""day"": {""from"": null, ""to"": null}}, ""target_result"": {""event_name"": ""Austrian Championships"", ""year"": 2025, ""athlete_name"": ""Vincent Lindpointner"", ""country"": ""AUT"", ""discipline"": ""MAG"", ""category"": ""senior"", ""apparatus"": ""VT"", ""vt_attempt"": 2, ""day"": null, ""format"": ""individual"", ""round"": ""final"", ""score"": 10.533, ""D_score"": 2.4, ""vault_attempt_order_uncertain"": true, ""source_sheet"": ""MAG"", ""source_row"": 12495, ""target_id"": ""target_3f96f1078bb4d428""}}]"
orphan_8cb20a45d74a0653,possible_context_mismatch,review,"Possible format, round, or day mismatch.",MAG D,11919,Finnish Championships,2025,Vincent Mattsson,FIN,MAG,junior,VT,2,,individual,final,2.0,True,1,suggestion_5f031ac5c01800eb,context_correction,0.65,"Same athlete/event/apparatus exists in the score sheet, but format, round, or day is different.",Finnish Championships,2025,Vincent Mattsson,FIN,MAG,junior,VT,2,,apparatus,final,11.7,2.8,MAG,12501,"[{""suggestion_id"": ""suggestion_5f031ac5c01800eb"", ""suggestion_type"": ""context_correction"", ""confidence"": 0.65, ""message"": ""Same athlete/event/apparatus exists in the score sheet, but format, round, or day is different."", ""action"": ""attach_d_score_to_target_result"", ""changes"": {""format"": {""from"": ""individual"", ""to"": ""apparatus""}, ""round"": {""from"": ""final"", ""to"": ""final""}, ""day"": {""from"": null, ""to"": null}}, ""target_result"": {""event_name"": ""Finnish Championships"", ""year"": 2025, ""athlete_name"": ""Vincent Mattsson"", ""country"": ""FIN"", ""discipline"": ""MAG"", ""category"": ""junior"", ""apparatus"": ""VT"", ""vt_attempt"": 2, ""day"": null, ""format"": ""apparatus"", ""round"": ""final"", ""score"": 11.7, ""D_score"": 2.8, ""vault_attempt_order_uncertain"": true, ""source_sheet"": ""MAG"", ""source_row"": 12501, ""target_id"": ""target_1bf96d38f10c065a""}}]"
orphan_a52d8f36fdaf6cfa,possible_context_mismatch,review,"Possible format, round, or day mismatch.",MAG D,11978,Cottbus World Cup,2025,Vladyslav Hryko,UKR,MAG,senior,HB,,,apparatus,final,5.1,False,1,suggestion_a6934d912add6d62,context_correction,0.65,"Same athlete/event/apparatus exists in the score sheet, but format, round, or day is different.",Cottbus World Cup,2025,Vladyslav Hryko,UKR,MAG,senior,HB,,,individual,qualification,12.833,,MAG,12559,"[{""suggestion_id"": ""suggestion_a6934d912add6d62"", ""suggestion_type"": ""context_correction"", ""confidence"": 0.65, ""message"": ""Same athlete/event/apparatus exists in the score sheet, but format, round, or day is different."", ""action"": ""attach_d_score_to_target_result"", ""changes"": {""format"": {""from"": ""apparatus"", ""to"": ""individual""}, ""round"": {""from"": ""final"", ""to"": ""qualification""}, ""day"": {""from"": null, ""to"": null}}, ""target_result"": {""event_name"": ""Cottbus World Cup"", ""year"": 2025, ""athlete_name"": ""Vladyslav Hryko"", ""country"": ""UKR"", ""discipline"": ""MAG"", ""category"": ""senior"", ""apparatus"": ""HB"", ""vt_attempt"": null, ""day"": null, ""format"": ""individual"", ""round"": ""qualification"", ""score"": 12.833, ""D_score"": null, ""vault_attempt_order_uncertain"": false, ""source_sheet"": ""MAG"", ""source_row"": 12559, ""target_id"": ""target_7543c2465dd61d26""}}]"
orphan_70fa7c9c16268b5e,athlete_missing_in_score_sheet,review,"The event/apparatus/context exists, but this athlete is missing in the score sheet.",MAG D,12045,Chinese Championships,2025,Wang Haoran (Anhui),CHN,MAG,senior,FX,,,individual,qualification,4.4,False,0,,,,,,,,,,,,,,,,,,,,[]
orphan_ade9fef3ec5fba4e,athlete_missing_in_score_sheet,review,"The event/apparatus/context exists, but this athlete is missing in the score sheet.",MAG D,12045,Chinese Championships,2025,Wang Haoran (Anhui),CHN,MAG,senior,HB,,,individual,qualification,4.0,False,0,,,,,,,,,,,,,,,,,,,,[]
orphan_f7891d7fffa59cef,athlete_missing_in_score_sheet,review,"The event/apparatus/context exists, but this athlete is missing in the score sheet.",MAG D,12045,Chinese Championships,2025,Wang Haoran (Anhui),CHN,MAG,senior,PB,,,individual,qualification,4.1,False,0,,,,,,,,,,,,,,,,,,,,[]
orphan_2c3f6180179a9647,athlete_missing_in_score_sheet,review,"The event/apparatus/context exists, but this athlete is missing in the score sheet.",MAG D,12045,Chinese Championships,2025,Wang Haoran (Anhui),CHN,MAG,senior,PH,,,individual,qualification,3.8,False,0,,,,,,,,,,,,,,,,,,,,[]
orphan_ca8515680e1df969,athlete_missing_in_score_sheet,review,"The event/apparatus/context exists, but this athlete is missing in the score sheet.",MAG D,12045,Chinese Championships,2025,Wang Haoran (Anhui),CHN,MAG,senior,SR,,,individual,qualification,4.4,False,0,,,,,,,,,,,,,,,,,,,,[]
orphan_bde438991fab87c9,athlete_missing_in_score_sheet,review,"The event/apparatus/context exists, but this athlete is missing in the score sheet.",MAG D,12045,Chinese Championships,2025,Wang Haoran (Anhui),CHN,MAG,senior,VT,1,,individual,qualification,3.6,True,0,,,,,,,,,,,,,,,,,,,,[]
orphan_27c91382be692a79,athlete_missing_in_score_sheet,review,"The event/apparatus/context exists, but this athlete is missing in the score sheet.",MAG D,12046,Chinese Championships,2025,Wang Haoran (Fujian),CHN,MAG,senior,FX,,,individual,qualification,4.5,False,0,,,,,,,,,,,,,,,,,,,,[]
orphan_f4e5ca9fe090c9a6,athlete_missing_in_score_sheet,review,"The event/apparatus/context exists, but this athlete is missing in the score sheet.",MAG D,12046,Chinese Championships,2025,Wang Haoran (Fujian),CHN,MAG,senior,HB,,,individual,qualification,3.7,False,0,,,,,,,,,,,,,,,,,,,,[]
orphan_56268d116648041e,athlete_missing_in_score_sheet,review,"The event/apparatus/context exists, but this athlete is missing in the score sheet.",MAG D,12046,Chinese Championships,2025,Wang Haoran (Fujian),CHN,MAG,senior,PH,,,individual,qualification,4.1,False,0,,,,,,,,,,,,,,,,,,,,[]
orphan_d9389289dc3454cb,athlete_missing_in_score_sheet,review,"The event/apparatus/context exists, but this athlete is missing in the score sheet.",MAG D,12046,Chinese Championships,2025,Wang Haoran (Fujian),CHN,MAG,senior,SR,,,individual,qualification,2.9,False,0,,,,,,,,,,,,,,,,,,,,[]
orphan_46f7b7c3ee7e852e,athlete_missing_in_score_sheet,review,"The event/apparatus/context exists, but this athlete is missing in the score sheet.",MAG D,12046,Chinese Championships,2025,Wang Haoran (Fujian),CHN,MAG,senior,VT,1,,individual,qualification,4.4,True,0,,,,,,,,,,,,,,,,,,,,[]
orphan_2fcdb3652a95b426,possible_context_mismatch,review,"Possible format, round, or day mismatch.",MAG D,12252,Chinese Championships,2025,Xian Yongzhuo,CHN,MAG,senior,FX,,,team,final,4.8,False,1,suggestion_96001e54428650c4,context_correction,0.65,"Same athlete/event/apparatus exists in the score sheet, but format, round, or day is different.",Chinese Championships,2025,Xian Yongzhuo,CHN,MAG,senior,FX,,,individual,qualification,13.5,4.9,MAG,12846,"[{""suggestion_id"": ""suggestion_96001e54428650c4"", ""suggestion_type"": ""context_correction"", ""confidence"": 0.65, ""message"": ""Same athlete/event/apparatus exists in the score sheet, but format, round, or day is different."", ""action"": ""attach_d_score_to_target_result"", ""changes"": {""format"": {""from"": ""team"", ""to"": ""individual""}, ""round"": {""from"": ""final"", ""to"": ""qualification""}, ""day"": {""from"": null, ""to"": null}}, ""target_result"": {""event_name"": ""Chinese Championships"", ""year"": 2025, ""athlete_name"": ""Xian Yongzhuo"", ""country"": ""CHN"", ""discipline"": ""MAG"", ""category"": ""senior"", ""apparatus"": ""FX"", ""vt_attempt"": null, ""day"": null, ""format"": ""individual"", ""round"": ""qualification"", ""score"": 13.5, ""D_score"": 4.9, ""vault_attempt_order_uncertain"": false, ""source_sheet"": ""MAG"", ""source_row"": 12846, ""target_id"": ""target_e0fe7b4b013e4cad""}}]"
orphan_07e78f6b01eb6605,possible_context_mismatch,review,"Possible format, round, or day mismatch.",MAG D,12252,Chinese Championships,2025,Xian Yongzhuo,CHN,MAG,senior,HB,,,team,final,4.0,False,1,suggestion_b4232e68b717105a,context_correction,0.65,"Same athlete/event/apparatus exists in the score sheet, but format, round, or day is different.",Chinese Championships,2025,Xian Yongzhuo,CHN,MAG,senior,HB,,,individual,qualification,11.233,4.0,MAG,12846,"[{""suggestion_id"": ""suggestion_b4232e68b717105a"", ""suggestion_type"": ""context_correction"", ""confidence"": 0.65, ""message"": ""Same athlete/event/apparatus exists in the score sheet, but format, round, or day is different."", ""action"": ""attach_d_score_to_target_result"", ""changes"": {""format"": {""from"": ""team"", ""to"": ""individual""}, ""round"": {""from"": ""final"", ""to"": ""qualification""}, ""day"": {""from"": null, ""to"": null}}, ""target_result"": {""event_name"": ""Chinese Championships"", ""year"": 2025, ""athlete_name"": ""Xian Yongzhuo"", ""country"": ""CHN"", ""discipline"": ""MAG"", ""category"": ""senior"", ""apparatus"": ""HB"", ""vt_attempt"": null, ""day"": null, ""format"": ""individual"", ""round"": ""qualification"", ""score"": 11.233, ""D_score"": 4.0, ""vault_attempt_order_uncertain"": false, ""source_sheet"": ""MAG"", ""source_row"": 12846, ""target_id"": ""target_095ab290c0143fe1""}}]"
orphan_e42b438dba6f07c7,possible_context_mismatch,review,"Possible format, round, or day mismatch.",MAG D,12252,Chinese Championships,2025,Xian Yongzhuo,CHN,MAG,senior,PH,,,team,final,4.0,False,1,suggestion_a5f8ae2537a357c9,context_correction,0.65,"Same athlete/event/apparatus exists in the score sheet, but format, round, or day is different.",Chinese Championships,2025,Xian Yongzhuo,CHN,MAG,senior,PH,,,individual,qualification,11.166,4.0,MAG,12846,"[{""suggestion_id"": ""suggestion_a5f8ae2537a357c9"", ""suggestion_type"": ""context_correction"", ""confidence"": 0.65, ""message"": ""Same athlete/event/apparatus exists in the score sheet, but format, round, or day is different."", ""action"": ""attach_d_score_to_target_result"", ""changes"": {""format"": {""from"": ""team"", ""to"": ""individual""}, ""round"": {""from"": ""final"", ""to"": ""qualification""}, ""day"": {""from"": null, ""to"": null}}, ""target_result"": {""event_name"": ""Chinese Championships"", ""year"": 2025, ""athlete_name"": ""Xian Yongzhuo"", ""country"": ""CHN"", ""discipline"": ""MAG"", ""category"": ""senior"", ""apparatus"": ""PH"", ""vt_attempt"": null, ""day"": null, ""format"": ""individual"", ""round"": ""qualification"", ""score"": 11.166, ""D_score"": 4.0, ""vault_attempt_order_uncertain"": false, ""source_sheet"": ""MAG"", ""source_row"": 12846, ""target_id"": ""target_6fa721821220a25e""}}]"
orphan_e775c4d6b76361d3,possible_context_mismatch,review,"Possible format, round, or day mismatch.",MAG D,12252,Chinese Championships,2025,Xian Yongzhuo,CHN,MAG,senior,SR,,,team,final,4.4,False,1,suggestion_0a0341d01d03ee84,context_correction,0.65,"Same athlete/event/apparatus exists in the score sheet, but format, round, or day is different.",Chinese Championships,2025,Xian Yongzhuo,CHN,MAG,senior,SR,,,individual,qualification,12.733,4.4,MAG,12846,"[{""suggestion_id"": ""suggestion_0a0341d01d03ee84"", ""suggestion_type"": ""context_correction"", ""confidence"": 0.65, ""message"": ""Same athlete/event/apparatus exists in the score sheet, but format, round, or day is different."", ""action"": ""attach_d_score_to_target_result"", ""changes"": {""format"": {""from"": ""team"", ""to"": ""individual""}, ""round"": {""from"": ""final"", ""to"": ""qualification""}, ""day"": {""from"": null, ""to"": null}}, ""target_result"": {""event_name"": ""Chinese Championships"", ""year"": 2025, ""athlete_name"": ""Xian Yongzhuo"", ""country"": ""CHN"", ""discipline"": ""MAG"", ""category"": ""senior"", ""apparatus"": ""SR"", ""vt_attempt"": null, ""day"": null, ""format"": ""individual"", ""round"": ""qualification"", ""score"": 12.733, ""D_score"": 4.4, ""vault_attempt_order_uncertain"": false, ""source_sheet"": ""MAG"", ""source_row"": 12846, ""target_id"": ""target_77456f3e89570dc3""}}]"
orphan_c13cdca815f3f2bd,possible_context_mismatch,review,"Possible format, round, or day mismatch.",MAG D,12740,Australian Championships,2025,Zachery Brotherton,AUS,MAG,senior,VT,1,,apparatus,final,4.4,True,1,suggestion_672841608fd08b92,context_correction,0.65,"Same athlete/event/apparatus exists in the score sheet, but format, round, or day is different.",Australian Championships,2025,Zachery Brotherton,AUS,MAG,senior,VT,1,,individual,final,12.55,3.6,MAG,13373,"[{""suggestion_id"": ""suggestion_672841608fd08b92"", ""suggestion_type"": ""context_correction"", ""confidence"": 0.65, ""message"": ""Same athlete/event/apparatus exists in the score sheet, but format, round, or day is different."", ""action"": ""attach_d_score_to_target_result"", ""changes"": {""format"": {""from"": ""apparatus"", ""to"": ""individual""}, ""round"": {""from"": ""final"", ""to"": ""final""}, ""day"": {""from"": null, ""to"": null}}, ""target_result"": {""event_name"": ""Australian Championships"", ""year"": 2025, ""athlete_name"": ""Zachery Brotherton"", ""country"": ""AUS"", ""discipline"": ""MAG"", ""category"": ""senior"", ""apparatus"": ""VT"", ""vt_attempt"": 1, ""day"": null, ""format"": ""individual"", ""round"": ""final"", ""score"": 12.55, ""D_score"": 3.6, ""vault_attempt_order_uncertain"": true, ""source_sheet"": ""MAG"", ""source_row"": 13373, ""target_id"": ""target_257782e020eb85d5""}}]"
orphan_665e8d9073797503,missing_final_score_for_context,review,"The athlete/event exists, but not this apparatus/context.",MAG D,12740,Australian Championships,2025,Zachery Brotherton,AUS,MAG,senior,VT,2,,apparatus,final,3.2,True,0,,,,,,,,,,,,,,,,,,,,[]
orphan_bbc787f11945b5f8,missing_final_score_for_context,review,"The athlete/event exists, but not this apparatus/context.",WAG D,26,Indian National Games,2025,Abhishma VK,IND,WAG,senior,VT,2,,individual,qualification,3.6,True,0,,,,,,,,,,,,,,,,,,,,[]
orphan_2e0418b0078b61c4,possible_event_name_mismatch,review,Possible event-name mismatch between the D sheet and the score sheet.,WAG D,272,All-Japan Event Championships,2025,Akiho Tokita,JPN,WAG,senior,BB,,,individual,qualification,5.2,False,1,suggestion_bdfe8be9c5881c19,event_name_correction,0.885,D-score event 'All-Japan Event Championships' may match score-sheet event 'All-Japan Championships'.,All-Japan Championships,2025,Akiho Tokita,JPN,WAG,senior,BB,,,individual,qualification,13.0,5.3,WAG,275,"[{""suggestion_id"": ""suggestion_bdfe8be9c5881c19"", ""suggestion_type"": ""event_name_correction"", ""confidence"": 0.885, ""message"": ""D-score event 'All-Japan Event Championships' may match score-sheet event 'All-Japan Championships'."", ""action"": ""attach_d_score_to_target_result"", ""changes"": {""event_name"": {""from"": ""All-Japan Event Championships"", ""to"": ""All-Japan Championships""}}, ""target_result"": {""event_name"": ""All-Japan Championships"", ""year"": 2025, ""athlete_name"": ""Akiho Tokita"", ""country"": ""JPN"", ""discipline"": ""WAG"", ""category"": ""senior"", ""apparatus"": ""BB"", ""vt_attempt"": null, ""day"": null, ""format"": ""individual"", ""round"": ""qualification"", ""score"": 13.0, ""D_score"": 5.3, ""vault_attempt_order_uncertain"": false, ""source_sheet"": ""WAG"", ""source_row"": 275, ""target_id"": ""target_d26b9942eed8d857""}}]"
orphan_ec101823050e3323,athlete_missing_in_score_sheet,review,"The event/apparatus/context exists, but this athlete is missing in the score sheet.",WAG D,424,2nd Italian Serie A,2025,Alessia Marena,ITA,WAG,senior,BB,,,individual,final,4.8,False,0,,,,,,,,,,,,,,,,,,,,[]
orphan_c9497af414d9f2c0,athlete_missing_in_score_sheet,review,"The event/apparatus/context exists, but this athlete is missing in the score sheet.",WAG D,424,2nd Italian Serie A,2025,Alessia Marena,ITA,WAG,senior,FX,,,individual,final,4.4,False,0,,,,,,,,,,,,,,,,,,,,[]
orphan_daafedfbb592fb5e,athlete_missing_in_score_sheet,review,"The event/apparatus/context exists, but this athlete is missing in the score sheet.",WAG D,424,2nd Italian Serie A,2025,Alessia Marena,ITA,WAG,senior,UB,,,individual,final,3.0,False,0,,,,,,,,,,,,,,,,,,,,[]
orphan_4a2b05f937df3acb,possible_context_mismatch,review,"Possible format, round, or day mismatch.",WAG D,603,Polish Championships,2025,Alicja Kupka,POL,WAG,junior,VT,2,,individual,final,3.0,True,1,suggestion_b6fa80e797b371e5,context_correction,0.65,"Same athlete/event/apparatus exists in the score sheet, but format, round, or day is different.",Polish Championships,2025,Alicja Kupka,POL,WAG,junior,VT,2,,apparatus,final,,3.0,WAG,631,"[{""suggestion_id"": ""suggestion_b6fa80e797b371e5"", ""suggestion_type"": ""context_correction"", ""confidence"": 0.65, ""message"": ""Same athlete/event/apparatus exists in the score sheet, but format, round, or day is different."", ""action"": ""attach_d_score_to_target_result"", ""changes"": {""format"": {""from"": ""individual"", ""to"": ""apparatus""}, ""round"": {""from"": ""final"", ""to"": ""final""}, ""day"": {""from"": null, ""to"": null}}, ""target_result"": {""event_name"": ""Polish Championships"", ""year"": 2025, ""athlete_name"": ""Alicja Kupka"", ""country"": ""POL"", ""discipline"": ""WAG"", ""category"": ""junior"", ""apparatus"": ""VT"", ""vt_attempt"": 2, ""day"": null, ""format"": ""apparatus"", ""round"": ""final"", ""score"": null, ""D_score"": 3.0, ""vault_attempt_order_uncertain"": true, ""source_sheet"": ""WAG"", ""source_row"": 631, ""target_id"": ""target_55c5d747cf45edf7""}}]"
orphan_64b2c11620aca4c8,possible_context_mismatch,review,"Possible format, round, or day mismatch.",WAG D,846,Tashkent Challenge Cup,2025,Ameli Mukusheva,KAZ,WAG,senior,VT,1,,apparatus,final,3.6,True,1,suggestion_adce64d38c1aecda,context_correction,0.65,"Same athlete/event/apparatus exists in the score sheet, but format, round, or day is different.",Tashkent Challenge Cup,2025,Ameli Mukusheva,KAZ,WAG,senior,VT,1,,individual,qualification,12.2,3.6,WAG,873,"[{""suggestion_id"": ""suggestion_adce64d38c1aecda"", ""suggestion_type"": ""context_correction"", ""confidence"": 0.65, ""message"": ""Same athlete/event/apparatus exists in the score sheet, but format, round, or day is different."", ""action"": ""attach_d_score_to_target_result"", ""changes"": {""format"": {""from"": ""apparatus"", ""to"": ""individual""}, ""round"": {""from"": ""final"", ""to"": ""qualification""}, ""day"": {""from"": null, ""to"": null}}, ""target_result"": {""event_name"": ""Tashkent Challenge Cup"", ""year"": 2025, ""athlete_name"": ""Ameli Mukusheva"", ""country"": ""KAZ"", ""discipline"": ""WAG"", ""category"": ""senior"", ""apparatus"": ""VT"", ""vt_attempt"": 1, ""day"": null, ""format"": ""individual"", ""round"": ""qualification"", ""score"": 12.2, ""D_score"": 3.6, ""vault_attempt_order_uncertain"": true, ""source_sheet"": ""WAG"", ""source_row"": 873, ""target_id"": ""target_76f477517158de0f""}}]"
orphan_0a32b1ebb0f9d959,possible_context_mismatch,review,"Possible format, round, or day mismatch.",WAG D,846,Tashkent Challenge Cup,2025,Ameli Mukusheva,KAZ,WAG,senior,VT,2,,apparatus,final,3.4,True,1,suggestion_5faba23f768a1d90,context_correction,0.65,"Same athlete/event/apparatus exists in the score sheet, but format, round, or day is different.",Tashkent Challenge Cup,2025,Ameli Mukusheva,KAZ,WAG,senior,VT,2,,individual,qualification,,3.4,WAG,873,"[{""suggestion_id"": ""suggestion_5faba23f768a1d90"", ""suggestion_type"": ""context_correction"", ""confidence"": 0.65, ""message"": ""Same athlete/event/apparatus exists in the score sheet, but format, round, or day is different."", ""action"": ""attach_d_score_to_target_result"", ""changes"": {""format"": {""from"": ""apparatus"", ""to"": ""individual""}, ""round"": {""from"": ""final"", ""to"": ""qualification""}, ""day"": {""from"": null, ""to"": null}}, ""target_result"": {""event_name"": ""Tashkent Challenge Cup"", ""year"": 2025, ""athlete_name"": ""Ameli Mukusheva"", ""country"": ""KAZ"", ""discipline"": ""WAG"", ""category"": ""senior"", ""apparatus"": ""VT"", ""vt_attempt"": 2, ""day"": null, ""format"": ""individual"", ""round"": ""qualification"", ""score"": null, ""D_score"": 3.4, ""vault_attempt_order_uncertain"": true, ""source_sheet"": ""WAG"", ""source_row"": 873, ""target_id"": ""target_f552554a03677648""}}]"
orphan_3252743db43e0789,possible_context_mismatch,review,"Possible format, round, or day mismatch.",WAG D,1272,Dutch Championships,2025,Aniek Clabbers,NED,WAG,junior,VT,2,,individual,final,3.0,True,1,suggestion_7a08711ef4e25210,context_correction,0.65,"Same athlete/event/apparatus exists in the score sheet, but format, round, or day is different.",Dutch Championships,2025,Aniek Clabbers,NED,WAG,junior,VT,2,,apparatus,final,,3.0,WAG,1320,"[{""suggestion_id"": ""suggestion_7a08711ef4e25210"", ""suggestion_type"": ""context_correction"", ""confidence"": 0.65, ""message"": ""Same athlete/event/apparatus exists in the score sheet, but format, round, or day is different."", ""action"": ""attach_d_score_to_target_result"", ""changes"": {""format"": {""from"": ""individual"", ""to"": ""apparatus""}, ""round"": {""from"": ""final"", ""to"": ""final""}, ""day"": {""from"": null, ""to"": null}}, ""target_result"": {""event_name"": ""Dutch Championships"", ""year"": 2025, ""athlete_name"": ""Aniek Clabbers"", ""country"": ""NED"", ""discipline"": ""WAG"", ""category"": ""junior"", ""apparatus"": ""VT"", ""vt_attempt"": 2, ""day"": null, ""format"": ""apparatus"", ""round"": ""final"", ""score"": null, ""D_score"": 3.0, ""vault_attempt_order_uncertain"": true, ""source_sheet"": ""WAG"", ""source_row"": 1320, ""target_id"": ""target_e6e92473c7d16530""}}]"
orphan_85e44f0f61cdb559,missing_final_score_for_context,review,"The athlete/event exists, but not this apparatus/context.",WAG D,1274,Polish Championships,2025,Aniela Torous,POL,WAG,junior,VT,2,,individual,final,2.4,True,0,,,,,,,,,,,,,,,,,,,,[]
orphan_a1d12aac1921bdb9,missing_final_score_for_context,review,"The athlete/event exists, but not this apparatus/context.",WAG D,1316,Indian National Games,2025,Anjali Raghavan,IND,WAG,senior,VT,2,,individual,qualification,2.0,True,0,,,,,,,,,,,,,,,,,,,,[]
orphan_3a5833ceb8d24230,missing_final_score_for_context,review,"The athlete/event exists, but not this apparatus/context.",WAG D,1437,Dutch Championships,2025,Anna Reijse,NED,WAG,junior,VT,2,,individual,final,3.0,True,0,,,,,,,,,,,,,,,,,,,,[]
orphan_332696b06b5a9f3a,possible_context_mismatch,review,"Possible format, round, or day mismatch.",WAG D,1475,Austrian Championships,2025,Anna-Lena Kraxner,AUT,WAG,junior,VT,1,,apparatus,final,3.4,True,1,suggestion_1afabfd67ec0bdb0,context_correction,0.65,"Same athlete/event/apparatus exists in the score sheet, but format, round, or day is different.",Austrian Championships,2025,Anna-Lena Kraxner,AUT,WAG,junior,VT,1,,individual,final,11.9,3.4,WAG,1519,"[{""suggestion_id"": ""suggestion_1afabfd67ec0bdb0"", ""suggestion_type"": ""context_correction"", ""confidence"": 0.65, ""message"": ""Same athlete/event/apparatus exists in the score sheet, but format, round, or day is different."", ""action"": ""attach_d_score_to_target_result"", ""changes"": {""format"": {""from"": ""apparatus"", ""to"": ""individual""}, ""round"": {""from"": ""final"", ""to"": ""final""}, ""day"": {""from"": null, ""to"": null}}, ""target_result"": {""event_name"": ""Austrian Championships"", ""year"": 2025, ""athlete_name"": ""Anna-Lena Kraxner"", ""country"": ""AUT"", ""discipline"": ""WAG"", ""category"": ""junior"", ""apparatus"": ""VT"", ""vt_attempt"": 1, ""day"": null, ""format"": ""individual"", ""round"": ""final"", ""score"": 11.9, ""D_score"": 3.4, ""vault_attempt_order_uncertain"": true, ""source_sheet"": ""WAG"", ""source_row"": 1519, ""target_id"": ""target_78589312c6ef4805""}}]"
orphan_64a6c946bf552dc7,possible_context_mismatch,review,"Possible format, round, or day mismatch.",WAG D,1475,Austrian Championships,2025,Anna-Lena Kraxner,AUT,WAG,junior,VT,2,,apparatus,final,3.2,True,1,suggestion_b88a35733ba8c188,context_correction,0.65,"Same athlete/event/apparatus exists in the score sheet, but format, round, or day is different.",Austrian Championships,2025,Anna-Lena Kraxner,AUT,WAG,junior,VT,2,,individual,final,,3.2,WAG,1519,"[{""suggestion_id"": ""suggestion_b88a35733ba8c188"", ""suggestion_type"": ""context_correction"", ""confidence"": 0.65, ""message"": ""Same athlete/event/apparatus exists in the score sheet, but format, round, or day is different."", ""action"": ""attach_d_score_to_target_result"", ""changes"": {""format"": {""from"": ""apparatus"", ""to"": ""individual""}, ""round"": {""from"": ""final"", ""to"": ""final""}, ""day"": {""from"": null, ""to"": null}}, ""target_result"": {""event_name"": ""Austrian Championships"", ""year"": 2025, ""athlete_name"": ""Anna-Lena Kraxner"", ""country"": ""AUT"", ""discipline"": ""WAG"", ""category"": ""junior"", ""apparatus"": ""VT"", ""vt_attempt"": 2, ""day"": null, ""format"": ""individual"", ""round"": ""final"", ""score"": null, ""D_score"": 3.2, ""vault_attempt_order_uncertain"": true, ""source_sheet"": ""WAG"", ""source_row"": 1519, ""target_id"": ""target_26255a39a579cd2e""}}]"
orphan_9e094d2f4a81beeb,missing_final_score_for_context,review,"The athlete/event exists, but not this apparatus/context.",WAG D,1607,Polish Championships,2025,Antonina Wytrykowska,POL,WAG,junior,VT,2,,individual,final,1.6,True,0,,,,,,,,,,,,,,,,,,,,[]
orphan_4b703dd371c799a3,possible_context_mismatch,review,"Possible format, round, or day mismatch.",WAG D,1804,Gymnastics Legends,2025,Asliyakhon Abdukadirova,UZB,WAG,junior,FX,,,apparatus,final,4.6,False,1,suggestion_792b96285d37302f,context_correction,0.65,"Same athlete/event/apparatus exists in the score sheet, but format, round, or day is different.",Gymnastics Legends,2025,Asliyakhon Abdukadirova,UZB,WAG,junior,FX,,,individual,final,11.95,4.6,WAG,1869,"[{""suggestion_id"": ""suggestion_792b96285d37302f"", ""suggestion_type"": ""context_correction"", ""confidence"": 0.65, ""message"": ""Same athlete/event/apparatus exists in the score sheet, but format, round, or day is different."", ""action"": ""attach_d_score_to_target_result"", ""changes"": {""format"": {""from"": ""apparatus"", ""to"": ""individual""}, ""round"": {""from"": ""final"", ""to"": ""final""}, ""day"": {""from"": null, ""to"": null}}, ""target_result"": {""event_name"": ""Gymnastics Legends"", ""year"": 2025, ""athlete_name"": ""Asliyakhon Abdukadirova"", ""country"": ""UZB"", ""discipline"": ""WAG"", ""category"": ""junior"", ""apparatus"": ""FX"", ""vt_attempt"": null, ""day"": null, ""format"": ""individual"", ""round"": ""final"", ""score"": 11.95, ""D_score"": 4.6, ""vault_attempt_order_uncertain"": false, ""source_sheet"": ""WAG"", ""source_row"": 1869, ""target_id"": ""target_4fa39bb0c8206669""}}]"
orphan_018c66c373b26e03,possible_athlete_name_typo,review,Possible athlete-name typo between the D sheet and the score sheet.,WAG D,1811,Top 12 Series 4,2025,Astria Nelo,FRA,WAG,senior,BB,,,individual,final,4.4,False,1,suggestion_251ef08c899c7b08,athlete_name_correction,0.909,D-score athlete 'Astria Nelo' probably matches score-sheet athlete 'Astria Nélo'.,Top 12 Series 4,2025,Astria Nélo,FRA,WAG,senior,BB,,,individual,final,11.233,,WAG,1880,"[{""suggestion_id"": ""suggestion_251ef08c899c7b08"", ""suggestion_type"": ""athlete_name_correction"", ""confidence"": 0.909, ""message"": ""D-score athlete 'Astria Nelo' probably matches score-sheet athlete 'Astria Nélo'."", ""action"": ""attach_d_score_to_target_result"", ""changes"": {""athlete_name"": {""from"": ""Astria Nelo"", ""to"": ""Astria Nélo""}}, ""target_result"": {""event_name"": ""Top 12 Series 4"", ""year"": 2025, ""athlete_name"": ""Astria Nélo"", ""country"": ""FRA"", ""discipline"": ""WAG"", ""category"": ""senior"", ""apparatus"": ""BB"", ""vt_attempt"": null, ""day"": null, ""format"": ""individual"", ""round"": ""final"", ""score"": 11.233, ""D_score"": null, ""vault_attempt_order_uncertain"": false, ""source_sheet"": ""WAG"", ""source_row"": 1880, ""target_id"": ""target_b83e9eba5d77aeaf""}}]"
orphan_8f905309a68dc476,possible_athlete_name_typo,review,Possible athlete-name typo between the D sheet and the score sheet.,WAG D,1811,Top 12 Series 4,2025,Astria Nelo,FRA,WAG,senior,FX,,,individual,final,5.0,False,1,suggestion_19da578f9a3ccca8,athlete_name_correction,0.909,D-score athlete 'Astria Nelo' probably matches score-sheet athlete 'Astria Nélo'.,Top 12 Series 4,2025,Astria Nélo,FRA,WAG,senior,FX,,,individual,final,12.6,,WAG,1880,"[{""suggestion_id"": ""suggestion_19da578f9a3ccca8"", ""suggestion_type"": ""athlete_name_correction"", ""confidence"": 0.909, ""message"": ""D-score athlete 'Astria Nelo' probably matches score-sheet athlete 'Astria Nélo'."", ""action"": ""attach_d_score_to_target_result"", ""changes"": {""athlete_name"": {""from"": ""Astria Nelo"", ""to"": ""Astria Nélo""}}, ""target_result"": {""event_name"": ""Top 12 Series 4"", ""year"": 2025, ""athlete_name"": ""Astria Nélo"", ""country"": ""FRA"", ""discipline"": ""WAG"", ""category"": ""senior"", ""apparatus"": ""FX"", ""vt_attempt"": null, ""day"": null, ""format"": ""individual"", ""round"": ""final"", ""score"": 12.6, ""D_score"": null, ""vault_attempt_order_uncertain"": false, ""source_sheet"": ""WAG"", ""source_row"": 1880, ""target_id"": ""target_6435e2e609ac5fcf""}}]"
orphan_ddec086da5cb3b0b,possible_athlete_name_typo,review,Possible athlete-name typo between the D sheet and the score sheet.,WAG D,1811,Top 12 Series 4,2025,Astria Nelo,FRA,WAG,senior,UB,,,individual,final,4.7,False,1,suggestion_2ebd883e092a0558,athlete_name_correction,0.909,D-score athlete 'Astria Nelo' probably matches score-sheet athlete 'Astria Nélo'.,Top 12 Series 4,2025,Astria Nélo,FRA,WAG,senior,UB,,,individual,final,12.833,,WAG,1880,"[{""suggestion_id"": ""suggestion_2ebd883e092a0558"", ""suggestion_type"": ""athlete_name_correction"", ""confidence"": 0.909, ""message"": ""D-score athlete 'Astria Nelo' probably matches score-sheet athlete 'Astria Nélo'."", ""action"": ""attach_d_score_to_target_result"", ""changes"": {""athlete_name"": {""from"": ""Astria Nelo"", ""to"": ""Astria Nélo""}}, ""target_result"": {""event_name"": ""Top 12 Series 4"", ""year"": 2025, ""athlete_name"": ""Astria Nélo"", ""country"": ""FRA"", ""discipline"": ""WAG"", ""category"": ""senior"", ""apparatus"": ""UB"", ""vt_attempt"": null, ""day"": null, ""format"": ""individual"", ""round"": ""final"", ""score"": 12.833, ""D_score"": null, ""vault_attempt_order_uncertain"": false, ""source_sheet"": ""WAG"", ""source_row"": 1880, ""target_id"": ""target_63b77cb9432f7739""}}]"
orphan_9d86f456638f1f29,possible_athlete_name_typo,review,Possible athlete-name typo between the D sheet and the score sheet.,WAG D,1811,Top 12 Series 4,2025,Astria Nelo,FRA,WAG,senior,VT,1,,individual,final,4.2,True,1,suggestion_560c94a72aad6944,athlete_name_correction,0.909,D-score athlete 'Astria Nelo' probably matches score-sheet athlete 'Astria Nélo'.,Top 12 Series 4,2025,Astria Nélo,FRA,WAG,senior,VT,1,,individual,final,13.033,,WAG,1880,"[{""suggestion_id"": ""suggestion_560c94a72aad6944"", ""suggestion_type"": ""athlete_name_correction"", ""confidence"": 0.909, ""message"": ""D-score athlete 'Astria Nelo' probably matches score-sheet athlete 'Astria Nélo'."", ""action"": ""attach_d_score_to_target_result"", ""changes"": {""athlete_name"": {""from"": ""Astria Nelo"", ""to"": ""Astria Nélo""}}, ""target_result"": {""event_name"": ""Top 12 Series 4"", ""year"": 2025, ""athlete_name"": ""Astria Nélo"", ""country"": ""FRA"", ""discipline"": ""WAG"", ""category"": ""senior"", ""apparatus"": ""VT"", ""vt_attempt"": 1, ""day"": null, ""format"": ""individual"", ""round"": ""final"", ""score"": 13.033, ""D_score"": null, ""vault_attempt_order_uncertain"": true, ""source_sheet"": ""WAG"", ""source_row"": 1880, ""target_id"": ""target_971b36eab354d326""}}]"
orphan_353ccba11ea879af,possible_athlete_name_typo,review,Possible athlete-name typo between the D sheet and the score sheet.,WAG D,1812,Top 12 Finals,2025,Astria Nelo,FRA,WAG,senior,BB,,,individual,final,5.0,False,1,suggestion_a56df8a197d6473c,athlete_name_correction,0.909,D-score athlete 'Astria Nelo' probably matches score-sheet athlete 'Astria Nélo'.,Top 12 Finals,2025,Astria Nélo,FRA,WAG,senior,BB,,,individual,final,12.6,,WAG,1886,"[{""suggestion_id"": ""suggestion_a56df8a197d6473c"", ""suggestion_type"": ""athlete_name_correction"", ""confidence"": 0.909, ""message"": ""D-score athlete 'Astria Nelo' probably matches score-sheet athlete 'Astria Nélo'."", ""action"": ""attach_d_score_to_target_result"", ""changes"": {""athlete_name"": {""from"": ""Astria Nelo"", ""to"": ""Astria Nélo""}}, ""target_result"": {""event_name"": ""Top 12 Finals"", ""year"": 2025, ""athlete_name"": ""Astria Nélo"", ""country"": ""FRA"", ""discipline"": ""WAG"", ""category"": ""senior"", ""apparatus"": ""BB"", ""vt_attempt"": null, ""day"": null, ""format"": ""individual"", ""round"": ""final"", ""score"": 12.6, ""D_score"": null, ""vault_attempt_order_uncertain"": false, ""source_sheet"": ""WAG"", ""source_row"": 1886, ""target_id"": ""target_f1350755fef13315""}}]"
orphan_ea5aff9303c12be5,possible_athlete_name_typo,review,Possible athlete-name typo between the D sheet and the score sheet.,WAG D,1812,Top 12 Finals,2025,Astria Nelo,FRA,WAG,senior,UB,,,individual,final,4.7,False,1,suggestion_e5fd07f6d09c6002,athlete_name_correction,0.909,D-score athlete 'Astria Nelo' probably matches score-sheet athlete 'Astria Nélo'.,Top 12 Finals,2025,Astria Nélo,FRA,WAG,senior,UB,,,individual,final,12.8,,WAG,1886,"[{""suggestion_id"": ""suggestion_e5fd07f6d09c6002"", ""suggestion_type"": ""athlete_name_correction"", ""confidence"": 0.909, ""message"": ""D-score athlete 'Astria Nelo' probably matches score-sheet athlete 'Astria Nélo'."", ""action"": ""attach_d_score_to_target_result"", ""changes"": {""athlete_name"": {""from"": ""Astria Nelo"", ""to"": ""Astria Nélo""}}, ""target_result"": {""event_name"": ""Top 12 Finals"", ""year"": 2025, ""athlete_name"": ""Astria Nélo"", ""country"": ""FRA"", ""discipline"": ""WAG"", ""category"": ""senior"", ""apparatus"": ""UB"", ""vt_attempt"": null, ""day"": null, ""format"": ""individual"", ""round"": ""final"", ""score"": 12.8, ""D_score"": null, ""vault_attempt_order_uncertain"": false, ""source_sheet"": ""WAG"", ""source_row"": 1886, ""target_id"": ""target_1644d78fbfe87978""}}]"
orphan_34ed87fd3b9824f0,possible_athlete_name_typo,review,Possible athlete-name typo between the D sheet and the score sheet.,WAG D,1812,Top 12 Finals,2025,Astria Nelo,FRA,WAG,senior,VT,1,,individual,final,4.2,True,1,suggestion_a58d05d00e2ae39a,athlete_name_correction,0.909,D-score athlete 'Astria Nelo' probably matches score-sheet athlete 'Astria Nélo'.,Top 12 Finals,2025,Astria Nélo,FRA,WAG,senior,VT,1,,individual,final,13.175,,WAG,1886,"[{""suggestion_id"": ""suggestion_a58d05d00e2ae39a"", ""suggestion_type"": ""athlete_name_correction"", ""confidence"": 0.909, ""message"": ""D-score athlete 'Astria Nelo' probably matches score-sheet athlete 'Astria Nélo'."", ""action"": ""attach_d_score_to_target_result"", ""changes"": {""athlete_name"": {""from"": ""Astria Nelo"", ""to"": ""Astria Nélo""}}, ""target_result"": {""event_name"": ""Top 12 Finals"", ""year"": 2025, ""athlete_name"": ""Astria Nélo"", ""country"": ""FRA"", ""discipline"": ""WAG"", ""category"": ""senior"", ""apparatus"": ""VT"", ""vt_attempt"": 1, ""day"": null, ""format"": ""individual"", ""round"": ""final"", ""score"": 13.175, ""D_score"": null, ""vault_attempt_order_uncertain"": true, ""source_sheet"": ""WAG"", ""source_row"": 1886, ""target_id"": ""target_b41f5540c7fdfcb6""}}]"
orphan_97b2f14fdfcf7e71,possible_athlete_name_typo,review,Possible athlete-name typo between the D sheet and the score sheet.,WAG D,1813,Top 12 Series 3,2025,Astria Nelo,FRA,WAG,senior,BB,,,individual,final,4.6,False,1,suggestion_d17211ada84dc12a,athlete_name_correction,0.909,D-score athlete 'Astria Nelo' probably matches score-sheet athlete 'Astria Nélo'.,Top 12 Series 3,2025,Astria Nélo,FRA,WAG,senior,BB,,,individual,final,12.733,,WAG,1885,"[{""suggestion_id"": ""suggestion_d17211ada84dc12a"", ""suggestion_type"": ""athlete_name_correction"", ""confidence"": 0.909, ""message"": ""D-score athlete 'Astria Nelo' probably matches score-sheet athlete 'Astria Nélo'."", ""action"": ""attach_d_score_to_target_result"", ""changes"": {""athlete_name"": {""from"": ""Astria Nelo"", ""to"": ""Astria Nélo""}}, ""target_result"": {""event_name"": ""Top 12 Series 3"", ""year"": 2025, ""athlete_name"": ""Astria Nélo"", ""country"": ""FRA"", ""discipline"": ""WAG"", ""category"": ""senior"", ""apparatus"": ""BB"", ""vt_attempt"": null, ""day"": null, ""format"": ""individual"", ""round"": ""final"", ""score"": 12.733, ""D_score"": null, ""vault_attempt_order_uncertain"": false, ""source_sheet"": ""WAG"", ""source_row"": 1885, ""target_id"": ""target_6d184dcac709e70a""}}]"
orphan_e2c7eb833a1e7f27,possible_athlete_name_typo,review,Possible athlete-name typo between the D sheet and the score sheet.,WAG D,1813,Top 12 Series 3,2025,Astria Nelo,FRA,WAG,senior,UB,,,individual,final,4.6,False,1,suggestion_fd1da5683a88db32,athlete_name_correction,0.909,D-score athlete 'Astria Nelo' probably matches score-sheet athlete 'Astria Nélo'.,Top 12 Series 3,2025,Astria Nélo,FRA,WAG,senior,UB,,,individual,final,12.533,,WAG,1885,"[{""suggestion_id"": ""suggestion_fd1da5683a88db32"", ""suggestion_type"": ""athlete_name_correction"", ""confidence"": 0.909, ""message"": ""D-score athlete 'Astria Nelo' probably matches score-sheet athlete 'Astria Nélo'."", ""action"": ""attach_d_score_to_target_result"", ""changes"": {""athlete_name"": {""from"": ""Astria Nelo"", ""to"": ""Astria Nélo""}}, ""target_result"": {""event_name"": ""Top 12 Series 3"", ""year"": 2025, ""athlete_name"": ""Astria Nélo"", ""country"": ""FRA"", ""discipline"": ""WAG"", ""category"": ""senior"", ""apparatus"": ""UB"", ""vt_attempt"": null, ""day"": null, ""format"": ""individual"", ""round"": ""final"", ""score"": 12.533, ""D_score"": null, ""vault_attempt_order_uncertain"": false, ""source_sheet"": ""WAG"", ""source_row"": 1885, ""target_id"": ""target_269b80538dc4ef0e""}}]"
orphan_0f24d4837c2e3be0,possible_athlete_name_typo,review,Possible athlete-name typo between the D sheet and the score sheet.,WAG D,1813,Top 12 Series 3,2025,Astria Nelo,FRA,WAG,senior,VT,1,,individual,final,4.2,True,1,suggestion_a462c13cd29533c6,athlete_name_correction,0.909,D-score athlete 'Astria Nelo' probably matches score-sheet athlete 'Astria Nélo'.,Top 12 Series 3,2025,Astria Nélo,FRA,WAG,senior,VT,1,,individual,final,13.033,,WAG,1885,"[{""suggestion_id"": ""suggestion_a462c13cd29533c6"", ""suggestion_type"": ""athlete_name_correction"", ""confidence"": 0.909, ""message"": ""D-score athlete 'Astria Nelo' probably matches score-sheet athlete 'Astria Nélo'."", ""action"": ""attach_d_score_to_target_result"", ""changes"": {""athlete_name"": {""from"": ""Astria Nelo"", ""to"": ""Astria Nélo""}}, ""target_result"": {""event_name"": ""Top 12 Series 3"", ""year"": 2025, ""athlete_name"": ""Astria Nélo"", ""country"": ""FRA"", ""discipline"": ""WAG"", ""category"": ""senior"", ""apparatus"": ""VT"", ""vt_attempt"": 1, ""day"": null, ""format"": ""individual"", ""round"": ""final"", ""score"": 13.033, ""D_score"": null, ""vault_attempt_order_uncertain"": true, ""source_sheet"": ""WAG"", ""source_row"": 1885, ""target_id"": ""target_e66dcab9665e59ad""}}]"
orphan_1457bc862e7dce1b,possible_context_mismatch,review,"Possible format, round, or day mismatch.",WAG D,2125,Tashkent Challenge Cup,2025,Bengisu Yildiz,TUR,WAG,senior,VT,1,,apparatus,final,4.4,True,1,suggestion_0f141a3bd2d37cec,context_correction,0.65,"Same athlete/event/apparatus exists in the score sheet, but format, round, or day is different.",Tashkent Challenge Cup,2025,Bengisu Yildiz,TUR,WAG,senior,VT,1,,individual,qualification,12.9,4.4,WAG,2205,"[{""suggestion_id"": ""suggestion_0f141a3bd2d37cec"", ""suggestion_type"": ""context_correction"", ""confidence"": 0.65, ""message"": ""Same athlete/event/apparatus exists in the score sheet, but format, round, or day is different."", ""action"": ""attach_d_score_to_target_result"", ""changes"": {""format"": {""from"": ""apparatus"", ""to"": ""individual""}, ""round"": {""from"": ""final"", ""to"": ""qualification""}, ""day"": {""from"": null, ""to"": null}}, ""target_result"": {""event_name"": ""Tashkent Challenge Cup"", ""year"": 2025, ""athlete_name"": ""Bengisu Yildiz"", ""country"": ""TUR"", ""discipline"": ""WAG"", ""category"": ""senior"", ""apparatus"": ""VT"", ""vt_attempt"": 1, ""day"": null, ""format"": ""individual"", ""round"": ""qualification"", ""score"": 12.9, ""D_score"": 4.4, ""vault_attempt_order_uncertain"": true, ""source_sheet"": ""WAG"", ""source_row"": 2205, ""target_id"": ""target_827325574d3ac787""}}]"
orphan_16ab483f408812fa,possible_context_mismatch,review,"Possible format, round, or day mismatch.",WAG D,2125,Tashkent Challenge Cup,2025,Bengisu Yildiz,TUR,WAG,senior,VT,2,,apparatus,final,4.2,True,1,suggestion_4edf7f652a82ec2e,context_correction,0.65,"Same athlete/event/apparatus exists in the score sheet, but format, round, or day is different.",Tashkent Challenge Cup,2025,Bengisu Yildiz,TUR,WAG,senior,VT,2,,individual,qualification,,4.2,WAG,2205,"[{""suggestion_id"": ""suggestion_4edf7f652a82ec2e"", ""suggestion_type"": ""context_correction"", ""confidence"": 0.65, ""message"": ""Same athlete/event/apparatus exists in the score sheet, but format, round, or day is different."", ""action"": ""attach_d_score_to_target_result"", ""changes"": {""format"": {""from"": ""apparatus"", ""to"": ""individual""}, ""round"": {""from"": ""final"", ""to"": ""qualification""}, ""day"": {""from"": null, ""to"": null}}, ""target_result"": {""event_name"": ""Tashkent Challenge Cup"", ""year"": 2025, ""athlete_name"": ""Bengisu Yildiz"", ""country"": ""TUR"", ""discipline"": ""WAG"", ""category"": ""senior"", ""apparatus"": ""VT"", ""vt_attempt"": 2, ""day"": null, ""format"": ""individual"", ""round"": ""qualification"", ""score"": null, ""D_score"": 4.2, ""vault_attempt_order_uncertain"": true, ""source_sheet"": ""WAG"", ""source_row"": 2205, ""target_id"": ""target_5652ab4cd42b6f6f""}}]"
orphan_33498e2bdc5f3003,athlete_missing_in_score_sheet,review,"The event/apparatus/context exists, but this athlete is missing in the score sheet.",WAG D,2453,1st Spanish League,2025,Carlota Moreno,ESP,WAG,senior,BB,,,individual,final,4.7,False,0,,,,,,,,,,,,,,,,,,,,[]
orphan_0b9c013a30826817,athlete_missing_in_score_sheet,review,"The event/apparatus/context exists, but this athlete is missing in the score sheet.",WAG D,2453,1st Spanish League,2025,Carlota Moreno,ESP,WAG,senior,FX,,,individual,final,4.1,False,0,,,,,,,,,,,,,,,,,,,,[]
orphan_be2df5fa04abb680,athlete_missing_in_score_sheet,review,"The event/apparatus/context exists, but this athlete is missing in the score sheet.",WAG D,2453,1st Spanish League,2025,Carlota Moreno,ESP,WAG,senior,UB,,,individual,final,2.2,False,0,,,,,,,,,,,,,,,,,,,,[]
orphan_7a2caf9f06a07ef7,athlete_missing_in_score_sheet,review,"The event/apparatus/context exists, but this athlete is missing in the score sheet.",WAG D,2453,1st Spanish League,2025,Carlota Moreno,ESP,WAG,senior,VT,1,,individual,final,3.4,True,0,,,,,,,,,,,,,,,,,,,,[]
orphan_fb778a76597ede6c,athlete_missing_in_score_sheet,review,"The event/apparatus/context exists, but this athlete is missing in the score sheet.",WAG D,2625,Chinese Championships,2025,Chang Ruohan,CHN,WAG,senior,BB,,,individual,qualification,5.7,False,0,,,,,,,,,,,,,,,,,,,,[]
orphan_a5d3dc2cc8dabaff,athlete_missing_in_score_sheet,review,"The event/apparatus/context exists, but this athlete is missing in the score sheet.",WAG D,2625,Chinese Championships,2025,Chang Ruohan,CHN,WAG,senior,FX,,,individual,qualification,4.7,False,0,,,,,,,,,,,,,,,,,,,,[]
orphan_8e9b838e92da1c0a,athlete_missing_in_score_sheet,review,"The event/apparatus/context exists, but this athlete is missing in the score sheet.",WAG D,2625,Chinese Championships,2025,Chang Ruohan,CHN,WAG,senior,UB,,,individual,qualification,4.5,False,0,,,,,,,,,,,,,,,,,,,,[]
orphan_e692fdffb9049d89,athlete_missing_in_score_sheet,review,"The event/apparatus/context exists, but this athlete is missing in the score sheet.",WAG D,2625,Chinese Championships,2025,Chang Ruohan,CHN,WAG,senior,VT,1,,individual,qualification,4.4,True,0,,,,,,,,,,,,,,,,,,,,[]
orphan_26061619e59052b6,athlete_missing_in_score_sheet,review,"The event/apparatus/context exists, but this athlete is missing in the score sheet.",WAG D,2626,Chinese Championships,2025,Chang Ruohan,CHN,WAG,senior,BB,,,team,final,5.4,False,0,,,,,,,,,,,,,,,,,,,,[]
orphan_2fbd730f9a03b548,athlete_missing_in_score_sheet,review,"The event/apparatus/context exists, but this athlete is missing in the score sheet.",WAG D,2751,Chinese Championships,2025,Chen XInyun,CHN,WAG,senior,FX,,,individual,qualification,4.5,False,0,,,,,,,,,,,,,,,,,,,,[]
orphan_e5d9fba63bd53240,athlete_missing_in_score_sheet,review,"The event/apparatus/context exists, but this athlete is missing in the score sheet.",WAG D,2751,Chinese Championships,2025,Chen XInyun,CHN,WAG,senior,UB,,,individual,qualification,5.2,False,0,,,,,,,,,,,,,,,,,,,,[]
orphan_ecafcec4d17d8fcd,athlete_missing_in_score_sheet,review,"The event/apparatus/context exists, but this athlete is missing in the score sheet.",WAG D,2751,Chinese Championships,2025,Chen XInyun,CHN,WAG,senior,VT,1,,individual,qualification,4.2,True,0,,,,,,,,,,,,,,,,,,,,[]
orphan_c70aecec4b78fd6f,athlete_missing_in_score_sheet,review,"The event/apparatus/context exists, but this athlete is missing in the score sheet.",WAG D,2752,Chinese Championships,2025,Chen Xinyun,CHN,WAG,senior,UB,,,team,final,5.6,False,0,,,,,,,,,,,,,,,,,,,,[]
orphan_62d0ca90cbed210c,athlete_missing_in_score_sheet,review,"The event/apparatus/context exists, but this athlete is missing in the score sheet.",WAG D,2752,Chinese Championships,2025,Chen Xinyun,CHN,WAG,senior,VT,1,,team,final,4.2,True,0,,,,,,,,,,,,,,,,,,,,[]
orphan_9362e11399df6f8a,possible_context_mismatch,review,"Possible format, round, or day mismatch.",WAG D,2771,China Junior National Games,2025,Chen Ziyan,CHN,WAG,junior,VT,2,,individual,qualification,3.6,True,2,suggestion_6a3bc50e00b820d2,context_correction,0.65,"Same athlete/event/apparatus exists in the score sheet, but format, round, or day is different.",China Junior National Games,2025,Chen Ziyan,CHN,WAG,junior,VT,2,,individual,final,,3.6,WAG,2891,"[{""suggestion_id"": ""suggestion_6a3bc50e00b820d2"", ""suggestion_type"": ""context_correction"", ""confidence"": 0.65, ""message"": ""Same athlete/event/apparatus exists in the score sheet, but format, round, or day is different."", ""action"": ""attach_d_score_to_target_result"", ""changes"": {""format"": {""from"": ""individual"", ""to"": ""individual""}, ""round"": {""from"": ""qualification"", ""to"": ""final""}, ""day"": {""from"": null, ""to"": null}}, ""target_result"": {""event_name"": ""China Junior National Games"", ""year"": 2025, ""athlete_name"": ""Chen Ziyan"", ""country"": ""CHN"", ""discipline"": ""WAG"", ""category"": ""junior"", ""apparatus"": ""VT"", ""vt_attempt"": 2, ""day"": null, ""format"": ""individual"", ""round"": ""final"", ""score"": null, ""D_score"": 3.6, ""vault_attempt_order_uncertain"": true, ""source_sheet"": ""WAG"", ""source_row"": 2891, ""target_id"": ""target_0687a4da48b9271c""}}, {""suggestion_id"": ""suggestion_1fe6aa336d0472ba"", ""suggestion_type"": ""context_correction"", ""confidence"": 0.65, ""message"": ""Same athlete/event/apparatus exists in the score sheet, but format, round, or day is different."", ""action"": ""attach_d_score_to_target_result"", ""changes"": {""format"": {""from"": ""individual"", ""to"": ""team""}, ""round"": {""from"": ""qualification"", ""to"": ""final""}, ""day"": {""from"": null, ""to"": null}}, ""target_result"": {""event_name"": ""China Junior National Games"", ""year"": 2025, ""athlete_name"": ""Chen Ziyan"", ""country"": ""CHN"", ""discipline"": ""WAG"", ""category"": ""junior"", ""apparatus"": ""VT"", ""vt_attempt"": 2, ""day"": null, ""format"": ""team"", ""round"": ""final"", ""score"": null, ""D_score"": 3.6, ""vault_attempt_order_uncertain"": true, ""source_sheet"": ""WAG"", ""source_row"": 2893, ""target_id"": ""target_01b9e5db6951af60""}}]"
orphan_f0b02539e7151fc0,athlete_missing_in_score_sheet,review,"The event/apparatus/context exists, but this athlete is missing in the score sheet.",WAG D,2825,Top 12 Series 4,2025,Chloé Goncalves,FRA,WAG,senior,BB,,,individual,final,4.3,False,0,,,,,,,,,,,,,,,,,,,,[]
orphan_abf2f62d285d4aad,athlete_missing_in_score_sheet,review,"The event/apparatus/context exists, but this athlete is missing in the score sheet.",WAG D,2825,Top 12 Series 4,2025,Chloé Goncalves,FRA,WAG,senior,FX,,,individual,final,4.2,False,0,,,,,,,,,,,,,,,,,,,,[]
orphan_2eaa642e5b075fc2,athlete_missing_in_score_sheet,review,"The event/apparatus/context exists, but this athlete is missing in the score sheet.",WAG D,2825,Top 12 Series 4,2025,Chloé Goncalves,FRA,WAG,senior,UB,,,individual,final,3.2,False,0,,,,,,,,,,,,,,,,,,,,[]
orphan_565026a9b004c7ad,athlete_missing_in_score_sheet,review,"The event/apparatus/context exists, but this athlete is missing in the score sheet.",WAG D,2825,Top 12 Series 4,2025,Chloé Goncalves,FRA,WAG,senior,VT,1,,individual,final,3.4,True,0,,,,,,,,,,,,,,,,,,,,[]
orphan_ef92ad3ebe38722c,missing_final_score_for_context,review,"The athlete/event exists, but not this apparatus/context.",WAG D,2920,Dutch Championships,2025,Chyenna van Es,NED,WAG,junior,VT,2,,individual,final,1.6,True,0,,,,,,,,,,,,,,,,,,,,[]
orphan_67611dcb39195ef8,athlete_missing_in_score_sheet,review,"The event/apparatus/context exists, but this athlete is missing in the score sheet.",WAG D,2966,1st Spanish League,2025,Claudia Boada,ESP,WAG,senior,BB,,,individual,final,4.7,False,0,,,,,,,,,,,,,,,,,,,,[]
orphan_653a1193bc5647ef,athlete_missing_in_score_sheet,review,"The event/apparatus/context exists, but this athlete is missing in the score sheet.",WAG D,2966,1st Spanish League,2025,Claudia Boada,ESP,WAG,senior,FX,,,individual,final,4.5,False,0,,,,,,,,,,,,,,,,,,,,[]
orphan_09ec2a72efc054ae,athlete_missing_in_score_sheet,review,"The event/apparatus/context exists, but this athlete is missing in the score sheet.",WAG D,2966,1st Spanish League,2025,Claudia Boada,ESP,WAG,senior,UB,,,individual,final,2.9,False,0,,,,,,,,,,,,,,,,,,,,[]
orphan_4eea8564214c1d1c,athlete_missing_in_score_sheet,review,"The event/apparatus/context exists, but this athlete is missing in the score sheet.",WAG D,2966,1st Spanish League,2025,Claudia Boada,ESP,WAG,senior,VT,1,,individual,final,3.0,True,0,,,,,,,,,,,,,,,,,,,,[]
orphan_3b748101e25e3311,missing_final_score_for_context,review,"The athlete/event exists, but not this apparatus/context.",WAG D,3252,Indian National Games,2025,Debarati Das,IND,WAG,senior,VT,2,,individual,qualification,2.0,True,0,,,,,,,,,,,,,,,,,,,,[]
orphan_010e286fe61efb2c,missing_final_score_for_context,review,"The athlete/event exists, but not this apparatus/context.",WAG D,3257,Indian National Games,2025,Deeksha Girish Guinness,IND,WAG,senior,VT,2,,individual,qualification,2.0,True,0,,,,,,,,,,,,,,,,,,,,[]
orphan_2e596fe0fd85edea,missing_final_score_for_context,review,"The athlete/event exists, but not this apparatus/context.",WAG D,3302,Balkan Championships,2025,Derin Cipa,TUR,WAG,junior,VT,2,,individual,final,3.6,True,0,,,,,,,,,,,,,,,,,,,,[]
orphan_b5d491256854fb2b,missing_final_score_for_context,review,"The athlete/event exists, but not this apparatus/context.",WAG D,3342,Indian National Games,2025,Diana Grace,IND,WAG,senior,VT,2,,individual,qualification,2.6,True,0,,,,,,,,,,,,,,,,,,,,[]
orphan_364a36a285ac88d2,missing_final_score_for_context,review,"The athlete/event exists, but not this apparatus/context.",WAG D,3381,Indian National Games,2025,Dilniya Sudheer,IND,WAG,senior,VT,2,,individual,qualification,2.4,True,0,,,,,,,,,,,,,,,,,,,,[]
orphan_d7f0e44356abee71,missing_final_score_for_context,review,"The athlete/event exists, but not this apparatus/context.",WAG D,3394,Indian National Games,2025,Disha Disha,IND,WAG,senior,VT,2,,individual,qualification,2.0,True,0,,,,,,,,,,,,,,,,,,,,[]
orphan_e8f8e2d8a669ad1e,possible_context_mismatch,review,"Possible format, round, or day mismatch.",WAG D,3418,Polish Championships,2025,Dominika Borkowska,POL,WAG,junior,VT,2,,individual,final,3.4,True,1,suggestion_9fcc85da8db9e79a,context_correction,0.65,"Same athlete/event/apparatus exists in the score sheet, but format, round, or day is different.",Polish Championships,2025,Dominika Borkowska,POL,WAG,junior,VT,2,,apparatus,final,,3.2,WAG,3567,"[{""suggestion_id"": ""suggestion_9fcc85da8db9e79a"", ""suggestion_type"": ""context_correction"", ""confidence"": 0.65, ""message"": ""Same athlete/event/apparatus exists in the score sheet, but format, round, or day is different."", ""action"": ""attach_d_score_to_target_result"", ""changes"": {""format"": {""from"": ""individual"", ""to"": ""apparatus""}, ""round"": {""from"": ""final"", ""to"": ""final""}, ""day"": {""from"": null, ""to"": null}}, ""target_result"": {""event_name"": ""Polish Championships"", ""year"": 2025, ""athlete_name"": ""Dominika Borkowska"", ""country"": ""POL"", ""discipline"": ""WAG"", ""category"": ""junior"", ""apparatus"": ""VT"", ""vt_attempt"": 2, ""day"": null, ""format"": ""apparatus"", ""round"": ""final"", ""score"": null, ""D_score"": 3.2, ""vault_attempt_order_uncertain"": true, ""source_sheet"": ""WAG"", ""source_row"": 3567, ""target_id"": ""target_6d67fd5900b229af""}}]"
orphan_22585667757a7dd7,missing_final_score_for_context,review,"The athlete/event exists, but not this apparatus/context.",WAG D,3636,Balkan Championships,2025,Elena Chen,CRO,WAG,junior,VT,2,,individual,final,3.2,True,0,,,,,,,,,,,,,,,,,,,,[]
orphan_b3fbaa5c72f8cba6,possible_context_mismatch,review,"Possible format, round, or day mismatch.",WAG D,3924,Austrian Championships,2025,Ella Rief,AUT,WAG,senior,VT,1,,apparatus,final,3.4,True,1,suggestion_181d6f3ad6f76ace,context_correction,0.65,"Same athlete/event/apparatus exists in the score sheet, but format, round, or day is different.",Austrian Championships,2025,Ella Rief,AUT,WAG,senior,VT,1,,individual,final,12.05,3.4,WAG,4081,"[{""suggestion_id"": ""suggestion_181d6f3ad6f76ace"", ""suggestion_type"": ""context_correction"", ""confidence"": 0.65, ""message"": ""Same athlete/event/apparatus exists in the score sheet, but format, round, or day is different."", ""action"": ""attach_d_score_to_target_result"", ""changes"": {""format"": {""from"": ""apparatus"", ""to"": ""individual""}, ""round"": {""from"": ""final"", ""to"": ""final""}, ""day"": {""from"": null, ""to"": null}}, ""target_result"": {""event_name"": ""Austrian Championships"", ""year"": 2025, ""athlete_name"": ""Ella Rief"", ""country"": ""AUT"", ""discipline"": ""WAG"", ""category"": ""senior"", ""apparatus"": ""VT"", ""vt_attempt"": 1, ""day"": null, ""format"": ""individual"", ""round"": ""final"", ""score"": 12.05, ""D_score"": 3.4, ""vault_attempt_order_uncertain"": true, ""source_sheet"": ""WAG"", ""source_row"": 4081, ""target_id"": ""target_e333caf8ab239d64""}}]"
orphan_7572e8043852c9e7,possible_context_mismatch,review,"Possible format, round, or day mismatch.",WAG D,3924,Austrian Championships,2025,Ella Rief,AUT,WAG,senior,VT,2,,apparatus,final,3.2,True,1,suggestion_a9919b3b5bc5b970,context_correction,0.65,"Same athlete/event/apparatus exists in the score sheet, but format, round, or day is different.",Austrian Championships,2025,Ella Rief,AUT,WAG,senior,VT,2,,individual,final,,3.2,WAG,4081,"[{""suggestion_id"": ""suggestion_a9919b3b5bc5b970"", ""suggestion_type"": ""context_correction"", ""confidence"": 0.65, ""message"": ""Same athlete/event/apparatus exists in the score sheet, but format, round, or day is different."", ""action"": ""attach_d_score_to_target_result"", ""changes"": {""format"": {""from"": ""apparatus"", ""to"": ""individual""}, ""round"": {""from"": ""final"", ""to"": ""final""}, ""day"": {""from"": null, ""to"": null}}, ""target_result"": {""event_name"": ""Austrian Championships"", ""year"": 2025, ""athlete_name"": ""Ella Rief"", ""country"": ""AUT"", ""discipline"": ""WAG"", ""category"": ""senior"", ""apparatus"": ""VT"", ""vt_attempt"": 2, ""day"": null, ""format"": ""individual"", ""round"": ""final"", ""score"": null, ""D_score"": 3.2, ""vault_attempt_order_uncertain"": true, ""source_sheet"": ""WAG"", ""source_row"": 4081, ""target_id"": ""target_7453e1c06d5e9eea""}}]"
orphan_2be2af5b87fefa6d,possible_context_mismatch,review,"Possible format, round, or day mismatch.",WAG D,4071,Austrian Championships,2025,Emely Joy Reindl,AUT,WAG,junior,VT,1,,apparatus,final,3.4,True,1,suggestion_8b85ec6abc6ca44d,context_correction,0.65,"Same athlete/event/apparatus exists in the score sheet, but format, round, or day is different.",Austrian Championships,2025,Emely Joy Reindl,AUT,WAG,junior,VT,1,,individual,final,12.2,3.4,WAG,4232,"[{""suggestion_id"": ""suggestion_8b85ec6abc6ca44d"", ""suggestion_type"": ""context_correction"", ""confidence"": 0.65, ""message"": ""Same athlete/event/apparatus exists in the score sheet, but format, round, or day is different."", ""action"": ""attach_d_score_to_target_result"", ""changes"": {""format"": {""from"": ""apparatus"", ""to"": ""individual""}, ""round"": {""from"": ""final"", ""to"": ""final""}, ""day"": {""from"": null, ""to"": null}}, ""target_result"": {""event_name"": ""Austrian Championships"", ""year"": 2025, ""athlete_name"": ""Emely Joy Reindl"", ""country"": ""AUT"", ""discipline"": ""WAG"", ""category"": ""junior"", ""apparatus"": ""VT"", ""vt_attempt"": 1, ""day"": null, ""format"": ""individual"", ""round"": ""final"", ""score"": 12.2, ""D_score"": 3.4, ""vault_attempt_order_uncertain"": true, ""source_sheet"": ""WAG"", ""source_row"": 4232, ""target_id"": ""target_f5a54a8727d8d2e9""}}]"
orphan_daede7beb4ff4033,possible_context_mismatch,review,"Possible format, round, or day mismatch.",WAG D,4071,Austrian Championships,2025,Emely Joy Reindl,AUT,WAG,junior,VT,2,,apparatus,final,3.2,True,1,suggestion_eef789138a97174e,context_correction,0.65,"Same athlete/event/apparatus exists in the score sheet, but format, round, or day is different.",Austrian Championships,2025,Emely Joy Reindl,AUT,WAG,junior,VT,2,,individual,final,,3.2,WAG,4232,"[{""suggestion_id"": ""suggestion_eef789138a97174e"", ""suggestion_type"": ""context_correction"", ""confidence"": 0.65, ""message"": ""Same athlete/event/apparatus exists in the score sheet, but format, round, or day is different."", ""action"": ""attach_d_score_to_target_result"", ""changes"": {""format"": {""from"": ""apparatus"", ""to"": ""individual""}, ""round"": {""from"": ""final"", ""to"": ""final""}, ""day"": {""from"": null, ""to"": null}}, ""target_result"": {""event_name"": ""Austrian Championships"", ""year"": 2025, ""athlete_name"": ""Emely Joy Reindl"", ""country"": ""AUT"", ""discipline"": ""WAG"", ""category"": ""junior"", ""apparatus"": ""VT"", ""vt_attempt"": 2, ""day"": null, ""format"": ""individual"", ""round"": ""final"", ""score"": null, ""D_score"": 3.2, ""vault_attempt_order_uncertain"": true, ""source_sheet"": ""WAG"", ""source_row"": 4232, ""target_id"": ""target_d5837b491cc6034e""}}]"
orphan_4b5aefec79b7177a,missing_final_score_for_context,review,"The athlete/event exists, but not this apparatus/context.",WAG D,4101,Swedish Championships,2025,Emilia Lennell,SWE,WAG,junior,UB,,,individual,final,0.2,False,0,,,,,,,,,,,,,,,,,,,,[]
orphan_791e8452d27d3b08,missing_final_score_for_context,review,"The athlete/event exists, but not this apparatus/context.",WAG D,4118,Mälar Cup,2025,Emilia Wollbrandt,SWE,WAG,junior,VT,2,,individual,final,1.6,True,0,,,,,,,,,,,,,,,,,,,,[]
orphan_bcae22b0d95f999e,athlete_missing_in_score_sheet,review,"The event/apparatus/context exists, but this athlete is missing in the score sheet.",WAG D,4539,1st Bundesliga,2025,Felicia Brown,GER,WAG,junior,BB,,,individual,final,4.6,False,0,,,,,,,,,,,,,,,,,,,,[]
orphan_95f9817fb890ad30,athlete_missing_in_score_sheet,review,"The event/apparatus/context exists, but this athlete is missing in the score sheet.",WAG D,4539,1st Bundesliga,2025,Felicia Brown,GER,WAG,junior,UB,,,individual,final,2.8,False,0,,,,,,,,,,,,,,,,,,,,[]
orphan_8b8742a22f3ae5b5,missing_final_score_for_context,review,"The athlete/event exists, but not this apparatus/context.",WAG D,4604,Rotterdam Friendly,2025,Fleur Leeman,BEL,WAG,junior,FX,,,individual,final,4.3,False,0,,,,,,,,,,,,,,,,,,,,[]
orphan_ae0ae44436f31d61,missing_final_score_for_context,review,"The athlete/event exists, but not this apparatus/context.",WAG D,4755,Israeli Championships,2025,Gabriella Fingerer,ISR,WAG,senior,UB,,,individual,final,3.6,False,0,,,,,,,,,,,,,,,,,,,,[]
orphan_6baaca8e7b2254b5,possible_athlete_name_typo,review,Possible athlete-name typo between the D sheet and the score sheet.,WAG D,4796,1st Spanish League,2025,Gala Martinz,ESP,WAG,senior,BB,,,individual,final,3.1,False,1,suggestion_3d9ee898df8d01a8,athlete_name_correction,0.96,D-score athlete 'Gala Martinz' probably matches score-sheet athlete 'Gala Martinez'.,1st Spanish League,2025,Gala Martinez,ESP,WAG,senior,BB,,,individual,final,10.25,,WAG,4989,"[{""suggestion_id"": ""suggestion_3d9ee898df8d01a8"", ""suggestion_type"": ""athlete_name_correction"", ""confidence"": 0.96, ""message"": ""D-score athlete 'Gala Martinz' probably matches score-sheet athlete 'Gala Martinez'."", ""action"": ""attach_d_score_to_target_result"", ""changes"": {""athlete_name"": {""from"": ""Gala Martinz"", ""to"": ""Gala Martinez""}}, ""target_result"": {""event_name"": ""1st Spanish League"", ""year"": 2025, ""athlete_name"": ""Gala Martinez"", ""country"": ""ESP"", ""discipline"": ""WAG"", ""category"": ""senior"", ""apparatus"": ""BB"", ""vt_attempt"": null, ""day"": null, ""format"": ""individual"", ""round"": ""final"", ""score"": 10.25, ""D_score"": null, ""vault_attempt_order_uncertain"": false, ""source_sheet"": ""WAG"", ""source_row"": 4989, ""target_id"": ""target_07c82ba0ebcfbc18""}}]"
orphan_d86041a4fb878d93,missing_final_score_for_context,review,"The athlete/event exists, but not this apparatus/context.",WAG D,4804,Indian National Games,2025,Garima Garima,IND,WAG,senior,VT,2,,individual,qualification,1.6,True,0,,,,,,,,,,,,,,,,,,,,[]
orphan_5efb448414de7874,athlete_missing_in_score_sheet,review,"The event/apparatus/context exists, but this athlete is missing in the score sheet.",WAG D,4841,2nd Spanish League,2025,Giada di Pietro,ITA,WAG,senior,BB,,,individual,final,4.8,False,0,,,,,,,,,,,,,,,,,,,,[]
orphan_42d558a4f6bdd86f,athlete_missing_in_score_sheet,review,"The event/apparatus/context exists, but this athlete is missing in the score sheet.",WAG D,4841,2nd Spanish League,2025,Giada di Pietro,ITA,WAG,senior,UB,,,individual,final,5.7,False,0,,,,,,,,,,,,,,,,,,,,[]
orphan_634bdd2ac8584082,athlete_missing_in_score_sheet,review,"The event/apparatus/context exists, but this athlete is missing in the score sheet.",WAG D,4841,2nd Spanish League,2025,Giada di Pietro,ITA,WAG,senior,VT,1,,individual,final,4.2,True,0,,,,,,,,,,,,,,,,,,,,[]
orphan_c698dd586c50db3f,athlete_missing_in_score_sheet,review,"The event/apparatus/context exists, but this athlete is missing in the score sheet.",WAG D,4842,1st Spanish League,2025,Giada di Pietro,ITA,WAG,senior,UB,,,individual,final,5.7,False,0,,,,,,,,,,,,,,,,,,,,[]
orphan_fbcd0c4eb6fffded,athlete_missing_in_score_sheet,review,"The event/apparatus/context exists, but this athlete is missing in the score sheet.",WAG D,4842,1st Spanish League,2025,Giada di Pietro,ITA,WAG,senior,VT,1,,individual,final,4.2,True,0,,,,,,,,,,,,,,,,,,,,[]
orphan_0dc08b2835c7e46b,athlete_missing_in_score_sheet,review,"The event/apparatus/context exists, but this athlete is missing in the score sheet.",WAG D,4910,Champion's Cup,2025,Giulia Asaftei,ITA,WAG,senior,BB,,,individual,final,4.7,False,0,,,,,,,,,,,,,,,,,,,,[]
orphan_7a901ba97320aae6,athlete_missing_in_score_sheet,review,"The event/apparatus/context exists, but this athlete is missing in the score sheet.",WAG D,4910,Champion's Cup,2025,Giulia Asaftei,ITA,WAG,senior,FX,,,individual,final,4.9,False,0,,,,,,,,,,,,,,,,,,,,[]
orphan_f0ff75fab68a2ea1,athlete_missing_in_score_sheet,review,"The event/apparatus/context exists, but this athlete is missing in the score sheet.",WAG D,4910,Champion's Cup,2025,Giulia Asaftei,ITA,WAG,senior,UB,,,individual,final,4.6,False,0,,,,,,,,,,,,,,,,,,,,[]
orphan_d741f555161c4948,athlete_missing_in_score_sheet,review,"The event/apparatus/context exists, but this athlete is missing in the score sheet.",WAG D,4910,Champion's Cup,2025,Giulia Asaftei,ITA,WAG,senior,VT,1,,individual,final,4.2,True,0,,,,,,,,,,,,,,,,,,,,[]
orphan_d38519c3d4c59c46,athlete_missing_in_score_sheet,review,"The event/apparatus/context exists, but this athlete is missing in the score sheet.",WAG D,4911,3rd Italian Serie A,2025,Giulia Asaftei,ITA,WAG,senior,BB,,,individual,final,4.7,False,0,,,,,,,,,,,,,,,,,,,,[]
orphan_56c43ddfda8e0c09,athlete_missing_in_score_sheet,review,"The event/apparatus/context exists, but this athlete is missing in the score sheet.",WAG D,4911,3rd Italian Serie A,2025,Giulia Asaftei,ITA,WAG,senior,FX,,,individual,final,5.0,False,0,,,,,,,,,,,,,,,,,,,,[]
orphan_afda342f35d95038,athlete_missing_in_score_sheet,review,"The event/apparatus/context exists, but this athlete is missing in the score sheet.",WAG D,4911,3rd Italian Serie A,2025,Giulia Asaftei,ITA,WAG,senior,UB,,,individual,final,4.1,False,0,,,,,,,,,,,,,,,,,,,,[]
orphan_d7b1d8b9c558669d,athlete_missing_in_score_sheet,review,"The event/apparatus/context exists, but this athlete is missing in the score sheet.",WAG D,4911,3rd Italian Serie A,2025,Giulia Asaftei,ITA,WAG,senior,VT,1,,individual,final,4.2,True,0,,,,,,,,,,,,,,,,,,,,[]
orphan_fdbb78e519370090,athlete_missing_in_score_sheet,review,"The event/apparatus/context exists, but this athlete is missing in the score sheet.",WAG D,4912,1st Italian Serie A,2025,Giulia Asaftei,ITA,WAG,senior,BB,,,individual,final,4.7,False,0,,,,,,,,,,,,,,,,,,,,[]
orphan_c4130ea3b0babab4,athlete_missing_in_score_sheet,review,"The event/apparatus/context exists, but this athlete is missing in the score sheet.",WAG D,4912,1st Italian Serie A,2025,Giulia Asaftei,ITA,WAG,senior,FX,,,individual,final,4.8,False,0,,,,,,,,,,,,,,,,,,,,[]
orphan_13c452a2e742d95a,athlete_missing_in_score_sheet,review,"The event/apparatus/context exists, but this athlete is missing in the score sheet.",WAG D,4912,1st Italian Serie A,2025,Giulia Asaftei,ITA,WAG,senior,UB,,,individual,final,4.1,False,0,,,,,,,,,,,,,,,,,,,,[]
orphan_9930f97085ed8629,athlete_missing_in_score_sheet,review,"The event/apparatus/context exists, but this athlete is missing in the score sheet.",WAG D,4912,1st Italian Serie A,2025,Giulia Asaftei,ITA,WAG,senior,VT,1,,individual,final,4.2,True,0,,,,,,,,,,,,,,,,,,,,[]
orphan_a169dcaa0ef73da3,athlete_missing_in_score_sheet,review,"The event/apparatus/context exists, but this athlete is missing in the score sheet.",WAG D,4913,2nd Italian Serie A,2025,Giulia Asaftei,ITA,WAG,senior,BB,,,individual,final,4.7,False,0,,,,,,,,,,,,,,,,,,,,[]
orphan_ef739aa32143cc6a,athlete_missing_in_score_sheet,review,"The event/apparatus/context exists, but this athlete is missing in the score sheet.",WAG D,4913,2nd Italian Serie A,2025,Giulia Asaftei,ITA,WAG,senior,FX,,,individual,final,4.8,False,0,,,,,,,,,,,,,,,,,,,,[]
orphan_02874bc8a78be7eb,athlete_missing_in_score_sheet,review,"The event/apparatus/context exists, but this athlete is missing in the score sheet.",WAG D,4913,2nd Italian Serie A,2025,Giulia Asaftei,ITA,WAG,senior,UB,,,individual,final,4.1,False,0,,,,,,,,,,,,,,,,,,,,[]
orphan_fbf007f365bc25cb,athlete_missing_in_score_sheet,review,"The event/apparatus/context exists, but this athlete is missing in the score sheet.",WAG D,4913,2nd Italian Serie A,2025,Giulia Asaftei,ITA,WAG,senior,VT,1,,individual,final,4.2,True,0,,,,,,,,,,,,,,,,,,,,[]
orphan_52b8f77a37f540af,missing_final_score_for_context,review,"The athlete/event exists, but not this apparatus/context.",WAG D,5000,Polish Championships,2025,Gracja Dobrzanska,POL,WAG,junior,VT,2,,individual,final,3.2,True,0,,,,,,,,,,,,,,,,,,,,[]
orphan_cc1ae38a9a7fd964,missing_final_score_for_context,review,"The athlete/event exists, but not this apparatus/context.",WAG D,5115,Polish Championships,2025,Hanna Chrobak,POL,WAG,junior,VT,2,,individual,final,3.0,True,0,,,,,,,,,,,,,,,,,,,,[]
orphan_655e6cb134257820,athlete_missing_in_score_sheet,review,"The event/apparatus/context exists, but this athlete is missing in the score sheet.",WAG D,5283,Brazilian Championships,2025,Heloysa Silva,BRA,WAG,senior,BB,,,individual,final,3.7,False,0,,,,,,,,,,,,,,,,,,,,[]
orphan_b86817274e77dcfd,athlete_missing_in_score_sheet,review,"The event/apparatus/context exists, but this athlete is missing in the score sheet.",WAG D,5283,Brazilian Championships,2025,Heloysa Silva,BRA,WAG,senior,FX,,,individual,final,3.8,False,0,,,,,,,,,,,,,,,,,,,,[]
orphan_88b5a97b131743c0,missing_final_score_for_context,review,"The athlete/event exists, but not this apparatus/context.",WAG D,5461,Polish Championships,2025,Ida Misiukiewicz,POL,WAG,junior,VT,2,,individual,final,2.4,True,0,,,,,,,,,,,,,,,,,,,,[]
orphan_ec1971cabb7610bd,athlete_missing_in_score_sheet,review,"The event/apparatus/context exists, but this athlete is missing in the score sheet.",WAG D,5509,International Gymnix,2025,Inaya Lamri,FRA,WAG,senior,BB,,,individual,final,4.8,False,0,,,,,,,,,,,,,,,,,,,,[]
orphan_c16a931ff1c047ed,athlete_missing_in_score_sheet,review,"The event/apparatus/context exists, but this athlete is missing in the score sheet.",WAG D,5509,International Gymnix,2025,Inaya Lamri,FRA,WAG,senior,FX,,,individual,final,4.9,False,0,,,,,,,,,,,,,,,,,,,,[]
orphan_bb067577ab10c10b,athlete_missing_in_score_sheet,review,"The event/apparatus/context exists, but this athlete is missing in the score sheet.",WAG D,5509,International Gymnix,2025,Inaya Lamri,FRA,WAG,senior,UB,,,individual,final,4.4,False,0,,,,,,,,,,,,,,,,,,,,[]
orphan_b7d55008ca53e7d5,athlete_missing_in_score_sheet,review,"The event/apparatus/context exists, but this athlete is missing in the score sheet.",WAG D,5509,International Gymnix,2025,Inaya Lamri,FRA,WAG,senior,VT,1,,individual,final,4.2,True,0,,,,,,,,,,,,,,,,,,,,[]
orphan_fc830a69c4047266,athlete_missing_in_score_sheet,review,"The event/apparatus/context exists, but this athlete is missing in the score sheet.",WAG D,5509,International Gymnix,2025,Inaya Lamri,FRA,WAG,senior,VT,2,,individual,final,3.6,True,0,,,,,,,,,,,,,,,,,,,,[]
orphan_7e66be1a5bedaf55,athlete_missing_in_score_sheet,review,"The event/apparatus/context exists, but this athlete is missing in the score sheet.",WAG D,5510,International Gymnix,2025,Inaya Lamri,FRA,WAG,senior,BB,,,apparatus,final,4.9,False,0,,,,,,,,,,,,,,,,,,,,[]
orphan_5c53177d36d2cdf1,athlete_missing_in_score_sheet,review,"The event/apparatus/context exists, but this athlete is missing in the score sheet.",WAG D,5510,International Gymnix,2025,Inaya Lamri,FRA,WAG,senior,FX,,,apparatus,final,4.9,False,0,,,,,,,,,,,,,,,,,,,,[]
orphan_b709a8847f35f9b2,athlete_missing_in_score_sheet,review,"The event/apparatus/context exists, but this athlete is missing in the score sheet.",WAG D,5510,International Gymnix,2025,Inaya Lamri,FRA,WAG,senior,VT,1,,apparatus,final,4.2,True,0,,,,,,,,,,,,,,,,,,,,[]
orphan_0279780dab468498,athlete_missing_in_score_sheet,review,"The event/apparatus/context exists, but this athlete is missing in the score sheet.",WAG D,5510,International Gymnix,2025,Inaya Lamri,FRA,WAG,senior,VT,2,,apparatus,final,3.6,True,0,,,,,,,,,,,,,,,,,,,,[]
orphan_c7ea3cc326992162,missing_final_score_for_context,review,"The athlete/event exists, but not this apparatus/context.",WAG D,5640,Junior World Championships,2025,Isabel Romano,MEX,WAG,junior,VT,2,,individual,qualification,4.4,True,0,,,,,,,,,,,,,,,,,,,,[]
orphan_56b93957bbf75170,missing_final_score_for_context,review,"The athlete/event exists, but not this apparatus/context.",WAG D,5792,Indian National Games,2025,J. Jaya,IND,WAG,senior,VT,2,,individual,qualification,2.0,True,0,,,,,,,,,,,,,,,,,,,,[]
orphan_02b92ae54b6ca16d,missing_final_score_for_context,review,"The athlete/event exists, but not this apparatus/context.",WAG D,6048,Dutch Championships,2025,Jezzie Eelman,NED,WAG,junior,VT,2,,individual,final,3.0,True,0,,,,,,,,,,,,,,,,,,,,[]
orphan_0366bc5911d40022,missing_final_score_for_context,review,"The athlete/event exists, but not this apparatus/context.",WAG D,6126,Dutch Championships,2025,Joly van Swieten,NED,WAG,junior,VT,2,,individual,final,3.0,True,0,,,,,,,,,,,,,,,,,,,,[]
orphan_9d01922d24e53546,possible_context_mismatch,review,"Possible format, round, or day mismatch.",WAG D,6385,Dutch Championships,2025,Kaily Meerwijk,NED,WAG,junior,VT,2,,individual,final,3.4,True,1,suggestion_cce9d1eefa172ac7,context_correction,0.65,"Same athlete/event/apparatus exists in the score sheet, but format, round, or day is different.",Dutch Championships,2025,Kaily Meerwijk,NED,WAG,junior,VT,2,,apparatus,final,,3.4,WAG,6663,"[{""suggestion_id"": ""suggestion_cce9d1eefa172ac7"", ""suggestion_type"": ""context_correction"", ""confidence"": 0.65, ""message"": ""Same athlete/event/apparatus exists in the score sheet, but format, round, or day is different."", ""action"": ""attach_d_score_to_target_result"", ""changes"": {""format"": {""from"": ""individual"", ""to"": ""apparatus""}, ""round"": {""from"": ""final"", ""to"": ""final""}, ""day"": {""from"": null, ""to"": null}}, ""target_result"": {""event_name"": ""Dutch Championships"", ""year"": 2025, ""athlete_name"": ""Kaily Meerwijk"", ""country"": ""NED"", ""discipline"": ""WAG"", ""category"": ""junior"", ""apparatus"": ""VT"", ""vt_attempt"": 2, ""day"": null, ""format"": ""apparatus"", ""round"": ""final"", ""score"": null, ""D_score"": 3.4, ""vault_attempt_order_uncertain"": true, ""source_sheet"": ""WAG"", ""source_row"": 6663, ""target_id"": ""target_2be046e3547a6af6""}}]"
orphan_936e18742442e9ff,missing_final_score_for_context,review,"The athlete/event exists, but not this apparatus/context.",WAG D,6442,Indian National Games,2025,Kanika Choudhary,IND,WAG,senior,VT,2,,individual,qualification,2.4,True,0,,,,,,,,,,,,,,,,,,,,[]
orphan_a7514cced1f30b15,missing_final_score_for_context,review,"The athlete/event exists, but not this apparatus/context.",WAG D,6535,Polish Championships,2025,Katarzyna Wieclaw,POL,WAG,junior,VT,2,,individual,final,1.6,True,0,,,,,,,,,,,,,,,,,,,,[]
orphan_48d360dabd5dfe3e,possible_context_mismatch,review,"Possible format, round, or day mismatch.",WAG D,6596,Austrian Championships,2025,Katrin Palicka,AUT,WAG,senior,VT,1,,apparatus,final,3.6,True,1,suggestion_72c333b75a35ea4d,context_correction,0.65,"Same athlete/event/apparatus exists in the score sheet, but format, round, or day is different.",Austrian Championships,2025,Katrin Palicka,AUT,WAG,senior,VT,1,,individual,final,12.45,3.6,WAG,6885,"[{""suggestion_id"": ""suggestion_72c333b75a35ea4d"", ""suggestion_type"": ""context_correction"", ""confidence"": 0.65, ""message"": ""Same athlete/event/apparatus exists in the score sheet, but format, round, or day is different."", ""action"": ""attach_d_score_to_target_result"", ""changes"": {""format"": {""from"": ""apparatus"", ""to"": ""individual""}, ""round"": {""from"": ""final"", ""to"": ""final""}, ""day"": {""from"": null, ""to"": null}}, ""target_result"": {""event_name"": ""Austrian Championships"", ""year"": 2025, ""athlete_name"": ""Katrin Palicka"", ""country"": ""AUT"", ""discipline"": ""WAG"", ""category"": ""senior"", ""apparatus"": ""VT"", ""vt_attempt"": 1, ""day"": null, ""format"": ""individual"", ""round"": ""final"", ""score"": 12.45, ""D_score"": 3.6, ""vault_attempt_order_uncertain"": true, ""source_sheet"": ""WAG"", ""source_row"": 6885, ""target_id"": ""target_c297f5794e443f72""}}]"
orphan_e4aaf5d50c41ab6a,possible_context_mismatch,review,"Possible format, round, or day mismatch.",WAG D,6596,Austrian Championships,2025,Katrin Palicka,AUT,WAG,senior,VT,2,,apparatus,final,3.4,True,1,suggestion_bd8d1c12f556b592,context_correction,0.65,"Same athlete/event/apparatus exists in the score sheet, but format, round, or day is different.",Austrian Championships,2025,Katrin Palicka,AUT,WAG,senior,VT,2,,individual,final,,3.4,WAG,6885,"[{""suggestion_id"": ""suggestion_bd8d1c12f556b592"", ""suggestion_type"": ""context_correction"", ""confidence"": 0.65, ""message"": ""Same athlete/event/apparatus exists in the score sheet, but format, round, or day is different."", ""action"": ""attach_d_score_to_target_result"", ""changes"": {""format"": {""from"": ""apparatus"", ""to"": ""individual""}, ""round"": {""from"": ""final"", ""to"": ""final""}, ""day"": {""from"": null, ""to"": null}}, ""target_result"": {""event_name"": ""Austrian Championships"", ""year"": 2025, ""athlete_name"": ""Katrin Palicka"", ""country"": ""AUT"", ""discipline"": ""WAG"", ""category"": ""senior"", ""apparatus"": ""VT"", ""vt_attempt"": 2, ""day"": null, ""format"": ""individual"", ""round"": ""final"", ""score"": null, ""D_score"": 3.4, ""vault_attempt_order_uncertain"": true, ""source_sheet"": ""WAG"", ""source_row"": 6885, ""target_id"": ""target_145acc9c11ca45d3""}}]"
orphan_a0a8ccdfffba6ee6,possible_event_name_mismatch,review,Possible event-name mismatch between the D sheet and the score sheet.,WAG D,6727,Top 12 Series 3,2025,Kiara Chabaud,FRA,WAG,junior,UB,,,individual,final,1.3,False,1,suggestion_0796e14423fc02eb,event_name_correction,0.933,D-score event 'Top 12 Series 3' may match score-sheet event 'Top 12 Series 4'.,Top 12 Series 4,2025,Kiara Chabaud,FRA,WAG,junior,UB,,,individual,final,6.466,1.7,WAG,7028,"[{""suggestion_id"": ""suggestion_0796e14423fc02eb"", ""suggestion_type"": ""event_name_correction"", ""confidence"": 0.933, ""message"": ""D-score event 'Top 12 Series 3' may match score-sheet event 'Top 12 Series 4'."", ""action"": ""attach_d_score_to_target_result"", ""changes"": {""event_name"": {""from"": ""Top 12 Series 3"", ""to"": ""Top 12 Series 4""}}, ""target_result"": {""event_name"": ""Top 12 Series 4"", ""year"": 2025, ""athlete_name"": ""Kiara Chabaud"", ""country"": ""FRA"", ""discipline"": ""WAG"", ""category"": ""junior"", ""apparatus"": ""UB"", ""vt_attempt"": null, ""day"": null, ""format"": ""individual"", ""round"": ""final"", ""score"": 6.466, ""D_score"": 1.7, ""vault_attempt_order_uncertain"": false, ""source_sheet"": ""WAG"", ""source_row"": 7028, ""target_id"": ""target_c2708f74a4209fd7""}}]"
orphan_86ebdd9666c2ea74,possible_context_mismatch,review,"Possible format, round, or day mismatch.",WAG D,6857,Tashkent Challenge Cup,2025,Kira Maharevich,BLR,WAG,senior,VT,1,,apparatus,final,3.6,True,1,suggestion_0ef52b84e270a1fb,context_correction,0.65,"Same athlete/event/apparatus exists in the score sheet, but format, round, or day is different.",Tashkent Challenge Cup,2025,Kira Maharevich,BLR,WAG,senior,VT,1,,individual,qualification,12.85,4.2,WAG,7160,"[{""suggestion_id"": ""suggestion_0ef52b84e270a1fb"", ""suggestion_type"": ""context_correction"", ""confidence"": 0.65, ""message"": ""Same athlete/event/apparatus exists in the score sheet, but format, round, or day is different."", ""action"": ""attach_d_score_to_target_result"", ""changes"": {""format"": {""from"": ""apparatus"", ""to"": ""individual""}, ""round"": {""from"": ""final"", ""to"": ""qualification""}, ""day"": {""from"": null, ""to"": null}}, ""target_result"": {""event_name"": ""Tashkent Challenge Cup"", ""year"": 2025, ""athlete_name"": ""Kira Maharevich"", ""country"": ""BLR"", ""discipline"": ""WAG"", ""category"": ""senior"", ""apparatus"": ""VT"", ""vt_attempt"": 1, ""day"": null, ""format"": ""individual"", ""round"": ""qualification"", ""score"": 12.85, ""D_score"": 4.2, ""vault_attempt_order_uncertain"": true, ""source_sheet"": ""WAG"", ""source_row"": 7160, ""target_id"": ""target_34a7adfa7314746c""}}]"
orphan_995a2f6bc379b352,possible_context_mismatch,review,"Possible format, round, or day mismatch.",WAG D,6857,Tashkent Challenge Cup,2025,Kira Maharevich,BLR,WAG,senior,VT,2,,apparatus,final,3.6,True,1,suggestion_ed96dbb116133da1,context_correction,0.65,"Same athlete/event/apparatus exists in the score sheet, but format, round, or day is different.",Tashkent Challenge Cup,2025,Kira Maharevich,BLR,WAG,senior,VT,2,,individual,qualification,,3.6,WAG,7160,"[{""suggestion_id"": ""suggestion_ed96dbb116133da1"", ""suggestion_type"": ""context_correction"", ""confidence"": 0.65, ""message"": ""Same athlete/event/apparatus exists in the score sheet, but format, round, or day is different."", ""action"": ""attach_d_score_to_target_result"", ""changes"": {""format"": {""from"": ""apparatus"", ""to"": ""individual""}, ""round"": {""from"": ""final"", ""to"": ""qualification""}, ""day"": {""from"": null, ""to"": null}}, ""target_result"": {""event_name"": ""Tashkent Challenge Cup"", ""year"": 2025, ""athlete_name"": ""Kira Maharevich"", ""country"": ""BLR"", ""discipline"": ""WAG"", ""category"": ""senior"", ""apparatus"": ""VT"", ""vt_attempt"": 2, ""day"": null, ""format"": ""individual"", ""round"": ""qualification"", ""score"": null, ""D_score"": 3.6, ""vault_attempt_order_uncertain"": true, ""source_sheet"": ""WAG"", ""source_row"": 7160, ""target_id"": ""target_cbf21daf242643f3""}}]"
orphan_dcdc1e16e2dd3e41,missing_final_score_for_context,review,"The athlete/event exists, but not this apparatus/context.",WAG D,6975,Indian National Games,2025,Kowshiya,IND,WAG,senior,VT,2,,individual,qualification,2.4,True,0,,,,,,,,,,,,,,,,,,,,[]
orphan_5558e9ed3249cbcf,possible_athlete_name_typo,review,Possible athlete-name typo between the D sheet and the score sheet.,WAG D,7011,Indian National Games,2025,Kritika Saini,IND,WAG,senior,BB,,,individual,qualification,1.7,False,1,suggestion_1c4a956001683455,athlete_name_correction,0.923,D-score athlete 'Kritika Saini' probably matches score-sheet athlete 'Kritiki Saini'.,Indian National Games,2025,Kritiki Saini,IND,WAG,senior,BB,,,individual,qualification,5.5,,WAG,7335,"[{""suggestion_id"": ""suggestion_1c4a956001683455"", ""suggestion_type"": ""athlete_name_correction"", ""confidence"": 0.923, ""message"": ""D-score athlete 'Kritika Saini' probably matches score-sheet athlete 'Kritiki Saini'."", ""action"": ""attach_d_score_to_target_result"", ""changes"": {""athlete_name"": {""from"": ""Kritika Saini"", ""to"": ""Kritiki Saini""}}, ""target_result"": {""event_name"": ""Indian National Games"", ""year"": 2025, ""athlete_name"": ""Kritiki Saini"", ""country"": ""IND"", ""discipline"": ""WAG"", ""category"": ""senior"", ""apparatus"": ""BB"", ""vt_attempt"": null, ""day"": null, ""format"": ""individual"", ""round"": ""qualification"", ""score"": 5.5, ""D_score"": null, ""vault_attempt_order_uncertain"": false, ""source_sheet"": ""WAG"", ""source_row"": 7335, ""target_id"": ""target_7795f0c55731762c""}}]"
orphan_1982ff0166da253b,possible_athlete_name_typo,review,Possible athlete-name typo between the D sheet and the score sheet.,WAG D,7011,Indian National Games,2025,Kritika Saini,IND,WAG,senior,FX,,,individual,qualification,2.6,False,1,suggestion_612974ca55fa9a85,athlete_name_correction,0.923,D-score athlete 'Kritika Saini' probably matches score-sheet athlete 'Kritiki Saini'.,Indian National Games,2025,Kritiki Saini,IND,WAG,senior,FX,,,individual,qualification,6.95,,WAG,7335,"[{""suggestion_id"": ""suggestion_612974ca55fa9a85"", ""suggestion_type"": ""athlete_name_correction"", ""confidence"": 0.923, ""message"": ""D-score athlete 'Kritika Saini' probably matches score-sheet athlete 'Kritiki Saini'."", ""action"": ""attach_d_score_to_target_result"", ""changes"": {""athlete_name"": {""from"": ""Kritika Saini"", ""to"": ""Kritiki Saini""}}, ""target_result"": {""event_name"": ""Indian National Games"", ""year"": 2025, ""athlete_name"": ""Kritiki Saini"", ""country"": ""IND"", ""discipline"": ""WAG"", ""category"": ""senior"", ""apparatus"": ""FX"", ""vt_attempt"": null, ""day"": null, ""format"": ""individual"", ""round"": ""qualification"", ""score"": 6.95, ""D_score"": null, ""vault_attempt_order_uncertain"": false, ""source_sheet"": ""WAG"", ""source_row"": 7335, ""target_id"": ""target_bc9f2406e2efff1b""}}]"
orphan_0f729255bdf5730d,possible_athlete_name_typo,review,Possible athlete-name typo between the D sheet and the score sheet.,WAG D,7011,Indian National Games,2025,Kritika Saini,IND,WAG,senior,VT,1,,individual,qualification,3.2,True,1,suggestion_80b44ba4b2466a88,athlete_name_correction,0.923,D-score athlete 'Kritika Saini' probably matches score-sheet athlete 'Kritiki Saini'.,Indian National Games,2025,Kritiki Saini,IND,WAG,senior,VT,1,,individual,qualification,9.6,,WAG,7335,"[{""suggestion_id"": ""suggestion_80b44ba4b2466a88"", ""suggestion_type"": ""athlete_name_correction"", ""confidence"": 0.923, ""message"": ""D-score athlete 'Kritika Saini' probably matches score-sheet athlete 'Kritiki Saini'."", ""action"": ""attach_d_score_to_target_result"", ""changes"": {""athlete_name"": {""from"": ""Kritika Saini"", ""to"": ""Kritiki Saini""}}, ""target_result"": {""event_name"": ""Indian National Games"", ""year"": 2025, ""athlete_name"": ""Kritiki Saini"", ""country"": ""IND"", ""discipline"": ""WAG"", ""category"": ""senior"", ""apparatus"": ""VT"", ""vt_attempt"": 1, ""day"": null, ""format"": ""individual"", ""round"": ""qualification"", ""score"": 9.6, ""D_score"": null, ""vault_attempt_order_uncertain"": true, ""source_sheet"": ""WAG"", ""source_row"": 7335, ""target_id"": ""target_37e2769f44cb7c5c""}}]"
orphan_f3f95171e6957954,athlete_missing_in_score_sheet,review,"The event/apparatus/context exists, but this athlete is missing in the score sheet.",WAG D,7011,Indian National Games,2025,Kritika Saini,IND,WAG,senior,VT,2,,individual,qualification,2.0,True,0,,,,,,,,,,,,,,,,,,,,[]
orphan_ced32d0b191414f5,possible_context_mismatch,review,"Possible format, round, or day mismatch.",WAG D,7310,Austrian Championships,2025,Lea Walli,AUT,WAG,junior,VT,1,,apparatus,final,3.4,True,1,suggestion_dc1d0367af611f3d,context_correction,0.65,"Same athlete/event/apparatus exists in the score sheet, but format, round, or day is different.",Austrian Championships,2025,Lea Walli,AUT,WAG,junior,VT,1,,individual,final,12.2,3.4,WAG,7642,"[{""suggestion_id"": ""suggestion_dc1d0367af611f3d"", ""suggestion_type"": ""context_correction"", ""confidence"": 0.65, ""message"": ""Same athlete/event/apparatus exists in the score sheet, but format, round, or day is different."", ""action"": ""attach_d_score_to_target_result"", ""changes"": {""format"": {""from"": ""apparatus"", ""to"": ""individual""}, ""round"": {""from"": ""final"", ""to"": ""final""}, ""day"": {""from"": null, ""to"": null}}, ""target_result"": {""event_name"": ""Austrian Championships"", ""year"": 2025, ""athlete_name"": ""Lea Walli"", ""country"": ""AUT"", ""discipline"": ""WAG"", ""category"": ""junior"", ""apparatus"": ""VT"", ""vt_attempt"": 1, ""day"": null, ""format"": ""individual"", ""round"": ""final"", ""score"": 12.2, ""D_score"": 3.4, ""vault_attempt_order_uncertain"": true, ""source_sheet"": ""WAG"", ""source_row"": 7642, ""target_id"": ""target_08f40d285fe7538a""}}]"
orphan_5d718c493927838f,possible_context_mismatch,review,"Possible format, round, or day mismatch.",WAG D,7310,Austrian Championships,2025,Lea Walli,AUT,WAG,junior,VT,2,,apparatus,final,3.2,True,1,suggestion_7073bbcfa3801cd5,context_correction,0.65,"Same athlete/event/apparatus exists in the score sheet, but format, round, or day is different.",Austrian Championships,2025,Lea Walli,AUT,WAG,junior,VT,2,,individual,final,,3.2,WAG,7642,"[{""suggestion_id"": ""suggestion_7073bbcfa3801cd5"", ""suggestion_type"": ""context_correction"", ""confidence"": 0.65, ""message"": ""Same athlete/event/apparatus exists in the score sheet, but format, round, or day is different."", ""action"": ""attach_d_score_to_target_result"", ""changes"": {""format"": {""from"": ""apparatus"", ""to"": ""individual""}, ""round"": {""from"": ""final"", ""to"": ""final""}, ""day"": {""from"": null, ""to"": null}}, ""target_result"": {""event_name"": ""Austrian Championships"", ""year"": 2025, ""athlete_name"": ""Lea Walli"", ""country"": ""AUT"", ""discipline"": ""WAG"", ""category"": ""junior"", ""apparatus"": ""VT"", ""vt_attempt"": 2, ""day"": null, ""format"": ""individual"", ""round"": ""final"", ""score"": null, ""D_score"": 3.2, ""vault_attempt_order_uncertain"": true, ""source_sheet"": ""WAG"", ""source_row"": 7642, ""target_id"": ""target_6f9517f327aff0bd""}}]"
orphan_31d87a69cef77b8f,missing_final_score_for_context,review,"The athlete/event exists, but not this apparatus/context.",WAG D,7398,World University Games,2025,Lee Yunseo,KOR,WAG,senior,VT,1,,individual,qualification,4.8,True,0,,,,,,,,,,,,,,,,,,,,[]
orphan_24f5412594eb9735,missing_final_score_for_context,review,"The athlete/event exists, but not this apparatus/context.",WAG D,7441,Polish Championships,2025,Lena Kierzkowska,POL,WAG,junior,VT,2,,individual,final,2.8,True,0,,,,,,,,,,,,,,,,,,,,[]
orphan_55390fe7fe3e4da9,possible_context_mismatch,review,"Possible format, round, or day mismatch.",WAG D,7458,Austrian Championships,2025,Leni Bohle,AUT,WAG,senior,VT,1,,apparatus,final,4.2,True,1,suggestion_73a1e7c875fc5ba7,context_correction,0.65,"Same athlete/event/apparatus exists in the score sheet, but format, round, or day is different.",Austrian Championships,2025,Leni Bohle,AUT,WAG,senior,VT,1,,individual,final,13.4,4.2,WAG,7798,"[{""suggestion_id"": ""suggestion_73a1e7c875fc5ba7"", ""suggestion_type"": ""context_correction"", ""confidence"": 0.65, ""message"": ""Same athlete/event/apparatus exists in the score sheet, but format, round, or day is different."", ""action"": ""attach_d_score_to_target_result"", ""changes"": {""format"": {""from"": ""apparatus"", ""to"": ""individual""}, ""round"": {""from"": ""final"", ""to"": ""final""}, ""day"": {""from"": null, ""to"": null}}, ""target_result"": {""event_name"": ""Austrian Championships"", ""year"": 2025, ""athlete_name"": ""Leni Bohle"", ""country"": ""AUT"", ""discipline"": ""WAG"", ""category"": ""senior"", ""apparatus"": ""VT"", ""vt_attempt"": 1, ""day"": null, ""format"": ""individual"", ""round"": ""final"", ""score"": 13.4, ""D_score"": 4.2, ""vault_attempt_order_uncertain"": true, ""source_sheet"": ""WAG"", ""source_row"": 7798, ""target_id"": ""target_e503523c251bcbb9""}}]"
orphan_d5e86679c94448b2,possible_context_mismatch,review,"Possible format, round, or day mismatch.",WAG D,7458,Austrian Championships,2025,Leni Bohle,AUT,WAG,senior,VT,2,,apparatus,final,3.8,True,1,suggestion_70957e2f4b81d129,context_correction,0.65,"Same athlete/event/apparatus exists in the score sheet, but format, round, or day is different.",Austrian Championships,2025,Leni Bohle,AUT,WAG,senior,VT,2,,individual,final,,3.8,WAG,7798,"[{""suggestion_id"": ""suggestion_70957e2f4b81d129"", ""suggestion_type"": ""context_correction"", ""confidence"": 0.65, ""message"": ""Same athlete/event/apparatus exists in the score sheet, but format, round, or day is different."", ""action"": ""attach_d_score_to_target_result"", ""changes"": {""format"": {""from"": ""apparatus"", ""to"": ""individual""}, ""round"": {""from"": ""final"", ""to"": ""final""}, ""day"": {""from"": null, ""to"": null}}, ""target_result"": {""event_name"": ""Austrian Championships"", ""year"": 2025, ""athlete_name"": ""Leni Bohle"", ""country"": ""AUT"", ""discipline"": ""WAG"", ""category"": ""senior"", ""apparatus"": ""VT"", ""vt_attempt"": 2, ""day"": null, ""format"": ""individual"", ""round"": ""final"", ""score"": null, ""D_score"": 3.8, ""vault_attempt_order_uncertain"": true, ""source_sheet"": ""WAG"", ""source_row"": 7798, ""target_id"": ""target_f82f3627848a5552""}}]"
orphan_54a2998e39480d0b,possible_context_mismatch,review,"Possible format, round, or day mismatch.",WAG D,7502,Austrian Championships,2025,Leonie Gschliesser,AUT,WAG,junior,VT,1,,apparatus,final,4.2,True,1,suggestion_491f903b3cc55a91,context_correction,0.65,"Same athlete/event/apparatus exists in the score sheet, but format, round, or day is different.",Austrian Championships,2025,Leonie Gschliesser,AUT,WAG,junior,VT,1,,individual,final,13.2,4.2,WAG,7840,"[{""suggestion_id"": ""suggestion_491f903b3cc55a91"", ""suggestion_type"": ""context_correction"", ""confidence"": 0.65, ""message"": ""Same athlete/event/apparatus exists in the score sheet, but format, round, or day is different."", ""action"": ""attach_d_score_to_target_result"", ""changes"": {""format"": {""from"": ""apparatus"", ""to"": ""individual""}, ""round"": {""from"": ""final"", ""to"": ""final""}, ""day"": {""from"": null, ""to"": null}}, ""target_result"": {""event_name"": ""Austrian Championships"", ""year"": 2025, ""athlete_name"": ""Leonie Gschliesser"", ""country"": ""AUT"", ""discipline"": ""WAG"", ""category"": ""junior"", ""apparatus"": ""VT"", ""vt_attempt"": 1, ""day"": null, ""format"": ""individual"", ""round"": ""final"", ""score"": 13.2, ""D_score"": 4.2, ""vault_attempt_order_uncertain"": true, ""source_sheet"": ""WAG"", ""source_row"": 7840, ""target_id"": ""target_4c85baa4b68b6c71""}}]"
orphan_923fa17738ffcbb4,possible_context_mismatch,review,"Possible format, round, or day mismatch.",WAG D,7502,Austrian Championships,2025,Leonie Gschliesser,AUT,WAG,junior,VT,2,,apparatus,final,3.6,True,1,suggestion_8027c3f2546055e8,context_correction,0.65,"Same athlete/event/apparatus exists in the score sheet, but format, round, or day is different.",Austrian Championships,2025,Leonie Gschliesser,AUT,WAG,junior,VT,2,,individual,final,,3.6,WAG,7840,"[{""suggestion_id"": ""suggestion_8027c3f2546055e8"", ""suggestion_type"": ""context_correction"", ""confidence"": 0.65, ""message"": ""Same athlete/event/apparatus exists in the score sheet, but format, round, or day is different."", ""action"": ""attach_d_score_to_target_result"", ""changes"": {""format"": {""from"": ""apparatus"", ""to"": ""individual""}, ""round"": {""from"": ""final"", ""to"": ""final""}, ""day"": {""from"": null, ""to"": null}}, ""target_result"": {""event_name"": ""Austrian Championships"", ""year"": 2025, ""athlete_name"": ""Leonie Gschliesser"", ""country"": ""AUT"", ""discipline"": ""WAG"", ""category"": ""junior"", ""apparatus"": ""VT"", ""vt_attempt"": 2, ""day"": null, ""format"": ""individual"", ""round"": ""final"", ""score"": null, ""D_score"": 3.6, ""vault_attempt_order_uncertain"": true, ""source_sheet"": ""WAG"", ""source_row"": 7840, ""target_id"": ""target_1cb3ea5201a46da4""}}]"
orphan_c843faca427e307a,missing_final_score_for_context,review,"The athlete/event exists, but not this apparatus/context.",WAG D,7665,Elek Matolay Memorial,2025,Lidija Butamer,MKD,WAG,junior,VT,2,,individual,final,1.6,True,0,,,,,,,,,,,,,,,,,,,,[]
orphan_624720f173c0c68c,missing_final_score_for_context,review,"The athlete/event exists, but not this apparatus/context.",WAG D,7669,Tournoi International,2025,Liese Vieuxtemps,BEL,WAG,junior,BB,,,individual,final,4.1,False,0,,,,,,,,,,,,,,,,,,,,[]
orphan_2367b39af3f69ae7,possible_context_mismatch,review,"Possible format, round, or day mismatch.",WAG D,7713,Austrian Championships,2025,Lilian Lamperter,AUT,WAG,junior,VT,1,,apparatus,final,3.4,True,1,suggestion_5dfbc0911223c5b8,context_correction,0.65,"Same athlete/event/apparatus exists in the score sheet, but format, round, or day is different.",Austrian Championships,2025,Lilian Lamperter,AUT,WAG,junior,VT,1,,individual,final,12.05,3.4,WAG,8062,"[{""suggestion_id"": ""suggestion_5dfbc0911223c5b8"", ""suggestion_type"": ""context_correction"", ""confidence"": 0.65, ""message"": ""Same athlete/event/apparatus exists in the score sheet, but format, round, or day is different."", ""action"": ""attach_d_score_to_target_result"", ""changes"": {""format"": {""from"": ""apparatus"", ""to"": ""individual""}, ""round"": {""from"": ""final"", ""to"": ""final""}, ""day"": {""from"": null, ""to"": null}}, ""target_result"": {""event_name"": ""Austrian Championships"", ""year"": 2025, ""athlete_name"": ""Lilian Lamperter"", ""country"": ""AUT"", ""discipline"": ""WAG"", ""category"": ""junior"", ""apparatus"": ""VT"", ""vt_attempt"": 1, ""day"": null, ""format"": ""individual"", ""round"": ""final"", ""score"": 12.05, ""D_score"": 3.4, ""vault_attempt_order_uncertain"": true, ""source_sheet"": ""WAG"", ""source_row"": 8062, ""target_id"": ""target_3df37fee064e0f4a""}}]"
orphan_201ece948cea5e48,possible_context_mismatch,review,"Possible format, round, or day mismatch.",WAG D,7713,Austrian Championships,2025,Lilian Lamperter,AUT,WAG,junior,VT,2,,apparatus,final,3.2,True,1,suggestion_5622c32c1ab91a9c,context_correction,0.65,"Same athlete/event/apparatus exists in the score sheet, but format, round, or day is different.",Austrian Championships,2025,Lilian Lamperter,AUT,WAG,junior,VT,2,,individual,final,,3.2,WAG,8062,"[{""suggestion_id"": ""suggestion_5622c32c1ab91a9c"", ""suggestion_type"": ""context_correction"", ""confidence"": 0.65, ""message"": ""Same athlete/event/apparatus exists in the score sheet, but format, round, or day is different."", ""action"": ""attach_d_score_to_target_result"", ""changes"": {""format"": {""from"": ""apparatus"", ""to"": ""individual""}, ""round"": {""from"": ""final"", ""to"": ""final""}, ""day"": {""from"": null, ""to"": null}}, ""target_result"": {""event_name"": ""Austrian Championships"", ""year"": 2025, ""athlete_name"": ""Lilian Lamperter"", ""country"": ""AUT"", ""discipline"": ""WAG"", ""category"": ""junior"", ""apparatus"": ""VT"", ""vt_attempt"": 2, ""day"": null, ""format"": ""individual"", ""round"": ""final"", ""score"": null, ""D_score"": 3.2, ""vault_attempt_order_uncertain"": true, ""source_sheet"": ""WAG"", ""source_row"": 8062, ""target_id"": ""target_cfbd84ad61292ae6""}}]"
orphan_f5df6525626bbc55,missing_final_score_for_context,review,"The athlete/event exists, but not this apparatus/context.",WAG D,7841,Italian Gold Championships,2025,Linda Lombardo,ITA,WAG,senior,BB,,,individual,final,3.4,False,0,,,,,,,,,,,,,,,,,,,,[]
orphan_cad1bf2fb2cf9c14,missing_final_score_for_context,review,"The athlete/event exists, but not this apparatus/context.",WAG D,7899,Chinese Worlds Trials,2025,Liu Jinru,CHN,WAG,senior,VT,2,,individual,final,5.2,True,0,,,,,,,,,,,,,,,,,,,,[]
orphan_7228f34085509fc4,missing_final_score_for_context,review,"The athlete/event exists, but not this apparatus/context.",WAG D,7948,Dutch Championships,2025,Lize de Haan,NED,WAG,junior,VT,2,,individual,final,3.0,True,0,,,,,,,,,,,,,,,,,,,,[]
orphan_b77498ad7ee2afd6,possible_context_mismatch,review,"Possible format, round, or day mismatch.",WAG D,8002,Dutch Championships,2025,Lola Roeleveld,NED,WAG,junior,VT,2,,individual,final,3.2,True,1,suggestion_1832b4bd5f008573,context_correction,0.65,"Same athlete/event/apparatus exists in the score sheet, but format, round, or day is different.",Dutch Championships,2025,Lola Roeleveld,NED,WAG,junior,VT,2,,apparatus,final,,3.2,WAG,8359,"[{""suggestion_id"": ""suggestion_1832b4bd5f008573"", ""suggestion_type"": ""context_correction"", ""confidence"": 0.65, ""message"": ""Same athlete/event/apparatus exists in the score sheet, but format, round, or day is different."", ""action"": ""attach_d_score_to_target_result"", ""changes"": {""format"": {""from"": ""individual"", ""to"": ""apparatus""}, ""round"": {""from"": ""final"", ""to"": ""final""}, ""day"": {""from"": null, ""to"": null}}, ""target_result"": {""event_name"": ""Dutch Championships"", ""year"": 2025, ""athlete_name"": ""Lola Roeleveld"", ""country"": ""NED"", ""discipline"": ""WAG"", ""category"": ""junior"", ""apparatus"": ""VT"", ""vt_attempt"": 2, ""day"": null, ""format"": ""apparatus"", ""round"": ""final"", ""score"": null, ""D_score"": 3.2, ""vault_attempt_order_uncertain"": true, ""source_sheet"": ""WAG"", ""source_row"": 8359, ""target_id"": ""target_55f9c62dd24c7b0d""}}]"
orphan_45aef9f228ccb6ce,athlete_missing_in_score_sheet,review,"The event/apparatus/context exists, but this athlete is missing in the score sheet.",WAG D,8005,Champion's Cup,2025,Londra Ubertini,ITA,WAG,senior,BB,,,individual,final,4.6,False,0,,,,,,,,,,,,,,,,,,,,[]
orphan_8fdeefab37835cf8,athlete_missing_in_score_sheet,review,"The event/apparatus/context exists, but this athlete is missing in the score sheet.",WAG D,8005,Champion's Cup,2025,Londra Ubertini,ITA,WAG,senior,FX,,,individual,final,5.1,False,0,,,,,,,,,,,,,,,,,,,,[]
orphan_4a51a965028c3a9a,athlete_missing_in_score_sheet,review,"The event/apparatus/context exists, but this athlete is missing in the score sheet.",WAG D,8005,Champion's Cup,2025,Londra Ubertini,ITA,WAG,senior,UB,,,individual,final,4.4,False,0,,,,,,,,,,,,,,,,,,,,[]
orphan_7160a0b9d3de51f1,athlete_missing_in_score_sheet,review,"The event/apparatus/context exists, but this athlete is missing in the score sheet.",WAG D,8005,Champion's Cup,2025,Londra Ubertini,ITA,WAG,senior,VT,1,,individual,final,3.8,True,0,,,,,,,,,,,,,,,,,,,,[]
orphan_0c30f4ec71814e15,athlete_missing_in_score_sheet,review,"The event/apparatus/context exists, but this athlete is missing in the score sheet.",WAG D,8006,2nd Italian Serie A,2025,Londra Ubertini,ITA,WAG,senior,BB,,,individual,final,4.6,False,0,,,,,,,,,,,,,,,,,,,,[]
orphan_0f57821fad97b93b,athlete_missing_in_score_sheet,review,"The event/apparatus/context exists, but this athlete is missing in the score sheet.",WAG D,8006,2nd Italian Serie A,2025,Londra Ubertini,ITA,WAG,senior,FX,,,individual,final,4.8,False,0,,,,,,,,,,,,,,,,,,,,[]
orphan_935c5e6c4b2b0718,athlete_missing_in_score_sheet,review,"The event/apparatus/context exists, but this athlete is missing in the score sheet.",WAG D,8006,2nd Italian Serie A,2025,Londra Ubertini,ITA,WAG,senior,UB,,,individual,final,3.7,False,0,,,,,,,,,,,,,,,,,,,,[]
orphan_b1c71a27e31ce00c,athlete_missing_in_score_sheet,review,"The event/apparatus/context exists, but this athlete is missing in the score sheet.",WAG D,8006,2nd Italian Serie A,2025,Londra Ubertini,ITA,WAG,senior,VT,1,,individual,final,4.2,True,0,,,,,,,,,,,,,,,,,,,,[]
orphan_7c121f8677de969f,athlete_missing_in_score_sheet,review,"The event/apparatus/context exists, but this athlete is missing in the score sheet.",WAG D,8007,Italian Serie A Final,2025,Londra Ubertini,ITA,WAG,senior,BB,,,individual,final,4.6,False,0,,,,,,,,,,,,,,,,,,,,[]
orphan_682afa664aabf226,athlete_missing_in_score_sheet,review,"The event/apparatus/context exists, but this athlete is missing in the score sheet.",WAG D,8007,Italian Serie A Final,2025,Londra Ubertini,ITA,WAG,senior,FX,,,individual,final,4.5,False,0,,,,,,,,,,,,,,,,,,,,[]
orphan_39c373cb47bb3026,athlete_missing_in_score_sheet,review,"The event/apparatus/context exists, but this athlete is missing in the score sheet.",WAG D,8007,Italian Serie A Final,2025,Londra Ubertini,ITA,WAG,senior,UB,,,individual,final,3.0,False,0,,,,,,,,,,,,,,,,,,,,[]
orphan_934b05bdec659c79,athlete_missing_in_score_sheet,review,"The event/apparatus/context exists, but this athlete is missing in the score sheet.",WAG D,8007,Italian Serie A Final,2025,Londra Ubertini,ITA,WAG,senior,VT,1,,individual,final,4.2,True,0,,,,,,,,,,,,,,,,,,,,[]
orphan_0c35cd59ce053ccd,athlete_missing_in_score_sheet,review,"The event/apparatus/context exists, but this athlete is missing in the score sheet.",WAG D,8008,3rd Italian Serie A,2025,Londra Ubertini,ITA,WAG,senior,BB,,,individual,final,4.6,False,0,,,,,,,,,,,,,,,,,,,,[]
orphan_574269dbd40d884b,athlete_missing_in_score_sheet,review,"The event/apparatus/context exists, but this athlete is missing in the score sheet.",WAG D,8008,3rd Italian Serie A,2025,Londra Ubertini,ITA,WAG,senior,FX,,,individual,final,4.7,False,0,,,,,,,,,,,,,,,,,,,,[]
orphan_d1ca94876a431d7e,athlete_missing_in_score_sheet,review,"The event/apparatus/context exists, but this athlete is missing in the score sheet.",WAG D,8008,3rd Italian Serie A,2025,Londra Ubertini,ITA,WAG,senior,VT,1,,individual,final,4.2,True,0,,,,,,,,,,,,,,,,,,,,[]
orphan_6143159e507840a9,athlete_missing_in_score_sheet,review,"The event/apparatus/context exists, but this athlete is missing in the score sheet.",WAG D,8009,1st Italian Serie A,2025,Londra Ubertini,ITA,WAG,senior,BB,,,individual,final,4.6,False,0,,,,,,,,,,,,,,,,,,,,[]
orphan_7656221241c3a62e,athlete_missing_in_score_sheet,review,"The event/apparatus/context exists, but this athlete is missing in the score sheet.",WAG D,8009,1st Italian Serie A,2025,Londra Ubertini,ITA,WAG,senior,FX,,,individual,final,4.8,False,0,,,,,,,,,,,,,,,,,,,,[]
orphan_3edc120d65bf77bb,athlete_missing_in_score_sheet,review,"The event/apparatus/context exists, but this athlete is missing in the score sheet.",WAG D,8009,1st Italian Serie A,2025,Londra Ubertini,ITA,WAG,senior,VT,1,,individual,final,3.6,True,0,,,,,,,,,,,,,,,,,,,,[]
orphan_c27f5017095e1c9e,athlete_missing_in_score_sheet,review,"The event/apparatus/context exists, but this athlete is missing in the score sheet.",WAG D,8010,Champion's Cup,2025,Londra Ubertini,ITA,WAG,senior,FX,,,apparatus,final,5.3,False,0,,,,,,,,,,,,,,,,,,,,[]
orphan_4975a2af11e7c2a7,athlete_missing_in_score_sheet,review,"The event/apparatus/context exists, but this athlete is missing in the score sheet.",WAG D,8146,1st Spanish League,2025,Lucia Gutierrez,ESP,WAG,senior,BB,,,individual,final,4.2,False,0,,,,,,,,,,,,,,,,,,,,[]
orphan_6870fd4debabc9ac,athlete_missing_in_score_sheet,review,"The event/apparatus/context exists, but this athlete is missing in the score sheet.",WAG D,8146,1st Spanish League,2025,Lucia Gutierrez,ESP,WAG,senior,FX,,,individual,final,4.2,False,0,,,,,,,,,,,,,,,,,,,,[]
orphan_a17e19d5e995e854,athlete_missing_in_score_sheet,review,"The event/apparatus/context exists, but this athlete is missing in the score sheet.",WAG D,8146,1st Spanish League,2025,Lucia Gutierrez,ESP,WAG,senior,UB,,,individual,final,4.3,False,0,,,,,,,,,,,,,,,,,,,,[]
orphan_f1e053a4481247ba,athlete_missing_in_score_sheet,review,"The event/apparatus/context exists, but this athlete is missing in the score sheet.",WAG D,8146,1st Spanish League,2025,Lucia Gutierrez,ESP,WAG,senior,VT,1,,individual,final,3.6,True,0,,,,,,,,,,,,,,,,,,,,[]
orphan_b7dba782b752f036,athlete_missing_in_score_sheet,review,"The event/apparatus/context exists, but this athlete is missing in the score sheet.",WAG D,8147,2nd Spanish League,2025,Lucia Gutierrez,ESP,WAG,senior,BB,,,individual,final,4.1,False,0,,,,,,,,,,,,,,,,,,,,[]
orphan_f5997cb2dd28ea8a,athlete_missing_in_score_sheet,review,"The event/apparatus/context exists, but this athlete is missing in the score sheet.",WAG D,8147,2nd Spanish League,2025,Lucia Gutierrez,ESP,WAG,senior,FX,,,individual,final,4.1,False,0,,,,,,,,,,,,,,,,,,,,[]
orphan_b9f97ccdfcaf9480,athlete_missing_in_score_sheet,review,"The event/apparatus/context exists, but this athlete is missing in the score sheet.",WAG D,8147,2nd Spanish League,2025,Lucia Gutierrez,ESP,WAG,senior,UB,,,individual,final,4.2,False,0,,,,,,,,,,,,,,,,,,,,[]
orphan_4f2b21e56d7bb2b0,athlete_missing_in_score_sheet,review,"The event/apparatus/context exists, but this athlete is missing in the score sheet.",WAG D,8147,2nd Spanish League,2025,Lucia Gutierrez,ESP,WAG,senior,VT,1,,individual,final,3.4,True,0,,,,,,,,,,,,,,,,,,,,[]
orphan_132f71c533aa2536,missing_final_score_for_context,review,"The athlete/event exists, but not this apparatus/context.",WAG D,8470,Indian National Games,2025,Mahamaya Adhikari,IND,WAG,senior,VT,2,,individual,qualification,2.0,True,0,,,,,,,,,,,,,,,,,,,,[]
orphan_1f1c2438eaa14f4e,athlete_missing_in_score_sheet,review,"The event/apparatus/context exists, but this athlete is missing in the score sheet.",WAG D,8491,2nd Spanish League,2025,Maïana Prat,FRA,WAG,senior,BB,,,individual,final,5.3,False,0,,,,,,,,,,,,,,,,,,,,[]
orphan_fbe3e49240b8a53c,athlete_missing_in_score_sheet,review,"The event/apparatus/context exists, but this athlete is missing in the score sheet.",WAG D,8491,2nd Spanish League,2025,Maïana Prat,FRA,WAG,senior,FX,,,individual,final,5.5,False,0,,,,,,,,,,,,,,,,,,,,[]
orphan_74e3f815d7bd0086,athlete_missing_in_score_sheet,review,"The event/apparatus/context exists, but this athlete is missing in the score sheet.",WAG D,8491,2nd Spanish League,2025,Maïana Prat,FRA,WAG,senior,UB,,,individual,final,4.7,False,0,,,,,,,,,,,,,,,,,,,,[]
orphan_12ee8fb8659f1e15,possible_context_mismatch,review,"Possible format, round, or day mismatch.",WAG D,8567,Polish Championships,2025,Maja Luka,POL,WAG,junior,VT,2,,individual,final,3.2,True,1,suggestion_3dfc0bf3b1416688,context_correction,0.65,"Same athlete/event/apparatus exists in the score sheet, but format, round, or day is different.",Polish Championships,2025,Maja Luka,POL,WAG,junior,VT,2,,apparatus,final,,3.2,WAG,8946,"[{""suggestion_id"": ""suggestion_3dfc0bf3b1416688"", ""suggestion_type"": ""context_correction"", ""confidence"": 0.65, ""message"": ""Same athlete/event/apparatus exists in the score sheet, but format, round, or day is different."", ""action"": ""attach_d_score_to_target_result"", ""changes"": {""format"": {""from"": ""individual"", ""to"": ""apparatus""}, ""round"": {""from"": ""final"", ""to"": ""final""}, ""day"": {""from"": null, ""to"": null}}, ""target_result"": {""event_name"": ""Polish Championships"", ""year"": 2025, ""athlete_name"": ""Maja Luka"", ""country"": ""POL"", ""discipline"": ""WAG"", ""category"": ""junior"", ""apparatus"": ""VT"", ""vt_attempt"": 2, ""day"": null, ""format"": ""apparatus"", ""round"": ""final"", ""score"": null, ""D_score"": 3.2, ""vault_attempt_order_uncertain"": true, ""source_sheet"": ""WAG"", ""source_row"": 8946, ""target_id"": ""target_e5edc4cd99fc06e0""}}]"
orphan_96eae7a8e9f35616,missing_final_score_for_context,review,"The athlete/event exists, but not this apparatus/context.",WAG D,8576,Polish Championships,2025,Maja Siemieniecka,POL,WAG,junior,VT,2,,individual,final,3.0,True,0,,,,,,,,,,,,,,,,,,,,[]
orphan_fab5956bf767823c,possible_context_mismatch,review,"Possible format, round, or day mismatch.",WAG D,8700,Polish Championships,2025,Marcelina Brzezinska,POL,WAG,junior,VT,2,,individual,final,3.2,True,1,suggestion_67f56998fe688de1,context_correction,0.65,"Same athlete/event/apparatus exists in the score sheet, but format, round, or day is different.",Polish Championships,2025,Marcelina Brzezinska,POL,WAG,junior,VT,2,,apparatus,final,,3.2,WAG,9086,"[{""suggestion_id"": ""suggestion_67f56998fe688de1"", ""suggestion_type"": ""context_correction"", ""confidence"": 0.65, ""message"": ""Same athlete/event/apparatus exists in the score sheet, but format, round, or day is different."", ""action"": ""attach_d_score_to_target_result"", ""changes"": {""format"": {""from"": ""individual"", ""to"": ""apparatus""}, ""round"": {""from"": ""final"", ""to"": ""final""}, ""day"": {""from"": null, ""to"": null}}, ""target_result"": {""event_name"": ""Polish Championships"", ""year"": 2025, ""athlete_name"": ""Marcelina Brzezinska"", ""country"": ""POL"", ""discipline"": ""WAG"", ""category"": ""junior"", ""apparatus"": ""VT"", ""vt_attempt"": 2, ""day"": null, ""format"": ""apparatus"", ""round"": ""final"", ""score"": null, ""D_score"": 3.2, ""vault_attempt_order_uncertain"": true, ""source_sheet"": ""WAG"", ""source_row"": 9086, ""target_id"": ""target_8af3da636b9c7f3b""}}]"
orphan_15890f9406814ee6,athlete_missing_in_score_sheet,review,"The event/apparatus/context exists, but this athlete is missing in the score sheet.",WAG D,8968,Northern European Championships,2025,Marin Danielsen,DEN,WAG,senior,BB,,,individual,final,3.1,False,0,,,,,,,,,,,,,,,,,,,,[]
orphan_3b9eafbe685c2338,athlete_missing_in_score_sheet,review,"The event/apparatus/context exists, but this athlete is missing in the score sheet.",WAG D,8968,Northern European Championships,2025,Marin Danielsen,DEN,WAG,senior,FX,,,individual,final,3.9,False,0,,,,,,,,,,,,,,,,,,,,[]
orphan_03a82e4fbcd3f02c,athlete_missing_in_score_sheet,review,"The event/apparatus/context exists, but this athlete is missing in the score sheet.",WAG D,8968,Northern European Championships,2025,Marin Danielsen,DEN,WAG,senior,UB,,,individual,final,2.3,False,0,,,,,,,,,,,,,,,,,,,,[]
orphan_f909d77774623385,athlete_missing_in_score_sheet,review,"The event/apparatus/context exists, but this athlete is missing in the score sheet.",WAG D,8968,Northern European Championships,2025,Marin Danielsen,DEN,WAG,senior,VT,1,,individual,final,3.2,True,0,,,,,,,,,,,,,,,,,,,,[]
orphan_7b250a02e22a53c6,athlete_missing_in_score_sheet,review,"The event/apparatus/context exists, but this athlete is missing in the score sheet.",WAG D,8968,Northern European Championships,2025,Marin Danielsen,DEN,WAG,senior,VT,2,,individual,final,3.4,True,0,,,,,,,,,,,,,,,,,,,,[]
orphan_a3c9f9ebea99d69c,athlete_missing_in_score_sheet,review,"The event/apparatus/context exists, but this athlete is missing in the score sheet.",WAG D,9182,Danish Team Championships,2025,Mathilde Lauridsen,DEN,WAG,senior,BB,,,individual,final,2.2,False,0,,,,,,,,,,,,,,,,,,,,[]
orphan_1d21ba3d71dec0c2,athlete_missing_in_score_sheet,review,"The event/apparatus/context exists, but this athlete is missing in the score sheet.",WAG D,9182,Danish Team Championships,2025,Mathilde Lauridsen,DEN,WAG,senior,UB,,,individual,final,1.0,False,0,,,,,,,,,,,,,,,,,,,,[]
orphan_1ddd360802209bd4,athlete_missing_in_score_sheet,review,"The event/apparatus/context exists, but this athlete is missing in the score sheet.",WAG D,9182,Danish Team Championships,2025,Mathilde Lauridsen,DEN,WAG,senior,VT,1,,individual,final,1.6,True,0,,,,,,,,,,,,,,,,,,,,[]
orphan_f6b2db158e013d45,possible_context_mismatch,review,"Possible format, round, or day mismatch.",WAG D,9185,Norwegian Championships,2025,Mathilde Raekken,NOR,WAG,senior,VT,2,,individual,final,3.2,True,1,suggestion_bdd7daa2ac5b1bcd,context_correction,0.65,"Same athlete/event/apparatus exists in the score sheet, but format, round, or day is different.",Norwegian Championships,2025,Mathilde Raekken,NOR,WAG,senior,VT,2,,apparatus,final,,3.2,WAG,9586,"[{""suggestion_id"": ""suggestion_bdd7daa2ac5b1bcd"", ""suggestion_type"": ""context_correction"", ""confidence"": 0.65, ""message"": ""Same athlete/event/apparatus exists in the score sheet, but format, round, or day is different."", ""action"": ""attach_d_score_to_target_result"", ""changes"": {""format"": {""from"": ""individual"", ""to"": ""apparatus""}, ""round"": {""from"": ""final"", ""to"": ""final""}, ""day"": {""from"": null, ""to"": null}}, ""target_result"": {""event_name"": ""Norwegian Championships"", ""year"": 2025, ""athlete_name"": ""Mathilde Raekken"", ""country"": ""NOR"", ""discipline"": ""WAG"", ""category"": ""senior"", ""apparatus"": ""VT"", ""vt_attempt"": 2, ""day"": null, ""format"": ""apparatus"", ""round"": ""final"", ""score"": null, ""D_score"": 3.2, ""vault_attempt_order_uncertain"": true, ""source_sheet"": ""WAG"", ""source_row"": 9586, ""target_id"": ""target_be54d0944f1d3a48""}}]"
orphan_bcb7c812b0b09a33,possible_context_mismatch,review,"Possible format, round, or day mismatch.",WAG D,9425,German Junior Championships,2025,Mia Belz,GER,WAG,junior,VT,1,,apparatus,final,3.4,True,1,suggestion_938c3cc3cf58025c,context_correction,0.65,"Same athlete/event/apparatus exists in the score sheet, but format, round, or day is different.",German Junior Championships,2025,Mia Belz,GER,WAG,junior,VT,1,,individual,final,12.0,3.4,WAG,9831,"[{""suggestion_id"": ""suggestion_938c3cc3cf58025c"", ""suggestion_type"": ""context_correction"", ""confidence"": 0.65, ""message"": ""Same athlete/event/apparatus exists in the score sheet, but format, round, or day is different."", ""action"": ""attach_d_score_to_target_result"", ""changes"": {""format"": {""from"": ""apparatus"", ""to"": ""individual""}, ""round"": {""from"": ""final"", ""to"": ""final""}, ""day"": {""from"": null, ""to"": null}}, ""target_result"": {""event_name"": ""German Junior Championships"", ""year"": 2025, ""athlete_name"": ""Mia Belz"", ""country"": ""GER"", ""discipline"": ""WAG"", ""category"": ""junior"", ""apparatus"": ""VT"", ""vt_attempt"": 1, ""day"": null, ""format"": ""individual"", ""round"": ""final"", ""score"": 12.0, ""D_score"": 3.4, ""vault_attempt_order_uncertain"": true, ""source_sheet"": ""WAG"", ""source_row"": 9831, ""target_id"": ""target_00df2062b77a94fa""}}]"
orphan_e657c3ee81f2b44c,missing_final_score_for_context,review,"The athlete/event exists, but not this apparatus/context.",WAG D,9425,German Junior Championships,2025,Mia Belz,GER,WAG,junior,VT,2,,apparatus,final,3.2,True,0,,,,,,,,,,,,,,,,,,,,[]
orphan_a68cacedc9e6cfd9,possible_context_mismatch,review,"Possible format, round, or day mismatch.",WAG D,9441,Austrian Championships,2025,Mia Bohle,AUT,WAG,senior,VT,1,,apparatus,final,3.4,True,1,suggestion_2f4b30c0b3511577,context_correction,0.65,"Same athlete/event/apparatus exists in the score sheet, but format, round, or day is different.",Austrian Championships,2025,Mia Bohle,AUT,WAG,senior,VT,1,,individual,final,12.2,3.6,WAG,9842,"[{""suggestion_id"": ""suggestion_2f4b30c0b3511577"", ""suggestion_type"": ""context_correction"", ""confidence"": 0.65, ""message"": ""Same athlete/event/apparatus exists in the score sheet, but format, round, or day is different."", ""action"": ""attach_d_score_to_target_result"", ""changes"": {""format"": {""from"": ""apparatus"", ""to"": ""individual""}, ""round"": {""from"": ""final"", ""to"": ""final""}, ""day"": {""from"": null, ""to"": null}}, ""target_result"": {""event_name"": ""Austrian Championships"", ""year"": 2025, ""athlete_name"": ""Mia Bohle"", ""country"": ""AUT"", ""discipline"": ""WAG"", ""category"": ""senior"", ""apparatus"": ""VT"", ""vt_attempt"": 1, ""day"": null, ""format"": ""individual"", ""round"": ""final"", ""score"": 12.2, ""D_score"": 3.6, ""vault_attempt_order_uncertain"": true, ""source_sheet"": ""WAG"", ""source_row"": 9842, ""target_id"": ""target_60e06ce8d6b93d9c""}}]"
orphan_0b0ebe984f6044dc,possible_context_mismatch,review,"Possible format, round, or day mismatch.",WAG D,9441,Austrian Championships,2025,Mia Bohle,AUT,WAG,senior,VT,2,,apparatus,final,3.0,True,1,suggestion_8b5d71fdfa43a7c7,context_correction,0.65,"Same athlete/event/apparatus exists in the score sheet, but format, round, or day is different.",Austrian Championships,2025,Mia Bohle,AUT,WAG,senior,VT,2,,individual,final,,3.4,WAG,9842,"[{""suggestion_id"": ""suggestion_8b5d71fdfa43a7c7"", ""suggestion_type"": ""context_correction"", ""confidence"": 0.65, ""message"": ""Same athlete/event/apparatus exists in the score sheet, but format, round, or day is different."", ""action"": ""attach_d_score_to_target_result"", ""changes"": {""format"": {""from"": ""apparatus"", ""to"": ""individual""}, ""round"": {""from"": ""final"", ""to"": ""final""}, ""day"": {""from"": null, ""to"": null}}, ""target_result"": {""event_name"": ""Austrian Championships"", ""year"": 2025, ""athlete_name"": ""Mia Bohle"", ""country"": ""AUT"", ""discipline"": ""WAG"", ""category"": ""senior"", ""apparatus"": ""VT"", ""vt_attempt"": 2, ""day"": null, ""format"": ""individual"", ""round"": ""final"", ""score"": null, ""D_score"": 3.4, ""vault_attempt_order_uncertain"": true, ""source_sheet"": ""WAG"", ""source_row"": 9842, ""target_id"": ""target_982968957fd3f9b0""}}]"
orphan_b1d984077f444f22,athlete_missing_in_score_sheet,review,"The event/apparatus/context exists, but this athlete is missing in the score sheet.",WAG D,9640,All-Japan Championships,2025,Minami Tobi,JPN,WAG,senior,BB,,,individual,qualification,4.8,False,0,,,,,,,,,,,,,,,,,,,,[]
orphan_9e26ee411bba33be,athlete_missing_in_score_sheet,review,"The event/apparatus/context exists, but this athlete is missing in the score sheet.",WAG D,9640,All-Japan Championships,2025,Minami Tobi,JPN,WAG,senior,FX,,,individual,qualification,5.3,False,0,,,,,,,,,,,,,,,,,,,,[]
orphan_e56380b9d8a412aa,athlete_missing_in_score_sheet,review,"The event/apparatus/context exists, but this athlete is missing in the score sheet.",WAG D,9640,All-Japan Championships,2025,Minami Tobi,JPN,WAG,senior,UB,,,individual,qualification,5.3,False,0,,,,,,,,,,,,,,,,,,,,[]
orphan_87028113d20b3250,athlete_missing_in_score_sheet,review,"The event/apparatus/context exists, but this athlete is missing in the score sheet.",WAG D,9640,All-Japan Championships,2025,Minami Tobi,JPN,WAG,senior,VT,1,,individual,qualification,4.4,True,0,,,,,,,,,,,,,,,,,,,,[]
orphan_639e45d535a5cac8,athlete_missing_in_score_sheet,review,"The event/apparatus/context exists, but this athlete is missing in the score sheet.",WAG D,9641,All-Japan Championships,2025,Minami Tobi,JPN,WAG,senior,BB,,,individual,final,4.8,False,0,,,,,,,,,,,,,,,,,,,,[]
orphan_8cfd656a8bcf0ec8,athlete_missing_in_score_sheet,review,"The event/apparatus/context exists, but this athlete is missing in the score sheet.",WAG D,9641,All-Japan Championships,2025,Minami Tobi,JPN,WAG,senior,FX,,,individual,final,5.3,False,0,,,,,,,,,,,,,,,,,,,,[]
orphan_5d6ac99a0a5cb3fb,athlete_missing_in_score_sheet,review,"The event/apparatus/context exists, but this athlete is missing in the score sheet.",WAG D,9641,All-Japan Championships,2025,Minami Tobi,JPN,WAG,senior,UB,,,individual,final,5.1,False,0,,,,,,,,,,,,,,,,,,,,[]
orphan_fabea3f94a3d7d63,athlete_missing_in_score_sheet,review,"The event/apparatus/context exists, but this athlete is missing in the score sheet.",WAG D,9641,All-Japan Championships,2025,Minami Tobi,JPN,WAG,senior,VT,1,,individual,final,4.4,True,0,,,,,,,,,,,,,,,,,,,,[]
orphan_8b8cb3dc2283f852,athlete_missing_in_score_sheet,review,"The event/apparatus/context exists, but this athlete is missing in the score sheet.",WAG D,9707,All-Japan Championships,2025,Misa Nishiyama,JPN,WAG,senior,BB,,,individual,final,5.7,False,0,,,,,,,,,,,,,,,,,,,,[]
orphan_2144e0cd42f73490,athlete_missing_in_score_sheet,review,"The event/apparatus/context exists, but this athlete is missing in the score sheet.",WAG D,9707,All-Japan Championships,2025,Misa Nishiyama,JPN,WAG,senior,FX,,,individual,final,5.4,False,0,,,,,,,,,,,,,,,,,,,,[]
orphan_b59db2e4af8e9378,athlete_missing_in_score_sheet,review,"The event/apparatus/context exists, but this athlete is missing in the score sheet.",WAG D,9707,All-Japan Championships,2025,Misa Nishiyama,JPN,WAG,senior,UB,,,individual,final,5.8,False,0,,,,,,,,,,,,,,,,,,,,[]
orphan_668e6b44aab287e3,athlete_missing_in_score_sheet,review,"The event/apparatus/context exists, but this athlete is missing in the score sheet.",WAG D,9707,All-Japan Championships,2025,Misa Nishiyama,JPN,WAG,senior,VT,1,,individual,final,4.6,True,0,,,,,,,,,,,,,,,,,,,,[]
orphan_be7ca0acc6c957f4,athlete_missing_in_score_sheet,review,"The event/apparatus/context exists, but this athlete is missing in the score sheet.",WAG D,9708,All-Japan Championships,2025,Misa Nishiyama,JPN,WAG,senior,BB,,,individual,qualification,5.5,False,0,,,,,,,,,,,,,,,,,,,,[]
orphan_a723e8f591b9bcde,athlete_missing_in_score_sheet,review,"The event/apparatus/context exists, but this athlete is missing in the score sheet.",WAG D,9708,All-Japan Championships,2025,Misa Nishiyama,JPN,WAG,senior,FX,,,individual,qualification,5.5,False,0,,,,,,,,,,,,,,,,,,,,[]
orphan_6a6e7bfa801dc782,athlete_missing_in_score_sheet,review,"The event/apparatus/context exists, but this athlete is missing in the score sheet.",WAG D,9708,All-Japan Championships,2025,Misa Nishiyama,JPN,WAG,senior,UB,,,individual,qualification,5.8,False,0,,,,,,,,,,,,,,,,,,,,[]
orphan_d4151a1d17250a28,athlete_missing_in_score_sheet,review,"The event/apparatus/context exists, but this athlete is missing in the score sheet.",WAG D,9708,All-Japan Championships,2025,Misa Nishiyama,JPN,WAG,senior,VT,1,,individual,qualification,4.6,True,0,,,,,,,,,,,,,,,,,,,,[]
orphan_f13caf6550fb4570,possible_context_mismatch,review,"Possible format, round, or day mismatch.",WAG D,9796,Polish Championships,2025,Monika Jastrzebowska,POL,WAG,senior,VT,2,,individual,final,3.2,True,1,suggestion_f2f4b85ca81137c0,context_correction,0.65,"Same athlete/event/apparatus exists in the score sheet, but format, round, or day is different.",Polish Championships,2025,Monika Jastrzebowska,POL,WAG,senior,VT,2,,apparatus,final,,2.4,WAG,10233,"[{""suggestion_id"": ""suggestion_f2f4b85ca81137c0"", ""suggestion_type"": ""context_correction"", ""confidence"": 0.65, ""message"": ""Same athlete/event/apparatus exists in the score sheet, but format, round, or day is different."", ""action"": ""attach_d_score_to_target_result"", ""changes"": {""format"": {""from"": ""individual"", ""to"": ""apparatus""}, ""round"": {""from"": ""final"", ""to"": ""final""}, ""day"": {""from"": null, ""to"": null}}, ""target_result"": {""event_name"": ""Polish Championships"", ""year"": 2025, ""athlete_name"": ""Monika Jastrzebowska"", ""country"": ""POL"", ""discipline"": ""WAG"", ""category"": ""senior"", ""apparatus"": ""VT"", ""vt_attempt"": 2, ""day"": null, ""format"": ""apparatus"", ""round"": ""final"", ""score"": null, ""D_score"": 2.4, ""vault_attempt_order_uncertain"": true, ""source_sheet"": ""WAG"", ""source_row"": 10233, ""target_id"": ""target_b76d437699e4876c""}}]"
orphan_d1ccf7c8fbf2668b,missing_final_score_for_context,review,"The athlete/event exists, but not this apparatus/context.",WAG D,9825,Indian National Games,2025,Muskan,IND,WAG,senior,VT,2,,individual,qualification,2.0,True,0,,,,,,,,,,,,,,,,,,,,[]
orphan_02de9969e92ed8c8,athlete_missing_in_score_sheet,review,"The event/apparatus/context exists, but this athlete is missing in the score sheet.",WAG D,9888,All-Japan Championships,2025,Nanami Togo,JPN,WAG,senior,BB,,,individual,final,5.1,False,0,,,,,,,,,,,,,,,,,,,,[]
orphan_2e87b95b7f8dfd52,athlete_missing_in_score_sheet,review,"The event/apparatus/context exists, but this athlete is missing in the score sheet.",WAG D,9888,All-Japan Championships,2025,Nanami Togo,JPN,WAG,senior,FX,,,individual,final,5.3,False,0,,,,,,,,,,,,,,,,,,,,[]
orphan_9e371742243653a6,athlete_missing_in_score_sheet,review,"The event/apparatus/context exists, but this athlete is missing in the score sheet.",WAG D,9888,All-Japan Championships,2025,Nanami Togo,JPN,WAG,senior,UB,,,individual,final,4.9,False,0,,,,,,,,,,,,,,,,,,,,[]
orphan_709e1a5f5400d073,athlete_missing_in_score_sheet,review,"The event/apparatus/context exists, but this athlete is missing in the score sheet.",WAG D,9888,All-Japan Championships,2025,Nanami Togo,JPN,WAG,senior,VT,1,,individual,final,4.2,True,0,,,,,,,,,,,,,,,,,,,,[]
orphan_721eec7bd9e6cbec,athlete_missing_in_score_sheet,review,"The event/apparatus/context exists, but this athlete is missing in the score sheet.",WAG D,9889,NHK Trophy,2025,Nanami Togo,JPN,WAG,senior,BB,,,individual,final,5.1,False,0,,,,,,,,,,,,,,,,,,,,[]
orphan_7e29344f95a4111c,athlete_missing_in_score_sheet,review,"The event/apparatus/context exists, but this athlete is missing in the score sheet.",WAG D,9889,NHK Trophy,2025,Nanami Togo,JPN,WAG,senior,FX,,,individual,final,5.3,False,0,,,,,,,,,,,,,,,,,,,,[]
orphan_717c65db997d062c,athlete_missing_in_score_sheet,review,"The event/apparatus/context exists, but this athlete is missing in the score sheet.",WAG D,9889,NHK Trophy,2025,Nanami Togo,JPN,WAG,senior,UB,,,individual,final,4.9,False,0,,,,,,,,,,,,,,,,,,,,[]
orphan_fde367337d2627d5,athlete_missing_in_score_sheet,review,"The event/apparatus/context exists, but this athlete is missing in the score sheet.",WAG D,9889,NHK Trophy,2025,Nanami Togo,JPN,WAG,senior,VT,1,,individual,final,4.2,True,0,,,,,,,,,,,,,,,,,,,,[]
orphan_7e77b3f5c593e56e,athlete_missing_in_score_sheet,review,"The event/apparatus/context exists, but this athlete is missing in the score sheet.",WAG D,9890,All-Japan Championships,2025,Nanami Togo,JPN,WAG,senior,BB,,,individual,qualification,5.0,False,0,,,,,,,,,,,,,,,,,,,,[]
orphan_2339e1aed2e25c5e,athlete_missing_in_score_sheet,review,"The event/apparatus/context exists, but this athlete is missing in the score sheet.",WAG D,9890,All-Japan Championships,2025,Nanami Togo,JPN,WAG,senior,FX,,,individual,qualification,5.1,False,0,,,,,,,,,,,,,,,,,,,,[]
orphan_d0c91e51048dac6d,athlete_missing_in_score_sheet,review,"The event/apparatus/context exists, but this athlete is missing in the score sheet.",WAG D,9890,All-Japan Championships,2025,Nanami Togo,JPN,WAG,senior,UB,,,individual,qualification,5.0,False,0,,,,,,,,,,,,,,,,,,,,[]
orphan_17f12094479ae5b4,athlete_missing_in_score_sheet,review,"The event/apparatus/context exists, but this athlete is missing in the score sheet.",WAG D,9890,All-Japan Championships,2025,Nanami Togo,JPN,WAG,senior,VT,1,,individual,qualification,4.2,True,0,,,,,,,,,,,,,,,,,,,,[]
orphan_32db30af9fcdc3fd,possible_event_name_mismatch,review,Possible event-name mismatch between the D sheet and the score sheet.,WAG D,10000,All-Japan Event Championships,2025,Natsuho Fukami,JPN,WAG,senior,BB,,,individual,qualification,5.2,False,1,suggestion_b77156d229207795,event_name_correction,0.885,D-score event 'All-Japan Event Championships' may match score-sheet event 'All-Japan Championships'.,All-Japan Championships,2025,Natsuho Fukami,JPN,WAG,senior,BB,,,individual,qualification,11.566,5.1,WAG,10447,"[{""suggestion_id"": ""suggestion_b77156d229207795"", ""suggestion_type"": ""event_name_correction"", ""confidence"": 0.885, ""message"": ""D-score event 'All-Japan Event Championships' may match score-sheet event 'All-Japan Championships'."", ""action"": ""attach_d_score_to_target_result"", ""changes"": {""event_name"": {""from"": ""All-Japan Event Championships"", ""to"": ""All-Japan Championships""}}, ""target_result"": {""event_name"": ""All-Japan Championships"", ""year"": 2025, ""athlete_name"": ""Natsuho Fukami"", ""country"": ""JPN"", ""discipline"": ""WAG"", ""category"": ""senior"", ""apparatus"": ""BB"", ""vt_attempt"": null, ""day"": null, ""format"": ""individual"", ""round"": ""qualification"", ""score"": 11.566, ""D_score"": 5.1, ""vault_attempt_order_uncertain"": false, ""source_sheet"": ""WAG"", ""source_row"": 10447, ""target_id"": ""target_5b18d5009e43386b""}}]"
orphan_96e54da9db6d4dd6,possible_context_mismatch,review,"Possible format, round, or day mismatch.",WAG D,10031,Tashkent Challenge Cup,2025,Nazli Savranbasi,TUR,WAG,senior,VT,1,,apparatus,final,3.8,True,1,suggestion_bf4a0e88bf2b998c,context_correction,0.65,"Same athlete/event/apparatus exists in the score sheet, but format, round, or day is different.",Tashkent Challenge Cup,2025,Nazli Savranbasi,TUR,WAG,senior,VT,1,,individual,qualification,12.4,3.8,WAG,10483,"[{""suggestion_id"": ""suggestion_bf4a0e88bf2b998c"", ""suggestion_type"": ""context_correction"", ""confidence"": 0.65, ""message"": ""Same athlete/event/apparatus exists in the score sheet, but format, round, or day is different."", ""action"": ""attach_d_score_to_target_result"", ""changes"": {""format"": {""from"": ""apparatus"", ""to"": ""individual""}, ""round"": {""from"": ""final"", ""to"": ""qualification""}, ""day"": {""from"": null, ""to"": null}}, ""target_result"": {""event_name"": ""Tashkent Challenge Cup"", ""year"": 2025, ""athlete_name"": ""Nazli Savranbasi"", ""country"": ""TUR"", ""discipline"": ""WAG"", ""category"": ""senior"", ""apparatus"": ""VT"", ""vt_attempt"": 1, ""day"": null, ""format"": ""individual"", ""round"": ""qualification"", ""score"": 12.4, ""D_score"": 3.8, ""vault_attempt_order_uncertain"": true, ""source_sheet"": ""WAG"", ""source_row"": 10483, ""target_id"": ""target_f36c9a5faf063263""}}]"
orphan_cf3a1da61dcc565f,possible_context_mismatch,review,"Possible format, round, or day mismatch.",WAG D,10031,Tashkent Challenge Cup,2025,Nazli Savranbasi,TUR,WAG,senior,VT,2,,apparatus,final,3.4,True,1,suggestion_0a58538e0073fb9d,context_correction,0.65,"Same athlete/event/apparatus exists in the score sheet, but format, round, or day is different.",Tashkent Challenge Cup,2025,Nazli Savranbasi,TUR,WAG,senior,VT,2,,individual,qualification,,3.4,WAG,10483,"[{""suggestion_id"": ""suggestion_0a58538e0073fb9d"", ""suggestion_type"": ""context_correction"", ""confidence"": 0.65, ""message"": ""Same athlete/event/apparatus exists in the score sheet, but format, round, or day is different."", ""action"": ""attach_d_score_to_target_result"", ""changes"": {""format"": {""from"": ""apparatus"", ""to"": ""individual""}, ""round"": {""from"": ""final"", ""to"": ""qualification""}, ""day"": {""from"": null, ""to"": null}}, ""target_result"": {""event_name"": ""Tashkent Challenge Cup"", ""year"": 2025, ""athlete_name"": ""Nazli Savranbasi"", ""country"": ""TUR"", ""discipline"": ""WAG"", ""category"": ""senior"", ""apparatus"": ""VT"", ""vt_attempt"": 2, ""day"": null, ""format"": ""individual"", ""round"": ""qualification"", ""score"": null, ""D_score"": 3.4, ""vault_attempt_order_uncertain"": true, ""source_sheet"": ""WAG"", ""source_row"": 10483, ""target_id"": ""target_73e47d9fa12ebeaf""}}]"
orphan_5f6b39834418c93b,possible_context_mismatch,review,"Possible format, round, or day mismatch.",WAG D,10239,Polish Championships,2025,Nina Rzuczkowska,POL,WAG,junior,VT,2,,individual,final,3.2,True,1,suggestion_ec984035e0665f0d,context_correction,0.65,"Same athlete/event/apparatus exists in the score sheet, but format, round, or day is different.",Polish Championships,2025,Nina Rzuczkowska,POL,WAG,junior,VT,2,,apparatus,final,,3.2,WAG,10707,"[{""suggestion_id"": ""suggestion_ec984035e0665f0d"", ""suggestion_type"": ""context_correction"", ""confidence"": 0.65, ""message"": ""Same athlete/event/apparatus exists in the score sheet, but format, round, or day is different."", ""action"": ""attach_d_score_to_target_result"", ""changes"": {""format"": {""from"": ""individual"", ""to"": ""apparatus""}, ""round"": {""from"": ""final"", ""to"": ""final""}, ""day"": {""from"": null, ""to"": null}}, ""target_result"": {""event_name"": ""Polish Championships"", ""year"": 2025, ""athlete_name"": ""Nina Rzuczkowska"", ""country"": ""POL"", ""discipline"": ""WAG"", ""category"": ""junior"", ""apparatus"": ""VT"", ""vt_attempt"": 2, ""day"": null, ""format"": ""apparatus"", ""round"": ""final"", ""score"": null, ""D_score"": 3.2, ""vault_attempt_order_uncertain"": true, ""source_sheet"": ""WAG"", ""source_row"": 10707, ""target_id"": ""target_d9179906a5358dcc""}}]"
orphan_52e26ed81fd1a086,athlete_missing_in_score_sheet,review,"The event/apparatus/context exists, but this athlete is missing in the score sheet.",WAG D,10267,Chinese Championships,2025,Niu Xinyu,CHN,WAG,senior,BB,,,individual,qualification,5.2,False,0,,,,,,,,,,,,,,,,,,,,[]
orphan_ec0355647d3a40d6,athlete_missing_in_score_sheet,review,"The event/apparatus/context exists, but this athlete is missing in the score sheet.",WAG D,10267,Chinese Championships,2025,Niu Xinyu,CHN,WAG,senior,FX,,,individual,qualification,4.8,False,0,,,,,,,,,,,,,,,,,,,,[]
orphan_9cc1f15a45f4c33d,possible_athlete_name_typo,review,Possible athlete-name typo between the D sheet and the score sheet.,WAG D,10267,Chinese Championships,2025,Niu Xinyu,CHN,WAG,senior,VT,1,,individual,qualification,3.8,True,1,suggestion_1a3a93a5573beb73,athlete_name_correction,0.889,D-score athlete 'Niu Xinyu' probably matches score-sheet athlete 'Liu Xinyu'.,Chinese Championships,2025,Liu Xinyu,CHN,WAG,senior,VT,1,,individual,qualification,12.0,3.4,WAG,8273,"[{""suggestion_id"": ""suggestion_1a3a93a5573beb73"", ""suggestion_type"": ""athlete_name_correction"", ""confidence"": 0.889, ""message"": ""D-score athlete 'Niu Xinyu' probably matches score-sheet athlete 'Liu Xinyu'."", ""action"": ""attach_d_score_to_target_result"", ""changes"": {""athlete_name"": {""from"": ""Niu Xinyu"", ""to"": ""Liu Xinyu""}}, ""target_result"": {""event_name"": ""Chinese Championships"", ""year"": 2025, ""athlete_name"": ""Liu Xinyu"", ""country"": ""CHN"", ""discipline"": ""WAG"", ""category"": ""senior"", ""apparatus"": ""VT"", ""vt_attempt"": 1, ""day"": null, ""format"": ""individual"", ""round"": ""qualification"", ""score"": 12.0, ""D_score"": 3.4, ""vault_attempt_order_uncertain"": true, ""source_sheet"": ""WAG"", ""source_row"": 8273, ""target_id"": ""target_a23c05bdb2994009""}}]"
orphan_8e23ddf038752666,athlete_missing_in_score_sheet,review,"The event/apparatus/context exists, but this athlete is missing in the score sheet.",WAG D,10268,Chinese Championships,2025,Niu Xinyu,CHN,WAG,senior,BB,,,team,final,4.9,False,0,,,,,,,,,,,,,,,,,,,,[]
orphan_baec7e44f037a052,athlete_missing_in_score_sheet,review,"The event/apparatus/context exists, but this athlete is missing in the score sheet.",WAG D,10268,Chinese Championships,2025,Niu Xinyu,CHN,WAG,senior,FX,,,team,final,4.8,False,0,,,,,,,,,,,,,,,,,,,,[]
orphan_696b9a4a4ba6d63b,possible_athlete_name_typo,review,Possible athlete-name typo between the D sheet and the score sheet.,WAG D,10364,2nd Spanish League,2025,Nora Nogue,ESP,WAG,senior,FX,,,individual,final,2.7,False,1,suggestion_9953b9952cbf20b0,athlete_name_correction,0.9,D-score athlete 'Nora Nogue' probably matches score-sheet athlete 'Nora Nogué'.,2nd Spanish League,2025,Nora Nogué,ESP,WAG,senior,FX,,,individual,final,10.2,,WAG,10835,"[{""suggestion_id"": ""suggestion_9953b9952cbf20b0"", ""suggestion_type"": ""athlete_name_correction"", ""confidence"": 0.9, ""message"": ""D-score athlete 'Nora Nogue' probably matches score-sheet athlete 'Nora Nogué'."", ""action"": ""attach_d_score_to_target_result"", ""changes"": {""athlete_name"": {""from"": ""Nora Nogue"", ""to"": ""Nora Nogué""}}, ""target_result"": {""event_name"": ""2nd Spanish League"", ""year"": 2025, ""athlete_name"": ""Nora Nogué"", ""country"": ""ESP"", ""discipline"": ""WAG"", ""category"": ""senior"", ""apparatus"": ""FX"", ""vt_attempt"": null, ""day"": null, ""format"": ""individual"", ""round"": ""final"", ""score"": 10.2, ""D_score"": null, ""vault_attempt_order_uncertain"": false, ""source_sheet"": ""WAG"", ""source_row"": 10835, ""target_id"": ""target_0bed9a4032e5f741""}}]"
orphan_14e75a0d33d7e582,possible_athlete_name_typo,review,Possible athlete-name typo between the D sheet and the score sheet.,WAG D,10364,2nd Spanish League,2025,Nora Nogue,ESP,WAG,senior,VT,1,,individual,final,2.4,True,1,suggestion_48ba7d6d6e63342d,athlete_name_correction,0.9,D-score athlete 'Nora Nogue' probably matches score-sheet athlete 'Nora Nogué'.,2nd Spanish League,2025,Nora Nogué,ESP,WAG,senior,VT,1,,individual,final,10.667,,WAG,10835,"[{""suggestion_id"": ""suggestion_48ba7d6d6e63342d"", ""suggestion_type"": ""athlete_name_correction"", ""confidence"": 0.9, ""message"": ""D-score athlete 'Nora Nogue' probably matches score-sheet athlete 'Nora Nogué'."", ""action"": ""attach_d_score_to_target_result"", ""changes"": {""athlete_name"": {""from"": ""Nora Nogue"", ""to"": ""Nora Nogué""}}, ""target_result"": {""event_name"": ""2nd Spanish League"", ""year"": 2025, ""athlete_name"": ""Nora Nogué"", ""country"": ""ESP"", ""discipline"": ""WAG"", ""category"": ""senior"", ""apparatus"": ""VT"", ""vt_attempt"": 1, ""day"": null, ""format"": ""individual"", ""round"": ""final"", ""score"": 10.667, ""D_score"": null, ""vault_attempt_order_uncertain"": true, ""source_sheet"": ""WAG"", ""source_row"": 10835, ""target_id"": ""target_53fc206adbaf79ff""}}]"
orphan_03ecf7c7eae5ff4c,athlete_missing_in_score_sheet,review,"The event/apparatus/context exists, but this athlete is missing in the score sheet.",WAG D,10399,Northern European Championships,2025,Oddvør Kimsdottir,DEN,WAG,senior,BB,,,individual,final,4.0,False,0,,,,,,,,,,,,,,,,,,,,[]
orphan_bb055d47a2c2a5bc,athlete_missing_in_score_sheet,review,"The event/apparatus/context exists, but this athlete is missing in the score sheet.",WAG D,10399,Northern European Championships,2025,Oddvør Kimsdottir,DEN,WAG,senior,FX,,,individual,final,3.1,False,0,,,,,,,,,,,,,,,,,,,,[]
orphan_d8bcfebaa7eb56ae,athlete_missing_in_score_sheet,review,"The event/apparatus/context exists, but this athlete is missing in the score sheet.",WAG D,10399,Northern European Championships,2025,Oddvør Kimsdottir,DEN,WAG,senior,UB,,,individual,final,0.9,False,0,,,,,,,,,,,,,,,,,,,,[]
orphan_a31e8b58bcb43d4e,athlete_missing_in_score_sheet,review,"The event/apparatus/context exists, but this athlete is missing in the score sheet.",WAG D,10399,Northern European Championships,2025,Oddvør Kimsdottir,DEN,WAG,senior,VT,1,,individual,final,3.4,True,0,,,,,,,,,,,,,,,,,,,,[]
orphan_c15f3e091303befa,athlete_missing_in_score_sheet,review,"The event/apparatus/context exists, but this athlete is missing in the score sheet.",WAG D,10399,Northern European Championships,2025,Oddvør Kimsdottir,DEN,WAG,senior,VT,2,,individual,final,3.2,True,0,,,,,,,,,,,,,,,,,,,,[]
orphan_520139fcb65c4a78,missing_final_score_for_context,review,"The athlete/event exists, but not this apparatus/context.",WAG D,10418,Indian National Games,2025,Oinam Bandana,IND,WAG,senior,VT,2,,individual,qualification,3.6,True,0,,,,,,,,,,,,,,,,,,,,[]
orphan_809e49b463b5bfe2,possible_context_mismatch,review,"Possible format, round, or day mismatch.",WAG D,10430,Tashkent Challenge Cup,2025,Oksana Chusovitina,UZB,WAG,senior,VT,1,,apparatus,final,4.4,True,1,suggestion_3fd915d05831b863,context_correction,0.65,"Same athlete/event/apparatus exists in the score sheet, but format, round, or day is different.",Tashkent Challenge Cup,2025,Oksana Chusovitina,UZB,WAG,senior,VT,1,,individual,qualification,13.15,4.4,WAG,10899,"[{""suggestion_id"": ""suggestion_3fd915d05831b863"", ""suggestion_type"": ""context_correction"", ""confidence"": 0.65, ""message"": ""Same athlete/event/apparatus exists in the score sheet, but format, round, or day is different."", ""action"": ""attach_d_score_to_target_result"", ""changes"": {""format"": {""from"": ""apparatus"", ""to"": ""individual""}, ""round"": {""from"": ""final"", ""to"": ""qualification""}, ""day"": {""from"": null, ""to"": null}}, ""target_result"": {""event_name"": ""Tashkent Challenge Cup"", ""year"": 2025, ""athlete_name"": ""Oksana Chusovitina"", ""country"": ""UZB"", ""discipline"": ""WAG"", ""category"": ""senior"", ""apparatus"": ""VT"", ""vt_attempt"": 1, ""day"": null, ""format"": ""individual"", ""round"": ""qualification"", ""score"": 13.15, ""D_score"": 4.4, ""vault_attempt_order_uncertain"": true, ""source_sheet"": ""WAG"", ""source_row"": 10899, ""target_id"": ""target_ab1f27edd39791c7""}}]"
orphan_884a098a4b770286,possible_context_mismatch,review,"Possible format, round, or day mismatch.",WAG D,10430,Tashkent Challenge Cup,2025,Oksana Chusovitina,UZB,WAG,senior,VT,2,,apparatus,final,4.0,True,1,suggestion_d5bfb16de3a6e34f,context_correction,0.65,"Same athlete/event/apparatus exists in the score sheet, but format, round, or day is different.",Tashkent Challenge Cup,2025,Oksana Chusovitina,UZB,WAG,senior,VT,2,,individual,qualification,,4.0,WAG,10899,"[{""suggestion_id"": ""suggestion_d5bfb16de3a6e34f"", ""suggestion_type"": ""context_correction"", ""confidence"": 0.65, ""message"": ""Same athlete/event/apparatus exists in the score sheet, but format, round, or day is different."", ""action"": ""attach_d_score_to_target_result"", ""changes"": {""format"": {""from"": ""apparatus"", ""to"": ""individual""}, ""round"": {""from"": ""final"", ""to"": ""qualification""}, ""day"": {""from"": null, ""to"": null}}, ""target_result"": {""event_name"": ""Tashkent Challenge Cup"", ""year"": 2025, ""athlete_name"": ""Oksana Chusovitina"", ""country"": ""UZB"", ""discipline"": ""WAG"", ""category"": ""senior"", ""apparatus"": ""VT"", ""vt_attempt"": 2, ""day"": null, ""format"": ""individual"", ""round"": ""qualification"", ""score"": null, ""D_score"": 4.0, ""vault_attempt_order_uncertain"": true, ""source_sheet"": ""WAG"", ""source_row"": 10899, ""target_id"": ""target_effe52d43d50e8f9""}}]"
orphan_e1acff4eb6e023c7,athlete_missing_in_score_sheet,review,"The event/apparatus/context exists, but this athlete is missing in the score sheet.",WAG D,10592,South Korean Championships,2025,Park Hyebin,KOR,WAG,junior,BB,,,apparatus,final,4.2,False,0,,,,,,,,,,,,,,,,,,,,[]
orphan_e0f7f7dc860f8012,missing_final_score_for_context,review,"The athlete/event exists, but not this apparatus/context.",WAG D,10990,Malta Championships,2025,Riley Goodenough,MLT,WAG,junior,BB,,,individual,final,1.2,False,0,,,,,,,,,,,,,,,,,,,,[]
orphan_1eb90b4e01d7f6ac,missing_final_score_for_context,review,"The athlete/event exists, but not this apparatus/context.",WAG D,11032,Indian National Games,2025,Rishya K.,IND,WAG,senior,VT,2,,individual,qualification,2.0,True,0,,,,,,,,,,,,,,,,,,,,[]
orphan_cd89bc77af5523e0,possible_context_mismatch,review,"Possible format, round, or day mismatch.",WAG D,11058,Dutch Championships,2025,Riva Bon,NED,WAG,junior,VT,2,,individual,final,3.0,True,1,suggestion_019053fef6b1e99a,context_correction,0.65,"Same athlete/event/apparatus exists in the score sheet, but format, round, or day is different.",Dutch Championships,2025,Riva Bon,NED,WAG,junior,VT,2,,apparatus,final,,3.0,WAG,11577,"[{""suggestion_id"": ""suggestion_019053fef6b1e99a"", ""suggestion_type"": ""context_correction"", ""confidence"": 0.65, ""message"": ""Same athlete/event/apparatus exists in the score sheet, but format, round, or day is different."", ""action"": ""attach_d_score_to_target_result"", ""changes"": {""format"": {""from"": ""individual"", ""to"": ""apparatus""}, ""round"": {""from"": ""final"", ""to"": ""final""}, ""day"": {""from"": null, ""to"": null}}, ""target_result"": {""event_name"": ""Dutch Championships"", ""year"": 2025, ""athlete_name"": ""Riva Bon"", ""country"": ""NED"", ""discipline"": ""WAG"", ""category"": ""junior"", ""apparatus"": ""VT"", ""vt_attempt"": 2, ""day"": null, ""format"": ""apparatus"", ""round"": ""final"", ""score"": null, ""D_score"": 3.0, ""vault_attempt_order_uncertain"": true, ""source_sheet"": ""WAG"", ""source_row"": 11577, ""target_id"": ""target_6c269bf656bf4f07""}}]"
orphan_63e57dcf0bf6b0e5,missing_final_score_for_context,review,"The athlete/event exists, but not this apparatus/context.",WAG D,11065,Indian National Games,2025,Riya Debnath,IND,WAG,senior,VT,2,,individual,qualification,2.0,True,0,,,,,,,,,,,,,,,,,,,,[]
orphan_a2807ebd43b0365f,missing_final_score_for_context,review,"The athlete/event exists, but not this apparatus/context.",WAG D,11066,Indian National Games,2025,Riya Sharma,IND,WAG,senior,VT,2,,individual,qualification,2.0,True,0,,,,,,,,,,,,,,,,,,,,[]
orphan_24e43fbdb1f8e683,possible_context_mismatch,review,"Possible format, round, or day mismatch.",WAG D,11090,Polish Championships,2025,Roksana Janisio,POL,WAG,junior,VT,2,,individual,final,3.2,True,1,suggestion_f03cecfdf1038f75,context_correction,0.65,"Same athlete/event/apparatus exists in the score sheet, but format, round, or day is different.",Polish Championships,2025,Roksana Janisio,POL,WAG,junior,VT,2,,apparatus,final,,3.2,WAG,11612,"[{""suggestion_id"": ""suggestion_f03cecfdf1038f75"", ""suggestion_type"": ""context_correction"", ""confidence"": 0.65, ""message"": ""Same athlete/event/apparatus exists in the score sheet, but format, round, or day is different."", ""action"": ""attach_d_score_to_target_result"", ""changes"": {""format"": {""from"": ""individual"", ""to"": ""apparatus""}, ""round"": {""from"": ""final"", ""to"": ""final""}, ""day"": {""from"": null, ""to"": null}}, ""target_result"": {""event_name"": ""Polish Championships"", ""year"": 2025, ""athlete_name"": ""Roksana Janisio"", ""country"": ""POL"", ""discipline"": ""WAG"", ""category"": ""junior"", ""apparatus"": ""VT"", ""vt_attempt"": 2, ""day"": null, ""format"": ""apparatus"", ""round"": ""final"", ""score"": null, ""D_score"": 3.2, ""vault_attempt_order_uncertain"": true, ""source_sheet"": ""WAG"", ""source_row"": 11612, ""target_id"": ""target_ead8c8b02158686e""}}]"
orphan_9a9cb06e49564503,missing_final_score_for_context,review,"The athlete/event exists, but not this apparatus/context.",WAG D,11340,Indian National Games,2025,Saloni Milind Dadarkar,IND,WAG,senior,VT,2,,individual,qualification,3.0,True,0,,,,,,,,,,,,,,,,,,,,[]
orphan_19986aca5d599694,missing_final_score_for_context,review,"The athlete/event exists, but not this apparatus/context.",WAG D,11375,Indian National Games,2025,Sanchita Majumder,IND,WAG,senior,VT,2,,individual,qualification,2.0,True,0,,,,,,,,,,,,,,,,,,,,[]
orphan_5da6b77347f828af,possible_context_mismatch,review,"Possible format, round, or day mismatch.",WAG D,11433,Dutch Championships,2025,Sara Kaan,NED,WAG,junior,VT,2,,individual,final,3.2,True,1,suggestion_2c555ef7bcfd3f2c,context_correction,0.65,"Same athlete/event/apparatus exists in the score sheet, but format, round, or day is different.",Dutch Championships,2025,Sara Kaan,NED,WAG,junior,VT,2,,apparatus,final,,3.0,WAG,11981,"[{""suggestion_id"": ""suggestion_2c555ef7bcfd3f2c"", ""suggestion_type"": ""context_correction"", ""confidence"": 0.65, ""message"": ""Same athlete/event/apparatus exists in the score sheet, but format, round, or day is different."", ""action"": ""attach_d_score_to_target_result"", ""changes"": {""format"": {""from"": ""individual"", ""to"": ""apparatus""}, ""round"": {""from"": ""final"", ""to"": ""final""}, ""day"": {""from"": null, ""to"": null}}, ""target_result"": {""event_name"": ""Dutch Championships"", ""year"": 2025, ""athlete_name"": ""Sara Kaan"", ""country"": ""NED"", ""discipline"": ""WAG"", ""category"": ""junior"", ""apparatus"": ""VT"", ""vt_attempt"": 2, ""day"": null, ""format"": ""apparatus"", ""round"": ""final"", ""score"": null, ""D_score"": 3.0, ""vault_attempt_order_uncertain"": true, ""source_sheet"": ""WAG"", ""source_row"": 11981, ""target_id"": ""target_fef815c1bdd6c823""}}]"
orphan_7403432b3e0ff4fc,missing_final_score_for_context,review,"The athlete/event exists, but not this apparatus/context.",WAG D,11468,Indian National Games,2025,Sara Rawool,IND,WAG,senior,VT,2,,individual,qualification,2.0,True,0,,,,,,,,,,,,,,,,,,,,[]
orphan_20d288c8b0076176,missing_final_score_for_context,review,"The athlete/event exists, but not this apparatus/context.",WAG D,11480,International GymSport,2025,Sara Suhail,KUW,WAG,senior,UB,,,individual,final,1.4,False,0,,,,,,,,,,,,,,,,,,,,[]
orphan_cf734b4a26f11f34,possible_context_mismatch,review,"Possible format, round, or day mismatch.",WAG D,11579,Austrian Championships,2025,Selina Kickinger,AUT,WAG,senior,VT,1,,apparatus,final,4.2,True,1,suggestion_70be0abff8c0217e,context_correction,0.65,"Same athlete/event/apparatus exists in the score sheet, but format, round, or day is different.",Austrian Championships,2025,Selina Kickinger,AUT,WAG,senior,VT,1,,individual,final,13.45,4.2,WAG,12138,"[{""suggestion_id"": ""suggestion_70be0abff8c0217e"", ""suggestion_type"": ""context_correction"", ""confidence"": 0.65, ""message"": ""Same athlete/event/apparatus exists in the score sheet, but format, round, or day is different."", ""action"": ""attach_d_score_to_target_result"", ""changes"": {""format"": {""from"": ""apparatus"", ""to"": ""individual""}, ""round"": {""from"": ""final"", ""to"": ""final""}, ""day"": {""from"": null, ""to"": null}}, ""target_result"": {""event_name"": ""Austrian Championships"", ""year"": 2025, ""athlete_name"": ""Selina Kickinger"", ""country"": ""AUT"", ""discipline"": ""WAG"", ""category"": ""senior"", ""apparatus"": ""VT"", ""vt_attempt"": 1, ""day"": null, ""format"": ""individual"", ""round"": ""final"", ""score"": 13.45, ""D_score"": 4.2, ""vault_attempt_order_uncertain"": true, ""source_sheet"": ""WAG"", ""source_row"": 12138, ""target_id"": ""target_9f3effd687bba757""}}]"
orphan_fffa4038a15e20e4,possible_context_mismatch,review,"Possible format, round, or day mismatch.",WAG D,11579,Austrian Championships,2025,Selina Kickinger,AUT,WAG,senior,VT,2,,apparatus,final,4.0,True,1,suggestion_9a54aef945ba5e89,context_correction,0.65,"Same athlete/event/apparatus exists in the score sheet, but format, round, or day is different.",Austrian Championships,2025,Selina Kickinger,AUT,WAG,senior,VT,2,,individual,final,,4.0,WAG,12138,"[{""suggestion_id"": ""suggestion_9a54aef945ba5e89"", ""suggestion_type"": ""context_correction"", ""confidence"": 0.65, ""message"": ""Same athlete/event/apparatus exists in the score sheet, but format, round, or day is different."", ""action"": ""attach_d_score_to_target_result"", ""changes"": {""format"": {""from"": ""apparatus"", ""to"": ""individual""}, ""round"": {""from"": ""final"", ""to"": ""final""}, ""day"": {""from"": null, ""to"": null}}, ""target_result"": {""event_name"": ""Austrian Championships"", ""year"": 2025, ""athlete_name"": ""Selina Kickinger"", ""country"": ""AUT"", ""discipline"": ""WAG"", ""category"": ""senior"", ""apparatus"": ""VT"", ""vt_attempt"": 2, ""day"": null, ""format"": ""individual"", ""round"": ""final"", ""score"": null, ""D_score"": 4.0, ""vault_attempt_order_uncertain"": true, ""source_sheet"": ""WAG"", ""source_row"": 12138, ""target_id"": ""target_957d2f744add0b32""}}]"
orphan_792f5321c93d1580,possible_context_mismatch,review,"Possible format, round, or day mismatch.",WAG D,11666,Tashkent Challenge Cup,2025,Shakhinabonu Yusufova,UZB,WAG,senior,VT,1,,apparatus,final,4.2,True,1,suggestion_8baacf326851e924,context_correction,0.65,"Same athlete/event/apparatus exists in the score sheet, but format, round, or day is different.",Tashkent Challenge Cup,2025,Shakhinabonu Yusufova,UZB,WAG,senior,VT,1,,individual,qualification,12.7,4.2,WAG,12224,"[{""suggestion_id"": ""suggestion_8baacf326851e924"", ""suggestion_type"": ""context_correction"", ""confidence"": 0.65, ""message"": ""Same athlete/event/apparatus exists in the score sheet, but format, round, or day is different."", ""action"": ""attach_d_score_to_target_result"", ""changes"": {""format"": {""from"": ""apparatus"", ""to"": ""individual""}, ""round"": {""from"": ""final"", ""to"": ""qualification""}, ""day"": {""from"": null, ""to"": null}}, ""target_result"": {""event_name"": ""Tashkent Challenge Cup"", ""year"": 2025, ""athlete_name"": ""Shakhinabonu Yusufova"", ""country"": ""UZB"", ""discipline"": ""WAG"", ""category"": ""senior"", ""apparatus"": ""VT"", ""vt_attempt"": 1, ""day"": null, ""format"": ""individual"", ""round"": ""qualification"", ""score"": 12.7, ""D_score"": 4.2, ""vault_attempt_order_uncertain"": true, ""source_sheet"": ""WAG"", ""source_row"": 12224, ""target_id"": ""target_0b2d03d132dd90dd""}}]"
orphan_630745f323d5fd07,possible_context_mismatch,review,"Possible format, round, or day mismatch.",WAG D,11666,Tashkent Challenge Cup,2025,Shakhinabonu Yusufova,UZB,WAG,senior,VT,2,,apparatus,final,4.0,True,1,suggestion_23cb13dc22e730bf,context_correction,0.65,"Same athlete/event/apparatus exists in the score sheet, but format, round, or day is different.",Tashkent Challenge Cup,2025,Shakhinabonu Yusufova,UZB,WAG,senior,VT,2,,individual,qualification,,4.0,WAG,12224,"[{""suggestion_id"": ""suggestion_23cb13dc22e730bf"", ""suggestion_type"": ""context_correction"", ""confidence"": 0.65, ""message"": ""Same athlete/event/apparatus exists in the score sheet, but format, round, or day is different."", ""action"": ""attach_d_score_to_target_result"", ""changes"": {""format"": {""from"": ""apparatus"", ""to"": ""individual""}, ""round"": {""from"": ""final"", ""to"": ""qualification""}, ""day"": {""from"": null, ""to"": null}}, ""target_result"": {""event_name"": ""Tashkent Challenge Cup"", ""year"": 2025, ""athlete_name"": ""Shakhinabonu Yusufova"", ""country"": ""UZB"", ""discipline"": ""WAG"", ""category"": ""senior"", ""apparatus"": ""VT"", ""vt_attempt"": 2, ""day"": null, ""format"": ""individual"", ""round"": ""qualification"", ""score"": null, ""D_score"": 4.0, ""vault_attempt_order_uncertain"": true, ""source_sheet"": ""WAG"", ""source_row"": 12224, ""target_id"": ""target_0d46b9304cde4964""}}]"
orphan_572bd721af7bb3bc,missing_final_score_for_context,review,"The athlete/event exists, but not this apparatus/context.",WAG D,11692,Indian National Games,2025,Shatakshi Takke,IND,WAG,senior,VT,2,,individual,qualification,3.6,True,0,,,,,,,,,,,,,,,,,,,,[]
orphan_699c6a0f0c4d3e05,missing_final_score_for_context,review,"The athlete/event exists, but not this apparatus/context.",WAG D,11696,Dutch Championships,2025,Shayomi Gordon,NED,WAG,junior,VT,2,,individual,final,3.0,True,0,,,,,,,,,,,,,,,,,,,,[]
orphan_4f2ae599c0571108,missing_final_score_for_context,review,"The athlete/event exists, but not this apparatus/context.",WAG D,11762,Indian National Games,2025,Shraddha Verma,IND,WAG,senior,VT,2,,individual,qualification,2.0,True,0,,,,,,,,,,,,,,,,,,,,[]
orphan_4143deb76b3051c5,athlete_missing_in_score_sheet,review,"The event/apparatus/context exists, but this athlete is missing in the score sheet.",WAG D,11792,Iceland Classic,2025,Signy Steinsdottir,ISL,WAG,senior,BB,,,individual,final,3.4,False,0,,,,,,,,,,,,,,,,,,,,[]
orphan_c04757f7fcafc701,athlete_missing_in_score_sheet,review,"The event/apparatus/context exists, but this athlete is missing in the score sheet.",WAG D,11792,Iceland Classic,2025,Signy Steinsdottir,ISL,WAG,senior,FX,,,individual,final,3.0,False,0,,,,,,,,,,,,,,,,,,,,[]
orphan_8efb9864c809f474,athlete_missing_in_score_sheet,review,"The event/apparatus/context exists, but this athlete is missing in the score sheet.",WAG D,11792,Iceland Classic,2025,Signy Steinsdottir,ISL,WAG,senior,UB,,,individual,final,1.6,False,0,,,,,,,,,,,,,,,,,,,,[]
orphan_1a684a231e7fce3b,athlete_missing_in_score_sheet,review,"The event/apparatus/context exists, but this athlete is missing in the score sheet.",WAG D,11792,Iceland Classic,2025,Signy Steinsdottir,ISL,WAG,senior,VT,1,,individual,final,3.4,True,0,,,,,,,,,,,,,,,,,,,,[]
orphan_753c02ba709801ce,athlete_missing_in_score_sheet,review,"The event/apparatus/context exists, but this athlete is missing in the score sheet.",WAG D,11792,Iceland Classic,2025,Signy Steinsdottir,ISL,WAG,senior,VT,2,,individual,final,1.6,True,0,,,,,,,,,,,,,,,,,,,,[]
orphan_9b5e15e2f45d75ea,possible_context_mismatch,review,"Possible format, round, or day mismatch.",WAG D,12107,Polish Championships,2025,Sofiya Razumouskaya,POL,WAG,junior,VT,2,,individual,final,3.6,True,1,suggestion_7c23ed6bdf560ca2,context_correction,0.65,"Same athlete/event/apparatus exists in the score sheet, but format, round, or day is different.",Polish Championships,2025,Sofiya Razumouskaya,POL,WAG,junior,VT,2,,apparatus,final,,3.6,WAG,12699,"[{""suggestion_id"": ""suggestion_7c23ed6bdf560ca2"", ""suggestion_type"": ""context_correction"", ""confidence"": 0.65, ""message"": ""Same athlete/event/apparatus exists in the score sheet, but format, round, or day is different."", ""action"": ""attach_d_score_to_target_result"", ""changes"": {""format"": {""from"": ""individual"", ""to"": ""apparatus""}, ""round"": {""from"": ""final"", ""to"": ""final""}, ""day"": {""from"": null, ""to"": null}}, ""target_result"": {""event_name"": ""Polish Championships"", ""year"": 2025, ""athlete_name"": ""Sofiya Razumouskaya"", ""country"": ""POL"", ""discipline"": ""WAG"", ""category"": ""junior"", ""apparatus"": ""VT"", ""vt_attempt"": 2, ""day"": null, ""format"": ""apparatus"", ""round"": ""final"", ""score"": null, ""D_score"": 3.6, ""vault_attempt_order_uncertain"": true, ""source_sheet"": ""WAG"", ""source_row"": 12699, ""target_id"": ""target_a63009f138718140""}}]"
orphan_3358c7db7f981452,missing_final_score_for_context,review,"The athlete/event exists, but not this apparatus/context.",WAG D,12266,Indian National Games,2025,Srishti Manchanda,IND,WAG,senior,VT,2,,individual,qualification,3.6,True,0,,,,,,,,,,,,,,,,,,,,[]
orphan_007e757f05d5eaf7,missing_final_score_for_context,review,"The athlete/event exists, but not this apparatus/context.",WAG D,12349,Paris Challenge Cup,2025,Sureshni Andrew,NAM,WAG,senior,BB,,,individual,qualification,3.9,False,0,,,,,,,,,,,,,,,,,,,,[]
orphan_abc60d3e801b9d45,athlete_missing_in_score_sheet,review,"The event/apparatus/context exists, but this athlete is missing in the score sheet.",WAG D,12354,1st Spanish League,2025,Susana Martinez,ESP,WAG,senior,BB,,,individual,final,5.0,False,0,,,,,,,,,,,,,,,,,,,,[]
orphan_7ff7aa63c01f5dfd,athlete_missing_in_score_sheet,review,"The event/apparatus/context exists, but this athlete is missing in the score sheet.",WAG D,12354,1st Spanish League,2025,Susana Martinez,ESP,WAG,senior,FX,,,individual,final,4.5,False,0,,,,,,,,,,,,,,,,,,,,[]
orphan_5f8dd761d280d346,athlete_missing_in_score_sheet,review,"The event/apparatus/context exists, but this athlete is missing in the score sheet.",WAG D,12354,1st Spanish League,2025,Susana Martinez,ESP,WAG,senior,UB,,,individual,final,4.4,False,0,,,,,,,,,,,,,,,,,,,,[]
orphan_b15146fe1ef67f52,athlete_missing_in_score_sheet,review,"The event/apparatus/context exists, but this athlete is missing in the score sheet.",WAG D,12354,1st Spanish League,2025,Susana Martinez,ESP,WAG,senior,VT,1,,individual,final,3.6,True,0,,,,,,,,,,,,,,,,,,,,[]
orphan_9efbce5085382baa,missing_final_score_for_context,review,"The athlete/event exists, but not this apparatus/context.",WAG D,12431,Indian National Games,2025,Tamanna Sharma,IND,WAG,senior,VT,2,,individual,qualification,2.0,True,0,,,,,,,,,,,,,,,,,,,,[]
orphan_cfc426e90faf04f8,missing_final_score_for_context,review,"The athlete/event exists, but not this apparatus/context.",WAG D,12443,Dutch Championships,2025,Tamina Korzeniewski,NED,WAG,junior,VT,2,,individual,final,3.0,True,0,,,,,,,,,,,,,,,,,,,,[]
orphan_0fe9bf50754754f8,athlete_missing_in_score_sheet,review,"The event/apparatus/context exists, but this athlete is missing in the score sheet.",WAG D,12458,Chinese Championships,2025,Tang Huijun,CHN,WAG,junior,BB,,,individual,final,5.3,False,0,,,,,,,,,,,,,,,,,,,,[]
orphan_421f7a9d6e28cb01,athlete_missing_in_score_sheet,review,"The event/apparatus/context exists, but this athlete is missing in the score sheet.",WAG D,12458,Chinese Championships,2025,Tang Huijun,CHN,WAG,junior,FX,,,individual,final,4.7,False,0,,,,,,,,,,,,,,,,,,,,[]
orphan_10730ef6e66ab831,athlete_missing_in_score_sheet,review,"The event/apparatus/context exists, but this athlete is missing in the score sheet.",WAG D,12458,Chinese Championships,2025,Tang Huijun,CHN,WAG,junior,UB,,,individual,final,5.2,False,0,,,,,,,,,,,,,,,,,,,,[]
orphan_0722370104cb418a,athlete_missing_in_score_sheet,review,"The event/apparatus/context exists, but this athlete is missing in the score sheet.",WAG D,12458,Chinese Championships,2025,Tang Huijun,CHN,WAG,junior,VT,1,,individual,final,3.2,True,0,,,,,,,,,,,,,,,,,,,,[]
orphan_06fdd925a519acb4,athlete_missing_in_score_sheet,review,"The event/apparatus/context exists, but this athlete is missing in the score sheet.",WAG D,12459,Chinese Championships,2025,Tang Huijun,CHN,WAG,junior,BB,,,individual,qualification,5.0,False,0,,,,,,,,,,,,,,,,,,,,[]
orphan_0c0b7409c0a24ada,athlete_missing_in_score_sheet,review,"The event/apparatus/context exists, but this athlete is missing in the score sheet.",WAG D,12459,Chinese Championships,2025,Tang Huijun,CHN,WAG,junior,FX,,,individual,qualification,4.7,False,0,,,,,,,,,,,,,,,,,,,,[]
orphan_1fb501137b1bfe9b,athlete_missing_in_score_sheet,review,"The event/apparatus/context exists, but this athlete is missing in the score sheet.",WAG D,12459,Chinese Championships,2025,Tang Huijun,CHN,WAG,junior,UB,,,individual,qualification,5.5,False,0,,,,,,,,,,,,,,,,,,,,[]
orphan_c3308451b48496db,athlete_missing_in_score_sheet,review,"The event/apparatus/context exists, but this athlete is missing in the score sheet.",WAG D,12459,Chinese Championships,2025,Tang Huijun,CHN,WAG,junior,VT,1,,individual,qualification,3.2,True,0,,,,,,,,,,,,,,,,,,,,[]
orphan_1d268343618f2437,athlete_missing_in_score_sheet,review,"The event/apparatus/context exists, but this athlete is missing in the score sheet.",WAG D,12460,Chinese Junior Championships,2025,Tang Huijun,CHN,WAG,junior,BB,,,individual,final,4.9,False,0,,,,,,,,,,,,,,,,,,,,[]
orphan_3ec157f25e18f1e8,athlete_missing_in_score_sheet,review,"The event/apparatus/context exists, but this athlete is missing in the score sheet.",WAG D,12460,Chinese Junior Championships,2025,Tang Huijun,CHN,WAG,junior,FX,,,individual,final,4.5,False,0,,,,,,,,,,,,,,,,,,,,[]
orphan_3b39b47474aeac95,athlete_missing_in_score_sheet,review,"The event/apparatus/context exists, but this athlete is missing in the score sheet.",WAG D,12460,Chinese Junior Championships,2025,Tang Huijun,CHN,WAG,junior,UB,,,individual,final,5.3,False,0,,,,,,,,,,,,,,,,,,,,[]
orphan_8c4b919709200815,athlete_missing_in_score_sheet,review,"The event/apparatus/context exists, but this athlete is missing in the score sheet.",WAG D,12460,Chinese Junior Championships,2025,Tang Huijun,CHN,WAG,junior,VT,1,,individual,final,3.2,True,0,,,,,,,,,,,,,,,,,,,,[]
orphan_0c2a9681e0132a94,athlete_missing_in_score_sheet,review,"The event/apparatus/context exists, but this athlete is missing in the score sheet.",WAG D,12461,Chinese Junior Championships,2025,Tang Huijun,CHN,WAG,junior,BB,,,team,final,4.9,False,0,,,,,,,,,,,,,,,,,,,,[]
orphan_cc18f6267ac1fa1b,athlete_missing_in_score_sheet,review,"The event/apparatus/context exists, but this athlete is missing in the score sheet.",WAG D,12461,Chinese Junior Championships,2025,Tang Huijun,CHN,WAG,junior,FX,,,team,final,4.5,False,0,,,,,,,,,,,,,,,,,,,,[]
orphan_58faac68047a1f1c,athlete_missing_in_score_sheet,review,"The event/apparatus/context exists, but this athlete is missing in the score sheet.",WAG D,12461,Chinese Junior Championships,2025,Tang Huijun,CHN,WAG,junior,UB,,,team,final,5.3,False,0,,,,,,,,,,,,,,,,,,,,[]
orphan_cf466f2ea3e6c483,athlete_missing_in_score_sheet,review,"The event/apparatus/context exists, but this athlete is missing in the score sheet.",WAG D,12461,Chinese Junior Championships,2025,Tang Huijun,CHN,WAG,junior,VT,1,,team,final,3.0,True,0,,,,,,,,,,,,,,,,,,,,[]
orphan_d8223ce1b4c24844,athlete_missing_in_score_sheet,review,"The event/apparatus/context exists, but this athlete is missing in the score sheet.",WAG D,12462,Chinese Junior Championships,2025,Tang Huijun,CHN,WAG,junior,BB,,,individual,qualification,5.3,False,0,,,,,,,,,,,,,,,,,,,,[]
orphan_c526b35619e2819d,athlete_missing_in_score_sheet,review,"The event/apparatus/context exists, but this athlete is missing in the score sheet.",WAG D,12462,Chinese Junior Championships,2025,Tang Huijun,CHN,WAG,junior,UB,,,individual,qualification,5.3,False,0,,,,,,,,,,,,,,,,,,,,[]
orphan_52ff75ccff4eb136,possible_context_mismatch,review,"Possible format, round, or day mismatch.",WAG D,12868,Tashkent Challenge Cup,2025,Valentina Georgieva,BUL,WAG,senior,VT,1,,apparatus,final,4.6,True,1,suggestion_40e4b93876640741,context_correction,0.65,"Same athlete/event/apparatus exists in the score sheet, but format, round, or day is different.",Tashkent Challenge Cup,2025,Valentina Georgieva,BUL,WAG,senior,VT,1,,individual,qualification,13.55,4.6,WAG,13497,"[{""suggestion_id"": ""suggestion_40e4b93876640741"", ""suggestion_type"": ""context_correction"", ""confidence"": 0.65, ""message"": ""Same athlete/event/apparatus exists in the score sheet, but format, round, or day is different."", ""action"": ""attach_d_score_to_target_result"", ""changes"": {""format"": {""from"": ""apparatus"", ""to"": ""individual""}, ""round"": {""from"": ""final"", ""to"": ""qualification""}, ""day"": {""from"": null, ""to"": null}}, ""target_result"": {""event_name"": ""Tashkent Challenge Cup"", ""year"": 2025, ""athlete_name"": ""Valentina Georgieva"", ""country"": ""BUL"", ""discipline"": ""WAG"", ""category"": ""senior"", ""apparatus"": ""VT"", ""vt_attempt"": 1, ""day"": null, ""format"": ""individual"", ""round"": ""qualification"", ""score"": 13.55, ""D_score"": 4.6, ""vault_attempt_order_uncertain"": true, ""source_sheet"": ""WAG"", ""source_row"": 13497, ""target_id"": ""target_eed7f1f18e1999a3""}}]"
orphan_58aaf8da0d019159,possible_context_mismatch,review,"Possible format, round, or day mismatch.",WAG D,12868,Tashkent Challenge Cup,2025,Valentina Georgieva,BUL,WAG,senior,VT,2,,apparatus,final,4.4,True,1,suggestion_c00f01a2052b7a5d,context_correction,0.65,"Same athlete/event/apparatus exists in the score sheet, but format, round, or day is different.",Tashkent Challenge Cup,2025,Valentina Georgieva,BUL,WAG,senior,VT,2,,individual,qualification,,4.4,WAG,13497,"[{""suggestion_id"": ""suggestion_c00f01a2052b7a5d"", ""suggestion_type"": ""context_correction"", ""confidence"": 0.65, ""message"": ""Same athlete/event/apparatus exists in the score sheet, but format, round, or day is different."", ""action"": ""attach_d_score_to_target_result"", ""changes"": {""format"": {""from"": ""apparatus"", ""to"": ""individual""}, ""round"": {""from"": ""final"", ""to"": ""qualification""}, ""day"": {""from"": null, ""to"": null}}, ""target_result"": {""event_name"": ""Tashkent Challenge Cup"", ""year"": 2025, ""athlete_name"": ""Valentina Georgieva"", ""country"": ""BUL"", ""discipline"": ""WAG"", ""category"": ""senior"", ""apparatus"": ""VT"", ""vt_attempt"": 2, ""day"": null, ""format"": ""individual"", ""round"": ""qualification"", ""score"": null, ""D_score"": 4.4, ""vault_attempt_order_uncertain"": true, ""source_sheet"": ""WAG"", ""source_row"": 13497, ""target_id"": ""target_978d79b57c491249""}}]"
orphan_b97b06ba0d4a9b51,possible_context_mismatch,review,"Possible format, round, or day mismatch.",WAG D,12994,Dutch Championships,2025,Vera Ubbink,NED,WAG,junior,VT,2,,individual,final,3.0,True,1,suggestion_5885f62f0056887a,context_correction,0.65,"Same athlete/event/apparatus exists in the score sheet, but format, round, or day is different.",Dutch Championships,2025,Vera Ubbink,NED,WAG,junior,VT,2,,apparatus,final,,3.0,WAG,13642,"[{""suggestion_id"": ""suggestion_5885f62f0056887a"", ""suggestion_type"": ""context_correction"", ""confidence"": 0.65, ""message"": ""Same athlete/event/apparatus exists in the score sheet, but format, round, or day is different."", ""action"": ""attach_d_score_to_target_result"", ""changes"": {""format"": {""from"": ""individual"", ""to"": ""apparatus""}, ""round"": {""from"": ""final"", ""to"": ""final""}, ""day"": {""from"": null, ""to"": null}}, ""target_result"": {""event_name"": ""Dutch Championships"", ""year"": 2025, ""athlete_name"": ""Vera Ubbink"", ""country"": ""NED"", ""discipline"": ""WAG"", ""category"": ""junior"", ""apparatus"": ""VT"", ""vt_attempt"": 2, ""day"": null, ""format"": ""apparatus"", ""round"": ""final"", ""score"": null, ""D_score"": 3.0, ""vault_attempt_order_uncertain"": true, ""source_sheet"": ""WAG"", ""source_row"": 13642, ""target_id"": ""target_2281e2d10f020e0d""}}]"
orphan_b61bf8aa5531636b,possible_context_mismatch,review,"Possible format, round, or day mismatch.",WAG D,13107,Tashkent Challenge Cup,2025,Viktoria Ventsislavova,BUL,WAG,senior,VT,1,,apparatus,final,3.8,True,1,suggestion_ee33e07873b09cea,context_correction,0.65,"Same athlete/event/apparatus exists in the score sheet, but format, round, or day is different.",Tashkent Challenge Cup,2025,Viktoria Ventsislavova,BUL,WAG,senior,VT,1,,individual,qualification,12.3,3.6,WAG,13762,"[{""suggestion_id"": ""suggestion_ee33e07873b09cea"", ""suggestion_type"": ""context_correction"", ""confidence"": 0.65, ""message"": ""Same athlete/event/apparatus exists in the score sheet, but format, round, or day is different."", ""action"": ""attach_d_score_to_target_result"", ""changes"": {""format"": {""from"": ""apparatus"", ""to"": ""individual""}, ""round"": {""from"": ""final"", ""to"": ""qualification""}, ""day"": {""from"": null, ""to"": null}}, ""target_result"": {""event_name"": ""Tashkent Challenge Cup"", ""year"": 2025, ""athlete_name"": ""Viktoria Ventsislavova"", ""country"": ""BUL"", ""discipline"": ""WAG"", ""category"": ""senior"", ""apparatus"": ""VT"", ""vt_attempt"": 1, ""day"": null, ""format"": ""individual"", ""round"": ""qualification"", ""score"": 12.3, ""D_score"": 3.6, ""vault_attempt_order_uncertain"": true, ""source_sheet"": ""WAG"", ""source_row"": 13762, ""target_id"": ""target_413e08ed6b58a070""}}]"
orphan_07aefe1129e3a6d4,possible_context_mismatch,review,"Possible format, round, or day mismatch.",WAG D,13107,Tashkent Challenge Cup,2025,Viktoria Ventsislavova,BUL,WAG,senior,VT,2,,apparatus,final,3.6,True,1,suggestion_ab01e0ec7a363dcb,context_correction,0.65,"Same athlete/event/apparatus exists in the score sheet, but format, round, or day is different.",Tashkent Challenge Cup,2025,Viktoria Ventsislavova,BUL,WAG,senior,VT,2,,individual,qualification,,3.4,WAG,13762,"[{""suggestion_id"": ""suggestion_ab01e0ec7a363dcb"", ""suggestion_type"": ""context_correction"", ""confidence"": 0.65, ""message"": ""Same athlete/event/apparatus exists in the score sheet, but format, round, or day is different."", ""action"": ""attach_d_score_to_target_result"", ""changes"": {""format"": {""from"": ""apparatus"", ""to"": ""individual""}, ""round"": {""from"": ""final"", ""to"": ""qualification""}, ""day"": {""from"": null, ""to"": null}}, ""target_result"": {""event_name"": ""Tashkent Challenge Cup"", ""year"": 2025, ""athlete_name"": ""Viktoria Ventsislavova"", ""country"": ""BUL"", ""discipline"": ""WAG"", ""category"": ""senior"", ""apparatus"": ""VT"", ""vt_attempt"": 2, ""day"": null, ""format"": ""individual"", ""round"": ""qualification"", ""score"": null, ""D_score"": 3.4, ""vault_attempt_order_uncertain"": true, ""source_sheet"": ""WAG"", ""source_row"": 13762, ""target_id"": ""target_1005dad3db835ee2""}}]"
orphan_a3f3ebc1d352b1b4,athlete_missing_in_score_sheet,review,"The event/apparatus/context exists, but this athlete is missing in the score sheet.",WAG D,13333,Chinese Championships,2025,Xu Ruoqian,CHN,WAG,senior,BB,,,individual,qualification,5.8,False,0,,,,,,,,,,,,,,,,,,,,[]
orphan_48973f2ba8dd4995,athlete_missing_in_score_sheet,review,"The event/apparatus/context exists, but this athlete is missing in the score sheet.",WAG D,13333,Chinese Championships,2025,Xu Ruoqian,CHN,WAG,senior,FX,,,individual,qualification,4.4,False,0,,,,,,,,,,,,,,,,,,,,[]
orphan_e5539c81df5a0d3d,athlete_missing_in_score_sheet,review,"The event/apparatus/context exists, but this athlete is missing in the score sheet.",WAG D,13333,Chinese Championships,2025,Xu Ruoqian,CHN,WAG,senior,UB,,,individual,qualification,4.4,False,0,,,,,,,,,,,,,,,,,,,,[]
orphan_a12ec6626146c5be,athlete_missing_in_score_sheet,review,"The event/apparatus/context exists, but this athlete is missing in the score sheet.",WAG D,13333,Chinese Championships,2025,Xu Ruoqian,CHN,WAG,senior,VT,1,,individual,qualification,4.4,True,0,,,,,,,,,,,,,,,,,,,,[]
orphan_7775430ddd96d935,possible_athlete_name_typo,review,Possible athlete-name typo between the D sheet and the score sheet.,WAG D,13662,Tashkent Challenge Cup,2025,Zelme Daries,RSA,WAG,senior,BB,,,individual,qualification,4.6,False,1,suggestion_b5a22d5683bcd950,athlete_name_correction,0.917,D-score athlete 'Zelme Daries' probably matches score-sheet athlete 'Zelmé Daries'.,Tashkent Challenge Cup,2025,Zelmé Daries,RSA,WAG,senior,BB,,,individual,qualification,10.05,,WAG,14379,"[{""suggestion_id"": ""suggestion_b5a22d5683bcd950"", ""suggestion_type"": ""athlete_name_correction"", ""confidence"": 0.917, ""message"": ""D-score athlete 'Zelme Daries' probably matches score-sheet athlete 'Zelmé Daries'."", ""action"": ""attach_d_score_to_target_result"", ""changes"": {""athlete_name"": {""from"": ""Zelme Daries"", ""to"": ""Zelmé Daries""}}, ""target_result"": {""event_name"": ""Tashkent Challenge Cup"", ""year"": 2025, ""athlete_name"": ""Zelmé Daries"", ""country"": ""RSA"", ""discipline"": ""WAG"", ""category"": ""senior"", ""apparatus"": ""BB"", ""vt_attempt"": null, ""day"": null, ""format"": ""individual"", ""round"": ""qualification"", ""score"": 10.05, ""D_score"": null, ""vault_attempt_order_uncertain"": false, ""source_sheet"": ""WAG"", ""source_row"": 14379, ""target_id"": ""target_9e77670141465f65""}}]"
orphan_40cf75137e92ce3e,possible_athlete_name_typo,review,Possible athlete-name typo between the D sheet and the score sheet.,WAG D,13662,Tashkent Challenge Cup,2025,Zelme Daries,RSA,WAG,senior,FX,,,individual,qualification,4.3,False,1,suggestion_0fb32822d845ad99,athlete_name_correction,0.917,D-score athlete 'Zelme Daries' probably matches score-sheet athlete 'Zelmé Daries'.,Tashkent Challenge Cup,2025,Zelmé Daries,RSA,WAG,senior,FX,,,individual,qualification,9.35,,WAG,14379,"[{""suggestion_id"": ""suggestion_0fb32822d845ad99"", ""suggestion_type"": ""athlete_name_correction"", ""confidence"": 0.917, ""message"": ""D-score athlete 'Zelme Daries' probably matches score-sheet athlete 'Zelmé Daries'."", ""action"": ""attach_d_score_to_target_result"", ""changes"": {""athlete_name"": {""from"": ""Zelme Daries"", ""to"": ""Zelmé Daries""}}, ""target_result"": {""event_name"": ""Tashkent Challenge Cup"", ""year"": 2025, ""athlete_name"": ""Zelmé Daries"", ""country"": ""RSA"", ""discipline"": ""WAG"", ""category"": ""senior"", ""apparatus"": ""FX"", ""vt_attempt"": null, ""day"": null, ""format"": ""individual"", ""round"": ""qualification"", ""score"": 9.35, ""D_score"": null, ""vault_attempt_order_uncertain"": false, ""source_sheet"": ""WAG"", ""source_row"": 14379, ""target_id"": ""target_d1921e9c12da3aa6""}}]"
orphan_a36485a162e03a3d,possible_athlete_name_typo,review,Possible athlete-name typo between the D sheet and the score sheet.,WAG D,13662,Tashkent Challenge Cup,2025,Zelme Daries,RSA,WAG,senior,UB,,,individual,qualification,5.0,False,1,suggestion_da748cde14cb2b8d,athlete_name_correction,0.917,D-score athlete 'Zelme Daries' probably matches score-sheet athlete 'Zelmé Daries'.,Tashkent Challenge Cup,2025,Zelmé Daries,RSA,WAG,senior,UB,,,individual,qualification,12.2,,WAG,14379,"[{""suggestion_id"": ""suggestion_da748cde14cb2b8d"", ""suggestion_type"": ""athlete_name_correction"", ""confidence"": 0.917, ""message"": ""D-score athlete 'Zelme Daries' probably matches score-sheet athlete 'Zelmé Daries'."", ""action"": ""attach_d_score_to_target_result"", ""changes"": {""athlete_name"": {""from"": ""Zelme Daries"", ""to"": ""Zelmé Daries""}}, ""target_result"": {""event_name"": ""Tashkent Challenge Cup"", ""year"": 2025, ""athlete_name"": ""Zelmé Daries"", ""country"": ""RSA"", ""discipline"": ""WAG"", ""category"": ""senior"", ""apparatus"": ""UB"", ""vt_attempt"": null, ""day"": null, ""format"": ""individual"", ""round"": ""qualification"", ""score"": 12.2, ""D_score"": null, ""vault_attempt_order_uncertain"": false, ""source_sheet"": ""WAG"", ""source_row"": 14379, ""target_id"": ""target_c061d94ab7136578""}}]"
orphan_37d7536c994ce16e,possible_athlete_name_typo,review,Possible athlete-name typo between the D sheet and the score sheet.,WAG D,13663,Tashkent Challenge Cup,2025,Zelme Daries,RSA,WAG,senior,UB,,,apparatus,final,5.0,False,1,suggestion_60b744531e74c4c4,athlete_name_correction,0.917,D-score athlete 'Zelme Daries' probably matches score-sheet athlete 'Zelmé Daries'.,Tashkent Challenge Cup,2025,Zelmé Daries,RSA,WAG,senior,UB,,,apparatus,final,12.35,,WAG,14380,"[{""suggestion_id"": ""suggestion_60b744531e74c4c4"", ""suggestion_type"": ""athlete_name_correction"", ""confidence"": 0.917, ""message"": ""D-score athlete 'Zelme Daries' probably matches score-sheet athlete 'Zelmé Daries'."", ""action"": ""attach_d_score_to_target_result"", ""changes"": {""athlete_name"": {""from"": ""Zelme Daries"", ""to"": ""Zelmé Daries""}}, ""target_result"": {""event_name"": ""Tashkent Challenge Cup"", ""year"": 2025, ""athlete_name"": ""Zelmé Daries"", ""country"": ""RSA"", ""discipline"": ""WAG"", ""category"": ""senior"", ""apparatus"": ""UB"", ""vt_attempt"": null, ""day"": null, ""format"": ""apparatus"", ""round"": ""final"", ""score"": 12.35, ""D_score"": null, ""vault_attempt_order_uncertain"": false, ""source_sheet"": ""WAG"", ""source_row"": 14380, ""target_id"": ""target_a3def1e6b2704b9a""}}]"
orphan_4e5e0f7386864a13,missing_final_score_for_context,review,"The athlete/event exists, but not this apparatus/context.",WAG D,13779,Chinese Junior Championships,2025,Zhang Yuying,CHN,WAG,junior,VT,2,,individual,qualification,4.0,True,0,,,,,,,,,,,,,,,,,,,,[]
orphan_8fd0620befba5381,missing_final_score_for_context,review,"The athlete/event exists, but not this apparatus/context.",WAG D,13839,Balkan Championships,2025,Zita Tornai,HUN,WAG,junior,VT,2,,individual,final,3.2,True,0,,,,,,,,,,,,,,,,,,,,[]
orphan_1529c5b12d1f38ac,possible_context_mismatch,review,"Possible format, round, or day mismatch.",WAG D,13935,Polish Championships,2025,Zuzanna Szymaniak,POL,WAG,junior,VT,2,,individual,final,3.6,True,1,suggestion_cbc1f8647ef9c7af,context_correction,0.65,"Same athlete/event/apparatus exists in the score sheet, but format, round, or day is different.",Polish Championships,2025,Zuzanna Szymaniak,POL,WAG,junior,VT,2,,apparatus,final,,3.4,WAG,14670,"[{""suggestion_id"": ""suggestion_cbc1f8647ef9c7af"", ""suggestion_type"": ""context_correction"", ""confidence"": 0.65, ""message"": ""Same athlete/event/apparatus exists in the score sheet, but format, round, or day is different."", ""action"": ""attach_d_score_to_target_result"", ""changes"": {""format"": {""from"": ""individual"", ""to"": ""apparatus""}, ""round"": {""from"": ""final"", ""to"": ""final""}, ""day"": {""from"": null, ""to"": null}}, ""target_result"": {""event_name"": ""Polish Championships"", ""year"": 2025, ""athlete_name"": ""Zuzanna Szymaniak"", ""country"": ""POL"", ""discipline"": ""WAG"", ""category"": ""junior"", ""apparatus"": ""VT"", ""vt_attempt"": 2, ""day"": null, ""format"": ""apparatus"", ""round"": ""final"", ""score"": null, ""D_score"": 3.4, ""vault_attempt_order_uncertain"": true, ""source_sheet"": ""WAG"", ""source_row"": 14670, ""target_id"": ""target_85a6471af436db4a""}}]"
