review_id,review_priority,problem_type,athlete_name,discipline,suggested_existing_athlete,suggested_existing_country,suggestion_confidence,collision_countries,results_2025_by_country,future_country_evidence,recommended_action,learned_rule_id,decision,action,country,notes
athlete_identity_collision_45a24df83ba518e2,high,possible_athlete_identity_collision,Adriana Poesio,WAG,Adriana Poesio,ITA,1.0,"ESP, ITA",ESP: 2025 - 1st Spanish League (3 results) | ITA: 2025 - 3rd Italian Serie A (5 results),Adriana Poesio: not found 2026-2025,,,,,,
athlete_identity_collision_5e36f136542f808d,high,possible_athlete_identity_collision,Lore Muylkens,WAG,Lore Muylkens,BEL,1.0,"BEL, LUX",BEL: 2025 - Gymnova Cup (5 results) | LUX: 2025 - Wase Gymcup (5 results),Lore Muylkens: not found 2026-2025,,,,,,
athlete_identity_collision_2550a3446dd5c9ce,high,possible_athlete_identity_collision,Sienna McCoy,WAG,Sienna McCoy,GBR,1.0,"GBR, IRL",GBR: 2025 - English Championships (5 results) | IRL: 2025 - Irish Championships (5 results),Sienna McCoy: not found 2026-2025,,,,,,
athlete_identity_collision_e76ffe2db3fd5c22,high,possible_athlete_identity_collision,Elijah Ramirez,MAG,Elijah Ramirez,GBR,1.0,"GBR, TTO",GBR: 2025 - British Championships (5 results) | TTO: 2025 - Junior World Championships (5 results),Elijah Ramirez: not found 2026-2025,,,,,,
athlete_identity_collision_ad76ef96c4154a9d,high,possible_athlete_identity_collision,Kiichi Kaneta,MAG,,,,"JAM, JPN",JAM: 2025 - Paris Challenge Cup (1 results) | JPN: 2025 - All-Japan Senior Championships (5 results),Kiichi Kaneta: not found 2026-2025,,,,,,
athlete_identity_collision_261d7a0413259db6,high,possible_athlete_identity_collision,Laura Nelson,WAG,Laura Nelson,GBR,1.0,"GBR, IRL",GBR: 2025 - British Team Championships (5 results) | IRL: 2025 - Irish Championships (5 results),Laura Nelson: not found 2026-2025,,,,,,
athlete_identity_collision_d40c4f4a9063191d,high,possible_athlete_identity_collision,Jaydon Attygalle,MAG,Jaydon Attygalle,SRI,1.0,"GBR, SRI",GBR: 2025 - English Championships (2 results) | SRI: 2025 - Asian Championships (2 results); 2025 - Koper Challenge Cup (2 results),Jaydon Attygalle: not found 2026-2025,,,,,,
athlete_identity_collision_01762fa7487d6edb,high,possible_athlete_identity_collision,Finlay Hazelton,MAG,Finlay Hazelton,IRL,1.0,"GBR, IRL",GBR: 2025 - British Championships (5 results) | IRL: 2025 - European Youth Olymipc Festival (5 results),Finlay Hazelton: not found 2026-2025,,,,,,
athlete_identity_collision_1b23db639213d239,high,possible_athlete_identity_collision,Quentin Bellemin,MAG,Quentin Bellemin,FRA,1.0,"FRA, USA",FRA: 2025 - French Championships (5 results) | USA: 2025 - U.S. Championships (5 results),Quentin Bellemin: not found 2026-2025,,,,,,
athlete_identity_collision_86f739bdb9195327,high,possible_athlete_identity_collision,Nika Babic,WAG,Nika Babic,CRO,1.0,"CRO, SLO",CRO: 2025 - Croatian Event Championships (5 results) | SLO: 2025 - Zelena Jama Open (5 results),Nika Babic: not found 2026-2025,,,,,,
athlete_identity_collision_c5b53aa0c8bca9f4,high,possible_athlete_identity_collision,Viggo Altarac,MAG,Viggo Altarac,SWE,1.0,"SGP, SWE",SGP: 2025 - Singapore Open (2 results) | SWE: 2025 - Singapore Championships (5 results),Viggo Altarac: not found 2026-2025,,,,,,
athlete_identity_collision_02c5f5b98b4f37aa,high,possible_athlete_identity_collision,Carlota Salas,WAG,Carlota Salas,ESP,1.0,"AND, ESP",AND: 2025 - 1st Spanish League (5 results) | ESP: 2025 - Spanish Championships (5 results),Carlota Salas: not found 2026-2025,,,,,,
athlete_identity_collision_0e63c727736e9c5c,high,possible_athlete_identity_collision,Artur Sahakyan,MAG,Artur Sahakyan,GER,1.0,"ARM, GER",ARM: 2025 - Top 12 Semifinals (1 results) | GER: 2025 - 7th Bundesliga (3 results); 2025 - German Worlds Trials (2 results),Artur Sahakyan: not found 2026-2025,,,,,,
athlete_identity_collision_b161dcea82b8f39f,high,possible_athlete_identity_collision,Max Krüger,MAG,Max Krüger,SUI,1.0,"GER, SUI",GER: 2025 - German Cup (5 results) | SUI: 2025 - Swiss Team Championships (5 results),Max Krüger: not found 2026-2025,,,,,,
athlete_identity_collision_4615d18ea97f9ca1,high,possible_athlete_identity_collision,Louay Sahli,MAG,Louay Sahli,TUN,1.0,"FRA, TUN",FRA: 2025 - Top 12 Series 4 (2 results); 2025 - Top 12 Series 6 (1 results) | TUN: 2025 - Mediterranean Championships (5 results),Louay Sahli: not found 2026-2025,,,,,,
athlete_identity_collision_fe0af97693042547,high,possible_athlete_identity_collision,Carl Strömö,MAG,Carl Strömö,SWE,1.0,"NOR, SWE",NOR: 2025 - Unni & Haralds Trophy (4 results) | SWE: 2025 - Mälar Cup (5 results),Carl Strömö: not found 2026-2025,,,,,,
athlete_identity_collision_c6124663f446b4d6,high,possible_athlete_identity_collision,Sam Smith,MAG,Sam Smith,CAN,1.0,"CAN, USA",CAN: 2025 - Canadian Championships (1 results); 2025 - Elite Canada (4 results) | USA: 2025 - Houston National Invitational (2 results),Sam Smith: not found 2026-2025,,,,,,
athlete_identity_collision_03f65664b1e8fd08,high,possible_athlete_identity_collision,Ulyana Kuzmenkova,WAG,Ulyana Kuzmenkova,BLR,1.0,"BLR, RUS",BLR: 2025 - Gymnastics Legends (5 results) | RUS: 2025 - Strongest Athletes Cup (5 results),Ulyana Kuzmenkova: not found 2026-2025,,,,,,
athlete_identity_collision_f2c69f620e7fb0d1,high,possible_athlete_identity_collision,Yonca Özgül,WAG,Yonca Özgül,GER,1.0,"GER, TUR",GER: 2025 - European Youth Olympic Festival (5 results) | TUR: 2025 - Junior World Championships (5 results),Yonca Özgül: not found 2026-2025,,,,,,
athlete_identity_collision_427785b1032c762e,high,possible_athlete_identity_collision,Alexander Myakinin,MAG,Alexander Myakinin,ISR,1.0,"GER, ISR",GER: 2025 - 2nd Bundesliga (3 results) | ISR: 2025 - DTB Pokal Team Challenge (3 results); 2025 - Osijek World Cup (2 results),Alexander Myakinin: not found 2026-2025,,,,,,
athlete_identity_collision_a287c13a536e9f0f,high,possible_athlete_identity_collision,Elisabeth Antone,WAG,Elisabeth Antone,USA,1.0,"PHI, USA",PHI: 2025 - Asian Championships (5 results) | USA: 2025 - Buckeye National Qualifier (5 results),Elisabeth Antone: not found 2026-2025,,,,,,
athlete_identity_collision_a4b2bd56d9099b18,high,possible_athlete_identity_collision,Maria Jvania,WAG,Maria Jvania,FRA,1.0,"FRA, GEO",FRA: 2025 - French Championships (5 results) | GEO: 2025 - Top 12 Series 1 (5 results),Maria Jvania: not found 2026-2025,,,,,,
athlete_identity_collision_49330219c265f1ed,high,possible_athlete_identity_collision,Cristiano Proietti,MAG,Cristiano Proietti,ITA,1.0,"GER, ITA",GER: 2025 - German Junior Championships (5 results) | ITA: 2025 - Champion's Cup (5 results),Cristiano Proietti: not found 2026-2025,,,,,,
athlete_identity_collision_9fad90f7e6b00f7c,high,possible_athlete_identity_collision,Loris Racca,MAG,Loris Racca,FRA,1.0,"FRA, MON",FRA: 2025 - Top 12 Semifinals (1 results); 2025 - Top 12 Series 5 (1 results); 2025 - Top 12 Series 6 (1 results) | MON: 2025 - Games of the Small States (4 results),Loris Racca: not found 2026-2025,,,,,,
athlete_identity_collision_1be27a2cf5ed9dbf,high,possible_athlete_identity_collision,Taylor Burkhart,MAG,Taylor Burkhart,USA,1.0,"GER, USA",GER: 2025 - 7th Bundesliga (5 results) | USA: 2025 - Winter Cup (5 results),Taylor Burkhart: not found 2026-2025,,,,,,
athlete_identity_collision_1bda04ed4593f488,high,possible_athlete_identity_collision,Kevin Buckley,MAG,Kevin Buckley,SLO,1.0,"SLO, SUI",SLO: 2025 - 1st Italian Serie A (1 results); 2025 - 2nd Italian Serie A (4 results) | SUI: 2025 - Swiss Team Championships (3 results),Kevin Buckley: not found 2026-2025,,,,,,
athlete_identity_collision_473757d61706f588,high,possible_athlete_identity_collision,Victor Verwimp,MAG,,,,"BEL, NED",BEL: 2025 - Belgian Championships (5 results) | NED: 2025 - Wase Gymcup (5 results),Victor Verwimp: not found 2026-2025,,,,,,
athlete_identity_collision_2b3d64f904c7edc7,high,possible_athlete_identity_collision,Adina Kubickova,WAG,,,,"AUT, CZE",AUT: 2025 - Salamunov Memorial (5 results) | CZE: 2025 - Czech Championships (5 results),Adina Kubickova: not found 2026-2025,,,,,,
athlete_identity_collision_b81b2bc4d8ddec2b,high,possible_athlete_identity_collision,Samira Raffin,WAG,Samira Raffin,SUI,1.0,"AUT, SUI",AUT: 2025 - Austrian Championships (5 results) | SUI: 2025 - 3rd Bundesliga (5 results),Samira Raffin: not found 2026-2025,,,,,,
athlete_identity_collision_48fb87b69a70f675,high,possible_athlete_identity_collision,Hana Rebec,WAG,Hana Rebec,SLO,1.0,"HUN, SLO",HUN: 2025 - Hungarian Championships (3 results) | SLO: 2025 - Zelena Jama Open (5 results),Hana Rebec: not found 2026-2025,,,,,,
athlete_identity_collision_dc8b289a94a5f9b5,high,possible_athlete_identity_collision,Lilian Piotte,MAG,Lilian Piotte,FRA,1.0,"FRA, MON",FRA: 2025 - Top 12 Semifinals (3 results); 2025 - Top 12 Series 6 (2 results) | MON: 2025 - Games of the Small States (5 results),Lilian Piotte: not found 2026-2025,,,,,,
athlete_identity_collision_ab36a6d3acd25ee5,high,possible_athlete_identity_collision,Aneta Volna,WAG,Aneta Volna,CZE,1.0,"CZE, HUN",CZE: 2025 - Czech Championships (5 results) | HUN: 2025 - Hungarian Championships (5 results),Aneta Volna: not found 2026-2025,,,,,,
athlete_identity_collision_7fdfc7f1c5577586,high,possible_athlete_identity_collision,Jazmyn Jimenez,WAG,Jazmyn Jimenez,USA,1.0,"MEX, USA",MEX: 2025 - Mexican Championships (5 results) | USA: 2025 - KPAC National Qualifier (5 results),Jazmyn Jimenez: not found 2026-2025,,,,,,
athlete_identity_collision_d8441d91d59f2c84,high,possible_athlete_identity_collision,Lola Barson,WAG,Lola Barson,GBR,1.0,"GBR, NZL",GBR: 2025 - English Championships (5 results) | NZL: 2025 - Junior World Championships (5 results),Lola Barson: not found 2026-2025,,,,,,
athlete_identity_collision_1c3e8b0f0df26ade,high,possible_athlete_identity_collision,Izabel Donnelly,WAG,Izabel Donnelly,GBR,1.0,"GBR, IRL",GBR: 2025 - Welsh Championships (5 results) | IRL: 2025 - Irish Championships (5 results),Izabel Donnelly: not found 2026-2025,,,,,,
athlete_identity_collision_fd89ab8a1f033df5,high,possible_athlete_identity_collision,Lilou Gustin,WAG,,,,"BEL, SLO",BEL: 2025 - Horizon Cup (5 results) | SLO: 2025 - Salamunov Memorial (5 results),Lilou Gustin: not found 2026-2025,,,,,,
athlete_identity_collision_f24e06cc49ad9200,high,possible_athlete_identity_collision,Mariia Vladymyrova,WAG,Mariia Vladymyrova,DEN,1.0,"DEN, IRL",DEN: 2025 - Elek Matolay Memorial (5 results) | IRL: 2025 - Irish Championships (5 results),Mariia Vladymyrova: not found 2026-2025,,,,,,
athlete_identity_collision_1c5c015ca6b33d17,high,possible_athlete_identity_collision,Viktoria Petrova,WAG,Viktoria Petrova,BUL,1.0,"BUL, RUS",BUL: 2025 - Bulgarian Championships (5 results) | RUS: 2025 - Russian Junior Championships (5 results),Viktoria Petrova: not found 2026-2025,,,,,,
athlete_identity_collision_e42cdfd80912df12,high,possible_athlete_identity_collision,Alessia Volostiuc,WAG,Alessia Volostiuc,ROU,1.0,"ITA, ROU",ITA: 2025 - Champion's Cup (5 results) | ROU: 2025 - Italian Gold Championships (5 results),Alessia Volostiuc: not found 2026-2025,,,,,,
athlete_identity_collision_b4af0f03388c1931,high,possible_athlete_identity_collision,Andreea Mihai,WAG,,,,"GER, ROU",GER: 2025 - 1st Bundesliga (1 results) | ROU: 2025 - 2nd Bundesliga (1 results); 2025 - 3rd Bundesliga (1 results); 2025 - 4th Bundesliga (1 results),Andreea Mihai: not found 2026-2025,,,,,,
athlete_identity_collision_c016524cfbb7a768,high,possible_athlete_identity_collision,Seda Serbieva,WAG,Seda Serbieva,GER,1.0,"GER, RUS",GER: 2025 - 4th Bundesliga (2 results) | RUS: 2025 - 3rd Bundesliga (5 results),Seda Serbieva: not found 2026-2025,,,,,,
athlete_identity_collision_820f1ddc06f3f254,high,possible_athlete_identity_collision,Marco Sarrugerio,MAG,Marco Sarrugerio,ITA,1.0,"ITA, SUI",ITA: 2025 - 1st Italian Serie A (3 results); 2025 - 2nd Italian Serie A (2 results) | SUI: 2025 - Swiss Team Championships (3 results),Marco Sarrugerio: not found 2026-2025,,,,,,
athlete_identity_collision_d5b6e05c45324170,high,possible_athlete_identity_collision,Ruby Pass,WAG,Ruby Pass,AUS,1.0,"AUS, GBR",AUS: 2025 - Australian Championships (5 results) | GBR: 2025 - World Championships (5 results),Ruby Pass: not found 2026-2025,,,,,,
athlete_identity_collision_8b864cb209dd3101,high,possible_athlete_identity_collision,Zofia Kopczynski,WAG,Zofia Kopczynski,BEL,1.0,"LUX, MLT",LUX: 2025 - Games of the Small States (5 results) | MLT: 2025 - Games of the Small States (3 results),Zofia Kopczynski: not found 2026-2025,,,,,,
athlete_identity_collision_516b329183cea75b,high,possible_athlete_identity_collision,Alejandra Martinez,WAG,Alejandra Martinez,RSA,1.0,"MEX, RSA",MEX: 2025 - Mexican Championships (5 results) | RSA: 2025 - South African Worlds Trials (5 results),Alejandra Martinez: not found 2026-2025,,,,,,
athlete_identity_collision_da977db5c4a5c961,high,possible_athlete_identity_collision,Niamh McConnell,WAG,Niamh McConnell,IRL,1.0,"GBR, IRL",GBR: 2025 - British Championships (5 results) | IRL: 2025 - Scottish Championships (5 results),Niamh McConnell: not found 2026-2025,,,,,,
athlete_identity_collision_512d0243bf6a3788,high,possible_athlete_identity_collision,Terri Grandry,WAG,,,,"BEL, FRA",BEL: 2025 - Tiger Cup (5 results) | FRA: 2025 - Top 12 Series 3 (2 results); 2025 - Top 12 Series 4 (1 results),Terri Grandry: not found 2026-2025,,,,,,
athlete_identity_collision_321f631f8226592a,high,possible_athlete_identity_collision,Hugo Villeneuve,MAG,Hugo Villeneuve,MON,1.0,"FRA, MON",FRA: 2025 - French Championships (5 results) | MON: 2025 - Games of the Small States (5 results),Hugo Villeneuve: not found 2026-2025,,,,,,
athlete_identity_collision_f4b0cd6d99cf4981,high,possible_athlete_identity_collision,Aleksandra Maksimova,WAG,Aleksandra Maksimova,RUS,1.0,"RUS, SYR",RUS: 2025 - Russian Championships (5 results) | SYR: 2025 - Strongest Athletes Cup (5 results),Aleksandra Maksimova: not found 2026-2025,,,,,,
athlete_identity_collision_5b5a2120d8a3d669,high,possible_athlete_identity_collision,Victor Betancourt,MAG,Victor Betancourt,VEN,1.0,"AUS, VEN",AUS: 2025 - Australian Championships (5 results) | VEN: 2025 - Pan American Championships (5 results),Victor Betancourt: not found 2026-2025,,,,,,
athlete_identity_collision_dda68eae9d179d76,high,possible_athlete_identity_collision,Benjamin Astorga,MAG,Benjamin Astorga,CAN,1.0,"CAN, MEX",CAN: 2025 - Canadian Championships (1 results) | MEX: 2025 - Mexican Championships (1 results); 2025 - Pan American Championships (3 results),Benjamin Astorga: not found 2026-2025,,,,,,
athlete_identity_collision_c9d89ef2467a930a,high,possible_athlete_identity_collision,Lucie Selvais,WAG,,,,"BEL, SLO",BEL: 2025 - Horizon Cup (5 results) | SLO: 2025 - Salamunov Memorial (5 results),Lucie Selvais: not found 2026-2025,,,,,,
athlete_identity_collision_c66b03d74e4792b3,high,possible_athlete_identity_collision,Lilia Rief,WAG,Lilia Rief,AUT,1.0,"AUT, GER",AUT: 2025 - Zelena Jama Open (5 results) | GER: 2025 - 2nd Bundesliga (5 results),Lilia Rief: not found 2026-2025,,,,,,
athlete_identity_collision_acf0a037b8b903d4,high,possible_athlete_identity_collision,Anthony de Gannes,MAG,Anthony de Gannes,CAN,1.0,"CAN, TTO",CAN: 2025 - Elite Canada (5 results) | TTO: 2025 - World Championships (5 results),Anthony de Gannes: not found 2026-2025,,,,,,
athlete_identity_collision_470802309eb32a80,high,possible_athlete_identity_collision,Laila Sabanovic,WAG,Laila Sabanovic,SLO,1.0,"ISL, SLO",ISL: 2025 - Iceland Classic (3 results) | SLO: 2025 - Slovenian Championships (5 results),Laila Sabanovic: not found 2026-2025,,,,,,
athlete_identity_collision_9c1a5bb0378c6b44,high,possible_athlete_identity_collision,Céleste Mordenti,WAG,,,,"LUX, NED",LUX: 2025 - 1st Bundesliga (5 results) | NED: 2025 - Dutch Championships (5 results),Céleste Mordenti: not found 2026-2025,,,,,,
athlete_identity_collision_73dd3f0e36c4f932,high,possible_athlete_identity_collision,Sergio Kovacs,MAG,Sergio Kovacs,ESP,1.0,"ESP, HUN",ESP: 2025 - Spanish Championships (5 results) | HUN: 2025 - Paris Challenge Cup (5 results),Sergio Kovacs: not found 2026-2025,,,,,,
athlete_identity_collision_d8ce1efc056150fa,high,possible_athlete_identity_collision,Victor Martinez,MAG,Victor Martinez,BEL,1.0,"BEL, FRA",BEL: 2025 - European Championships (5 results) | FRA: 2025 - Top 12 Series 5 (2 results),Victor Martinez: not found 2026-2025,,,,,,
athlete_identity_collision_34c59e5b639b81a6,high,possible_athlete_identity_collision,Julia Weissenhofer,WAG,Julia Weissenhofer,LIE,1.0,"LIE, LUX",LIE: 2025 - Austrian Championships (5 results) | LUX: 2025 - European Championships (5 results),Julia Weissenhofer: not found 2026-2025,,,,,,
athlete_identity_collision_a9edeb8521489812,high,possible_athlete_identity_collision,Hinata Kabeya,MAG,Hinata Kabeya,JPN,1.0,"AUS, JPN",AUS: 2025 - Australian Championships (5 results) | JPN: 2025 - Japanese National Sports Festival (5 results),Hinata Kabeya: not found 2026-2025,,,,,,
athlete_identity_collision_3f84a8e9b8fba5af,high,possible_athlete_identity_collision,Charlie Chan Cheuk Lam,WAG,Charlie Chan Cheuk Lam,HKG,1.0,"CHN, HKG",CHN: 2025 - Chinese National Games (2 results) | HKG: 2025 - Asian Championships (2 results); 2025 - Baku World Cup (1 results); 2025 - World University Games (2 results),Charlie Chan Cheuk Lam: not found 2026-2025,,,,,,
athlete_identity_collision_bf43efc0fd5bb8d7,high,possible_athlete_identity_collision,Vivienne Hennink,WAG,Vivienne Hennink,NED,1.0,"GER, NED",GER: 2025 - 4th Bundesliga (2 results) | NED: 2025 - Dutch Team Championships (5 results),Vivienne Hennink: not found 2026-2025,,,,,,
athlete_identity_collision_41527df8a9dfe02e,high,possible_athlete_identity_collision,Linus Eisenring,MAG,Linus Eisenring,SUI,1.0,"GER, SUI",GER: 2025 - German Junior Championships (5 results) | SUI: 2025 - Swiss Team Championships (5 results),Linus Eisenring: not found 2026-2025,,,,,,
athlete_identity_collision_f8d2c57955771939,high,possible_athlete_identity_collision,Dorian Doan,MAG,Dorian Doan,CAN,1.0,"CAN, JAM",CAN: 2025 - Canadian Championships (5 results) | JAM: 2025 - World Championships (5 results),Dorian Doan: not found 2026-2025,,,,,,
athlete_identity_collision_db79b19ef80b94f3,high,possible_athlete_identity_collision,Hanna Chrobak,WAG,Hanna Chrobak,GER,1.0,"GER, POL",GER: 2025 - 2nd Bundesliga (1 results) | POL: 2025 - Polish Cup (5 results),Hanna Chrobak: not found 2026-2025,,,,,,
athlete_identity_collision_604a94aaf07f6088,high,possible_athlete_identity_collision,Lieze de Winter,WAG,Lieze de Winter,BEL,1.0,"BEL, LUX",BEL: 2025 - Gymnova Cup (5 results) | LUX: 2025 - Wase Gymcup (5 results),Lieze de Winter: not found 2026-2025,,,,,,
athlete_identity_collision_4a5f9837d2c86a3b,high,possible_athlete_identity_collision,Mikito Endo,MAG,Mikito Endo,JPN,1.0,"JAM, JPN",JAM: 2025 - Paris Challenge Cup (3 results) | JPN: 2025 - All-Japan Championships (2 results); 2025 - NHK Trophy (3 results),Mikito Endo: not found 2026-2025,,,,,,
athlete_identity_collision_83326483e75bd109,high,possible_athlete_identity_collision,Michael O'Neill,MAG,Michael O'Neill,IRL,1.0,"GBR, IRL",GBR: 2025 - British Team Championships (3 results) | IRL: 2025 - Irish Championships (2 results),Michael O'Neill: not found 2026-2025,,,,,,
athlete_identity_collision_0fc555d5677489c1,high,possible_athlete_identity_collision,Zala Trtnik,WAG,Zala Trtnik,SLO,1.0,"CRO, SLO",CRO: 2025 - Cairo World Cup (1 results) | SLO: 2025 - Koper Challenge Cup (2 results); 2025 - Slovenian Championships (1 results); 2025 - Szombathely Challenge Cup (1 results); 2025 - World Championships (1 results),Zala Trtnik: not found 2026-2025,,,,,,
athlete_country_1909963ddee66ba0,high,possible_athlete_country_change,Aaron Coche,MAG,Aaron Coche,SWE,,"FRA, SWE",FRA: 2025 - Top 12 Series 4 (2 results); 2025 - Top 12 Series 6 (1 results),Aaron Coche: not found 2026-2025,,,,,,
athlete_country_9b20ad5e68edb639,high,possible_athlete_country_change,Andi Leemans,MAG,Andi Leemans,BEL,,"BEL, FRA",FRA: 2025 - Wase Gymcup (2 results),Andi Leemans: not found 2026-2025,,,,,,
athlete_country_1eee74bcd2dc456e,high,possible_athlete_country_change,Anson Tan Yu Hang,MAG,Anson Tan Yu Hang,SGP,,"MAS, SGP",MAS: 2025 - Junior World Championships (5 results),Anson Tan Yu Hang: not found 2026-2025,,,,,,
athlete_country_cbd52529f74e9f8f,high,possible_athlete_country_change,Bernardo Silva,MAG,Bernardo Silva,POR,,"BRA, POR",BRA: 2025 - Brazilian Junior Championships (5 results),Bernardo Silva: not found 2026-2025,,,,,,
athlete_country_107862dac6311d0d,high,possible_athlete_country_change,Clayton Bell,MAG,Clayton Bell,GBR,,"GBR, JAM",JAM: 2025 - Pan American Championships (5 results),Clayton Bell: not found 2026-2025,,,,,,
athlete_country_2b9f90972a57afb7,high,possible_athlete_country_change,David Martinez,MAG,David Martinez,POR,,"ESP, POR",ESP: 2025 - Spanish Championships (5 results),David Martinez: not found 2026-2025,,,,,,
athlete_country_68e25cc93ce82032,high,possible_athlete_country_change,Evan Aliwalas,MAG,Evan Aliwalas,CAN,,"CAN, PHI",PHI: 2025 - Elite Canada (5 results),Evan Aliwalas: not found 2026-2025,,,,,,
athlete_country_9759ac5fd4af539a,high,possible_athlete_country_change,Evan Hachey,MAG,Evan Hachey,CAN,,"CAN, USA",USA: 2025 - Houston National Invitational (4 results),Evan Hachey: not found 2026-2025,,,,,,
athlete_country_c5f200dfd1f927fc,high,possible_athlete_country_change,Fabio Schmidl,MAG,Fabio Schmidl,POL,,"GER, POL",GER: 2025 - Wohnen Juniors Trophy (5 results),Fabio Schmidl: not found 2026-2025,,,,,,
athlete_country_d4a16b8e66d20714,high,possible_athlete_country_change,Lorenzo Pambianchi,MAG,Lorenzo Pambianchi,FRA,,"FRA, ITA",ITA: 2025 - Top 12 Series 4 (3 results); 2025 - Top 12 Series 6 (2 results),Lorenzo Pambianchi: not found 2026-2025,,,,,,
athlete_country_093f8acf8b7afb96,high,possible_athlete_country_change,Lucas Schmirander,MAG,Lucas Schmirander,POL,,"GER, POL",GER: 2025 - Wohnen Juniors Trophy (5 results),Lucas Schmirander: not found 2026-2025,,,,,,
athlete_country_317d2b95449c650f,high,possible_athlete_country_change,Lukas Marek,MAG,Lukas Marek,CZE,,"CZE, LAT",LAT: 2025 - Tiger Cup (5 results),Lukas Marek: not found 2026-2025,,,,,,
athlete_country_12628176ac6c0d2d,high,possible_athlete_country_change,Renars Blaubergs,MAG,Renars Blaubergs,GER,,"GER, LAT",LAT: 2025 - 4th Bundesliga (4 results),Renars Blaubergs: not found 2026-2025,,,,,,
athlete_country_c8f6c1df2d1ae424,high,possible_athlete_country_change,Romain Chapelle,MAG,Romain Chapelle,FRA,,"FRA, MON",MON: 2025 - Games of the Small States (3 results); 2025 - Top 12 Series 5 (2 results),Romain Chapelle: not found 2026-2025,,,,,,
athlete_country_883bb8c9dde6b4c8,high,possible_athlete_country_change,Rudy O'Sullivan,MAG,Rudy O'Sullivan,IRL,,"GBR, IRL",GBR: 2025 - English Championships (5 results),Rudy O'Sullivan: not found 2026-2025,,,,,,
athlete_country_c3720ebc2037699c,high,possible_athlete_country_change,Stefan Ingvarsson,MAG,Stefan Ingvarsson,ISL,,"DEN, ISL",DEN: 2025 - Danish Championships (2 results); 2025 - Danish Team Championships (2 results),Stefan Ingvarsson: not found 2026-2025,,,,,,
athlete_country_1b72f69eeba51617,high,possible_athlete_country_change,Thomas Coppen,MAG,Thomas Coppen,GBR,,"GBR, IRL",IRL: 2025 - Irish Championships (5 results),Thomas Coppen: not found 2026-2025,,,,,,
athlete_country_5a0083d0877e7fd9,high,possible_athlete_country_change,Toby Hazelton,MAG,Toby Hazelton,GBR,,"GBR, IRL",IRL: 2025 - Irish Championships (5 results),Toby Hazelton: not found 2026-2025,,,,,,
athlete_country_4ff6fd90f6849abf,high,possible_athlete_country_change,Zakaria Lechheb,MAG,Zakaria Lechheb,MAR,,"FRA, MAR",FRA: 2025 - French Championships (5 results),Zakaria Lechheb: not found 2026-2025,,,,,,
athlete_country_ed1726b594b72cec,high,possible_athlete_country_change,Analis Perez,WAG,Analis Perez,ESP,,"DOM, ESP",DOM: 2025 - 1st Spanish League (5 results),Analis Perez: not found 2026-2025,,,,,,
athlete_country_3d6de0fa67763214,high,possible_athlete_country_change,Arlet Perez,WAG,Arlet Perez,MEX,,"ESP, MEX",ESP: 2025 - 2nd Spanish League (3 results); 2025 - Spanish League Final (2 results),Arlet Perez: not found 2026-2025,,,,,,
athlete_country_9e6fc9baa2243d59,high,possible_athlete_country_change,Dakota Lynch,WAG,Dakota Lynch,GBR,,"GBR, JAM",JAM: 2025 - Junior World Championships (2 results),Dakota Lynch: not found 2026-2025,,,,,,
athlete_country_42c2a70e7fa0b641,high,possible_athlete_country_change,Elisabeth Wagner,WAG,Elisabeth Wagner,GER,,"DEN, GER",DEN: 2025 - Danish Team Championships (2 results),Elisabeth Wagner: not found 2026-2025,,,,,,
athlete_country_e41a306c8e8dde17,high,possible_athlete_country_change,Jana van Staden,WAG,Jana van Staden,MLT,,"MLT, RSA",RSA: 2025 - South African Worlds Trials (5 results),Jana van Staden: not found 2026-2025,,,,,,
athlete_country_420b775c9231251a,high,possible_athlete_country_change,Leyan Sleiman,WAG,Leyan Sleiman,UAE,,"LBN, UAE",LBN: 2025 - Mediterranean Championships (3 results),Leyan Sleiman: not found 2026-2025,,,,,,
athlete_country_02cfe06428899a20,high,possible_athlete_country_change,Lina Martin,WAG,Lina Martin,FRA,,"ESP, FRA",ESP: 2025 - Top 12 Series 1 (2 results); 2026 - Top 12 Series 3 (2026) (3 results),Lina Martin: not found 2026-2025,,,,,,
athlete_country_42f37ccd09fd7791,high,possible_athlete_country_change,Maite Ellendersen,WAG,Maite Ellendersen,ISL,,"DEN, ISL",DEN: 2025 - Northern European Championships (5 results),Maite Ellendersen: not found 2026-2025,,,,,,
athlete_country_e9e289734dcf4824,high,possible_athlete_country_change,Olivia Kosinska,WAG,Olivia Kosinska,GBR,,"GBR, POL",POL: 2025 - English Championships (5 results),Olivia Kosinska: not found 2026-2025,,,,,,
athlete_country_cb21215308f04812,high,possible_athlete_country_change,Poppy Elwood,WAG,Poppy Elwood,IRL,,"GBR, IRL",GBR: 2025 - Scottish Championships (5 results),Poppy Elwood: not found 2026-2025,,,,,,
athlete_country_7fc2dc5dbd0da1f0,high,possible_athlete_country_change,Regina Kovacs,WAG,Regina Kovacs,AUT,,"AUT, HUN",HUN: 2025 - Elek Matolay Memorial (5 results),Regina Kovacs: not found 2026-2025,,,,,,
athlete_country_77552fab8345acd8,high,possible_athlete_country_change,Simone Seed,WAG,Simone Seed,USA,,"GBR, USA",GBR: 2025 - Junior World Championships (5 results),Simone Seed: not found 2026-2025,,,,,,
athlete_country_d3c84c7d0465ba9e,high,possible_athlete_country_change,Tonya Paulsson,WAG,Tonya Paulsson,SWE,,"SWE, TPE",TPE: 2025 - Asian Championships (5 results),Tonya Paulsson: not found 2026-2025,,,,,,
athlete_match_dec984e2edf42bd3,medium,possible_existing_athlete_match,Chong Jer Rong,MAG,Jer Rong Chong,SGP,1.0,"SGP, SGP",SGP: 2025 - Singapore Championships (5 results),Chong Jer Rong: not found 2026-2025 | Jer Rong Chong: not found 2026-2025,accept_suggestion,same_country_review_reuse,merge as same athlete,,,Pre-filled from same-country admin decision memory. Country is unchanged; change-country cases still require manual review. Source: 2024 gymternet_2024_existing_athlete_match_review.csv.
athlete_match_294d4e5023efad49,medium,possible_existing_athlete_match,Chu Pak Chun,MAG,Pak Chun Chu,HKG,1.0,"HKG, HKG",HKG: 2025 - World University Games (1 results),Chu Pak Chun: not found 2026-2025 | Pak Chun Chu: not found 2026-2025,accept_suggestion,same_country_review_reuse,merge as same athlete,,,Pre-filled from same-country admin decision memory. Country is unchanged; change-country cases still require manual review. Source: 2024 gymternet_2024_existing_athlete_match_review.csv.
athlete_match_9a0f7dffaeb14808,medium,possible_existing_athlete_match,Félicien Albert,MAG,Albert Félicien,FRA,1.0,"FRA, FRA",FRA: 2025 - International GymSport (5 results),Félicien Albert: not found 2026-2025 | Albert Félicien: not found 2026-2025,,,,,,
athlete_match_5f5dc9c6052c4ced,medium,possible_existing_athlete_match,Kolankouh Siavash Siahi,MAG,Siavash Siahi Kolankouh,IRI,1.0,"IRI, IRI",IRI: 2025 - Asian Championships (2 results),Kolankouh Siavash Siahi: not found 2026-2025 | Siavash Siahi Kolankouh: not found 2026-2025,,,,,,
athlete_match_989e3eb688760a2d,medium,possible_existing_athlete_match,Levin Eren,MAG,Eren Levin,GER,1.0,"GER, GER",GER: 2025 - German Cup (5 results),Levin Eren: not found 2026-2025 | Eren Levin: not found 2026-2025,accept_suggestion,same_country_review_reuse,merge as same athlete,,,Pre-filled from same-country admin decision memory. Country is unchanged; change-country cases still require manual review. Source: 2024 gymternet_2024_existing_athlete_match_review.csv.
athlete_match_9e0ad6d7e90d5dce,medium,possible_existing_athlete_match,Lucas Drennan,MAG,Drennan Lucas,CAN,1.0,"CAN, CAN",CAN: 2025 - Elite Canada (5 results),Lucas Drennan: not found 2026-2025 | Drennan Lucas: not found 2026-2025,,,,,,
athlete_match_b575c408c7104680,medium,possible_existing_athlete_match,Maximilian Ernst,MAG,Ernst Maximilian,GER,1.0,"GER, GER",GER: 2025 - Wohnen Juniors Trophy (5 results),Maximilian Ernst: not found 2026-2025 | Ernst Maximilian: not found 2026-2025,accept_suggestion,same_country_review_reuse,merge as same athlete,,,Pre-filled from same-country admin decision memory. Country is unchanged; change-country cases still require manual review. Source: 2024 gymternet_2024_existing_athlete_match_review.csv.
athlete_match_1dedbe27301affbd,medium,possible_existing_athlete_match,Phinyo Brick,MAG,Brick Phinyo,GER,1.0,"GER, GER",GER: 2025 - Wohnen Juniors Trophy (5 results),Phinyo Brick: not found 2026-2025 | Brick Phinyo: not found 2026-2025,accept_suggestion,same_country_review_reuse,merge as same athlete,,,Pre-filled from same-country admin decision memory. Country is unchanged; change-country cases still require manual review. Source: 2024 gymternet_2024_existing_athlete_match_review.csv.
athlete_match_e4c6efe5f1fbca86,medium,possible_existing_athlete_match,Pier-Olivier Julien,MAG,Julien Pier-Olivier,CAN,1.0,"CAN, CAN",CAN: 2025 - Canadian Championships (2 results),Pier-Olivier Julien: not found 2026-2025 | Julien Pier-Olivier: not found 2026-2025,accept_suggestion,same_country_review_reuse,merge as same athlete,,,Pre-filled from same-country admin decision memory. Country is unchanged; change-country cases still require manual review. Source: 2024 gymternet_2024_existing_athlete_match_review.csv.
athlete_match_6d1e818dd85c53a6,medium,possible_existing_athlete_match,Radek Cermak,MAG,Cermak Radek,CZE,1.0,"CZE, CZE",CZE: 2025 - Wohnen Juniors Trophy (5 results),Radek Cermak: not found 2026-2025 | Cermak Radek: not found 2026-2025,,,,,,
athlete_match_9fb78aee9c6a158e,medium,possible_existing_athlete_match,Shohei Inui,MAG,Inui Shohei,JPN,1.0,"JPN, JPN",JPN: 2025 - Japanese National Sports Festival (5 results),Shohei Inui: not found 2026-2025 | Inui Shohei: not found 2026-2025,,,,,,
athlete_match_069a8f9c947a68d6,medium,possible_existing_athlete_match,Suphacheep Baobenmad,MAG,Baobenmad Suphacheep,THA,1.0,"THA, THA",THA: 2025 - Asian Championships (5 results),Suphacheep Baobenmad: not found 2026-2025 | Baobenmad Suphacheep: not found 2026-2025,accept_suggestion,same_country_review_reuse,merge as same athlete,,,Pre-filled from same-country admin decision memory. Country is unchanged; change-country cases still require manual review. Source: 2024 gymternet_2024_existing_athlete_match_review.csv.
athlete_match_78ee7c25287b92a4,medium,possible_existing_athlete_match,Sviatoslav Shved,MAG,Shved Sviatoslav,UKR,1.0,"UKR, UKR",UKR: 2025 - Szombathely Challenge Cup (2 results); 2025 - World Championships (2 results),Sviatoslav Shved: not found 2026-2025 | Shved Sviatoslav: not found 2026-2025,accept_suggestion,same_country_review_reuse,merge as same athlete,,,Pre-filled from same-country admin decision memory. Country is unchanged; change-country cases still require manual review. Source: 2024 gymternet_2024_existing_athlete_match_review.csv.
athlete_match_e7b69148c62d031f,medium,possible_existing_athlete_match,Zeno Csuka,MAG,Csuka Zeno,GER,1.0,"GER, GER",GER: 2025 - International Junior Team Cup (5 results),Zeno Csuka: not found 2026-2025 | Csuka Zeno: not found 2026-2025,accept_suggestion,same_country_review_reuse,merge as same athlete,,,Pre-filled from same-country admin decision memory. Country is unchanged; change-country cases still require manual review. Source: 2024 gymternet_2024_existing_athlete_match_review.csv.
athlete_match_197a795e9f2d0f31,medium,possible_existing_athlete_match,Achta Derib,WAG,Derib Achta,CHA,1.0,"CHA, CHA",CHA: 2025 - 2nd Spanish League (5 results),Achta Derib: not found 2026-2025 | Derib Achta: not found 2026-2025,,,,,,
athlete_match_153ff0fd4ed2ab21,medium,possible_existing_athlete_match,Muhammad Bariq Adif Matdaud,MAG,Muhammad Bariq Adif Mat Daud,MAS,0.982,"MAS, MAS",MAS: 2025 - Asian Championships (5 results),Muhammad Bariq Adif Matdaud: not found 2026-2025 | Muhammad Bariq Adif Mat Daud: not found 2026-2025,,,,,,
athlete_match_c2d37cacfda0f2e8,medium,possible_existing_athlete_match,Nor Adam Hazziq Norazaha,MAG,Nor Adam Hazziq Nor Azaha,MAS,0.98,"MAS, MAS",MAS: 2025 - Asian Championships (5 results),Nor Adam Hazziq Norazaha: not found 2026-2025 | Nor Adam Hazziq Nor Azaha: not found 2026-2025,,,,,,
athlete_match_cac4856210069826,medium,possible_existing_athlete_match,Salsabilla Hadi Pamungkas,WAG,Salsabila Hadi Pamungkas,INA,0.98,"INA, INA",INA: 2025 - World Championships (5 results),Salsabilla Hadi Pamungkas: not found 2026-2025 | Salsabila Hadi Pamungkas: not found 2026-2025,,,,,,
athlete_match_1d05075cff85f69e,medium,possible_existing_athlete_match,Leonidas Chatzidavitidis,MAG,Leonidas Hatzidavitidis,GRE,0.979,"GRE, GRE",GRE: 2025 - Greek Championships (5 results),Leonidas Chatzidavitidis: not found 2026-2025 | Leonidas Hatzidavitidis: not found 2026-2025,accept_suggestion,same_country_review_reuse,merge as same athlete,,,Pre-filled from same-country admin decision memory. Country is unchanged; change-country cases still require manual review. Source: 2024 gymternet_2024_existing_athlete_match_review.csv.
athlete_match_275dffdbc61e86ad,medium,possible_existing_athlete_match,Panagiotis Chatzigiannis,MAG,Panagiotis Chatzigianni,CYP,0.979,"CYP, CYP",CYP: 2025 - Gymnasiade (5 results),Panagiotis Chatzigiannis: not found 2026-2025 | Panagiotis Chatzigianni: not found 2026-2025,,,,,,
athlete_match_88cb4e81b32ba002,medium,possible_existing_athlete_match,Alexandra Chatzikyriakou,WAG,Alexandra Hatzikyriakou,GRE,0.979,"GRE, GRE",GRE: 2025 - Greek Championships (5 results),Alexandra Chatzikyriakou: not found 2026-2025 | Alexandra Hatzikyriakou: not found 2026-2025,accept_suggestion,same_country_review_reuse,merge as same athlete,,,Pre-filled from same-country admin decision memory. Country is unchanged; change-country cases still require manual review. Source: 2024 gymternet_2024_existing_athlete_match_review.csv.
athlete_match_0b4e825f3c72ad01,medium,possible_existing_athlete_match,Nohé Cannenpasse-Rifard,WAG,Nohé Cannenpasse-Riffard,FRA,0.979,"FRA, FRA",FRA: 2025 - Kutu Espoir Friendly (5 results),Nohé Cannenpasse-Rifard: not found 2026-2025 | Nohé Cannenpasse-Riffard: not found 2026-2025,,,,,,
athlete_match_8a7d073f5ecab669,medium,possible_existing_athlete_match,Konstantina Zachariadou,WAG,Konstantina Zahariadou,GRE,0.978,"GRE, GRE",GRE: 2025 - Greek Championships (5 results),Konstantina Zachariadou: not found 2026-2025 | Konstantina Zahariadou: not found 2026-2025,accept_suggestion,same_country_review_reuse,merge as same athlete,,,Pre-filled from same-country admin decision memory. Country is unchanged; change-country cases still require manual review. Source: 2024 gymternet_2024_existing_athlete_match_review.csv.
athlete_match_c0fe460ef853384f,medium,possible_existing_athlete_match,Signy Steinsthorsdottir,WAG,Signy Steinthorsdottir,ISL,0.978,"ISL, ISL",ISL: 2025 - Iceland Classic (5 results),Signy Steinsthorsdottir: not found 2026-2025 | Signy Steinthorsdottir: not found 2026-2025,,,,,,
athlete_match_671cdde78118ac7c,medium,possible_existing_athlete_match,Joseph Judah Hatoguan,MAG,Joseph Judaah Hatoguan,INA,0.977,"INA, INA",INA: 2025 - World Championships (1 results),Joseph Judah Hatoguan: not found 2026-2025 | Joseph Judaah Hatoguan: not found 2026-2025,accept_suggestion,same_country_review_reuse,merge as same athlete,,,Pre-filled from same-country admin decision memory. Country is unchanged; change-country cases still require manual review. Source: 2023 gymternet_2023_existing_athlete_match_review.csv.
athlete_match_705914dc38e3eb1b,medium,possible_existing_athlete_match,Constanza Galfrascoli,WAG,Constanza Galfranscoli,ARG,0.977,"ARG, ARG",ARG: 2025 - Argentinian Championships (5 results),Constanza Galfrascoli: not found 2026-2025 | Constanza Galfranscoli: not found 2026-2025,,,,,,
athlete_match_5179562f8aabb2e7,medium,possible_existing_athlete_match,Konstantinos Perakis,MAG,Konstantinos Perrakis,GRE,0.976,"GRE, GRE",GRE: 2025 - Greek Championships (5 results),Konstantinos Perakis: not found 2026-2025 | Konstantinos Perrakis: not found 2026-2025,accept_suggestion,same_country_review_reuse,merge as same athlete,,,Pre-filled from same-country admin decision memory. Country is unchanged; change-country cases still require manual review. Source: 2024 gymternet_2024_existing_athlete_match_review.csv.
athlete_match_af701e5a5a070e7d,medium,possible_existing_athlete_match,Mrutyunjaya Pattanaik,MAG,Mrutyunjay Pattanaik,IND,0.976,"IND, IND",IND: 2025 - Indian National Games (5 results),Mrutyunjaya Pattanaik: not found 2026-2025 | Mrutyunjay Pattanaik: not found 2026-2025,,,,,,
athlete_match_62f41fd777046043,medium,possible_existing_athlete_match,Ruben Borges Correia,MAG,Rubens Borges Correia,FRA,0.976,"FRA, FRA",FRA: 2025 - Top 12 Semifinals (1 results); 2025 - Top 12 Series 5 (1 results); 2025 - Top 12 Series 6 (1 results),Ruben Borges Correia: not found 2026-2025 | Rubens Borges Correia: not found 2026-2025,,,,,,
athlete_match_8330592cf1a6cf01,medium,possible_existing_athlete_match,Yeshwin Walakadawatte,MAG,Yeshwin Walakadawatt,SRI,0.976,"SRI, SRI",SRI: 2025 - Asian Championships (5 results),Yeshwin Walakadawatte: not found 2026-2025 | Yeshwin Walakadawatt: not found 2026-2025,,,,,,
athlete_match_91bf0d8f5a29c424,medium,possible_existing_athlete_match,Mikolaj Pieczynkolan,MAG,Mikolaj Pieczykolan,POL,0.974,"POL, POL",POL: 2025 - Polish Championships (5 results),Mikolaj Pieczynkolan: not found 2026-2025 | Mikolaj Pieczykolan: not found 2026-2025,,,,,,
athlete_match_8498ed63efbf9fb7,medium,possible_existing_athlete_match,Severn Kranzlmüller,MAG,Severin Kranzlmüller,AUT,0.974,"AUT, AUT",AUT: 2025 - Austrian Championships (4 results),Severn Kranzlmüller: not found 2026-2025 | Severin Kranzlmüller: not found 2026-2025,,,,,,
athlete_match_236d28ed1200186c,medium,possible_existing_athlete_match,Wessel van de Sande,MAG,Wessel van der Sande,NED,0.974,"NED, NED",NED: 2025 - Dutch Championships (5 results),Wessel van de Sande: not found 2026-2025 | Wessel van der Sande: not found 2026-2025,,,,,,
athlete_match_6a2ac5cc58ab24ce,medium,possible_existing_athlete_match,Cleopatra Theodosiou,WAG,Cleopatra Thedosiou,CYP,0.974,"CYP, CYP",CYP: 2025 - Horizon Cup (5 results),Cleopatra Theodosiou: not found 2026-2025 | Cleopatra Thedosiou: not found 2026-2025,,,,,,
athlete_match_251a11ad41030530,medium,possible_existing_athlete_match,Lilli Habisreutinger,WAG,Lili Habisreutinger,SUI,0.974,"SUI, SUI",SUI: 2025 - Welsh Championships (5 results),Lilli Habisreutinger: not found 2026-2025 | Lili Habisreutinger: not found 2026-2025,accept_suggestion,same_country_review_reuse,merge as same athlete,,,Pre-filled from same-country admin decision memory. Country is unchanged; change-country cases still require manual review. Source: 2024 gymternet_2024_existing_athlete_match_review.csv.
athlete_match_a97539cddbf035bc,medium,possible_existing_athlete_match,Maria Eleni Dougkari,WAG,Maria Eleni Dougari,GRE,0.974,"GRE, GRE",GRE: 2025 - Horizon Cup (2 results),Maria Eleni Dougkari: not found 2026-2025 | Maria Eleni Dougari: not found 2026-2025,,,,,,
athlete_match_a77eeb73faaab340,medium,possible_existing_athlete_match,Nika Kukuljan Frleta,WAG,Nika Kukljan Frleta,CRO,0.974,"CRO, CRO",CRO: 2025 - Croatian Championships (5 results),Nika Kukuljan Frleta: not found 2026-2025 | Nika Kukljan Frleta: not found 2026-2025,accept_suggestion,same_country_review_reuse,merge as same athlete,,,Pre-filled from same-country admin decision memory. Country is unchanged; change-country cases still require manual review. Source: 2024 gymternet_2024_existing_athlete_match_review.csv.
athlete_match_64c572ec6c2ae953,medium,possible_existing_athlete_match,Ziva Bartholomeeusen,WAG,Zia Bartholomeeusen,BEL,0.974,"BEL, BEL",BEL: 2025 - Gymnova Cup (1 results); 2025 - Top Gym Tournament (3 results),Ziva Bartholomeeusen: not found 2026-2025 | Zia Bartholomeeusen: not found 2026-2025,,,,,,
athlete_match_dbb8969f36e7e756,medium,possible_existing_athlete_match,Aliaksei Seliaznou,MAG,Aliaksei Seliazniou,BLR,0.973,"BLR, BLR",BLR: 2025 - Strongest Athletes Cup (4 results),Aliaksei Seliaznou: not found 2026-2025 | Aliaksei Seliazniou: not found 2026-2025,,,,,,
athlete_match_28fa3782b213c08e,medium,possible_existing_athlete_match,Daniel Winterborne,MAG,Daniel Winterbourne,GBR,0.973,GBR,: 2025 - Sokol Grand Prix (2 results),Daniel Winterborne: not found 2026-2025 | Daniel Winterbourne: not found 2026-2025,,,,,,
athlete_match_25d86637bdbc0e37,medium,possible_existing_athlete_match,Dilyan Kharalambiev,MAG,Dilyan Haralambiev,BUL,0.973,"BUL, BUL",BUL: 2025 - Bulgarian Championships (4 results),Dilyan Kharalambiev: not found 2026-2025 | Dilyan Haralambiev: not found 2026-2025,accept_suggestion,same_country_review_reuse,merge as same athlete,,,Pre-filled from same-country admin decision memory. Country is unchanged; change-country cases still require manual review. Source: 2024 gymternet_2024_existing_athlete_match_review.csv.
athlete_match_237f316c3b5ef9d2,medium,possible_existing_athlete_match,Justine Ace de Leon,MAG,Justine Ace Deleon,PHI,0.973,"PHI, PHI",PHI: 2025 - Asian Championships (5 results),Justine Ace de Leon: not found 2026-2025 | Justine Ace Deleon: not found 2026-2025,accept_suggestion,same_country_review_reuse,merge as same athlete,,,Pre-filled from same-country admin decision memory. Country is unchanged; change-country cases still require manual review. Source: 2024 gymternet_2024_existing_athlete_match_review.csv.
athlete_match_8ecf26854ee7e962,medium,possible_existing_athlete_match,Victoriane Charron,WAG,Victorianne Charron,CAN,0.973,"CAN, CAN",CAN: 2025 - Canadian Championships (5 results),Victoriane Charron: not found 2026-2025 | Victorianne Charron: not found 2026-2025,accept_suggestion,same_country_review_reuse,merge as same athlete,,,Pre-filled from same-country admin decision memory. Country is unchanged; change-country cases still require manual review. Source: 2024 gymternet_2024_existing_athlete_match_review.csv.
athlete_match_f1cb0bc83f8433c0,medium,possible_existing_athlete_match,Aleksandr Bazzaev,MAG,Aleksandr Bazzayev,RUS,0.971,"RUS, RUS",RUS: 2025 - Russian Cup (1 results); 2025 - Strongest Athletes Cup (3 results),Aleksandr Bazzaev: not found 2026-2025 | Aleksandr Bazzayev: not found 2026-2025,accept_suggestion,same_country_review_reuse,merge as same athlete,,,Pre-filled from same-country admin decision memory. Country is unchanged; change-country cases still require manual review. Source: 2024 gymternet_2024_existing_athlete_match_review.csv.
athlete_match_fd5f35847103d853,medium,possible_existing_athlete_match,Bjarki Johannesen,MAG,Bjarki Johannessen,DEN,0.971,"DEN, DEN",DEN: 2025 - Island Games (5 results),Bjarki Johannesen: not found 2026-2025 | Bjarki Johannessen: not found 2026-2025,,,,,,
athlete_match_9cf352dd2e3903ba,medium,possible_existing_athlete_match,Cristopher Juhlin,MAG,Christopher Juhlin,SWE,0.971,"SWE, SWE",SWE: 2025 - Swedish Championships (5 results),Cristopher Juhlin: not found 2026-2025 | Christopher Juhlin: not found 2026-2025,accept_suggestion,same_country_review_reuse,merge as same athlete,,,Pre-filled from same-country admin decision memory. Country is unchanged; change-country cases still require manual review. Source: 2024 gymternet_2024_existing_athlete_match_review.csv.
athlete_match_0dd6005a6a33d5a9,medium,possible_existing_athlete_match,Emil Pfurtcheller,MAG,Emil Pfurtscheller,AUT,0.971,"AUT, AUT",AUT: 2025 - Olympic Hopes Cup (1 results),Emil Pfurtcheller: not found 2026-2025 | Emil Pfurtscheller: not found 2026-2025,,,,,,
athlete_match_c4c5002db532bb1e,medium,possible_existing_athlete_match,Nikita Kolesnikov,MAG,Nikita Kolyesnikov,RUS,0.971,"RUS, RUS",RUS: 2025 - Russian Championships (5 results),Nikita Kolesnikov: not found 2026-2025 | Nikita Kolyesnikov: not found 2026-2025,accept_suggestion,same_country_review_reuse,merge as same athlete,,,Pre-filled from same-country admin decision memory. Country is unchanged; change-country cases still require manual review. Source: 2024 gymternet_2024_existing_athlete_match_review.csv.
athlete_match_e2eedc7881fd9c22,medium,possible_existing_athlete_match,Thenuka Nawarathna,MAG,Thenuka Nawaratha,SRI,0.971,"SRI, SRI",SRI: 2025 - World Championships (5 results),Thenuka Nawarathna: not found 2026-2025 | Thenuka Nawaratha: not found 2026-2025,,,,,,
athlete_match_2b53ace1c890e9cf,medium,possible_existing_athlete_match,Victor Tournicourt,MAG,Victor Tounicourt,BEL,0.971,"BEL, BEL",BEL: 2025 - Wase Gymcup (1 results),Victor Tournicourt: not found 2026-2025 | Victor Tounicourt: not found 2026-2025,accept_suggestion,same_country_review_reuse,merge as same athlete,,,Pre-filled from same-country admin decision memory. Country is unchanged; change-country cases still require manual review. Source: 2024 gymternet_2024_existing_athlete_match_review.csv.
athlete_match_ff8d6592919b2b34,medium,possible_existing_athlete_match,Anamaria Mihaescu,WAG,Ana Maria Mihaescu,ROU,0.971,"ROU, ROU",ROU: 2025 - Romanian Worlds Trials (5 results),Anamaria Mihaescu: not found 2026-2025 | Ana Maria Mihaescu: not found 2026-2025,accept_suggestion,same_country_review_reuse,merge as same athlete,,,Pre-filled from same-country admin decision memory. Country is unchanged; change-country cases still require manual review. Source: 2024 gymternet_2024_existing_athlete_match_review.csv.
athlete_match_72eeab59f284d07e,medium,possible_existing_athlete_match,Eleana Panagioutou,WAG,Eleana Panagiotou,CYP,0.971,"CYP, CYP",CYP: 2025 - Games of the Small States (5 results),Eleana Panagioutou: not found 2026-2025 | Eleana Panagiotou: not found 2026-2025,,,,,,
athlete_match_08d9d257627a6ae1,medium,possible_existing_athlete_match,Helena Olyslaegers,WAG,Helena Olyslagers,BEL,0.971,"BEL, BEL",BEL: 2025 - Belgian Championships (5 results),Helena Olyslaegers: not found 2026-2025 | Helena Olyslagers: not found 2026-2025,,,,,,
athlete_match_97e631dac37e3d83,medium,possible_existing_athlete_match,Maria Vlachopoulou,WAG,Maria Vlahopoulou,GRE,0.971,"GRE, GRE",GRE: 2025 - Greek Championships (5 results),Maria Vlachopoulou: not found 2026-2025 | Maria Vlahopoulou: not found 2026-2025,,,,,,
athlete_match_c70346ada85e0efc,medium,possible_existing_athlete_match,Philippa Busuttil,WAG,Phillippa Busuttil,MLT,0.971,"MLT, MLT",MLT: 2025 - Malta Championships (5 results),Philippa Busuttil: not found 2026-2025 | Phillippa Busuttil: not found 2026-2025,accept_suggestion,same_country_review_reuse,merge as same athlete,,,Pre-filled from same-country admin decision memory. Country is unchanged; change-country cases still require manual review. Source: 2024 gymternet_2024_existing_athlete_match_review.csv.
athlete_match_57c399e2c25765e4,medium,possible_existing_athlete_match,Denis Brusenskiy,MAG,Denis Brusyenskiy,RUS,0.97,"RUS, RUS",RUS: 2025 - Russian Championships (5 results),Denis Brusenskiy: not found 2026-2025 | Denis Brusyenskiy: not found 2026-2025,accept_suggestion,same_country_review_reuse,merge as same athlete,,,Pre-filled from same-country admin decision memory. Country is unchanged; change-country cases still require manual review. Source: 2024 gymternet_2024_existing_athlete_match_review.csv.
athlete_match_e101c55b64f75b83,medium,possible_existing_athlete_match,Makar Lypchanski,MAG,Makar Lypchanskyi,GER,0.97,"GER, GER",GER: 2025 - Wohnen Juniors Trophy (5 results),Makar Lypchanski: not found 2026-2025 | Makar Lypchanskyi: not found 2026-2025,,,,,,
athlete_match_7ccc596bd9fcbabf,medium,possible_existing_athlete_match,Maximilian Renaud,MAG,Maxmilian Renaud,NZL,0.97,"NZL, NZL",NZL: 2025 - New Zealand Championships (5 results),Maximilian Renaud: not found 2026-2025 | Maxmilian Renaud: not found 2026-2025,,,,,,
athlete_match_61a0a3f90702aeec,medium,possible_existing_athlete_match,Savas Tsinikalis,MAG,Savvas Tsinikalis,GRE,0.97,"GRE, GRE",GRE: 2025 - Horizon Cup (5 results),Savas Tsinikalis: not found 2026-2025 | Savvas Tsinikalis: not found 2026-2025,,,,,,
athlete_match_caa0fcc1e2b23a17,medium,possible_existing_athlete_match,Tapeswaranath Das,MAG,Tapeswarnath Das,IND,0.97,"IND, IND",IND: 2025 - Indian National Games (5 results),Tapeswaranath Das: not found 2026-2025 | Tapeswarnath Das: not found 2026-2025,accept_suggestion,same_country_review_reuse,merge as same athlete,,,Pre-filled from same-country admin decision memory. Country is unchanged; change-country cases still require manual review. Source: 2024 gymternet_2024_existing_athlete_match_review.csv.
athlete_match_027dbb3ebc66b165,medium,possible_existing_athlete_match,Almog Leizerovich,WAG,Almog Leizrovich,ISR,0.97,"ISR, ISR",ISR: 2025 - DTB Pokal Team Challenge (5 results),Almog Leizerovich: not found 2026-2025 | Almog Leizrovich: not found 2026-2025,accept_suggestion,same_country_review_reuse,merge as same athlete,,,Pre-filled from same-country admin decision memory. Country is unchanged; change-country cases still require manual review. Source: 2024 gymternet_2024_existing_athlete_match_review.csv.
athlete_match_335521ad11bfa099,medium,possible_existing_athlete_match,Chaia Rubeinstein,WAG,Chaia Rubenstein,GBR,0.97,"GBR, GBR",GBR: 2025 - Welsh Championships (5 results),Chaia Rubeinstein: not found 2026-2025 | Chaia Rubenstein: not found 2026-2025,,,,,,
athlete_match_e1a42bb26ba5345d,medium,possible_existing_athlete_match,Kamila Badmajeva,WAG,Kamilla Badmajeva,EST,0.97,"EST, EST",EST: 2025 - Tiger Cup (5 results),Kamila Badmajeva: not found 2026-2025 | Kamilla Badmajeva: not found 2026-2025,,,,,,
athlete_match_f96cee18dc3c5ced,medium,possible_existing_athlete_match,Ronja Johannesen,WAG,Ronja Johannessen,DEN,0.97,"DEN, DEN",DEN: 2025 - Island Games (5 results),Ronja Johannesen: not found 2026-2025 | Ronja Johannessen: not found 2026-2025,,,,,,
athlete_match_3b3af1dd51ff7289,medium,possible_existing_athlete_match,Sirine Abouelhoda,WAG,Sirine Aboulhoda,EGY,0.97,"EGY, EGY",EGY: 2025 - Pharaoh's Cup (5 results),Sirine Abouelhoda: not found 2026-2025 | Sirine Aboulhoda: not found 2026-2025,accept_suggestion,same_country_review_reuse,merge as same athlete,,,Pre-filled from same-country admin decision memory. Country is unchanged; change-country cases still require manual review. Source: 2024 gymternet_2024_existing_athlete_match_review.csv.
athlete_match_2ef2e38978deb9f4,medium,possible_existing_athlete_match,Charlotte Laemmel-Handschumacher,WAG,Charlotte Laemmel Handschumacher,FRA,0.969,"FRA, FRA",FRA: 2025 - Top 12 Series 3 (1 results),Charlotte Laemmel-Handschumacher: not found 2026-2025 | Charlotte Laemmel Handschumacher: not found 2026-2025,accept_suggestion,same_country_review_reuse,merge as same athlete,,,Pre-filled from same-country admin decision memory. Country is unchanged; change-country cases still require manual review. Source: 2022 gymternet_2022_existing_athlete_match_review.csv.
athlete_match_4218e8b3708c41af,medium,possible_existing_athlete_match,Ahmed Elmaraghy,MAG,Ahmed El Maraghy,EGY,0.968,"EGY, EGY",EGY: 2025 - Cairo World Cup (2 results); 2025 - Pharaoh's Cup (2 results); 2025 - World Championships (1 results),Ahmed Elmaraghy: not found 2026-2025 | Ahmed El Maraghy: not found 2026-2025,accept_suggestion,same_country_review_reuse,merge as same athlete,,,Pre-filled from same-country admin decision memory. Country is unchanged; change-country cases still require manual review. Source: 2024 gymternet_2024_existing_athlete_match_review.csv.
athlete_match_2f6a3bad54988af4,medium,possible_existing_athlete_match,Danil Murashkin,MAG,Danila Murashkin,RUS,0.968,"RUS, RUS",RUS: 2025 - Russian Cup (5 results),Danil Murashkin: not found 2026-2025 | Danila Murashkin: not found 2026-2025,,,,,,
athlete_match_5a77a1e6284f4d18,medium,possible_existing_athlete_match,David Bjarnarson,MAG,David Bjarnason,ISL,0.968,"ISL, ISL",ISL: 2025 - Mälar Cup (5 results),David Bjarnarson: not found 2026-2025 | David Bjarnason: not found 2026-2025,,,,,,
athlete_match_c8ce6ac2b2c1c389,medium,possible_existing_athlete_match,Emilion Canavati,MAG,Emilio Canavati,MEX,0.968,"MEX, MEX",MEX: 2025 - Paris Challenge Cup (5 results),Emilion Canavati: not found 2026-2025 | Emilio Canavati: not found 2026-2025,,,,,,
athlete_match_26faf408650b88b5,medium,possible_existing_athlete_match,Kirill Prokopiev,MAG,Kirill Prokopev,RUS,0.968,"RUS, RUS",RUS: 2025 - Russian Cup (5 results),Kirill Prokopiev: not found 2026-2025 | Kirill Prokopev: not found 2026-2025,,,,,,
athlete_match_8e19caf3ea92093e,medium,possible_existing_athlete_match,Shoma Tsukiyama,MAG,Shouma Tsukiyama,JPN,0.968,"JPN, JPN",JPN: 2025 - NHK Trophy (5 results),Shoma Tsukiyama: not found 2026-2025 | Shouma Tsukiyama: not found 2026-2025,accept_suggestion,same_country_review_reuse,merge as same athlete,,,Pre-filled from same-country admin decision memory. Country is unchanged; change-country cases still require manual review. Source: 2024 gymternet_2024_existing_athlete_match_review.csv.
athlete_match_7fd2a901591676fc,medium,possible_existing_athlete_match,Stanislav Isaev,MAG,Stanislav Isayev,RUS,0.968,"RUS, RUS",RUS: 2025 - Russian Cup (5 results),Stanislav Isaev: not found 2026-2025 | Stanislav Isayev: not found 2026-2025,accept_suggestion,same_country_review_reuse,merge as same athlete,,,Pre-filled from same-country admin decision memory. Country is unchanged; change-country cases still require manual review. Source: 2023 gymternet_2023_existing_athlete_match_review.csv.
athlete_match_230579f9fd3b2ac3,medium,possible_existing_athlete_match,Stelian Marinov,MAG,Steliyan Marinov,BUL,0.968,"BUL, BUL",BUL: 2025 - Bulgarian Championships (5 results),Stelian Marinov: not found 2026-2025 | Steliyan Marinov: not found 2026-2025,,,,,,
athlete_match_c338397c3d2660c8,medium,possible_existing_athlete_match,Venelin Hristov,MAG,Venelin Khristov,BUL,0.968,"BUL, BUL",BUL: 2025 - Bulgarian Championships (5 results),Venelin Hristov: not found 2026-2025 | Venelin Khristov: not found 2026-2025,,,,,,
athlete_match_3f020370a83fd858,medium,possible_existing_athlete_match,Anastassia Pascu,WAG,Anastasia Pascu,SUI,0.968,"SUI, SUI",SUI: 2025 - Gymnova Cup (5 results),Anastassia Pascu: not found 2026-2025 | Anastasia Pascu: not found 2026-2025,accept_suggestion,same_country_review_reuse,merge as same athlete,,,Pre-filled from same-country admin decision memory. Country is unchanged; change-country cases still require manual review. Source: 2024 gymternet_2024_existing_athlete_match_review.csv.
athlete_match_7ebe0486e0bc9ff2,medium,possible_existing_athlete_match,Anna Lashchevska,WAG,Anna Laschevska,UKR,0.968,"UKR, UKR",UKR: 2025 - Tashkent Challenge Cup (3 results),Anna Lashchevska: not found 2026-2025 | Anna Laschevska: not found 2026-2025,accept_suggestion,same_country_review_reuse,merge as same athlete,,,Pre-filled from same-country admin decision memory. Country is unchanged; change-country cases still require manual review. Source: 2024 gymternet_2024_existing_athlete_match_review.csv.
athlete_match_9c795ba5e4a0a88d,medium,possible_existing_athlete_match,Isabela Barrera,WAG,Isabella Barrera,COL,0.968,"COL, COL",COL: 2025 - Colombian Championships (5 results),Isabela Barrera: not found 2026-2025 | Isabella Barrera: not found 2026-2025,,,,,,
athlete_match_fdbbc944ea9b5023,medium,possible_existing_athlete_match,Polina Vasileva,WAG,Polina Vasilieva,RUS,0.968,"RUS, RUS",RUS: 2025 - Russian Junior Championships (5 results),Polina Vasileva: not found 2026-2025 | Polina Vasilieva: not found 2026-2025,,,,,,
athlete_match_351c978c52bd995f,medium,possible_existing_athlete_match,Yulia Nikolaeva,WAG,Yulia Nikolayeva,RUS,0.968,"RUS, RUS",RUS: 2025 - Russian Cup (5 results),Yulia Nikolaeva: not found 2026-2025 | Yulia Nikolayeva: not found 2026-2025,accept_suggestion,same_country_review_reuse,merge as same athlete,,,Pre-filled from same-country admin decision memory. Country is unchanged; change-country cases still require manual review. Source: 2024 gymternet_2024_existing_athlete_match_review.csv.
athlete_match_2332a345356d2175,medium,possible_existing_athlete_match,Antton Villonen,MAG,Anton Villonen,FIN,0.966,"FIN, FIN",FIN: 2025 - Junior World Championships (5 results),Antton Villonen: not found 2026-2025 | Anton Villonen: not found 2026-2025,accept_suggestion,same_country_review_reuse,merge as same athlete,,,Pre-filled from same-country admin decision memory. Country is unchanged; change-country cases still require manual review. Source: 2024 gymternet_2024_existing_athlete_match_review.csv.
athlete_match_2d819f26f8020fb0,medium,possible_existing_athlete_match,Armann Andrason,MAG,Arman Andrason,ISL,0.966,"ISL, ISL",ISL: 2025 - Nordic Junior Championships (5 results),Armann Andrason: not found 2026-2025 | Arman Andrason: not found 2026-2025,,,,,,
athlete_match_7bc4baf6f1e4b344,medium,possible_existing_athlete_match,Christiane Atte,MAG,Christian Atte,ITA,0.966,"ITA, ITA",ITA: 2025 - 1st Italian Serie A (4 results),Christiane Atte: not found 2026-2025 | Christian Atte: not found 2026-2025,,,,,,
athlete_match_8b08f2ebe46e18a6,medium,possible_existing_athlete_match,Dmitriy Yefimov,MAG,Dmitriy Efimov,RUS,0.966,"RUS, RUS",RUS: 2025 - Russian Youth Spartakiade (5 results),Dmitriy Yefimov: not found 2026-2025 | Dmitriy Efimov: not found 2026-2025,,,,,,
athlete_match_1c47f62649ece757,medium,possible_existing_athlete_match,Ignat Gorobets,MAG,Ignat Gorobyets,RUS,0.966,"RUS, RUS",RUS: 2025 - Russian Cup (5 results),Ignat Gorobets: not found 2026-2025 | Ignat Gorobyets: not found 2026-2025,accept_suggestion,same_country_review_reuse,merge as same athlete,,,Pre-filled from same-country admin decision memory. Country is unchanged; change-country cases still require manual review. Source: 2024 gymternet_2024_existing_athlete_match_review.csv.
athlete_match_aac3897a0971df73,medium,possible_existing_athlete_match,Jakson Kurecki,MAG,Jackson Kurecki,USA,0.966,"USA, USA",USA: 2025 - U.S. Championships (5 results),Jakson Kurecki: not found 2026-2025 | Jackson Kurecki: not found 2026-2025,,,,,,
athlete_match_313a150962054128,medium,possible_existing_athlete_match,Jeon Beomgchang,MAG,Jeon Beomchang,KOR,0.966,"KOR, KOR",KOR: 2025 - Korean National Sports Festival (5 results),Jeon Beomgchang: not found 2026-2025 | Jeon Beomchang: not found 2026-2025,accept_suggestion,same_country_review_reuse,merge as same athlete,,,Pre-filled from same-country admin decision memory. Country is unchanged; change-country cases still require manual review. Source: 2024 gymternet_2024_existing_athlete_match_review.csv.
athlete_match_89efd0f3b7edbf9a,medium,possible_existing_athlete_match,Leo Blumenberg,MAG,Leo Blumnenberg,SWE,0.966,"SWE, SWE",SWE: 2025 - Swedish Championships (2 results),Leo Blumenberg: not found 2026-2025 | Leo Blumnenberg: not found 2026-2025,accept_suggestion,same_country_review_reuse,merge as same athlete,,,Pre-filled from same-country admin decision memory. Country is unchanged; change-country cases still require manual review. Source: 2023 gymternet_2023_existing_athlete_match_review.csv.
athlete_match_f1f5b4665b540bb5,medium,possible_existing_athlete_match,Leonid Yeliseev,MAG,Leonid Eliseev,RUS,0.966,"RUS, RUS",RUS: 2025 - Russian Junior Championships (5 results),Leonid Yeliseev: not found 2026-2025 | Leonid Eliseev: not found 2026-2025,,,,,,
athlete_match_83df5ecddca9acf5,medium,possible_existing_athlete_match,Levente Ludanyi,MAG,Levente Ludany,HUN,0.966,"HUN, HUN",HUN: 2025 - Gymnasiade (5 results),Levente Ludanyi: not found 2026-2025 | Levente Ludany: not found 2026-2025,,,,,,
athlete_match_d1ad811a01e009b4,medium,possible_existing_athlete_match,Mostafa Youssef,MAG,Mostafa Yousef,EGY,0.966,"EGY, EGY",EGY: 2025 - Pharaoh's Cup (3 results),Mostafa Youssef: not found 2026-2025 | Mostafa Yousef: not found 2026-2025,,,,,,
athlete_match_c5ecfe01967c77b8,medium,possible_existing_athlete_match,Nikita Kartaev,MAG,Nikita Kartayev,RUS,0.966,"RUS, RUS",RUS: 2025 - Russian Championships (2 results); 2025 - Russian Cup (1 results),Nikita Kartaev: not found 2026-2025 | Nikita Kartayev: not found 2026-2025,accept_suggestion,same_country_review_reuse,merge as same athlete,,,Pre-filled from same-country admin decision memory. Country is unchanged; change-country cases still require manual review. Source: 2024 gymternet_2024_existing_athlete_match_review.csv.
athlete_match_403575545d33901b,medium,possible_existing_athlete_match,Nikita Yeryomin,MAG,Nikita Eryomin,RUS,0.966,"RUS, RUS",RUS: 2025 - Russian Junior Championships (5 results),Nikita Yeryomin: not found 2026-2025 | Nikita Eryomin: not found 2026-2025,,,,,,
athlete_match_9d34ed55c2227669,medium,possible_existing_athlete_match,Saveliy Saurin,MAG,Saveeliy Saurin,RUS,0.966,"RUS, RUS",RUS: 2025 - Russian Junior Championships (5 results),Saveliy Saurin: not found 2026-2025 | Saveeliy Saurin: not found 2026-2025,,,,,,
athlete_match_ec31ac1f063552a1,medium,possible_existing_athlete_match,Yevgeniy Lyazin,MAG,Evgeniy Lyazin,RUS,0.966,"RUS, RUS",RUS: 2025 - Russian Cup (3 results),Yevgeniy Lyazin: not found 2026-2025 | Evgeniy Lyazin: not found 2026-2025,,,,,,
athlete_match_3362041127cbb080,medium,possible_existing_athlete_match,Ariadna Piella,WAG,Ariadna Piellas,ESP,0.966,"ESP, ESP",ESP: 2025 - 1st Spanish League (5 results),Ariadna Piella: not found 2026-2025 | Ariadna Piellas: not found 2026-2025,accept_suggestion,same_country_review_reuse,merge as same athlete,,,Pre-filled from same-country admin decision memory. Country is unchanged; change-country cases still require manual review. Source: 2024 gymternet_2024_existing_athlete_match_review.csv.
athlete_match_331867be2c28e647,medium,possible_existing_athlete_match,Daira Lamadrid,WAG,Daira la Madrid,COL,0.966,"COL, COL",COL: 2025 - Colombian Championships (5 results),Daira Lamadrid: not found 2026-2025 | Daira la Madrid: not found 2026-2025,accept_suggestion,same_country_review_reuse,merge as same athlete,,,Pre-filled from same-country admin decision memory. Country is unchanged; change-country cases still require manual review. Source: 2024 gymternet_2024_existing_athlete_match_review.csv.
athlete_match_44ebb6f68bd92eaa,medium,possible_existing_athlete_match,Emily Moorhead,WAG,Emily Moorehead,IRL,0.966,"IRL, IRL",IRL: 2025 - Northern European Championships (1 results); 2025 - Scottish Championships (1 results),Emily Moorhead: not found 2026-2025 | Emily Moorehead: not found 2026-2025,accept_suggestion,same_country_review_reuse,merge as same athlete,,,Pre-filled from same-country admin decision memory. Country is unchanged; change-country cases still require manual review. Source: 2024 gymternet_2024_existing_athlete_match_review.csv.
athlete_match_4581b0892ea404a2,medium,possible_existing_athlete_match,Emma Saugestad,WAG,Emma Saugesstad,NOR,0.966,"NOR, NOR",NOR: 2025 - Norwegian Championships (5 results),Emma Saugestad: not found 2026-2025 | Emma Saugesstad: not found 2026-2025,,,,,,
athlete_match_4cff112c5b5830c3,medium,possible_existing_athlete_match,Giulia Valenzia,WAG,Giulia Valenza,ITA,0.966,"ITA, ITA",ITA: 2025 - Champion's Cup (5 results),Giulia Valenzia: not found 2026-2025 | Giulia Valenza: not found 2026-2025,,,,,,
athlete_match_2d809403866c2d55,medium,possible_existing_athlete_match,Leila Vasilieva,WAG,Leila Vasileva,RUS,0.966,"RUS, RUS",RUS: 2025 - Russian Cup (5 results),Leila Vasilieva: not found 2026-2025 | Leila Vasileva: not found 2026-2025,accept_suggestion,same_country_review_reuse,merge as same athlete,,,Pre-filled from same-country admin decision memory. Country is unchanged; change-country cases still require manual review. Source: 2024 gymternet_2024_existing_athlete_match_review.csv.
athlete_match_5d2c8567be43d524,medium,possible_existing_athlete_match,Mackenzie Grant,WAG,Makenzie Grant,CAN,0.966,"CAN, CAN",CAN: 2025 - Canadian Championships (5 results),Mackenzie Grant: not found 2026-2025 | Makenzie Grant: not found 2026-2025,accept_suggestion,same_country_review_reuse,merge as same athlete,,,Pre-filled from same-country admin decision memory. Country is unchanged; change-country cases still require manual review. Source: 2024 gymternet_2024_existing_athlete_match_review.csv.
athlete_match_eac15b99a4403176,medium,possible_existing_athlete_match,Manuella Gazizi,WAG,Manuella Gaziz,BRA,0.966,"BRA, BRA",BRA: 2025 - Brazilian Junior Championships (5 results),Manuella Gazizi: not found 2026-2025 | Manuella Gaziz: not found 2026-2025,,,,,,
athlete_match_fc2d2919624d87af,medium,possible_existing_athlete_match,Pleun Beurskens,WAG,Pleun Beursken,NED,0.966,"NED, NED",NED: 2025 - 1st Bundesliga (5 results),Pleun Beurskens: not found 2026-2025 | Pleun Beursken: not found 2026-2025,accept_suggestion,same_country_review_reuse,merge as same athlete,,,Pre-filled from same-country admin decision memory. Country is unchanged; change-country cases still require manual review. Source: 2024 gymternet_2024_existing_athlete_match_review.csv.
athlete_match_3453a02a47338058,medium,possible_existing_athlete_match,Vitalija Pakhno,WAG,Vitalia Pakhno,POL,0.966,"POL, POL",POL: 2025 - Polish Championships (4 results),Vitalija Pakhno: not found 2026-2025 | Vitalia Pakhno: not found 2026-2025,accept_suggestion,same_country_review_reuse,merge as same athlete,,,Pre-filled from same-country admin decision memory. Country is unchanged; change-country cases still require manual review. Source: 2023 gymternet_2023_existing_athlete_match_review.csv.
athlete_match_15adf6f5ff48d9c8,medium,possible_existing_athlete_match,Ruddly Bordelais Maisonnable,MAG,Ruddly Bordelais-Maisonnable,FRA,0.964,"FRA, FRA",FRA: 2025 - European Youth Olymipc Festival (5 results),Ruddly Bordelais Maisonnable: not found 2026-2025 | Ruddly Bordelais-Maisonnable: not found 2026-2025,,,,,,
athlete_match_9e849848a272a872,medium,possible_existing_athlete_match,Alessio Corda,MAG,Allessio Corda,BEL,0.963,"BEL, BEL",BEL: 2025 - DTB Pokal Team Challenge (5 results),Alessio Corda: not found 2026-2025 | Allessio Corda: not found 2026-2025,accept_suggestion,same_country_review_reuse,merge as same athlete,,,Pre-filled from same-country admin decision memory. Country is unchanged; change-country cases still require manual review. Source: 2024 gymternet_2024_existing_athlete_match_review.csv.
athlete_match_e3fe92015edca0c1,medium,possible_existing_athlete_match,August Gamkinn,MAG,August Gamkin,NOR,0.963,"NOR, NOR",NOR: 2025 - Unni & Haralds Trophy (5 results),August Gamkinn: not found 2026-2025 | August Gamkin: not found 2026-2025,accept_suggestion,same_country_review_reuse,merge as same athlete,,,Pre-filled from same-country admin decision memory. Country is unchanged; change-country cases still require manual review. Source: 2024 gymternet_2024_existing_athlete_match_review.csv.
athlete_match_8dcc73db47e825b2,medium,possible_existing_athlete_match,Byun Seongwon,MAG,Byun Seong-won,KOR,0.963,"KOR, KOR",KOR: 2025 - Korean National Sports Festival (5 results),Byun Seongwon: not found 2026-2025 | Byun Seong-won: not found 2026-2025,accept_suggestion,same_country_review_reuse,merge as same athlete,,,Pre-filled from same-country admin decision memory. Country is unchanged; change-country cases still require manual review. Source: 2024 gymternet_2024_existing_athlete_match_review.csv.
athlete_match_efe0c440cd2f6bea,medium,possible_existing_athlete_match,Daniel Kazakov,MAG,Danil Kazakov,SWE,0.963,"SWE, SWE",SWE: 2025 - Mälar Cup (4 results),Daniel Kazakov: not found 2026-2025 | Danil Kazakov: not found 2026-2025,,,,,,
athlete_match_9e44ef6c7910237a,medium,possible_existing_athlete_match,Deano Roberts,MAG,Dean-o Roberts,USA,0.963,"USA, USA",USA: 2025 - Winter Cup (5 results),Deano Roberts: not found 2026-2025 | Dean-o Roberts: not found 2026-2025,,,,,,
athlete_match_54ca5d1f5d467ba9,medium,possible_existing_athlete_match,Gabriel Solar,MAG,Gabrijel Solar,CRO,0.963,"CRO, CRO",CRO: 2025 - Balkan Championships (1 results); 2025 - Croatian Event Championships (3 results); 2025 - Salamunov Memorial (1 results),Gabriel Solar: not found 2026-2025 | Gabrijel Solar: not found 2026-2025,accept_suggestion,same_country_review_reuse,merge as same athlete,,,Pre-filled from same-country admin decision memory. Country is unchanged; change-country cases still require manual review. Source: 2024 gymternet_2024_existing_athlete_match_review.csv.
athlete_match_ee399e04ec54b3bb,medium,possible_existing_athlete_match,Georgi Kaleyev,MAG,Georgi Kaleev,BUL,0.963,"BUL, BUL",BUL: 2025 - Bulgarian Championships (2 results),Georgi Kaleyev: not found 2026-2025 | Georgi Kaleev: not found 2026-2025,,,,,,
athlete_match_50446e3b968861f6,medium,possible_existing_athlete_match,Jedidiah Lewis,MAG,Jedidah Lewis,GBR,0.963,"GBR, GBR",GBR: 2025 - Welsh Championships (5 results),Jedidiah Lewis: not found 2026-2025 | Jedidah Lewis: not found 2026-2025,accept_suggestion,same_country_review_reuse,merge as same athlete,,,Pre-filled from same-country admin decision memory. Country is unchanged; change-country cases still require manual review. Source: 2024 gymternet_2024_existing_athlete_match_review.csv.
athlete_match_15e1df92dccd905f,medium,possible_existing_athlete_match,Jordan Carroll,MAG,Jordan Caroll,CAN,0.963,"CAN, CAN",CAN: 2025 - Canadian Championships (2 results); 2025 - DTB Pokal Team Challenge (1 results); 2025 - Elite Canada (2 results),Jordan Carroll: not found 2026-2025 | Jordan Caroll: not found 2026-2025,accept_suggestion,same_country_review_reuse,merge as same athlete,,,Pre-filled from same-country admin decision memory. Country is unchanged; change-country cases still require manual review. Source: 2024 gymternet_2024_existing_athlete_match_review.csv.
athlete_match_fa8d351668c71938,medium,possible_existing_athlete_match,Levi Makkonen,MAG,Leevi Makkonen,FIN,0.963,"FIN, FIN",FIN: 2025 - Mälar Cup (3 results),Levi Makkonen: not found 2026-2025 | Leevi Makkonen: not found 2026-2025,,,,,,
athlete_match_5c92f3be01c451ea,medium,possible_existing_athlete_match,Mathieu Gobet,MAG,Matthieu Gobet,SUI,0.963,"SUI, SUI",SUI: 2025 - Swiss Championships (5 results),Mathieu Gobet: not found 2026-2025 | Matthieu Gobet: not found 2026-2025,,,,,,
athlete_match_9e47460e6d383ac7,medium,possible_existing_athlete_match,Nick Aebersold,MAG,Nick Abersold,SUI,0.963,"SUI, SUI",SUI: 2025 - Swiss Championships (5 results),Nick Aebersold: not found 2026-2025 | Nick Abersold: not found 2026-2025,accept_suggestion,same_country_review_reuse,merge as same athlete,,,Pre-filled from same-country admin decision memory. Country is unchanged; change-country cases still require manual review. Source: 2024 gymternet_2024_existing_athlete_match_review.csv.
athlete_match_626406af9833f2ad,medium,possible_existing_athlete_match,Nils Bengsson,MAG,Nils Bengtsson,SWE,0.963,"SWE, SWE",SWE: 2025 - Swedish Championships (3 results),Nils Bengsson: not found 2026-2025 | Nils Bengtsson: not found 2026-2025,,,,,,
athlete_match_111ecf7a368a76af,medium,possible_existing_athlete_match,Peter Nichols,MAG,Peter Nicholls,NZL,0.963,"NZL, NZL",NZL: 2025 - Liukin Invitational (5 results),Peter Nichols: not found 2026-2025 | Peter Nicholls: not found 2026-2025,,,,,,
athlete_match_b685dcacc4f681dc,medium,possible_existing_athlete_match,Philip Lieske,MAG,Phillip Lieske,NOR,0.963,"NOR, NOR",NOR: 2025 - Norwegian Junior Championships (5 results),Philip Lieske: not found 2026-2025 | Phillip Lieske: not found 2026-2025,accept_suggestion,same_country_review_reuse,merge as same athlete,,,Pre-filled from same-country admin decision memory. Country is unchanged; change-country cases still require manual review. Source: 2024 gymternet_2024_existing_athlete_match_review.csv.
athlete_match_33b6b2441cde2aee,medium,possible_existing_athlete_match,Philip Nymark,MAG,Philip Nykmark,NOR,0.963,"NOR, NOR",NOR: 2025 - Mälar Cup (5 results),Philip Nymark: not found 2026-2025 | Philip Nykmark: not found 2026-2025,,,,,,
athlete_match_b02f8830ec374787,medium,possible_existing_athlete_match,Ricard Martin,MAG,Ricard Martino,ESP,0.963,"ESP, ESP",ESP: 2025 - Spanish Championships (5 results),Ricard Martin: not found 2026-2025 | Ricard Martino: not found 2026-2025,,,,,,
athlete_match_aef3619186e23822,medium,possible_existing_athlete_match,Son Jonghyeok,MAG,Son Jong-hyeok,KOR,0.963,"KOR, KOR",KOR: 2025 - Korean National Sports Festival (5 results),Son Jonghyeok: not found 2026-2025 | Son Jong-hyeok: not found 2026-2025,,,,,,
athlete_match_c344b3b0bc0c1b92,medium,possible_existing_athlete_match,Eva Villanova,WAG,Elva Villanova,ESP,0.963,"ESP, ESP",ESP: 2025 - 1st Spanish League (5 results),Eva Villanova: not found 2026-2025 | Elva Villanova: not found 2026-2025,accept_suggestion,same_country_review_reuse,merge as same athlete,,,Pre-filled from same-country admin decision memory. Country is unchanged; change-country cases still require manual review. Source: 2024 gymternet_2024_existing_athlete_match_review.csv.
athlete_match_04cff1e70d3641c7,medium,possible_existing_athlete_match,Lea Freundlich,WAG,Lea Freudlich,DEN,0.963,"DEN, DEN",DEN: 2025 - Danish Team Championships (5 results),Lea Freundlich: not found 2026-2025 | Lea Freudlich: not found 2026-2025,accept_suggestion,same_country_review_reuse,merge as same athlete,,,Pre-filled from same-country admin decision memory. Country is unchanged; change-country cases still require manual review. Source: 2024 gymternet_2024_existing_athlete_match_review.csv.
athlete_match_0514d04281d412b4,medium,possible_existing_athlete_match,Sofia Kobazeva,WAG,Sofia Kobzeva,RUS,0.963,"RUS, RUS",RUS: 2025 - Russian Cup (5 results),Sofia Kobazeva: not found 2026-2025 | Sofia Kobzeva: not found 2026-2025,,,,,,
athlete_match_8f6b4397365735bc,medium,possible_existing_athlete_match,Yang Fanyuwei,WAG,Yang Fan Yuwei,CHN,0.963,"CHN, CHN",CHN: 2025 - Antalya World Cup (2 results); 2025 - Chinese Championships (1 results); 2025 - Chinese Worlds Trials (1 results); 2025 - World University Games (1 results),Yang Fanyuwei: not found 2026-2025 | Yang Fan Yuwei: not found 2026-2025,accept_suggestion,same_country_review_reuse,merge as same athlete,,,Pre-filled from same-country admin decision memory. Country is unchanged; change-country cases still require manual review. Source: 2024 gymternet_2024_existing_athlete_match_review.csv.
athlete_match_836c494ac1b1fbd0,medium,possible_existing_athlete_match,Yuvika Preenja,WAG,Yuvika Reenja,IND,0.963,"IND, IND",IND: 2025 - Indian National Games (5 results),Yuvika Preenja: not found 2026-2025 | Yuvika Reenja: not found 2026-2025,,,,,,
athlete_match_8a2037729ca09006,medium,possible_existing_athlete_match,Leah-Isabel Jakobsen-Dahle,WAG,Leah-Isabel Jacobsen-Dahle,NOR,0.962,"NOR, NOR",NOR: 2025 - Norwegian FIG Meet 2 (3 results),Leah-Isabel Jakobsen-Dahle: not found 2026-2025 | Leah-Isabel Jacobsen-Dahle: not found 2026-2025,accept_suggestion,same_country_review_reuse,merge as same athlete,,,Pre-filled from same-country admin decision memory. Country is unchanged; change-country cases still require manual review. Source: 2024 gymternet_2024_existing_athlete_match_review.csv.
athlete_match_28ff5bbea31a26f7,medium,possible_existing_athlete_match,Alex Adamcik,MAG,Alex Adamncik,CZE,0.96,"CZE, CZE",CZE: 2025 - Czech Championships (3 results),Alex Adamcik: not found 2026-2025 | Alex Adamncik: not found 2026-2025,accept_suggestion,same_country_review_reuse,merge as same athlete,,,Pre-filled from same-country admin decision memory. Country is unchanged; change-country cases still require manual review. Source: 2024 gymternet_2024_existing_athlete_match_review.csv.
athlete_match_250b32a1bdfeaa6a,medium,possible_existing_athlete_match,Assan Salimov,MAG,Asan Salimov,KAZ,0.96,"KAZ, KAZ",KAZ: 2025 - World University Games (5 results),Assan Salimov: not found 2026-2025 | Asan Salimov: not found 2026-2025,accept_suggestion,same_country_review_reuse,merge as same athlete,,,Pre-filled from same-country admin decision memory. Country is unchanged; change-country cases still require manual review. Source: 2024 gymternet_2024_existing_athlete_match_review.csv.
athlete_match_5d62a9d19a2640a1,medium,possible_existing_athlete_match,Hendrik Steen,MAG,Henrik Steen,GER,0.96,"GER, GER",GER: 2025 - German Junior Championships (5 results),Hendrik Steen: not found 2026-2025 | Henrik Steen: not found 2026-2025,,,,,,
athlete_match_5aefa7059d0f87af,medium,possible_existing_athlete_match,Lee Bonkyung,MAG,Lee Bon Kyung,KOR,0.96,"KOR, KOR",KOR: 2025 - Korean National Sports Festival (5 results),Lee Bonkyung: not found 2026-2025 | Lee Bon Kyung: not found 2026-2025,accept_suggestion,same_country_review_reuse,merge as same athlete,,,Pre-filled from same-country admin decision memory. Country is unchanged; change-country cases still require manual review. Source: 2021 gymternet_2021_existing_athlete_match_review.csv.
athlete_match_2d2d86a0c23cbe0b,medium,possible_existing_athlete_match,Rayane Amora,MAG,Rayane Amoura,ALG,0.96,"ALG, ALG",ALG: 2025 - Mediterranean Championships (5 results),Rayane Amora: not found 2026-2025 | Rayane Amoura: not found 2026-2025,,,,,,
athlete_match_99d28d0e6a8b033f,medium,possible_existing_athlete_match,Tim Bühlmann,MAG,Timi Bühlmann,SUI,0.96,"SUI, SUI",SUI: 2025 - Swiss Championships (2 results),Tim Bühlmann: not found 2026-2025 | Timi Bühlmann: not found 2026-2025,accept_suggestion,same_country_review_reuse,merge as same athlete,,,Pre-filled from same-country admin decision memory. Country is unchanged; change-country cases still require manual review. Source: 2024 gymternet_2024_existing_athlete_match_review.csv.
athlete_match_137a0520bbede4d5,high,possible_existing_athlete_match,Aine Matthews,WAG,Aine Mathews,GBR,0.96,"GBR, IRL",IRL: 2025 - Island Games (5 results),Aine Matthews: not found 2026-2025 | Aine Mathews: not found 2026-2025,,,,,,
athlete_match_aa851878b2dafece,medium,possible_existing_athlete_match,Ally Damelio,WAG,Allyn Damelio,USA,0.96,"USA, USA",USA: 2025 - U.S. Championships (5 results),Ally Damelio: not found 2026-2025 | Allyn Damelio: not found 2026-2025,accept_suggestion,same_country_review_reuse,merge as same athlete,,,Pre-filled from same-country admin decision memory. Country is unchanged; change-country cases still require manual review. Source: 2024 gymternet_2024_existing_athlete_match_review.csv.
athlete_match_caa7a25a55b35e1f,medium,possible_existing_athlete_match,Finja Frehner,WAG,Finja Fehner,SUI,0.96,"SUI, SUI",SUI: 2025 - Kutu Espoir Friendly (2 results); 2025 - Swiss Team Championships (2 results),Finja Frehner: not found 2026-2025 | Finja Fehner: not found 2026-2025,,,,,,
athlete_match_2228b97277e24644,medium,possible_existing_athlete_match,Hu Linhexing,WAG,Hu Lin Hexing,CHN,0.96,"CHN, CHN",CHN: 2025 - Chinese National Games (5 results),Hu Linhexing: not found 2026-2025 | Hu Lin Hexing: not found 2026-2025,accept_suggestion,same_country_review_reuse,merge as same athlete,,,Pre-filled from same-country admin decision memory. Country is unchanged; change-country cases still require manual review. Source: 2024 gymternet_2024_existing_athlete_match_review.csv.
athlete_match_af2f7549dc59d4e8,medium,possible_existing_athlete_match,Iva Dmitrova,WAG,Iva Dimitrova,BUL,0.96,"BUL, BUL",BUL: 2025 - Bulgarian Championships (5 results),Iva Dmitrova: not found 2026-2025 | Iva Dimitrova: not found 2026-2025,,,,,,
athlete_match_6df4c37d8f232ffd,medium,possible_existing_athlete_match,Josephine Brookes Cairney,WAG,Josephine Brookes-Cairney,GBR,0.96,"GBR, GBR",GBR: 2025 - British Championships (5 results),Josephine Brookes Cairney: not found 2026-2025 | Josephine Brookes-Cairney: not found 2026-2025,accept_suggestion,same_country_review_reuse,merge as same athlete,,,Pre-filled from same-country admin decision memory. Country is unchanged; change-country cases still require manual review. Source: 2024 gymternet_2024_existing_athlete_match_review.csv.
athlete_match_dd5fa453a53d6496,medium,possible_existing_athlete_match,Lee Wooyoung,WAG,Lee Woo-Young,KOR,0.96,"KOR, KOR",KOR: 2025 - South Korean Championships (5 results),Lee Wooyoung: not found 2026-2025 | Lee Woo-Young: not found 2026-2025,accept_suggestion,same_country_review_reuse,merge as same athlete,,,Pre-filled from same-country admin decision memory. Country is unchanged; change-country cases still require manual review. Source: 2024 gymternet_2024_existing_athlete_match_review.csv.
athlete_match_56ed8db548cf0f7a,high,possible_existing_athlete_match,Roisin Hickey,WAG,Rosin Hickey,SLO,0.96,"IRL, SLO",IRL: 2025 - Salamunov Memorial (5 results),Roisin Hickey: not found 2026-2025 | Rosin Hickey: not found 2026-2025,,,,,,
athlete_match_b2fc6539c13fecef,medium,possible_existing_athlete_match,Touwa Matsuda,WAG,Towa Matsuda,JPN,0.96,"JPN, JPN",JPN: 2025 - All-Japan Student Championships (5 results),Touwa Matsuda: not found 2026-2025 | Towa Matsuda: not found 2026-2025,accept_suggestion,same_country_review_reuse,merge as same athlete,,,Pre-filled from same-country admin decision memory. Country is unchanged; change-country cases still require manual review. Source: 2024 gymternet_2024_existing_athlete_match_review.csv.
athlete_match_5a3cc82cb3f0cfbf,medium,possible_existing_athlete_match,Abdel Mounaime Hamadouche,MAG,Abdelmounaim Hamadouche,ALG,0.958,"ALG, ALG",ALG: 2025 - Mediterranean Championships (5 results),Abdel Mounaime Hamadouche: not found 2026-2025 | Abdelmounaim Hamadouche: not found 2026-2025,,,,,,
athlete_match_43b74dc3a69d7434,medium,possible_existing_athlete_match,Pierre-Stanislas Bouvier,MAG,Pierre Stanislas Bouvier,FRA,0.958,"FRA, FRA",FRA: 2025 - Top 12 Series 4 (1 results); 2025 - Top 12 Series 6 (2 results),Pierre-Stanislas Bouvier: not found 2026-2025 | Pierre Stanislas Bouvier: not found 2026-2025,,,,,,
athlete_match_75c46babaf181fcf,medium,possible_existing_athlete_match,Surabhi Prasana Parsala,WAG,Surabhi Prasanna Parsarla,IND,0.958,"IND, IND",IND: 2025 - Indian National Games (5 results),Surabhi Prasana Parsala: not found 2026-2025 | Surabhi Prasanna Parsarla: not found 2026-2025,,,,,,
athlete_match_a1a0cbc77e803445,medium,possible_existing_athlete_match,An Junhyeok,MAG,Ahn Junhyeok,KOR,0.957,"KOR, KOR",KOR: 2025 - South Korean Championships (5 results),An Junhyeok: not found 2026-2025 | Ahn Junhyeok: not found 2026-2025,,,,,,
athlete_match_f93da0ae796f9a53,medium,possible_existing_athlete_match,Bjarne Hoste,MAG,Bjarn Hoste,BEL,0.957,"BEL, BEL",BEL: 2025 - Belgian Championships (5 results),Bjarne Hoste: not found 2026-2025 | Bjarn Hoste: not found 2026-2025,accept_suggestion,same_country_review_reuse,merge as same athlete,,,Pre-filled from same-country admin decision memory. Country is unchanged; change-country cases still require manual review. Source: 2024 gymternet_2024_existing_athlete_match_review.csv.
athlete_match_3ef0702f0ef0699b,medium,possible_existing_athlete_match,Hüseyin Emir Cünedioglu,MAG,Hüseyin Emir Cunedioglu,TUR,0.957,"TUR, TUR",TUR: 2025 - Balkan Championships (5 results),Hüseyin Emir Cünedioglu: not found 2026-2025 | Hüseyin Emir Cunedioglu: not found 2026-2025,,,,,,
athlete_match_3e8eff473395cc7a,medium,possible_existing_athlete_match,Rafil Ahmed,MAG,Rafil Ahamed,BAN,0.957,"BAN, BAN",BAN: 2025 - Singapore Open (5 results),Rafil Ahmed: not found 2026-2025 | Rafil Ahamed: not found 2026-2025,accept_suggestion,same_country_review_reuse,merge as same athlete,,,Pre-filled from same-country admin decision memory. Country is unchanged; change-country cases still require manual review. Source: 2023 gymternet_2023_existing_athlete_match_review.csv.
athlete_match_1bb2d73704e703df,medium,possible_existing_athlete_match,Sebastian Ramirez-Capes,MAG,Sebastian Ramirez Capes,GBR,0.957,"GBR, GBR",GBR: 2025 - British Championships (5 results),Sebastian Ramirez-Capes: not found 2026-2025 | Sebastian Ramirez Capes: not found 2026-2025,accept_suggestion,same_country_review_reuse,merge as same athlete,,,Pre-filled from same-country admin decision memory. Country is unchanged; change-country cases still require manual review. Source: 2024 gymternet_2024_existing_athlete_match_review.csv.
athlete_match_27cb5024e1b8cf82,medium,possible_existing_athlete_match,Will Wheeler,MAG,Wil Wheeler,GBR,0.957,"GBR, GBR",GBR: 2025 - Welsh Championships (3 results),Will Wheeler: not found 2026-2025 | Wil Wheeler: not found 2026-2025,,,,,,
athlete_match_033d676fe88739d2,medium,possible_existing_athlete_match,Alizée Letrange-Mouakit,WAG,Alizee Letrange-Mouakit,FRA,0.957,"FRA, FRA",FRA: 2025 - World University Games (5 results),Alizée Letrange-Mouakit: not found 2026-2025 | Alizee Letrange-Mouakit: not found 2026-2025,accept_suggestion,same_country_review_reuse,merge as same athlete,,,Pre-filled from same-country admin decision memory. Country is unchanged; change-country cases still require manual review. Source: 2024 gymternet_2024_existing_athlete_match_review.csv.
athlete_match_3dcea7bcc3c3402f,medium,possible_existing_athlete_match,Chloe Horgan,WAG,Chloe Hogan,AUS,0.957,"AUS, AUS",AUS: 2025 - Australian Championships (5 results),Chloe Horgan: not found 2026-2025 | Chloe Hogan: not found 2026-2025,,,,,,
athlete_match_e70b5b581100f4bb,high,possible_existing_athlete_match,Emma Spencer,WAG,Emma Spence,CAN,0.957,"CAN, GBR",GBR: 2025 - British Team Championships (5 results),Emma Spencer: not found 2026-2025 | Emma Spence: not found 2026-2025,,,,,,
athlete_match_0b6591b31e906f39,medium,possible_existing_athlete_match,Hla Elshaer,WAG,Hla El Shaer,EGY,0.957,"EGY, EGY",EGY: 2025 - Pharaoh's Cup (2 results),Hla Elshaer: not found 2026-2025 | Hla El Shaer: not found 2026-2025,accept_suggestion,same_country_review_reuse,merge as same athlete,,,Pre-filled from same-country admin decision memory. Country is unchanged; change-country cases still require manual review. Source: 2023 gymternet_2023_existing_athlete_match_review.csv.
athlete_match_663c239497666f68,medium,possible_existing_athlete_match,Nono Kizaki,WAG,Nonon Kizaki,JPN,0.957,"JPN, JPN",JPN: 2025 - All-Japan Student Championships (5 results),Nono Kizaki: not found 2026-2025 | Nonon Kizaki: not found 2026-2025,accept_suggestion,same_country_review_reuse,merge as same athlete,,,Pre-filled from same-country admin decision memory. Country is unchanged; change-country cases still require manual review. Source: 2024 gymternet_2024_existing_athlete_match_review.csv.
athlete_match_60e82fe3dc0c7e6d,medium,possible_existing_athlete_match,Michael Carson Maguire,MAG,Michael Carson-Maguire,IRL,0.955,"IRL, IRL",IRL: 2025 - Luxembourg Open (5 results),Michael Carson Maguire: not found 2026-2025 | Michael Carson-Maguire: not found 2026-2025,,,,,,
athlete_match_a7e014c8bb5d862d,medium,possible_existing_athlete_match,Stanislau Pavliuchenko,MAG,Stanislau Pavlyuchenko,BLR,0.955,"BLR, BLR",BLR: 2025 - Gymnastics Legends (5 results),Stanislau Pavliuchenko: not found 2026-2025 | Stanislau Pavlyuchenko: not found 2026-2025,,,,,,
athlete_match_b3ff72509920fb67,medium,possible_existing_athlete_match,Maria Sofia Livogianni,WAG,Maria-Sofia Livogianni,GRE,0.955,"GRE, GRE",GRE: 2025 - Horizon Cup (3 results),Maria Sofia Livogianni: not found 2026-2025 | Maria-Sofia Livogianni: not found 2026-2025,,,,,,
athlete_match_0e6f502442031fc7,medium,possible_existing_athlete_match,Abdul Barr Abdulatiff,MAG,Abdul Barr Abdullatif,SGP,0.952,"SGP, SGP",SGP: 2025 - Asian Championships (1 results); 2025 - Singapore Championships (4 results),Abdul Barr Abdulatiff: not found 2026-2025 | Abdul Barr Abdullatif: not found 2026-2025,,,,,,
athlete_match_f41531543b482b4f,medium,possible_existing_athlete_match,Abdul Barr Abdulattif,MAG,Abdul Barr Abdullatif,SGP,0.952,"SGP, SGP",SGP: 2025 - Southeast Asian Games (4 results),Abdul Barr Abdulattif: not found 2026-2025 | Abdul Barr Abdullatif: not found 2026-2025,,,,,,
athlete_match_1e512275fafba0f6,high,possible_existing_athlete_match,Dewi Thomas,MAG,Thomas Dew,NZL,0.952,"GBR, NZL",GBR: 2025 - Welsh Championships (5 results),Dewi Thomas: not found 2026-2025 | Thomas Dew: not found 2026-2025,,,,,,
athlete_match_4fa11b4a974b19bd,high,possible_existing_athlete_match,Jayden Chan,MAG,Jayden Han,SGP,0.952,"NED, SGP",NED: 2025 - Dutch Championships (5 results),Jayden Chan: not found 2026-2025 | Jayden Han: not found 2026-2025,,,,,,
athlete_match_0e912124a377d63e,medium,possible_existing_athlete_match,Nino Reyero del Prado,MAG,Nino Rayero del Prado,NED,0.952,"NED, NED",NED: 2025 - European Youth Olymipc Festival (5 results),Nino Reyero del Prado: not found 2026-2025 | Nino Rayero del Prado: not found 2026-2025,accept_suggestion,same_country_review_reuse,merge as same athlete,,,Pre-filled from same-country admin decision memory. Country is unchanged; change-country cases still require manual review. Source: 2024 gymternet_2024_existing_athlete_match_review.csv.
athlete_match_85ff18567d590592,medium,possible_existing_athlete_match,Park Jinho,MAG,Park Jin-ho,KOR,0.952,"KOR, KOR",KOR: 2025 - South Korean Championships (5 results),Park Jinho: not found 2026-2025 | Park Jin-ho: not found 2026-2025,accept_suggestion,same_country_review_reuse,merge as same athlete,,,Pre-filled from same-country admin decision memory. Country is unchanged; change-country cases still require manual review. Source: 2021 gymternet_2021_existing_athlete_match_review.csv.
athlete_match_2ef6fc2cef699616,medium,possible_existing_athlete_match,Taiga Banba,MAG,Baba Taiga,JPN,0.952,"JPN, JPN",JPN: 2025 - All-Japan Junior Championships (5 results),Taiga Banba: not found 2026-2025 | Baba Taiga: not found 2026-2025,,,,,,
athlete_match_593e9ab2edb917dd,medium,possible_existing_athlete_match,Yegor Sukov,MAG,Egor Sukov,RUS,0.952,"RUS, RUS",RUS: 2025 - Russian Junior Championships (5 results),Yegor Sukov: not found 2026-2025 | Egor Sukov: not found 2026-2025,accept_suggestion,same_country_review_reuse,merge as same athlete,,,Pre-filled from same-country admin decision memory. Country is unchanged; change-country cases still require manual review. Source: 2024 gymternet_2024_existing_athlete_match_review.csv.
athlete_match_855a820282c2aceb,medium,possible_existing_athlete_match,Yuriy Busse,MAG,Yuri Busse,RUS,0.952,"RUS, RUS",RUS: 2025 - Russian Championships (5 results),Yuriy Busse: not found 2026-2025 | Yuri Busse: not found 2026-2025,,,,,,
athlete_match_7ef37f577f45de78,medium,possible_existing_athlete_match,Goo Laewon,WAG,Goo Lae-won,KOR,0.952,"KOR, KOR",KOR: 2025 - Singapore Open (5 results),Goo Laewon: not found 2026-2025 | Goo Lae-won: not found 2026-2025,,,,,,
athlete_match_28c1699be89b013a,medium,possible_existing_athlete_match,Hyun Jinju,WAG,Hyun Jin-ju,KOR,0.952,"KOR, KOR",KOR: 2025 - South Korean Championships (1 results),Hyun Jinju: not found 2026-2025 | Hyun Jin-ju: not found 2026-2025,accept_suggestion,same_country_review_reuse,merge as same athlete,,,Pre-filled from same-country admin decision memory. Country is unchanged; change-country cases still require manual review. Source: 2024 gymternet_2024_existing_athlete_match_review.csv.
athlete_match_ca3a6d6172fb0e9d,medium,possible_existing_athlete_match,Kim Yeonji,WAG,Kim Yeon-ji,KOR,0.952,"KOR, KOR",KOR: 2025 - South Korean Championships (5 results),Kim Yeonji: not found 2026-2025 | Kim Yeon-ji: not found 2026-2025,accept_suggestion,same_country_review_reuse,merge as same athlete,,,Pre-filled from same-country admin decision memory. Country is unchanged; change-country cases still require manual review. Source: 2021 gymternet_2021_existing_athlete_match_review.csv.
athlete_match_366ba4bebe9c62a8,medium,possible_existing_athlete_match,Luana Roda,WAG,Luana Rodas,PER,0.952,"PER, PER",PER: 2025 - South American Championships (5 results),Luana Roda: not found 2026-2025 | Luana Rodas: not found 2026-2025,accept_suggestion,same_country_review_reuse,merge as same athlete,,,Pre-filled from same-country admin decision memory. Country is unchanged; change-country cases still require manual review. Source: 2024 gymternet_2024_existing_athlete_match_review.csv.
athlete_match_b29bb21d2ae6e2dc,medium,possible_existing_athlete_match,Mara Silva,WAG,Marta Silva,POR,0.952,"POR, POR",POR: 2025 - International GymSport (5 results),Mara Silva: not found 2026-2025 | Marta Silva: not found 2026-2025,accept_suggestion,same_country_review_reuse,merge as same athlete,,,Pre-filled from same-country admin decision memory. Country is unchanged; change-country cases still require manual review. Source: 2024 gymternet_2024_existing_athlete_match_review.csv.
athlete_match_a9f58cbcf55001f7,medium,possible_existing_athlete_match,Merin Smith,WAG,Erin Smith,GBR,0.952,"GBR, GBR",GBR: 2025 - Island Games (3 results),Merin Smith: not found 2026-2025 | Erin Smith: not found 2026-2025,,,,,,
athlete_match_afdb8ca4be14977e,medium,possible_existing_athlete_match,Michaela Fürbacherova,WAG,Michaela Furbacherova,CZE,0.952,"CZE, CZE",CZE: 2025 - Czech Championships (5 results),Michaela Fürbacherova: not found 2026-2025 | Michaela Furbacherova: not found 2026-2025,,,,,,
athlete_match_3ceb09551aef59e8,medium,possible_existing_athlete_match,Shin Yewon,WAG,Shin Hyewon,KOR,0.952,"KOR, KOR",KOR: 2025 - South Korean Championships (5 results),Shin Yewon: not found 2026-2025 | Shin Hyewon: not found 2026-2025,,,,,,
athlete_match_f85dee67f7c3f4c9,medium,possible_existing_athlete_match,Alexander Benyaminne,MAG,Alexander Benjaminne,SWE,0.95,"SWE, SWE",SWE: 2025 - Nordic Junior Championships (5 results),Alexander Benyaminne: not found 2026-2025 | Alexander Benjaminne: not found 2026-2025,accept_suggestion,same_country_review_reuse,merge as same athlete,,,Pre-filled from same-country admin decision memory. Country is unchanged; change-country cases still require manual review. Source: 2023 gymternet_2023_existing_athlete_match_review.csv.
athlete_match_f6696b5369460811,medium,possible_existing_athlete_match,Noah Støvne Bjørnsen,MAG,Noah Støvne-Bjørnsen,NOR,0.95,"NOR, NOR",NOR: 2025 - Ifact Norgescup (5 results),Noah Støvne Bjørnsen: not found 2026-2025 | Noah Støvne-Bjørnsen: not found 2026-2025,,,,,,
athlete_match_516deda1be73ff54,medium,possible_existing_athlete_match,Vitaliy Sukhodolskiy,MAG,Vitaliy Sukhodolskin,RUS,0.95,"RUS, RUS",RUS: 2025 - Russian Cup (5 results),Vitaliy Sukhodolskiy: not found 2026-2025 | Vitaliy Sukhodolskin: not found 2026-2025,accept_suggestion,same_country_review_reuse,merge as same athlete,,,Pre-filled from same-country admin decision memory. Country is unchanged; change-country cases still require manual review. Source: 2024 gymternet_2024_existing_athlete_match_review.csv.
athlete_match_2b0227abcd04f560,medium,possible_existing_athlete_match,Volodymir Yeromichev,MAG,Volodymyr Yeromichev,GER,0.95,"GER, GER",GER: 2025 - International Junior Team Cup (5 results),Volodymir Yeromichev: not found 2026-2025 | Volodymyr Yeromichev: not found 2026-2025,,,,,,
athlete_match_2cf683e534b5bf7a,medium,possible_existing_athlete_match,Caoimhe Ni Drisceoil,WAG,Caoimhe Ni Driscoeil,IRL,0.95,"IRL, IRL",IRL: 2025 - Irish Championships (2 results); 2025 - Salamunov Memorial (2 results),Caoimhe Ni Drisceoil: not found 2026-2025 | Caoimhe Ni Driscoeil: not found 2026-2025,accept_suggestion,same_country_review_reuse,merge as same athlete,,,Pre-filled from same-country admin decision memory. Country is unchanged; change-country cases still require manual review. Source: 2024 gymternet_2024_existing_athlete_match_review.csv.
athlete_match_852f8eb4a20a9043,medium,possible_existing_athlete_match,Emma Elvegaard-Riise,WAG,Emma Elvegaard Riise,GBR,0.95,"GBR, GBR",GBR: 2025 - Welsh Championships (5 results),Emma Elvegaard-Riise: not found 2026-2025 | Emma Elvegaard Riise: not found 2026-2025,,,,,,
athlete_match_8718fc3a07d5929c,medium,possible_existing_athlete_match,Eymorfili Lagopoulou,WAG,Evmorfili Lagopoulou,GRE,0.95,"GRE, GRE",GRE: 2025 - Horizon Cup (5 results),Eymorfili Lagopoulou: not found 2026-2025 | Evmorfili Lagopoulou: not found 2026-2025,,,,,,
athlete_match_2295edbecdb959ce,medium,possible_existing_athlete_match,Joanne Chen Hoi Yuen,WAG,Joanne Chen Hai Yuen,HKG,0.95,"HKG, HKG",HKG: 2025 - Chinese National Games (5 results),Joanne Chen Hoi Yuen: not found 2026-2025 | Joanne Chen Hai Yuen: not found 2026-2025,accept_suggestion,same_country_review_reuse,merge as same athlete,,,Pre-filled from same-country admin decision memory. Country is unchanged; change-country cases still require manual review. Source: 2024 gymternet_2024_existing_athlete_match_review.csv.
athlete_match_c14c5da65d86bc27,medium,possible_existing_athlete_match,Abiyurafi,MAG,Rafi Abiyu,INA,0.947,"INA, INA",INA: 2025 - World Championships (5 results),Abiyurafi: not found 2026-2025 | Rafi Abiyu: not found 2026-2025,accept_suggestion,same_country_review_reuse,merge as same athlete,,,Pre-filled from same-country admin decision memory. Country is unchanged; change-country cases still require manual review. Source: 2023 gymternet_2023_existing_athlete_match_review.csv.
athlete_match_18d6feb70ab68456,medium,possible_existing_athlete_match,Bence Hamza Vargity,MAG,Bence Hamza-Vargity,HUN,0.947,"HUN, HUN",HUN: 2025 - European Youth Olymipc Festival (5 results),Bence Hamza Vargity: not found 2026-2025 | Bence Hamza-Vargity: not found 2026-2025,,,,,,
athlete_match_499a9e51d2e3566f,medium,possible_existing_athlete_match,Theodoros Stylianou,MAG,Theodoros Stylianoy,GRE,0.947,"GRE, GRE",GRE: 2025 - Horizon Cup (5 results),Theodoros Stylianou: not found 2026-2025 | Theodoros Stylianoy: not found 2026-2025,,,,,,
athlete_match_0a9a1c3b32477808,medium,possible_existing_athlete_match,Zhang Yang,MAG,Yang Hang,CHN,0.947,"CHN, CHN",CHN: 2025 - Chinese Junior Championships (2 results); 2025 - Chinese Junior National Games (2 results),Zhang Yang: not found 2026-2025 | Yang Hang: not found 2026-2025,,,,,,
athlete_match_097179e956a0cfac,medium,possible_existing_athlete_match,Anastasija Ananjeva,WAG,Anastasija Ananyeva,LAT,0.947,"LAT, LAT",LAT: 2025 - Latvian Championships (5 results),Anastasija Ananjeva: not found 2026-2025 | Anastasija Ananyeva: not found 2026-2025,accept_suggestion,same_country_review_reuse,merge as same athlete,,,Pre-filled from same-country admin decision memory. Country is unchanged; change-country cases still require manual review. Source: 2024 gymternet_2024_existing_athlete_match_review.csv.
athlete_match_66eac2ea1300d48d,medium,possible_existing_athlete_match,Gulbahar Ece Gerdan,WAG,Gülbahar Ece Gerdan,TUR,0.947,"TUR, TUR",TUR: 2025 - DTB Pokal Team Challenge (5 results),Gulbahar Ece Gerdan: not found 2026-2025 | Gülbahar Ece Gerdan: not found 2026-2025,,,,,,
athlete_match_ced6443cb7ec8d03,medium,possible_existing_athlete_match,Li Yuxuan,WAG,Liu Yuxuan,CHN,0.947,"CHN, CHN",CHN: 2025 - Chinese Junior Championships (3 results),Li Yuxuan: not found 2026-2025 | Liu Yuxuan: not found 2026-2025,,,,,,
athlete_match_99fdbf173b312799,medium,possible_existing_athlete_match,Lia Monica Fontaine,WAG,Lia-Monica Fontaine,CAN,0.947,"CAN, CAN",CAN: 2025 - Canadian Championships (5 results),Lia Monica Fontaine: not found 2026-2025 | Lia-Monica Fontaine: not found 2026-2025,accept_suggestion,same_country_review_reuse,merge as same athlete,,,Pre-filled from same-country admin decision memory. Country is unchanged; change-country cases still require manual review. Source: 2024 gymternet_2024_existing_athlete_match_review.csv.
athlete_match_0fed4dcca9c775b4,medium,possible_existing_athlete_match,Rosane Dubard-Berby,WAG,Rosane Dubard Berby,FRA,0.947,"FRA, FRA",FRA: 2025 - Top 12 Series 4 (5 results),Rosane Dubard-Berby: not found 2026-2025 | Rosane Dubard Berby: not found 2026-2025,accept_suggestion,same_country_review_reuse,merge as same athlete,,,Pre-filled from same-country admin decision memory. Country is unchanged; change-country cases still require manual review. Source: 2024 gymternet_2024_existing_athlete_match_review.csv.
athlete_match_8951552e098516e4,medium,possible_existing_athlete_match,Saya Okubo,WAG,Aya Okubo,JPN,0.947,"JPN, JPN",JPN: 2025 - All-Japan Junior Championships (5 results),Saya Okubo: not found 2026-2025 | Aya Okubo: not found 2026-2025,,,,,,
athlete_match_4993b2afd4f59c02,medium,possible_existing_athlete_match,Theodora Giavroglou,WAG,Theodora Giabroglou,GRE,0.947,"GRE, GRE",GRE: 2025 - Horizon Cup (5 results),Theodora Giavroglou: not found 2026-2025 | Theodora Giabroglou: not found 2026-2025,,,,,,
athlete_match_60c47d2a1c94d90f,medium,possible_existing_athlete_match,Aleksandr Vasiliev,MAG,Aleksandr Vasilyev,RUS,0.944,"RUS, RUS",RUS: 2025 - Strongest Athletes Cup (5 results),Aleksandr Vasiliev: not found 2026-2025 | Aleksandr Vasilyev: not found 2026-2025,,,,,,
athlete_match_7cee0630d88fb4cd,medium,possible_existing_athlete_match,Angelos Georgiadis,MAG,Aggelos Georgiadis,GRE,0.944,"GRE, GRE",GRE: 2025 - Greek Championships (5 results),Angelos Georgiadis: not found 2026-2025 | Aggelos Georgiadis: not found 2026-2025,,,,,,
athlete_match_6b44e4d2d41ce201,medium,possible_existing_athlete_match,Azuolas Garbauskas,MAG,Azuolas Gabrauskas,LTU,0.944,"LTU, LTU",LTU: 2025 - Lithuanian Championships (5 results),Azuolas Garbauskas: not found 2026-2025 | Azuolas Gabrauskas: not found 2026-2025,accept_suggestion,same_country_review_reuse,merge as same athlete,,,Pre-filled from same-country admin decision memory. Country is unchanged; change-country cases still require manual review. Source: 2024 gymternet_2024_existing_athlete_match_review.csv.
athlete_match_26e19ce8bb8f16cf,medium,possible_existing_athlete_match,Bjarki Jakupstovu,MAG,Bjarki í Jakupstovu,DEN,0.944,"DEN, DEN",DEN: 2025 - Island Games (5 results),Bjarki Jakupstovu: not found 2026-2025 | Bjarki í Jakupstovu: not found 2026-2025,,,,,,
athlete_match_a9caadc5b76255b0,medium,possible_existing_athlete_match,Chrisitan Zammillo,MAG,Christian Zammillo,ITA,0.944,"ITA, ITA",ITA: 2025 - Champion's Cup (3 results),Chrisitan Zammillo: not found 2026-2025 | Christian Zammillo: not found 2026-2025,,,,,,
athlete_match_05bf452fb165ed3f,medium,possible_existing_athlete_match,Matvei Uradovskikh,MAG,Matvey Uradovskikh,RUS,0.944,"RUS, RUS",RUS: 2025 - Russian Junior Championships (5 results),Matvei Uradovskikh: not found 2026-2025 | Matvey Uradovskikh: not found 2026-2025,,,,,,
athlete_match_fcc050cad574a5d9,medium,possible_existing_athlete_match,Maximilian Glaeser,MAG,Maximillian Glaser,GER,0.944,"GER, GER",GER: 2025 - DTB Pokal Team Challenge (3 results),Maximilian Glaeser: not found 2026-2025 | Maximillian Glaser: not found 2026-2025,accept_suggestion,same_country_review_reuse,merge as same athlete,,,Pre-filled from same-country admin decision memory. Country is unchanged; change-country cases still require manual review. Source: 2024 gymternet_2024_existing_athlete_match_review.csv.
athlete_match_5b696cbe0b41ad6d,medium,possible_existing_athlete_match,Panagiotis Tougkas,MAG,Panagiotis Tounkas,GRE,0.944,"GRE, GRE",GRE: 2025 - Greek Championships (5 results),Panagiotis Tougkas: not found 2026-2025 | Panagiotis Tounkas: not found 2026-2025,accept_suggestion,same_country_review_reuse,merge as same athlete,,,Pre-filled from same-country admin decision memory. Country is unchanged; change-country cases still require manual review. Source: 2024 gymternet_2024_existing_athlete_match_review.csv.
athlete_match_8e91eb636719b856,medium,possible_existing_athlete_match,Sergei Shcherbakov,MAG,Sergey Shcherbakov,RUS,0.944,"RUS, RUS",RUS: 2025 - Russian Cup (5 results),Sergei Shcherbakov: not found 2026-2025 | Sergey Shcherbakov: not found 2026-2025,,,,,,
athlete_match_b68e7aca28ebd862,medium,possible_existing_athlete_match,Andrianna Fotiadou,WAG,Andrianna Fotiadoy,GRE,0.944,"GRE, GRE",GRE: 2025 - Horizon Cup (2 results),Andrianna Fotiadou: not found 2026-2025 | Andrianna Fotiadoy: not found 2026-2025,accept_suggestion,same_country_review_reuse,merge as same athlete,,,Pre-filled from same-country admin decision memory. Country is unchanged; change-country cases still require manual review. Source: 2024 gymternet_2024_existing_athlete_match_review.csv.
athlete_match_d162996f46cf4791,medium,possible_existing_athlete_match,Erla Gunnarsdottir,WAG,Hera Gunnarsdottir,ISL,0.944,"ISL, ISL",ISL: 2025 - Iceland Classic (5 results),Erla Gunnarsdottir: not found 2026-2025 | Hera Gunnarsdottir: not found 2026-2025,,,,,,
athlete_match_749e55cfc1157929,medium,possible_existing_athlete_match,Maria Chrysostomou,WAG,Maria Chrisostomou,CYP,0.944,"CYP, CYP",CYP: 2025 - Horizon Cup (5 results),Maria Chrysostomou: not found 2026-2025 | Maria Chrisostomou: not found 2026-2025,,,,,,
athlete_match_2f1d6b36660eeaeb,medium,possible_existing_athlete_match,Sofiia Matiushenko,WAG,Sofiia Matyushenko,UKR,0.944,"UKR, UKR",UKR: 2025 - World Championships (1 results),Sofiia Matiushenko: not found 2026-2025 | Sofiia Matyushenko: not found 2026-2025,,,,,,
athlete_match_fb2282a11265b511,medium,possible_existing_athlete_match,Kadhem Abdulwahab Al Antaif,MAG,Kadnem Abdulwahab Alantaif,KSA,0.943,"KSA, KSA",KSA: 2025 - Pharaoh's Cup (3 results),Kadhem Abdulwahab Al Antaif: not found 2026-2025 | Kadnem Abdulwahab Alantaif: not found 2026-2025,,,,,,
athlete_match_007876cd3850ef7e,medium,possible_existing_athlete_match,Abigaël de Caluwe,MAG,Abigael de Caluwe,BEL,0.941,"BEL, BEL",BEL: 2025 - Wase Gymcup (5 results),Abigaël de Caluwe: not found 2026-2025 | Abigael de Caluwe: not found 2026-2025,,,,,,
athlete_match_6fbb42d652a414ba,medium,possible_existing_athlete_match,Aliaksei Radionou,MAG,Aliaksei Radionau,BLR,0.941,"BLR, BLR",BLR: 2025 - Gymnastics Legends (5 results),Aliaksei Radionou: not found 2026-2025 | Aliaksei Radionau: not found 2026-2025,,,,,,
athlete_match_fc3220e19293c400,medium,possible_existing_athlete_match,An Jiwoo,MAG,Ahn Jiwoo,KOR,0.941,"KOR, KOR",KOR: 2025 - Korean National Sports Festival (5 results),An Jiwoo: not found 2026-2025 | Ahn Jiwoo: not found 2026-2025,,,,,,
athlete_match_903e07dae54a6ccb,medium,possible_existing_athlete_match,Andrei Krivosheev,MAG,Andrey Krivosheev,RUS,0.941,"RUS, RUS",RUS: 2025 - Russian Championships (5 results),Andrei Krivosheev: not found 2026-2025 | Andrey Krivosheev: not found 2026-2025,,,,,,
athlete_match_21e868d7e9cd6625,medium,possible_existing_athlete_match,Dominick Camarena,MAG,Dominick Camerena,USA,0.941,"USA, USA",USA: 2025 - Junior Pan American Games (5 results),Dominick Camarena: not found 2026-2025 | Dominick Camerena: not found 2026-2025,accept_suggestion,same_country_review_reuse,merge as same athlete,,,Pre-filled from same-country admin decision memory. Country is unchanged; change-country cases still require manual review. Source: 2024 gymternet_2024_existing_athlete_match_review.csv.
athlete_match_4fa0a67bd06cb62c,medium,possible_existing_athlete_match,Kyriakos Markidis,MAG,Kyriakos Markides,CYP,0.941,"CYP, CYP",CYP: 2025 - World University Games (5 results),Kyriakos Markidis: not found 2026-2025 | Kyriakos Markides: not found 2026-2025,accept_suggestion,same_country_review_reuse,merge as same athlete,,,Pre-filled from same-country admin decision memory. Country is unchanged; change-country cases still require manual review. Source: 2024 gymternet_2024_existing_athlete_match_review.csv.
athlete_match_8c002787cb504d7c,medium,possible_existing_athlete_match,Melker Brinkefelt,MAG,Melker Brinkfeldt,SWE,0.941,"SWE, SWE",SWE: 2025 - Swedish Championships (5 results),Melker Brinkefelt: not found 2026-2025 | Melker Brinkfeldt: not found 2026-2025,,,,,,
athlete_match_c3f65f28cf333bc9,medium,possible_existing_athlete_match,Mikhail Khorotsei,MAG,Mikhail Khorotsey,RUS,0.941,"RUS, RUS",RUS: 2025 - Russian Youth Spartakiade (5 results),Mikhail Khorotsei: not found 2026-2025 | Mikhail Khorotsey: not found 2026-2025,,,,,,
athlete_match_05efe60b8066e966,medium,possible_existing_athlete_match,Nikolai Mortyakov,MAG,Nikolay Mortyakov,RUS,0.941,"RUS, RUS",RUS: 2025 - Russian Junior Championships (5 results),Nikolai Mortyakov: not found 2026-2025 | Nikolay Mortyakov: not found 2026-2025,,,,,,
athlete_match_10b49691fe2c94e7,medium,possible_existing_athlete_match,Sébastien Lambert,MAG,Sebastien Lambert,FRA,0.941,"FRA, FRA",FRA: 2025 - Top 12 Series 6 (1 results),Sébastien Lambert: not found 2026-2025 | Sebastien Lambert: not found 2026-2025,accept_suggestion,same_country_review_reuse,merge as same athlete,,,Pre-filled from same-country admin decision memory. Country is unchanged; change-country cases still require manual review. Source: 2024 gymternet_2024_existing_athlete_match_review.csv.
athlete_match_24dd43ffd995327c,medium,possible_existing_athlete_match,Seo Hanul,MAG,So Hanul,KOR,0.941,"KOR, KOR",KOR: 2025 - Korean National Sports Festival (5 results),Seo Hanul: not found 2026-2025 | So Hanul: not found 2026-2025,,,,,,
athlete_match_3fa35e69844d3c74,medium,possible_existing_athlete_match,Steijn Laschewski,MAG,Stejin Laschewski,NED,0.941,"NED, NED",NED: 2025 - Dutch Championships (5 results),Steijn Laschewski: not found 2026-2025 | Stejin Laschewski: not found 2026-2025,accept_suggestion,same_country_review_reuse,merge as same athlete,,,Pre-filled from same-country admin decision memory. Country is unchanged; change-country cases still require manual review. Source: 2024 gymternet_2024_existing_athlete_match_review.csv.
athlete_match_d42560d35be88790,medium,possible_existing_athlete_match,Subaru Utsunomiya,MAG,Subaro Utsunomiya,JPN,0.941,"JPN, JPN",JPN: 2025 - Japanese National Sports Festival (5 results),Subaru Utsunomiya: not found 2026-2025 | Subaro Utsunomiya: not found 2026-2025,,,,,,
athlete_match_937ee313269ca027,high,possible_existing_athlete_match,Vladyslav Rozkhov,MAG,Vladyslav Rozhkov,GER,0.941,"GER, UKR",UKR: 2025 - 3rd Bundesliga (2 results); 2025 - 4th Bundesliga (1 results),Vladyslav Rozkhov: not found 2026-2025 | Vladyslav Rozhkov: not found 2026-2025,,,,,,
athlete_match_f46704eae8c4c8d2,medium,possible_existing_athlete_match,Vyacheslav Vitkov,MAG,Vyacheslav Viktov,RUS,0.941,"RUS, RUS",RUS: 2025 - Russian Championships (4 results),Vyacheslav Vitkov: not found 2026-2025 | Vyacheslav Viktov: not found 2026-2025,,,,,,
athlete_match_8d97b2922d1fd776,medium,possible_existing_athlete_match,Weerapat Chuiasom,MAG,Weerapat Chuaisom,THA,0.941,"THA, THA",THA: 2025 - Asian Championships (5 results),Weerapat Chuiasom: not found 2026-2025 | Weerapat Chuaisom: not found 2026-2025,,,,,,
athlete_match_002de3fc47d36500,medium,possible_existing_athlete_match,Antonia Tsaroucha,WAG,Antonia Tsaroycha,GRE,0.941,"GRE, GRE",GRE: 2025 - Greek Championships (5 results),Antonia Tsaroucha: not found 2026-2025 | Antonia Tsaroycha: not found 2026-2025,,,,,,
athlete_match_98d40ed7cd1751f1,medium,possible_existing_athlete_match,Daria Vanyushkina,WAG,Maria Vanyushkina,RUS,0.941,"RUS, RUS",RUS: 2025 - Russian Junior Championships (5 results),Daria Vanyushkina: not found 2026-2025 | Maria Vanyushkina: not found 2026-2025,accept_suggestion,same_country_review_reuse,merge as same athlete,,,Pre-filled from same-country admin decision memory. Country is unchanged; change-country cases still require manual review. Source: 2024 gymternet_2024_existing_athlete_match_review.csv.
athlete_match_3065f6ca59e70f60,medium,possible_existing_athlete_match,Im Sieun,WAG,Kim Sieun,KOR,0.941,"KOR, KOR",KOR: 2025 - South Korean Championships (5 results),Im Sieun: not found 2026-2025 | Kim Sieun: not found 2026-2025,accept_suggestion,same_country_review_reuse,merge as same athlete,,,Pre-filled from same-country admin decision memory. Country is unchanged; change-country cases still require manual review. Source: 2024 gymternet_2024_existing_athlete_match_review.csv.
athlete_match_abbbd7a10ba1b6e4,medium,possible_existing_athlete_match,Maria Vittoria de Vergilio,WAG,Mariavittoria de Virgilio,ITA,0.941,"ITA, ITA",ITA: 2025 - Champion's Cup (5 results),Maria Vittoria de Vergilio: not found 2026-2025 | Mariavittoria de Virgilio: not found 2026-2025,,,,,,
athlete_match_20abc97674db243f,high,possible_existing_athlete_match,Melissa Hernandez,WAG,Melissa Fernandez,DOM,0.941,"DOM, MEX",MEX: 2025 - Mexican Championships (2 results),Melissa Hernandez: not found 2026-2025 | Melissa Fernandez: not found 2026-2025,,,,,,
athlete_match_4085f5db1de8f91c,medium,possible_existing_athlete_match,Valentina Pujadas,WAG,Valentina Pujades,ESP,0.941,"ESP, ESP",ESP: 2025 - 1st Spanish League (2 results); 2025 - 2nd Spanish League (3 results),Valentina Pujadas: not found 2026-2025 | Valentina Pujades: not found 2026-2025,,,,,,
athlete_match_c23ba950046cd838,medium,possible_existing_athlete_match,Yella Wagenschein,WAG,Yelia Wagenschein,GER,0.941,"GER, GER",GER: 2025 - 3rd Bundesliga (2 results); 2025 - 4th Bundesliga (3 results),Yella Wagenschein: not found 2026-2025 | Yelia Wagenschein: not found 2026-2025,accept_suggestion,same_country_review_reuse,merge as same athlete,,,Pre-filled from same-country admin decision memory. Country is unchanged; change-country cases still require manual review. Source: 2024 gymternet_2024_existing_athlete_match_review.csv.
athlete_match_023120e8c0014741,medium,possible_existing_athlete_match,Alexandru Urzica,MAG,Alexandru Urzika,ROU,0.938,"ROU, ROU",ROU: 2025 - Balkan Championships (5 results),Alexandru Urzica: not found 2026-2025 | Alexandru Urzika: not found 2026-2025,,,,,,
athlete_match_36f6e63f7dd61621,medium,possible_existing_athlete_match,Chester Enríquez,MAG,Chester Enriquez,IRL,0.938,"IRL, IRL",IRL: 2025 - Irish Championships (5 results),Chester Enríquez: not found 2026-2025 | Chester Enriquez: not found 2026-2025,,,,,,
athlete_match_aa6f7056b79709e3,medium,possible_existing_athlete_match,Erasyl Selikhan,MAG,Yerassyl Selikhan,KAZ,0.938,"KAZ, KAZ",KAZ: 2025 - Voronin Cup (2 results),Erasyl Selikhan: not found 2026-2025 | Yerassyl Selikhan: not found 2026-2025,,,,,,
athlete_match_d24092c351beb9c3,medium,possible_existing_athlete_match,Hinata Shiragami,MAG,Hinata Shiragama,JPN,0.938,"JPN, JPN",JPN: 2025 - Japanese National Sports Festival (5 results),Hinata Shiragami: not found 2026-2025 | Hinata Shiragama: not found 2026-2025,,,,,,
athlete_match_f0227c799a352638,medium,possible_existing_athlete_match,Jesse-Lee Pakele,MAG,Jesse Lee Pakele,USA,0.938,"USA, USA",USA: 2025 - U.S. Championships (5 results),Jesse-Lee Pakele: not found 2026-2025 | Jesse Lee Pakele: not found 2026-2025,,,,,,
athlete_match_15c11b98b019a21d,medium,possible_existing_athlete_match,Keishin Tsukamoto,MAG,Kishi Tsukamoto,JPN,0.938,"JPN, JPN",JPN: 2025 - All-Japan Junior Championships (5 results),Keishin Tsukamoto: not found 2026-2025 | Kishi Tsukamoto: not found 2026-2025,accept_suggestion,same_country_review_reuse,merge as same athlete,,,Pre-filled from same-country admin decision memory. Country is unchanged; change-country cases still require manual review. Source: 2024 gymternet_2024_existing_athlete_match_review.csv.
athlete_match_5de7e1a58cc1c23c,medium,possible_existing_athlete_match,Khusein Khalilov,MAG,Khuseyn Khalilov,RUS,0.938,"RUS, RUS",RUS: 2025 - Russian Youth Spartakiade (5 results),Khusein Khalilov: not found 2026-2025 | Khuseyn Khalilov: not found 2026-2025,,,,,,
athlete_match_d3922623d171f472,medium,possible_existing_athlete_match,Lyubomir Stanoev,MAG,Liubomir Stanoev,BUL,0.938,"BUL, BUL",BUL: 2025 - Bulgarian Championships (5 results),Lyubomir Stanoev: not found 2026-2025 | Liubomir Stanoev: not found 2026-2025,accept_suggestion,same_country_review_reuse,merge as same athlete,,,Pre-filled from same-country admin decision memory. Country is unchanged; change-country cases still require manual review. Source: 2024 gymternet_2024_existing_athlete_match_review.csv.
athlete_match_48004d94c59fc899,medium,possible_existing_athlete_match,Mykola Syniukhin,MAG,Mykola Synyukhin,UKR,0.938,"UKR, UKR",UKR: 2025 - 6th Bundesliga (5 results),Mykola Syniukhin: not found 2026-2025 | Mykola Synyukhin: not found 2026-2025,accept_suggestion,same_country_review_reuse,merge as same athlete,,,Pre-filled from same-country admin decision memory. Country is unchanged; change-country cases still require manual review. Source: 2023 gymternet_2023_existing_athlete_match_review.csv.
athlete_match_84ecee272daccf4f,medium,possible_existing_athlete_match,Nicolò Lucchetti,MAG,Nicolo Lucchetti,ITA,0.938,"ITA, ITA",ITA: 2025 - 1st Italian Serie A (1 results); 2025 - 2nd Italian Serie A (2 results); 2025 - 3rd Italian Serie A (2 results),Nicolò Lucchetti: not found 2026-2025 | Nicolo Lucchetti: not found 2026-2025,accept_suggestion,same_country_review_reuse,merge as same athlete,,,Pre-filled from same-country admin decision memory. Country is unchanged; change-country cases still require manual review. Source: 2024 gymternet_2024_existing_athlete_match_review.csv.
athlete_match_1fbc87309249524a,medium,possible_existing_athlete_match,Shumpei Fujimaki,MAG,Shunpei Fujimaki,JPN,0.938,"JPN, JPN",JPN: 2025 - NHK Trophy (5 results),Shumpei Fujimaki: not found 2026-2025 | Shunpei Fujimaki: not found 2026-2025,,,,,,
athlete_match_ed094ae41bc32235,medium,possible_existing_athlete_match,Symeon Karaxanis,MAG,Simeon Karaxanis,GRE,0.938,"GRE, GRE",GRE: 2025 - Horizon Cup (5 results),Symeon Karaxanis: not found 2026-2025 | Simeon Karaxanis: not found 2026-2025,,,,,,
athlete_match_1cb1ea0938e64c35,medium,possible_existing_athlete_match,Timofei Akinshin,MAG,Timofey Akinshin,RUS,0.938,"RUS, RUS",RUS: 2025 - Strongest Athletes Cup (5 results),Timofei Akinshin: not found 2026-2025 | Timofey Akinshin: not found 2026-2025,,,,,,
athlete_match_69b1c9da3b0ad219,medium,possible_existing_athlete_match,Timofei Kapustin,MAG,Timofey Kapustin,RUS,0.938,"RUS, RUS",RUS: 2025 - Russian Junior Championships (5 results),Timofei Kapustin: not found 2026-2025 | Timofey Kapustin: not found 2026-2025,,,,,,
athlete_match_8fad2cf7275e3d93,medium,possible_existing_athlete_match,Valiko Duducheva,MAG,Valiko Duduchava,GEO,0.938,"GEO, GEO",GEO: 2025 - Cairo World Cup (4 results); 2025 - DTB Pokal Team Challenge (1 results),Valiko Duducheva: not found 2026-2025 | Valiko Duduchava: not found 2026-2025,,,,,,
athlete_match_9219bd0a0386dd0e,medium,possible_existing_athlete_match,Yasir Al-Dulaimi,MAG,Yasir Al Dulaimi,IRQ,0.938,"IRQ, IRQ",IRQ: 2025 - 4th Bundesliga (2 results); 2025 - 6th Bundesliga (2 results),Yasir Al-Dulaimi: not found 2026-2025 | Yasir Al Dulaimi: not found 2026-2025,,,,,,
athlete_match_005f9b04a7f2c302,medium,possible_existing_athlete_match,Azuki Kokufugata,WAG,Azuki Kokubugata,JPN,0.938,"JPN, JPN",JPN: 2025 - All-Japan Student Championships (5 results),Azuki Kokufugata: not found 2026-2025 | Azuki Kokubugata: not found 2026-2025,accept_suggestion,same_country_review_reuse,merge as same athlete,,,Pre-filled from same-country admin decision memory. Country is unchanged; change-country cases still require manual review. Source: 2024 gymternet_2024_existing_athlete_match_review.csv.
athlete_match_9d8c0ab128c786f9,medium,possible_existing_athlete_match,Chemène Lamaitre,WAG,Chemene Lamaitre,NED,0.938,"NED, NED",NED: 2025 - Wase Gymcup (5 results),Chemène Lamaitre: not found 2026-2025 | Chemene Lamaitre: not found 2026-2025,accept_suggestion,same_country_review_reuse,merge as same athlete,,,Pre-filled from same-country admin decision memory. Country is unchanged; change-country cases still require manual review. Source: 2024 gymternet_2024_existing_athlete_match_review.csv.
athlete_match_a9d6fccf247dca7e,medium,possible_existing_athlete_match,Gabriella Bergem,WAG,Gabrielle Bergem,NOR,0.938,"NOR, NOR",NOR: 2025 - Norwegian FIG Meet 2 (5 results),Gabriella Bergem: not found 2026-2025 | Gabrielle Bergem: not found 2026-2025,accept_suggestion,same_country_review_reuse,merge as same athlete,,,Pre-filled from same-country admin decision memory. Country is unchanged; change-country cases still require manual review. Source: 2024 gymternet_2024_existing_athlete_match_review.csv.
athlete_match_fa8707666988c397,medium,possible_existing_athlete_match,Leyla Mammadzade,WAG,Leyla Mammadzada,AZE,0.938,"AZE, AZE",AZE: 2025 - European Youth Olympic Festival (5 results),Leyla Mammadzade: not found 2026-2025 | Leyla Mammadzada: not found 2026-2025,,,,,,
athlete_match_6600aef2d8cbacb6,medium,possible_existing_athlete_match,Raphaëlle Letort,WAG,Raphaëlle Letord,FRA,0.938,"FRA, FRA",FRA: 2025 - French National Team Review (5 results),Raphaëlle Letort: not found 2026-2025 | Raphaëlle Letord: not found 2026-2025,accept_suggestion,same_country_review_reuse,merge as same athlete,,,Pre-filled from same-country admin decision memory. Country is unchanged; change-country cases still require manual review. Source: 2024 gymternet_2024_existing_athlete_match_review.csv.
athlete_match_f0399e095a33662e,medium,possible_existing_athlete_match,Giorgos Alexandropoulos,MAG,Georgios Alexandropoulos,GRE,0.936,"GRE, GRE",GRE: 2025 - Horizon Cup (5 results),Giorgos Alexandropoulos: not found 2026-2025 | Georgios Alexandropoulos: not found 2026-2025,,,,,,
athlete_match_9f60a3267347eb70,medium,possible_existing_athlete_match,Aidar Ismagilov,MAG,Aydar Ismagilov,RUS,0.933,"RUS, RUS",RUS: 2025 - Russian Junior Championships (5 results),Aidar Ismagilov: not found 2026-2025 | Aydar Ismagilov: not found 2026-2025,,,,,,
athlete_match_3bcdc54b92874b03,medium,possible_existing_athlete_match,Alexander Röhrl,MAG,Alexander Rohrl,NOR,0.933,"NOR, NOR",NOR: 2025 - Unni & Haralds Trophy (5 results),Alexander Röhrl: not found 2026-2025 | Alexander Rohrl: not found 2026-2025,accept_suggestion,same_country_review_reuse,merge as same athlete,,,Pre-filled from same-country admin decision memory. Country is unchanged; change-country cases still require manual review. Source: 2024 gymternet_2024_existing_athlete_match_review.csv.
athlete_match_0a0cfc4c1b994c89,medium,possible_existing_athlete_match,Alexander Yolshin-Cash,MAG,Alexander Yolshina Cash,GBR,0.933,"GBR, GBR",GBR: 2025 - British Team Championships (2 results); 2025 - British Worlds Trials (3 results),Alexander Yolshin-Cash: not found 2026-2025 | Alexander Yolshina Cash: not found 2026-2025,accept_suggestion,same_country_review_reuse,merge as same athlete,,,Pre-filled from same-country admin decision memory. Country is unchanged; change-country cases still require manual review. Source: 2024 gymternet_2024_existing_athlete_match_review.csv.
athlete_match_34581eeb1673b0bd,medium,possible_existing_athlete_match,Andrei Dmitriev,MAG,Andrey Dmitriev,RUS,0.933,"RUS, RUS",RUS: 2025 - Russian Cup (5 results),Andrei Dmitriev: not found 2026-2025 | Andrey Dmitriev: not found 2026-2025,accept_suggestion,same_country_review_reuse,merge as same athlete,,,Pre-filled from same-country admin decision memory. Country is unchanged; change-country cases still require manual review. Source: 2024 gymternet_2024_existing_athlete_match_review.csv.
athlete_match_d20269a02cbef294,medium,possible_existing_athlete_match,Bohdan Ilyinkov,MAG,Bogdan Ilyinkov,BLR,0.933,"BLR, BLR",BLR: 2025 - Gymnastics Legends (5 results),Bohdan Ilyinkov: not found 2026-2025 | Bogdan Ilyinkov: not found 2026-2025,,,,,,
athlete_match_225beca6d60f50ee,medium,possible_existing_athlete_match,Denis Tovpilets,MAG,Denis Tovpinets,RUS,0.933,"RUS, RUS",RUS: 2025 - Gymnastics Legends (5 results),Denis Tovpilets: not found 2026-2025 | Denis Tovpinets: not found 2026-2025,accept_suggestion,same_country_review_reuse,merge as same athlete,,,Pre-filled from same-country admin decision memory. Country is unchanged; change-country cases still require manual review. Source: 2023 gymternet_2023_existing_athlete_match_review.csv.
athlete_match_292cd1c17ba3d95b,medium,possible_existing_athlete_match,Dmitriy Maksimov,MAG,Dmitriy Akimov,RUS,0.933,"RUS, RUS",RUS: 2025 - Russian Junior Championships (5 results),Dmitriy Maksimov: not found 2026-2025 | Dmitriy Akimov: not found 2026-2025,,,,,,
athlete_match_2324b3bdd0f06d04,medium,possible_existing_athlete_match,Emil Lempiainen,MAG,Emil Lempiäinen,FIN,0.933,"FIN, FIN",FIN: 2025 - European Youth Olymipc Festival (5 results),Emil Lempiainen: not found 2026-2025 | Emil Lempiäinen: not found 2026-2025,,,,,,
athlete_match_5c404fd7cacbbdb8,high,possible_existing_athlete_match,Finley Hazelton,MAG,Finlay Hazelton,IRL,0.933,"GBR, IRL",GBR: 2025 - Welsh Championships (5 results),Finley Hazelton: not found 2026-2025 | Finlay Hazelton: not found 2026-2025,,,,,,
athlete_match_1ecda498f1fbbfe1,medium,possible_existing_athlete_match,Georgi Stoyanov,MAG,Georgy Stoyanov,BUL,0.933,"BUL, BUL",BUL: 2025 - Bulgarian Championships (5 results),Georgi Stoyanov: not found 2026-2025 | Georgy Stoyanov: not found 2026-2025,accept_suggestion,same_country_review_reuse,merge as same athlete,,,Pre-filled from same-country admin decision memory. Country is unchanged; change-country cases still require manual review. Source: 2024 gymternet_2024_existing_athlete_match_review.csv.
athlete_match_1cd8c0f5d6d64034,medium,possible_existing_athlete_match,Henry Vanassche,MAG,Henri Vanassche,BEL,0.933,"BEL, BEL",BEL: 2025 - Wase Gymcup (5 results),Henry Vanassche: not found 2026-2025 | Henri Vanassche: not found 2026-2025,,,,,,
athlete_match_6c90eeb2da4f342c,medium,possible_existing_athlete_match,Hiroki Yamasaki,MAG,Hiroki Yamazaki,JPN,0.933,"JPN, JPN",JPN: 2025 - All-Japan Senior Championships (5 results),Hiroki Yamasaki: not found 2026-2025 | Hiroki Yamazaki: not found 2026-2025,,,,,,
athlete_match_75d04a97469a686c,medium,possible_existing_athlete_match,Ioannis Tougkas,MAG,Ioannis Tounkas,GRE,0.933,"GRE, GRE",GRE: 2025 - Greek Championships (5 results),Ioannis Tougkas: not found 2026-2025 | Ioannis Tounkas: not found 2026-2025,accept_suggestion,same_country_review_reuse,merge as same athlete,,,Pre-filled from same-country admin decision memory. Country is unchanged; change-country cases still require manual review. Source: 2024 gymternet_2024_existing_athlete_match_review.csv.
athlete_match_12c0153032810892,medium,possible_existing_athlete_match,Jhonny Valencia,MAG,Johnny Valencia,ECU,0.933,"ECU, ECU",ECU: 2025 - Pan American Championships (5 results),Jhonny Valencia: not found 2026-2025 | Johnny Valencia: not found 2026-2025,,,,,,
athlete_match_fcf2aa071fe77549,medium,possible_existing_athlete_match,Magnus Schøning,MAG,Magnus Schöning,NOR,0.933,"NOR, NOR",NOR: 2025 - Norwegian Junior Championships (5 results),Magnus Schøning: not found 2026-2025 | Magnus Schöning: not found 2026-2025,,,,,,
athlete_match_8aa8a04d4657e1a0,medium,possible_existing_athlete_match,Mao Kano,MAG,Mao Kao,JPN,0.933,"JPN, JPN",JPN: 2025 - All-Japan Senior Championships (5 results),Mao Kano: not found 2026-2025 | Mao Kao: not found 2026-2025,,,,,,
athlete_match_d62c6b9002f5de71,medium,possible_existing_athlete_match,Matvei Akinshin,MAG,Matvey Akinshin,RUS,0.933,"RUS, RUS",RUS: 2025 - Russian Junior Championships (5 results),Matvei Akinshin: not found 2026-2025 | Matvey Akinshin: not found 2026-2025,,,,,,
athlete_match_9a7129d4dfd1dcd8,medium,possible_existing_athlete_match,Motohiro Yamada,MAG,Mohohiro Yamada,JPN,0.933,"JPN, JPN",JPN: 2025 - Japanese National Sports Festival (5 results),Motohiro Yamada: not found 2026-2025 | Mohohiro Yamada: not found 2026-2025,accept_suggestion,same_country_review_reuse,merge as same athlete,,,Pre-filled from same-country admin decision memory. Country is unchanged; change-country cases still require manual review. Source: 2024 gymternet_2024_existing_athlete_match_review.csv.
athlete_match_684d35321fa7601c,medium,possible_existing_athlete_match,Ranel Saifullin,MAG,Ranel Safiullin,RUS,0.933,"RUS, RUS",RUS: 2025 - Russian Championships (3 results); 2025 - Voronin Cup (2 results),Ranel Saifullin: not found 2026-2025 | Ranel Safiullin: not found 2026-2025,accept_suggestion,same_country_review_reuse,merge as same athlete,,,Pre-filled from same-country admin decision memory. Country is unchanged; change-country cases still require manual review. Source: 2023 gymternet_2023_existing_athlete_match_review.csv.
athlete_match_6c9fa3c08ca2db46,high,possible_existing_athlete_match,Raphael Malgras,MAG,Raphaël Malgras,MON,0.933,"FRA, MON",FRA: 2025 - French Championships (5 results),Raphael Malgras: not found 2026-2025 | Raphaël Malgras: not found 2026-2025,,,,,,
athlete_match_5812cb5bbfe1ced7,medium,possible_existing_athlete_match,Ryuto Fukashima,MAG,Ryuto Fukushima,JPN,0.933,"JPN, JPN",JPN: 2025 - All-Japan Student Championships (5 results),Ryuto Fukashima: not found 2026-2025 | Ryuto Fukushima: not found 2026-2025,accept_suggestion,same_country_review_reuse,merge as same athlete,,,Pre-filled from same-country admin decision memory. Country is unchanged; change-country cases still require manual review. Source: 2024 gymternet_2024_existing_athlete_match_review.csv.
athlete_match_343e759f7869a32f,medium,possible_existing_athlete_match,Zakaria Lachheb,MAG,Zakaria Lechheb,MAR,0.933,"MAR, MAR",MAR: 2025 - Mediterranean Championships (5 results),Zakaria Lachheb: not found 2026-2025 | Zakaria Lechheb: not found 2026-2025,,,,,,
athlete_match_3f3b7f3fd468036b,medium,possible_existing_athlete_match,Zhang Chenghong,MAG,Zhang Chenglong,CHN,0.933,"CHN, CHN",CHN: 2025 - Chinese Junior Championships (5 results),Zhang Chenghong: not found 2026-2025 | Zhang Chenglong: not found 2026-2025,,,,,,
athlete_match_0f6115e90e1717e3,medium,possible_existing_athlete_match,Alice Colazzili,WAG,Alice Colazilli,ITA,0.933,"ITA, ITA",ITA: 2025 - Champion's Cup (2 results),Alice Colazzili: not found 2026-2025 | Alice Colazilli: not found 2026-2025,,,,,,
athlete_match_cd0df79d9f592af4,medium,possible_existing_athlete_match,Aynaz Majidzade,WAG,Aynaz Majidzada,AZE,0.933,"AZE, AZE",AZE: 2025 - European Youth Olympic Festival (5 results),Aynaz Majidzade: not found 2026-2025 | Aynaz Majidzada: not found 2026-2025,,,,,,
athlete_match_826bfe9f7eb03f9a,medium,possible_existing_athlete_match,Berta Planagumà,WAG,Berta Planaguma,ESP,0.933,"ESP, ESP",ESP: 2025 - Spanish Championships (5 results),Berta Planagumà: not found 2026-2025 | Berta Planaguma: not found 2026-2025,,,,,,
athlete_match_a478654e1005e16c,medium,possible_existing_athlete_match,Ines Zacariadis,WAG,Ines Zacariades,ESP,0.933,"ESP, ESP",ESP: 2025 - 1st Spanish League (2 results); 2025 - 2nd Spanish League (1 results); 2025 - Spanish Championships (1 results); 2025 - Spanish League Final (1 results),Ines Zacariadis: not found 2026-2025 | Ines Zacariades: not found 2026-2025,accept_suggestion,same_country_review_reuse,merge as same athlete,,,Pre-filled from same-country admin decision memory. Country is unchanged; change-country cases still require manual review. Source: 2023 gymternet_2023_existing_athlete_match_review.csv.
athlete_match_430a19c37b3b4191,medium,possible_existing_athlete_match,Kahina Amrouche,WAG,Kahïna Amrouche,FRA,0.933,"FRA, FRA",FRA: 2025 - French Championships (5 results),Kahina Amrouche: not found 2026-2025 | Kahïna Amrouche: not found 2026-2025,accept_suggestion,same_country_review_reuse,merge as same athlete,,,Pre-filled from same-country admin decision memory. Country is unchanged; change-country cases still require manual review. Source: 2024 gymternet_2024_existing_athlete_match_review.csv.
athlete_match_49d8c1508f4b3530,medium,possible_existing_athlete_match,Kira Maharevich,WAG,Kira Magarevich,BLR,0.933,"BLR, BLR",BLR: 2025 - Strongest Athletes Cup (5 results),Kira Maharevich: not found 2026-2025 | Kira Magarevich: not found 2026-2025,accept_suggestion,same_country_review_reuse,merge as same athlete,,,Pre-filled from same-country admin decision memory. Country is unchanged; change-country cases still require manual review. Source: 2024 gymternet_2024_existing_athlete_match_review.csv.
athlete_match_508ab82fe221ede7,medium,possible_existing_athlete_match,Liv Winterqvist,WAG,Liv Winterkvist,SWE,0.933,"SWE, SWE",SWE: 2025 - Mälar Cup (5 results),Liv Winterqvist: not found 2026-2025 | Liv Winterkvist: not found 2026-2025,accept_suggestion,same_country_review_reuse,merge as same athlete,,,Pre-filled from same-country admin decision memory. Country is unchanged; change-country cases still require manual review. Source: 2024 gymternet_2024_existing_athlete_match_review.csv.
athlete_match_4060bf271e18c982,medium,possible_existing_athlete_match,Maria Stylianou,WAG,Maria Stylianoy,GRE,0.933,"GRE, GRE",GRE: 2025 - Greek Championships (2 results),Maria Stylianou: not found 2026-2025 | Maria Stylianoy: not found 2026-2025,accept_suggestion,same_country_review_reuse,merge as same athlete,,,Pre-filled from same-country admin decision memory. Country is unchanged; change-country cases still require manual review. Source: 2024 gymternet_2024_existing_athlete_match_review.csv.
athlete_match_4321ddfad0e1d496,medium,possible_existing_athlete_match,Marianna Kiniuk,WAG,Mariana Kiniuik,UKR,0.933,"UKR, UKR",UKR: 2025 - Cottbus World Cup (2 results); 2025 - European Championships (3 results),Marianna Kiniuk: not found 2026-2025 | Mariana Kiniuik: not found 2026-2025,accept_suggestion,same_country_review_reuse,merge as same athlete,,,Pre-filled from same-country admin decision memory. Country is unchanged; change-country cases still require manual review. Source: 2024 gymternet_2024_existing_athlete_match_review.csv.
athlete_match_4253131b8cf1108b,medium,possible_existing_athlete_match,Marija Petrova,WAG,Marija Petrovska,LAT,0.933,"LAT, LAT",LAT: 2025 - Latvian Cup (5 results),Marija Petrova: not found 2026-2025 | Marija Petrovska: not found 2026-2025,accept_suggestion,same_country_review_reuse,merge as same athlete,,,Pre-filled from same-country admin decision memory. Country is unchanged; change-country cases still require manual review. Source: 2024 gymternet_2024_existing_athlete_match_review.csv.
athlete_match_87d62c206051e1f8,medium,possible_existing_athlete_match,Miyu Ito,WAG,Miu Ito,JPN,0.933,"JPN, JPN",JPN: 2025 - Japanese National Spots Festival (5 results),Miyu Ito: not found 2026-2025 | Miu Ito: not found 2026-2025,,,,,,
athlete_match_9bef475973cd9eca,medium,possible_existing_athlete_match,Aleksei Rostov,MAG,Aleksey Rostov,RUS,0.929,"RUS, RUS",RUS: 2025 - Russian Cup (5 results),Aleksei Rostov: not found 2026-2025 | Aleksey Rostov: not found 2026-2025,,,,,,
athlete_match_472c4a095c1abdc4,medium,possible_existing_athlete_match,Aleksei Surnin,MAG,Aleksey Surnin,RUS,0.929,"RUS, RUS",RUS: 2025 - Russian Junior Championships (5 results),Aleksei Surnin: not found 2026-2025 | Aleksey Surnin: not found 2026-2025,,,,,,
athlete_match_8208f4a1d42ec4fb,medium,possible_existing_athlete_match,Alex Tuikainen,MAG,Alex Tukiainen,FIN,0.929,"FIN, FIN",FIN: 2025 - Mälar Cup (5 results),Alex Tuikainen: not found 2026-2025 | Alex Tukiainen: not found 2026-2025,,,,,,
athlete_match_bcc5a86c47e5e0d3,medium,possible_existing_athlete_match,Alexander Kuhn,MAG,Alexander Kunz,GER,0.929,"GER, GER",GER: 2025 - German Junior Championships (5 results),Alexander Kuhn: not found 2026-2025 | Alexander Kunz: not found 2026-2025,accept_suggestion,same_country_review_reuse,merge as same athlete,,,Pre-filled from same-country admin decision memory. Country is unchanged; change-country cases still require manual review. Source: 2024 gymternet_2024_existing_athlete_match_review.csv.
athlete_match_80f4655c01035977,medium,possible_existing_athlete_match,Boyan Banovski,MAG,Boyan Banovsky,BUL,0.929,"BUL, BUL",BUL: 2025 - Bulgarian Championships (5 results),Boyan Banovski: not found 2026-2025 | Boyan Banovsky: not found 2026-2025,accept_suggestion,same_country_review_reuse,merge as same athlete,,,Pre-filled from same-country admin decision memory. Country is unchanged; change-country cases still require manual review. Source: 2024 gymternet_2024_existing_athlete_match_review.csv.
athlete_match_cbbc5fd061043c80,medium,possible_existing_athlete_match,Kirill Maiorov,MAG,Kirill Mayorov,RUS,0.929,"RUS, RUS",RUS: 2025 - Russian Cup (5 results),Kirill Maiorov: not found 2026-2025 | Kirill Mayorov: not found 2026-2025,accept_suggestion,same_country_review_reuse,merge as same athlete,,,Pre-filled from same-country admin decision memory. Country is unchanged; change-country cases still require manual review. Source: 2024 gymternet_2024_existing_athlete_match_review.csv.
athlete_match_25ecbacc16b58ab3,medium,possible_existing_athlete_match,Mattéo Cartier,MAG,Matteo Cartier,FRA,0.929,"FRA, FRA",FRA: 2025 - French Championships (5 results),Mattéo Cartier: not found 2026-2025 | Matteo Cartier: not found 2026-2025,accept_suggestion,same_country_review_reuse,merge as same athlete,,,Pre-filled from same-country admin decision memory. Country is unchanged; change-country cases still require manual review. Source: 2024 gymternet_2024_existing_athlete_match_review.csv.
athlete_match_564ab1618673141b,medium,possible_existing_athlete_match,Naoto Shiraiwa,MAG,Shiroiwa Naoto,JPN,0.929,"JPN, JPN",JPN: 2025 - All-Japan Junior Championships (5 results),Naoto Shiraiwa: not found 2026-2025 | Shiroiwa Naoto: not found 2026-2025,accept_suggestion,same_country_review_reuse,merge as same athlete,,,Pre-filled from same-country admin decision memory. Country is unchanged; change-country cases still require manual review. Source: 2024 gymternet_2024_existing_athlete_match_review.csv.
athlete_match_5181b096d32f4b0a,medium,possible_existing_athlete_match,Niccolò Martin,MAG,Niccolo Martin,ITA,0.929,"ITA, ITA",ITA: 2025 - 1st Italian Serie A (2 results),Niccolò Martin: not found 2026-2025 | Niccolo Martin: not found 2026-2025,,,,,,
athlete_match_ee664563a1dd5d2c,medium,possible_existing_athlete_match,Qin Zengziquan,MAG,Qin Cengziquan,CHN,0.929,"CHN, CHN",CHN: 2025 - Chinese Championships (5 results),Qin Zengziquan: not found 2026-2025 | Qin Cengziquan: not found 2026-2025,,,,,,
athlete_match_35fe564597644f26,medium,possible_existing_athlete_match,Radoslav Yotov,MAG,Radoslav Yoyov,BUL,0.929,"BUL, BUL",BUL: 2025 - Bulgarian Championships (5 results),Radoslav Yotov: not found 2026-2025 | Radoslav Yoyov: not found 2026-2025,accept_suggestion,same_country_review_reuse,merge as same athlete,,,Pre-filled from same-country admin decision memory. Country is unchanged; change-country cases still require manual review. Source: 2024 gymternet_2024_existing_athlete_match_review.csv.
athlete_match_190c61764c899fcc,medium,possible_existing_athlete_match,Raphaël Fortin,MAG,Raphael Fortin,CAN,0.929,"CAN, CAN",CAN: 2025 - Canadian Championships (5 results),Raphaël Fortin: not found 2026-2025 | Raphael Fortin: not found 2026-2025,,,,,,
athlete_match_711caa7e254d7a7a,medium,possible_existing_athlete_match,Rishad Al Amin,MAG,Rishad Al-Amin,GBR,0.929,"GBR, GBR",GBR: 2025 - English Championships (5 results),Rishad Al Amin: not found 2026-2025 | Rishad Al-Amin: not found 2026-2025,accept_suggestion,same_country_review_reuse,merge as same athlete,,,Pre-filled from same-country admin decision memory. Country is unchanged; change-country cases still require manual review. Source: 2023 gymternet_2023_existing_athlete_match_review.csv.
athlete_match_f0c9f625eec9bb9f,medium,possible_existing_athlete_match,Shuta Yokoyama,MAG,Souta Yokoyama,JPN,0.929,"JPN, JPN",JPN: 2025 - Japanese National Sports Festival (5 results),Shuta Yokoyama: not found 2026-2025 | Souta Yokoyama: not found 2026-2025,accept_suggestion,same_country_review_reuse,merge as same athlete,,,Pre-filled from same-country admin decision memory. Country is unchanged; change-country cases still require manual review. Source: 2024 gymternet_2024_existing_athlete_match_review.csv.
athlete_match_a7e51919e003e262,medium,possible_existing_athlete_match,Yunus Gündogdu,MAG,Yunus Gundogdu,TUR,0.929,"TUR, TUR",TUR: 2025 - Turkish Team Championships (5 results),Yunus Gündogdu: not found 2026-2025 | Yunus Gundogdu: not found 2026-2025,accept_suggestion,same_country_review_reuse,merge as same athlete,,,Pre-filled from same-country admin decision memory. Country is unchanged; change-country cases still require manual review. Source: 2024 gymternet_2024_existing_athlete_match_review.csv.
athlete_match_90ec32baec20f86f,medium,possible_existing_athlete_match,Yuri Guimarães,MAG,Yuri Guimaraes,BRA,0.929,"BRA, BRA",BRA: 2025 - Brazilian Championships (5 results),Yuri Guimarães: not found 2026-2025 | Yuri Guimaraes: not found 2026-2025,accept_suggestion,same_country_review_reuse,merge as same athlete,,,Pre-filled from same-country admin decision memory. Country is unchanged; change-country cases still require manual review. Source: 2024 gymternet_2024_existing_athlete_match_review.csv.
athlete_match_a079c8ff9b9973d2,medium,possible_existing_athlete_match,Akari Nakajima,WAG,Karin Nakajima,JPN,0.929,"JPN, JPN",JPN: 2025 - All-Japan Junior Championships (5 results),Akari Nakajima: not found 2026-2025 | Karin Nakajima: not found 2026-2025,accept_suggestion,same_country_review_reuse,merge as same athlete,,,Pre-filled from same-country admin decision memory. Country is unchanged; change-country cases still require manual review. Source: 2024 gymternet_2024_existing_athlete_match_review.csv.
athlete_match_24c3cf874ef9809e,medium,possible_existing_athlete_match,Amélie de Smet,WAG,Amelie de Smet,BEL,0.929,"BEL, BEL",BEL: 2025 - Belgian Championships (5 results),Amélie de Smet: not found 2026-2025 | Amelie de Smet: not found 2026-2025,,,,,,
athlete_match_58493bab23b32832,medium,possible_existing_athlete_match,Argyro Tsiatsi,WAG,Argiro Tsiatsi,GRE,0.929,"GRE, GRE",GRE: 2025 - Greek Championships (5 results),Argyro Tsiatsi: not found 2026-2025 | Argiro Tsiatsi: not found 2026-2025,accept_suggestion,same_country_review_reuse,merge as same athlete,,,Pre-filled from same-country admin decision memory. Country is unchanged; change-country cases still require manual review. Source: 2024 gymternet_2024_existing_athlete_match_review.csv.
athlete_match_c5860f67bb7cdf89,medium,possible_existing_athlete_match,Chloé Casterot,WAG,Chloe Casterot,FRA,0.929,"FRA, FRA",FRA: 2025 - Top 12 Series 1 (5 results),Chloé Casterot: not found 2026-2025 | Chloe Casterot: not found 2026-2025,accept_suggestion,same_country_review_reuse,merge as same athlete,,,Pre-filled from same-country admin decision memory. Country is unchanged; change-country cases still require manual review. Source: 2024 gymternet_2024_existing_athlete_match_review.csv.
athlete_match_dd7a4b78719b150f,high,possible_existing_athlete_match,Diana Gutierrez,WAG,Ana Gutierrez,PAN,0.929,"MEX, PAN",MEX: 2025 - Mexican Championships (5 results),Diana Gutierrez: not found 2026-2025 | Ana Gutierrez: not found 2026-2025,,,,,,
athlete_match_d3311113a7478e13,medium,possible_existing_athlete_match,Esmée Beekhuis,WAG,Esmee Beekhuis,NED,0.929,"NED, NED",NED: 2025 - Dutch Championships (1 results); 2025 - Dutch Euros Trials 2 (1 results); 2025 - Dutch Team Championships (3 results),Esmée Beekhuis: not found 2026-2025 | Esmee Beekhuis: not found 2026-2025,accept_suggestion,same_country_review_reuse,merge as same athlete,,,Pre-filled from same-country admin decision memory. Country is unchanged; change-country cases still require manual review. Source: 2022 gymternet_2022_existing_athlete_match_review.csv.
athlete_match_d830c8d1496800a6,medium,possible_existing_athlete_match,Karina Yamamoto,WAG,Kana Yamamoto,JPN,0.929,"JPN, JPN",JPN: 2025 - All-Japan Team Championships (1 results),Karina Yamamoto: not found 2026-2025 | Kana Yamamoto: not found 2026-2025,,,,,,
athlete_match_b25f7d0f1882ce52,medium,possible_existing_athlete_match,Komugi Matsuda,WAG,Komogi Matsuda,JPN,0.929,"JPN, JPN",JPN: 2025 - All-Japan Junior Championships (5 results),Komugi Matsuda: not found 2026-2025 | Komogi Matsuda: not found 2026-2025,,,,,,
athlete_match_0a798cc73c204548,medium,possible_existing_athlete_match,Philippa Fenzi,WAG,Philippa Fenzl,AUT,0.929,"AUT, AUT",AUT: 2025 - Elek Matolay Memorial (5 results),Philippa Fenzi: not found 2026-2025 | Philippa Fenzl: not found 2026-2025,,,,,,
athlete_match_ce8da0f7c121f481,medium,possible_existing_athlete_match,Sarra Bouajina,WAG,Sarra Bouajila,TUN,0.929,"TUN, TUN",TUN: 2025 - Pharaoh's Cup (4 results),Sarra Bouajina: not found 2026-2025 | Sarra Bouajila: not found 2026-2025,accept_suggestion,same_country_review_reuse,merge as same athlete,,,Pre-filled from same-country admin decision memory. Country is unchanged; change-country cases still require manual review. Source: 2023 gymternet_2023_existing_athlete_match_review.csv.
athlete_match_c0ab6a28f48dc457,high,possible_existing_athlete_match,Sofia Nikolova,WAG,Sofia Nikonova,RUS,0.929,"BUL, RUS",BUL: 2025 - Bulgarian Championships (5 results),Sofia Nikolova: not found 2026-2025 | Sofia Nikonova: not found 2026-2025,,,,,,
athlete_match_94eacfc0c51295ed,medium,possible_existing_athlete_match,Vivvi Åkerdahl,WAG,Viivi Åkerdahl,SWE,0.929,"SWE, SWE",SWE: 2025 - Swedish Championships (5 results),Vivvi Åkerdahl: not found 2026-2025 | Viivi Åkerdahl: not found 2026-2025,,,,,,
athlete_match_4b944e53ac363b4a,medium,possible_existing_athlete_match,Zelia Caufriez,WAG,Zélia Caufriez,BEL,0.929,"BEL, BEL",BEL: 2025 - Belgian Championships (5 results),Zelia Caufriez: not found 2026-2025 | Zélia Caufriez: not found 2026-2025,accept_suggestion,same_country_review_reuse,merge as same athlete,,,Pre-filled from same-country admin decision memory. Country is unchanged; change-country cases still require manual review. Source: 2024 gymternet_2024_existing_athlete_match_review.csv.
athlete_match_6604e220b1e24567,medium,possible_existing_athlete_match,Zuzanna Stajer,WAG,Zuzana Sztajer,POL,0.929,"POL, POL",POL: 2025 - Polish Championships (2 results),Zuzanna Stajer: not found 2026-2025 | Zuzana Sztajer: not found 2026-2025,,,,,,
athlete_match_06c300b161b360ef,medium,possible_existing_athlete_match,Andrei Osipov,MAG,Andrey Osipov,RUS,0.923,"RUS, RUS",RUS: 2025 - Russian Junior Championships (5 results),Andrei Osipov: not found 2026-2025 | Andrey Osipov: not found 2026-2025,,,,,,
athlete_match_d975265c962bf2e0,medium,possible_existing_athlete_match,Chiou Min-Han,MAG,Chiou Min Han,TPE,0.923,"TPE, TPE",TPE: 2025 - World University Games (5 results),Chiou Min-Han: not found 2026-2025 | Chiou Min Han: not found 2026-2025,accept_suggestion,same_country_review_reuse,merge as same athlete,,,Pre-filled from same-country admin decision memory. Country is unchanged; change-country cases still require manual review. Source: 2019 gymternet_2019_existing_athlete_match_review.csv.
athlete_match_1420f935f4eb2c45,medium,possible_existing_athlete_match,Cléo Caschini,MAG,Cléo Caschili,FRA,0.923,"FRA, FRA",FRA: 2025 - International GymSport (5 results),Cléo Caschini: not found 2026-2025 | Cléo Caschili: not found 2026-2025,,,,,,
athlete_match_a31c79e1e2ab5630,medium,possible_existing_athlete_match,Enaé Fouchard,MAG,Enae Fouchard,FRA,0.923,"FRA, FRA",FRA: 2025 - Rotterdam Friendly (5 results),Enaé Fouchard: not found 2026-2025 | Enae Fouchard: not found 2026-2025,,,,,,
athlete_match_34579a25c662c9a3,medium,possible_existing_athlete_match,Julian Bergem,MAG,Julian Bergen,NOR,0.923,"NOR, NOR",NOR: 2025 - Mälar Cup (5 results),Julian Bergem: not found 2026-2025 | Julian Bergen: not found 2026-2025,,,,,,
athlete_match_64071c66a8f98e32,medium,possible_existing_athlete_match,Lee Changgyun,MAG,Lee Changkyun,KOR,0.923,"KOR, KOR",KOR: 2025 - South Korean Championships (5 results),Lee Changgyun: not found 2026-2025 | Lee Changkyun: not found 2026-2025,,,,,,
athlete_match_a7be5cbecc4508b6,medium,possible_existing_athlete_match,Lim Kyeongbin,MAG,Lim Gyeongbin,KOR,0.923,"KOR, KOR",KOR: 2025 - South Korean Championships (5 results),Lim Kyeongbin: not found 2026-2025 | Lim Gyeongbin: not found 2026-2025,,,,,,
athlete_match_6f9ae191656e9a0e,medium,possible_existing_athlete_match,Max Veo Creek,MAG,Max Veo-Creek,GBR,0.923,"GBR, GBR",GBR: 2025 - English Championships (5 results),Max Veo Creek: not found 2026-2025 | Max Veo-Creek: not found 2026-2025,,,,,,
athlete_match_6f6a8b616739eafc,medium,possible_existing_athlete_match,Miguel Besana,MAG,Miguel Begana,PHI,0.923,"PHI, PHI",PHI: 2025 - Asian Championships (5 results),Miguel Besana: not found 2026-2025 | Miguel Begana: not found 2026-2025,accept_suggestion,same_country_review_reuse,merge as same athlete,,,Pre-filled from same-country admin decision memory. Country is unchanged; change-country cases still require manual review. Source: 2024 gymternet_2024_existing_athlete_match_review.csv.
athlete_match_2bc1b7b79034d585,medium,possible_existing_athlete_match,Nikolas Ivkic,MAG,Nicolas Ivkic,AUT,0.923,"AUT, AUT",AUT: 2025 - Szombathely Challenge Cup (3 results),Nikolas Ivkic: not found 2026-2025 | Nicolas Ivkic: not found 2026-2025,accept_suggestion,same_country_review_reuse,merge as same athlete,,,Pre-filled from same-country admin decision memory. Country is unchanged; change-country cases still require manual review. Source: 2022 gymternet_2022_existing_athlete_match_review.csv.
athlete_match_26d0c003e2859f15,medium,possible_existing_athlete_match,Pavel Gulidov,MAG,Pavel Golidov,ISR,0.923,"ISR, ISR",ISR: 2025 - DTB Pokal Team Challenge (4 results); 2025 - European Championships (1 results),Pavel Gulidov: not found 2026-2025 | Pavel Golidov: not found 2026-2025,accept_suggestion,same_country_review_reuse,merge as same athlete,,,Pre-filled from same-country admin decision memory. Country is unchanged; change-country cases still require manual review. Source: 2024 gymternet_2024_existing_athlete_match_review.csv.
athlete_match_073dcefcb1109dc4,medium,possible_existing_athlete_match,Quentin Bègue,MAG,Quentin Begue,FRA,0.923,"FRA, FRA",FRA: 2025 - Top 12 Series 6 (1 results),Quentin Bègue: not found 2026-2025 | Quentin Begue: not found 2026-2025,accept_suggestion,same_country_review_reuse,merge as same athlete,,,Pre-filled from same-country admin decision memory. Country is unchanged; change-country cases still require manual review. Source: 2024 gymternet_2024_existing_athlete_match_review.csv.
athlete_match_94b3e01334716e42,medium,possible_existing_athlete_match,Rui Nishimura,MAG,Ryu Nishimura,JPN,0.923,"JPN, JPN",JPN: 2025 - Japanese National Sports Festival (5 results),Rui Nishimura: not found 2026-2025 | Ryu Nishimura: not found 2026-2025,accept_suggestion,same_country_review_reuse,merge as same athlete,,,Pre-filled from same-country admin decision memory. Country is unchanged; change-country cases still require manual review. Source: 2024 gymternet_2024_existing_athlete_match_review.csv.
athlete_match_c029e837305f7acf,medium,possible_existing_athlete_match,Sergei Zhabin,MAG,Sergey Zhabin,RUS,0.923,"RUS, RUS",RUS: 2025 - Russian Cup (5 results),Sergei Zhabin: not found 2026-2025 | Sergey Zhabin: not found 2026-2025,accept_suggestion,same_country_review_reuse,merge as same athlete,,,Pre-filled from same-country admin decision memory. Country is unchanged; change-country cases still require manual review. Source: 2022 gymternet_2022_existing_athlete_match_review.csv.
athlete_match_1392255404901f45,medium,possible_existing_athlete_match,Slavo Stanoev,MAG,Slavi Stanoev,BUL,0.923,"BUL, BUL",BUL: 2025 - Bulgarian Championships (5 results),Slavo Stanoev: not found 2026-2025 | Slavi Stanoev: not found 2026-2025,,,,,,
athlete_match_8a6fa37a563afcf6,medium,possible_existing_athlete_match,Swaïmy Bellil,MAG,Swaimy Bellil,FRA,0.923,"FRA, FRA",FRA: 2025 - Rotterdam Friendly (5 results),Swaïmy Bellil: not found 2026-2025 | Swaimy Bellil: not found 2026-2025,accept_suggestion,same_country_review_reuse,merge as same athlete,,,Pre-filled from same-country admin decision memory. Country is unchanged; change-country cases still require manual review. Source: 2024 gymternet_2024_existing_athlete_match_review.csv.
athlete_match_c4c44868ac6fff96,medium,possible_existing_athlete_match,Yacine Vanhaverbeke,MAG,Yacine van Hauerbeke,BEL,0.923,"BEL, BEL",BEL: 2025 - Belgian Championships (3 results),Yacine Vanhaverbeke: not found 2026-2025 | Yacine van Hauerbeke: not found 2026-2025,,,,,,
athlete_match_37be55fbf1a9cc0f,medium,possible_existing_athlete_match,Yuma Yamamoto,MAG,Yuta Yamamoto,JPN,0.923,"JPN, JPN",JPN: 2025 - Japanese National Sports Festival (5 results),Yuma Yamamoto: not found 2026-2025 | Yuta Yamamoto: not found 2026-2025,accept_suggestion,same_country_review_reuse,merge as same athlete,,,Pre-filled from same-country admin decision memory. Country is unchanged; change-country cases still require manual review. Source: 2024 gymternet_2024_existing_athlete_match_review.csv.
athlete_match_743b558b3f4b552e,medium,possible_existing_athlete_match,Alisa Aronova,WAG,Alise Aronova,LAT,0.923,"LAT, LAT",LAT: 2025 - Latvian Cup (5 results),Alisa Aronova: not found 2026-2025 | Alise Aronova: not found 2026-2025,,,,,,
athlete_match_c6598d4ac0e50415,high,possible_existing_athlete_match,Anna Fedorova,WAG,Yana Fedorova,UKR,0.923,"RUS, UKR",RUS: 2025 - Russian Junior Championships (5 results),Anna Fedorova: not found 2026-2025 | Yana Fedorova: not found 2026-2025,,,,,,
athlete_match_812dd5cfc670bde9,medium,possible_existing_athlete_match,Anna Klykova,WAG,Anna Kalmykova,RUS,0.923,"RUS, RUS",RUS: 2025 - Russian Championships (4 results),Anna Klykova: not found 2026-2025 | Anna Kalmykova: not found 2026-2025,accept_suggestion,same_country_review_reuse,merge as same athlete,,,Pre-filled from same-country admin decision memory. Country is unchanged; change-country cases still require manual review. Source: 2023 gymternet_2023_existing_athlete_match_review.csv.
athlete_match_2281a1d18243670e,high,possible_existing_athlete_match,Annika Huemer,WAG,Annika Heimer,GER,0.923,"AUT, GER",AUT: 2025 - Salamunov Memorial (5 results),Annika Huemer: not found 2026-2025 | Annika Heimer: not found 2026-2025,,,,,,
athlete_match_0471f821deeb9dac,medium,possible_existing_athlete_match,Carla Garcia,WAG,Carlota Garcia,ESP,0.923,"ESP, ESP",ESP: 2025 - 1st Spanish League (2 results); 2025 - 2nd Spanish League (3 results),Carla Garcia: not found 2026-2025 | Carlota Garcia: not found 2026-2025,,,,,,
athlete_match_dbd99320b566de99,medium,possible_existing_athlete_match,Jora Gërvalla,WAG,Jora Gervalla,KOS,0.923,"KOS, KOS",KOS: 2025 - Balkan Championships (4 results),Jora Gërvalla: not found 2026-2025 | Jora Gervalla: not found 2026-2025,,,,,,
athlete_match_971b22bc1d18a752,medium,possible_existing_athlete_match,Karol Sanchez,WAG,Karla Sanchez,COL,0.923,"COL, COL",COL: 2025 - Colombian Championships (5 results),Karol Sanchez: not found 2026-2025 | Karla Sanchez: not found 2026-2025,accept_suggestion,same_country_review_reuse,merge as same athlete,,,Pre-filled from same-country admin decision memory. Country is unchanged; change-country cases still require manual review. Source: 2024 gymternet_2024_existing_athlete_match_review.csv.
athlete_match_e015325e5caaca45,medium,possible_existing_athlete_match,Léane Thonnel,WAG,Leane Thonnel,FRA,0.923,"FRA, FRA",FRA: 2025 - French National Team Review (5 results),Léane Thonnel: not found 2026-2025 | Leane Thonnel: not found 2026-2025,accept_suggestion,same_country_review_reuse,merge as same athlete,,,Pre-filled from same-country admin decision memory. Country is unchanged; change-country cases still require manual review. Source: 2024 gymternet_2024_existing_athlete_match_review.csv.
athlete_match_38706b0c39f3e8a0,medium,possible_existing_athlete_match,Martina Martin,WAG,Maria Martin,ESP,0.923,"ESP, ESP",ESP: 2025 - 1st Spanish League (1 results),Martina Martin: not found 2026-2025 | Maria Martin: not found 2026-2025,,,,,,
athlete_match_05581ebb31616c12,medium,possible_existing_athlete_match,Meline Planta,WAG,Melina Planta,FRA,0.923,"FRA, FRA",FRA: 2025 - French Championships (5 results),Meline Planta: not found 2026-2025 | Melina Planta: not found 2026-2025,accept_suggestion,same_country_review_reuse,merge as same athlete,,,Pre-filled from same-country admin decision memory. Country is unchanged; change-country cases still require manual review. Source: 2024 gymternet_2024_existing_athlete_match_review.csv.
athlete_match_c06e9fe42becf58d,medium,possible_existing_athlete_match,Mia Fujiwara,WAG,Mirea Fujiwara,JPN,0.923,"JPN, JPN",JPN: 2025 - All-Japan Student Championships (5 results),Mia Fujiwara: not found 2026-2025 | Mirea Fujiwara: not found 2026-2025,accept_suggestion,same_country_review_reuse,merge as same athlete,,,Pre-filled from same-country admin decision memory. Country is unchanged; change-country cases still require manual review. Source: 2023 gymternet_2023_existing_athlete_match_review.csv.
athlete_match_cc0a75c46ea17d03,medium,possible_existing_athlete_match,Rin Takahashi,WAG,Ran Takahashi,JPN,0.923,"JPN, JPN",JPN: 2025 - All-Japan Junior Championships (5 results),Rin Takahashi: not found 2026-2025 | Ran Takahashi: not found 2026-2025,accept_suggestion,same_country_review_reuse,merge as same athlete,,,Pre-filled from same-country admin decision memory. Country is unchanged; change-country cases still require manual review. Source: 2024 gymternet_2024_existing_athlete_match_review.csv.
athlete_match_56aec2656752298f,medium,possible_existing_athlete_match,Sara Sobolova,WAG,Sara Dobolova,CZE,0.923,"CZE, CZE",CZE: 2025 - Czech Championships (5 results),Sara Sobolova: not found 2026-2025 | Sara Dobolova: not found 2026-2025,accept_suggestion,same_country_review_reuse,merge as same athlete,,,Pre-filled from same-country admin decision memory. Country is unchanged; change-country cases still require manual review. Source: 2024 gymternet_2024_existing_athlete_match_review.csv.
athlete_match_56637799c8d727e0,medium,possible_existing_athlete_match,Sofia Ambrosio,WAG,Sofia Arosio,ITA,0.923,"ITA, ITA",ITA: 2025 - International GymSport (5 results),Sofia Ambrosio: not found 2026-2025 | Sofia Arosio: not found 2026-2025,accept_suggestion,same_country_review_reuse,merge as same athlete,,,Pre-filled from same-country admin decision memory. Country is unchanged; change-country cases still require manual review. Source: 2023 gymternet_2023_existing_athlete_match_review.csv.
athlete_match_8c17d1a4f35fbc9c,medium,possible_existing_athlete_match,Tasa Jevdenic,WAG,Taja Jevdenic,SLO,0.923,"SLO, SLO",SLO: 2025 - Horizon Cup (5 results),Tasa Jevdenic: not found 2026-2025 | Taja Jevdenic: not found 2026-2025,accept_suggestion,same_country_review_reuse,merge as same athlete,,,Pre-filled from same-country admin decision memory. Country is unchanged; change-country cases still require manual review. Source: 2023 gymternet_2023_existing_athlete_match_review.csv.
athlete_match_3b6f0dc20cf4b482,medium,possible_existing_athlete_match,Thaïs Plisson,WAG,Thais Plisson,FRA,0.923,"FRA, FRA",FRA: 2025 - Top 12 Series 3 (1 results),Thaïs Plisson: not found 2026-2025 | Thais Plisson: not found 2026-2025,accept_suggestion,same_country_review_reuse,merge as same athlete,,,Pre-filled from same-country admin decision memory. Country is unchanged; change-country cases still require manual review. Source: 2022 gymternet_2022_existing_athlete_match_review.csv.
athlete_match_e349fb2642548fff,medium,possible_existing_athlete_match,Vilëza Zeqiri,WAG,Vileza Zeqiri,KOS,0.923,"KOS, KOS",KOS: 2025 - Salamunov Memorial (5 results),Vilëza Zeqiri: not found 2026-2025 | Vileza Zeqiri: not found 2026-2025,,,,,,
athlete_match_4b75b7f3791653d1,medium,possible_existing_athlete_match,Vlera Gërguri,WAG,Vlera Gerguri,KOS,0.923,"KOS, KOS",KOS: 2025 - Horizon Cup (5 results),Vlera Gërguri: not found 2026-2025 | Vlera Gerguri: not found 2026-2025,accept_suggestion,same_country_review_reuse,merge as same athlete,,,Pre-filled from same-country admin decision memory. Country is unchanged; change-country cases still require manual review. Source: 2024 gymternet_2024_existing_athlete_match_review.csv.
athlete_match_fd35e7a5aec9e169,medium,possible_existing_athlete_match,Wang Yingying,WAG,Wang Jingying,CHN,0.923,"CHN, CHN",CHN: 2025 - Chinese National Games (1 results),Wang Yingying: not found 2026-2025 | Wang Jingying: not found 2026-2025,accept_suggestion,same_country_review_reuse,merge as same athlete,,,Pre-filled from same-country admin decision memory. Country is unchanged; change-country cases still require manual review. Source: 2024 gymternet_2024_existing_athlete_match_review.csv.
athlete_match_04433d7625666692,medium,possible_existing_athlete_match,Mia Addis-Mitchell,WAG,Mimi Addis-Mitchell,GBR,0.919,"GBR, GBR",GBR: 2025 - Rushmoor Rose Bowl (5 results),Mia Addis-Mitchell: not found 2026-2025 | Mimi Addis-Mitchell: not found 2026-2025,accept_suggestion,same_country_review_reuse,merge as same athlete,,,Pre-filled from same-country admin decision memory. Country is unchanged; change-country cases still require manual review. Source: 2024 gymternet_2024_existing_athlete_match_review.csv.
athlete_match_861e34edfae6c781,medium,possible_existing_athlete_match,Josh Walker,MAG,Joshua Walker,AUS,0.917,"AUS, AUS",AUS: 2025 - Australian Championships (5 results),Josh Walker: not found 2026-2025 | Joshua Walker: not found 2026-2025,,,,,,
athlete_match_e610f49561390704,medium,possible_existing_athlete_match,Kim Yungyung,MAG,Kim Yunkyung,KOR,0.917,"KOR, KOR",KOR: 2025 - Korean National Sports Festival (3 results); 2025 - Singapore Open (2 results),Kim Yungyung: not found 2026-2025 | Kim Yunkyung: not found 2026-2025,,,,,,
athlete_match_91e468060a9fc0da,medium,possible_existing_athlete_match,Koushik Kazi,MAG,Kaushik Kazi,IND,0.917,"IND, IND",IND: 2025 - Indian National Games (2 results),Koushik Kazi: not found 2026-2025 | Kaushik Kazi: not found 2026-2025,accept_suggestion,same_country_review_reuse,merge as same athlete,,,Pre-filled from same-country admin decision memory. Country is unchanged; change-country cases still require manual review. Source: 2024 gymternet_2024_existing_athlete_match_review.csv.
athlete_match_6b80ba2664aba324,medium,possible_existing_athlete_match,Léo Saladino,MAG,Leo Saladino,FRA,0.917,"FRA, FRA",FRA: 2025 - French Championships (5 results),Léo Saladino: not found 2026-2025 | Leo Saladino: not found 2026-2025,accept_suggestion,same_country_review_reuse,merge as same athlete,,,Pre-filled from same-country admin decision memory. Country is unchanged; change-country cases still require manual review. Source: 2024 gymternet_2024_existing_athlete_match_review.csv.
athlete_match_43a05280fa39c11f,medium,possible_existing_athlete_match,Lim Hongguen,MAG,Lim Honggeun,KOR,0.917,"KOR, KOR",KOR: 2025 - Singapore Open (2 results),Lim Hongguen: not found 2026-2025 | Lim Honggeun: not found 2026-2025,,,,,,
athlete_match_52a01b773c6fe992,medium,possible_existing_athlete_match,Lukas Kochan,MAG,Lucas Kochan,GER,0.917,"GER, GER",GER: 2025 - Lausitz Cup (4 results),Lukas Kochan: not found 2026-2025 | Lucas Kochan: not found 2026-2025,,,,,,
athlete_match_829df1273bbd95fb,high,possible_existing_athlete_match,Mark Müller,MAG,Markus Müller,GER,0.917,"AUT, GER",AUT: 2025 - Hanspeter Demetz Memorial (5 results),Mark Müller: not found 2026-2025 | Markus Müller: not found 2026-2025,,,,,,
athlete_match_055de50772f8751d,medium,possible_existing_athlete_match,Matvei Zanin,MAG,Matvey Zanin,RUS,0.917,"RUS, RUS",RUS: 2025 - Voronin Cup (5 results),Matvei Zanin: not found 2026-2025 | Matvey Zanin: not found 2026-2025,,,,,,
athlete_match_36146e54e075a2e8,medium,possible_existing_athlete_match,Naël Sakouhi,MAG,Nael Sakouhi,FRA,0.917,"FRA, FRA",FRA: 2025 - Junior World Championships (5 results),Naël Sakouhi: not found 2026-2025 | Nael Sakouhi: not found 2026-2025,accept_suggestion,same_country_review_reuse,merge as same athlete,,,Pre-filled from same-country admin decision memory. Country is unchanged; change-country cases still require manual review. Source: 2024 gymternet_2024_existing_athlete_match_review.csv.
athlete_match_a732aa516e164bf7,medium,possible_existing_athlete_match,Park Geonwoo,MAG,Park Seonwoo,KOR,0.917,"KOR, KOR",KOR: 2025 - South Korean Championships (5 results),Park Geonwoo: not found 2026-2025 | Park Seonwoo: not found 2026-2025,,,,,,
athlete_match_2e26250e2a5b1b68,medium,possible_existing_athlete_match,Syota Tajima,MAG,Shota Tajima,JPN,0.917,"JPN, JPN",JPN: 2025 - All-Japan Student Championships (5 results),Syota Tajima: not found 2026-2025 | Shota Tajima: not found 2026-2025,accept_suggestion,same_country_review_reuse,merge as same athlete,,,Pre-filled from same-country admin decision memory. Country is unchanged; change-country cases still require manual review. Source: 2024 gymternet_2024_existing_athlete_match_review.csv.
athlete_match_25157bf9477edb43,medium,possible_existing_athlete_match,Wlimer Verni,MAG,Wilmer Verni,ITA,0.917,"ITA, ITA",ITA: 2025 - 3rd Italian Serie A (1 results),Wlimer Verni: not found 2026-2025 | Wilmer Verni: not found 2026-2025,,,,,,
athlete_match_f53bb42e124d8cf8,medium,possible_existing_athlete_match,Ambre Frotté,WAG,Ambre Frotte,FRA,0.917,"FRA, FRA",FRA: 2025 - 1st Spanish League (3 results),Ambre Frotté: not found 2026-2025 | Ambre Frotte: not found 2026-2025,accept_suggestion,same_country_review_reuse,merge as same athlete,,,Pre-filled from same-country admin decision memory. Country is unchanged; change-country cases still require manual review. Source: 2024 gymternet_2024_existing_athlete_match_review.csv.
athlete_match_1f082f048e97b77f,medium,possible_existing_athlete_match,Ami Kanamoto,WAG,Ami Kamamoto,JPN,0.917,"JPN, JPN",JPN: 2025 - All-Japan Junior Championships (5 results),Ami Kanamoto: not found 2026-2025 | Ami Kamamoto: not found 2026-2025,accept_suggestion,same_country_review_reuse,merge as same athlete,,,Pre-filled from same-country admin decision memory. Country is unchanged; change-country cases still require manual review. Source: 2024 gymternet_2024_existing_athlete_match_review.csv.
athlete_match_8f84500493d1af2d,medium,possible_existing_athlete_match,Anita del Bò,WAG,Anita del Bo,ITA,0.917,"ITA, ITA",ITA: 2025 - 2nd Italian Serie A (1 results); 2025 - Champion's Cup (1 results),Anita del Bò: not found 2026-2025 | Anita del Bo: not found 2026-2025,,,,,,
athlete_match_7ef3eb925ac3cbc6,medium,possible_existing_athlete_match,Anna Petrova,WAG,Anna Vetrova,RUS,0.917,"RUS, RUS",RUS: 2025 - Russian Junior Championships (5 results),Anna Petrova: not found 2026-2025 | Anna Vetrova: not found 2026-2025,,,,,,
athlete_match_d75027c79a3df3b1,medium,possible_existing_athlete_match,Célia Serber,WAG,Celia Serber,FRA,0.917,"FRA, FRA",FRA: 2025 - World University Games (5 results),Célia Serber: not found 2026-2025 | Celia Serber: not found 2026-2025,accept_suggestion,same_country_review_reuse,merge as same athlete,,,Pre-filled from same-country admin decision memory. Country is unchanged; change-country cases still require manual review. Source: 2024 gymternet_2024_existing_athlete_match_review.csv.
athlete_match_be32b97f3ccc9887,medium,possible_existing_athlete_match,Chloé Ragell,WAG,Chloe Ragell,SWE,0.917,"SWE, SWE",SWE: 2025 - Mälar Cup (5 results),Chloé Ragell: not found 2026-2025 | Chloe Ragell: not found 2026-2025,,,,,,
athlete_match_df4cfeb33ef844d1,medium,possible_existing_athlete_match,Giada Cricrì,WAG,Giada Cricri,ITA,0.917,"ITA, ITA",ITA: 2025 - 3rd Italian Serie A (2 results),Giada Cricrì: not found 2026-2025 | Giada Cricri: not found 2026-2025,,,,,,
athlete_match_21f2a6e0efb92589,medium,possible_existing_athlete_match,Hanaka Nanba,WAG,Nana Hanaoka,JPN,0.917,"JPN, JPN",JPN: 2025 - All-Japan Junior Championships (5 results),Hanaka Nanba: not found 2026-2025 | Nana Hanaoka: not found 2026-2025,,,,,,
athlete_match_ccc9118a2409afba,medium,possible_existing_athlete_match,Khloë Timmer,WAG,Khloe Timmer,HAI,0.917,"HAI, HAI",HAI: 2025 - Paris Challenge Cup (2 results),Khloë Timmer: not found 2026-2025 | Khloe Timmer: not found 2026-2025,accept_suggestion,same_country_review_reuse,merge as same athlete,,,Pre-filled from same-country admin decision memory. Country is unchanged; change-country cases still require manual review. Source: 2024 gymternet_2024_existing_athlete_match_review.csv.
athlete_match_8be61a4fa332b4ba,high,possible_existing_athlete_match,Luisa Keller,WAG,Elisa Keller,SUI,0.917,"GER, SUI",GER: 2025 - German Cup (5 results),Luisa Keller: not found 2026-2025 | Elisa Keller: not found 2026-2025,,,,,,
athlete_match_daed54340e762ef3,medium,possible_existing_athlete_match,Marta Garcia,WAG,Maria Garcia,ESP,0.917,"ESP, ESP",ESP: 2025 - 2nd Spanish League (1 results),Marta Garcia: not found 2026-2025 | Maria Garcia: not found 2026-2025,,,,,,
athlete_match_703157c1fef674e6,medium,possible_existing_athlete_match,Martina Neri,WAG,Martina Peri,ITA,0.917,"ITA, ITA",ITA: 2025 - Champion's Cup (3 results); 2025 - Italian Gold Championships (1 results),Martina Neri: not found 2026-2025 | Martina Peri: not found 2026-2025,,,,,,
athlete_match_3b30d1cd63e5f9bc,high,possible_existing_athlete_match,Matilde Roda,WAG,Matilde Rota,ITA,0.917,"ITA, POR",POR: 2025 - International GymSport (5 results),Matilde Roda: not found 2026-2025 | Matilde Rota: not found 2026-2025,,,,,,
athlete_match_705d1c6edf83df32,medium,possible_existing_athlete_match,Tiria Szelai,WAG,Tiria Szalai,HUN,0.917,"HUN, HUN",HUN: 2025 - Elek Matolay Memorial (5 results),Tiria Szelai: not found 2026-2025 | Tiria Szalai: not found 2026-2025,,,,,,
athlete_match_244674dd4c060886,medium,possible_existing_athlete_match,Toja Sedojna,WAG,Toja Sedonja,SLO,0.917,"SLO, SLO",SLO: 2025 - Iceland Classic (5 results),Toja Sedojna: not found 2026-2025 | Toja Sedonja: not found 2026-2025,,,,,,
athlete_match_737e44c0492dfc6a,medium,possible_existing_athlete_match,Zelmé Daries,WAG,Zelme Daries,RSA,0.917,"RSA, RSA",RSA: 2025 - South African Worlds Trials (5 results),Zelmé Daries: not found 2026-2025 | Zelme Daries: not found 2026-2025,accept_suggestion,same_country_review_reuse,merge as same athlete,,,Pre-filled from same-country admin decision memory. Country is unchanged; change-country cases still require manual review. Source: 2024 gymternet_2024_existing_athlete_match_review.csv.
athlete_match_350a489d3c0fb3d2,medium,possible_existing_athlete_match,Zhang Yuning,WAG,Zhang Yuying,CHN,0.917,"CHN, CHN",CHN: 2025 - Chinese National Games (2 results),Zhang Yuning: not found 2026-2025 | Zhang Yuying: not found 2026-2025,,,,,,
athlete_match_0edf42b9a9303845,medium,possible_existing_athlete_match,Arthur Olyslaegers,MAG,Arthur Oylsaegers,BEL,0.914,"BEL, BEL",BEL: 2025 - Belgian Championships (5 results),Arthur Olyslaegers: not found 2026-2025 | Arthur Oylsaegers: not found 2026-2025,accept_suggestion,same_country_review_reuse,merge as same athlete,,,Pre-filled from same-country admin decision memory. Country is unchanged; change-country cases still require manual review. Source: 2024 gymternet_2024_existing_athlete_match_review.csv.
athlete_match_74ab2097078275a8,medium,possible_existing_athlete_match,Hordei Peredereev,MAG,Hardzei Peredereev,BLR,0.914,"BLR, BLR",BLR: 2025 - Gymnastics Legends (5 results),Hordei Peredereev: not found 2026-2025 | Hardzei Peredereev: not found 2026-2025,,,,,,
athlete_match_9b8288d481d9f8a2,medium,possible_existing_athlete_match,Ryunosuke Matsumoto,MAG,Yusuke Matsumoto,JPN,0.914,"JPN, JPN",JPN: 2025 - All-Japan Junior Championships (5 results),Ryunosuke Matsumoto: not found 2026-2025 | Yusuke Matsumoto: not found 2026-2025,,,,,,
athlete_match_47a70b6f66f5ea93,medium,possible_existing_athlete_match,Artemis Tsilimponi,WAG,Artemis Tsiliboni,GRE,0.914,"GRE, GRE",GRE: 2025 - Greek Championships (5 results),Artemis Tsilimponi: not found 2026-2025 | Artemis Tsiliboni: not found 2026-2025,,,,,,
athlete_match_4cd1be04824f3112,medium,possible_existing_athlete_match,Johanna Logadottir,WAG,Johanna Oladottir,ISL,0.914,"ISL, ISL",ISL: 2025 - Mälar Cup (5 results),Johanna Logadottir: not found 2026-2025 | Johanna Oladottir: not found 2026-2025,accept_suggestion,same_country_review_reuse,merge as same athlete,,,Pre-filled from same-country admin decision memory. Country is unchanged; change-country cases still require manual review. Source: 2024 gymternet_2024_existing_athlete_match_review.csv.
athlete_match_5509017e8fb15cfa,medium,possible_existing_athlete_match,Grayson Gutsel Vander-Muelen,MAG,Grayson Gutsell Vander Meulen,CAN,0.912,"CAN, CAN",CAN: 2025 - Canadian Championships (4 results); 2025 - Elite Canada (1 results),Grayson Gutsel Vander-Muelen: not found 2026-2025 | Grayson Gutsell Vander Meulen: not found 2026-2025,,,,,,
athlete_match_fcf2476ae9da4752,medium,possible_existing_athlete_match,Adam Ateyeh,MAG,Adem Ateyeh,SUI,0.909,"SUI, SUI",SUI: 2025 - Swiss Championships (5 results),Adam Ateyeh: not found 2026-2025 | Adem Ateyeh: not found 2026-2025,accept_suggestion,same_country_review_reuse,merge as same athlete,,,Pre-filled from same-country admin decision memory. Country is unchanged; change-country cases still require manual review. Source: 2024 gymternet_2024_existing_athlete_match_review.csv.
athlete_match_c96c9be4757c7545,medium,possible_existing_athlete_match,Ihor Dyshuk,MAG,Igor Dyshuk,UKR,0.909,"UKR, UKR",UKR: 2025 - Tashkent Challenge Cup (2 results); 2025 - World University Games (3 results),Ihor Dyshuk: not found 2026-2025 | Igor Dyshuk: not found 2026-2025,accept_suggestion,same_country_review_reuse,merge as same athlete,,,Pre-filled from same-country admin decision memory. Country is unchanged; change-country cases still require manual review. Source: 2024 gymternet_2024_existing_athlete_match_review.csv.
athlete_match_2c23d2da33e6c87c,medium,possible_existing_athlete_match,Kho Tong Yu,MAG,Tong-Yu Kho,SGP,0.909,"SGP, SGP",SGP: 2025 - Singapore Open (5 results),Kho Tong Yu: not found 2026-2025 | Tong-Yu Kho: not found 2026-2025,accept_suggestion,same_country_review_reuse,merge as same athlete,,,Pre-filled from same-country admin decision memory. Country is unchanged; change-country cases still require manual review. Source: 2024 gymternet_2024_existing_athlete_match_review.csv.
athlete_match_9f20f9a60cf26d70,medium,possible_existing_athlete_match,Liao Loukai,MAG,Liao Luokai,CHN,0.909,"CHN, CHN",CHN: 2025 - Chinese Championships (5 results),Liao Loukai: not found 2026-2025 | Liao Luokai: not found 2026-2025,,,,,,
athlete_match_a0eee7f96a91e952,high,possible_existing_athlete_match,Luan Santos,MAG,Luka Santos,POR,0.909,"BRA, POR",BRA: 2025 - Brazilian Junior Championships (5 results),Luan Santos: not found 2026-2025 | Luka Santos: not found 2026-2025,,,,,,
athlete_match_897939bd401d2f74,medium,possible_existing_athlete_match,Ma Zhaolong,MAG,Ma Chaolong,CHN,0.909,"CHN, CHN",CHN: 2025 - Chinese Championships (3 results); 2025 - Chinese National Games (2 results),Ma Zhaolong: not found 2026-2025 | Ma Chaolong: not found 2026-2025,,,,,,
athlete_match_37e40605dc302518,medium,possible_existing_athlete_match,Stilianos Xristodoulou,MAG,Stilianos Xristodoyloy,CYP,0.909,"CYP, CYP",CYP: 2025 - Horizon Cup (5 results),Stilianos Xristodoulou: not found 2026-2025 | Stilianos Xristodoyloy: not found 2026-2025,,,,,,
athlete_match_fe2bca48980e4941,medium,possible_existing_athlete_match,Thomas Kjønsberg,MAG,Thomas Kjoensberg,NOR,0.909,"NOR, NOR",NOR: 2025 - Unni & Haralds Trophy (5 results),Thomas Kjønsberg: not found 2026-2025 | Thomas Kjoensberg: not found 2026-2025,accept_suggestion,same_country_review_reuse,merge as same athlete,,,Pre-filled from same-country admin decision memory. Country is unchanged; change-country cases still require manual review. Source: 2024 gymternet_2024_existing_athlete_match_review.csv.
athlete_match_28e466e569cbbf33,medium,possible_existing_athlete_match,Wang Tianwu,MAG,Wang Tianfu,CHN,0.909,"CHN, CHN",CHN: 2025 - Chinese Junior Championships (5 results),Wang Tianwu: not found 2026-2025 | Wang Tianfu: not found 2026-2025,,,,,,
athlete_match_7d0597d078a38195,medium,possible_existing_athlete_match,Wei Zhengxi,MAG,Wei Zhengzi,CHN,0.909,"CHN, CHN",CHN: 2025 - Chinese Championships (5 results),Wei Zhengxi: not found 2026-2025 | Wei Zhengzi: not found 2026-2025,accept_suggestion,same_country_review_reuse,merge as same athlete,,,Pre-filled from same-country admin decision memory. Country is unchanged; change-country cases still require manual review. Source: 2023 gymternet_2023_existing_athlete_match_review.csv.
athlete_match_dae1f77febbabcf9,medium,possible_existing_athlete_match,Wu Xuaoming,MAG,Wu Xiaoming,CHN,0.909,"CHN, CHN",CHN: 2025 - Chinese Championships (4 results),Wu Xuaoming: not found 2026-2025 | Wu Xiaoming: not found 2026-2025,,,,,,
athlete_match_c2fe18d9d8055200,medium,possible_existing_athlete_match,Zeng Jialin,MAG,Ceng Jialin,CHN,0.909,"CHN, CHN",CHN: 2025 - Chinese Junior Championships (5 results),Zeng Jialin: not found 2026-2025 | Ceng Jialin: not found 2026-2025,,,,,,
athlete_match_3984f7cd1be8d11d,medium,possible_existing_athlete_match,Anastasia Spirina,WAG,Anastasia Pizina,RUS,0.909,"RUS, RUS",RUS: 2025 - Russian Junior Championships (5 results),Anastasia Spirina: not found 2026-2025 | Anastasia Pizina: not found 2026-2025,,,,,,
athlete_match_336aba5474064b06,medium,possible_existing_athlete_match,Anastasiia Rizhko,WAG,Anastasija Rizko,LAT,0.909,"LAT, LAT",LAT: 2025 - Latvian Cup (5 results),Anastasiia Rizhko: not found 2026-2025 | Anastasija Rizko: not found 2026-2025,accept_suggestion,same_country_review_reuse,merge as same athlete,,,Pre-filled from same-country admin decision memory. Country is unchanged; change-country cases still require manual review. Source: 2024 gymternet_2024_existing_athlete_match_review.csv.
athlete_match_312ee36687b024f6,medium,possible_existing_athlete_match,Asia Daini,WAG,Asia Damiani,ITA,0.909,"ITA, ITA",ITA: 2025 - Italian Gold Championships (1 results),Asia Daini: not found 2026-2025 | Asia Damiani: not found 2026-2025,,,,,,
athlete_match_13a0340e498d9368,medium,possible_existing_athlete_match,Astria Nélo,WAG,Astria Nelo,FRA,0.909,"FRA, FRA",FRA: 2025 - Gymnova Cup (5 results),Astria Nélo: not found 2026-2025 | Astria Nelo: not found 2026-2025,accept_suggestion,same_country_review_reuse,merge as same athlete,,,Pre-filled from same-country admin decision memory. Country is unchanged; change-country cases still require manual review. Source: 2024 gymternet_2024_existing_athlete_match_review.csv.
athlete_match_7eda24d6647a75c4,medium,possible_existing_athlete_match,Chloé Baert,WAG,Chloe Baert,BEL,0.909,"BEL, BEL",BEL: 2025 - Rotterdam Friendly (5 results),Chloé Baert: not found 2026-2025 | Chloe Baert: not found 2026-2025,accept_suggestion,same_country_review_reuse,merge as same athlete,,,Pre-filled from same-country admin decision memory. Country is unchanged; change-country cases still require manual review. Source: 2022 gymternet_2022_existing_athlete_match_review.csv.
athlete_match_fe78345ae0f05dc8,medium,possible_existing_athlete_match,Ines del Bò,WAG,Ines del Bo,ITA,0.909,"ITA, ITA",ITA: 2025 - Champion's Cup (2 results); 2025 - Italian Gold Championships (3 results),Ines del Bò: not found 2026-2025 | Ines del Bo: not found 2026-2025,accept_suggestion,same_country_review_reuse,merge as same athlete,,,Pre-filled from same-country admin decision memory. Country is unchanged; change-country cases still require manual review. Source: 2024 gymternet_2024_existing_athlete_match_review.csv.
athlete_match_7130f40efd9e83b2,medium,possible_existing_athlete_match,Julia Lladó,WAG,Julia Llado,ESP,0.909,"ESP, ESP",ESP: 2025 - 1st Spanish League (2 results),Julia Lladó: not found 2026-2025 | Julia Llado: not found 2026-2025,,,,,,
athlete_match_741bd895d0284938,medium,possible_existing_athlete_match,Julia Silva,WAG,Julie Silva,BRA,0.909,"BRA, BRA",BRA: 2025 - Brazilian Championships (5 results),Julia Silva: not found 2026-2025 | Julie Silva: not found 2026-2025,accept_suggestion,same_country_review_reuse,merge as same athlete,,,Pre-filled from same-country admin decision memory. Country is unchanged; change-country cases still require manual review. Source: 2024 gymternet_2024_existing_athlete_match_review.csv.
athlete_match_49ab679baefdcccd,medium,possible_existing_athlete_match,Kokona Sato,WAG,Kokona Kato,JPN,0.909,"JPN, JPN",JPN: 2025 - All-Japan Team Championships (3 results),Kokona Sato: not found 2026-2025 | Kokona Kato: not found 2026-2025,,,,,,
athlete_match_a491fbe101c4f46b,medium,possible_existing_athlete_match,Lee Sooyeon,WAG,Lee Seoyeon,KOR,0.909,"KOR, KOR",KOR: 2025 - South Korean Championships (5 results),Lee Sooyeon: not found 2026-2025 | Lee Seoyeon: not found 2026-2025,,,,,,
athlete_match_84e170552ea17633,medium,possible_existing_athlete_match,Maëva Guery,WAG,Maeva Guery,FRA,0.909,"FRA, FRA",FRA: 2025 - French National Team Review (3 results); 2026 - Top 12 Series 3 (2026) (2 results),Maëva Guery: not found 2026-2025 | Maeva Guery: not found 2026-2025,accept_suggestion,same_country_review_reuse,merge as same athlete,,,Pre-filled from same-country admin decision memory. Country is unchanged; change-country cases still require manual review. Source: 2024 gymternet_2024_existing_athlete_match_review.csv.
athlete_match_79e9580f5eae7863,medium,possible_existing_athlete_match,Maïana Prat,WAG,Maiana Prat,FRA,0.909,"FRA, FRA",FRA: 2025 - Tournoi International (5 results),Maïana Prat: not found 2026-2025 | Maiana Prat: not found 2026-2025,accept_suggestion,same_country_review_reuse,merge as same athlete,,,Pre-filled from same-country admin decision memory. Country is unchanged; change-country cases still require manual review. Source: 2024 gymternet_2024_existing_athlete_match_review.csv.
athlete_match_9f71bb29ff567b76,high,possible_existing_athlete_match,Mariana Hernandez,WAG,Ariann Hernandez,PAN,0.909,"MEX, PAN",MEX: 2025 - Mexican Championships (5 results),Mariana Hernandez: not found 2026-2025 | Ariann Hernandez: not found 2026-2025,,,,,,
athlete_match_3f14835b303d5fff,medium,possible_existing_athlete_match,Noa Sanchez,WAG,Ana Sanchez,ESP,0.909,"ESP, ESP",ESP: 2025 - 1st Spanish League (5 results),Noa Sanchez: not found 2026-2025 | Ana Sanchez: not found 2026-2025,,,,,,
athlete_match_ff8c978afa38d10c,medium,possible_existing_athlete_match,Park Soobin,WAG,Park Soojin,KOR,0.909,"KOR, KOR",KOR: 2025 - South Korean Championships (5 results),Park Soobin: not found 2026-2025 | Park Soojin: not found 2026-2025,,,,,,
athlete_match_9d1c0c131b1d114e,medium,possible_existing_athlete_match,Sarai Oyama,WAG,Sorai Oyama,JPN,0.909,"JPN, JPN",JPN: 2025 - Japanese National Spots Festival (5 results),Sarai Oyama: not found 2026-2025 | Sorai Oyama: not found 2026-2025,,,,,,
athlete_match_afeda793fb9c3276,medium,possible_existing_athlete_match,Valëza Rama,WAG,Valeza Rama,KOS,0.909,"KOS, KOS",KOS: 2025 - Salamunov Memorial (5 results),Valëza Rama: not found 2026-2025 | Valeza Rama: not found 2026-2025,accept_suggestion,same_country_review_reuse,merge as same athlete,,,Pre-filled from same-country admin decision memory. Country is unchanged; change-country cases still require manual review. Source: 2024 gymternet_2024_existing_athlete_match_review.csv.
athlete_match_c28c651cf0e1552b,medium,possible_existing_athlete_match,Wang Jiahui,WAG,Wang Jiarui,CHN,0.909,"CHN, CHN",CHN: 2025 - Chinese Championships (5 results),Wang Jiahui: not found 2026-2025 | Wang Jiarui: not found 2026-2025,accept_suggestion,same_country_review_reuse,merge as same athlete,,,Pre-filled from same-country admin decision memory. Country is unchanged; change-country cases still require manual review. Source: 2024 gymternet_2024_existing_athlete_match_review.csv.
athlete_match_85475073ec517b74,medium,possible_existing_athlete_match,Yléa Tollet,WAG,Ylea Tollet,BEL,0.909,"BEL, BEL",BEL: 2025 - Belgian Championships (3 results); 2025 - World University Games (2 results),Yléa Tollet: not found 2026-2025 | Ylea Tollet: not found 2026-2025,accept_suggestion,same_country_review_reuse,merge as same athlete,,,Pre-filled from same-country admin decision memory. Country is unchanged; change-country cases still require manual review. Source: 2024 gymternet_2024_existing_athlete_match_review.csv.
athlete_match_79ccd9f728607a4c,medium,possible_existing_athlete_match,Zhang Xinzi,WAG,Zhang Xinyi,CHN,0.909,"CHN, CHN",CHN: 2025 - Chinese Junior Championships (5 results),Zhang Xinzi: not found 2026-2025 | Zhang Xinyi: not found 2026-2025,,,,,,
athlete_match_a94a194e2f56c5eb,medium,possible_existing_athlete_match,Zhang Yahan,WAG,Zhang Yihan,CHN,0.909,"CHN, CHN",CHN: 2025 - Chinese Junior Championships (5 results),Zhang Yahan: not found 2026-2025 | Zhang Yihan: not found 2026-2025,,,,,,
athlete_match_c1d01c455d5d7446,medium,possible_existing_athlete_match,Aimilia Ovsepian,WAG,Emilia Ovsepian,GRE,0.903,"GRE, GRE",GRE: 2025 - European Youth Olympic Festival (3 results),Aimilia Ovsepian: not found 2026-2025 | Emilia Ovsepian: not found 2026-2025,,,,,,
athlete_match_fdf5a7f3b1d55715,medium,possible_existing_athlete_match,Dalina Georgieva,WAG,Diana Georgieva,BUL,0.903,"BUL, BUL",BUL: 2025 - Bulgarian Championships (1 results),Dalina Georgieva: not found 2026-2025 | Diana Georgieva: not found 2026-2025,accept_suggestion,same_country_review_reuse,merge as same athlete,,,Pre-filled from same-country admin decision memory. Country is unchanged; change-country cases still require manual review. Source: 2024 gymternet_2024_existing_athlete_match_review.csv.
athlete_match_126082b598f66664,medium,possible_existing_athlete_match,Karina Pavlova,WAG,Ekaterina Pavlova,RUS,0.903,"RUS, RUS",RUS: 2025 - Russian Youth Spartakiade (5 results),Karina Pavlova: not found 2026-2025 | Ekaterina Pavlova: not found 2026-2025,,,,,,
athlete_match_f2fda51cef9ddb51,high,possible_existing_athlete_match,Katrin Dimitrova,WAG,Arina Dimitrova,RUS,0.903,"BUL, RUS",BUL: 2025 - Bulgarian Championships (5 results),Katrin Dimitrova: not found 2026-2025 | Arina Dimitrova: not found 2026-2025,,,,,,
athlete_match_6d047b7e98751a79,high,possible_existing_athlete_match,Valentina Parra,WAG,Valentina Sarria,ESP,0.903,"ARG, ESP",ARG: 2025 - Argentinian Championships (5 results),Valentina Parra: not found 2026-2025 | Valentina Sarria: not found 2026-2025,,,,,,
athlete_match_2c856d0f3c536c99,high,possible_existing_athlete_match,Viktoria Volkova,WAG,Viktoria Ilkova,BUL,0.903,"BUL, SWE",SWE: 2025 - Swedish Championships (5 results),Viktoria Volkova: not found 2026-2025 | Viktoria Ilkova: not found 2026-2025,,,,,,
athlete_match_6080a7907a803b3f,high,possible_existing_athlete_match,Eiad Ahmed,MAG,Jiad Ahmed,IND,0.9,"EGY, IND",EGY: 2025 - Pharaoh's Cup (2 results),Eiad Ahmed: not found 2026-2025 | Jiad Ahmed: not found 2026-2025,,,,,,
athlete_match_9ea380babd9082ad,medium,possible_existing_athlete_match,Gai Oshima,MAG,Kai Oshima,JPN,0.9,"JPN, JPN",JPN: 2025 - All-Japan Student Championships (5 results),Gai Oshima: not found 2026-2025 | Kai Oshima: not found 2026-2025,accept_suggestion,same_country_review_reuse,merge as same athlete,,,Pre-filled from same-country admin decision memory. Country is unchanged; change-country cases still require manual review. Source: 2024 gymternet_2024_existing_athlete_match_review.csv.
athlete_match_1c8dec85708e279f,medium,possible_existing_athlete_match,James Hill,MAG,James Hall,GBR,0.9,"GBR, GBR",GBR: 2025 - English Championships (5 results),James Hill: not found 2026-2025 | James Hall: not found 2026-2025,accept_suggestion,same_country_review_reuse,merge as same athlete,,,Pre-filled from same-country admin decision memory. Country is unchanged; change-country cases still require manual review. Source: 2024 gymternet_2024_existing_athlete_match_review.csv.
athlete_match_2853d31a5b5ca93f,medium,possible_existing_athlete_match,Kim Jiwon,MAG,Kim Jinkwon,KOR,0.9,"KOR, KOR",KOR: 2025 - Korean National Sports Festival (5 results),Kim Jiwon: not found 2026-2025 | Kim Jinkwon: not found 2026-2025,,,,,,
athlete_match_ddde4a9fc256803b,medium,possible_existing_athlete_match,Kim Kihoon,MAG,Kim Jihoon,KOR,0.9,"KOR, KOR",KOR: 2025 - South Korean Championships (5 results),Kim Kihoon: not found 2026-2025 | Kim Jihoon: not found 2026-2025,,,,,,
athlete_match_9efd195710906b54,medium,possible_existing_athlete_match,Oh Chaejin,MAG,Oh Chaejun,KOR,0.9,"KOR, KOR",KOR: 2025 - South Korean Championships (5 results),Oh Chaejin: not found 2026-2025 | Oh Chaejun: not found 2026-2025,,,,,,
athlete_match_e5605e3c5646eb02,medium,possible_existing_athlete_match,Roméo Jost,MAG,Romeo Jost,BEL,0.9,"BEL, BEL",BEL: 2025 - Wase Gymcup (5 results),Roméo Jost: not found 2026-2025 | Romeo Jost: not found 2026-2025,accept_suggestion,same_country_review_reuse,merge as same athlete,,,Pre-filled from same-country admin decision memory. Country is unchanged; change-country cases still require manual review. Source: 2024 gymternet_2024_existing_athlete_match_review.csv.
athlete_match_5b24574904d5e959,medium,possible_existing_athlete_match,Seza Özcan,MAG,Seza Özkan,TUR,0.9,"TUR, TUR",TUR: 2025 - Turkish Championships (5 results),Seza Özcan: not found 2026-2025 | Seza Özkan: not found 2026-2025,accept_suggestion,same_country_review_reuse,merge as same athlete,,,Pre-filled from same-country admin decision memory. Country is unchanged; change-country cases still require manual review. Source: 2023 gymternet_2023_existing_athlete_match_review.csv.
athlete_match_c66b0a3684212483,medium,possible_existing_athlete_match,Wang Yihao,MAG,Wang Yuhao,CHN,0.9,"CHN, CHN",CHN: 2025 - Chinese Junior Championships (5 results),Wang Yihao: not found 2026-2025 | Wang Yuhao: not found 2026-2025,accept_suggestion,same_country_review_reuse,merge as same athlete,,,Pre-filled from same-country admin decision memory. Country is unchanged; change-country cases still require manual review. Source: 2022 gymternet_2022_existing_athlete_match_review.csv.
athlete_match_078c797954763366,medium,possible_existing_athlete_match,Wu Junting,MAG,Wu Junding,CHN,0.9,"CHN, CHN",CHN: 2025 - Chinese Championships (3 results),Wu Junting: not found 2026-2025 | Wu Junding: not found 2026-2025,accept_suggestion,same_country_review_reuse,merge as same athlete,,,Pre-filled from same-country admin decision memory. Country is unchanged; change-country cases still require manual review. Source: 2024 gymternet_2024_existing_athlete_match_review.csv.
athlete_match_143d35b8d32ba2df,medium,possible_existing_athlete_match,Zhang Junxi,MAG,Zhang Jun,CHN,0.9,"CHN, CHN",CHN: 2025 - Chinese Junior Championships (5 results),Zhang Junxi: not found 2026-2025 | Zhang Jun: not found 2026-2025,,,,,,
athlete_match_431f2f2943c34166,medium,possible_existing_athlete_match,Arisa Sato,WAG,Arisa Sano,JPN,0.9,"JPN, JPN",JPN: 2025 - All-Japan Junior Championships (5 results),Arisa Sato: not found 2026-2025 | Arisa Sano: not found 2026-2025,,,,,,
athlete_match_c988ed7a9c8e19c2,medium,possible_existing_athlete_match,Ekaterina Poliakova,WAG,Ekaterina Polikarpova,RUS,0.9,"RUS, RUS",RUS: 2025 - Russian Junior Championships (5 results),Ekaterina Poliakova: not found 2026-2025 | Ekaterina Polikarpova: not found 2026-2025,,,,,,
athlete_match_1af2aa43770ccec8,high,possible_existing_athlete_match,Ellie Owen,WAG,Ellie Bowe,IRL,0.9,"GBR, IRL",GBR: 2025 - English Championships (5 results),Ellie Owen: not found 2026-2025 | Ellie Bowe: not found 2026-2025,,,,,,
athlete_match_bfb965c290b34dea,medium,possible_existing_athlete_match,Katerina Prevezanou,WAG,Aikaterini Prevezanou,GRE,0.9,"GRE, GRE",GRE: 2025 - Horizon Cup (5 results),Katerina Prevezanou: not found 2026-2025 | Aikaterini Prevezanou: not found 2026-2025,,,,,,
athlete_match_b30b5fd61df777c1,medium,possible_existing_athlete_match,Lee Hyejin,WAG,Lee Haejin,KOR,0.9,"KOR, KOR",KOR: 2025 - Asian Championships (5 results),Lee Hyejin: not found 2026-2025 | Lee Haejin: not found 2026-2025,accept_suggestion,same_country_review_reuse,merge as same athlete,,,Pre-filled from same-country admin decision memory. Country is unchanged; change-country cases still require manual review. Source: 2024 gymternet_2024_existing_athlete_match_review.csv.
athlete_match_c2039fd7f7d71808,medium,possible_existing_athlete_match,Lee Jiyeon,WAG,Lee Jiseon,KOR,0.9,"KOR, KOR",KOR: 2025 - Korean National Sports Festival (5 results),Lee Jiyeon: not found 2026-2025 | Lee Jiseon: not found 2026-2025,,,,,,
athlete_match_3c8ba9484527046b,medium,possible_existing_athlete_match,Lee Yubin,WAG,Lee Hyunbin,KOR,0.9,"KOR, KOR",KOR: 2025 - South Korean Championships (5 results),Lee Yubin: not found 2026-2025 | Lee Hyunbin: not found 2026-2025,,,,,,
athlete_match_f71cc239baf3941f,medium,possible_existing_athlete_match,Nguyen Thi Quynh Nam,WAG,Nguyen Thi Quynh Nhu,VIE,0.9,"VIE, VIE",VIE: 2025 - Southeast Asian Games (3 results),Nguyen Thi Quynh Nam: not found 2026-2025 | Nguyen Thi Quynh Nhu: not found 2026-2025,,,,,,
athlete_match_bd65cf3dc4a8eb65,medium,possible_existing_athlete_match,Wang Jiali,WAG,Wang Jiayi,CHN,0.9,"CHN, CHN",CHN: 2025 - Chinese Championships (5 results),Wang Jiali: not found 2026-2025 | Wang Jiayi: not found 2026-2025,,,,,,
athlete_match_cd3047630f9d786e,medium,possible_existing_athlete_match,Wang Jingci,WAG,Wang Jing,CHN,0.9,"CHN, CHN",CHN: 2025 - China Junior National Games (2 results); 2025 - Chinese Junior Championships (3 results),Wang Jingci: not found 2026-2025 | Wang Jing: not found 2026-2025,,,,,,
athlete_match_7c055fc06efe16ba,medium,possible_existing_athlete_match,Zeng Yifan,WAG,Zeng Yiran,CHN,0.9,"CHN, CHN",CHN: 2025 - China Junior National Games (5 results),Zeng Yifan: not found 2026-2025 | Zeng Yiran: not found 2026-2025,,,,,,
athlete_match_ad14fd9a2e906025,medium,possible_existing_athlete_match,Zoé Cadrin,WAG,Zoe Cadrin,CAN,0.9,"CAN, CAN",CAN: 2025 - International Gymnix (5 results),Zoé Cadrin: not found 2026-2025 | Zoe Cadrin: not found 2026-2025,accept_suggestion,same_country_review_reuse,merge as same athlete,,,Pre-filled from same-country admin decision memory. Country is unchanged; change-country cases still require manual review. Source: 2024 gymternet_2024_existing_athlete_match_review.csv.
athlete_match_7e91792b860e95ec,medium,possible_existing_athlete_match,Artyom Selikhov,MAG,Artem Selikhov,RUS,0.897,"RUS, RUS",RUS: 2025 - Russian Junior Championships (5 results),Artyom Selikhov: not found 2026-2025 | Artem Selikhov: not found 2026-2025,accept_suggestion,same_country_review_reuse,merge as same athlete,,,Pre-filled from same-country admin decision memory. Country is unchanged; change-country cases still require manual review. Source: 2024 gymternet_2024_existing_athlete_match_review.csv.
athlete_match_3137ba97db1ced57,medium,possible_existing_athlete_match,Bernardo Santos,MAG,Bernardo Actos,BRA,0.897,"BRA, BRA",BRA: 2025 - Brazil Trophy (1 results); 2025 - Brazilian Championships (4 results),Bernardo Santos: not found 2026-2025 | Bernardo Actos: not found 2026-2025,accept_suggestion,same_country_review_reuse,merge as same athlete,,,Pre-filled from same-country admin decision memory. Country is unchanged; change-country cases still require manual review. Source: 2024 gymternet_2024_existing_athlete_match_review.csv.
athlete_match_4b28d99dd382009c,medium,possible_existing_athlete_match,Caio Silveira,MAG,Caio da Silveira,BRA,0.897,"BRA, BRA",BRA: 2025 - Brazilian Junior Championships (5 results),Caio Silveira: not found 2026-2025 | Caio da Silveira: not found 2026-2025,accept_suggestion,same_country_review_reuse,merge as same athlete,,,Pre-filled from same-country admin decision memory. Country is unchanged; change-country cases still require manual review. Source: 2024 gymternet_2024_existing_athlete_match_review.csv.
athlete_match_cb6efa7aae8bad64,medium,possible_existing_athlete_match,Leonardo Leonti,MAG,Leonardo Leone,ITA,0.897,"ITA, ITA",ITA: 2025 - Champion's Cup (3 results),Leonardo Leonti: not found 2026-2025 | Leonardo Leone: not found 2026-2025,,,,,,
athlete_match_86b2d9c59a2998b3,medium,possible_existing_athlete_match,Tomoya Akasaka,MAG,Tomoya Nagasaka,JPN,0.897,"JPN, JPN",JPN: 2025 - Japanese National Sports Festival (5 results),Tomoya Akasaka: not found 2026-2025 | Tomoya Nagasaka: not found 2026-2025,,,,,,
athlete_match_6437802988816e9b,medium,possible_existing_athlete_match,Camilla Mattei,WAG,Camilla Manetti,ITA,0.897,"ITA, ITA",ITA: 2025 - Champion's Cup (5 results),Camilla Mattei: not found 2026-2025 | Camilla Manetti: not found 2026-2025,,,,,,
athlete_match_c35a63e93628b317,medium,possible_existing_athlete_match,Casey Provence,WAG,Ashley Provence,ARU,0.897,"ARU, ARU",ARU: 2025 - South American Championships (5 results),Casey Provence: not found 2026-2025 | Ashley Provence: not found 2026-2025,,,,,,
athlete_match_0089464ae9bff4db,medium,possible_existing_athlete_match,Daria Lukashina,WAG,Daria Lushkina,RUS,0.897,"RUS, RUS",RUS: 2025 - Russian Cup (5 results),Daria Lukashina: not found 2026-2025 | Daria Lushkina: not found 2026-2025,accept_suggestion,same_country_review_reuse,merge as same athlete,,,Pre-filled from same-country admin decision memory. Country is unchanged; change-country cases still require manual review. Source: 2023 gymternet_2023_existing_athlete_match_review.csv.
athlete_match_8a79bc7dbca3ae61,medium,possible_existing_athlete_match,Gabby Mitchell,WAG,Gabbie Mitchell,USA,0.897,"USA, USA",USA: 2025 - Pikes Peak Cup National Qualifier (5 results),Gabby Mitchell: not found 2026-2025 | Gabbie Mitchell: not found 2026-2025,accept_suggestion,same_country_review_reuse,merge as same athlete,,,Pre-filled from same-country admin decision memory. Country is unchanged; change-country cases still require manual review. Source: 2024 gymternet_2024_existing_athlete_match_review.csv.
athlete_match_2afaeb352ef3f70c,medium,possible_existing_athlete_match,Hannah Schmidt,WAG,Johanna Schmidt,GER,0.897,"GER, GER",GER: 2025 - German Junior Championships (5 results),Hannah Schmidt: not found 2026-2025 | Johanna Schmidt: not found 2026-2025,accept_suggestion,same_country_review_reuse,merge as same athlete,,,Pre-filled from same-country admin decision memory. Country is unchanged; change-country cases still require manual review. Source: 2024 gymternet_2024_existing_athlete_match_review.csv.
athlete_match_7f3ccff763787ad4,medium,possible_existing_athlete_match,Jeong Minkyeong,WAG,Jeong Minyoung,KOR,0.897,"KOR, KOR",KOR: 2025 - South Korean Championships (5 results),Jeong Minkyeong: not found 2026-2025 | Jeong Minyoung: not found 2026-2025,,,,,,
athlete_match_3c8d9024c4bcdafa,medium,possible_existing_athlete_match,Lucie Stranikova,WAG,Lucie Trnkova,CZE,0.897,"CZE, CZE",CZE: 2025 - Czech Championships (5 results),Lucie Stranikova: not found 2026-2025 | Lucie Trnkova: not found 2026-2025,,,,,,
athlete_match_793e6bb20e55c05d,medium,possible_existing_athlete_match,Mariana Alvarez,WAG,Carina Alvarez,MEX,0.897,"MEX, MEX",MEX: 2025 - Mexican Championships (5 results),Mariana Alvarez: not found 2026-2025 | Carina Alvarez: not found 2026-2025,accept_suggestion,same_country_review_reuse,merge as same athlete,,,Pre-filled from same-country admin decision memory. Country is unchanged; change-country cases still require manual review. Source: 2024 gymternet_2024_existing_athlete_match_review.csv.
athlete_match_7fb1de560e930be9,medium,possible_existing_athlete_match,Nicole Campos,WAG,Nicole de Campos,BRA,0.897,"BRA, BRA",BRA: 2025 - City of Jesolo Trophy (5 results),Nicole Campos: not found 2026-2025 | Nicole de Campos: not found 2026-2025,accept_suggestion,same_country_review_reuse,merge as same athlete,,,Pre-filled from same-country admin decision memory. Country is unchanged; change-country cases still require manual review. Source: 2024 gymternet_2024_existing_athlete_match_review.csv.
athlete_match_24e338e6e7db6a8b,medium,possible_existing_athlete_match,Waka Takahashi,WAG,Asuka Takahashi,JPN,0.897,"JPN, JPN",JPN: 2025 - Japanese National Spots Festival (5 results),Waka Takahashi: not found 2026-2025 | Asuka Takahashi: not found 2026-2025,,,,,,
athlete_match_2c7a87738317450c,medium,possible_existing_athlete_match,Michail Michailidis,MAG,Michalis Michalidis,GRE,0.895,"GRE, GRE",GRE: 2025 - Horizon Cup (3 results),Michail Michailidis: not found 2026-2025 | Michalis Michalidis: not found 2026-2025,,,,,,
athlete_match_3da3ea565f743f50,medium,possible_existing_athlete_match,Lilja Gunnarsdottir,WAG,Elisa Gunnarsdottir,ISL,0.895,"ISL, ISL",ISL: 2025 - Icelandic Championships (5 results),Lilja Gunnarsdottir: not found 2026-2025 | Elisa Gunnarsdottir: not found 2026-2025,accept_suggestion,same_country_review_reuse,merge as same athlete,,,Pre-filled from same-country admin decision memory. Country is unchanged; change-country cases still require manual review. Source: 2024 gymternet_2024_existing_athlete_match_review.csv.
athlete_match_1ca9d2d4b29b705a,medium,possible_existing_athlete_match,Shantae-Eve Amankwaah,WAG,Shantae Amankwaah,GBR,0.895,"GBR, GBR",GBR: 2025 - British Worlds Trials (5 results),Shantae-Eve Amankwaah: not found 2026-2025 | Shantae Amankwaah: not found 2026-2025,accept_suggestion,same_country_review_reuse,merge as same athlete,,,Pre-filled from same-country admin decision memory. Country is unchanged; change-country cases still require manual review. Source: 2024 gymternet_2024_existing_athlete_match_review.csv.
athlete_match_a903bc6b051f8152,medium,possible_existing_athlete_match,Sofiya Razumouskaya,WAG,Sofiya Rozumowskaya,POL,0.895,"POL, POL",POL: 2025 - Barborka Cup (5 results),Sofiya Razumouskaya: not found 2026-2025 | Sofiya Rozumowskaya: not found 2026-2025,accept_suggestion,same_country_review_reuse,merge as same athlete,,,Pre-filled from same-country admin decision memory. Country is unchanged; change-country cases still require manual review. Source: 2024 gymternet_2024_existing_athlete_match_review.csv.
athlete_match_8c15ab359b3a7cc0,medium,possible_existing_athlete_match,Thelma Lapalombetta,WAG,Thelma Lapalombella,ITA,0.895,"ITA, ITA",ITA: 2025 - 1st Italian Serie A (2 results); 2025 - 2nd Italian Serie A (2 results); 2025 - 3rd Italian Serie A (1 results),Thelma Lapalombetta: not found 2026-2025 | Thelma Lapalombella: not found 2026-2025,,,,,,
athlete_match_5ebc28ad97f2d7a3,medium,possible_existing_athlete_match,Bilal Bellaoui,MAG,Bilal Belaoni,ALG,0.889,"ALG, ALG",ALG: 2025 - Antalya World Cup (2 results); 2025 - World Championships (3 results),Bilal Bellaoui: not found 2026-2025 | Bilal Belaoni: not found 2026-2025,accept_suggestion,same_country_review_reuse,merge as same athlete,,,Pre-filled from same-country admin decision memory. Country is unchanged; change-country cases still require manual review. Source: 2024 gymternet_2024_existing_athlete_match_review.csv.
athlete_match_bd7c51460f5b4f82,medium,possible_existing_athlete_match,Chen Hao,MAG,Chen Yihao,CHN,0.889,"CHN, CHN",CHN: 2025 - Chinese Junior Championships (5 results),Chen Hao: not found 2026-2025 | Chen Yihao: not found 2026-2025,accept_suggestion,same_country_review_reuse,merge as same athlete,,,Pre-filled from same-country admin decision memory. Country is unchanged; change-country cases still require manual review. Source: 2022 gymternet_2022_existing_athlete_match_review.csv.
athlete_match_8d85879e53543594,medium,possible_existing_athlete_match,Chen Hong,MAG,Chen Cong,CHN,0.889,"CHN, CHN",CHN: 2025 - Chinese Junior National Games (5 results),Chen Hong: not found 2026-2025 | Chen Cong: not found 2026-2025,accept_suggestion,same_country_review_reuse,merge as same athlete,,,Pre-filled from same-country admin decision memory. Country is unchanged; change-country cases still require manual review. Source: 2022 gymternet_2022_existing_athlete_match_review.csv.
athlete_match_39cb3eba3170424d,medium,possible_existing_athlete_match,Danil Zaitsev,MAG,Daniil Zaytsev,RUS,0.889,"RUS, RUS",RUS: 2025 - Russian Junior Championships (5 results),Danil Zaitsev: not found 2026-2025 | Daniil Zaytsev: not found 2026-2025,,,,,,
athlete_match_40ac49a3fcf8e236,medium,possible_existing_athlete_match,Ege Ertoz,MAG,Ege Ertöz,TUR,0.889,"TUR, TUR",TUR: 2025 - DTB Pokal Team Challenge (4 results),Ege Ertoz: not found 2026-2025 | Ege Ertöz: not found 2026-2025,,,,,,
athlete_match_780d67927c94b5c3,medium,possible_existing_athlete_match,Hiroto Sasaki,MAG,Hiroto Iwasaki,JPN,0.889,"JPN, JPN",JPN: 2025 - All-Japan Junior Championships (5 results),Hiroto Sasaki: not found 2026-2025 | Hiroto Iwasaki: not found 2026-2025,,,,,,
athlete_match_9602aa4aebf2b74d,medium,possible_existing_athlete_match,Max Pennings,MAG,Maxime Pennings,NED,0.889,"NED, NED",NED: 2025 - Wase Gymcup (2 results),Max Pennings: not found 2026-2025 | Maxime Pennings: not found 2026-2025,,,,,,
athlete_match_1aea73e2f8f28dd3,medium,possible_existing_athlete_match,Mazen Ali,MAG,Mazen Aly,EGY,0.889,"EGY, EGY",EGY: 2025 - Mediterranean Championships (5 results),Mazen Ali: not found 2026-2025 | Mazen Aly: not found 2026-2025,accept_suggestion,same_country_review_reuse,merge as same athlete,,,Pre-filled from same-country admin decision memory. Country is unchanged; change-country cases still require manual review. Source: 2024 gymternet_2024_existing_athlete_match_review.csv.
athlete_match_75d7e54aa727f4ec,medium,possible_existing_athlete_match,Tom Meier,MAG,Tim Meier,GER,0.889,"GER, GER",GER: 2025 - German Cup (5 results),Tom Meier: not found 2026-2025 | Tim Meier: not found 2026-2025,accept_suggestion,same_country_review_reuse,merge as same athlete,,,Pre-filled from same-country admin decision memory. Country is unchanged; change-country cases still require manual review. Source: 2024 gymternet_2024_existing_athlete_match_review.csv.
athlete_match_39380ca62a53d4d7,high,possible_existing_athlete_match,Aliona Wessels,WAG,Alina Wessely,GER,0.889,"GBR, GER",GBR: 2025 - British Championships (5 results),Aliona Wessels: not found 2026-2025 | Alina Wessely: not found 2026-2025,,,,,,
athlete_match_b82862647d0885ed,medium,possible_existing_athlete_match,Ami Okada,WAG,Mai Okada,JPN,0.889,"JPN, JPN",JPN: 2025 - All-Japan Student Championships (5 results),Ami Okada: not found 2026-2025 | Mai Okada: not found 2026-2025,accept_suggestion,same_country_review_reuse,merge as same athlete,,,Pre-filled from same-country admin decision memory. Country is unchanged; change-country cases still require manual review. Source: 2024 gymternet_2024_existing_athlete_match_review.csv.
athlete_match_248c824d723b7ee9,high,possible_existing_athlete_match,Ana Costa,WAG,Ava Costa,AUS,0.889,"AUS, POR",POR: 2025 - International GymSport (5 results),Ana Costa: not found 2026-2025 | Ava Costa: not found 2026-2025,,,,,,
athlete_match_ad785be2a76d06e2,medium,possible_existing_athlete_match,Andreza Lima,WAG,Andreza de Lima,BRA,0.889,"BRA, BRA",BRA: 2025 - Brazil Trophy (1 results); 2025 - Brazilian Championships (2 results),Andreza Lima: not found 2026-2025 | Andreza de Lima: not found 2026-2025,accept_suggestion,same_country_review_reuse,merge as same athlete,,,Pre-filled from same-country admin decision memory. Country is unchanged; change-country cases still require manual review. Source: 2024 gymternet_2024_existing_athlete_match_review.csv.
athlete_match_4d2de89287e6802a,medium,possible_existing_athlete_match,Anna Glukhova,WAG,Diana Glukhova,RUS,0.889,"RUS, RUS",RUS: 2025 - Russian Junior Championships (5 results),Anna Glukhova: not found 2026-2025 | Diana Glukhova: not found 2026-2025,,,,,,
athlete_match_8445ee9d98e5a1af,medium,possible_existing_athlete_match,Crystal May Melville,WAG,Crystal Melville,GBR,0.889,"GBR, GBR",GBR: 2025 - Scottish Championships (5 results),Crystal May Melville: not found 2026-2025 | Crystal Melville: not found 2026-2025,,,,,,
athlete_match_3da595cf21bd9579,medium,possible_existing_athlete_match,Daria Kozlova,WAG,Daria Kizilova,RUS,0.889,"RUS, RUS",RUS: 2025 - Russian Junior Championships (5 results),Daria Kozlova: not found 2026-2025 | Daria Kizilova: not found 2026-2025,,,,,,
athlete_match_3c68409e4722a29a,medium,possible_existing_athlete_match,Gala Martinez,WAG,Paula Martinez,ESP,0.889,"ESP, ESP",ESP: 2025 - 1st Spanish League (1 results); 2025 - 2nd Spanish League (1 results); 2025 - Spanish League Final (3 results),Gala Martinez: not found 2026-2025 | Paula Martinez: not found 2026-2025,,,,,,
athlete_match_737689de73bf7e99,medium,possible_existing_athlete_match,Hong Seoyeon,WAG,Hong Seokgyeong,KOR,0.889,"KOR, KOR",KOR: 2025 - South Korean Championships (5 results),Hong Seoyeon: not found 2026-2025 | Hong Seokgyeong: not found 2026-2025,,,,,,
athlete_match_4ef2c24b2158fe21,medium,possible_existing_athlete_match,Juliana Silva,WAG,Julia da Silva,BRA,0.889,"BRA, BRA",BRA: 2025 - Brazilian Championships (4 results),Juliana Silva: not found 2026-2025 | Julia da Silva: not found 2026-2025,accept_suggestion,same_country_review_reuse,merge as same athlete,,,Pre-filled from same-country admin decision memory. Country is unchanged; change-country cases still require manual review. Source: 2024 gymternet_2024_existing_athlete_match_review.csv.
athlete_match_83a2ccedf9e3a1a8,medium,possible_existing_athlete_match,Kim Miso,WAG,Kim Minseo,KOR,0.889,"KOR, KOR",KOR: 2025 - South Korean Championships (5 results),Kim Miso: not found 2026-2025 | Kim Minseo: not found 2026-2025,,,,,,
athlete_match_675997a44602b901,medium,possible_existing_athlete_match,Laia Sanz,WAG,Lara Sanz,ESP,0.889,"ESP, ESP",ESP: 2025 - International GymSport (5 results),Laia Sanz: not found 2026-2025 | Lara Sanz: not found 2026-2025,,,,,,
athlete_match_b2b966c2a6e86495,medium,possible_existing_athlete_match,Léa Franceries,WAG,Lea Francerie,FRA,0.889,"FRA, FRA",FRA: 2025 - Top 12 Series 1 (5 results),Léa Franceries: not found 2026-2025 | Lea Francerie: not found 2026-2025,accept_suggestion,same_country_review_reuse,merge as same athlete,,,Pre-filled from same-country admin decision memory. Country is unchanged; change-country cases still require manual review. Source: 2024 gymternet_2024_existing_athlete_match_review.csv.
athlete_match_f37ba75eef720046,medium,possible_existing_athlete_match,Lee Seoeun,WAG,Lee Seon,KOR,0.889,"KOR, KOR",KOR: 2025 - South Korean Championships (5 results),Lee Seoeun: not found 2026-2025 | Lee Seon: not found 2026-2025,,,,,,
athlete_match_d076532ccaed587c,medium,possible_existing_athlete_match,Liu Xinyu,WAG,Liu Xinyi,CHN,0.889,"CHN, CHN",CHN: 2025 - Chinese Championships (5 results),Liu Xinyu: not found 2026-2025 | Liu Xinyi: not found 2026-2025,accept_suggestion,same_country_review_reuse,merge as same athlete,,,Pre-filled from same-country admin decision memory. Country is unchanged; change-country cases still require manual review. Source: 2024 gymternet_2024_existing_athlete_match_review.csv.
athlete_match_c50645dd1f4dd497,medium,possible_existing_athlete_match,Liva Buliceva,WAG,Licia Buliceva,LAT,0.889,"LAT, LAT",LAT: 2025 - Tiger Cup (5 results),Liva Buliceva: not found 2026-2025 | Licia Buliceva: not found 2026-2025,accept_suggestion,same_country_review_reuse,merge as same athlete,,,Pre-filled from same-country admin decision memory. Country is unchanged; change-country cases still require manual review. Source: 2024 gymternet_2024_existing_athlete_match_review.csv.
athlete_match_f10d48a34128c559,high,possible_existing_athlete_match,Marindia Nuñez,WAG,Martina Nuñez,ARG,0.889,"ARG, URU",URU: 2025 - South American Championships (5 results),Marindia Nuñez: not found 2026-2025 | Martina Nuñez: not found 2026-2025,,,,,,
athlete_match_cb4ff10cfcff9a77,medium,possible_existing_athlete_match,Milli De O'Hara,WAG,Milli O'Hara,GBR,0.889,"GBR, GBR",GBR: 2025 - Scottish Championships (5 results),Milli De O'Hara: not found 2026-2025 | Milli O'Hara: not found 2026-2025,accept_suggestion,same_country_review_reuse,merge as same athlete,,,Pre-filled from same-country admin decision memory. Country is unchanged; change-country cases still require manual review. Source: 2024 gymternet_2024_existing_athlete_match_review.csv.
athlete_match_21693ffc5d99d103,high,possible_existing_athlete_match,Polina Zukova,WAG,Polina Gudkova,RUS,0.889,"LAT, RUS",LAT: 2025 - Latvian Cup (5 results),Polina Zukova: not found 2026-2025 | Polina Gudkova: not found 2026-2025,,,,,,
athlete_match_8363cb9df513ac6d,high,possible_existing_athlete_match,Sienna Lee,WAG,Lee Sena,KOR,0.889,"CAN, KOR",CAN: 2025 - Gymnova Cup (1 results),Sienna Lee: not found 2026-2025 | Lee Sena: not found 2026-2025,,,,,,
athlete_match_8725580dee4d305a,medium,possible_existing_athlete_match,Tannu,WAG,Tanu,IND,0.889,"IND, IND",IND: 2025 - Szombathely Challenge Cup (1 results),Tannu: not found 2026-2025 | Tanu: not found 2026-2025,accept_suggestion,same_country_review_reuse,merge as same athlete,,,Pre-filled from same-country admin decision memory. Country is unchanged; change-country cases still require manual review. Source: 2024 gymternet_2024_existing_athlete_match_review.csv.
athlete_match_26c74600f1b86308,medium,possible_existing_athlete_match,Wu Junjie,WAG,Wu Jinjie,CHN,0.889,"CHN, CHN",CHN: 2025 - Chinese Championships (3 results),Wu Junjie: not found 2026-2025 | Wu Jinjie: not found 2026-2025,accept_suggestion,same_country_review_reuse,merge as same athlete,,,Pre-filled from same-country admin decision memory. Country is unchanged; change-country cases still require manual review. Source: 2023 gymternet_2023_existing_athlete_match_review.csv.
athlete_match_571cde70d444cc3c,high,possible_existing_athlete_match,Julius Lauenstein,MAG,Julius Rabenstein,GER,0.882,"GER, SWE",SWE: 2025 - Mälar Cup (5 results),Julius Lauenstein: not found 2026-2025 | Julius Rabenstein: not found 2026-2025,,,,,,
athlete_match_1af6ad663c603c66,medium,possible_existing_athlete_match,Maryia Sasinovich,WAG,Mariya Sasinovych,BLR,0.882,"BLR, BLR",BLR: 2025 - Gymnastics Legends (5 results),Maryia Sasinovich: not found 2026-2025 | Mariya Sasinovych: not found 2026-2025,accept_suggestion,same_country_review_reuse,merge as same athlete,,,Pre-filled from same-country admin decision memory. Country is unchanged; change-country cases still require manual review. Source: 2024 gymternet_2024_existing_athlete_match_review.csv.
athlete_match_573b541e1a421848,high,possible_existing_athlete_match,Andres Aranda,MAG,Andres Arean,ARG,0.88,"ARG, USA",USA: 2025 - Winter Cup (5 results),Andres Aranda: not found 2026-2025 | Andres Arean: not found 2026-2025,,,,,,
athlete_match_8c0560b0616b1459,high,possible_existing_athlete_match,Carlos Garza,MAG,Carlos Garcia,ESP,0.88,"ESP, MEX",MEX: 2025 - Paris Challenge Cup (2 results),Carlos Garza: not found 2026-2025 | Carlos Garcia: not found 2026-2025,,,,,,
athlete_match_0107b99fa07cc119,medium,possible_existing_athlete_match,Choi Seongmin,MAG,Cho Seongjin,KOR,0.88,"KOR, KOR",KOR: 2025 - Korean National Sports Festival (5 results),Choi Seongmin: not found 2026-2025 | Cho Seongjin: not found 2026-2025,,,,,,
athlete_match_a07cb1f95b1c7a92,medium,possible_existing_athlete_match,Eito Ichikawa,MAG,Rei Ichikawa,JPN,0.88,"JPN, JPN",JPN: 2025 - Japanese National Sports Festival (5 results),Eito Ichikawa: not found 2026-2025 | Rei Ichikawa: not found 2026-2025,,,,,,
athlete_match_d94ee6e4a9ee92db,medium,possible_existing_athlete_match,Go Younghoon,MAG,Koh Younghoon,KOR,0.88,"KOR, KOR",KOR: 2025 - South Korean Championships (3 results),Go Younghoon: not found 2026-2025 | Koh Younghoon: not found 2026-2025,,,,,,
athlete_match_c0ceb9c39793e346,medium,possible_existing_athlete_match,Jo Hyunseong,MAG,Cho Hyunseong,KOR,0.88,"KOR, KOR",KOR: 2025 - Korean National Sports Festival (1 results); 2025 - South Korean Championships (4 results),Jo Hyunseong: not found 2026-2025 | Cho Hyunseong: not found 2026-2025,,,,,,
athlete_match_c0752df8b1920a0b,medium,possible_existing_athlete_match,Li Yongsheng,MAG,Luo Yongsheng,CHN,0.88,"CHN, CHN",CHN: 2025 - Chinese Junior Championships (5 results),Li Yongsheng: not found 2026-2025 | Luo Yongsheng: not found 2026-2025,accept_suggestion,same_country_review_reuse,merge as same athlete,,,Pre-filled from same-country admin decision memory. Country is unchanged; change-country cases still require manual review. Source: 2022 gymternet_2022_existing_athlete_match_review.csv.
athlete_match_0a8332ac06731399,medium,possible_existing_athlete_match,Mickale Seyler,MAG,Mick Seyler,USA,0.88,"USA, USA",USA: 2025 - Liukin Invitational (5 results),Mickale Seyler: not found 2026-2025 | Mick Seyler: not found 2026-2025,,,,,,
athlete_match_ab29e25b280c6bbf,medium,possible_existing_athlete_match,Tiago Barros,MAG,Tiago Barbosa,POR,0.88,"POR, POR",POR: 2025 - International GymSport (3 results),Tiago Barros: not found 2026-2025 | Tiago Barbosa: not found 2026-2025,accept_suggestion,same_country_review_reuse,merge as same athlete,,,Pre-filled from same-country admin decision memory. Country is unchanged; change-country cases still require manual review. Source: 2024 gymternet_2024_existing_athlete_match_review.csv.
athlete_match_6bfd0ded2560b3a1,medium,possible_existing_athlete_match,Yuji Yamamoto,MAG,Umi Yamamoto,JPN,0.88,"JPN, JPN",JPN: 2025 - Japanese National Sports Festival (5 results),Yuji Yamamoto: not found 2026-2025 | Umi Yamamoto: not found 2026-2025,,,,,,
athlete_match_f745a113c5fc56fa,medium,possible_existing_athlete_match,Yun Hangyeol,MAG,Yoon Hangyeol,KOR,0.88,"KOR, KOR",KOR: 2025 - South Korean Championships (5 results),Yun Hangyeol: not found 2026-2025 | Yoon Hangyeol: not found 2026-2025,,,,,,
athlete_match_242c3ea500144b35,medium,possible_existing_athlete_match,Zhang Zihang,MAG,Zhang Zhishan,CHN,0.88,"CHN, CHN",CHN: 2025 - Chinese Junior National Games (5 results),Zhang Zihang: not found 2026-2025 | Zhang Zhishan: not found 2026-2025,,,,,,
athlete_match_7ef462702af0bf25,high,possible_existing_athlete_match,Alba Martin,WAG,Martina Albano,ITA,0.88,"ESP, ITA",ESP: 2025 - 2nd Spanish League (1 results),Alba Martin: not found 2026-2025 | Martina Albano: not found 2026-2025,,,,,,
athlete_match_3b4cc04bafb2ce90,medium,possible_existing_athlete_match,Amelie Wood,WAG,Amelie Attwood,GBR,0.88,"GBR, GBR",GBR: 2025 - British Team Championships (5 results),Amelie Wood: not found 2026-2025 | Amelie Attwood: not found 2026-2025,,,,,,
athlete_match_f9da9bb719964d40,medium,possible_existing_athlete_match,Chen Yunxuan,WAG,Chen Yuanyuan,CHN,0.88,"CHN, CHN",CHN: 2025 - China Junior National Games (5 results),Chen Yunxuan: not found 2026-2025 | Chen Yuanyuan: not found 2026-2025,,,,,,
athlete_match_67e27422a635acd9,medium,possible_existing_athlete_match,Clarice Smith,WAG,Claire Smith,GBR,0.88,"GBR, GBR",GBR: 2025 - English Championships (5 results),Clarice Smith: not found 2026-2025 | Claire Smith: not found 2026-2025,,,,,,
athlete_match_9ed8c233cf32f011,high,possible_existing_athlete_match,Daniela Gomez,WAG,Angela Gomez,ESP,0.88,"ESP, MEX",MEX: 2025 - Mexican Championships (5 results),Daniela Gomez: not found 2026-2025 | Angela Gomez: not found 2026-2025,,,,,,
athlete_match_76abf6c9a37eb049,high,possible_existing_athlete_match,Daria Karpova,WAG,Daria Kurova,BLR,0.88,"BLR, RUS",RUS: 2025 - Russian Junior Championships (5 results),Daria Karpova: not found 2026-2025 | Daria Kurova: not found 2026-2025,,,,,,
athlete_match_b385501bb8333d48,medium,possible_existing_athlete_match,Diana Uskova,WAG,Diana Kustova,RUS,0.88,"RUS, RUS",RUS: 2025 - Russian Junior Championships (5 results),Diana Uskova: not found 2026-2025 | Diana Kustova: not found 2026-2025,,,,,,
athlete_match_1f830d99fb1c0e15,high,possible_existing_athlete_match,Ela Williams,WAG,Nyla Williams,USA,0.88,"GBR, USA",GBR: 2025 - Island Games (3 results),Ela Williams: not found 2026-2025 | Nyla Williams: not found 2026-2025,,,,,,
athlete_match_ffcb30f3e8d1083d,high,possible_existing_athlete_match,Elisa Peischer,WAG,Elisa Pesce,ITA,0.88,"GER, ITA",GER: 2025 - German Junior Championships (5 results),Elisa Peischer: not found 2026-2025 | Elisa Pesce: not found 2026-2025,,,,,,
athlete_match_1c84126b33d17531,medium,possible_existing_athlete_match,Jeong Suyeon,WAG,Jeong Sooyeon,KOR,0.88,"KOR, KOR",KOR: 2025 - Korean National Sports Festival (5 results),Jeong Suyeon: not found 2026-2025 | Jeong Sooyeon: not found 2026-2025,,,,,,
athlete_match_9bda66cb6aaefed7,medium,possible_existing_athlete_match,Maria Menezes,WAG,Maria Mendes,POR,0.88,"POR, POR",POR: 2025 - International GymSport (5 results),Maria Menezes: not found 2026-2025 | Maria Mendes: not found 2026-2025,accept_suggestion,same_country_review_reuse,merge as same athlete,,,Pre-filled from same-country admin decision memory. Country is unchanged; change-country cases still require manual review. Source: 2024 gymternet_2024_existing_athlete_match_review.csv.
athlete_match_b09cdb791379aaa9,medium,possible_existing_athlete_match,Miumi Suzuki,WAG,Megumi Suzuki,JPN,0.88,"JPN, JPN",JPN: 2025 - Japanese National Spots Festival (5 results),Miumi Suzuki: not found 2026-2025 | Megumi Suzuki: not found 2026-2025,,,,,,
athlete_match_259b2796d4a0b194,medium,possible_existing_athlete_match,Raya Ivanova,WAG,Vanya Ivanova,BUL,0.88,"BUL, BUL",BUL: 2025 - Bulgarian Championships (5 results),Raya Ivanova: not found 2026-2025 | Vanya Ivanova: not found 2026-2025,,,,,,
athlete_match_1999a77f9ddca7f9,medium,possible_existing_athlete_match,Yuria Nishida,WAG,Yuina Ishida,JPN,0.88,"JPN, JPN",JPN: 2025 - Japanese National Spots Festival (3 results),Yuria Nishida: not found 2026-2025 | Yuina Ishida: not found 2026-2025,,,,,,
