review_id,review_priority,problem_type,athlete_name,discipline,suggested_existing_athlete,suggested_existing_country,suggestion_confidence,collision_countries,results_2024_by_country,future_country_evidence,recommended_action,learned_rule_id,decision,action,country,notes
athlete_identity_collision_2b1986749a4d342b,high,possible_athlete_identity_collision,Franka Maric,WAG,Franka Maric,SLO,1.0,"CRO, SLO",CRO: 2024 - Croatian Event Championships (5 results) | SLO: 2024 - Salamunov Memorial (1 results),Franka Maric: 2025: CRO:1,,,,,,
athlete_identity_collision_57e09414998223ec,high,possible_athlete_identity_collision,Ignacio Yockers,MAG,Ignacio Yockers,USA,1.0,"ESP, USA",ESP: 2024 - Spanish Championships (5 results) | USA: 2024 - Winter Cup (2 results),Ignacio Yockers: 2025: ESP:24,,,,,,
athlete_identity_collision_4aa2ce0f356e626f,high,possible_athlete_identity_collision,William Émard,MAG,,,,"CAN, FRA",CAN: 2025 - Top 12 Series 2 (2025) (2 results) | FRA: 2025 - Top 12 Series 1 (2025) (1 results),William Émard: 2025: CAN:45,,,,,,
athlete_identity_collision_5381a0820a192507,high,possible_athlete_identity_collision,Poppy Elwood,WAG,Poppy Elwood,IRL,1.0,"GBR, IRL",GBR: 2024 - Welsh Championships (5 results) | IRL: 2024 - Northern European Championships (5 results),Poppy Elwood: 2025: GBR:16,,,,,,
athlete_identity_collision_3047cac7cba1be3e,high,possible_athlete_identity_collision,Effie Montgomery,WAG,Effie Montgomery,IRL,1.0,"GBR, IRL",GBR: 2024 - Welsh Championships (5 results) | IRL: 2024 - Northern European Championships (5 results),Effie Montgomery: not found 2025-2025,,,,,,
athlete_identity_collision_7bb124f40fd6308a,high,possible_athlete_identity_collision,Fintan Murphy,MAG,Fintan Murphy,GBR,1.0,"GBR, IRL",GBR: 2024 - English Championships (5 results) | IRL: 2024 - Irish Championships (5 results),Fintan Murphy: 2025: IRL:30,,,,,,
athlete_identity_collision_83326483e75bd109,high,possible_athlete_identity_collision,Michael O'Neill,MAG,Michael O'Neill,IRL,1.0,"GBR, IRL",GBR: 2024 - English Championships (5 results) | IRL: 2024 - Irish Championships (5 results),"Michael O'Neill: 2025: GBR:3, IRL:2",,,,,,
athlete_identity_collision_7a66a7057b00a3b2,high,possible_athlete_identity_collision,Alessia Pagnamenta,WAG,Alessia Pagnamenta,SUI,1.0,"ITA, SUI",ITA: 2024 - 3rd Italian Serie A (3 results) | SUI: 2024 - Swiss Euros Trials 2 (5 results),Alessia Pagnamenta: not found 2025-2025,,,,,,
athlete_identity_collision_89299b8760daca4b,high,possible_athlete_identity_collision,Emma Malabuyo,WAG,Emma Malabuyo,PHI,1.0,"PHI, USA",PHI: 2024 - Olympic Games (5 results) | USA: 2024 - Asian Championships (5 results),Emma Malabuyo: 2025: PHI:2,,,,,,
athlete_identity_collision_8fe3fbcd6e7cb4c5,high,possible_athlete_identity_collision,Hennie Martinsdottir,WAG,Hennie Martinsdottir,SWE,1.0,"ISL, SWE",ISL: 2024 - Mälar Cup (2 results) | SWE: 2024 - Swedish Championships (5 results),Hennie Martinsdottir: 2025: SWE:20,,,,,,
athlete_identity_collision_9fc77f7e53b4af64,high,possible_athlete_identity_collision,Natalia Pudelko,WAG,Natalia Pudelko,USA,1.0,"POL, USA",POL: 2024 - European Championships (5 results) | USA: 2024 - Parkettes National Qualifier (5 results),Natalia Pudelko: 2025: POL:21,,,,,,
athlete_identity_collision_3107099dba7ad904,high,possible_athlete_identity_collision,Djenna Laroui,WAG,Djenna Laroui,FRA,1.0,"CAN, FRA",CAN: 2024 - City of Jesolo Trophy (5 results) | FRA: 2024 - French Championships (5 results),Djenna Laroui: 2025: FRA:38,,,,,,
athlete_identity_collision_40f9cd412ff89d4c,high,possible_athlete_identity_collision,Yoan Ivanov,MAG,Yoan Ivanov,BUL,1.0,"BUL, GBR",BUL: 2024 - European Championships (5 results) | GBR: 2024 - Welsh Championships (3 results),Yoan Ivanov: 2025: BUL:7,,,,,,
athlete_identity_collision_2426ac1b137b54c0,high,possible_athlete_identity_collision,Clovis Dias,MAG,,,,"FRA, POR",FRA: 2024 - Christmas Cup (1 results) | POR: 2024 - International GymSport (5 results),Clovis Dias: 2025: POR:10,,,,,,
athlete_identity_collision_3f59f60f2ff5217f,high,possible_athlete_identity_collision,Eliza Barbosa de Melo,WAG,,,,"GBR, HUN",GBR: 2024 - English Championships (5 results) | HUN: 2024 - Hungarian Championships (2 results); 2024 - Hungarian Junior Championships (1 results),Eliza Barbosa de Melo: not found 2025-2025,,,,,,
athlete_identity_collision_c49e891e7f3a4324,high,possible_athlete_identity_collision,Igor Radivilov,MAG,Igor Radivilov,UKR,1.0,"GER, UKR",GER: 2024 - 5th Bundesliga (2 results); 2024 - 7th Bundesliga (2 results) | UKR: 2024 - European Championships (4 results); 2024 - Olympic Games (1 results),Igor Radivilov: not found 2025-2025,,,,,,
athlete_identity_collision_1f2b1b40812fe539,high,possible_athlete_identity_collision,Anujin Gomboluudev,WAG,,,,"MGL, USA",MGL: 2024 - Asian Championships (5 results) | USA: 2024 - Vegas Cup National Qualifier (5 results),Anujin Gomboluudev: 2025: MGL:10,,,,,,
athlete_identity_collision_c323311f287eef4f,high,possible_athlete_identity_collision,Adria Vera,MAG,Adria Vera,ESP,1.0,"ESP, FRA",ESP: 2024 - Antalya Friendly (5 results) | FRA: 2024 - Top 12 Series 5 (2 results); 2025 - Top 12 Series 1 (2025) (1 results),Adria Vera: 2025: ESP:2,,,,,,
athlete_identity_collision_d4812abbd5963db6,high,possible_athlete_identity_collision,Zélia Caufriez,WAG,Zélia Caufriez,BEL,1.0,"BEL, FRA",BEL: 2024 - Köln Espoir Friendly (5 results) | FRA: 2025 - Top 12 Series 1 (2025) (2 results),Zélia Caufriez: 2025: BEL:36,,,,,,
athlete_identity_collision_eacb5316b4899459,high,possible_athlete_identity_collision,Alex Karadzhov,MAG,Alex Karadzhov,USA,1.0,"BUL, USA",BUL: 2024 - Bulgarian Championships (5 results) | USA: 2024 - Winter Cup (5 results),Alex Karadzhov: not found 2025-2025,,,,,,
athlete_identity_collision_ee361a131625ca87,high,possible_athlete_identity_collision,Jasper Carminger,MAG,Jasper Carminger,SWE,1.0,"GBR, SWE",GBR: 2024 - Welsh Championships (3 results) | SWE: 2024 - International Junior Team Cup (5 results),Jasper Carminger: not found 2025-2025,,,,,,
athlete_identity_collision_f4b0cd6d99cf4981,high,possible_athlete_identity_collision,Aleksandra Maksimova,WAG,Aleksandra Maksimova,RUS,1.0,"RUS, SYR",RUS: 2024 - Russian Championships (1 results) | SYR: 2024 - Voronin Cup (5 results),"Aleksandra Maksimova: 2025: RUS:13, SYR:11",,,,,,
athlete_identity_collision_c2593b4a03a88f77,high,possible_athlete_identity_collision,Magdalena Andradottir,WAG,,,,"ISL, NOR",ISL: 2024 - Iceland Classic (5 results) | NOR: 2024 - Mälar Cup (5 results),Magdalena Andradottir: 2025: ISL:30,,,,,,
athlete_identity_collision_6b255abb6344f873,high,possible_athlete_identity_collision,Lana Lederer,WAG,Lana Lederer,SLO,1.0,"CRO, SLO",CRO: 2024 - Croatian Event Championships (5 results) | SLO: 2024 - Salamunov Memorial (5 results),Lana Lederer: 2025: SLO:5,,,,,,
athlete_identity_collision_a67622dc5da49c44,high,possible_athlete_identity_collision,Rebecca Mitchell,WAG,,,,"CAN, DEN",CAN: 2024 - Elite Canada (5 results) | DEN: 2024 - Danish Championships (5 results),Rebecca Mitchell: 2025: DEN:25,,,,,,
athlete_identity_collision_2cb97d634f28d1a3,high,possible_athlete_identity_collision,Erik Wiederhold,MAG,Erik Wiederhold,GER,1.0,"GER, SUI",GER: 2024 - German Junior Championships (5 results) | SUI: 2024 - Rheintal Cup (5 results),Erik Wiederhold: 2025: GER:15,,,,,,
athlete_identity_collision_be2480001291bff9,high,possible_athlete_identity_collision,Florient Olmanst,MAG,Florient Olmanst,BEL,1.0,"BEL, LUX",BEL: 2024 - Wase Gymcup (5 results) | LUX: 2024 - Wase Gymcup (4 results),Florient Olmanst: 2025: BEL:49,,,,,,
athlete_identity_collision_54c91fb9c958b9b5,high,possible_athlete_identity_collision,Hanna Bjartalid,WAG,,,,"DEN, ISL",DEN: 2024 - Nordic Championships (2 results) | ISL: 2024 - Iceland Classic (5 results),Hanna Bjartalid: not found 2025-2025,,,,,,
athlete_identity_collision_03144335fcf1ad69,high,possible_athlete_identity_collision,Louay Sahli,MAG,,,,"ALG, TUN",ALG: 2025 - Top 12 Series 1 (2025) (1 results); 2025 - Top 12 Series 3 (2025) (2 results) | TUN: 2024 - Mediterranean Championships (5 results),"Louay Sahli: 2025: FRA:3, TUN:13",,,,,,
athlete_identity_collision_92744911760bc07f,high,possible_athlete_identity_collision,Samir Aït Saïd,MAG,Samir Aït Saïd,FRA,1.0,"EGY, FRA",EGY: 2024 - Cottbus World Cup (1 results) | FRA: 2024 - Baku World Cup (1 results); 2024 - Doha World Cup (1 results); 2024 - Olympic Games (2 results); 2024 - Top 12 Series 7 (1 results),Samir Aït Saïd: 2025: FRA:7,,,,,,
athlete_identity_collision_47cf92d4c4c71e5a,high,possible_athlete_identity_collision,Charlotte Booth,WAG,Charlotte Booth,USA,1.0,"GBR, USA",GBR: 2024 - British Team Championships (5 results) | USA: 2024 - Welsh Championships (5 results),Charlotte Booth: 2025: GBR:4,,,,,,
athlete_identity_collision_ca09c0f323165462,high,possible_athlete_identity_collision,Taïs Boura,WAG,Taïs Boura,FRA,1.0,"FRA, GER",FRA: 2024 - Christmas Cup (1 results) | GER: 2024 - Bundesliga Finals (1 results),Taïs Boura: not found 2025-2025,,,,,,
athlete_identity_collision_5fc28f9ade184fae,high,possible_athlete_identity_collision,Alessia Anderes,WAG,Alessia Anderes,SUI,1.0,"GER, SUI",GER: 2024 - 2nd Bundesliga (5 results) | SUI: 2024 - Swiss Championships (3 results),Alessia Anderes: not found 2025-2025,,,,,,
athlete_identity_collision_560c2f1ef7747e0b,high,possible_athlete_identity_collision,Avery Moll,WAG,Avery Moll,USA,1.0,"GBR, USA",GBR: 2024 - Rushmoor Rose Bowl (1 results) | USA: 2024 - Parkettes National Qualifier (5 results),Avery Moll: 2025: USA:19,,,,,,
athlete_identity_collision_e30e1f1503e6c32b,high,possible_athlete_identity_collision,Gino Vetter,MAG,Gino Vetter,AUT,1.0,"AUT, GBR",AUT: 2024 - European Championships (5 results) | GBR: 2024 - European Championships (1 results),Gino Vetter: 2025: AUT:32,,,,,,
athlete_identity_collision_86590af3383615fc,high,possible_athlete_identity_collision,Hjørdis Petursdottir,WAG,,,,"DEN, ISL",DEN: 2024 - Northern European Championships (5 results) | ISL: 2024 - Iceland Classic (1 results),Hjørdis Petursdottir: not found 2025-2025,,,,,,
athlete_identity_collision_7d851a79ea5d7c1c,high,possible_athlete_identity_collision,Tim Berger,MAG,Tim Berger,GER,1.0,"GER, SUI",GER: 2024 - Austrian Future Cup (5 results) | SUI: 2024 - Rheintal Cup (5 results),Tim Berger: 2025: GER:8,,,,,,
athlete_identity_collision_02c5f5b98b4f37aa,high,possible_athlete_identity_collision,Carlota Salas,WAG,Carlota Salas,ESP,1.0,"AND, ESP",AND: 2024 - 3rd Spanish League (2 results) | ESP: 2024 - Spanish League Final (5 results),"Carlota Salas: 2025: AND:5, ESP:18",,,,,,
athlete_identity_collision_8f330417f3df8428,high,possible_athlete_identity_collision,Jan Kies,MAG,,,,"BEL, NED",BEL: 2024 - Wase Gymcup (3 results) | NED: 2024 - Wase Gymcup (5 results),Jan Kies: not found 2025-2025,,,,,,
athlete_identity_collision_2dad2ab53387d26e,high,possible_athlete_identity_collision,Mattia Piffaretti,MAG,Mattia Piffaretti,SUI,1.0,"ITA, SUI",ITA: 2024 - 2nd Italian Serie A (3 results); 2024 - 3rd Italian Serie A (2 results) | SUI: 2024 - Swiss Euros Trials (1 results); 2024 - Swiss Euros Trials 2 (4 results),Mattia Piffaretti: 2025: SUI:34,,,,,,
athlete_identity_collision_32127904c3bdbdc6,high,possible_athlete_identity_collision,Sofia Micallef,WAG,Sofia Micallef,GBR,1.0,"ESP, GBR",ESP: 2024 - 2nd Spanish League (3 results) | GBR: 2024 - English Championships (5 results),Sofia Micallef: not found 2025-2025,,,,,,
athlete_country_a50600495c40f038,high,possible_athlete_country_change,Adam Cogat,MAG,Adam Cogat,FRA,,"ALG, FRA",ALG: 2024 - RomGym Trophy (5 results),Adam Cogat: 2025: ALG:25,,,,,,
athlete_country_711368ca040a247a,high,possible_athlete_country_change,Carson Crooks,MAG,Carson Crooks,USA,,"CAN, USA",CAN: 2024 - Elite Canada (5 results),Carson Crooks: not found 2025-2025,,,,,,
athlete_country_6a83de3f265645d2,high,possible_athlete_country_change,David Huddleston,MAG,David Huddleston,BUL,,"BUL, USA",USA: 2024 - Beach Blast Invitational (3 results); 2024 - Houston National Invitational (2 results),David Huddleston: 2025: BUL:2,,,,,,
athlete_country_2510a3323fd8b6bb,high,possible_athlete_country_change,Fabio Schmidl,MAG,Fabio Schmidl,GER,,"GER, POL",POL: 2024 - Wohnen Juniors Trophy (1 results),Fabio Schmidl: 2025: GER:10,,,,,,
athlete_country_25a470f9f439add9,high,possible_athlete_country_change,Finlay Hazelton,MAG,Finlay Hazelton,IRL,,"GBR, IRL",GBR: 2024 - Austrian Future Cup (5 results),"Finlay Hazelton: 2025: GBR:14, IRL:36",,,,,,
athlete_country_73f819753a9827c7,high,possible_athlete_country_change,Hugo Villeneuve,MAG,Hugo Villeneuve,MON,,"FRA, MON",FRA: 2024 - French Championships (5 results),"Hugo Villeneuve: 2025: FRA:16, MON:12",,,,,,
athlete_country_50da2f847ed50f77,high,possible_athlete_country_change,Ilan Lederer,MAG,Ilan Lederer,SLO,,"CRO, SLO",CRO: 2024 - Croatian Event Championships (5 results),Ilan Lederer: 2025: SLO:16,,,,,,
athlete_country_a9906bd7fff465d3,high,possible_athlete_country_change,Jaydon Attygalle,MAG,Jaydon Attygalle,IRL,,"IRL, SRI",SRI: 2024 - Asian Championships (5 results),"Jaydon Attygalle: 2025: GBR:2, SRI:4",,,,,,
athlete_country_3c19150a922fd621,high,possible_athlete_country_change,Marlon Moreno,MAG,Marlon Moreno,COL,,"COL, ESP",ESP: 2024 - Spanish Championships (5 results),Marlon Moreno: 2025: ESP:9,,,,,,
athlete_country_c5e117048758d703,high,possible_athlete_country_change,Oleksandr Petrenko,MAG,Oleksandr Petrenko,UKR,,"GER, UKR",GER: 2024 - German Championships (5 results),Oleksandr Petrenko: not found 2025-2025,,,,,,
athlete_country_0067f0baea7068b2,high,possible_athlete_country_change,Pierre Stephan,MAG,Pierre Stephan,FRA,,"FRA, HAI",HAI: 2024 - Top 12 Finals (1 results),Pierre Stephan: 2025: FRA:2,,,,,,
athlete_country_61c8fc0d9d52ae75,high,possible_athlete_country_change,Vitaliy Guimaraes,MAG,Vitaliy Guimaraes,USA,,"BRA, USA",BRA: 2024 - Brazilian Championships (5 results),Vitaliy Guimaraes: 2025: BRA:28,,,,,,
athlete_country_7e26c3e236edebfc,high,possible_athlete_country_change,Alejandra Martinez,WAG,Alejandra Martinez,MEX,,"MEX, RSA",RSA: 2024 - South African Championships (5 results),"Alejandra Martinez: 2025: MEX:5, RSA:10",,,,,,
athlete_country_112e8ff775dc1ef4,high,possible_athlete_country_change,Ayelen Tarabini,WAG,Ayelen Tarabini,ARG,,"ARG, KGZ",KGZ: 2024 - Voronin Cup (2 results),Ayelen Tarabini: 2025: KGZ:4,,,,,,
athlete_country_b0b1ea0a211baed9,high,possible_athlete_country_change,Dayana Nataren,WAG,Dayana Nataren,USA,,"HON, USA",HON: 2024 - Pan American Championships (3 results),Dayana Nataren: not found 2025-2025,,,,,,
athlete_country_4fd9036cd848fd20,high,possible_athlete_country_change,Georgia-Rose Brown,WAG,Georgia-Rose Brown,AUS,,"AUS, NZL",NZL: 2024 - Olympic Games (5 results),Georgia-Rose Brown: 2025: NZL:2,,,,,,
athlete_country_879e7ad3df0c2c05,high,possible_athlete_country_change,Levi Jung-Ruivivar,WAG,Levi Jung-Ruivivar,USA,,"PHI, USA",PHI: 2024 - Olympic Games (5 results),Levi Jung-Ruivivar: not found 2025-2025,,,,,,
athlete_country_a9fcdc2c6bdf164b,high,possible_athlete_country_change,Maryna Prylutska,WAG,Maryna Prylutska,GER,,"GER, UKR",UKR: 2024 - Ukrainian Championships (1 results),Maryna Prylutska: not found 2025-2025,,,,,,
athlete_country_8ab70f983a0d32d9,high,possible_athlete_country_change,Michelle Pineda,WAG,Michelle Pineda,USA,,"MEX, USA",MEX: 2024 - Pan American Championships (5 results),Michelle Pineda: 2025: MEX:10,,,,,,
athlete_country_80966a3760603ac6,high,possible_athlete_country_change,Salina Bousmayo,WAG,Salina Bousmayo,GER,,"GER, MAR",MAR: 2024 - Bundesliga Finals (5 results),Salina Bousmayo: 2025: MAR:20,,,,,,
athlete_country_46bf68d8010a1eb0,high,possible_athlete_country_change,Sara Hadouz,WAG,Sara Hadouz,ITA,,"ITA, MAR",MAR: 2024 - African Championships (5 results),Sara Hadouz: 2025: MAR:13,,,,,,
athlete_country_beab06889b27ab8d,high,possible_athlete_country_change,Sotiria Dimitriou,WAG,Sotiria Dimitriou,CYP,,"CYP, GRE",GRE: 2024 - Horizon Cup (5 results),Sotiria Dimitriou: not found 2025-2025,,,,,,
athlete_country_9aab20a32e066d0d,high,possible_athlete_country_change,Valentina Llogone,WAG,Valentina Llogone,GRE,,"ALB, GRE",ALB: 2024 - Greek Championships (5 results),Valentina Llogone: 2025: ALB:2,,,,,,
athlete_match_fcbe4182afd7fe8a,medium,possible_existing_athlete_match,Al-Harith Rakan,MAG,Rakan Al-Harith,QAT,1.0,"QAT, QAT",QAT: 2024 - Asian Championships (1 results); 2024 - Baku World Cup (1 results); 2024 - Cairo World Cup (1 results); 2024 - Cottbus World Cup (1 results),Al-Harith Rakan: 2025: QAT:4 | Rakan Al-Harith: 2025: QAT:4,accept_suggestion,same_country_review_reuse,merge as same athlete,,,Pre-filled from same-country admin decision memory. Country is unchanged; change-country cases still require manual review. Source: 2023 gymternet_2023_existing_athlete_match_review.csv.
athlete_match_dec984e2edf42bd3,medium,possible_existing_athlete_match,Chong Jer Rong,MAG,Jer Rong Chong,SGP,1.0,"SGP, SGP",SGP: 2024 - Singapore Championships (5 results),Chong Jer Rong: 2025: SGP:12 | Jer Rong Chong: not found 2025-2025,accept_suggestion,same_country_review_reuse,merge as same athlete,,,Pre-filled from same-country admin decision memory. Country is unchanged; change-country cases still require manual review. Source: 2023 gymternet_2023_existing_athlete_match_review.csv.
athlete_match_294d4e5023efad49,medium,possible_existing_athlete_match,Chu Pak Chun,MAG,Pak Chun Chu,HKG,1.0,"HKG, HKG",HKG: 2024 - Singapore Open (1 results),Chu Pak Chun: 2025: HKG:1 | Pak Chun Chu: not found 2025-2025,,,,,,
athlete_match_88b6a6bc78577e90,medium,possible_existing_athlete_match,Kho Tong-Yu,MAG,Tong-Yu Kho,SGP,1.0,"SGP, SGP",SGP: 2024 - Singapore Championships (5 results),Kho Tong-Yu: not found 2025-2025 | Tong-Yu Kho: not found 2025-2025,accept_suggestion,same_country_review_reuse,merge as same athlete,,,Pre-filled from same-country admin decision memory. Country is unchanged; change-country cases still require manual review. Source: 2023 gymternet_2023_existing_athlete_match_review.csv.
athlete_match_989e3eb688760a2d,medium,possible_existing_athlete_match,Levin Eren,MAG,Eren Levin,GER,1.0,"GER, GER",GER: 2024 - Austrian Future Cup (5 results),Levin Eren: 2025: GER:7 | Eren Levin: not found 2025-2025,,,,,,
athlete_match_b575c408c7104680,medium,possible_existing_athlete_match,Maximilian Ernst,MAG,Ernst Maximilian,GER,1.0,"GER, GER",GER: 2024 - Austrian Future Cup (5 results),Maximilian Ernst: 2025: GER:13 | Ernst Maximilian: not found 2025-2025,,,,,,
athlete_match_a650b65565cb8675,medium,possible_existing_athlete_match,Nikita Loran,MAG,Loran Nikita,GER,1.0,"GER, GER",GER: 2024 - Austrian Future Cup (5 results),Nikita Loran: not found 2025-2025 | Loran Nikita: not found 2025-2025,,,,,,
athlete_match_1dedbe27301affbd,medium,possible_existing_athlete_match,Phinyo Brick,MAG,Brick Phinyo,GER,1.0,"GER, GER",GER: 2024 - Austrian Future Cup (5 results),Phinyo Brick: 2025: GER:32 | Brick Phinyo: not found 2025-2025,,,,,,
athlete_match_e4c6efe5f1fbca86,medium,possible_existing_athlete_match,Pier-Olivier Julien,MAG,Julien Pier-Olivier,CAN,1.0,"CAN, CAN",CAN: 2024 - Candadian Championships (5 results),Pier-Olivier Julien: 2025: CAN:2 | Julien Pier-Olivier: not found 2025-2025,,,,,,
athlete_match_069a8f9c947a68d6,medium,possible_existing_athlete_match,Suphacheep Baobenmad,MAG,Baobenmad Suphacheep,THA,1.0,"THA, THA",THA: 2024 - Asian Championships (5 results),Suphacheep Baobenmad: 2025: THA:20 | Baobenmad Suphacheep: not found 2025-2025,accept_suggestion,same_country_review_reuse,merge as same athlete,,,Pre-filled from same-country admin decision memory. Country is unchanged; change-country cases still require manual review. Source: 2023 gymternet_2023_existing_athlete_match_review.csv.
athlete_match_78ee7c25287b92a4,medium,possible_existing_athlete_match,Sviatoslav Shved,MAG,Shved Sviatoslav,UKR,1.0,"UKR, UKR",UKR: 2024 - European Championships (5 results),Sviatoslav Shved: 2025: UKR:4 | Shved Sviatoslav: not found 2025-2025,,,,,,
athlete_match_e7b69148c62d031f,medium,possible_existing_athlete_match,Zeno Csuka,MAG,Csuka Zeno,GER,1.0,"GER, GER",GER: 2024 - Wohnen Juniors Trophy (5 results),Zeno Csuka: 2025: GER:38 | Csuka Zeno: not found 2025-2025,accept_suggestion,same_country_review_reuse,merge as same athlete,,,Pre-filled from same-country admin decision memory. Country is unchanged; change-country cases still require manual review. Source: 2023 gymternet_2023_existing_athlete_match_review.csv.
athlete_match_15123c6d92d771cf,high,possible_existing_athlete_match,Lee Yuna,WAG,Yuna Lee,USA,1.0,"KOR, USA",KOR: 2024 - South Korean Championships (5 results),Lee Yuna: not found 2025-2025 | Yuna Lee: not found 2025-2025,,,,,,
athlete_match_0ced26161b2b3e94,medium,possible_existing_athlete_match,Mishela Bitanji,WAG,Bitanji Mishela,ALB,1.0,"ALB, ALB",ALB: 2024 - Balkan Championships (3 results),Mishela Bitanji: not found 2025-2025 | Bitanji Mishela: not found 2025-2025,,,,,,
athlete_match_8feab1f79c6a0de5,medium,possible_existing_athlete_match,Ragnhildur Gottkalksdottir,WAG,Ragnhildur Gottskalksdottir,ISL,0.981,"ISL, ISL",ISL: 2024 - GK Championships (5 results),Ragnhildur Gottkalksdottir: not found 2025-2025 | Ragnhildur Gottskalksdottir: 2025: ISL:13,,,,,,
athlete_match_0151a2e17a6efb47,medium,possible_existing_athlete_match,Abdulaziz Salem Aljohani,MAG,Abdulaziz Salem Al Johani,KSA,0.98,"KSA, KSA",KSA: 2024 - Asian Championships (1 results),Abdulaziz Salem Aljohani: not found 2025-2025 | Abdulaziz Salem Al Johani: not found 2025-2025,,,,,,
athlete_match_dc5f547f464bf984,medium,possible_existing_athlete_match,Hossein Nourishourak Chali,MAG,Hossein Nourishourakchali,IRI,0.98,"IRI, IRI",IRI: 2024 - Asian Championships (1 results),Hossein Nourishourak Chali: not found 2025-2025 | Hossein Nourishourakchali: not found 2025-2025,,,,,,
athlete_match_5fe9e34397a4ae82,medium,possible_existing_athlete_match,Maria Vittoria de Virgilio,WAG,Mariavittoria de Virgilio,ITA,0.98,"ITA, ITA",ITA: 2024 - Italian Gold Championships (1 results),Maria Vittoria de Virgilio: not found 2025-2025 | Mariavittoria de Virgilio: not found 2025-2025,accept_suggestion,same_country_review_reuse,merge as same athlete,,,Pre-filled from same-country admin decision memory. Country is unchanged; change-country cases still require manual review. Source: 2023 gymternet_2023_existing_athlete_match_review.csv.
athlete_match_1d05075cff85f69e,medium,possible_existing_athlete_match,Leonidas Chatzidavitidis,MAG,Leonidas Hatzidavitidis,GRE,0.979,"GRE, GRE",GRE: 2024 - Greek Championships (5 results),Leonidas Chatzidavitidis: 2025: GRE:14 | Leonidas Hatzidavitidis: not found 2025-2025,,,,,,
athlete_match_88cb4e81b32ba002,medium,possible_existing_athlete_match,Alexandra Chatzikyriakou,WAG,Alexandra Hatzikyriakou,GRE,0.979,"GRE, GRE",GRE: 2024 - Horizon Cup (5 results),Alexandra Chatzikyriakou: 2025: GRE:9 | Alexandra Hatzikyriakou: not found 2025-2025,,,,,,
athlete_match_225050e7689e2a9e,medium,possible_existing_athlete_match,Bjarthor Alexandersson,MAG,Bjartthor Alexandersson,ISL,0.978,"ISL, ISL",ISL: 2024 - GK Championships (3 results),Bjarthor Alexandersson: not found 2025-2025 | Bjartthor Alexandersson: not found 2025-2025,,,,,,
athlete_match_294745feeaafbae2,medium,possible_existing_athlete_match,Androniki Michalopoulou,WAG,Androniki Mihalopoulou,GRE,0.978,"GRE, GRE",GRE: 2024 - Horizon Cup (3 results),Androniki Michalopoulou: not found 2025-2025 | Androniki Mihalopoulou: not found 2025-2025,,,,,,
athlete_match_ea369bafee2708da,medium,possible_existing_athlete_match,Bryanna van Bodegraven,WAG,Bryanna van Bodergraven,NED,0.978,"NED, NED",NED: 2024 - Wase Gymcup (5 results),Bryanna van Bodegraven: not found 2025-2025 | Bryanna van Bodergraven: not found 2025-2025,,,,,,
athlete_match_8a7d073f5ecab669,medium,possible_existing_athlete_match,Konstantina Zachariadou,WAG,Konstantina Zahariadou,GRE,0.978,"GRE, GRE",GRE: 2024 - Rising Stars Trophy (5 results),Konstantina Zachariadou: 2025: GRE:7 | Konstantina Zahariadou: not found 2025-2025,,,,,,
athlete_match_a5350ece0bf8dc0e,medium,possible_existing_athlete_match,Seyedmohammad Shafiei,MAG,Seyed Mohammad Shafiei,IRI,0.977,"IRI, IRI",IRI: 2024 - Asian Championships (5 results),Seyedmohammad Shafiei: not found 2025-2025 | Seyed Mohammad Shafiei: not found 2025-2025,,,,,,
athlete_match_c52ee7f7c57b3812,medium,possible_existing_athlete_match,Ally Hamuda Abdullah,MAG,Hamudah Abdullah Ally,MAS,0.976,"MAS, MAS",MAS: 2024 - Asian Championships (2 results); 2024 - Cairo World Cup (1 results); 2024 - Cottbus World Cup (1 results); 2024 - Doha World Cup (1 results),Ally Hamuda Abdullah: not found 2025-2025 | Hamudah Abdullah Ally: not found 2025-2025,accept_suggestion,same_country_review_reuse,merge as same athlete,,,Pre-filled from same-country admin decision memory. Country is unchanged; change-country cases still require manual review. Source: 2023 gymternet_2023_existing_athlete_match_review.csv.
athlete_match_d312baa61a53f20b,medium,possible_existing_athlete_match,Ioane Jimsheleishili,MAG,Ioane Jimsheleishvili,GEO,0.976,"GEO, GEO",GEO: 2024 - Baku World Cup (2 results),Ioane Jimsheleishili: not found 2025-2025 | Ioane Jimsheleishvili: 2025: GEO:18,,,,,,
athlete_match_5179562f8aabb2e7,medium,possible_existing_athlete_match,Konstantinos Perakis,MAG,Konstantinos Perrakis,GRE,0.976,"GRE, GRE",GRE: 2024 - Greek Championships (5 results),Konstantinos Perakis: 2025: GRE:9 | Konstantinos Perrakis: not found 2025-2025,,,,,,
athlete_match_570e1c0e4f2c0a97,medium,possible_existing_athlete_match,Dimitrios Kyparissis,MAG,Dimitris Kyparissis,GRE,0.974,"GRE, GRE",GRE: 2024 - Greek Championships (5 results),Dimitrios Kyparissis: not found 2025-2025 | Dimitris Kyparissis: not found 2025-2025,,,,,,
athlete_match_251a11ad41030530,medium,possible_existing_athlete_match,Lilli Habisreutinger,WAG,Lili Habisreutinger,SUI,0.974,"SUI, SUI",SUI: 2024 - British Team Championships (5 results),Lilli Habisreutinger: 2025: SUI:9 | Lili Habisreutinger: not found 2025-2025,accept_suggestion,same_country_review_reuse,merge as same athlete,,,Pre-filled from same-country admin decision memory. Country is unchanged; change-country cases still require manual review. Source: 2023 gymternet_2023_existing_athlete_match_review.csv.
athlete_match_a77eeb73faaab340,medium,possible_existing_athlete_match,Nika Kukuljan Frleta,WAG,Nika Kukljan Frleta,CRO,0.974,"CRO, CRO",CRO: 2024 - Croatian Championships (5 results),Nika Kukuljan Frleta: 2025: CRO:10 | Nika Kukljan Frleta: not found 2025-2025,accept_suggestion,same_country_review_reuse,merge as same athlete,,,Pre-filled from same-country admin decision memory. Country is unchanged; change-country cases still require manual review. Source: 2023 gymternet_2023_existing_athlete_match_review.csv.
athlete_match_775b6d6f6ea89a51,medium,possible_existing_athlete_match,Sofiya Shtykhetskaya,WAG,Sofia Shtykhetskaya,BLR,0.974,"BLR, BLR",BLR: 2024 - Belarus Open Cup (5 results),Sofiya Shtykhetskaya: not found 2025-2025 | Sofia Shtykhetskaya: 2025: BLR:35,,,,,,
athlete_match_211351e23f22b400,medium,possible_existing_athlete_match,Aleksander Zhigalov,MAG,Aleksandr Zhigalov,RUS,0.973,"RUS, RUS",RUS: 2024 - Russian Championships (5 results),Aleksander Zhigalov: not found 2025-2025 | Aleksandr Zhigalov: 2025: RUS:13,,,,,,
athlete_match_2de10d103fac6ba7,medium,possible_existing_athlete_match,Daniel Winterborne,MAG,Daniel Winterbourne,GBR,0.973,"GBR, GBR",GBR: 2024 - Welsh Championships (5 results),Daniel Winterborne: 2025: None:2 | Daniel Winterbourne: not found 2025-2025,accept_suggestion,same_country_review_reuse,merge as same athlete,,,Pre-filled from same-country admin decision memory. Country is unchanged; change-country cases still require manual review. Source: 2022 gymternet_2022_existing_athlete_match_review.csv.
athlete_match_25d86637bdbc0e37,medium,possible_existing_athlete_match,Dilyan Kharalambiev,MAG,Dilyan Haralambiev,BUL,0.973,"BUL, BUL",BUL: 2024 - Bulgarian Championships (2 results),Dilyan Kharalambiev: 2025: BUL:4 | Dilyan Haralambiev: not found 2025-2025,,,,,,
athlete_match_74c0a9d2c723a5bb,medium,possible_existing_athlete_match,Justine Ace De Leon,MAG,Justine Ace Deleon,PHI,0.973,"PHI, PHI",PHI: 2024 - Pacific Rim Championships (5 results),Justine Ace De Leon: 2025: PHI:10 | Justine Ace Deleon: not found 2025-2025,accept_suggestion,same_country_review_reuse,merge as same athlete,,,Pre-filled from same-country admin decision memory. Country is unchanged; change-country cases still require manual review. Source: 2023 gymternet_2023_existing_athlete_match_review.csv.
athlete_match_56e94bdf4727aa73,medium,possible_existing_athlete_match,Maksim Kohanovskiy,MAG,Maksim Kokhanovskiy,RUS,0.973,"RUS, RUS",RUS: 2024 - Russian Cup (5 results),Maksim Kohanovskiy: not found 2025-2025 | Maksim Kokhanovskiy: 2025: RUS:31,,,,,,
athlete_match_184e9eff9146621a,medium,possible_existing_athlete_match,Marvel Vincent Voo,MAG,Marvell Vincent Voo,MAS,0.973,"MAS, MAS",MAS: 2024 - Asian Championships (5 results),Marvel Vincent Voo: not found 2025-2025 | Marvell Vincent Voo: 2025: MAS:7,,,,,,
athlete_match_fdc776bb939281dc,medium,possible_existing_athlete_match,Vasiliki Karantaki,WAG,Vassiliki Karantaki,GRE,0.973,"GRE, GRE",GRE: 2024 - Greek Championships (5 results),Vasiliki Karantaki: not found 2025-2025 | Vassiliki Karantaki: not found 2025-2025,accept_suggestion,same_country_review_reuse,merge as same athlete,,,Pre-filled from same-country admin decision memory. Country is unchanged; change-country cases still require manual review. Source: 2023 gymternet_2023_existing_athlete_match_review.csv.
athlete_match_8ecf26854ee7e962,medium,possible_existing_athlete_match,Victoriane Charron,WAG,Victorianne Charron,CAN,0.973,"CAN, CAN",CAN: 2024 - Gymnova Cup (5 results),Victoriane Charron: 2025: CAN:35 | Victorianne Charron: not found 2025-2025,accept_suggestion,same_country_review_reuse,merge as same athlete,,,Pre-filled from same-country admin decision memory. Country is unchanged; change-country cases still require manual review. Source: 2023 gymternet_2023_existing_athlete_match_review.csv.
athlete_match_697d09feb3fe4850,medium,possible_existing_athlete_match,Aleksander Kartsev,MAG,Aleksandr Kartsev,RUS,0.971,"RUS, RUS",RUS: 2024 - Russian Championships (5 results),Aleksander Kartsev: not found 2025-2025 | Aleksandr Kartsev: 2025: RUS:43,,,,,,
athlete_match_f1cb0bc83f8433c0,medium,possible_existing_athlete_match,Aleksandr Bazzaev,MAG,Aleksandr Bazzayev,RUS,0.971,"RUS, RUS",RUS: 2024 - Voronin Cup (5 results),Aleksandr Bazzaev: 2025: RUS:4 | Aleksandr Bazzayev: not found 2025-2025,accept_suggestion,same_country_review_reuse,merge as same athlete,,,Pre-filled from same-country admin decision memory. Country is unchanged; change-country cases still require manual review. Source: 2022 gymternet_2022_existing_athlete_match_review.csv.
athlete_match_899c93510cbb06d6,medium,possible_existing_athlete_match,Aleksandr Vasilev,MAG,Aleksandr Vasilyev,RUS,0.971,"RUS, RUS",RUS: 2024 - Russian Junior Championships (5 results),Aleksandr Vasilev: not found 2025-2025 | Aleksandr Vasilyev: not found 2025-2025,,,,,,
athlete_match_0060791954b75ca5,medium,possible_existing_athlete_match,Christopher Julin,MAG,Christopher Juhlin,SWE,0.971,"SWE, SWE",SWE: 2024 - Mälar Cup (5 results),Christopher Julin: not found 2025-2025 | Christopher Juhlin: 2025: SWE:12,,,,,,
athlete_match_9cf352dd2e3903ba,medium,possible_existing_athlete_match,Cristopher Juhlin,MAG,Christopher Juhlin,SWE,0.971,"SWE, SWE",SWE: 2024 - Swedish Championships (5 results),Cristopher Juhlin: 2025: SWE:9 | Christopher Juhlin: 2025: SWE:12,accept_suggestion,same_country_review_reuse,merge as same athlete,,,Pre-filled from same-country admin decision memory. Country is unchanged; change-country cases still require manual review. Source: 2023 gymternet_2023_existing_athlete_match_review.csv.
athlete_match_0accf41d6f27772d,medium,possible_existing_athlete_match,Francizek Korbiel,MAG,Franciszek Korbiel,POL,0.971,"POL, POL",POL: 2024 - Wohnen Juniors Trophy (1 results),Francizek Korbiel: not found 2025-2025 | Franciszek Korbiel: 2025: POL:31,,,,,,
athlete_match_dcfa545d80d2c40f,medium,possible_existing_athlete_match,Lennert Depoorter,MAG,Lennert Depoortere,BEL,0.971,"BEL, BEL",BEL: 2024 - Wase Gymcup (5 results),Lennert Depoorter: not found 2025-2025 | Lennert Depoortere: not found 2025-2025,accept_suggestion,same_country_review_reuse,merge as same athlete,,,Pre-filled from same-country admin decision memory. Country is unchanged; change-country cases still require manual review. Source: 2023 gymternet_2023_existing_athlete_match_review.csv.
athlete_match_c4c5002db532bb1e,medium,possible_existing_athlete_match,Nikita Kolesnikov,MAG,Nikita Kolyesnikov,RUS,0.971,"RUS, RUS",RUS: 2024 - Russian Championships (5 results),Nikita Kolesnikov: 2025: RUS:21 | Nikita Kolyesnikov: not found 2025-2025,accept_suggestion,same_country_review_reuse,merge as same athlete,,,Pre-filled from same-country admin decision memory. Country is unchanged; change-country cases still require manual review. Source: 2023 gymternet_2023_existing_athlete_match_review.csv.
athlete_match_2b53ace1c890e9cf,medium,possible_existing_athlete_match,Victor Tournicourt,MAG,Victor Tounicourt,BEL,0.971,"BEL, BEL",BEL: 2024 - DTB Pokal Team Challenge (5 results),Victor Tournicourt: 2025: BEL:1 | Victor Tounicourt: not found 2025-2025,accept_suggestion,same_country_review_reuse,merge as same athlete,,,Pre-filled from same-country admin decision memory. Country is unchanged; change-country cases still require manual review. Source: 2023 gymternet_2023_existing_athlete_match_review.csv.
athlete_match_ff8d6592919b2b34,medium,possible_existing_athlete_match,Anamaria Mihaescu,WAG,Ana Maria Mihaescu,ROU,0.971,"ROU, ROU",ROU: 2024 - Rising Stars Trophy (5 results),Anamaria Mihaescu: 2025: ROU:30 | Ana Maria Mihaescu: not found 2025-2025,,,,,,
athlete_match_907b3d6deda55bd3,medium,possible_existing_athlete_match,Foteini Georgiadou,WAG,Fotini Georgiadou,GRE,0.971,"GRE, GRE",GRE: 2024 - Greek Championships (3 results),Foteini Georgiadou: not found 2025-2025 | Fotini Georgiadou: not found 2025-2025,accept_suggestion,same_country_review_reuse,merge as same athlete,,,Pre-filled from same-country admin decision memory. Country is unchanged; change-country cases still require manual review. Source: 2023 gymternet_2023_existing_athlete_match_review.csv.
athlete_match_c70346ada85e0efc,medium,possible_existing_athlete_match,Philippa Busuttil,WAG,Phillippa Busuttil,MLT,0.971,"MLT, MLT",MLT: 2024 - Malta Championships (5 results),Philippa Busuttil: 2025: MLT:30 | Phillippa Busuttil: not found 2025-2025,accept_suggestion,same_country_review_reuse,merge as same athlete,,,Pre-filled from same-country admin decision memory. Country is unchanged; change-country cases still require manual review. Source: 2023 gymternet_2023_existing_athlete_match_review.csv.
athlete_match_c9d9d6e36e7a626e,medium,possible_existing_athlete_match,Aleksander Klimov,MAG,Aleksandr Klimov,RUS,0.97,"RUS, RUS",RUS: 2024 - Russian Cup (5 results),Aleksander Klimov: not found 2025-2025 | Aleksandr Klimov: 2025: RUS:21,,,,,,
athlete_match_c2b70dc3ded8878b,medium,possible_existing_athlete_match,Alexander Jobanek,MAG,Alexandr Jobanek,CZE,0.97,"CZE, CZE",CZE: 2024 - Czech Championships (5 results),Alexander Jobanek: not found 2025-2025 | Alexandr Jobanek: 2025: CZE:14,,,,,,
athlete_match_c77422ca8a147120,medium,possible_existing_athlete_match,Anthony Degannes,MAG,Anthony de Gannes,CAN,0.97,"CAN, CAN",CAN: 2024 - Elite Canada (5 results),"Anthony Degannes: not found 2025-2025 | Anthony de Gannes: 2025: CAN:19, TTO:7",,,,,,
athlete_match_57c399e2c25765e4,medium,possible_existing_athlete_match,Denis Brusenskiy,MAG,Denis Brusyenskiy,RUS,0.97,"RUS, RUS",RUS: 2024 - Russian Championships (5 results),Denis Brusenskiy: 2025: RUS:41 | Denis Brusyenskiy: not found 2025-2025,accept_suggestion,same_country_review_reuse,merge as same athlete,,,Pre-filled from same-country admin decision memory. Country is unchanged; change-country cases still require manual review. Source: 2023 gymternet_2023_existing_athlete_match_review.csv.
athlete_match_38da5fa35dd94883,medium,possible_existing_athlete_match,Ferdinand Schulz,MAG,Ferdinand Schultz,GER,0.97,"GER, GER",GER: 2024 - Rheintal Cup (5 results),Ferdinand Schulz: not found 2025-2025 | Ferdinand Schultz: 2025: GER:11,,,,,,
athlete_match_caa0fcc1e2b23a17,medium,possible_existing_athlete_match,Tapeswaranath Das,MAG,Tapeswarnath Das,IND,0.97,"IND, IND",IND: 2024 - Indian Championships (5 results),Tapeswaranath Das: 2025: IND:18 | Tapeswarnath Das: not found 2025-2025,accept_suggestion,same_country_review_reuse,merge as same athlete,,,Pre-filled from same-country admin decision memory. Country is unchanged; change-country cases still require manual review. Source: 2022 gymternet_2022_existing_athlete_match_review.csv.
athlete_match_d8ba9d7c54ae9677,medium,possible_existing_athlete_match,Vitaly Guimaraes,MAG,Vitaliy Guimaraes,USA,0.97,"USA, USA",USA: 2024 - Houston National Invitational (5 results),Vitaly Guimaraes: not found 2025-2025 | Vitaliy Guimaraes: 2025: BRA:28,accept_suggestion,same_country_review_reuse,merge as same athlete,,,Pre-filled from same-country admin decision memory. Country is unchanged; change-country cases still require manual review. Source: 2023 gymternet_2023_existing_athlete_match_review.csv.
athlete_match_bb38a1259aef543e,high,possible_existing_athlete_match,Yulian Yuzyfyshy,MAG,Yulian Yuzyfyshyn,UKR,0.97,"ESP, UKR",ESP: 2024 - International GymSport (5 results),Yulian Yuzyfyshy: not found 2025-2025 | Yulian Yuzyfyshyn: 2025: UKR:19,,,,,,
athlete_match_027dbb3ebc66b165,medium,possible_existing_athlete_match,Almog Leizerovich,WAG,Almog Leizrovich,ISR,0.97,"ISR, ISR",ISR: 2024 - Luxembourg Open (5 results),Almog Leizerovich: 2025: ISR:11 | Almog Leizrovich: not found 2025-2025,accept_suggestion,same_country_review_reuse,merge as same athlete,,,Pre-filled from same-country admin decision memory. Country is unchanged; change-country cases still require manual review. Source: 2023 gymternet_2023_existing_athlete_match_review.csv.
athlete_match_2d4e42fea044021f,medium,possible_existing_athlete_match,Chorouk Elannabi,WAG,Chorouk El Annabi,MAR,0.97,"MAR, MAR",MAR: 2024 - African Championships (1 results),Chorouk Elannabi: not found 2025-2025 | Chorouk El Annabi: not found 2025-2025,,,,,,
athlete_match_17c0d506d84ee2c4,medium,possible_existing_athlete_match,Ladina Zimmerman,WAG,Ladina Zimmermann,SUI,0.97,"SUI, SUI",SUI: 2024 - Swiss Junior Euros Trials (5 results),Ladina Zimmerman: not found 2025-2025 | Ladina Zimmermann: 2025: SUI:12,,,,,,
athlete_match_3b3af1dd51ff7289,medium,possible_existing_athlete_match,Sirine Abouelhoda,WAG,Sirine Aboulhoda,EGY,0.97,"EGY, EGY",EGY: 2024 - African Championships (3 results); 2024 - Szombathely Challenge Cup (2 results),Sirine Abouelhoda: 2025: EGY:8 | Sirine Aboulhoda: not found 2025-2025,accept_suggestion,same_country_review_reuse,merge as same athlete,,,Pre-filled from same-country admin decision memory. Country is unchanged; change-country cases still require manual review. Source: 2023 gymternet_2023_existing_athlete_match_review.csv.
athlete_match_4218e8b3708c41af,medium,possible_existing_athlete_match,Ahmed Elmaraghy,MAG,Ahmed El Maraghy,EGY,0.968,"EGY, EGY",EGY: 2024 - Baku World Cup (1 results); 2024 - Cairo World Cup (2 results); 2024 - Cottbus World Cup (1 results); 2024 - Doha World Cup (1 results),Ahmed Elmaraghy: 2025: EGY:5 | Ahmed El Maraghy: not found 2025-2025,accept_suggestion,same_country_review_reuse,merge as same athlete,,,Pre-filled from same-country admin decision memory. Country is unchanged; change-country cases still require manual review. Source: 2023 gymternet_2023_existing_athlete_match_review.csv.
athlete_match_d942fa66cf505ebf,medium,possible_existing_athlete_match,B. Kranthi Kumar,MAG,B Kranthi Kumar,IND,0.968,"IND, IND",IND: 2024 - Indian Championships (4 results),B. Kranthi Kumar: not found 2025-2025 | B Kranthi Kumar: not found 2025-2025,,,,,,
athlete_match_b7e1f56dc89c75ca,medium,possible_existing_athlete_match,Dany Leimgrubert,MAG,Dany Leimgruber,SUI,0.968,"SUI, SUI",SUI: 2024 - Swiss Junior Euros Trials (5 results),Dany Leimgrubert: not found 2025-2025 | Dany Leimgruber: 2025: SUI:12,,,,,,
athlete_match_3a85fd01bee08fe6,medium,possible_existing_athlete_match,David Johannsson,MAG,David Johansson,ISL,0.968,"ISL, ISL",ISL: 2024 - Icelandic Championships (5 results),David Johannsson: not found 2025-2025 | David Johansson: not found 2025-2025,accept_suggestion,same_country_review_reuse,merge as same athlete,,,Pre-filled from same-country admin decision memory. Country is unchanged; change-country cases still require manual review. Source: 2023 gymternet_2023_existing_athlete_match_review.csv.
athlete_match_07763a9071b681bf,medium,possible_existing_athlete_match,Humoyun Islomov,MAG,Khumoyun Islomov,UZB,0.968,"UZB, UZB",UZB: 2024 - Belarus Open Cup (5 results),Humoyun Islomov: not found 2025-2025 | Khumoyun Islomov: 2025: UZB:20,,,,,,
athlete_match_45a0d384cf6a33ae,medium,possible_existing_athlete_match,Maksim Khodykhin,MAG,Maksim Khodykin,RUS,0.968,"RUS, RUS",RUS: 2024 - Russian Cup (2 results),Maksim Khodykhin: not found 2025-2025 | Maksim Khodykin: 2025: RUS:3,,,,,,
athlete_match_e4b61de1843ec1ad,high,possible_existing_athlete_match,Ruddy O'Sullivan,MAG,Rudy O'Sullivan,GBR,0.968,"GBR, IRL",IRL: 2024 - Irish Championships (5 results),Ruddy O'Sullivan: not found 2025-2025 | Rudy O'Sullivan: 2025: GBR:14,,,,,,
athlete_match_8e19caf3ea92093e,medium,possible_existing_athlete_match,Shoma Tsukiyama,MAG,Shouma Tsukiyama,JPN,0.968,"JPN, JPN",JPN: 2024 - All-Japan Student Championships (5 results),Shoma Tsukiyama: 2025: JPN:38 | Shouma Tsukiyama: not found 2025-2025,accept_suggestion,same_country_review_reuse,merge as same athlete,,,Pre-filled from same-country admin decision memory. Country is unchanged; change-country cases still require manual review. Source: 2023 gymternet_2023_existing_athlete_match_review.csv.
athlete_match_c996f30eda64160e,medium,possible_existing_athlete_match,Surinder Prasad,MAG,Surinder Prashad,IND,0.968,"IND, IND",IND: 2024 - Indian Championships (3 results),Surinder Prasad: not found 2025-2025 | Surinder Prashad: not found 2025-2025,,,,,,
athlete_match_f65815b139d4f95b,medium,possible_existing_athlete_match,Yaroslav Efimov,MAG,Yaroslav Yefimov,RUS,0.968,"RUS, RUS",RUS: 2024 - Russian Championships (2 results),Yaroslav Efimov: not found 2025-2025 | Yaroslav Yefimov: 2025: RUS:9,,,,,,
athlete_match_866fc8379535ab03,medium,possible_existing_athlete_match,Adelina Siikala,WAG,Adeliina Siikala,FIN,0.968,"FIN, FIN",FIN: 2024 - Nordic Championships (5 results),Adelina Siikala: not found 2025-2025 | Adeliina Siikala: 2025: FIN:23,,,,,,
athlete_match_3f020370a83fd858,medium,possible_existing_athlete_match,Anastassia Pascu,WAG,Anastasia Pascu,SUI,0.968,"SUI, SUI",SUI: 2024 - RomGym Trophy (5 results),Anastassia Pascu: 2025: SUI:14 | Anastasia Pascu: not found 2025-2025,accept_suggestion,same_country_review_reuse,merge as same athlete,,,Pre-filled from same-country admin decision memory. Country is unchanged; change-country cases still require manual review. Source: 2023 gymternet_2023_existing_athlete_match_review.csv.
athlete_match_7ebe0486e0bc9ff2,medium,possible_existing_athlete_match,Anna Lashchevska,WAG,Anna Laschevska,UKR,0.968,"UKR, UKR",UKR: 2024 - Olympic Games (5 results),Anna Lashchevska: 2025: UKR:3 | Anna Laschevska: not found 2025-2025,accept_suggestion,same_country_review_reuse,merge as same athlete,,,Pre-filled from same-country admin decision memory. Country is unchanged; change-country cases still require manual review. Source: 2023 gymternet_2023_existing_athlete_match_review.csv.
athlete_match_3a91872d86981d4b,medium,possible_existing_athlete_match,Josefine Aagard,WAG,Josefine Aagaard,DEN,0.968,"DEN, DEN",DEN: 2024 - Nordic Championships (5 results),Josefine Aagard: not found 2025-2025 | Josefine Aagaard: 2025: DEN:20,,,,,,
athlete_match_997b7b1db902dc3d,medium,possible_existing_athlete_match,Rachel McMaster,WAG,Rachael McMaster,IRL,0.968,"IRL, IRL",IRL: 2024 - British Team Championships (5 results),Rachel McMaster: not found 2025-2025 | Rachael McMaster: 2025: IRL:15,accept_suggestion,same_country_review_reuse,merge as same athlete,,,Pre-filled from same-country admin decision memory. Country is unchanged; change-country cases still require manual review. Source: 2023 gymternet_2023_existing_athlete_match_review.csv.
athlete_match_aca531fececb22db,high,possible_existing_athlete_match,Rebea Cogolludo,WAG,Rebeca Cogolludo,ESP,0.968,"ESP, USA",USA: 2024 - Vegas Cup National Qualifier (5 results),Rebea Cogolludo: not found 2025-2025 | Rebeca Cogolludo: 2025: ESP:3,,,,,,
athlete_match_bf8623099503ca9e,medium,possible_existing_athlete_match,Sevda Shukyrova,WAG,Sevda Shukyurova,RUS,0.968,"RUS, RUS",RUS: 2024 - Voronin Cup (5 results),Sevda Shukyrova: not found 2025-2025 | Sevda Shukyurova: 2025: RUS:33,,,,,,
athlete_match_351c978c52bd995f,medium,possible_existing_athlete_match,Yulia Nikolaeva,WAG,Yulia Nikolayeva,RUS,0.968,"RUS, RUS",RUS: 2024 - Russian Championships (5 results),Yulia Nikolaeva: 2025: RUS:16 | Yulia Nikolayeva: not found 2025-2025,accept_suggestion,same_country_review_reuse,merge as same athlete,,,Pre-filled from same-country admin decision memory. Country is unchanged; change-country cases still require manual review. Source: 2023 gymternet_2023_existing_athlete_match_review.csv.
athlete_match_2332a345356d2175,medium,possible_existing_athlete_match,Antton Villonen,MAG,Anton Villonen,FIN,0.966,"FIN, FIN",FIN: 2024 - Finnish Championships (5 results),Antton Villonen: 2025: FIN:15 | Anton Villonen: 2025: FIN:1,accept_suggestion,same_country_review_reuse,merge as same athlete,,,Pre-filled from same-country admin decision memory. Country is unchanged; change-country cases still require manual review. Source: 2023 gymternet_2023_existing_athlete_match_review.csv.
athlete_match_80c77fd3b83ceaee,medium,possible_existing_athlete_match,Dmitriy Dubnin,MAG,Dmitriy Dubinin,RUS,0.966,"RUS, RUS",RUS: 2024 - Voronin Cup (2 results),Dmitriy Dubnin: not found 2025-2025 | Dmitriy Dubinin: not found 2025-2025,,,,,,
athlete_match_efd39fed408ad110,medium,possible_existing_athlete_match,Dmitry Patanin,MAG,Dmitriy Patanin,KAZ,0.966,"KAZ, KAZ",KAZ: 2024 - Varna Challenge Cup (2 results),Dmitry Patanin: not found 2025-2025 | Dmitriy Patanin: 2025: KAZ:40,,,,,,
athlete_match_156cb5592f313fed,medium,possible_existing_athlete_match,Edward Gonzalez,MAG,Edwar Gonzalez,PER,0.966,"PER, PER",PER: 2024 - South American Championships (5 results),Edward Gonzalez: not found 2025-2025 | Edwar Gonzalez: not found 2025-2025,accept_suggestion,same_country_review_reuse,merge as same athlete,,,Pre-filled from same-country admin decision memory. Country is unchanged; change-country cases still require manual review. Source: 2022 gymternet_2022_existing_athlete_match_review.csv.
athlete_match_8fd5487d82af3041,medium,possible_existing_athlete_match,Evan McPhilips,MAG,Evan McPhillips,GBR,0.966,"GBR, GBR",GBR: 2024 - International Junior Team Cup (5 results),Evan McPhilips: not found 2025-2025 | Evan McPhillips: 2025: GBR:78,,,,,,
athlete_match_1c47f62649ece757,medium,possible_existing_athlete_match,Ignat Gorobets,MAG,Ignat Gorobyets,RUS,0.966,"RUS, RUS",RUS: 2024 - Russian Championships (5 results),Ignat Gorobets: 2025: RUS:7 | Ignat Gorobyets: not found 2025-2025,accept_suggestion,same_country_review_reuse,merge as same athlete,,,Pre-filled from same-country admin decision memory. Country is unchanged; change-country cases still require manual review. Source: 2023 gymternet_2023_existing_athlete_match_review.csv.
athlete_match_24b8a8dffa015baa,medium,possible_existing_athlete_match,Igor Grunichev,MAG,Igor Grunichyev,RUS,0.966,"RUS, RUS",RUS: 2024 - Russian Championships (5 results),Igor Grunichev: not found 2025-2025 | Igor Grunichyev: not found 2025-2025,accept_suggestion,same_country_review_reuse,merge as same athlete,,,Pre-filled from same-country admin decision memory. Country is unchanged; change-country cases still require manual review. Source: 2023 gymternet_2023_existing_athlete_match_review.csv.
athlete_match_313a150962054128,medium,possible_existing_athlete_match,Jeon Beomgchang,MAG,Jeon Beomchang,KOR,0.966,"KOR, KOR",KOR: 2024 - South Korean Championships (5 results),Jeon Beomgchang: 2025: KOR:5 | Jeon Beomchang: not found 2025-2025,,,,,,
athlete_match_5271b8420358042b,medium,possible_existing_athlete_match,Lukas Leonhard,MAG,Lukas Leonhardt,GER,0.966,"GER, GER",GER: 2024 - Rheintal Cup (5 results),Lukas Leonhard: not found 2025-2025 | Lukas Leonhardt: 2025: GER:1,,,,,,
athlete_match_c5ecfe01967c77b8,medium,possible_existing_athlete_match,Nikita Kartaev,MAG,Nikita Kartayev,RUS,0.966,"RUS, RUS",RUS: 2024 - Russian Championships (1 results),Nikita Kartaev: 2025: RUS:3 | Nikita Kartayev: not found 2025-2025,,,,,,
athlete_match_c2a0fca4fe25d70a,medium,possible_existing_athlete_match,Simon Vlaeminck,MAG,Simon Vlaemick,BEL,0.966,"BEL, BEL",BEL: 2024 - Wase Gymcup (3 results),Simon Vlaeminck: not found 2025-2025 | Simon Vlaemick: not found 2025-2025,accept_suggestion,same_country_review_reuse,merge as same athlete,,,Pre-filled from same-country admin decision memory. Country is unchanged; change-country cases still require manual review. Source: 2023 gymternet_2023_existing_athlete_match_review.csv.
athlete_match_732639db4b547fc5,medium,possible_existing_athlete_match,Viet Thao Hong,MAG,Viet Thao Hoang,GER,0.966,"GER, GER",GER: 2024 - 1st Bundesliga (2 results),Viet Thao Hong: not found 2025-2025 | Viet Thao Hoang: 2025: GER:21,,,,,,
athlete_match_193acfe655cbfac3,medium,possible_existing_athlete_match,Yuriy Prozherin,MAG,Yuri Prozherin,RUS,0.966,"RUS, RUS",RUS: 2024 - Russian Championships (2 results),Yuriy Prozherin: not found 2025-2025 | Yuri Prozherin: not found 2025-2025,,,,,,
athlete_match_3362041127cbb080,medium,possible_existing_athlete_match,Ariadna Piella,WAG,Ariadna Piellas,ESP,0.966,"ESP, ESP",ESP: 2024 - 3rd Spanish League (5 results),Ariadna Piella: 2025: ESP:5 | Ariadna Piellas: not found 2025-2025,accept_suggestion,same_country_review_reuse,merge as same athlete,,,Pre-filled from same-country admin decision memory. Country is unchanged; change-country cases still require manual review. Source: 2023 gymternet_2023_existing_athlete_match_review.csv.
athlete_match_331867be2c28e647,medium,possible_existing_athlete_match,Daira Lamadrid,WAG,Daira la Madrid,COL,0.966,"COL, COL",COL: 2024 - Pan American Championships (5 results),Daira Lamadrid: 2025: COL:20 | Daira la Madrid: not found 2025-2025,accept_suggestion,same_country_review_reuse,merge as same athlete,,,Pre-filled from same-country admin decision memory. Country is unchanged; change-country cases still require manual review. Source: 2023 gymternet_2023_existing_athlete_match_review.csv.
athlete_match_44ebb6f68bd92eaa,medium,possible_existing_athlete_match,Emily Moorhead,WAG,Emily Moorehead,IRL,0.966,"IRL, IRL",IRL: 2024 - British Team Championships (5 results),Emily Moorhead: 2025: IRL:2 | Emily Moorehead: not found 2025-2025,accept_suggestion,same_country_review_reuse,merge as same athlete,,,Pre-filled from same-country admin decision memory. Country is unchanged; change-country cases still require manual review. Source: 2022 gymternet_2022_existing_athlete_match_review.csv.
athlete_match_2d809403866c2d55,medium,possible_existing_athlete_match,Leila Vasilieva,WAG,Leila Vasileva,RUS,0.966,"RUS, RUS",RUS: 2024 - Belarus Open Cup (5 results),Leila Vasilieva: 2025: RUS:40 | Leila Vasileva: not found 2025-2025,accept_suggestion,same_country_review_reuse,merge as same athlete,,,Pre-filled from same-country admin decision memory. Country is unchanged; change-country cases still require manual review. Source: 2023 gymternet_2023_existing_athlete_match_review.csv.
athlete_match_5d2c8567be43d524,medium,possible_existing_athlete_match,Mackenzie Grant,WAG,Makenzie Grant,CAN,0.966,"CAN, CAN",CAN: 2024 - Tournoi International (5 results),Mackenzie Grant: 2025: CAN:34 | Makenzie Grant: not found 2025-2025,,,,,,
athlete_match_ab3f94ca4cb2ef20,medium,possible_existing_athlete_match,Marcela Cercea,WAG,Marcela Cerecea,ROU,0.966,"ROU, ROU",ROU: 2024 - DTB Pokal Team Challenge (2 results),Marcela Cercea: not found 2025-2025 | Marcela Cerecea: not found 2025-2025,accept_suggestion,same_country_review_reuse,merge as same athlete,,,Pre-filled from same-country admin decision memory. Country is unchanged; change-country cases still require manual review. Source: 2023 gymternet_2023_existing_athlete_match_review.csv.
athlete_match_e8378a182c55ea16,medium,possible_existing_athlete_match,Merel Bartelsen,WAG,Merel Bartelen,NED,0.966,"NED, NED",NED: 2024 - Michel Wanten Cup (5 results),Merel Bartelsen: not found 2025-2025 | Merel Bartelen: not found 2025-2025,,,,,,
athlete_match_fc2d2919624d87af,medium,possible_existing_athlete_match,Pleun Beurskens,WAG,Pleun Beursken,NED,0.966,"NED, NED",NED: 2024 - Gymnova Cup (5 results),Pleun Beurskens: 2025: NED:5 | Pleun Beursken: not found 2025-2025,accept_suggestion,same_country_review_reuse,merge as same athlete,,,Pre-filled from same-country admin decision memory. Country is unchanged; change-country cases still require manual review. Source: 2023 gymternet_2023_existing_athlete_match_review.csv.
athlete_match_d66063bd371c74fd,medium,possible_existing_athlete_match,Rinne Sakatani,WAG,Rin'ne Sakatani,JPN,0.966,"JPN, JPN",JPN: 2024 - All-Japan Student Championships (5 results),Rinne Sakatani: not found 2025-2025 | Rin'ne Sakatani: not found 2025-2025,accept_suggestion,same_country_review_reuse,merge as same athlete,,,Pre-filled from same-country admin decision memory. Country is unchanged; change-country cases still require manual review. Source: 2023 gymternet_2023_existing_athlete_match_review.csv.
athlete_match_269c6a1c2504f4ac,medium,possible_existing_athlete_match,Smilla Mayer zu Schwabedissen,WAG,Smilla Meyer zu Schwabedissen,GER,0.966,"GER, GER",GER: 2024 - 1st Bundesliga (2 results),Smilla Mayer zu Schwabedissen: not found 2025-2025 | Smilla Meyer zu Schwabedissen: not found 2025-2025,,,,,,
athlete_match_8007f6f9fe3b9f9f,medium,possible_existing_athlete_match,Tatinana Canavy,WAG,Tatiana Canavy,FRA,0.966,"FRA, FRA",FRA: 2024 - Top 12 Finals (1 results),Tatinana Canavy: not found 2025-2025 | Tatiana Canavy: 2025: FRA:4,,,,,,
athlete_match_7f2b710148a9ea7e,medium,possible_existing_athlete_match,Valerie Attigah,WAG,Valerie Attigh,NED,0.966,"NED, NED",NED: 2024 - Dutch Team Championships (5 results),Valerie Attigah: not found 2025-2025 | Valerie Attigh: not found 2025-2025,,,,,,
athlete_match_9e849848a272a872,medium,possible_existing_athlete_match,Alessio Corda,MAG,Allessio Corda,BEL,0.963,"BEL, BEL",BEL: 2024 - Austrian Future Cup (5 results),Alessio Corda: 2025: BEL:18 | Allessio Corda: not found 2025-2025,accept_suggestion,same_country_review_reuse,merge as same athlete,,,Pre-filled from same-country admin decision memory. Country is unchanged; change-country cases still require manual review. Source: 2023 gymternet_2023_existing_athlete_match_review.csv.
athlete_match_e3fe92015edca0c1,medium,possible_existing_athlete_match,August Gamkinn,MAG,August Gamkin,NOR,0.963,"NOR, NOR",NOR: 2024 - Mälar Cup (5 results),August Gamkinn: 2025: NOR:50 | August Gamkin: not found 2025-2025,,,,,,
athlete_match_8dcc73db47e825b2,medium,possible_existing_athlete_match,Byun Seongwon,MAG,Byun Seong-won,KOR,0.963,"KOR, KOR",KOR: 2024 - South Korean Championships (4 results),Byun Seongwon: 2025: KOR:7 | Byun Seong-won: not found 2025-2025,,,,,,
athlete_match_54ca5d1f5d467ba9,medium,possible_existing_athlete_match,Gabriel Solar,MAG,Gabrijel Solar,CRO,0.963,"CRO, CRO",CRO: 2024 - Balkan Championships (3 results); 2024 - Tiger Cup (2 results),Gabriel Solar: 2025: CRO:10 | Gabrijel Solar: not found 2025-2025,accept_suggestion,same_country_review_reuse,merge as same athlete,,,Pre-filled from same-country admin decision memory. Country is unchanged; change-country cases still require manual review. Source: 2023 gymternet_2023_existing_athlete_match_review.csv.
athlete_match_531eea5e45b7ad32,medium,possible_existing_athlete_match,Hiroki Kazahi,MAG,Hiroki Kazashi,JPN,0.963,"JPN, JPN",JPN: 2024 - All-Japan Student Championships (5 results),Hiroki Kazahi: not found 2025-2025 | Hiroki Kazashi: not found 2025-2025,,,,,,
athlete_match_9f64352e88310a4f,medium,possible_existing_athlete_match,Ildar Yuskaev,MAG,Ildar Yuskayev,RUS,0.963,"RUS, RUS",RUS: 2024 - Russian Championships (2 results),Ildar Yuskaev: not found 2025-2025 | Ildar Yuskayev: not found 2025-2025,accept_suggestion,same_country_review_reuse,merge as same athlete,,,Pre-filled from same-country admin decision memory. Country is unchanged; change-country cases still require manual review. Source: 2023 gymternet_2023_existing_athlete_match_review.csv.
athlete_match_50446e3b968861f6,medium,possible_existing_athlete_match,Jedidiah Lewis,MAG,Jedidah Lewis,GBR,0.963,"GBR, GBR",GBR: 2024 - British Championships (5 results),Jedidiah Lewis: 2025: GBR:18 | Jedidah Lewis: not found 2025-2025,accept_suggestion,same_country_review_reuse,merge as same athlete,,,Pre-filled from same-country admin decision memory. Country is unchanged; change-country cases still require manual review. Source: 2023 gymternet_2023_existing_athlete_match_review.csv.
athlete_match_15e1df92dccd905f,medium,possible_existing_athlete_match,Jordan Carroll,MAG,Jordan Caroll,CAN,0.963,"CAN, CAN",CAN: 2024 - Elite Canada (2 results); 2024 - Houston National Invitational (2 results); 2024 - Pan American Championships (1 results),Jordan Carroll: 2025: CAN:5 | Jordan Caroll: not found 2025-2025,accept_suggestion,same_country_review_reuse,merge as same athlete,,,Pre-filled from same-country admin decision memory. Country is unchanged; change-country cases still require manual review. Source: 2023 gymternet_2023_existing_athlete_match_review.csv.
athlete_match_f7a2ab299b068253,medium,possible_existing_athlete_match,Jordan Castro,MAG,Jhordan Castro,COL,0.963,"COL, COL",COL: 2024 - Pan American Championships (5 results),Jordan Castro: not found 2025-2025 | Jhordan Castro: 2025: COL:18,,,,,,
athlete_match_4371c89f8f0c1346,medium,possible_existing_athlete_match,Milan Hosseni,MAG,Milan Hosseini,GER,0.963,"GER, GER",GER: 2024 - Cottbus World Cup (1 results),Milan Hosseni: not found 2025-2025 | Milan Hosseini: 2025: GER:14,,,,,,
athlete_match_8972dce3b7ca4787,medium,possible_existing_athlete_match,Moon Geonyong,MAG,Moon Geonyoung,KOR,0.963,"KOR, KOR",KOR: 2024 - Asian Championships (5 results),Moon Geonyong: not found 2025-2025 | Moon Geonyoung: 2025: KOR:16,,,,,,
athlete_match_9e47460e6d383ac7,medium,possible_existing_athlete_match,Nick Aebersold,MAG,Nick Abersold,SUI,0.963,"SUI, SUI",SUI: 2024 - Swiss Junior Euros Trials (5 results),Nick Aebersold: 2025: SUI:17 | Nick Abersold: not found 2025-2025,,,,,,
athlete_match_2464620d00252491,medium,possible_existing_athlete_match,Ole Bengtsson,MAG,Olle Bengtsson,SWE,0.963,"SWE, SWE",SWE: 2024 - Austrian Future Cup (5 results),Ole Bengtsson: not found 2025-2025 | Olle Bengtsson: 2025: SWE:83,,,,,,
athlete_match_b685dcacc4f681dc,medium,possible_existing_athlete_match,Philip Lieske,MAG,Phillip Lieske,NOR,0.963,"NOR, NOR",NOR: 2024 - Norwegian Championships (5 results),Philip Lieske: 2025: NOR:28 | Phillip Lieske: 2025: NOR:59,accept_suggestion,same_country_review_reuse,merge as same athlete,,,Pre-filled from same-country admin decision memory. Country is unchanged; change-country cases still require manual review. Source: 2023 gymternet_2023_existing_athlete_match_review.csv.
athlete_match_e7b78d0d2a749900,medium,possible_existing_athlete_match,Shin Donghyen,MAG,Shin Dong-hyen,KOR,0.963,"KOR, KOR",KOR: 2024 - South Korean Championships (5 results),Shin Donghyen: not found 2025-2025 | Shin Dong-hyen: not found 2025-2025,,,,,,
athlete_match_61bd5f82eed3ff5e,medium,possible_existing_athlete_match,Zakariae Setti,MAG,Setti Zakaria,MAR,0.963,"MAR, MAR",MAR: 2024 - African Championships (3 results),Zakariae Setti: not found 2025-2025 | Setti Zakaria: not found 2025-2025,accept_suggestion,same_country_review_reuse,merge as same athlete,,,Pre-filled from same-country admin decision memory. Country is unchanged; change-country cases still require manual review. Source: 2023 gymternet_2023_existing_athlete_match_review.csv.
athlete_match_44ccd9166699befc,medium,possible_existing_athlete_match,Emma Gubiotti,WAG,Emma Gubbiotti,ITA,0.963,"ITA, ITA",ITA: 2024 - Italian Gold Championships (5 results),Emma Gubiotti: not found 2025-2025 | Emma Gubbiotti: 2025: ITA:38,,,,,,
athlete_match_2407375d3844a243,medium,possible_existing_athlete_match,Eshitaa Rewale,WAG,Eshita Rewale,IND,0.963,"IND, IND",IND: 2024 - Indian Championships (5 results),Eshitaa Rewale: not found 2025-2025 | Eshita Rewale: not found 2025-2025,,,,,,
athlete_match_c344b3b0bc0c1b92,medium,possible_existing_athlete_match,Eva Villanova,WAG,Elva Villanova,ESP,0.963,"ESP, ESP",ESP: 2024 - Spanish League Final (5 results),Eva Villanova: 2025: ESP:9 | Elva Villanova: not found 2025-2025,accept_suggestion,same_country_review_reuse,merge as same athlete,,,Pre-filled from same-country admin decision memory. Country is unchanged; change-country cases still require manual review. Source: 2023 gymternet_2023_existing_athlete_match_review.csv.
athlete_match_04cff1e70d3641c7,medium,possible_existing_athlete_match,Lea Freundlich,WAG,Lea Freudlich,DEN,0.963,"DEN, DEN",DEN: 2024 - Danish Team Championships (2 results),Lea Freundlich: 2025: DEN:5 | Lea Freudlich: not found 2025-2025,,,,,,
athlete_match_3d14fd4bbbeed750,medium,possible_existing_athlete_match,Lynis Devismes,WAG,Lynis Devisme,FRA,0.963,"FRA, FRA",FRA: 2024 - Top 12 Series 4 (2 results),Lynis Devismes: not found 2025-2025 | Lynis Devisme: not found 2025-2025,accept_suggestion,same_country_review_reuse,merge as same athlete,,,Pre-filled from same-country admin decision memory. Country is unchanged; change-country cases still require manual review. Source: 2023 gymternet_2023_existing_athlete_match_review.csv.
athlete_match_e925f89914951b4b,medium,possible_existing_athlete_match,Mélanie De Jesus Dos Santos,WAG,Melanie de Jesus dos Santos,FRA,0.963,"FRA, FRA",FRA: 2024 - French Championships (5 results),Mélanie De Jesus Dos Santos: not found 2025-2025 | Melanie de Jesus dos Santos: not found 2025-2025,accept_suggestion,same_country_review_reuse,merge as same athlete,,,Pre-filled from same-country admin decision memory. Country is unchanged; change-country cases still require manual review. Source: 2023 gymternet_2023_existing_athlete_match_review.csv.
athlete_match_998d043aa121ff54,medium,possible_existing_athlete_match,Melissa Ocaña,WAG,Mellissa Ocaña,ESP,0.963,"ESP, ESP",ESP: 2024 - 2nd Spanish League (5 results),Melissa Ocaña: not found 2025-2025 | Mellissa Ocaña: not found 2025-2025,accept_suggestion,same_country_review_reuse,merge as same athlete,,,Pre-filled from same-country admin decision memory. Country is unchanged; change-country cases still require manual review. Source: 2023 gymternet_2023_existing_athlete_match_review.csv.
athlete_match_b52679ac74f21ad3,medium,possible_existing_athlete_match,Seo Seunkyoung,WAG,Seo Eunkyoung,KOR,0.963,"KOR, KOR",KOR: 2024 - South Korean Championships (5 results),Seo Seunkyoung: not found 2025-2025 | Seo Eunkyoung: not found 2025-2025,,,,,,
athlete_match_8f6b4397365735bc,medium,possible_existing_athlete_match,Yang Fanyuwei,WAG,Yang Fan Yuwei,CHN,0.963,"CHN, CHN",CHN: 2024 - Antalya Challenge Cup (1 results); 2024 - Asian Championships (1 results); 2024 - Chinese Championships (1 results); 2024 - Chinese Individual Championships (2 results),Yang Fanyuwei: 2025: CHN:12 | Yang Fan Yuwei: not found 2025-2025,accept_suggestion,same_country_review_reuse,merge as same athlete,,,Pre-filled from same-country admin decision memory. Country is unchanged; change-country cases still require manual review. Source: 2023 gymternet_2023_existing_athlete_match_review.csv.
athlete_match_700a66604e67de7f,medium,possible_existing_athlete_match,Yuuki Uchiyama,WAG,Yuki Uchiyama,JPN,0.963,"JPN, JPN",JPN: 2024 - All-Japan Junior Championships (5 results),Yuuki Uchiyama: not found 2025-2025 | Yuki Uchiyama: not found 2025-2025,accept_suggestion,same_country_review_reuse,merge as same athlete,,,Pre-filled from same-country admin decision memory. Country is unchanged; change-country cases still require manual review. Source: 2023 gymternet_2023_existing_athlete_match_review.csv.
athlete_match_8a2037729ca09006,medium,possible_existing_athlete_match,Leah-Isabel Jakobsen-Dahle,WAG,Leah-Isabel Jacobsen-Dahle,NOR,0.962,"NOR, NOR",NOR: 2024 - Norwegian FIG Meet 3 (5 results),Leah-Isabel Jakobsen-Dahle: 2025: NOR:3 | Leah-Isabel Jacobsen-Dahle: not found 2025-2025,accept_suggestion,same_country_review_reuse,merge as same athlete,,,Pre-filled from same-country admin decision memory. Country is unchanged; change-country cases still require manual review. Source: 2023 gymternet_2023_existing_athlete_match_review.csv.
athlete_match_28ff5bbea31a26f7,medium,possible_existing_athlete_match,Alex Adamcik,MAG,Alex Adamncik,CZE,0.96,"CZE, CZE",CZE: 2024 - Czech Championships (4 results),Alex Adamcik: 2025: CZE:3 | Alex Adamncik: not found 2025-2025,,,,,,
athlete_match_76b2c33b720b9724,medium,possible_existing_athlete_match,Andrew Dicke,MAG,Andrew Dickie,GBR,0.96,"GBR, GBR",GBR: 2024 - Scottish Championships (5 results),Andrew Dicke: not found 2025-2025 | Andrew Dickie: 2025: GBR:16,,,,,,
athlete_match_250b32a1bdfeaa6a,medium,possible_existing_athlete_match,Assan Salimov,MAG,Asan Salimov,KAZ,0.96,"KAZ, KAZ",KAZ: 2024 - Antalya Challenge Cup (3 results); 2024 - Szombathely Challenge Cup (2 results),Assan Salimov: 2025: KAZ:25 | Asan Salimov: not found 2025-2025,accept_suggestion,same_country_review_reuse,merge as same athlete,,,Pre-filled from same-country admin decision memory. Country is unchanged; change-country cases still require manual review. Source: 2023 gymternet_2023_existing_athlete_match_review.csv.
athlete_match_d67fcc46848c85b1,medium,possible_existing_athlete_match,H'Mida Djaber,MAG,Hmida Djaber,ALG,0.96,"ALG, ALG",ALG: 2024 - RomGym Trophy (2 results),H'Mida Djaber: not found 2025-2025 | Hmida Djaber: not found 2025-2025,,,,,,
athlete_match_793cced8b71a5a60,medium,possible_existing_athlete_match,Ivo Chiaponi,MAG,Ivo Chiapponi,ARG,0.96,"ARG, ARG",ARG: 2024 - Argentinian Championships (1 results),Ivo Chiaponi: not found 2025-2025 | Ivo Chiapponi: 2025: ARG:4,,,,,,
athlete_match_bfe1bec233e8ba00,medium,possible_existing_athlete_match,Matteo Fraisl,MAG,Mateo Fraisl,AUT,0.96,"AUT, AUT",AUT: 2024 - Austrian Championships (5 results),Matteo Fraisl: not found 2025-2025 | Mateo Fraisl: 2025: AUT:29,accept_suggestion,same_country_review_reuse,merge as same athlete,,,Pre-filled from same-country admin decision memory. Country is unchanged; change-country cases still require manual review. Source: 2023 gymternet_2023_existing_athlete_match_review.csv.
athlete_match_fecb6fb75e774f22,medium,possible_existing_athlete_match,Meng Xianggao,MAG,Meng Xiangao,CHN,0.96,"CHN, CHN",CHN: 2024 - Chinese Individual Championships (1 results),Meng Xianggao: not found 2025-2025 | Meng Xiangao: not found 2025-2025,accept_suggestion,same_country_review_reuse,merge as same athlete,,,Pre-filled from same-country admin decision memory. Country is unchanged; change-country cases still require manual review. Source: 2023 gymternet_2023_existing_athlete_match_review.csv.
athlete_match_5ee5551087bb9914,medium,possible_existing_athlete_match,S. Alim Basha,MAG,S Alim Basha,IND,0.96,"IND, IND",IND: 2024 - Indian Championships (5 results),S. Alim Basha: not found 2025-2025 | S Alim Basha: not found 2025-2025,,,,,,
athlete_match_99d28d0e6a8b033f,medium,possible_existing_athlete_match,Tim Bühlmann,MAG,Timi Bühlmann,SUI,0.96,"SUI, SUI",SUI: 2024 - Mälar Cup (5 results),Tim Bühlmann: 2025: SUI:2 | Timi Bühlmann: not found 2025-2025,accept_suggestion,same_country_review_reuse,merge as same athlete,,,Pre-filled from same-country admin decision memory. Country is unchanged; change-country cases still require manual review. Source: 2023 gymternet_2023_existing_athlete_match_review.csv.
athlete_match_1fd575d8744f1dc1,medium,possible_existing_athlete_match,Uday C. Naidu,MAG,Uday C Naidu,IND,0.96,"IND, IND",IND: 2024 - Indian Championships (5 results),Uday C. Naidu: not found 2025-2025 | Uday C Naidu: not found 2025-2025,,,,,,
athlete_match_b009fa7c84754f34,medium,possible_existing_athlete_match,Aine Matthews,WAG,Aine Mathews,GBR,0.96,"GBR, GBR",GBR: 2024 - Northern European Championships (5 results),Aine Matthews: 2025: IRL:17 | Aine Mathews: not found 2025-2025,,,,,,
athlete_match_aa851878b2dafece,medium,possible_existing_athlete_match,Ally Damelio,WAG,Allyn Damelio,USA,0.96,"USA, USA",USA: 2024 - Vegas Cup National Qualifier (5 results),Ally Damelio: 2025: USA:45 | Allyn Damelio: not found 2025-2025,accept_suggestion,same_country_review_reuse,merge as same athlete,,,Pre-filled from same-country admin decision memory. Country is unchanged; change-country cases still require manual review. Source: 2023 gymternet_2023_existing_athlete_match_review.csv.
athlete_match_2228b97277e24644,medium,possible_existing_athlete_match,Hu Linhexing,WAG,Hu Lin Hexing,CHN,0.96,"CHN, CHN",CHN: 2024 - Chinese Individual Championships (5 results),Hu Linhexing: 2025: CHN:13 | Hu Lin Hexing: not found 2025-2025,accept_suggestion,same_country_review_reuse,merge as same athlete,,,Pre-filled from same-country admin decision memory. Country is unchanged; change-country cases still require manual review. Source: 2023 gymternet_2023_existing_athlete_match_review.csv.
athlete_match_6df4c37d8f232ffd,medium,possible_existing_athlete_match,Josephine Brookes Cairney,WAG,Josephine Brookes-Cairney,GBR,0.96,"GBR, GBR",GBR: 2024 - British Championships (5 results),Josephine Brookes Cairney: 2025: GBR:10 | Josephine Brookes-Cairney: not found 2025-2025,,,,,,
athlete_match_5566796fc04a8d1b,medium,possible_existing_athlete_match,Laia Privado,WAG,Laila Privado,ESP,0.96,"ESP, ESP",ESP: 2024 - 2nd Spanish League (2 results); 2024 - 3rd Spanish League (2 results); 2024 - Spanish League Final (1 results),Laia Privado: not found 2025-2025 | Laila Privado: not found 2025-2025,accept_suggestion,same_country_review_reuse,merge as same athlete,,,Pre-filled from same-country admin decision memory. Country is unchanged; change-country cases still require manual review. Source: 2023 gymternet_2023_existing_athlete_match_review.csv.
athlete_match_dd5fa453a53d6496,medium,possible_existing_athlete_match,Lee Wooyoung,WAG,Lee Woo-Young,KOR,0.96,"KOR, KOR",KOR: 2024 - South Korean Championships (1 results),Lee Wooyoung: 2025: KOR:18 | Lee Woo-Young: not found 2025-2025,accept_suggestion,same_country_review_reuse,merge as same athlete,,,Pre-filled from same-country admin decision memory. Country is unchanged; change-country cases still require manual review. Source: 2021 gymternet_2021_existing_athlete_match_review.csv.
athlete_match_b2fc6539c13fecef,medium,possible_existing_athlete_match,Touwa Matsuda,WAG,Towa Matsuda,JPN,0.96,"JPN, JPN",JPN: 2024 - All-Japan Team Championships (5 results),Touwa Matsuda: 2025: JPN:17 | Towa Matsuda: not found 2025-2025,accept_suggestion,same_country_review_reuse,merge as same athlete,,,Pre-filled from same-country admin decision memory. Country is unchanged; change-country cases still require manual review. Source: 2023 gymternet_2023_existing_athlete_match_review.csv.
athlete_match_f93da0ae796f9a53,medium,possible_existing_athlete_match,Bjarne Hoste,MAG,Bjarn Hoste,BEL,0.957,"BEL, BEL",BEL: 2024 - Luxembourg Open (5 results),Bjarne Hoste: 2025: BEL:7 | Bjarn Hoste: not found 2025-2025,accept_suggestion,same_country_review_reuse,merge as same athlete,,,Pre-filled from same-country admin decision memory. Country is unchanged; change-country cases still require manual review. Source: 2023 gymternet_2023_existing_athlete_match_review.csv.
athlete_match_b9f508de7ccc33c7,medium,possible_existing_athlete_match,Jose Bolivar,MAG,Jose Olivar,COL,0.957,"COL, COL",COL: 2024 - Colombian Championships (5 results),Jose Bolivar: not found 2025-2025 | Jose Olivar: not found 2025-2025,accept_suggestion,same_country_review_reuse,merge as same athlete,,,Pre-filled from same-country admin decision memory. Country is unchanged; change-country cases still require manual review. Source: 2023 gymternet_2023_existing_athlete_match_review.csv.
athlete_match_4efd252ed5e45dad,medium,possible_existing_athlete_match,Kahntalo Catoire Tomita,MAG,Kahntalo Catoire-Tomita,FRA,0.957,"FRA, FRA",FRA: 2024 - French Championships (5 results),Kahntalo Catoire Tomita: not found 2025-2025 | Kahntalo Catoire-Tomita: 2025: FRA:5,,,,,,
athlete_match_e52321f6e6c14b2b,medium,possible_existing_athlete_match,Marcel Kiss,MAG,Marcell Kiss,HUN,0.957,"HUN, HUN",HUN: 2024 - Olympic Hopes Cup (5 results),Marcel Kiss: not found 2025-2025 | Marcell Kiss: 2025: HUN:16,accept_suggestion,same_country_review_reuse,merge as same athlete,,,Pre-filled from same-country admin decision memory. Country is unchanged; change-country cases still require manual review. Source: 2023 gymternet_2023_existing_athlete_match_review.csv.
athlete_match_1bb2d73704e703df,medium,possible_existing_athlete_match,Sebastian Ramirez-Capes,MAG,Sebastian Ramirez Capes,GBR,0.957,"GBR, GBR",GBR: 2024 - Welsh Championships (5 results),Sebastian Ramirez-Capes: 2025: GBR:22 | Sebastian Ramirez Capes: not found 2025-2025,accept_suggestion,same_country_review_reuse,merge as same athlete,,,Pre-filled from same-country admin decision memory. Country is unchanged; change-country cases still require manual review. Source: 2023 gymternet_2023_existing_athlete_match_review.csv.
athlete_match_033d676fe88739d2,medium,possible_existing_athlete_match,Alizée Letrange-Mouakit,WAG,Alizee Letrange-Mouakit,FRA,0.957,"FRA, FRA",FRA: 2025 - Top 12 Series 1 (2025) (5 results),Alizée Letrange-Mouakit: 2025: FRA:12 | Alizee Letrange-Mouakit: not found 2025-2025,accept_suggestion,same_country_review_reuse,merge as same athlete,,,Pre-filled from same-country admin decision memory. Country is unchanged; change-country cases still require manual review. Source: 2022 gymternet_2022_existing_athlete_match_review.csv.
athlete_match_07b034291db3be0e,medium,possible_existing_athlete_match,Alyssa Guerrier-Calixte,WAG,Alyssa Guerrier Calixte,CAN,0.957,"CAN, CAN",CAN: 2024 - Canadian Championships (5 results),Alyssa Guerrier-Calixte: not found 2025-2025 | Alyssa Guerrier Calixte: 2025: CAN:40,,,,,,
athlete_match_a3a7eb0e60be960c,medium,possible_existing_athlete_match,Ellen Iijima,WAG,Ellen Ijima,GBR,0.957,"GBR, GBR",GBR: 2024 - English Championships (5 results),Ellen Iijima: not found 2025-2025 | Ellen Ijima: 2025: GBR:13,,,,,,
athlete_match_0508eaf675ebf59a,medium,possible_existing_athlete_match,Laila Hamer,WAG,Lailia Hamer,NED,0.957,"NED, NED",NED: 2024 - Wase Gymcup (2 results),Laila Hamer: not found 2025-2025 | Lailia Hamer: not found 2025-2025,,,,,,
athlete_match_663c239497666f68,medium,possible_existing_athlete_match,Nono Kizaki,WAG,Nonon Kizaki,JPN,0.957,"JPN, JPN",JPN: 2024 - All-Japan Student Championships (5 results),Nono Kizaki: 2025: JPN:16 | Nonon Kizaki: not found 2025-2025,accept_suggestion,same_country_review_reuse,merge as same athlete,,,Pre-filled from same-country admin decision memory. Country is unchanged; change-country cases still require manual review. Source: 2022 gymternet_2022_existing_athlete_match_review.csv.
athlete_match_268a5e7df5fc6b9d,medium,possible_existing_athlete_match,Yuika Toyama,WAG,Yuka Toyama,JPN,0.957,"JPN, JPN",JPN: 2024 - All-Japan Event Championships (1 results),Yuika Toyama: not found 2025-2025 | Yuka Toyama: not found 2025-2025,accept_suggestion,same_country_review_reuse,merge as same athlete,,,Pre-filled from same-country admin decision memory. Country is unchanged; change-country cases still require manual review. Source: 2023 gymternet_2023_existing_athlete_match_review.csv.
athlete_match_f31c4be3ff4fef5a,medium,possible_existing_athlete_match,Charles-Etienne Légaré,MAG,Charles-Étienne Légaré,CAN,0.955,"CAN, CAN",CAN: 2024 - Elite Canada (5 results),Charles-Etienne Légaré: not found 2025-2025 | Charles-Étienne Légaré: 2025: CAN:4,,,,,,
athlete_match_5b61a9df75e11cb3,medium,possible_existing_athlete_match,Asuto Nose,MAG,Atsuto Nose,JPN,0.952,"JPN, JPN",JPN: 2024 - All-Japan Student Championships (5 results),Asuto Nose: not found 2025-2025 | Atsuto Nose: 2025: JPN:7,,,,,,
athlete_match_50ea87ea61217e48,medium,possible_existing_athlete_match,Daniel Mehta-Andresen,MAG,Daniel Metha-Andresen,NOR,0.952,"NOR, NOR",NOR: 2024 - Ifact Norges Cup 2 (5 results),Daniel Mehta-Andresen: not found 2025-2025 | Daniel Metha-Andresen: not found 2025-2025,accept_suggestion,same_country_review_reuse,merge as same athlete,,,Pre-filled from same-country admin decision memory. Country is unchanged; change-country cases still require manual review. Source: 2023 gymternet_2023_existing_athlete_match_review.csv.
athlete_match_39dfc21de05b13a2,medium,possible_existing_athlete_match,Jakob Støvne-Bjørnsen,MAG,Jacob Støvne-Bjørnsen,NOR,0.952,"NOR, NOR",NOR: 2024 - Austrian Future Cup (5 results),Jakob Støvne-Bjørnsen: not found 2025-2025 | Jacob Støvne-Bjørnsen: 2025: NOR:23,,,,,,
athlete_match_9c95cc9c4da163bf,medium,possible_existing_athlete_match,Jo Wonbeen,MAG,Jo Won Been,KOR,0.952,"KOR, KOR",KOR: 2024 - South Korean Championships (5 results),Jo Wonbeen: not found 2025-2025 | Jo Won Been: not found 2025-2025,,,,,,
athlete_match_0e912124a377d63e,medium,possible_existing_athlete_match,Nino Reyero del Prado,MAG,Nino Rayero del Prado,NED,0.952,"NED, NED",NED: 2024 - Swiss Cup Juniors (5 results),Nino Reyero del Prado: 2025: NED:24 | Nino Rayero del Prado: not found 2025-2025,accept_suggestion,same_country_review_reuse,merge as same athlete,,,Pre-filled from same-country admin decision memory. Country is unchanged; change-country cases still require manual review. Source: 2023 gymternet_2023_existing_athlete_match_review.csv.
athlete_match_85ff18567d590592,medium,possible_existing_athlete_match,Park Jinho,MAG,Park Jin Ho,KOR,0.952,"KOR, KOR",KOR: 2024 - South Korean Championships (5 results),Park Jinho: 2025: KOR:18 | Park Jin Ho: not found 2025-2025,accept_suggestion,same_country_review_reuse,merge as same athlete,,,Pre-filled from same-country admin decision memory. Country is unchanged; change-country cases still require manual review. Source: 2021 gymternet_2021_existing_athlete_match_review.csv.
athlete_match_fa4018ec43bc7f3e,high,possible_existing_athlete_match,Shaimerden Kanatbekov,MAG,Shaymerden Kanatbekov,RUS,0.952,"KGZ, RUS",KGZ: 2024 - Voronin Cup (1 results),Shaimerden Kanatbekov: not found 2025-2025 | Shaymerden Kanatbekov: not found 2025-2025,,,,,,
athlete_match_608d16587c124d73,medium,possible_existing_athlete_match,Teo Rzounek,MAG,Teo Rzonek,SVK,0.952,"SVK, SVK",SVK: 2024 - Olympic Hopes Cup (5 results),Teo Rzounek: not found 2025-2025 | Teo Rzonek: not found 2025-2025,,,,,,
athlete_match_593e9ab2edb917dd,medium,possible_existing_athlete_match,Yegor Sukov,MAG,Egor Sukov,RUS,0.952,"RUS, RUS",RUS: 2024 - Russian Junior Championships (5 results),Yegor Sukov: 2025: RUS:31 | Egor Sukov: not found 2025-2025,accept_suggestion,same_country_review_reuse,merge as same athlete,,,Pre-filled from same-country admin decision memory. Country is unchanged; change-country cases still require manual review. Source: 2023 gymternet_2023_existing_athlete_match_review.csv.
athlete_match_28c1699be89b013a,medium,possible_existing_athlete_match,Hyun Jinju,WAG,Hyun Jin-ju,KOR,0.952,"KOR, KOR",KOR: 2024 - South Korean Championships (5 results),Hyun Jinju: 2025: KOR:1 | Hyun Jin-ju: not found 2025-2025,accept_suggestion,same_country_review_reuse,merge as same athlete,,,Pre-filled from same-country admin decision memory. Country is unchanged; change-country cases still require manual review. Source: 2021 gymternet_2021_existing_athlete_match_review.csv.
athlete_match_2d43ac5e7f43d00a,medium,possible_existing_athlete_match,Kolbrun Hilmarsdottir,WAG,Kolbrun Holmarsdottir,ISL,0.952,"ISL, ISL",ISL: 2024 - GK Championships (1 results); 2024 - Mälar Cup (3 results),Kolbrun Hilmarsdottir: not found 2025-2025 | Kolbrun Holmarsdottir: 2025: ISL:57,,,,,,
athlete_match_68baeb1a6e5978de,medium,possible_existing_athlete_match,Lee Seyeon,WAG,Lee Seoyeon,KOR,0.952,"KOR, KOR",KOR: 2024 - Tournoi International (5 results),Lee Seyeon: 2025: KOR:7 | Lee Seoyeon: 2025: KOR:5,,,,,,
athlete_match_366ba4bebe9c62a8,medium,possible_existing_athlete_match,Luana Roda,WAG,Luana Rodas,PER,0.952,"PER, PER",PER: 2024 - South American Championships (5 results),Luana Roda: 2025: PER:20 | Luana Rodas: not found 2025-2025,accept_suggestion,same_country_review_reuse,merge as same athlete,,,Pre-filled from same-country admin decision memory. Country is unchanged; change-country cases still require manual review. Source: 2023 gymternet_2023_existing_athlete_match_review.csv.
athlete_match_b29bb21d2ae6e2dc,medium,possible_existing_athlete_match,Mara Silva,WAG,Marta Silva,POR,0.952,"POR, POR",POR: 2024 - Portuguese Championships (5 results),Mara Silva: 2025: POR:7 | Marta Silva: not found 2025-2025,,,,,,
athlete_match_f310ff1618c23552,medium,possible_existing_athlete_match,Noa Garcia,WAG,Nora Garcia,ESP,0.952,"ESP, ESP",ESP: 2024 - 2nd Spanish League (3 results),Noa Garcia: not found 2025-2025 | Nora Garcia: not found 2025-2025,accept_suggestion,same_country_review_reuse,merge as same athlete,,,Pre-filled from same-country admin decision memory. Country is unchanged; change-country cases still require manual review. Source: 2023 gymternet_2023_existing_athlete_match_review.csv.
athlete_match_32af8f1575e59b60,medium,possible_existing_athlete_match,Oleksandr Liubchenko,MAG,Oleksandr Lyubchenko,UKR,0.95,"UKR, UKR",UKR: 2024 - Platinum League Online (1 results),Oleksandr Liubchenko: not found 2025-2025 | Oleksandr Lyubchenko: not found 2025-2025,,,,,,
athlete_match_516deda1be73ff54,medium,possible_existing_athlete_match,Vitaliy Sukhodolskiy,MAG,Vitaliy Sukhodolskin,RUS,0.95,"RUS, RUS",RUS: 2024 - Belarus Open Cup (1 results); 2024 - Russian Championships (4 results),Vitaliy Sukhodolskiy: 2025: RUS:21 | Vitaliy Sukhodolskin: not found 2025-2025,accept_suggestion,same_country_review_reuse,merge as same athlete,,,Pre-filled from same-country admin decision memory. Country is unchanged; change-country cases still require manual review. Source: 2023 gymternet_2023_existing_athlete_match_review.csv.
athlete_match_2cf683e534b5bf7a,medium,possible_existing_athlete_match,Caoimhe Ni Drisceoil,WAG,Caoimhe Ni Driscoeil,IRL,0.95,"IRL, IRL",IRL: 2024 - Unni & Haralds Trophy (5 results),Caoimhe Ni Drisceoil: 2025: IRL:4 | Caoimhe Ni Driscoeil: not found 2025-2025,accept_suggestion,same_country_review_reuse,merge as same athlete,,,Pre-filled from same-country admin decision memory. Country is unchanged; change-country cases still require manual review. Source: 2023 gymternet_2023_existing_athlete_match_review.csv.
athlete_match_2295edbecdb959ce,medium,possible_existing_athlete_match,Joanne Chen Hoi Yuen,WAG,Joanne Chen Hai Yuen,HKG,0.95,"HKG, HKG",HKG: 2024 - Pacific Rim Championships (1 results),Joanne Chen Hoi Yuen: 2025: HKG:30 | Joanne Chen Hai Yuen: not found 2025-2025,,,,,,
athlete_match_5888560228e64f75,medium,possible_existing_athlete_match,Karitas Bjornsdottir,WAG,Karitas Björnsdottir,ISL,0.95,"ISL, ISL",ISL: 2024 - Iceland Classic (4 results),Karitas Bjornsdottir: not found 2025-2025 | Karitas Björnsdottir: not found 2025-2025,,,,,,
athlete_match_7b200765ab938c97,medium,possible_existing_athlete_match,Viktoriya Artyomenka,WAG,Viktoriya Artyomenko,BLR,0.95,"BLR, BLR",BLR: 2024 - Belarus Open Cup (5 results),Viktoriya Artyomenka: not found 2025-2025 | Viktoriya Artyomenko: not found 2025-2025,,,,,,
athlete_match_881b90efecf85ca7,medium,possible_existing_athlete_match,Ahmed Riadh Aliouat,MAG,Ahmed-Riadh Aliouat,ALG,0.947,"ALG, ALG",ALG: 2024 - RomGym Trophy (5 results),Ahmed Riadh Aliouat: 2025: ALG:5 | Ahmed-Riadh Aliouat: 2025: ALG:2,accept_suggestion,same_country_review_reuse,merge as same athlete,,,Pre-filled from same-country admin decision memory. Country is unchanged; change-country cases still require manual review. Source: 2023 gymternet_2023_existing_athlete_match_review.csv.
athlete_match_6d13f7c8b3f2e928,medium,possible_existing_athlete_match,Mohd Bobby,MAG,Mohd Boby,IND,0.947,"IND, IND",IND: 2024 - Indian Championships (5 results),Mohd Bobby: not found 2025-2025 | Mohd Boby: not found 2025-2025,,,,,,
athlete_match_503889d41d5c8fdb,medium,possible_existing_athlete_match,Tryn Berge-Johansen,MAG,Trym Berge-Johansen,NOR,0.947,"NOR, NOR",NOR: 2024 - Ifact Norges Cup (1 results),Tryn Berge-Johansen: not found 2025-2025 | Trym Berge-Johansen: not found 2025-2025,,,,,,
athlete_match_140128d4f20cfd90,medium,possible_existing_athlete_match,Vitaliy Gontkivskyy,MAG,Vitaliy Gontkivskiy,UKR,0.947,"UKR, UKR",UKR: 2024 - Ukrainian Championships (2 results),Vitaliy Gontkivskyy: not found 2025-2025 | Vitaliy Gontkivskiy: not found 2025-2025,,,,,,
athlete_match_097179e956a0cfac,medium,possible_existing_athlete_match,Anastasija Ananjeva,WAG,Anastasija Ananyeva,LAT,0.947,"LAT, LAT",LAT: 2024 - Tiger Cup (5 results),Anastasija Ananjeva: 2025: LAT:41 | Anastasija Ananyeva: not found 2025-2025,accept_suggestion,same_country_review_reuse,merge as same athlete,,,Pre-filled from same-country admin decision memory. Country is unchanged; change-country cases still require manual review. Source: 2023 gymternet_2023_existing_athlete_match_review.csv.
athlete_match_6d902bfee9150699,medium,possible_existing_athlete_match,Kei Rui Qi,WAG,Kei Ruiqi,SGP,0.947,"SGP, SGP",SGP: 2024 - Singapore Open (4 results),Kei Rui Qi: not found 2025-2025 | Kei Ruiqi: 2025: SGP:9,,,,,,
athlete_match_99fdbf173b312799,medium,possible_existing_athlete_match,Lia Monica Fontaine,WAG,Lia-Monica Fontaine,CAN,0.947,"CAN, CAN",CAN: 2024 - Canadian Championships (5 results),Lia Monica Fontaine: 2025: CAN:74 | Lia-Monica Fontaine: not found 2025-2025,accept_suggestion,same_country_review_reuse,merge as same athlete,,,Pre-filled from same-country admin decision memory. Country is unchanged; change-country cases still require manual review. Source: 2023 gymternet_2023_existing_athlete_match_review.csv.
athlete_match_f54d6112f06e4f5a,medium,possible_existing_athlete_match,Maria-Eleni Dougari,WAG,Maria Eleni Dougari,GRE,0.947,"GRE, GRE",GRE: 2024 - Rising Stars Trophy (5 results),Maria-Eleni Dougari: not found 2025-2025 | Maria Eleni Dougari: not found 2025-2025,,,,,,
athlete_match_0fed4dcca9c775b4,medium,possible_existing_athlete_match,Rosane Dubard-Berby,WAG,Rosane Dubard Berby,FRA,0.947,"FRA, FRA",FRA: 2024 - Gymnova Cup (5 results),Rosane Dubard-Berby: 2025: FRA:5 | Rosane Dubard Berby: not found 2025-2025,accept_suggestion,same_country_review_reuse,merge as same athlete,,,Pre-filled from same-country admin decision memory. Country is unchanged; change-country cases still require manual review. Source: 2023 gymternet_2023_existing_athlete_match_review.csv.
athlete_match_9013b6e209bdf660,medium,possible_existing_athlete_match,Sim Haeun,WAG,Shim Haeun,KOR,0.947,"KOR, KOR",KOR: 2024 - South Korean Championships (5 results),Sim Haeun: not found 2025-2025 | Shim Haeun: not found 2025-2025,,,,,,
athlete_match_e59a000e4fc2f77b,medium,possible_existing_athlete_match,Yelizaveta Hubareva,WAG,Yelyzaveta Hubareva,UKR,0.947,"UKR, UKR",UKR: 2024 - European Championships (5 results),Yelizaveta Hubareva: not found 2025-2025 | Yelyzaveta Hubareva: not found 2025-2025,accept_suggestion,same_country_review_reuse,merge as same athlete,,,Pre-filled from same-country admin decision memory. Country is unchanged; change-country cases still require manual review. Source: 2023 gymternet_2023_existing_athlete_match_review.csv.
athlete_match_a188f3ae04370f47,medium,possible_existing_athlete_match,Aggelos Stefanidis,MAG,Angelos Stefanidis,GRE,0.944,"GRE, GRE",GRE: 2024 - Greek Championships (5 results),Aggelos Stefanidis: not found 2025-2025 | Angelos Stefanidis: 2025: GRE:4,,,,,,
athlete_match_6b44e4d2d41ce201,medium,possible_existing_athlete_match,Azuolas Garbauskas,MAG,Azuolas Gabrauskas,LTU,0.944,"LTU, LTU",LTU: 2024 - Lithuanian Championships (5 results),Azuolas Garbauskas: 2025: LTU:9 | Azuolas Gabrauskas: not found 2025-2025,,,,,,
athlete_match_8d3c7e7f936a9fb7,medium,possible_existing_athlete_match,Basavaraj Sappuri,MAG,Basavaraj I Sappuri,IND,0.944,"IND, IND",IND: 2024 - Indian Championships (5 results),Basavaraj Sappuri: not found 2025-2025 | Basavaraj I Sappuri: not found 2025-2025,,,,,,
athlete_match_2dca1d7cf0cbc8e5,medium,possible_existing_athlete_match,Ethan Singh-Patter,MAG,Ethan Singh Patter,GBR,0.944,"GBR, GBR",GBR: 2024 - Scottish Championships (5 results),Ethan Singh-Patter: not found 2025-2025 | Ethan Singh Patter: 2025: GBR:14,,,,,,
athlete_match_fcc050cad574a5d9,medium,possible_existing_athlete_match,Maximilian Glaeser,MAG,Maximillian Glaser,GER,0.944,"GER, GER",GER: 2024 - German Junior Championships (5 results),Maximilian Glaeser: 2025: GER:3 | Maximillian Glaser: not found 2025-2025,accept_suggestion,same_country_review_reuse,merge as same athlete,,,Pre-filled from same-country admin decision memory. Country is unchanged; change-country cases still require manual review. Source: 2023 gymternet_2023_existing_athlete_match_review.csv.
athlete_match_00ad2cf8447767dd,medium,possible_existing_athlete_match,Nazar Vasilkovskyi,MAG,Nazar Vasylkovskyi,CRO,0.944,"CRO, CRO",CRO: 2024 - Platinum League Online (5 results),Nazar Vasilkovskyi: not found 2025-2025 | Nazar Vasylkovskyi: not found 2025-2025,,,,,,
athlete_match_5b696cbe0b41ad6d,medium,possible_existing_athlete_match,Panagiotis Tougkas,MAG,Panagiotis Tounkas,GRE,0.944,"GRE, GRE",GRE: 2024 - Greek Championships (5 results),Panagiotis Tougkas: 2025: GRE:17 | Panagiotis Tounkas: not found 2025-2025,,,,,,
athlete_match_b68e7aca28ebd862,medium,possible_existing_athlete_match,Andrianna Fotiadou,WAG,Andrianna Fotiadoy,GRE,0.944,"GRE, GRE",GRE: 2024 - Greek Championships (5 results),Andrianna Fotiadou: 2025: GRE:2 | Andrianna Fotiadoy: not found 2025-2025,,,,,,
athlete_match_a4eba3f401534630,medium,possible_existing_athlete_match,Arseniia Rodicheva,WAG,Arseniya Rodicheva,CYP,0.944,"CYP, CYP",CYP: 2024 - Horizon Cup (5 results),Arseniia Rodicheva: not found 2025-2025 | Arseniya Rodicheva: 2025: CYP:4,,,,,,
athlete_match_6d2454a43a2b4652,medium,possible_existing_athlete_match,Khristina Khristova,WAG,Hristina Hristova,BUL,0.944,"BUL, BUL",BUL: 2024 - Bulgarian Championships (5 results),Khristina Khristova: not found 2025-2025 | Hristina Hristova: 2025: BUL:5,,,,,,
athlete_match_9d348f520d3fa2e8,medium,possible_existing_athlete_match,Kyriaki Boukouvala,WAG,Kyriaki Moukouvala,GRE,0.944,"GRE, GRE",GRE: 2024 - Greek Championships (1 results),Kyriaki Boukouvala: not found 2025-2025 | Kyriaki Moukouvala: not found 2025-2025,accept_suggestion,same_country_review_reuse,merge as same athlete,,,Pre-filled from same-country admin decision memory. Country is unchanged; change-country cases still require manual review. Source: 2023 gymternet_2023_existing_athlete_match_review.csv.
athlete_match_4980f3a10e257ce2,medium,possible_existing_athlete_match,Petra Toth Prepost,WAG,Petra Toth-Prepost,HUN,0.944,"HUN, HUN",HUN: 2024 - Hungarian Junior Championships (5 results),Petra Toth Prepost: not found 2025-2025 | Petra Toth-Prepost: 2025: HUN:10,,,,,,
athlete_match_bbcb41fba62b63b5,medium,possible_existing_athlete_match,Ahn Junki,MAG,An Junki,KOR,0.941,"KOR, KOR",KOR: 2024 - South Korean Championships (5 results),Ahn Junki: not found 2025-2025 | An Junki: 2025: KOR:8,accept_suggestion,same_country_review_reuse,merge as same athlete,,,Pre-filled from same-country admin decision memory. Country is unchanged; change-country cases still require manual review. Source: 2023 gymternet_2023_existing_athlete_match_review.csv.
athlete_match_efbd3a38156d4fb9,medium,possible_existing_athlete_match,Boris Karadjhinov,MAG,Boris Karadzhinov,BUL,0.941,"BUL, BUL",BUL: 2024 - Balkan Championships (5 results),Boris Karadjhinov: not found 2025-2025 | Boris Karadzhinov: 2025: BUL:12,,,,,,
athlete_match_13daff1eaa193b34,medium,possible_existing_athlete_match,Chrisitan Baumann,MAG,Christian Baumann,SUI,0.941,"SUI, SUI",SUI: 2024 - European Championships (2 results),Chrisitan Baumann: not found 2025-2025 | Christian Baumann: not found 2025-2025,,,,,,
athlete_match_21e868d7e9cd6625,medium,possible_existing_athlete_match,Dominick Camarena,MAG,Dominick Camerena,USA,0.941,"USA, USA",USA: 2024 - International Junior Team Cup (5 results),Dominick Camarena: 2025: USA:10 | Dominick Camerena: not found 2025-2025,,,,,,
athlete_match_48cd0dc9a196de1b,medium,possible_existing_athlete_match,Hasahito Sugimoto,MAG,Hisahito Sugimoto,JPN,0.941,"JPN, JPN",JPN: 2024 - All-Japan Student Championships (5 results),Hasahito Sugimoto: not found 2025-2025 | Hisahito Sugimoto: not found 2025-2025,,,,,,
athlete_match_4fa0a67bd06cb62c,medium,possible_existing_athlete_match,Kyriakos Markidis,MAG,Kyriakos Markides,CYP,0.941,"CYP, CYP",CYP: 2024 - Baku World Cup (3 results),Kyriakos Markidis: 2025: CYP:14 | Kyriakos Markides: not found 2025-2025,accept_suggestion,same_country_review_reuse,merge as same athlete,,,Pre-filled from same-country admin decision memory. Country is unchanged; change-country cases still require manual review. Source: 2022 gymternet_2022_existing_athlete_match_review.csv.
athlete_match_c8a8456f417a5cd9,medium,possible_existing_athlete_match,Matvey Cherkyshev,MAG,Matvey Chekryshev,RUS,0.941,"RUS, RUS",RUS: 2024 - Russian Junior Championships (5 results),Matvey Cherkyshev: not found 2025-2025 | Matvey Chekryshev: not found 2025-2025,,,,,,
athlete_match_1e5cf08bc3ef1194,medium,possible_existing_athlete_match,Savelijs Sirikovs,MAG,Savelijs Sirokovs,LAT,0.941,"LAT, LAT",LAT: 2024 - Latvian Championships (5 results),Savelijs Sirikovs: not found 2025-2025 | Savelijs Sirokovs: 2025: LAT:7,,,,,,
athlete_match_10b49691fe2c94e7,medium,possible_existing_athlete_match,Sébastien Lambert,MAG,Sebastien Lambert,FRA,0.941,"FRA, FRA",FRA: 2024 - French Championships (5 results),Sébastien Lambert: 2025: FRA:1 | Sebastien Lambert: not found 2025-2025,accept_suggestion,same_country_review_reuse,merge as same athlete,,,Pre-filled from same-country admin decision memory. Country is unchanged; change-country cases still require manual review. Source: 2023 gymternet_2023_existing_athlete_match_review.csv.
athlete_match_3fa35e69844d3c74,medium,possible_existing_athlete_match,Steijn Laschewski,MAG,Stejin Laschewski,NED,0.941,"NED, NED",NED: 2024 - Swiss Cup Juniors (5 results),Steijn Laschewski: 2025: NED:18 | Stejin Laschewski: not found 2025-2025,accept_suggestion,same_country_review_reuse,merge as same athlete,,,Pre-filled from same-country admin decision memory. Country is unchanged; change-country cases still require manual review. Source: 2023 gymternet_2023_existing_athlete_match_review.csv.
athlete_match_80409cc4deaa1186,medium,possible_existing_athlete_match,Vaibhav Chourasia,MAG,Vaibhav Chaurasia,IND,0.941,"IND, IND",IND: 2024 - Indian Championships (5 results),Vaibhav Chourasia: not found 2025-2025 | Vaibhav Chaurasia: not found 2025-2025,,,,,,
athlete_match_db092d9583de104e,medium,possible_existing_athlete_match,Vladislav Karepin,MAG,Vladislav Karelin,RUS,0.941,"RUS, RUS",RUS: 2024 - Russian Championships (5 results),Vladislav Karepin: not found 2025-2025 | Vladislav Karelin: not found 2025-2025,accept_suggestion,same_country_review_reuse,merge as same athlete,,,Pre-filled from same-country admin decision memory. Country is unchanged; change-country cases still require manual review. Source: 2023 gymternet_2023_existing_athlete_match_review.csv.
athlete_match_f3cb4a53f731aa09,medium,possible_existing_athlete_match,Vyacheslav Viktor,MAG,Vyacheslav Viktov,RUS,0.941,"RUS, RUS",RUS: 2024 - Russian Championships (2 results),Vyacheslav Viktor: not found 2025-2025 | Vyacheslav Viktov: not found 2025-2025,accept_suggestion,same_country_review_reuse,merge as same athlete,,,Pre-filled from same-country admin decision memory. Country is unchanged; change-country cases still require manual review. Source: 2023 gymternet_2023_existing_athlete_match_review.csv.
athlete_match_e3fa8821a3fa8b8f,medium,possible_existing_athlete_match,Aggeliki Kelesidi,WAG,Angeliki Kelesidi,GRE,0.941,"GRE, GRE",GRE: 2024 - Greek Championships (3 results); 2024 - Horizon Cup (2 results),Aggeliki Kelesidi: not found 2025-2025 | Angeliki Kelesidi: not found 2025-2025,,,,,,
athlete_match_ccbc97a2b8898ae7,medium,possible_existing_athlete_match,Anastasiya Dyatko,WAG,Anastasija Dyatko,BLR,0.941,"BLR, BLR",BLR: 2024 - Belarus Open Cup (4 results),Anastasiya Dyatko: not found 2025-2025 | Anastasija Dyatko: not found 2025-2025,accept_suggestion,same_country_review_reuse,merge as same athlete,,,Pre-filled from same-country admin decision memory. Country is unchanged; change-country cases still require manual review. Source: 2023 gymternet_2023_existing_athlete_match_review.csv.
athlete_match_98d40ed7cd1751f1,medium,possible_existing_athlete_match,Daria Vanyushkina,WAG,Maria Vanyushkina,RUS,0.941,"RUS, RUS",RUS: 2024 - Russian Junior Championships (5 results),Daria Vanyushkina: 2025: RUS:10 | Maria Vanyushkina: not found 2025-2025,,,,,,
athlete_match_3065f6ca59e70f60,medium,possible_existing_athlete_match,Im Sieun,WAG,Kim Sieun,KOR,0.941,"KOR, KOR",KOR: 2024 - South Korean Championships (5 results),Im Sieun: 2025: KOR:11 | Kim Sieun: 2025: KOR:8,,,,,,
athlete_match_7f45d457b5a16e78,medium,possible_existing_athlete_match,Juniper Würdinger,WAG,Juniper Wurdinger,NED,0.941,"NED, NED",NED: 2024 - Dutch Team Championships (2 results),Juniper Würdinger: not found 2025-2025 | Juniper Wurdinger: not found 2025-2025,,,,,,
athlete_match_88e948a6e7eb9281,medium,possible_existing_athlete_match,Maëlys Mrozkowiak,WAG,Maelys Mrozkowiak,FRA,0.941,"FRA, FRA",FRA: 2024 - Top 12 Series 4 (5 results),Maëlys Mrozkowiak: not found 2025-2025 | Maelys Mrozkowiak: not found 2025-2025,accept_suggestion,same_country_review_reuse,merge as same athlete,,,Pre-filled from same-country admin decision memory. Country is unchanged; change-country cases still require manual review. Source: 2023 gymternet_2023_existing_athlete_match_review.csv.
athlete_match_a5c07c82fc19e0e5,high,possible_existing_athlete_match,Valeriia Horanska,WAG,Valeriia Goranska,UKR,0.941,"SUI, UKR",SUI: 2024 - Swiss Championships (3 results),Valeriia Horanska: not found 2025-2025 | Valeriia Goranska: not found 2025-2025,,,,,,
athlete_match_5337b24325d977b1,medium,possible_existing_athlete_match,Yanitsa Stoycheva,WAG,Yanitsa Stoicheva,BUL,0.941,"BUL, BUL",BUL: 2024 - Bulgarian Championships (5 results),Yanitsa Stoycheva: not found 2025-2025 | Yanitsa Stoicheva: 2025: BUL:5,,,,,,
athlete_match_c23ba950046cd838,medium,possible_existing_athlete_match,Yella Wagenschein,WAG,Yelia Wagenschein,GER,0.941,"GER, GER",GER: 2024 - 3rd Bundesliga (5 results),Yella Wagenschein: 2025: GER:12 | Yelia Wagenschein: not found 2025-2025,accept_suggestion,same_country_review_reuse,merge as same athlete,,,Pre-filled from same-country admin decision memory. Country is unchanged; change-country cases still require manual review. Source: 2021 gymternet_2021_existing_athlete_match_review.csv.
athlete_match_da41541cec6c2b33,medium,possible_existing_athlete_match,Yuliia Kasianenko,WAG,Yuliia Kasyanenko,UKR,0.941,"UKR, UKR",UKR: 2024 - Ukrainian Championships (1 results),Yuliia Kasianenko: not found 2025-2025 | Yuliia Kasyanenko: not found 2025-2025,accept_suggestion,same_country_review_reuse,merge as same athlete,,,Pre-filled from same-country admin decision memory. Country is unchanged; change-country cases still require manual review. Source: 2022 gymternet_2022_existing_athlete_match_review.csv.
athlete_match_2f14706d90d908ee,medium,possible_existing_athlete_match,Alexei Zelenskiy,MAG,Alexey Zelenskiy,RUS,0.938,"RUS, RUS",RUS: 2024 - Russian Junior Championships (5 results),Alexei Zelenskiy: not found 2025-2025 | Alexey Zelenskiy: not found 2025-2025,,,,,,
athlete_match_e3c7540671d9d8d9,medium,possible_existing_athlete_match,Aliaksei Senyuta,MAG,Aliaksei Seniuta,BLR,0.938,"BLR, BLR",BLR: 2024 - Belarus Open Cup (5 results),Aliaksei Senyuta: not found 2025-2025 | Aliaksei Seniuta: not found 2025-2025,accept_suggestion,same_country_review_reuse,merge as same athlete,,,Pre-filled from same-country admin decision memory. Country is unchanged; change-country cases still require manual review. Source: 2023 gymternet_2023_existing_athlete_match_review.csv.
athlete_match_f47761af1e2dcd5b,medium,possible_existing_athlete_match,Bohdan Mandalina,MAG,Bogdan Mandalina,UKR,0.938,"UKR, UKR",UKR: 2024 - Ukrainian Championships (1 results),Bohdan Mandalina: not found 2025-2025 | Bogdan Mandalina: not found 2025-2025,,,,,,
athlete_match_b0fc2dffcd480849,medium,possible_existing_athlete_match,Emile Vanderbeck,MAG,Emiel Vanderbeck,BEL,0.938,"BEL, BEL",BEL: 2024 - Wase Gymcup (4 results),Emile Vanderbeck: not found 2025-2025 | Emiel Vanderbeck: not found 2025-2025,,,,,,
athlete_match_15c11b98b019a21d,medium,possible_existing_athlete_match,Keishin Tsukamoto,MAG,Kishi Tsukamoto,JPN,0.938,"JPN, JPN",JPN: 2024 - All-Japan Junior Championships (4 results),Keishin Tsukamoto: 2025: JPN:7 | Kishi Tsukamoto: not found 2025-2025,,,,,,
athlete_match_09aa2c3c457fb263,medium,possible_existing_athlete_match,Khumoyon Islomov,MAG,Khumoyun Islomov,UZB,0.938,"UZB, UZB",UZB: 2024 - Cairo World Cup (1 results),Khumoyon Islomov: not found 2025-2025 | Khumoyun Islomov: 2025: UZB:20,,,,,,
athlete_match_d3922623d171f472,medium,possible_existing_athlete_match,Lyubomir Stanoev,MAG,Liubomir Stanoev,BUL,0.938,"BUL, BUL",BUL: 2024 - Balkan Championships (5 results),Lyubomir Stanoev: 2025: BUL:11 | Liubomir Stanoev: not found 2025-2025,accept_suggestion,same_country_review_reuse,merge as same athlete,,,Pre-filled from same-country admin decision memory. Country is unchanged; change-country cases still require manual review. Source: 2023 gymternet_2023_existing_athlete_match_review.csv.
athlete_match_07f2eae1a00d826f,medium,possible_existing_athlete_match,Maximilian Røhrl,MAG,Maximilian Röhrl,NOR,0.938,"NOR, NOR",NOR: 2024 - Ifact Norges Cup 2 (5 results),Maximilian Røhrl: not found 2025-2025 | Maximilian Röhrl: not found 2025-2025,,,,,,
athlete_match_84ecee272daccf4f,medium,possible_existing_athlete_match,Nicolò Lucchetti,MAG,Nicolo Lucchetti,ITA,0.938,"ITA, ITA",ITA: 2024 - 1st Italian Serie A (3 results); 2024 - 3rd Italian Serie A (2 results),Nicolò Lucchetti: 2025: ITA:9 | Nicolo Lucchetti: not found 2025-2025,accept_suggestion,same_country_review_reuse,merge as same athlete,,,Pre-filled from same-country admin decision memory. Country is unchanged; change-country cases still require manual review. Source: 2023 gymternet_2023_existing_athlete_match_review.csv.
athlete_match_2fdc7714584329bb,medium,possible_existing_athlete_match,Taisei Kobayashi,MAG,Daisei Kobayashi,JPN,0.938,"JPN, JPN",JPN: 2024 - All-Japan Student Championships (5 results),Taisei Kobayashi: not found 2025-2025 | Daisei Kobayashi: not found 2025-2025,accept_suggestion,same_country_review_reuse,merge as same athlete,,,Pre-filled from same-country admin decision memory. Country is unchanged; change-country cases still require manual review. Source: 2023 gymternet_2023_existing_athlete_match_review.csv.
athlete_match_71b7ae0143bf1098,medium,possible_existing_athlete_match,Vasileios Provias,MAG,Vasilis Provias,GRE,0.938,"GRE, GRE",GRE: 2024 - European Championships (5 results),Vasileios Provias: not found 2025-2025 | Vasilis Provias: not found 2025-2025,accept_suggestion,same_country_review_reuse,merge as same athlete,,,Pre-filled from same-country admin decision memory. Country is unchanged; change-country cases still require manual review. Source: 2023 gymternet_2023_existing_athlete_match_review.csv.
athlete_match_71405f8b4cce8e3d,medium,possible_existing_athlete_match,William Fu-Allen,MAG,William Fu Allen,NZL,0.938,"NZL, NZL",NZL: 2024 - Cairo World Cup (2 results); 2024 - Cottbus World Cup (2 results),William Fu-Allen: not found 2025-2025 | William Fu Allen: 2025: NZL:16,accept_suggestion,same_country_review_reuse,merge as same athlete,,,Pre-filled from same-country admin decision memory. Country is unchanged; change-country cases still require manual review. Source: 2022 gymternet_2022_existing_athlete_match_review.csv.
athlete_match_005f9b04a7f2c302,medium,possible_existing_athlete_match,Azuki Kokufugata,WAG,Azuki Kokubugata,JPN,0.938,"JPN, JPN",JPN: 2024 - All-Japan Student Championships (5 results),Azuki Kokufugata: 2025: JPN:24 | Azuki Kokubugata: not found 2025-2025,accept_suggestion,same_country_review_reuse,merge as same athlete,,,Pre-filled from same-country admin decision memory. Country is unchanged; change-country cases still require manual review. Source: 2023 gymternet_2023_existing_athlete_match_review.csv.
athlete_match_5233f3affe717553,medium,possible_existing_athlete_match,Céleste Mordenti,WAG,Celeste Mordenti,LUX,0.938,"LUX, LUX",LUX: 2024 - Dutch Team Championships (5 results),"Céleste Mordenti: 2025: LUX:59, NED:5 | Celeste Mordenti: not found 2025-2025",,,,,,
athlete_match_1d7d031a3204aea0,medium,possible_existing_athlete_match,Chèmene Lamaitre,WAG,Chemene Lamaitre,NED,0.938,"NED, NED",NED: 2024 - Baku World Cup (5 results),Chèmene Lamaitre: not found 2025-2025 | Chemene Lamaitre: 2025: NED:6,accept_suggestion,same_country_review_reuse,merge as same athlete,,,Pre-filled from same-country admin decision memory. Country is unchanged; change-country cases still require manual review. Source: 2022 gymternet_2022_existing_athlete_match_review.csv.
athlete_match_a9d6fccf247dca7e,medium,possible_existing_athlete_match,Gabriella Bergem,WAG,Gabrielle Bergem,NOR,0.938,"NOR, NOR",NOR: 2024 - Norwegian Championships (5 results),Gabriella Bergem: 2025: NOR:6 | Gabrielle Bergem: not found 2025-2025,accept_suggestion,same_country_review_reuse,merge as same athlete,,,Pre-filled from same-country admin decision memory. Country is unchanged; change-country cases still require manual review. Source: 2023 gymternet_2023_existing_athlete_match_review.csv.
athlete_match_6600aef2d8cbacb6,medium,possible_existing_athlete_match,Raphaëlle Letort,WAG,Raphaëlle Letord,FRA,0.938,"FRA, FRA",FRA: 2024 - French Championships (5 results),Raphaëlle Letort: 2025: FRA:19 | Raphaëlle Letord: not found 2025-2025,accept_suggestion,same_country_review_reuse,merge as same athlete,,,Pre-filled from same-country admin decision memory. Country is unchanged; change-country cases still require manual review. Source: 2023 gymternet_2023_existing_athlete_match_review.csv.
athlete_match_8c6d4ea87ac43c8f,medium,possible_existing_athlete_match,Adam Goldshmit,MAG,Adam Goldschmidt,ISR,0.933,"ISR, ISR",ISR: 2024 - Salamunov Memorial (5 results),Adam Goldshmit: not found 2025-2025 | Adam Goldschmidt: not found 2025-2025,,,,,,
athlete_match_0ef1c33c88f23a4d,medium,possible_existing_athlete_match,Aleksei Usachev,MAG,Aleksey Usachev,RUS,0.933,"RUS, RUS",RUS: 2024 - Belarus Open Cup (5 results),Aleksei Usachev: not found 2025-2025 | Aleksey Usachev: not found 2025-2025,accept_suggestion,same_country_review_reuse,merge as same athlete,,,Pre-filled from same-country admin decision memory. Country is unchanged; change-country cases still require manual review. Source: 2023 gymternet_2023_existing_athlete_match_review.csv.
athlete_match_3bcdc54b92874b03,medium,possible_existing_athlete_match,Alexander Röhrl,MAG,Alexander Rohrl,NOR,0.933,"NOR, NOR",NOR: 2024 - Mälar Cup (3 results),Alexander Röhrl: 2025: NOR:7 | Alexander Rohrl: not found 2025-2025,,,,,,
athlete_match_0a0cfc4c1b994c89,medium,possible_existing_athlete_match,Alexander Yolshin-Cash,MAG,Alexander Yolshina Cash,GBR,0.933,"GBR, GBR",GBR: 2024 - English Championships (5 results),Alexander Yolshin-Cash: 2025: GBR:13 | Alexander Yolshina Cash: not found 2025-2025,,,,,,
athlete_match_34581eeb1673b0bd,medium,possible_existing_athlete_match,Andrei Dmitriev,MAG,Andrey Dmitriev,RUS,0.933,"RUS, RUS",RUS: 2024 - Russian Championships (5 results),Andrei Dmitriev: 2025: RUS:19 | Andrey Dmitriev: not found 2025-2025,accept_suggestion,same_country_review_reuse,merge as same athlete,,,Pre-filled from same-country admin decision memory. Country is unchanged; change-country cases still require manual review. Source: 2022 gymternet_2022_existing_athlete_match_review.csv.
athlete_match_b024a6c848230c92,medium,possible_existing_athlete_match,Aswhwin Singh S.,MAG,Ashwin Singh S,IND,0.933,"IND, IND",IND: 2024 - Indian Championships (2 results),Aswhwin Singh S.: not found 2025-2025 | Ashwin Singh S: not found 2025-2025,,,,,,
athlete_match_08e3b311856fd242,medium,possible_existing_athlete_match,Briek van Huele,MAG,Briek van Heule,BEL,0.933,"BEL, BEL",BEL: 2024 - Wase Gymcup (5 results),Briek van Huele: not found 2025-2025 | Briek van Heule: not found 2025-2025,accept_suggestion,same_country_review_reuse,merge as same athlete,,,Pre-filled from same-country admin decision memory. Country is unchanged; change-country cases still require manual review. Source: 2023 gymternet_2023_existing_athlete_match_review.csv.
athlete_match_c3f1ec94a15074c8,medium,possible_existing_athlete_match,Chisora Sashiki,MAG,Chisora Sashika,JPN,0.933,"JPN, JPN",JPN: 2024 - All-Japan Senior Championships (5 results),Chisora Sashiki: not found 2025-2025 | Chisora Sashika: not found 2025-2025,accept_suggestion,same_country_review_reuse,merge as same athlete,,,Pre-filled from same-country admin decision memory. Country is unchanged; change-country cases still require manual review. Source: 2023 gymternet_2023_existing_athlete_match_review.csv.
athlete_match_466213cdf168a38e,medium,possible_existing_athlete_match,Dmitriy Abramov,MAG,Dmitrii Abramov,RUS,0.933,"RUS, RUS",RUS: 2024 - Russian Championships (5 results),Dmitriy Abramov: not found 2025-2025 | Dmitrii Abramov: not found 2025-2025,accept_suggestion,same_country_review_reuse,merge as same athlete,,,Pre-filled from same-country admin decision memory. Country is unchanged; change-country cases still require manual review. Source: 2022 gymternet_2022_existing_athlete_match_review.csv.
athlete_match_c709430305f1843d,medium,possible_existing_athlete_match,Dusan Djordjevic,MAG,Dusan Dordevic,SRB,0.933,"SRB, SRB",SRB: 2024 - Osijek Challenge Cup (5 results),Dusan Djordjevic: not found 2025-2025 | Dusan Dordevic: not found 2025-2025,accept_suggestion,same_country_review_reuse,merge as same athlete,,,Pre-filled from same-country admin decision memory. Country is unchanged; change-country cases still require manual review. Source: 2023 gymternet_2023_existing_athlete_match_review.csv.
athlete_match_c717d323be91550d,medium,possible_existing_athlete_match,Eric Wiederhold,MAG,Erik Wiederhold,GER,0.933,"GER, GER",GER: 2024 - 5th Bundesliga (5 results),Eric Wiederhold: not found 2025-2025 | Erik Wiederhold: 2025: GER:15,accept_suggestion,same_country_review_reuse,merge as same athlete,,,Pre-filled from same-country admin decision memory. Country is unchanged; change-country cases still require manual review. Source: 2023 gymternet_2023_existing_athlete_match_review.csv.
athlete_match_1ecda498f1fbbfe1,medium,possible_existing_athlete_match,Georgi Stoyanov,MAG,Georgy Stoyanov,BUL,0.933,"BUL, BUL",BUL: 2024 - Bulgarian Championships (5 results),Georgi Stoyanov: 2025: BUL:11 | Georgy Stoyanov: not found 2025-2025,,,,,,
athlete_match_75d04a97469a686c,medium,possible_existing_athlete_match,Ioannis Tougkas,MAG,Ioannis Tounkas,GRE,0.933,"GRE, GRE",GRE: 2024 - Greek Championships (5 results),Ioannis Tougkas: 2025: GRE:12 | Ioannis Tounkas: not found 2025-2025,,,,,,
athlete_match_9d50727e6618b62c,medium,possible_existing_athlete_match,Jamie Langridge,MAG,James Langridge,GBR,0.933,"GBR, GBR",GBR: 2024 - Welsh Championships (4 results),Jamie Langridge: not found 2025-2025 | James Langridge: not found 2025-2025,,,,,,
athlete_match_a73d8e9fc227ed7b,medium,possible_existing_athlete_match,Kaspar Eriksson,MAG,Kaspar Ericsson,SWE,0.933,"SWE, SWE",SWE: 2024 - Mälar Cup (5 results),Kaspar Eriksson: not found 2025-2025 | Kaspar Ericsson: 2025: SWE:50,accept_suggestion,same_country_review_reuse,merge as same athlete,,,Pre-filled from same-country admin decision memory. Country is unchanged; change-country cases still require manual review. Source: 2022 gymternet_2022_existing_athlete_match_review.csv.
athlete_match_6fd33b52612c047a,medium,possible_existing_athlete_match,Kyosti Uusitalo,MAG,Kyösti Uusitalo,FIN,0.933,"FIN, FIN",FIN: 2024 - European Championships (3 results),Kyosti Uusitalo: not found 2025-2025 | Kyösti Uusitalo: 2025: FIN:6,,,,,,
athlete_match_9a7129d4dfd1dcd8,medium,possible_existing_athlete_match,Motohiro Yamada,MAG,Mohohiro Yamada,JPN,0.933,"JPN, JPN",JPN: 2024 - All-Japan Senior Championships (5 results),Motohiro Yamada: 2025: JPN:27 | Mohohiro Yamada: not found 2025-2025,accept_suggestion,same_country_review_reuse,merge as same athlete,,,Pre-filled from same-country admin decision memory. Country is unchanged; change-country cases still require manual review. Source: 2022 gymternet_2022_existing_athlete_match_review.csv.
athlete_match_5812cb5bbfe1ced7,medium,possible_existing_athlete_match,Ryuto Fukashima,MAG,Ryuto Fukushima,JPN,0.933,"JPN, JPN",JPN: 2024 - All-Japan Junior Championships (5 results),Ryuto Fukashima: 2025: JPN:9 | Ryuto Fukushima: not found 2025-2025,,,,,,
athlete_match_0e42bdb2179d5258,medium,possible_existing_athlete_match,Huang Tzu-Hsing,WAG,Huang Tzu Hsing,TPE,0.933,"TPE, TPE",TPE: 2024 - Asian Championships (5 results),Huang Tzu-Hsing: not found 2025-2025 | Huang Tzu Hsing: not found 2025-2025,accept_suggestion,same_country_review_reuse,merge as same athlete,,,Pre-filled from same-country admin decision memory. Country is unchanged; change-country cases still require manual review. Source: 2023 gymternet_2023_existing_athlete_match_review.csv.
athlete_match_430a19c37b3b4191,medium,possible_existing_athlete_match,Kahina Amrouche,WAG,Kahïna Amrouche,FRA,0.933,"FRA, FRA",FRA: 2024 - French National Team Review (5 results),Kahina Amrouche: 2025: FRA:5 | Kahïna Amrouche: not found 2025-2025,,,,,,
athlete_match_49d8c1508f4b3530,medium,possible_existing_athlete_match,Kira Maharevich,WAG,Kira Magarevich,BLR,0.933,"BLR, BLR",BLR: 2024 - Belarus Open Cup (5 results),Kira Maharevich: 2025: BLR:46 | Kira Magarevich: not found 2025-2025,,,,,,
athlete_match_ff06136449e98423,medium,possible_existing_athlete_match,Kotona Nagashima,WAG,Koto Nagashima,JPN,0.933,"JPN, JPN",JPN: 2024 - All-Japan Student Championships (5 results),Kotona Nagashima: not found 2025-2025 | Koto Nagashima: not found 2025-2025,accept_suggestion,same_country_review_reuse,merge as same athlete,,,Pre-filled from same-country admin decision memory. Country is unchanged; change-country cases still require manual review. Source: 2021 gymternet_2021_existing_athlete_match_review.csv.
athlete_match_c93964c60d924328,medium,possible_existing_athlete_match,Laurie Denommée,WAG,Laurie Denommee,CAN,0.933,"CAN, CAN",CAN: 2024 - Canadian Championships (5 results),Laurie Denommée: not found 2025-2025 | Laurie Denommee: not found 2025-2025,accept_suggestion,same_country_review_reuse,merge as same athlete,,,Pre-filled from same-country admin decision memory. Country is unchanged; change-country cases still require manual review. Source: 2023 gymternet_2023_existing_athlete_match_review.csv.
athlete_match_508ab82fe221ede7,medium,possible_existing_athlete_match,Liv Winterqvist,WAG,Liv Winterkvist,SWE,0.933,"SWE, SWE",SWE: 2024 - Swedish Championships (5 results),Liv Winterqvist: 2025: SWE:15 | Liv Winterkvist: not found 2025-2025,accept_suggestion,same_country_review_reuse,merge as same athlete,,,Pre-filled from same-country admin decision memory. Country is unchanged; change-country cases still require manual review. Source: 2023 gymternet_2023_existing_athlete_match_review.csv.
athlete_match_9d7b01aa71486ad2,medium,possible_existing_athlete_match,Lucia Piliarovà,WAG,Lucia Piliarova,SVK,0.933,"SVK, SVK",SVK: 2024 - 3rd Italian Serie A (5 results),Lucia Piliarovà: not found 2025-2025 | Lucia Piliarova: 2025: SVK:59,,,,,,
athlete_match_d8ae91d30e1b2873,medium,possible_existing_athlete_match,M. Priya,WAG,Riya M.,IND,0.933,"IND, IND",IND: 2024 - Indian Championships (5 results),M. Priya: not found 2025-2025 | Riya M.: not found 2025-2025,,,,,,
athlete_match_7c4b3ee55c7075bf,high,possible_existing_athlete_match,Maria Chubarova,WAG,Marina Cubarova,LAT,0.933,"LAT, RUS",RUS: 2024 - Russian Junior Championships (5 results),Maria Chubarova: not found 2025-2025 | Marina Cubarova: not found 2025-2025,,,,,,
athlete_match_4060bf271e18c982,medium,possible_existing_athlete_match,Maria Stylianou,WAG,Maria Stylianoy,GRE,0.933,"GRE, GRE",GRE: 2024 - Greek Championships (5 results),Maria Stylianou: 2025: GRE:2 | Maria Stylianoy: not found 2025-2025,,,,,,
athlete_match_4321ddfad0e1d496,medium,possible_existing_athlete_match,Marianna Kiniuk,WAG,Mariana Kiniuik,UKR,0.933,"UKR, UKR",UKR: 2024 - European Championships (1 results); 2024 - Ukrainian Championships (4 results),Marianna Kiniuk: 2025: UKR:12 | Mariana Kiniuik: not found 2025-2025,,,,,,
athlete_match_4253131b8cf1108b,medium,possible_existing_athlete_match,Marija Petrova,WAG,Marija Petrovska,LAT,0.933,"LAT, LAT",LAT: 2024 - Tiger Cup (5 results),Marija Petrova: 2025: LAT:30 | Marija Petrovska: not found 2025-2025,accept_suggestion,same_country_review_reuse,merge as same athlete,,,Pre-filled from same-country admin decision memory. Country is unchanged; change-country cases still require manual review. Source: 2023 gymternet_2023_existing_athlete_match_review.csv.
athlete_match_051e962e8908a2a9,high,possible_existing_athlete_match,Martina Villegas,WAG,Maria Villegas,COL,0.933,"CHI, COL",CHI: 2024 - Pacific Rim Championships (5 results),Martina Villegas: 2025: CHI:7 | Maria Villegas: not found 2025-2025,,,,,,
athlete_match_e08a63c8b44e6635,medium,possible_existing_athlete_match,Tamabuki Tajima,WAG,Yamabuki Tajima,JPN,0.933,"JPN, JPN",JPN: 2024 - All-Japan Student Championships (5 results),Tamabuki Tajima: not found 2025-2025 | Yamabuki Tajima: 2025: JPN:17,,,,,,
athlete_match_37b6d2148f8e0275,medium,possible_existing_athlete_match,Veineeta,WAG,Vineeta,IND,0.933,"IND, IND",IND: 2024 - Indian Championships (3 results),Veineeta: not found 2025-2025 | Vineeta: not found 2025-2025,,,,,,
athlete_match_bcc5a86c47e5e0d3,medium,possible_existing_athlete_match,Alexander Kuhn,MAG,Alexander Kunz,GER,0.929,"GER, GER",GER: 2024 - German Junior Championships (5 results),Alexander Kuhn: 2025: GER:17 | Alexander Kunz: 2025: GER:76,,,,,,
athlete_match_64e3461795145b2e,medium,possible_existing_athlete_match,Alexey Usachev,MAG,Alexei Usachev,RUS,0.929,"RUS, RUS",RUS: 2024 - Russian Cup (5 results),Alexey Usachev: not found 2025-2025 | Alexei Usachev: not found 2025-2025,,,,,,
athlete_match_fced774535df8614,medium,possible_existing_athlete_match,Atle Keskitalo,MAG,Atte Keskitalo,FIN,0.929,"FIN, FIN",FIN: 2024 - Mälar Cup (5 results),Atle Keskitalo: not found 2025-2025 | Atte Keskitalo: 2025: FIN:29,,,,,,
athlete_match_9c3161fb275779a0,medium,possible_existing_athlete_match,Birk Strømsnes,MAG,Brik Strømsnes,NOR,0.929,"NOR, NOR",NOR: 2024 - Ifact Norges Cup 2 (2 results),Birk Strømsnes: not found 2025-2025 | Brik Strømsnes: not found 2025-2025,,,,,,
athlete_match_80f4655c01035977,medium,possible_existing_athlete_match,Boyan Banovski,MAG,Boyan Banovsky,BUL,0.929,"BUL, BUL",BUL: 2024 - Bulgarian Championships (5 results),Boyan Banovski: 2025: BUL:12 | Boyan Banovsky: not found 2025-2025,,,,,,
athlete_match_7d50f252ec846aa9,medium,possible_existing_athlete_match,Daniil Serdiuk,MAG,Daniil Serdyuk,BLR,0.929,"BLR, BLR",BLR: 2024 - Belarus Open Cup (5 results),Daniil Serdiuk: not found 2025-2025 | Daniil Serdyuk: not found 2025-2025,,,,,,
athlete_match_2580c462e1bb8e19,medium,possible_existing_athlete_match,Dmytro Gurskiy,MAG,Dmytro Hurskiy,UKR,0.929,"UKR, UKR",UKR: 2024 - Ukrainian Championships (2 results),Dmytro Gurskiy: not found 2025-2025 | Dmytro Hurskiy: not found 2025-2025,,,,,,
athlete_match_b11f464ff789b768,medium,possible_existing_athlete_match,Egor Malyshev,MAG,Yegor Malyshyev,RUS,0.929,"RUS, RUS",RUS: 2024 - Russian Championships (3 results),Egor Malyshev: not found 2025-2025 | Yegor Malyshyev: not found 2025-2025,accept_suggestion,same_country_review_reuse,merge as same athlete,,,Pre-filled from same-country admin decision memory. Country is unchanged; change-country cases still require manual review. Source: 2022 gymternet_2022_existing_athlete_match_review.csv.
athlete_match_7300a3da978407d1,medium,possible_existing_athlete_match,Evgeniy Voitko,MAG,Evgeniy Voytko,RUS,0.929,"RUS, RUS",RUS: 2024 - Russian Championships (5 results),Evgeniy Voitko: not found 2025-2025 | Evgeniy Voytko: 2025: RUS:7,,,,,,
athlete_match_d2ab3c24c0b92eb5,medium,possible_existing_athlete_match,Francisco Brás,MAG,Francisco Bras,POR,0.929,"POR, POR",POR: 2024 - Portuguese Championships (5 results),Francisco Brás: not found 2025-2025 | Francisco Bras: 2025: POR:11,accept_suggestion,same_country_review_reuse,merge as same athlete,,,Pre-filled from same-country admin decision memory. Country is unchanged; change-country cases still require manual review. Source: 2023 gymternet_2023_existing_athlete_match_review.csv.
athlete_match_738a485e27f079a7,medium,possible_existing_athlete_match,Hwang Seungjin,MAG,Hwang Seungjun,KOR,0.929,"KOR, KOR",KOR: 2024 - South Korean Championships (2 results),Hwang Seungjin: not found 2025-2025 | Hwang Seungjun: 2025: KOR:2,,,,,,
athlete_match_7a99334127dbc541,medium,possible_existing_athlete_match,Jarno Willaert,MAG,Yarno Willaert,BEL,0.929,"BEL, BEL",BEL: 2024 - Belgian Championships (3 results); 2024 - Luxembourg Open (2 results),Jarno Willaert: not found 2025-2025 | Yarno Willaert: not found 2025-2025,,,,,,
athlete_match_cbbc5fd061043c80,medium,possible_existing_athlete_match,Kirill Maiorov,MAG,Kirill Mayorov,RUS,0.929,"RUS, RUS",RUS: 2024 - Voronin Cup (5 results),Kirill Maiorov: 2025: RUS:7 | Kirill Mayorov: not found 2025-2025,,,,,,
athlete_match_25ecbacc16b58ab3,medium,possible_existing_athlete_match,Mattéo Cartier,MAG,Matteo Cartier,FRA,0.929,"FRA, FRA",FRA: 2024 - French Championships (5 results),Mattéo Cartier: 2025: FRA:7 | Matteo Cartier: not found 2025-2025,accept_suggestion,same_country_review_reuse,merge as same athlete,,,Pre-filled from same-country admin decision memory. Country is unchanged; change-country cases still require manual review. Source: 2022 gymternet_2022_existing_athlete_match_review.csv.
athlete_match_3a045473c1ef3a37,medium,possible_existing_athlete_match,Michael Weiner,MAG,Michael Wilner,USA,0.929,"USA, USA",USA: 2024 - Winter Cup (5 results),Michael Weiner: not found 2025-2025 | Michael Wilner: not found 2025-2025,,,,,,
athlete_match_564ab1618673141b,medium,possible_existing_athlete_match,Naoto Shiraiwa,MAG,Shiroiwa Naoto,JPN,0.929,"JPN, JPN",JPN: 2024 - All-Japan Junior Championships (5 results),Naoto Shiraiwa: 2025: JPN:10 | Shiroiwa Naoto: not found 2025-2025,,,,,,
athlete_match_35fe564597644f26,medium,possible_existing_athlete_match,Radoslav Yotov,MAG,Radoslav Yoyov,BUL,0.929,"BUL, BUL",BUL: 2024 - Balkan Championships (5 results),Radoslav Yotov: 2025: BUL:12 | Radoslav Yoyov: not found 2025-2025,accept_suggestion,same_country_review_reuse,merge as same athlete,,,Pre-filled from same-country admin decision memory. Country is unchanged; change-country cases still require manual review. Source: 2023 gymternet_2023_existing_athlete_match_review.csv.
athlete_match_f0c9f625eec9bb9f,medium,possible_existing_athlete_match,Shuta Yokoyama,MAG,Souta Yokoyama,JPN,0.929,"JPN, JPN",JPN: 2024 - All-Japan Junior Championships (5 results),Shuta Yokoyama: 2025: JPN:21 | Souta Yokoyama: not found 2025-2025,,,,,,
athlete_match_a7e51919e003e262,medium,possible_existing_athlete_match,Yunus Gündogdu,MAG,Yunus Gundogdu,TUR,0.929,"TUR, TUR",TUR: 2024 - Turkish Championships (5 results),Yunus Gündogdu: 2025: TUR:22 | Yunus Gundogdu: not found 2025-2025,accept_suggestion,same_country_review_reuse,merge as same athlete,,,Pre-filled from same-country admin decision memory. Country is unchanged; change-country cases still require manual review. Source: 2023 gymternet_2023_existing_athlete_match_review.csv.
athlete_match_90ec32baec20f86f,medium,possible_existing_athlete_match,Yuri Guimarães,MAG,Yuri Guimaraes,BRA,0.929,"BRA, BRA",BRA: 2024 - Brazil Trophy (5 results),Yuri Guimarães: 2025: BRA:22 | Yuri Guimaraes: not found 2025-2025,accept_suggestion,same_country_review_reuse,merge as same athlete,,,Pre-filled from same-country admin decision memory. Country is unchanged; change-country cases still require manual review. Source: 2023 gymternet_2023_existing_athlete_match_review.csv.
athlete_match_0b3f9372f688e2b2,medium,possible_existing_athlete_match,Yuta Matsumoto,MAG,Yuya Matsumoto,JPN,0.929,"JPN, JPN",JPN: 2024 - All-Japan Junior Championships (5 results),Yuta Matsumoto: not found 2025-2025 | Yuya Matsumoto: not found 2025-2025,accept_suggestion,same_country_review_reuse,merge as same athlete,,,Pre-filled from same-country admin decision memory. Country is unchanged; change-country cases still require manual review. Source: 2023 gymternet_2023_existing_athlete_match_review.csv.
athlete_match_a079c8ff9b9973d2,medium,possible_existing_athlete_match,Akari Nakajima,WAG,Karin Nakajima,JPN,0.929,"JPN, JPN",JPN: 2024 - All-Japan Junior Championships (5 results),Akari Nakajima: 2025: JPN:5 | Karin Nakajima: not found 2025-2025,accept_suggestion,same_country_review_reuse,merge as same athlete,,,Pre-filled from same-country admin decision memory. Country is unchanged; change-country cases still require manual review. Source: 2023 gymternet_2023_existing_athlete_match_review.csv.
athlete_match_0bd612891f09731f,medium,possible_existing_athlete_match,Amelie Demeyer,WAG,Amélie Demeyer,BEL,0.929,"BEL, BEL",BEL: 2024 - Wase Gymcup (5 results),Amelie Demeyer: not found 2025-2025 | Amélie Demeyer: not found 2025-2025,,,,,,
athlete_match_b6c493e04238ef1c,medium,possible_existing_athlete_match,Ania Fernandez,WAG,Jana Fernandez,ESP,0.929,"ESP, ESP",ESP: 2024 - 2nd Spanish League (5 results),Ania Fernandez: 2025: ESP:15 | Jana Fernandez: 2025: ESP:4,accept_suggestion,same_country_review_reuse,merge as same athlete,,,Pre-filled from same-country admin decision memory. Country is unchanged; change-country cases still require manual review. Source: 2023 gymternet_2023_existing_athlete_match_review.csv.
athlete_match_58493bab23b32832,medium,possible_existing_athlete_match,Argyro Tsiatsi,WAG,Argiro Tsiatsi,GRE,0.929,"GRE, GRE",GRE: 2024 - Greek Championships (5 results),Argyro Tsiatsi: 2025: GRE:5 | Argiro Tsiatsi: not found 2025-2025,accept_suggestion,same_country_review_reuse,merge as same athlete,,,Pre-filled from same-country admin decision memory. Country is unchanged; change-country cases still require manual review. Source: 2023 gymternet_2023_existing_athlete_match_review.csv.
athlete_match_c5860f67bb7cdf89,medium,possible_existing_athlete_match,Chloé Casterot,WAG,Chloe Casterot,FRA,0.929,"FRA, FRA",FRA: 2024 - Top 12 Series 4 (2 results); 2025 - Top 12 Series 1 (2025) (1 results); 2025 - Top 12 Series 2 (2025) (2 results),Chloé Casterot: 2025: FRA:15 | Chloe Casterot: not found 2025-2025,accept_suggestion,same_country_review_reuse,merge as same athlete,,,Pre-filled from same-country admin decision memory. Country is unchanged; change-country cases still require manual review. Source: 2023 gymternet_2023_existing_athlete_match_review.csv.
athlete_match_ee0099924bf91a6b,medium,possible_existing_athlete_match,Clémence Gobet,WAG,Clemence Gobet,SUI,0.929,"SUI, SUI",SUI: 2024 - Swiss Championships (5 results),Clémence Gobet: not found 2025-2025 | Clemence Gobet: not found 2025-2025,accept_suggestion,same_country_review_reuse,merge as same athlete,,,Pre-filled from same-country admin decision memory. Country is unchanged; change-country cases still require manual review. Source: 2023 gymternet_2023_existing_athlete_match_review.csv.
athlete_match_614d9cf24fe66c32,medium,possible_existing_athlete_match,Koto Yamazaki,WAG,Kotoha Yamazaki,JPN,0.929,"JPN, JPN",JPN: 2024 - All-Japan Student Championships (5 results),Koto Yamazaki: not found 2025-2025 | Kotoha Yamazaki: not found 2025-2025,accept_suggestion,same_country_review_reuse,merge as same athlete,,,Pre-filled from same-country admin decision memory. Country is unchanged; change-country cases still require manual review. Source: 2023 gymternet_2023_existing_athlete_match_review.csv.
athlete_match_39237cee0eedf109,medium,possible_existing_athlete_match,Salome Catoire,WAG,Salomé Catoire,FRA,0.929,"FRA, FRA",FRA: 2024 - French Championships (5 results),Salome Catoire: not found 2025-2025 | Salomé Catoire: 2025: FRA:2,,,,,,
athlete_match_e11ad9199d4a39eb,medium,possible_existing_athlete_match,Sona Miyamoto,WAG,Sorana Miyamoto,JPN,0.929,"JPN, JPN",JPN: 2024 - All-Japan Junior Championships (5 results),Sona Miyamoto: not found 2025-2025 | Sorana Miyamoto: not found 2025-2025,accept_suggestion,same_country_review_reuse,merge as same athlete,,,Pre-filled from same-country admin decision memory. Country is unchanged; change-country cases still require manual review. Source: 2023 gymternet_2023_existing_athlete_match_review.csv.
athlete_match_2f9424102421b62a,medium,possible_existing_athlete_match,Wakana Yamamoto,WAG,Kana Yamamoto,JPN,0.929,"JPN, JPN",JPN: 2024 - All-Japan Junior Championships (5 results),Wakana Yamamoto: not found 2025-2025 | Kana Yamamoto: 2025: JPN:10,,,,,,
athlete_match_ebc94be1b2f1a5bf,medium,possible_existing_athlete_match,Yuri Kashiwagi,WAG,Juri Kashiwagi,JPN,0.929,"JPN, JPN",JPN: 2024 - All-Japan Championships (1 results),Yuri Kashiwagi: not found 2025-2025 | Juri Kashiwagi: not found 2025-2025,accept_suggestion,same_country_review_reuse,merge as same athlete,,,Pre-filled from same-country admin decision memory. Country is unchanged; change-country cases still require manual review. Source: 2023 gymternet_2023_existing_athlete_match_review.csv.
athlete_match_4b944e53ac363b4a,medium,possible_existing_athlete_match,Zelia Caufriez,WAG,Zélia Caufriez,BEL,0.929,"BEL, BEL",BEL: 2024 - Tournoi International (5 results),Zelia Caufriez: 2025: BEL:5 | Zélia Caufriez: 2025: BEL:36,accept_suggestion,same_country_review_reuse,merge as same athlete,,,Pre-filled from same-country admin decision memory. Country is unchanged; change-country cases still require manual review. Source: 2023 gymternet_2023_existing_athlete_match_review.csv.
athlete_match_f6df92df9adef4d1,medium,possible_existing_athlete_match,Aaran Findlay,MAG,Arran Findlay,GER,0.923,"GER, GER",GER: 2024 - Wohnen Juniors Trophy (5 results),Aaran Findlay: not found 2025-2025 | Arran Findlay: 2025: GER:8,,,,,,
athlete_match_874ef867eeca0195,medium,possible_existing_athlete_match,Andras Marton,MAG,Adnras Marton,HUN,0.923,"HUN, HUN",HUN: 2024 - Balkan Championships (5 results),Andras Marton: not found 2025-2025 | Adnras Marton: not found 2025-2025,,,,,,
athlete_match_3a9d0059dd6e68e3,medium,possible_existing_athlete_match,Charles Firth,MAG,Charlie Firth,GBR,0.923,"GBR, GBR",GBR: 2024 - English Championships (3 results),Charles Firth: not found 2025-2025 | Charlie Firth: not found 2025-2025,,,,,,
athlete_match_a3154e63eaa97981,medium,possible_existing_athlete_match,Edvard Meskau,MAG,Edvard Mescau,NOR,0.923,"NOR, NOR",NOR: 2024 - Ifact Norges Cup (5 results),Edvard Meskau: not found 2025-2025 | Edvard Mescau: not found 2025-2025,accept_suggestion,same_country_review_reuse,merge as same athlete,,,Pre-filled from same-country admin decision memory. Country is unchanged; change-country cases still require manual review. Source: 2023 gymternet_2023_existing_athlete_match_review.csv.
athlete_match_2f9c5b1787020135,high,possible_existing_athlete_match,Eito Fujiwara,MAG,Eito Fujihara,CAN,0.923,"CAN, JPN",JPN: 2024 - All-Japan Junior Championships (5 results),Eito Fujiwara: not found 2025-2025 | Eito Fujihara: 2025: JPN:39,,,,,,
athlete_match_9dfa25058dfbc615,medium,possible_existing_athlete_match,José Nogueira,MAG,Jose Nogueira,POR,0.923,"POR, POR",POR: 2024 - Portuguese Championships (5 results),José Nogueira: not found 2025-2025 | Jose Nogueira: 2025: POR:10,accept_suggestion,same_country_review_reuse,merge as same athlete,,,Pre-filled from same-country admin decision memory. Country is unchanged; change-country cases still require manual review. Source: 2023 gymternet_2023_existing_athlete_match_review.csv.
athlete_match_4c6b3ff6c55403c8,medium,possible_existing_athlete_match,Marcel Sailer,MAG,Marcel Seiler,AUT,0.923,"AUT, AUT",AUT: 2024 - Austrian Future Cup (5 results),Marcel Sailer: not found 2025-2025 | Marcel Seiler: not found 2025-2025,,,,,,
athlete_match_a5901cba0b2c814c,medium,possible_existing_athlete_match,Max Griffiths,MAG,Mac Griffiths,GBR,0.923,"GBR, GBR",GBR: 2024 - English Championships (5 results),Max Griffiths: 2025: GBR:14 | Mac Griffiths: 2025: GBR:14,,,,,,
athlete_match_6f6a8b616739eafc,medium,possible_existing_athlete_match,Miguel Besana,MAG,Miguel Begana,PHI,0.923,"PHI, PHI",PHI: 2024 - Asian Championships (5 results),Miguel Besana: 2025: PHI:34 | Miguel Begana: not found 2025-2025,,,,,,
athlete_match_26d0c003e2859f15,medium,possible_existing_athlete_match,Pavel Gulidov,MAG,Pavel Golidov,ISR,0.923,"ISR, ISR",ISR: 2024 - Cottbus World Cup (4 results); 2024 - Koper Challenge Cup (1 results),Pavel Gulidov: 2025: ISR:17 | Pavel Golidov: not found 2025-2025,accept_suggestion,same_country_review_reuse,merge as same athlete,,,Pre-filled from same-country admin decision memory. Country is unchanged; change-country cases still require manual review. Source: 2023 gymternet_2023_existing_athlete_match_review.csv.
athlete_match_cccaeaf327c154e3,medium,possible_existing_athlete_match,Pavel Smirnov,MAG,Pavel Smirnou,BLR,0.923,"BLR, BLR",BLR: 2024 - Belarus Open Cup (5 results),Pavel Smirnov: not found 2025-2025 | Pavel Smirnou: not found 2025-2025,accept_suggestion,same_country_review_reuse,merge as same athlete,,,Pre-filled from same-country admin decision memory. Country is unchanged; change-country cases still require manual review. Source: 2023 gymternet_2023_existing_athlete_match_review.csv.
athlete_match_073dcefcb1109dc4,medium,possible_existing_athlete_match,Quentin Bègue,MAG,Quentin Begue,FRA,0.923,"FRA, FRA",FRA: 2024 - Top 12 Series 4 (2 results); 2024 - Top 12 Series 6 (3 results),Quentin Bègue: 2025: FRA:1 | Quentin Begue: not found 2025-2025,,,,,,
athlete_match_b67d894cacd0ffac,high,possible_existing_athlete_match,Rahul Mandava,MAG,Rahul Mandavi,IND,0.923,"IND, USA",USA: 2024 - U.S. Championships (5 results),Rahul Mandava: 2025: USA:14 | Rahul Mandavi: not found 2025-2025,,,,,,
athlete_match_94b3e01334716e42,medium,possible_existing_athlete_match,Rui Nishimura,MAG,Ryu Nishimura,JPN,0.923,"JPN, JPN",JPN: 2024 - All-Japan Junior Championships (5 results),Rui Nishimura: 2025: JPN:21 | Ryu Nishimura: not found 2025-2025,,,,,,
athlete_match_8a6fa37a563afcf6,medium,possible_existing_athlete_match,Swaïmy Bellil,MAG,Swaimy Bellil,FRA,0.923,"FRA, FRA",FRA: 2024 - French Championships (5 results),Swaïmy Bellil: 2025: FRA:36 | Swaimy Bellil: not found 2025-2025,accept_suggestion,same_country_review_reuse,merge as same athlete,,,Pre-filled from same-country admin decision memory. Country is unchanged; change-country cases still require manual review. Source: 2023 gymternet_2023_existing_athlete_match_review.csv.
athlete_match_37be55fbf1a9cc0f,medium,possible_existing_athlete_match,Yuma Yamamoto,MAG,Yuta Yamamoto,JPN,0.923,"JPN, JPN",JPN: 2024 - All-Japan Junior Championships (5 results),Yuma Yamamoto: 2025: JPN:21 | Yuta Yamamoto: not found 2025-2025,,,,,,
athlete_match_d2fa6f3a702a2d2d,medium,possible_existing_athlete_match,Yusei Yoshida,MAG,Yushi Yoshida,JPN,0.923,"JPN, JPN",JPN: 2024 - Asian Championships (5 results),Yusei Yoshida: not found 2025-2025 | Yushi Yoshida: not found 2025-2025,,,,,,
athlete_match_08245aeb71c868da,medium,possible_existing_athlete_match,Adelina Rylko,WAG,Adeline Rylko,BLR,0.923,"BLR, BLR",BLR: 2024 - Belarus Open Cup (5 results),Adelina Rylko: not found 2025-2025 | Adeline Rylko: not found 2025-2025,accept_suggestion,same_country_review_reuse,merge as same athlete,,,Pre-filled from same-country admin decision memory. Country is unchanged; change-country cases still require manual review. Source: 2023 gymternet_2023_existing_athlete_match_review.csv.
athlete_match_b978ccd9c9849dd5,medium,possible_existing_athlete_match,Beatriz Águas,WAG,Beatriz Aguas,POR,0.923,"POR, POR",POR: 2024 - Portuguese Championships (5 results),Beatriz Águas: not found 2025-2025 | Beatriz Aguas: not found 2025-2025,accept_suggestion,same_country_review_reuse,merge as same athlete,,,Pre-filled from same-country admin decision memory. Country is unchanged; change-country cases still require manual review. Source: 2023 gymternet_2023_existing_athlete_match_review.csv.
athlete_match_060eb8cf55a5f1a2,medium,possible_existing_athlete_match,Carla Martinez,WAG,Carla Martin,ESP,0.923,"ESP, ESP",ESP: 2024 - 2nd Spanish League (1 results); 2024 - 3rd Spanish League (3 results),Carla Martinez: not found 2025-2025 | Carla Martin: not found 2025-2025,accept_suggestion,same_country_review_reuse,merge as same athlete,,,Pre-filled from same-country admin decision memory. Country is unchanged; change-country cases still require manual review. Source: 2023 gymternet_2023_existing_athlete_match_review.csv.
athlete_match_16224c750ec69133,medium,possible_existing_athlete_match,Christiana Bozinaki,WAG,Christiana Mpozinaki,GRE,0.923,"GRE, GRE",GRE: 2024 - Greek Championships (5 results),Christiana Bozinaki: not found 2025-2025 | Christiana Mpozinaki: not found 2025-2025,accept_suggestion,same_country_review_reuse,merge as same athlete,,,Pre-filled from same-country admin decision memory. Country is unchanged; change-country cases still require manual review. Source: 2023 gymternet_2023_existing_athlete_match_review.csv.
athlete_match_70ce2a964a47c6b6,medium,possible_existing_athlete_match,Despoina Sagka,WAG,Despina Saga,GRE,0.923,"GRE, GRE",GRE: 2024 - Greek Championships (5 results),Despoina Sagka: not found 2025-2025 | Despina Saga: not found 2025-2025,accept_suggestion,same_country_review_reuse,merge as same athlete,,,Pre-filled from same-country admin decision memory. Country is unchanged; change-country cases still require manual review. Source: 2023 gymternet_2023_existing_athlete_match_review.csv.
athlete_match_fae8f97ff710750c,medium,possible_existing_athlete_match,Eloine Angeli,WAG,Eloïne Angeli,BEL,0.923,"BEL, BEL",BEL: 2024 - Tiger Cup (5 results),Eloine Angeli: not found 2025-2025 | Eloïne Angeli: 2025: BEL:9,,,,,,
athlete_match_dd8e3e9273e5a500,medium,possible_existing_athlete_match,Hanna Chrobok,WAG,Hanna Chrobak,GER,0.923,"GER, GER",GER: 2024 - German Cup (5 results),"Hanna Chrobok: not found 2025-2025 | Hanna Chrobak: 2025: GER:1, POL:12",,,,,,
athlete_match_971b22bc1d18a752,medium,possible_existing_athlete_match,Karol Sanchez,WAG,Karla Sanchez,COL,0.923,"COL, COL",COL: 2024 - Colombian Championships (5 results),Karol Sanchez: 2025: COL:6 | Karla Sanchez: not found 2025-2025,,,,,,
athlete_match_e015325e5caaca45,medium,possible_existing_athlete_match,Léane Thonnel,WAG,Leane Thonnel,FRA,0.923,"FRA, FRA",FRA: 2024 - Christmas Cup (2 results),Léane Thonnel: 2025: FRA:10 | Leane Thonnel: not found 2025-2025,,,,,,
athlete_match_00fc1a679f895ff6,medium,possible_existing_athlete_match,Maia Iacopini,WAG,Maia Iacoponi,ITA,0.923,"ITA, ITA",ITA: 2024 - Christmas Cup (1 results),Maia Iacopini: not found 2025-2025 | Maia Iacoponi: not found 2025-2025,,,,,,
athlete_match_c50ba495305e862b,high,possible_existing_athlete_match,Mayra Pereira,WAG,Maria Pereira,GBR,0.923,"CHI, GBR",CHI: 2024 - Pan American Championships (5 results),Mayra Pereira: 2025: CHI:7 | Maria Pereira: not found 2025-2025,,,,,,
athlete_match_05581ebb31616c12,medium,possible_existing_athlete_match,Meline Planta,WAG,Melina Planta,FRA,0.923,"FRA, FRA",FRA: 2024 - French National Team Review (5 results),Meline Planta: 2025: FRA:5 | Melina Planta: not found 2025-2025,,,,,,
athlete_match_23cdf2392f80c832,medium,possible_existing_athlete_match,Olga Eminidou,WAG,Olga Eminidoy,GRE,0.923,"GRE, GRE",GRE: 2024 - Greek Championships (5 results),Olga Eminidou: not found 2025-2025 | Olga Eminidoy: not found 2025-2025,accept_suggestion,same_country_review_reuse,merge as same athlete,,,Pre-filled from same-country admin decision memory. Country is unchanged; change-country cases still require manual review. Source: 2023 gymternet_2023_existing_athlete_match_review.csv.
athlete_match_cc0a75c46ea17d03,medium,possible_existing_athlete_match,Rin Takahashi,WAG,Ran Takahashi,JPN,0.923,"JPN, JPN",JPN: 2024 - All-Japan Junior Championships (5 results),Rin Takahashi: 2025: JPN:7 | Ran Takahashi: not found 2025-2025,accept_suggestion,same_country_review_reuse,merge as same athlete,,,Pre-filled from same-country admin decision memory. Country is unchanged; change-country cases still require manual review. Source: 2023 gymternet_2023_existing_athlete_match_review.csv.
athlete_match_56aec2656752298f,medium,possible_existing_athlete_match,Sara Sobolova,WAG,Sara Dobolova,CZE,0.923,"CZE, CZE",CZE: 2024 - Czech Championships (5 results),Sara Sobolova: 2025: CZE:7 | Sara Dobolova: not found 2025-2025,,,,,,
athlete_match_4b75b7f3791653d1,medium,possible_existing_athlete_match,Vlera Gërguri,WAG,Vlera Gerguri,KOS,0.923,"KOS, KOS",KOS: 2024 - Salamunov Memorial (5 results),Vlera Gërguri: 2025: KOS:5 | Vlera Gerguri: not found 2025-2025,,,,,,
athlete_match_fd35e7a5aec9e169,medium,possible_existing_athlete_match,Wang Yingying,WAG,Wang Jingying,CHN,0.923,"CHN, CHN",CHN: 2024 - Chinese Championships (1 results),Wang Yingying: 2025: CHN:1 | Wang Jingying: not found 2025-2025,accept_suggestion,same_country_review_reuse,merge as same athlete,,,Pre-filled from same-country admin decision memory. Country is unchanged; change-country cases still require manual review. Source: 2023 gymternet_2023_existing_athlete_match_review.csv.
athlete_match_4561e35794ff3b45,medium,possible_existing_athlete_match,Bjarki Jakupsstovu,MAG,Bjarki í Jakupstovu,DEN,0.919,"DEN, DEN",DEN: 2024 - Iceland Classic (5 results),Bjarki Jakupsstovu: not found 2025-2025 | Bjarki í Jakupstovu: not found 2025-2025,,,,,,
athlete_match_013b1f00378b6d99,medium,possible_existing_athlete_match,Siddharood Kainadagu,MAG,Sidharod Kanadagu,IND,0.919,"IND, IND",IND: 2024 - Indian Championships (3 results),Siddharood Kainadagu: not found 2025-2025 | Sidharod Kanadagu: not found 2025-2025,,,,,,
athlete_match_c4c44868ac6fff96,medium,possible_existing_athlete_match,Yacine Vanhaverbeke,MAG,Yacine Vanheverbek,BEL,0.919,"BEL, BEL",BEL: 2024 - Belgian Championships (5 results),Yacine Vanhaverbeke: 2025: BEL:3 | Yacine Vanheverbek: not found 2025-2025,accept_suggestion,same_country_review_reuse,merge as same athlete,,,Pre-filled from same-country admin decision memory. Country is unchanged; change-country cases still require manual review. Source: 2023 gymternet_2023_existing_athlete_match_review.csv.
athlete_match_04433d7625666692,medium,possible_existing_athlete_match,Mia Addis-Mitchell,WAG,Mimi Addis-Mitchell,GBR,0.919,"GBR, GBR",GBR: 2024 - Rushmoor Rose Bowl (5 results),Mia Addis-Mitchell: 2025: GBR:15 | Mimi Addis-Mitchell: not found 2025-2025,,,,,,
athlete_match_7ce98f15f42b8008,medium,possible_existing_athlete_match,Sofiya Rozumouskya,WAG,Sofiya Rozumowskaya,POL,0.919,"POL, POL",POL: 2024 - Zelena Jama Open (5 results),Sofiya Rozumouskya: not found 2025-2025 | Sofiya Rozumowskaya: not found 2025-2025,,,,,,
athlete_match_3e01c749eb020565,medium,possible_existing_athlete_match,Cho Seungjin,MAG,Cho Seongjin,KOR,0.917,"KOR, KOR",KOR: 2024 - South Korean Championships (2 results),Cho Seungjin: not found 2025-2025 | Cho Seongjin: not found 2025-2025,,,,,,
athlete_match_7d2925174261f26e,medium,possible_existing_athlete_match,Jan Carreres,MAG,Jan Carreras,ESP,0.917,"ESP, ESP",ESP: 2024 - Spanish Championships (5 results),Jan Carreres: not found 2025-2025 | Jan Carreras: not found 2025-2025,accept_suggestion,same_country_review_reuse,merge as same athlete,,,Pre-filled from same-country admin decision memory. Country is unchanged; change-country cases still require manual review. Source: 2023 gymternet_2023_existing_athlete_match_review.csv.
athlete_match_d129af1f85422230,medium,possible_existing_athlete_match,Josh Porter,MAG,Joshua Porter,GBR,0.917,"GBR, GBR",GBR: 2024 - Welsh Championships (5 results),Josh Porter: not found 2025-2025 | Joshua Porter: not found 2025-2025,,,,,,
athlete_match_91e468060a9fc0da,medium,possible_existing_athlete_match,Koushik Kazi,MAG,Kaushik Kazi,IND,0.917,"IND, IND",IND: 2024 - Indian Championships (4 results),Koushik Kazi: 2025: IND:2 | Kaushik Kazi: not found 2025-2025,,,,,,
athlete_match_6b80ba2664aba324,medium,possible_existing_athlete_match,Léo Saladino,MAG,Leo Saladino,FRA,0.917,"FRA, FRA",FRA: 2024 - French Championships (5 results),Léo Saladino: 2025: FRA:77 | Leo Saladino: not found 2025-2025,accept_suggestion,same_country_review_reuse,merge as same athlete,,,Pre-filled from same-country admin decision memory. Country is unchanged; change-country cases still require manual review. Source: 2023 gymternet_2023_existing_athlete_match_review.csv.
athlete_match_2ffaa71fa24ad6cd,medium,possible_existing_athlete_match,Luís Léchaud,MAG,Luis Léchaud,POR,0.917,"POR, POR",POR: 2024 - Portuguese Championships (5 results),Luís Léchaud: not found 2025-2025 | Luis Léchaud: not found 2025-2025,,,,,,
athlete_match_ebd9a67d79159991,medium,possible_existing_athlete_match,Matvey Girev,MAG,Matvei Girev,RUS,0.917,"RUS, RUS",RUS: 2024 - Russian Championships (5 results),Matvey Girev: not found 2025-2025 | Matvei Girev: 2025: RUS:29,,,,,,
athlete_match_36146e54e075a2e8,medium,possible_existing_athlete_match,Naël Sakouhi,MAG,Nael Sakouhi,FRA,0.917,"FRA, FRA",FRA: 2025 - Top 12 Series 1 (2025) (3 results); 2025 - Top 12 Series 2 (2025) (2 results),Naël Sakouhi: 2025: FRA:57 | Nael Sakouhi: not found 2025-2025,accept_suggestion,same_country_review_reuse,merge as same athlete,,,Pre-filled from same-country admin decision memory. Country is unchanged; change-country cases still require manual review. Source: 2023 gymternet_2023_existing_athlete_match_review.csv.
athlete_match_02103ad233bd9840,medium,possible_existing_athlete_match,Oleksii Robu,MAG,Oleksiy Robu,UKR,0.917,"UKR, UKR",UKR: 2024 - Ukrainian Championships (1 results),Oleksii Robu: not found 2025-2025 | Oleksiy Robu: not found 2025-2025,,,,,,
athlete_match_e01ac564c8de9218,medium,possible_existing_athlete_match,Peter Petrov,MAG,Petar Petrov,BUL,0.917,"BUL, BUL",BUL: 2024 - Bulgarian Championships (5 results),Peter Petrov: not found 2025-2025 | Petar Petrov: not found 2025-2025,,,,,,
athlete_match_de1533a9c28548c9,medium,possible_existing_athlete_match,Shin Jaehwan,MAG,Shin Jeahwan,KOR,0.917,"KOR, KOR",KOR: 2024 - South Korean Championships (5 results),Shin Jaehwan: not found 2025-2025 | Shin Jeahwan: 2025: KOR:17,accept_suggestion,same_country_review_reuse,merge as same athlete,,,Pre-filled from same-country admin decision memory. Country is unchanged; change-country cases still require manual review. Source: 2023 gymternet_2023_existing_athlete_match_review.csv.
athlete_match_2e26250e2a5b1b68,medium,possible_existing_athlete_match,Syota Tajima,MAG,Shota Tajima,JPN,0.917,"JPN, JPN",JPN: 2024 - All-Japan Student Championships (5 results),Syota Tajima: 2025: JPN:14 | Shota Tajima: not found 2025-2025,accept_suggestion,same_country_review_reuse,merge as same athlete,,,Pre-filled from same-country admin decision memory. Country is unchanged; change-country cases still require manual review. Source: 2023 gymternet_2023_existing_athlete_match_review.csv.
athlete_match_8b9f884c5ae131ca,medium,possible_existing_athlete_match,Yuto Sasaki,MAG,Yutaro Sasaki,JPN,0.917,"JPN, JPN",JPN: 2024 - All-Japan Junior Championships (5 results),Yuto Sasaki: not found 2025-2025 | Yutaro Sasaki: 2025: JPN:28,,,,,,
athlete_match_a6cb6740e17736be,medium,possible_existing_athlete_match,Alicja Kulpa,WAG,Alicja Kupka,POL,0.917,"POL, POL",POL: 2024 - Polish Cup (5 results),Alicja Kulpa: not found 2025-2025 | Alicja Kupka: 2025: POL:37,,,,,,
athlete_match_f53bb42e124d8cf8,medium,possible_existing_athlete_match,Ambre Frotté,WAG,Ambre Frotte,FRA,0.917,"FRA, FRA",FRA: 2024 - French Championships (5 results),Ambre Frotté: 2025: FRA:3 | Ambre Frotte: not found 2025-2025,accept_suggestion,same_country_review_reuse,merge as same athlete,,,Pre-filled from same-country admin decision memory. Country is unchanged; change-country cases still require manual review. Source: 2023 gymternet_2023_existing_athlete_match_review.csv.
athlete_match_1f082f048e97b77f,medium,possible_existing_athlete_match,Ami Kanamoto,WAG,Ami Kamamoto,JPN,0.917,"JPN, JPN",JPN: 2024 - All-Japan Junior Championships (5 results),Ami Kanamoto: 2025: JPN:11 | Ami Kamamoto: not found 2025-2025,,,,,,
athlete_match_0145e7e28a100e31,medium,possible_existing_athlete_match,Ana Espinosa,WAG,Ana Espinoza,COL,0.917,"COL, COL",COL: 2024 - Colombian Championships (1 results),Ana Espinosa: not found 2025-2025 | Ana Espinoza: not found 2025-2025,accept_suggestion,same_country_review_reuse,merge as same athlete,,,Pre-filled from same-country admin decision memory. Country is unchanged; change-country cases still require manual review. Source: 2023 gymternet_2023_existing_athlete_match_review.csv.
athlete_match_d75027c79a3df3b1,medium,possible_existing_athlete_match,Célia Serber,WAG,Celia Serber,FRA,0.917,"FRA, FRA",FRA: 2024 - French Championships (5 results),Célia Serber: 2025: FRA:19 | Celia Serber: not found 2025-2025,accept_suggestion,same_country_review_reuse,merge as same athlete,,,Pre-filled from same-country admin decision memory. Country is unchanged; change-country cases still require manual review. Source: 2023 gymternet_2023_existing_athlete_match_review.csv.
athlete_match_d2c817360f6cafef,medium,possible_existing_athlete_match,Chloé Tolnai,WAG,Chloe Tolnai,HUN,0.917,"HUN, HUN",HUN: 2024 - Elek Matolay Memorial (5 results),Chloé Tolnai: not found 2025-2025 | Chloe Tolnai: 2025: HUN:4,accept_suggestion,same_country_review_reuse,merge as same athlete,,,Pre-filled from same-country admin decision memory. Country is unchanged; change-country cases still require manual review. Source: 2023 gymternet_2023_existing_athlete_match_review.csv.
athlete_match_ccc9118a2409afba,medium,possible_existing_athlete_match,Khloë Timmer,WAG,Khloe Timmer,HAI,0.917,"HAI, HAI",HAI: 2024 - Cottbus World Cup (5 results),Khloë Timmer: 2025: HAI:2 | Khloe Timmer: not found 2025-2025,,,,,,
athlete_match_03e46906046bac2b,high,possible_existing_athlete_match,Olivia Allan,WAG,Olivia Calla,BEL,0.917,"BEL, GBR",GBR: 2024 - Scottish Championships (5 results),Olivia Allan: not found 2025-2025 | Olivia Calla: not found 2025-2025,,,,,,
athlete_match_fa98148615f78e3a,high,possible_existing_athlete_match,Sara Garcia,WAG,Sandra Garcia,MEX,0.917,"COL, MEX",COL: 2024 - Colombian Championships (5 results),Sara Garcia: not found 2025-2025 | Sandra Garcia: not found 2025-2025,,,,,,
athlete_match_737e44c0492dfc6a,medium,possible_existing_athlete_match,Zelmé Daries,WAG,Zelme Daries,RSA,0.917,"RSA, RSA",RSA: 2024 - South African Championships (5 results),Zelmé Daries: 2025: RSA:20 | Zelme Daries: not found 2025-2025,accept_suggestion,same_country_review_reuse,merge as same athlete,,,Pre-filled from same-country admin decision memory. Country is unchanged; change-country cases still require manual review. Source: 2023 gymternet_2023_existing_athlete_match_review.csv.
athlete_match_0edf42b9a9303845,medium,possible_existing_athlete_match,Arthur Olyslaegers,MAG,Arthur Oylsaegers,BEL,0.914,"BEL, BEL",BEL: 2024 - Wase Gymcup (5 results),Arthur Olyslaegers: 2025: BEL:32 | Arthur Oylsaegers: not found 2025-2025,,,,,,
athlete_match_d06756ce95186b56,medium,possible_existing_athlete_match,Volodymyr Otreshko,MAG,Vladymyr Otreshko,SVK,0.914,"SVK, SVK",SVK: 2024 - European Championships (5 results),Volodymyr Otreshko: not found 2025-2025 | Vladymyr Otreshko: not found 2025-2025,accept_suggestion,same_country_review_reuse,merge as same athlete,,,Pre-filled from same-country admin decision memory. Country is unchanged; change-country cases still require manual review. Source: 2023 gymternet_2023_existing_athlete_match_review.csv.
athlete_match_4cd1be04824f3112,medium,possible_existing_athlete_match,Johanna Logadottir,WAG,Johanna Oladottir,ISL,0.914,"ISL, ISL",ISL: 2024 - Mälar Cup (5 results),Johanna Logadottir: 2025: ISL:7 | Johanna Oladottir: not found 2025-2025,,,,,,
athlete_match_fcf2476ae9da4752,medium,possible_existing_athlete_match,Adam Ateyeh,MAG,Adem Ateyeh,SUI,0.909,"SUI, SUI",SUI: 2024 - Unni & Haralds Trophy (5 results),Adam Ateyeh: 2025: SUI:20 | Adem Ateyeh: not found 2025-2025,accept_suggestion,same_country_review_reuse,merge as same athlete,,,Pre-filled from same-country admin decision memory. Country is unchanged; change-country cases still require manual review. Source: 2023 gymternet_2023_existing_athlete_match_review.csv.
athlete_match_797b877ed83e5636,medium,possible_existing_athlete_match,David Jaska,MAG,David Jaksa,CZE,0.909,"CZE, CZE",CZE: 2024 - Rheintal Cup (5 results),David Jaska: not found 2025-2025 | David Jaksa: not found 2025-2025,,,,,,
athlete_match_4cb04acddb103c3b,medium,possible_existing_athlete_match,Davide Labò,MAG,Davide Labo,ITA,0.909,"ITA, ITA",ITA: 2024 - 1st Italian Serie A (1 results); 2024 - 2nd Italian Serie A (2 results); 2024 - 3rd Italian Serie A (2 results),Davide Labò: not found 2025-2025 | Davide Labo: not found 2025-2025,accept_suggestion,same_country_review_reuse,merge as same athlete,,,Pre-filled from same-country admin decision memory. Country is unchanged; change-country cases still require manual review. Source: 2023 gymternet_2023_existing_athlete_match_review.csv.
athlete_match_c96c9be4757c7545,medium,possible_existing_athlete_match,Ihor Dyshuk,MAG,Igor Dyshuk,UKR,0.909,"UKR, UKR",UKR: 2024 - Ukrainian Championships (1 results),Ihor Dyshuk: 2025: UKR:11 | Igor Dyshuk: 2025: UKR:3,,,,,,
athlete_match_92544d71cdef089d,medium,possible_existing_athlete_match,Izaiah Mlay,MAG,Izaiha Mlay,USA,0.909,"USA, USA",USA: 2024 - Beach Blast Invitational (5 results),Izaiah Mlay: not found 2025-2025 | Izaiha Mlay: not found 2025-2025,,,,,,
athlete_match_a4da63394e1c02fd,high,possible_existing_athlete_match,Jonas Bejder,MAG,Jonas Eder,GER,0.909,"DEN, GER",DEN: 2024 - Danish Team Championships (3 results),Jonas Bejder: not found 2025-2025 | Jonas Eder: 2025: GER:2,,,,,,
athlete_match_356ffe5d6becda45,medium,possible_existing_athlete_match,Kim Kwaneom,MAG,Kim Gwaneom,KOR,0.909,"KOR, KOR",KOR: 2024 - South Korean Championships (2 results),Kim Kwaneom: 2025: KOR:11 | Kim Gwaneom: not found 2025-2025,,,,,,
athlete_match_b6de0dedae1807dc,medium,possible_existing_athlete_match,Koh Tong-Yu,MAG,Tong-Yu Kho,SGP,0.909,"SGP, SGP",SGP: 2024 - Singapore Open (5 results),Koh Tong-Yu: not found 2025-2025 | Tong-Yu Kho: not found 2025-2025,,,,,,
athlete_match_e9aac688a811a8d6,medium,possible_existing_athlete_match,Park Junwoo,MAG,Park Sunwoo,KOR,0.909,"KOR, KOR",KOR: 2024 - South Korean Championships (5 results),Park Junwoo: 2025: KOR:15 | Park Sunwoo: 2025: KOR:20,,,,,,
athlete_match_816eec3c44572632,medium,possible_existing_athlete_match,Shuto Banga,MAG,Shuto Banba,JPN,0.909,"JPN, JPN",JPN: 2024 - All-Japan Junior Championships (5 results),Shuto Banga: not found 2025-2025 | Shuto Banba: 2025: JPN:7,,,,,,
athlete_match_ba1dd2355f98fdf9,medium,possible_existing_athlete_match,Stanislav Pavliuchenko,MAG,Stanislau Pavlyuchenko,BLR,0.909,"BLR, BLR",BLR: 2024 - Belarus Open Cup (5 results),Stanislav Pavliuchenko: not found 2025-2025 | Stanislau Pavlyuchenko: not found 2025-2025,,,,,,
athlete_match_4d1b2f298378a2aa,medium,possible_existing_athlete_match,Teppei Inue,MAG,Teppei Inui,JPN,0.909,"JPN, JPN",JPN: 2024 - All-Japan Senior Championships (5 results),Teppei Inue: not found 2025-2025 | Teppei Inui: 2025: JPN:9,,,,,,
athlete_match_fe2bca48980e4941,medium,possible_existing_athlete_match,Thomas Kjønsberg,MAG,Thomas Kjoensberg,NOR,0.909,"NOR, NOR",NOR: 2024 - Norwegian Championships (5 results),Thomas Kjønsberg: 2025: NOR:58 | Thomas Kjoensberg: not found 2025-2025,,,,,,
athlete_match_98fa4c482f064823,medium,possible_existing_athlete_match,Vladislav Okunev,MAG,Vladislav Okunyov,RUS,0.909,"RUS, RUS",RUS: 2024 - Russian Junior Championships (5 results),Vladislav Okunev: not found 2025-2025 | Vladislav Okunyov: not found 2025-2025,,,,,,
athlete_match_336aba5474064b06,medium,possible_existing_athlete_match,Anastasiia Rizhko,WAG,Anastasija Rizko,LAT,0.909,"LAT, LAT",LAT: 2024 - Baborka Cup (5 results),Anastasiia Rizhko: 2025: LAT:9 | Anastasija Rizko: not found 2025-2025,,,,,,
athlete_match_13a0340e498d9368,medium,possible_existing_athlete_match,Astria Nélo,WAG,Astria Nelo,FRA,0.909,"FRA, FRA",FRA: 2024 - DTB Pokal Team Challenge (5 results),Astria Nélo: 2025: FRA:37 | Astria Nelo: not found 2025-2025,accept_suggestion,same_country_review_reuse,merge as same athlete,,,Pre-filled from same-country admin decision memory. Country is unchanged; change-country cases still require manual review. Source: 2023 gymternet_2023_existing_athlete_match_review.csv.
athlete_match_452599558ff652a0,high,possible_existing_athlete_match,Emily Bowes,WAG,Emily Owens,USA,0.909,"GBR, USA",GBR: 2024 - English Championships (5 results),Emily Bowes: not found 2025-2025 | Emily Owens: not found 2025-2025,,,,,,
athlete_match_fe78345ae0f05dc8,medium,possible_existing_athlete_match,Ines del Bò,WAG,Ines del Bo,ITA,0.909,"ITA, ITA",ITA: 2024 - 2nd Italian Serie A (1 results); 2024 - Italian Gold Championships (1 results),Ines del Bò: 2025: ITA:6 | Ines del Bo: not found 2025-2025,accept_suggestion,same_country_review_reuse,merge as same athlete,,,Pre-filled from same-country admin decision memory. Country is unchanged; change-country cases still require manual review. Source: 2023 gymternet_2023_existing_athlete_match_review.csv.
athlete_match_fdce325b0b581a58,high,possible_existing_athlete_match,Jessica Gow,WAG,Jessica Goh,AUS,0.909,"AUS, GBR",GBR: 2024 - British Championships (5 results),Jessica Gow: 2025: GBR:29 | Jessica Goh: not found 2025-2025,,,,,,
athlete_match_724a41962c00abd1,high,possible_existing_athlete_match,Julia Galea,WAG,Julia Galan,ESP,0.909,"ESP, MLT",MLT: 2024 - Mediterranean Championships (5 results),Julia Galea: 2025: MLT:34 | Julia Galan: not found 2025-2025,,,,,,
athlete_match_741bd895d0284938,medium,possible_existing_athlete_match,Julia Silva,WAG,Julie Silva,BRA,0.909,"BRA, BRA",BRA: 2024 - Brazilian Championships (5 results),Julia Silva: 2025: BRA:21 | Julie Silva: 2025: BRA:5,,,,,,
athlete_match_84e170552ea17633,medium,possible_existing_athlete_match,Maëva Guery,WAG,Maeva Guery,FRA,0.909,"FRA, FRA",FRA: 2024 - French National Team Review (5 results),Maëva Guery: 2025: FRA:11 | Maeva Guery: not found 2025-2025,accept_suggestion,same_country_review_reuse,merge as same athlete,,,Pre-filled from same-country admin decision memory. Country is unchanged; change-country cases still require manual review. Source: 2023 gymternet_2023_existing_athlete_match_review.csv.
athlete_match_79e9580f5eae7863,medium,possible_existing_athlete_match,Maïana Prat,WAG,Maiana Prat,FRA,0.909,"FRA, FRA",FRA: 2024 - French National Team Review (5 results),Maïana Prat: 2025: FRA:74 | Maiana Prat: not found 2025-2025,accept_suggestion,same_country_review_reuse,merge as same athlete,,,Pre-filled from same-country admin decision memory. Country is unchanged; change-country cases still require manual review. Source: 2023 gymternet_2023_existing_athlete_match_review.csv.
athlete_match_355511ecb4fa8a17,medium,possible_existing_athlete_match,Miyu Suzuki,WAG,Miku Suzuki,JPN,0.909,"JPN, JPN",JPN: 2024 - All-Japan Student Championships (5 results),Miyu Suzuki: not found 2025-2025 | Miku Suzuki: not found 2025-2025,accept_suggestion,same_country_review_reuse,merge as same athlete,,,Pre-filled from same-country admin decision memory. Country is unchanged; change-country cases still require manual review. Source: 2023 gymternet_2023_existing_athlete_match_review.csv.
athlete_match_807d42ec913914f3,medium,possible_existing_athlete_match,Niwarin Chankrung,WAG,Niwarin Jankrung,THA,0.909,"THA, THA",THA: 2024 - Singapore Open (5 results),Niwarin Chankrung: not found 2025-2025 | Niwarin Jankrung: not found 2025-2025,,,,,,
athlete_match_354a27b022c20ffd,medium,possible_existing_athlete_match,Rita França,WAG,Rita Franca,POR,0.909,"POR, POR",POR: 2024 - International GymSport (5 results),Rita França: not found 2025-2025 | Rita Franca: not found 2025-2025,,,,,,
athlete_match_4d9de1f2261be52e,medium,possible_existing_athlete_match,Ronya Johannesen,WAG,Ronja Johannessen,DEN,0.909,"DEN, DEN",DEN: 2024 - Nordic Championships (5 results),Ronya Johannesen: not found 2025-2025 | Ronja Johannessen: 2025: DEN:2,,,,,,
athlete_match_ce196185facbc865,high,possible_existing_athlete_match,Sophia Cruz,WAG,Sophia Ruiz,MEX,0.909,"BRA, MEX",BRA: 2024 - Brazilian Junior Championships (5 results),Sophia Cruz: 2025: BRA:33 | Sophia Ruiz: not found 2025-2025,,,,,,
athlete_match_d1ca44114ac5e51f,medium,possible_existing_athlete_match,Thais Blain,WAG,Thaïs Blain,FRA,0.909,"FRA, FRA",FRA: 2024 - Top 12 Finals (1 results); 2024 - Top 12 Series 4 (1 results),Thais Blain: not found 2025-2025 | Thaïs Blain: 2025: FRA:1,,,,,,
athlete_match_afeda793fb9c3276,medium,possible_existing_athlete_match,Valëza Rama,WAG,Valeza Rama,KOS,0.909,"KOS, KOS",KOS: 2024 - Salamunov Memorial (5 results),Valëza Rama: 2025: KOS:7 | Valeza Rama: not found 2025-2025,accept_suggestion,same_country_review_reuse,merge as same athlete,,,Pre-filled from same-country admin decision memory. Country is unchanged; change-country cases still require manual review. Source: 2023 gymternet_2023_existing_athlete_match_review.csv.
athlete_match_c28c651cf0e1552b,medium,possible_existing_athlete_match,Wang Jiahui,WAG,Wang Jiarui,CHN,0.909,"CHN, CHN",CHN: 2024 - Chinese Individual Championships (1 results),Wang Jiahui: 2025: CHN:5 | Wang Jiarui: not found 2025-2025,accept_suggestion,same_country_review_reuse,merge as same athlete,,,Pre-filled from same-country admin decision memory. Country is unchanged; change-country cases still require manual review. Source: 2023 gymternet_2023_existing_athlete_match_review.csv.
athlete_match_85475073ec517b74,medium,possible_existing_athlete_match,Yléa Tollet,WAG,Ylea Tollet,BEL,0.909,"BEL, BEL",BEL: 2024 - DTB Pokal Team Challenge (2 results),Yléa Tollet: 2025: BEL:8 | Ylea Tollet: 2025: BEL:9,accept_suggestion,same_country_review_reuse,merge as same athlete,,,Pre-filled from same-country admin decision memory. Country is unchanged; change-country cases still require manual review. Source: 2022 gymternet_2022_existing_athlete_match_review.csv.
athlete_match_ff5c5ada01113d19,medium,possible_existing_athlete_match,Vladyslav Gontkivskyy,MAG,Vladislav Gontkivskiy,UKR,0.905,"UKR, UKR",UKR: 2024 - Ukrainian Championships (2 results),Vladyslav Gontkivskyy: not found 2025-2025 | Vladislav Gontkivskiy: not found 2025-2025,,,,,,
athlete_match_b0560e1ffa2ff043,medium,possible_existing_athlete_match,Filipp Sukhushin,MAG,Pilip Sukhushin,BLR,0.903,"BLR, BLR",BLR: 2024 - Belarus Open Cup (5 results),Filipp Sukhushin: not found 2025-2025 | Pilip Sukhushin: not found 2025-2025,accept_suggestion,same_country_review_reuse,merge as same athlete,,,Pre-filled from same-country admin decision memory. Country is unchanged; change-country cases still require manual review. Source: 2023 gymternet_2023_existing_athlete_match_review.csv.
athlete_match_ace5766396093ec0,medium,possible_existing_athlete_match,Gabriel Castro,MAG,Gabriel de Castro,BRA,0.903,"BRA, BRA",BRA: 2024 - Brazilian Junior Championships (3 results),Gabriel Castro: not found 2025-2025 | Gabriel de Castro: not found 2025-2025,accept_suggestion,same_country_review_reuse,merge as same athlete,,,Pre-filled from same-country admin decision memory. Country is unchanged; change-country cases still require manual review. Source: 2023 gymternet_2023_existing_athlete_match_review.csv.
athlete_match_83f75d8bdddf3297,medium,possible_existing_athlete_match,Midhun Krishna S.,MAG,Midhun Krishna,IND,0.903,"IND, IND",IND: 2024 - Indian Championships (2 results),Midhun Krishna S.: not found 2025-2025 | Midhun Krishna: not found 2025-2025,,,,,,
athlete_match_372c49567ed845e7,medium,possible_existing_athlete_match,Pavel Kostiukin,MAG,Pavel Kostyukhin,GER,0.903,"GER, GER",GER: 2024 - German Championships (5 results),Pavel Kostiukin: not found 2025-2025 | Pavel Kostyukhin: not found 2025-2025,,,,,,
athlete_match_5f5b50d66a01bb44,medium,possible_existing_athlete_match,Yusuke Inibashi,MAG,Yusuke Ishibashi,JPN,0.903,"JPN, JPN",JPN: 2024 - All-Japan Student Championships (5 results),Yusuke Inibashi: not found 2025-2025 | Yusuke Ishibashi: 2025: JPN:11,,,,,,
athlete_match_c23c0d37e0446521,medium,possible_existing_athlete_match,Alana Oliveira,WAG,Alana de Oliveira,BRA,0.903,"BRA, BRA",BRA: 2024 - Brazil Trophy (2 results); 2024 - Brazilian Championships (3 results),Alana Oliveira: not found 2025-2025 | Alana de Oliveira: not found 2025-2025,accept_suggestion,same_country_review_reuse,merge as same athlete,,,Pre-filled from same-country admin decision memory. Country is unchanged; change-country cases still require manual review. Source: 2023 gymternet_2023_existing_athlete_match_review.csv.
athlete_match_fdf5a7f3b1d55715,medium,possible_existing_athlete_match,Dalina Georgieva,WAG,Diana Georgieva,BUL,0.903,"BUL, BUL",BUL: 2024 - Bulgarian Championships (1 results),Dalina Georgieva: 2025: BUL:1 | Diana Georgieva: not found 2025-2025,accept_suggestion,same_country_review_reuse,merge as same athlete,,,Pre-filled from same-country admin decision memory. Country is unchanged; change-country cases still require manual review. Source: 2023 gymternet_2023_existing_athlete_match_review.csv.
athlete_match_e6c3723be6e18035,medium,possible_existing_athlete_match,Alexander Benyammine,MAG,Alexander Benjaminne,SWE,0.9,"SWE, SWE",SWE: 2024 - Mälar Cup (5 results),Alexander Benyammine: not found 2025-2025 | Alexander Benjaminne: not found 2025-2025,accept_suggestion,same_country_review_reuse,merge as same athlete,,,Pre-filled from same-country admin decision memory. Country is unchanged; change-country cases still require manual review. Source: 2023 gymternet_2023_existing_athlete_match_review.csv.
athlete_match_b88deab4ab7a6754,medium,possible_existing_athlete_match,Alizera Delshadzadeh,MAG,Alireza Delshadzadeh,NED,0.9,"NED, NED",NED: 2024 - Wase Gymcup (5 results),Alizera Delshadzadeh: not found 2025-2025 | Alireza Delshadzadeh: 2025: NED:12,,,,,,
athlete_match_e1a0521587808d3c,medium,possible_existing_athlete_match,Elias Nabi,MAG,Elyas Nabi,GER,0.9,"GER, GER",GER: 2024 - Wohnen Juniors Trophy (5 results),Elias Nabi: not found 2025-2025 | Elyas Nabi: 2025: GER:40,accept_suggestion,same_country_review_reuse,merge as same athlete,,,Pre-filled from same-country admin decision memory. Country is unchanged; change-country cases still require manual review. Source: 2023 gymternet_2023_existing_athlete_match_review.csv.
athlete_match_6ce5bce54f7623b5,medium,possible_existing_athlete_match,Gael Cazin,MAG,Gaël Cazin,FRA,0.9,"FRA, FRA",FRA: 2024 - Wase Gymcup (5 results),Gael Cazin: not found 2025-2025 | Gaël Cazin: not found 2025-2025,,,,,,
athlete_match_9ea380babd9082ad,medium,possible_existing_athlete_match,Gai Oshima,MAG,Kai Oshima,JPN,0.9,"JPN, JPN",JPN: 2024 - All-Japan Student Championships (4 results),Gai Oshima: 2025: JPN:7 | Kai Oshima: not found 2025-2025,accept_suggestion,same_country_review_reuse,merge as same athlete,,,Pre-filled from same-country admin decision memory. Country is unchanged; change-country cases still require manual review. Source: 2023 gymternet_2023_existing_athlete_match_review.csv.
athlete_match_1c8dec85708e279f,medium,possible_existing_athlete_match,James Hill,MAG,James Hall,GBR,0.9,"GBR, GBR",GBR: 2024 - British Championships (5 results),James Hill: 2025: GBR:14 | James Hall: 2025: GBR:2,accept_suggestion,same_country_review_reuse,merge as same athlete,,,Pre-filled from same-country admin decision memory. Country is unchanged; change-country cases still require manual review. Source: 2023 gymternet_2023_existing_athlete_match_review.csv.
athlete_match_ca601c2706cf5b4a,medium,possible_existing_athlete_match,Jason van Uppelschoten,MAG,Jason Uppelschoten,NED,0.9,"NED, NED",NED: 2024 - Wase Gymcup (3 results),Jason van Uppelschoten: not found 2025-2025 | Jason Uppelschoten: 2025: NED:5,,,,,,
athlete_match_627a2ecea8326954,medium,possible_existing_athlete_match,Kim Taesoo,MAG,Kim Taewoo,KOR,0.9,"KOR, KOR",KOR: 2024 - South Korean Championships (5 results),Kim Taesoo: not found 2025-2025 | Kim Taewoo: not found 2025-2025,,,,,,
athlete_match_e5605e3c5646eb02,medium,possible_existing_athlete_match,Roméo Jost,MAG,Romeo Jost,BEL,0.9,"BEL, BEL",BEL: 2024 - Belgian Championships (2 results),Roméo Jost: 2025: BEL:19 | Romeo Jost: not found 2025-2025,accept_suggestion,same_country_review_reuse,merge as same athlete,,,Pre-filled from same-country admin decision memory. Country is unchanged; change-country cases still require manual review. Source: 2023 gymternet_2023_existing_athlete_match_review.csv.
athlete_match_d8af11cb539e7dfd,medium,possible_existing_athlete_match,Ryota Saito,MAG,Ryo Saito,JPN,0.9,"JPN, JPN",JPN: 2024 - All-Japan Junior Championships (4 results),Ryota Saito: not found 2025-2025 | Ryo Saito: not found 2025-2025,,,,,,
athlete_match_b098a8579e2b39ff,medium,possible_existing_athlete_match,Takuma Ito,MAG,Takumi Ito,JPN,0.9,"JPN, JPN",JPN: 2024 - All-Japan Junior Championships (5 results),Takuma Ito: not found 2025-2025 | Takumi Ito: not found 2025-2025,,,,,,
athlete_match_078c797954763366,medium,possible_existing_athlete_match,Wu Junting,MAG,Wu Junding,CHN,0.9,"CHN, CHN",CHN: 2024 - Chinese Championships (4 results),Wu Junting: 2025: CHN:3 | Wu Junding: not found 2025-2025,accept_suggestion,same_country_review_reuse,merge as same athlete,,,Pre-filled from same-country admin decision memory. Country is unchanged; change-country cases still require manual review. Source: 2021 gymternet_2021_existing_athlete_match_review.csv.
athlete_match_1bc62bde022c8cd6,medium,possible_existing_athlete_match,Laia Janué,WAG,Laia Janue,ESP,0.9,"ESP, ESP",ESP: 2024 - Gymnova Cup (5 results),Laia Janué: not found 2025-2025 | Laia Janue: 2025: ESP:16,,,,,,
athlete_match_b30b5fd61df777c1,medium,possible_existing_athlete_match,Lee Hyejin,WAG,Lee Haejin,KOR,0.9,"KOR, KOR",KOR: 2024 - South Korean Championships (1 results),Lee Hyejin: 2025: KOR:16 | Lee Haejin: not found 2025-2025,,,,,,
athlete_match_b8b6d93f07543f48,high,possible_existing_athlete_match,Lia Simon,WAG,Leila Simon,HUN,0.9,"GER, HUN",GER: 2024 - German Junior Championships (5 results),Lia Simon: not found 2025-2025 | Leila Simon: not found 2025-2025,,,,,,
athlete_match_3fd651e73fdf91cf,medium,possible_existing_athlete_match,Maja Eggen,WAG,Maia Eggen,NOR,0.9,"NOR, NOR",NOR: 2024 - Norwegian Junior Championships (5 results),Maja Eggen: not found 2025-2025 | Maia Eggen: 2025: NOR:7,,,,,,
athlete_match_4e802b4634eae7cb,medium,possible_existing_athlete_match,Marissa Zaiful Azian,WAG,Marrisa Zaiful Azlan,MAS,0.9,"MAS, MAS",MAS: 2024 - Asian Championships (5 results),Marissa Zaiful Azian: not found 2025-2025 | Marrisa Zaiful Azlan: not found 2025-2025,,,,,,
athlete_match_2ed12b7d5c78386d,medium,possible_existing_athlete_match,Rei Takagi,WAG,Rei Takaki,JPN,0.9,"JPN, JPN",JPN: 2024 - All-Japan Student Championships (5 results),Rei Takagi: not found 2025-2025 | Rei Takaki: not found 2025-2025,accept_suggestion,same_country_review_reuse,merge as same athlete,,,Pre-filled from same-country admin decision memory. Country is unchanged; change-country cases still require manual review. Source: 2023 gymternet_2023_existing_athlete_match_review.csv.
athlete_match_ad14fd9a2e906025,medium,possible_existing_athlete_match,Zoé Cadrin,WAG,Zoe Cadrin,CAN,0.9,"CAN, CAN",CAN: 2024 - Elite Canada (5 results),Zoé Cadrin: 2025: CAN:16 | Zoe Cadrin: not found 2025-2025,,,,,,
athlete_match_7e91792b860e95ec,medium,possible_existing_athlete_match,Artyom Selikhov,MAG,Artem Selikhov,RUS,0.897,"RUS, RUS",RUS: 2024 - Russian Junior Championships (5 results),Artyom Selikhov: 2025: RUS:14 | Artem Selikhov: not found 2025-2025,accept_suggestion,same_country_review_reuse,merge as same athlete,,,Pre-filled from same-country admin decision memory. Country is unchanged; change-country cases still require manual review. Source: 2023 gymternet_2023_existing_athlete_match_review.csv.
athlete_match_3137ba97db1ced57,medium,possible_existing_athlete_match,Bernardo Santos,MAG,Bernardo Actos,BRA,0.897,"BRA, BRA",BRA: 2024 - Brazilian Junior Championships (5 results),Bernardo Santos: 2025: BRA:11 | Bernardo Actos: not found 2025-2025,accept_suggestion,same_country_review_reuse,merge as same athlete,,,Pre-filled from same-country admin decision memory. Country is unchanged; change-country cases still require manual review. Source: 2023 gymternet_2023_existing_athlete_match_review.csv.
athlete_match_4b28d99dd382009c,medium,possible_existing_athlete_match,Caio Silveira,MAG,Caio da Silveira,BRA,0.897,"BRA, BRA",BRA: 2024 - Brazilian Junior Championships (5 results),Caio Silveira: 2025: BRA:32 | Caio da Silveira: not found 2025-2025,accept_suggestion,same_country_review_reuse,merge as same athlete,,,Pre-filled from same-country admin decision memory. Country is unchanged; change-country cases still require manual review. Source: 2023 gymternet_2023_existing_athlete_match_review.csv.
athlete_match_0b785fd7cdf1d189,medium,possible_existing_athlete_match,Dimitrev Ivanov,MAG,Dimitar Ivanov,BUL,0.897,"BUL, BUL",BUL: 2024 - Bulgarian Championships (5 results),Dimitrev Ivanov: not found 2025-2025 | Dimitar Ivanov: 2025: BUL:9,,,,,,
athlete_match_d993c3137488274e,medium,possible_existing_athlete_match,Nikita Dzeshko,MAG,Nikita Dzeshkau,BLR,0.897,"BLR, BLR",BLR: 2024 - Belarus Open Cup (5 results),Nikita Dzeshko: not found 2025-2025 | Nikita Dzeshkau: not found 2025-2025,accept_suggestion,same_country_review_reuse,merge as same athlete,,,Pre-filled from same-country admin decision memory. Country is unchanged; change-country cases still require manual review. Source: 2023 gymternet_2023_existing_athlete_match_review.csv.
athlete_match_0c902a9ad8032b70,high,possible_existing_athlete_match,Nikola Vukovic,MAG,Nikola Jurkovic,SRB,0.897,"CRO, SRB",CRO: 2024 - Croatian Championships (5 results),Nikola Vukovic: 2025: CRO:22 | Nikola Jurkovic: not found 2025-2025,,,,,,
athlete_match_b40ca23914a743ad,medium,possible_existing_athlete_match,Viktor Kortnev,MAG,Viktor Kortynov,RUS,0.897,"RUS, RUS",RUS: 2024 - Russian Junior Championships (5 results),Viktor Kortnev: not found 2025-2025 | Viktor Kortynov: not found 2025-2025,accept_suggestion,same_country_review_reuse,merge as same athlete,,,Pre-filled from same-country admin decision memory. Country is unchanged; change-country cases still require manual review. Source: 2023 gymternet_2023_existing_athlete_match_review.csv.
athlete_match_8a79bc7dbca3ae61,medium,possible_existing_athlete_match,Gabby Mitchell,WAG,Gabbie Mitchell,USA,0.897,"USA, USA",USA: 2024 - Excalibur Cup National Qualifier (5 results),Gabby Mitchell: 2025: USA:15 | Gabbie Mitchell: not found 2025-2025,,,,,,
athlete_match_2afaeb352ef3f70c,medium,possible_existing_athlete_match,Hannah Schmidt,WAG,Johanna Schmidt,GER,0.897,"GER, GER",GER: 2024 - German Cup (5 results),Hannah Schmidt: 2025: GER:16 | Johanna Schmidt: not found 2025-2025,,,,,,
athlete_match_e8f760a3aa4db177,high,possible_existing_athlete_match,Isabelle Baxter,WAG,Isabelle Baier,GER,0.897,"GBR, GER",GBR: 2024 - British Championships (5 results),Isabelle Baxter: 2025: GBR:21 | Isabelle Baier: not found 2025-2025,,,,,,
athlete_match_91f0afd33c631967,medium,possible_existing_athlete_match,Jeong Mingyeong,WAG,Jeong Minyoung,KOR,0.897,"KOR, KOR",KOR: 2024 - South Korean Championships (5 results),Jeong Mingyeong: not found 2025-2025 | Jeong Minyoung: not found 2025-2025,,,,,,
athlete_match_793e6bb20e55c05d,medium,possible_existing_athlete_match,Mariana Alvarez,WAG,Carina Alvarez,MEX,0.897,"MEX, MEX",MEX: 2024 - Mexican Championships (5 results),Mariana Alvarez: 2025: MEX:5 | Carina Alvarez: not found 2025-2025,accept_suggestion,same_country_review_reuse,merge as same athlete,,,Pre-filled from same-country admin decision memory. Country is unchanged; change-country cases still require manual review. Source: 2022 gymternet_2022_existing_athlete_match_review.csv.
athlete_match_0fbfa445e994c46c,high,possible_existing_athlete_match,Mariel Garcia,WAG,Mariangel Garcia,COL,0.897,"COL, MEX",MEX: 2024 - Pan American Championships (5 results),Mariel Garcia: 2025: MEX:5 | Mariangel Garcia: not found 2025-2025,,,,,,
athlete_match_7fb1de560e930be9,medium,possible_existing_athlete_match,Nicole Campos,WAG,Nicole de Campos,BRA,0.897,"BRA, BRA",BRA: 2024 - Brazilian Championships (5 results),Nicole Campos: 2025: BRA:24 | Nicole de Campos: not found 2025-2025,accept_suggestion,same_country_review_reuse,merge as same athlete,,,Pre-filled from same-country admin decision memory. Country is unchanged; change-country cases still require manual review. Source: 2023 gymternet_2023_existing_athlete_match_review.csv.
athlete_match_be59a57bc833537a,medium,possible_existing_athlete_match,Djeneba Barro Vela,WAG,Djenebba Barro-Vella,FRA,0.895,"FRA, FRA",FRA: 2025 - Top 12 Series 1 (2025) (5 results),Djeneba Barro Vela: not found 2025-2025 | Djenebba Barro-Vella: not found 2025-2025,accept_suggestion,same_country_review_reuse,merge as same athlete,,,Pre-filled from same-country admin decision memory. Country is unchanged; change-country cases still require manual review. Source: 2023 gymternet_2023_existing_athlete_match_review.csv.
athlete_match_3da3ea565f743f50,medium,possible_existing_athlete_match,Lilja Gunnarsdottir,WAG,Elisa Gunnarsdottir,ISL,0.895,"ISL, ISL",ISL: 2024 - Iceland Classic (5 results),Lilja Gunnarsdottir: 2025: ISL:39 | Elisa Gunnarsdottir: not found 2025-2025,accept_suggestion,same_country_review_reuse,merge as same athlete,,,Pre-filled from same-country admin decision memory. Country is unchanged; change-country cases still require manual review. Source: 2023 gymternet_2023_existing_athlete_match_review.csv.
athlete_match_1ca9d2d4b29b705a,medium,possible_existing_athlete_match,Shantae-Eve Amankwaah,WAG,Shantae Amankwaah,GBR,0.895,"GBR, GBR",GBR: 2024 - English Championships (5 results),Shantae-Eve Amankwaah: 2025: GBR:19 | Shantae Amankwaah: not found 2025-2025,,,,,,
athlete_match_a903bc6b051f8152,medium,possible_existing_athlete_match,Sofiya Razumouskaya,WAG,Sofiya Rozumowskaya,POL,0.895,"POL, POL",POL: 2024 - Olympic Hopes Cup (5 results),Sofiya Razumouskaya: 2025: POL:53 | Sofiya Rozumowskaya: not found 2025-2025,,,,,,
athlete_match_5ebc28ad97f2d7a3,medium,possible_existing_athlete_match,Bilal Bellaoui,MAG,Bilal Belaoni,ALG,0.889,"ALG, ALG",ALG: 2024 - RomGym Trophy (2 results),Bilal Bellaoui: 2025: ALG:6 | Bilal Belaoni: not found 2025-2025,accept_suggestion,same_country_review_reuse,merge as same athlete,,,Pre-filled from same-country admin decision memory. Country is unchanged; change-country cases still require manual review. Source: 2023 gymternet_2023_existing_athlete_match_review.csv.
athlete_match_ce95ebcacf787f38,medium,possible_existing_athlete_match,Davide Scalvini,MAG,Davide Saini,ITA,0.889,"ITA, ITA",ITA: 2024 - Swiss Cup Juniors (5 results),Davide Scalvini: 2025: ITA:15 | Davide Saini: 2025: ITA:14,,,,,,
athlete_match_db35928a894400f2,medium,possible_existing_athlete_match,Keigo Yamamoto,MAG,Eito Yamamoto,JPN,0.889,"JPN, JPN",JPN: 2024 - All-Japan Junior Championships (5 results),Keigo Yamamoto: 2025: JPN:21 | Eito Yamamoto: 2025: JPN:2,,,,,,
athlete_match_1aea73e2f8f28dd3,medium,possible_existing_athlete_match,Mazen Ali,MAG,Mazen Aly,EGY,0.889,"EGY, EGY",EGY: 2024 - Mediterranean Championships (5 results),Mazen Ali: 2025: EGY:33 | Mazen Aly: not found 2025-2025,,,,,,
athlete_match_b69ff84d25fe36ce,medium,possible_existing_athlete_match,Takahito Tamura,MAG,Kaito Tamura,JPN,0.889,"JPN, JPN",JPN: 2024 - All-Japan Junior Championships (5 results),Takahito Tamura: not found 2025-2025 | Kaito Tamura: not found 2025-2025,,,,,,
athlete_match_75d7e54aa727f4ec,medium,possible_existing_athlete_match,Tom Meier,MAG,Tim Meier,GER,0.889,"GER, GER",GER: 2024 - 4th Bundesliga (5 results),Tom Meier: 2025: GER:22 | Tim Meier: not found 2025-2025,accept_suggestion,same_country_review_reuse,merge as same athlete,,,Pre-filled from same-country admin decision memory. Country is unchanged; change-country cases still require manual review. Source: 2023 gymternet_2023_existing_athlete_match_review.csv.
athlete_match_a330dd992c1de367,high,possible_existing_athlete_match,Viktor Nachev,MAG,Viktor Tkachev,RUS,0.889,"BUL, RUS",BUL: 2024 - Horizon Cup (5 results),Viktor Nachev: 2025: BUL:10 | Viktor Tkachev: not found 2025-2025,,,,,,
athlete_match_298fbf85394865e5,medium,possible_existing_athlete_match,Yuta Kato,MAG,Yuto Kato,JPN,0.889,"JPN, JPN",JPN: 2024 - All-Japan Student Championships (1 results),Yuta Kato: 2025: JPN:3 | Yuto Kato: 2025: JPN:39,,,,,,
athlete_match_37a2a879395ae7cd,medium,possible_existing_athlete_match,Addie Oiler-Velez,WAG,Addison Oiler-Velez,USA,0.889,"USA, USA",USA: 2024 - Vegas Cup National Qualifier (5 results),Addie Oiler-Velez: not found 2025-2025 | Addison Oiler-Velez: not found 2025-2025,accept_suggestion,same_country_review_reuse,merge as same athlete,,,Pre-filled from same-country admin decision memory. Country is unchanged; change-country cases still require manual review. Source: 2023 gymternet_2023_existing_athlete_match_review.csv.
athlete_match_b82862647d0885ed,medium,possible_existing_athlete_match,Ami Okada,WAG,Mai Okada,JPN,0.889,"JPN, JPN",JPN: 2024 - All-Japan Senior Championships (5 results),Ami Okada: 2025: JPN:5 | Mai Okada: not found 2025-2025,accept_suggestion,same_country_review_reuse,merge as same athlete,,,Pre-filled from same-country admin decision memory. Country is unchanged; change-country cases still require manual review. Source: 2022 gymternet_2022_existing_athlete_match_review.csv.
athlete_match_ad785be2a76d06e2,medium,possible_existing_athlete_match,Andreza Lima,WAG,Andreza de Lima,BRA,0.889,"BRA, BRA",BRA: 2024 - Pan American Championships (5 results),Andreza Lima: 2025: BRA:3 | Andreza de Lima: not found 2025-2025,accept_suggestion,same_country_review_reuse,merge as same athlete,,,Pre-filled from same-country admin decision memory. Country is unchanged; change-country cases still require manual review. Source: 2023 gymternet_2023_existing_athlete_match_review.csv.
athlete_match_a0d40b6ccf3054a5,medium,possible_existing_athlete_match,Dagny Danielsdottir,WAG,Dagny Axelsdottir,ISL,0.889,"ISL, ISL",ISL: 2024 - GK Championships (1 results),Dagny Danielsdottir: 2025: ISL:5 | Dagny Axelsdottir: not found 2025-2025,,,,,,
athlete_match_d60f40f5163434b6,medium,possible_existing_athlete_match,Hana Akaho,WAG,Hana Ako,JPN,0.889,"JPN, JPN",JPN: 2024 - All-Japan Student Championships (5 results),Hana Akaho: not found 2025-2025 | Hana Ako: not found 2025-2025,accept_suggestion,same_country_review_reuse,merge as same athlete,,,Pre-filled from same-country admin decision memory. Country is unchanged; change-country cases still require manual review. Source: 2020 gymternet_2020_existing_athlete_match_review.csv.
athlete_match_7494e50dcf67070a,medium,possible_existing_athlete_match,Ivanna Morales,WAG,Diana Morales,MEX,0.889,"MEX, MEX",MEX: 2024 - Mexican Championships (5 results),Ivanna Morales: 2025: MEX:5 | Diana Morales: not found 2025-2025,,,,,,
athlete_match_36ac83a77d7c0ca3,medium,possible_existing_athlete_match,Jonina Hauksdottir,WAG,Jorunn Hauksdottir,ISL,0.889,"ISL, ISL",ISL: 2024 - Iceland Classic (5 results),Jonina Hauksdottir: not found 2025-2025 | Jorunn Hauksdottir: not found 2025-2025,,,,,,
athlete_match_4ef2c24b2158fe21,medium,possible_existing_athlete_match,Juliana Silva,WAG,Julia da Silva,BRA,0.889,"BRA, BRA",BRA: 2024 - Brazilian Championships (5 results),Juliana Silva: 2025: BRA:4 | Julia da Silva: not found 2025-2025,,,,,,
athlete_match_b2b966c2a6e86495,medium,possible_existing_athlete_match,Léa Franceries,WAG,Lea Francerie,FRA,0.889,"FRA, FRA",FRA: 2024 - French Championships (5 results),Léa Franceries: 2025: FRA:32 | Lea Francerie: not found 2025-2025,accept_suggestion,same_country_review_reuse,merge as same athlete,,,Pre-filled from same-country admin decision memory. Country is unchanged; change-country cases still require manual review. Source: 2023 gymternet_2023_existing_athlete_match_review.csv.
athlete_match_c8d417c94b30901b,medium,possible_existing_athlete_match,Lee Seon,WAG,Lee Jiseon,KOR,0.889,"KOR, KOR",KOR: 2024 - South Korean Championships (5 results),Lee Seon: 2025: KOR:5 | Lee Jiseon: 2025: KOR:14,,,,,,
athlete_match_d076532ccaed587c,medium,possible_existing_athlete_match,Liu Xinyu,WAG,Liu Xinyi,CHN,0.889,"CHN, CHN",CHN: 2024 - Chinese Individual Championships (2 results),Liu Xinyu: 2025: CHN:7 | Liu Xinyi: not found 2025-2025,accept_suggestion,same_country_review_reuse,merge as same athlete,,,Pre-filled from same-country admin decision memory. Country is unchanged; change-country cases still require manual review. Source: 2022 gymternet_2022_existing_athlete_match_review.csv.
athlete_match_c50645dd1f4dd497,medium,possible_existing_athlete_match,Liva Buliceva,WAG,Licia Buliceva,LAT,0.889,"LAT, LAT",LAT: 2024 - Latvian Championships (5 results),Liva Buliceva: 2025: LAT:18 | Licia Buliceva: not found 2025-2025,accept_suggestion,same_country_review_reuse,merge as same athlete,,,Pre-filled from same-country admin decision memory. Country is unchanged; change-country cases still require manual review. Source: 2023 gymternet_2023_existing_athlete_match_review.csv.
athlete_match_8ffa14f1b65cfd37,medium,possible_existing_athlete_match,Luisa Groeschl,WAG,Luisa Gröschl,GER,0.889,"GER, GER",GER: 2024 - German Cup (5 results),Luisa Groeschl: not found 2025-2025 | Luisa Gröschl: not found 2025-2025,accept_suggestion,same_country_review_reuse,merge as same athlete,,,Pre-filled from same-country admin decision memory. Country is unchanged; change-country cases still require manual review. Source: 2023 gymternet_2023_existing_athlete_match_review.csv.
athlete_match_cb4ff10cfcff9a77,medium,possible_existing_athlete_match,Milli De O'Hara,WAG,Milli O'Hara,GBR,0.889,"GBR, GBR",GBR: 2024 - Scottish Championships (2 results),Milli De O'Hara: 2025: GBR:6 | Milli O'Hara: not found 2025-2025,accept_suggestion,same_country_review_reuse,merge as same athlete,,,Pre-filled from same-country admin decision memory. Country is unchanged; change-country cases still require manual review. Source: 2023 gymternet_2023_existing_athlete_match_review.csv.
athlete_match_5eeb0a17575bc3c0,medium,possible_existing_athlete_match,Nina Johannesdottir,WAG,Anna Hannesdottir,ISL,0.889,"ISL, ISL",ISL: 2024 - Mälar Cup (5 results),Nina Johannesdottir: 2025: ISL:12 | Anna Hannesdottir: not found 2025-2025,,,,,,
athlete_match_2e266a0c7a4c4c55,medium,possible_existing_athlete_match,Rinka Kato,WAG,Rin Kato,JPN,0.889,"JPN, JPN",JPN: 2024 - All-Japan Team Championships (1 results),Rinka Kato: 2025: JPN:5 | Rin Kato: not found 2025-2025,,,,,,
athlete_match_8725580dee4d305a,medium,possible_existing_athlete_match,Tannu,WAG,Tanu,IND,0.889,"IND, IND",IND: 2024 - Indian Championships (5 results),Tannu: 2025: IND:1 | Tanu: not found 2025-2025,,,,,,
athlete_match_3323776ad22a95c5,medium,possible_existing_athlete_match,Vladislav Seliverstov,MAG,Uladzislau Seliverstov,BLR,0.884,"BLR, BLR",BLR: 2024 - Belarus Open Cup (5 results),Vladislav Seliverstov: not found 2025-2025 | Uladzislau Seliverstov: not found 2025-2025,,,,,,
athlete_match_f7c25ac466575559,medium,possible_existing_athlete_match,Aliaksei Radionov,MAG,Aliaksei Radionau,BLR,0.882,"BLR, BLR",BLR: 2024 - Belarus Open Cup (5 results),Aliaksei Radionov: not found 2025-2025 | Aliaksei Radionau: not found 2025-2025,accept_suggestion,same_country_review_reuse,merge as same athlete,,,Pre-filled from same-country admin decision memory. Country is unchanged; change-country cases still require manual review. Source: 2023 gymternet_2023_existing_athlete_match_review.csv.
athlete_match_a68e747f1f82025e,medium,possible_existing_athlete_match,Harikrishnan J.S.,MAG,Hari Krishnan J S,IND,0.882,"IND, IND",IND: 2024 - Indian Championships (2 results),Harikrishnan J.S.: not found 2025-2025 | Hari Krishnan J S: not found 2025-2025,,,,,,
athlete_match_41588e9801f9c433,medium,possible_existing_athlete_match,Maxim Parfeyevets,MAG,Maksim Parfeevets,BLR,0.882,"BLR, BLR",BLR: 2024 - Belarus Open Cup (5 results),Maxim Parfeyevets: not found 2025-2025 | Maksim Parfeevets: not found 2025-2025,,,,,,
athlete_match_cdaad57664ab2589,medium,possible_existing_athlete_match,Serafeim Eminidis,MAG,Seraphim Eminidis,GRE,0.882,"GRE, GRE",GRE: 2024 - Greek Championships (5 results),Serafeim Eminidis: not found 2025-2025 | Seraphim Eminidis: not found 2025-2025,accept_suggestion,same_country_review_reuse,merge as same athlete,,,Pre-filled from same-country admin decision memory. Country is unchanged; change-country cases still require manual review. Source: 2023 gymternet_2023_existing_athlete_match_review.csv.
athlete_match_90b72ca2b52de290,medium,possible_existing_athlete_match,Yaroslav Vasilkov,MAG,Yaroslav Krasikov,RUS,0.882,"RUS, RUS",RUS: 2024 - Russian Junior Championships (3 results),Yaroslav Vasilkov: 2025: RUS:21 | Yaroslav Krasikov: 2025: RUS:14,,,,,,
athlete_match_1af6ad663c603c66,medium,possible_existing_athlete_match,Maryia Sasinovich,WAG,Mariya Sasinovych,BLR,0.882,"BLR, BLR",BLR: 2024 - Voronin Cup (5 results),Maryia Sasinovich: 2025: BLR:5 | Mariya Sasinovych: not found 2025-2025,,,,,,
athlete_match_f36f6c11b83dadfc,medium,possible_existing_athlete_match,Thauanny Santos,WAG,Thauanny dos Santos,BRA,0.882,"BRA, BRA",BRA: 2024 - Brazilian Junior Championships (5 results),Thauanny Santos: not found 2025-2025 | Thauanny dos Santos: not found 2025-2025,accept_suggestion,same_country_review_reuse,merge as same athlete,,,Pre-filled from same-country admin decision memory. Country is unchanged; change-country cases still require manual review. Source: 2023 gymternet_2023_existing_athlete_match_review.csv.
athlete_match_fc38e172175eea86,high,possible_existing_athlete_match,Veronika Kiryanova,WAG,Veronika Ivanova,BUL,0.882,"BUL, RUS",RUS: 2024 - Russian Junior Championships (5 results),Veronika Kiryanova: 2025: RUS:5 | Veronika Ivanova: 2025: BUL:8,,,,,,
athlete_match_674ad1a4b5c382f8,medium,possible_existing_athlete_match,Ham Myeongsik,MAG,Ham Myungsik,KOR,0.88,"KOR, KOR",KOR: 2024 - South Korean Championships (5 results),Ham Myeongsik: not found 2025-2025 | Ham Myungsik: not found 2025-2025,,,,,,
athlete_match_e2703b7e089b36c0,medium,possible_existing_athlete_match,Muhammed Nibrasulhaque M.P.,MAG,Muhammed Nibrasul Haque,IND,0.88,"IND, IND",IND: 2024 - Indian Championships (4 results),Muhammed Nibrasulhaque M.P.: not found 2025-2025 | Muhammed Nibrasul Haque: not found 2025-2025,,,,,,
athlete_match_ab29e25b280c6bbf,medium,possible_existing_athlete_match,Tiago Barros,MAG,Tiago Barbosa,POR,0.88,"POR, POR",POR: 2024 - International GymSport (5 results),Tiago Barros: 2025: POR:3 | Tiago Barbosa: not found 2025-2025,accept_suggestion,same_country_review_reuse,merge as same athlete,,,Pre-filled from same-country admin decision memory. Country is unchanged; change-country cases still require manual review. Source: 2022 gymternet_2022_existing_athlete_match_review.csv.
athlete_match_df52943d8757c825,high,possible_existing_athlete_match,Annika Hümer,WAG,Annika Heimer,GER,0.88,"AUT, GER",AUT: 2024 - Horizon Cup (5 results),Annika Hümer: not found 2025-2025 | Annika Heimer: not found 2025-2025,,,,,,
athlete_match_33448987f9c93e67,high,possible_existing_athlete_match,Aya Pedersen,WAG,Alva Pedersen,GER,0.88,"DEN, GER",DEN: 2024 - Horizon Cup (5 results),Aya Pedersen: 2025: DEN:12 | Alva Pedersen: not found 2025-2025,,,,,,
athlete_match_817f44bd738b04ca,medium,possible_existing_athlete_match,Kélia N'Doye,WAG,Kélia N'Diaye,FRA,0.88,"FRA, FRA",FRA: 2024 - French Championships (5 results),Kélia N'Doye: not found 2025-2025 | Kélia N'Diaye: 2025: FRA:15,,,,,,
athlete_match_270218694dedfbad,medium,possible_existing_athlete_match,Laia Bromley,WAG,Julia Bromley,ESP,0.88,"ESP, ESP",ESP: 2024 - 2nd Spanish League (1 results); 2024 - 3rd Spanish League (1 results),Laia Bromley: 2025: ESP:1 | Julia Bromley: 2025: ESP:5,,,,,,
athlete_match_9bda66cb6aaefed7,medium,possible_existing_athlete_match,Maria Menezes,WAG,Maria Mendes,POR,0.88,"POR, POR",POR: 2024 - Portuguese Championships (5 results),Maria Menezes: 2025: POR:10 | Maria Mendes: not found 2025-2025,accept_suggestion,same_country_review_reuse,merge as same athlete,,,Pre-filled from same-country admin decision memory. Country is unchanged; change-country cases still require manual review. Source: 2023 gymternet_2023_existing_athlete_match_review.csv.
athlete_match_8db35e720bb3934b,high,possible_existing_athlete_match,Vania Herrera,WAG,Lana Herrera,PAN,0.88,"GUA, PAN",GUA: 2024 - Pacific Rim Championships (5 results),Vania Herrera: 2025: GUA:5 | Lana Herrera: not found 2025-2025,,,,,,
