review_id,review_priority,problem_type,imported_athlete_2023,discipline,suggested_existing_athlete_id,suggested_existing_athlete,suggested_existing_country,suggestion_confidence,collision_or_change_countries,recommended_action,learned_rule_id,decision,action,country,notes,imported_2023_results_by_country,existing_athlete_previous_results_by_country,future_country_evidence
athlete_identity_collision_556b842a01a1269b,high,possible_athlete_identity_collision,Nikita Parfenovich,MAG,15601,Nikita Parfenovich,BLR,1.0,"BLR, RUS",,,merge as same athlete,canonical country,BLR,,BLR: 2023 - Russian Cup (1 results) | RUS: 2023 - Russian Cup (4 results),BLR: 2022 - Mogilev Friendly (7 results),Nikita Parfenovich: not found 2024-2025
athlete_identity_collision_b1525db8dae214a7,high,possible_athlete_identity_collision,Fabrizio Valle,MAG,911,Fabrizio Valle,ITA,1.0,"FRA, ITA",,,merge as same athlete,canonical country,ITA,,FRA: 2024 - Top 12 Series 2 (2024 Season) (2 results) | ITA: 2023 - Italian Championships (5 results),ITA: 2018 - 1st Italian Serie A (4 results); 2018 - 2nd Italian Serie A (7 results); 2018 - 3rd Italian Serie A (7 results); 2018 - Italian Championships (8 results); 2018 - Padova Men's Friendly (7 results); 2019 - 1st Italian Serie A (7 results); 2019 - 2nd Italian Serie A (1 results); 2019 - 3rd Italian Serie A (4 results); 2019 - Guimaraes Challenge Cup (4 results); 2019 - Italian Championships (8 results); 2020 - 1st Italian Serie A (7 results); 2020 - 2nd Italian Serie A (7 results); 2020 - 3rd Italian Serie A (7 results); 2020 - Italian Championships (1 results); 2020 - Italian Serie A Final Six (6 results); 2021 - 1st Italian Serie A (7 results); 2021 - 2nd Itailan Serie A (7 results); 2021 - 3rd Italian Serie A (7 results); 2021 - Italian Championships (8 results); 2022 - 1st Italian Serie A (7 results); 2022 - 2nd Italian Serie A (7 results); 2022 - 3rd Italian Serie A (7 results); 2022 - Italian Championships (16 results); 2022 - Italian Serie A Final Six (6 results),Fabrizio Valle: 2024: ITA:41 / 2025: ITA:63
athlete_identity_collision_3e2434f5abca4ed0,high,possible_athlete_identity_collision,Marlene Gotthardt,WAG,12007,Marlene Gotthardt,GER,1.0,"GBR, GER",,,merge as same athlete,canonical country,GER,,GBR: 2023 - European Youth Olympic Festival (1 results) | GER: 2023 - German Junior Championships (5 results),GER: 2020 - German Junior Championships (5 results); 2020 - Pre-Olympic Youth Cup (5 results); 2021 - 1st Bundesliga (5 results); 2021 - 2nd Bundesliga (5 results); 2021 - German Junior Championships (11 results); 2021 - Swiss Cup Juniors (5 results); 2021 - Tournoi International (5 results); 2022 - 1st Bundesliga (3 results); 2022 - 2nd Bundesliga (5 results); 2022 - 3rd Bundesliga (5 results); 2022 - 4th Bundesliga (5 results); 2022 - Bundesliga Finals (5 results); 2022 - City of Jesolo Trophy (10 results); 2022 - DTB Pokal Team Challenge (8 results); 2022 - European Championships (10 results); 2022 - European Youth Olympic Festival (10 results); 2022 - German Junior Championships (11 results); 2022 - Haguenau Junior Friendly (3 results),Marlene Gotthardt: 2024: GER:62 / 2025: GER:27
athlete_identity_collision_25f118c0e13fd27c,high,possible_athlete_identity_collision,Nunzia Dercenno,WAG,12079,Nunzia Dercenno,ITA,1.0,"ESP, ITA",,,merge as same athlete,canonical country,ITA,,ESP: 2023 - 3rd Spanish League (3 results) | ITA: 2023 - 1st Italian Serie A (5 results),ITA: 2020 - 1st Italian Serie A (5 results); 2020 - 2nd Italian Serie A (5 results); 2020 - 3rd Italian Serie A (5 results); 2021 - 1st Italian Serie A (3 results); 2021 - 2nd Spanish League (1 results); 2021 - Italian Gold Championships (7 results); 2022 - 1st Italian Serie A (5 results); 2022 - 2nd Italian Serie A (5 results); 2022 - Italian Gold Championships (9 results); 2023 - 1st Spanish League 2023 (3 results),Nunzia Dercenno: 2024: ITA:68 / 2025: ITA:41
athlete_identity_collision_36710f43cf667311,high,possible_athlete_identity_collision,Pablo Ruiz,MAG,11571,Pablo Ruiz,ESP,1.0,"ESP, ITA",,,merge as same athlete,canonical country,ESP,,ESP: 2023 - Spanish Championships (5 results) | ITA: 2023 - Italian Serie A Final Six (3 results),ESP: 2020 - Mallorca Cup (3 results); 2020 - Spanish Championships (9 results); 2021 - Spanish Championships (9 results); 2022 - COMEGYM Championships (10 results); 2022 - DTB Pokal Team Challenge (9 results); 2022 - European Championships (9 results); 2022 - European Youth Olympic Festival (9 results); 2022 - International GymSport (14 results); 2022 - Spanish Championships (9 results),Pablo Ruiz: 2024: ESP:42 / 2025: ESP:9
athlete_identity_collision_fb902add8bb54ceb,high,possible_athlete_identity_collision,Yumin Abbadini,MAG,3094,Yumin Abbadini,ITA,1.0,"ISR, ITA",,,merge as same athlete,canonical country,ITA,,ISR: 2023 - Baku World Cup (3 results) | ITA: 2023 - Italian Championships (5 results),ITA: 2018 - 1st Italian Serie A (7 results); 2018 - 2nd Italian Serie A (5 results); 2018 - 3rd Italian Serie A (5 results); 2018 - European Championships (7 results); 2018 - International Junior Team Cup (7 results); 2018 - Italian Championships (7 results); 2018 - Padova Men's Friendly (7 results); 2018 - Youth Olympic Games Qualifier (7 results); 2019 - 1st Italian Serie A (7 results); 2019 - 2nd Italian Serie A (7 results); 2019 - 3rd Italian Serie A (7 results); 2019 - Guimaraes Challenge Cup (10 results); 2019 - Italian Championships (9 results); 2020 - 1st Italian Serie A (7 results); 2020 - 2nd Italian Serie A (7 results); 2020 - 3rd Italian Serie A (7 results); 2020 - Italian Championships (9 results); 2021 - 1st Italian Serie A (7 results); 2021 - 2nd Itailan Serie A (3 results); 2021 - 3rd Italian Serie A (7 results); 2021 - Italian Championships (9 results); 2021 - Italian Serie A Final Six (7 results); 2021 - Osijek Challenge Cup (3 results); 2021 - Ukraine International Cup (8 results); 2022 - 1st Italian Serie A (7 results); 2022 - 2nd Italian Serie A (7 results); 2022 - 3rd Italian Serie A (7 results); 2022 - DTB Pokal Mixed Cup (1 results); 2022 - DTB Pokal Team Challenge (6 results); 2022 - European Championships (8 results); 2022 - Italian Championships (16 results); 2022 - World Championships (18 results),Yumin Abbadini: 2024: ITA:76 / 2025: ITA:73
athlete_identity_collision_dcc665cc16d2c49e,high,possible_athlete_identity_collision,Michael Carson-Maguire,MAG,1994,Michael Carson-Maguire,IRL,1.0,"GBR, IRL",,,merge as same athlete,canonical country,IRL,,GBR: 2023 - British Championships (5 results) | IRL: 2023 - Irish Championships (5 results),IRL: 2018 - Irish Championships (4 results); 2019 - Irish Championships (7 results); 2019 - Reykjavik International Games (7 results),Michael Carson-Maguire: not found 2024-2025
athlete_identity_collision_a1dc4fbe05adb7ce,high,possible_athlete_identity_collision,Félix Blaquière,MAG,7546,Félix Blaquière,CAN,1.0,"CAN, FRA",,,merge as same athlete,canonical country,CAN,,CAN: 2023 - Canadian Championships (5 results) | FRA: 2023 - Top 12 Finals (2 results),CAN: 2019 - Canadian Championships (3 results); 2021 - Canadian Technical Trial (14 results); 2021 - Elite Canada (14 results),Félix Blaquière: not found 2024-2025
athlete_identity_collision_b31309df42aefc74,high,possible_athlete_identity_collision,Kira Magarevich,WAG,16682,Kira Magarevich,BLR,1.0,"BLR, RUS",,,merge as same athlete,canonical country,BLR,,BLR: 2023 - Russian Junior Championships (5 results) | RUS: 2023 - Russian Cup (2 results),BLR: 2022 - Voronin Cup (7 results),Kira Magarevich: not found 2024-2025
athlete_identity_collision_b469bde4faa8bc04,high,possible_athlete_identity_collision,Lily Clarke-Moss,WAG,16783,Lily Clarke-Moss,GBR,1.0,"GBR, IRL",,,merge as same athlete,canonical country,IRL,,GBR: 2023 - British Team Championships (5 results) | IRL: 2023 - Irish Championships (5 results),GBR: 2022 - Rushmoor Rose Bowl (5 results),Lily Clarke-Moss: 2024: GBR:20
athlete_identity_collision_e661378297bd7e14,high,possible_athlete_identity_collision,Filippo Castellaro,MAG,951,Filippo Castellaro,ITA,1.0,"FRA, ITA",,,merge as same athlete,canonical country,ITA,,FRA: 2023 - Top 12 Finals (1 results); 2023 - Top 12 Series 3 (1 results); 2024 - Top 12 Series 2 (2024 Season) (2 results) | ITA: 2023 - 1st Italian Serie A (4 results); 2023 - 3rd Italian Serie A (1 results),ITA: 2018 - 1st Italian Serie A (7 results); 2018 - 2nd Italian Serie A (7 results); 2018 - 3rd Italian Serie A (7 results); 2018 - Italian Championships (11 results); 2019 - 1st Italian Serie A (4 results); 2019 - 2nd Italian Serie A (5 results); 2019 - 3rd Italian Serie A (4 results); 2019 - Koper Challenge Cup (4 results); 2020 - 1st Italian Serie A (3 results); 2020 - 2nd Italian Serie A (5 results); 2020 - 3rd Italian Serie A (7 results); 2020 - Italian Championships (7 results); 2020 - Italian Serie A Final Six (6 results); 2021 - 2nd Itailan Serie A (5 results); 2021 - 3rd Italian Serie A (4 results); 2021 - Italian Championships (7 results); 2021 - Italian Serie A Final Six (2 results); 2022 - 2nd Italian Serie A (7 results); 2022 - 3rd Italian Serie A (7 results); 2022 - Italian Championships (2 results); 2022 - Italian Serie A Final Six (6 results),Filippo Castellaro: 2024: ITA:26 / 2025: ITA:25
athlete_identity_collision_767c6163612ed5ce,high,possible_athlete_identity_collision,Morgane Osyssek,WAG,5988,Morgane Osyssek,FRA,1.0,"BEL, FRA",,,merge as same athlete,canonical country,FRA,,BEL: 2023 - DTB Pokal Team Challenge (5 results) | FRA: 2023 - World Championships (5 results),FRA: 2018 - Elite Gym Massilia (15 results); 2018 - French Championships (10 results); 2018 - Mediterranean Games (3 results); 2018 - Rüsselsheim Friendly (3 results); 2018 - Top 12 Final (1 results); 2018 - Top 12 Series 2 (5 results); 2018 - Top 12 Series 3 (5 results); 2018 - Top 12 Series 4 (3 results); 2019 - Elite Gym Massilia (8 results); 2019 - French Championships (8 results); 2019 - Top 12 Finals (5 results); 2019 - Top 12 Semi-Finals (5 results); 2019 - Top 12 Series 2 (5 results); 2019 - Top 12 Series 3 (5 results); 2019 - Worms Friendly (5 results); 2020 - Coupe d'Hiver (5 results); 2020 - French Test Meet (7 results); 2020 - Top 12 Series 3 (5 results); 2021 - Elite Gym Massilia (7 results); 2021 - French Championships (14 results); 2021 - French National Team Review (5 results); 2021 - Top 12 Championships (5 results); 2022 - Arthur Gander Memorial (3 results); 2022 - City of Jesolo Trophy (5 results); 2022 - European Championships (11 results); 2022 - French Championships (14 results); 2022 - French Test Meet (5 results); 2022 - Joaquim Blume Memorial (5 results); 2022 - Mediterranean Games (10 results); 2022 - Sedan Friendly (5 results); 2022 - Swiss Cup (2 results); 2022 - Top 12 Finals (5 results); 2022 - Top 12 Series 3 (5 results); 2022 - Varna Challenge Cup (5 results),Morgane Osyssek: 2024: FRA:68 / 2025: FRA:50
athlete_identity_collision_89479663b083dc58,high,possible_athlete_identity_collision,Viktoria Freundlinger,WAG,14869,Viktoria Freundlinger,AUT,1.0,"AUT, GER",,,merge as same athlete,canonical country,AUT,,AUT: 2023 - Austrian Championships (5 results) | GER: 2023 - 3rd Bundesliga (2 results),AUT: 2021 - Austrian Junior Championships (5 results); 2022 - 4th Bundesliga (3 results); 2022 - Austrian Championships (8 results),Viktoria Freundlinger: 2024: AUT:5
athlete_identity_collision_92320ef3a32fe97f,high,possible_athlete_identity_collision,Nedas Grikinis,MAG,12921,Nedas Grikinis,LTU,1.0,"LAT, LTU",,,merge as same athlete,canonical country,LTU,,LAT: 2023 - Mälar Cup (5 results) | LTU: 2023 - European Youth Olympic Festival (5 results),LTU: 2021 - Ukraine International Cup (7 results); 2022 - European Championships (9 results),Nedas Grikinis: 2024: LTU:34 / 2025: LTU:51
athlete_identity_collision_9ce43c93896d211d,high,possible_athlete_identity_collision,Jeremy Balazs,MAG,11462,Jeremy Balazs,AUT,1.0,"AUT, HUN",,,merge as same athlete,canonical country,AUT,,AUT: 2023 - Austrian Championships (5 results) | HUN: 2023 - Innsbruck Friendly (3 results),AUT: 2020 - Austrian Championships (8 results); 2021 - Austrian Championships (7 results); 2022 - Austrian Championships (12 results),Jeremy Balazs: 2024: AUT:32 / 2025: AUT:33
athlete_identity_collision_7e8693410c2acc78,high,possible_athlete_identity_collision,Azaraya Ra-Akbar,WAG,3700,Azaraya Ra-Akbar,USA,1.0,"CAN, USA",,,merge as same athlete,canonical country,CAN,,CAN: 2023 - Canadian Worlds Trials (5 results) | USA: 2023 - Elite Canada (5 results),USA: 2018 - Brestyan's National Qualifier (5 results); 2018 - Desert Lights Qualifier (5 results); 2018 - Hopes Classic (3 results); 2019 - Buckeye National Qualifier (5 results); 2019 - Hopes Classic (5 results); 2019 - KPAC National Qualifier (5 results); 2019 - Parkettes National Qualifier (5 results); 2020 - Excalibur National Qualifier (5 results); 2020 - Metroplex National Qualifier (5 results); 2021 - American Classic (5 results); 2021 - Parkettes National Qualifier (3 results); 2021 - U.S. Championships (10 results); 2021 - U.S. Classic (5 results); 2021 - U.S. Junior Pan Am Games Trials (7 results); 2022 - Buckeye National Qualifier (1 results); 2022 - KPAC National Qualifier (2 results); 2022 - March U.S. National Team Camp (2 results); 2022 - WOGA Classic (3 results); 2022 - Winter Cup (5 results),Azaraya Ra-Akbar: 2024: CAN:2
athlete_identity_collision_35ba51a15a7dbebf,high,possible_athlete_identity_collision,Theodor Gadderud,MAG,2778,Theodor Gadderud,NOR,1.0,"NOR, USA",,,merge as same athlete,canonical country,NOR,,NOR: 2023 - Norwegian Championships (5 results) | USA: 2023 - Stanford Open (2 results),NOR: 2018 - European Championships (7 results); 2018 - Norwegian Championships (11 results); 2018 - Unni & Haralds Trophy (4 results); 2018 - Youth Olympic Games Qualifier (7 results); 2019 - Nordic Junior Championships (10 results); 2019 - Norwegian Championships (12 results); 2019 - Norweigan Junior Championships (12 results); 2019 - Szombathely Challenge Cup (6 results); 2019 - Unni & Haralds Trophy (11 results); 2019 - World Championships (3 results); 2020 - Mallorca Cup (7 results); 2020 - Norwegian Championships (11 results); 2020 - Unisport Norges Cup (7 results); 2021 - European Championships (7 results); 2021 - Koper Challenge Cup (2 results); 2021 - Norwegian Championships (2 results); 2021 - Osijek Challenge Cup (4 results); 2021 - Unisport Norges Cup (1 results); 2021 - Unnis & Haralds Trophy (11 results),Theodor Gadderud: 2025: NOR:26
athlete_identity_collision_6f30f97c3ac04170,high,possible_athlete_identity_collision,Ekaterina Andreeva,WAG,13730,Ekaterina Andreeva,RUS,1.0,"BLR, RUS",,,merge as same athlete,canonical country,BLR,,BLR: 2023 - Belarus Open Cup (5 results) | RUS: 2023 - Russian Junior Championships (5 results),RUS: 2021 - Russian Junior Championships (14 results); 2021 - Russian Youth Spartakiade (12 results); 2021 - Top Gym Tournament (7 results); 2022 - Russian Championships (16 results); 2022 - Spartakiade (12 results),Ekaterina Andreeva: 2024: RUS:35 / 2025: RUS:46
athlete_identity_collision_f41cab2f49570804,high,possible_athlete_identity_collision,Matteo Levantesi,MAG,1945,Matteo Levantesi,ITA,1.0,"GER, ITA",,,merge as same athlete,canonical country,ITA,,GER: 2023 - 3rd Bundesliga (5 results) | ITA: 2023 - Italian Championships (5 results),ITA: 2018 - 1st Italian Serie A (7 results); 2018 - 2nd Italian Serie A (7 results); 2018 - 3rd Italian Serie A (7 results); 2018 - Baku World Cup (4 results); 2018 - Koper Challenge Cup (5 results); 2018 - Padova Men's Friendly (4 results); 2019 - 1st Italian Serie A (4 results); 2019 - Baku World Cup (3 results); 2019 - Doha World Cup (3 results); 2020 - 1st Italian Serie A (3 results); 2020 - 2nd Italian Serie A (2 results); 2020 - 3rd Italian Serie A (7 results); 2020 - Italian Championships (8 results); 2020 - Italian Serie A Final Six (7 results); 2021 - 1st Italian Serie A (7 results); 2021 - 2nd Itailan Serie A (7 results); 2021 - 3rd Bundesliga (7 results); 2021 - 3rd Italian Serie A (7 results); 2021 - 4th Bundesliga (7 results); 2021 - 5th Bundesliga (7 results); 2021 - 6th Bundesliga (7 results); 2021 - Italian Championships (9 results); 2021 - Italian Serie A Final Six (13 results); 2021 - Koper Challenge Cup (3 results); 2021 - Ukraine International Cup (12 results); 2022 - 1st Bundesliga (5 results); 2022 - 1st Italian Serie A (7 results); 2022 - 2nd Bundesliga (5 results); 2022 - 2nd Italian Serie A (7 results); 2022 - 3rd Italian Serie A (7 results); 2022 - 4th Bundesliga (3 results); 2022 - 5th Bundesliga (3 results); 2022 - 6th Bundesliga (3 results); 2022 - Cottbus World Cup (9 results); 2022 - European Championships (14 results); 2022 - Italian Championships (24 results); 2022 - Italian Serie A Final Six (10 results); 2022 - Mediterranean Games (14 results); 2022 - Top 12 Series 5 (2 results); 2022 - Top 12 Series 6 (2 results); 2022 - World Championships (9 results); 2023 - Top 12 Series 3 (2023) (2 results),Matteo Levantesi: 2024: ITA:54 / 2025: ITA:41
athlete_identity_collision_9d2b7985fc892dbe,high,possible_athlete_identity_collision,Charlie Harvey-Lloyd,MAG,468,Charlie Harvey-Lloyd,GBR,1.0,"GBR, NOR",,,merge as same athlete,canonical country,GBR,,GBR: 2023 - Unni & Haralds Trophy (5 results) | NOR: 2023 - Unni & Haralds Trophy (5 results),GBR: 2018 - British Championships (14 results); 2018 - English Championships (7 results); 2019 - British Championships (4 results); 2019 - English Championships (2 results); 2020 - Mallorca Cup (7 results); 2021 - British Championships (7 results); 2021 - Northern European Championships (8 results),Charlie Harvey-Lloyd: 2024: GBR:29 / 2025: GBR:21
athlete_identity_collision_02c5f5b98b4f37aa,high,possible_athlete_identity_collision,Carlota Salas,WAG,13619,Carlota Salas,ESP,1.0,"AND, ESP",,,merge as same athlete,canonical country,ESP,,AND: 2023 - Spanish Championships (5 results) | ESP: 2024 - 1st Spanish League (2024 season) (2 results),ESP: 2021 - Spanish Championships (3 results); 2022 - 1st Spanish League (5 results); 2022 - 2nd Spanish League (5 results); 2022 - 3rd Spanish League (5 results); 2022 - Spanish Championships (4 results),"Carlota Salas: 2024: AND:2, ESP:12 / 2025: AND:5, ESP:18"
athlete_identity_collision_d89a329d221b0a1a,high,possible_athlete_identity_collision,Jaydon Attygalle,MAG,1356,Jaydon Attygalle,IRL,1.0,"GBR, IRL",,,merge as same athlete,canonical country,IRL,,GBR: 2023 - English Championships (5 results) | IRL: 2023 - Irish Championships (1 results),GBR: 2018 - British Championships (9 results); 2018 - English Championships (7 results); 2019 - British Championships (11 results); 2019 - English Championships (7 results) | IRL: 2019 - Irish Championships (7 results); 2019 - Irish Super Championships (8 results); 2021 - British Championships (2 results); 2022 - English Championships (7 results); 2022 - Irish Championships (7 results),"Jaydon Attygalle: 2024: SRI:11 / 2025: GBR:2, SRI:4"
athlete_identity_collision_8e8469c7cdc03ae7,high,possible_athlete_identity_collision,Emma Grisetti,WAG,4354,Emma Grisetti,ITA,1.0,"ITA, SUI",,,merge as same athlete,canonical country,ITA,,ITA: 2023 - 2nd Italian Serie A (5 results) | SUI: 2023 - Swiss Euros Trials 2 (5 results),ITA: 2018 - 1st Italian Serie A (1 results); 2018 - 2nd Italian Serie A (3 results); 2018 - 3rd Italian Serie A (3 results); 2018 - Italian Gold Championships (8 results); 2019 - 1st Italian Serie A (5 results); 2019 - 2nd Italian Serie A (5 results); 2019 - 3rd Italian Serie A (5 results); 2020 - 1st Italian Serie A (3 results); 2020 - 2nd Italian Serie A (5 results); 2020 - 3rd Italian Serie A (3 results); 2020 - Italian Gold Championships (5 results); 2021 - 1st Italian Serie A (3 results); 2021 - 2nd Italian Serie A (3 results); 2021 - 3rd Italian Serie A (3 results); 2021 - Italian Gold Championships (8 results); 2021 - Italian Serie A Final Six (5 results); 2022 - 3rd Italian Serie A (2 results); 2022 - Italian Gold Championships (5 results); 2022 - Italian Serie A Final Six (3 results),Emma Grisetti: not found 2024-2025
athlete_identity_collision_dc3e5e896caaa9a8,high,possible_athlete_identity_collision,David Ivanov,MAG,15139,David Ivanov,BUL,1.0,"BUL, GBR",,,merge as same athlete,canonical country,BUL,,BUL: 2023 - European Youth Olympic Festival (5 results) | GBR: 2023 - Scottish Championships (5 results),BUL: 2022 - European Championships (1 results),David Ivanov: 2024: BUL:23 / 2025: BUL:14
athlete_identity_collision_85a7bfaba463b303,high,possible_athlete_identity_collision,Vahagn Davtyan,MAG,2884,Vahagn Davtyan,ARM,1.0,"ARM, GER",,,merge as same athlete,canonical country,ARM,,ARM: 2023 - European Championships (2 results); 2023 - Top 12 Series 3 (1 results); 2023 - World Championships (1 results); 2024 - Top 12 Series 1 (2024 Season) (1 results) | GER: 2023 - 3rd Bundesliga (1 results),ARM: 2018 - 1st Bundesliga (1 results); 2018 - 2nd Bundesliga (1 results); 2018 - 3rd Bundesliga (1 results); 2018 - 5th Bundesliga (1 results); 2018 - 7th Bundesliga (1 results); 2018 - Bundesliga Finals (1 results); 2018 - Cottbus World Cup (1 results); 2018 - European Championships (4 results); 2018 - World Championships (6 results); 2019 - Cottbus World Cup (2 results); 2019 - Doha World Cup (2 results); 2019 - European Championships (2 results); 2019 - European Games (2 results); 2019 - Israeli Championships (1 results); 2021 - European Championships (2 results); 2022 - Cairo World Cup (2 results); 2022 - Cottbus World Cup (2 results); 2022 - Doha World Cup (2 results); 2022 - European Championships (2 results); 2022 - Top 12 Series 3 (1 results); 2022 - World Championships (2 results); 2023 - Top 12 Series 1 (2023) (1 results); 2023 - Top 12 Series 3 (2023) (1 results),Vahagn Davtyan: 2024: ARM:15 / 2025: ARM:13
athlete_identity_collision_03137bfd04cd4445,high,possible_athlete_identity_collision,Valentina Bottan,WAG,14824,Valentina Bottan,ITA,1.0,"FRA, ITA",,,merge as same athlete,canonical country,ITA,,FRA: 2023 - Top 12 Series 1 (1 results) | ITA: 2023 - Italian Gold Championships (5 results),ITA: 2021 - Italian Gold Championships (5 results),Valentina Bottan: 2024: ITA:11 / 2025: ITA:7
athlete_identity_collision_50b745c05ef5ada7,high,possible_athlete_identity_collision,Javzandolgor Ochirsukh,WAG,9837,Javzandolgor Ochirsukh,AUT,1.0,"AUT, MGL",,,merge as same athlete,country history,MGL,,AUT: 2023 - Austrian Championships (5 results) | MGL: 2023 - Asian Championships (5 results),AUT: 2019 - Austrian Championships (9 results); 2019 - Austrian Junior Championships (5 results); 2020 - Austrian Championships (7 results); 2021 - Austrian Championships (5 results); 2022 - Austrian Championships (6 results); 2022 - Gym Festival Trnava (3 results); 2022 - Salamunov Memorial (9 results),Javzandolgor Ochirsukh: 2024: MGL:6
athlete_identity_collision_6cecde0bc8aebdbc,high,possible_athlete_identity_collision,Lucia Gutierrez,WAG,5504,Lucia Gutierrez,PHI,1.0,"ESP, PHI",,,merge as same athlete,country history,ESP,,ESP: 2024 - 1st Spanish League (2024 season) (5 results) | PHI: 2023 - Asian Championships (2 results); 2023 - Singapore Open (3 results),PHI: 2018 - Stella Zakharova Cup (5 results); 2022 - Southeast Asian Games (2 results); 2022 - WOGA Classic (2 results),Lucia Gutierrez: 2024: ESP:10 / 2025: ESP:43
athlete_identity_collision_0cc18d2282e83e35,high,possible_athlete_identity_collision,Jon Gunnarsson,MAG,1428,Jon Gunnarsson,ISL,1.0,"ISL, SWE",,,merge as same athlete,canonical country,ISL,,ISL: 2023 - Icelandic Championships (5 results) | SWE: 2023 - Mälar Cup (1 results),ISL: 2018 - Cottbus World Cup (1 results); 2018 - Nordic Championships (5 results); 2018 - World Championships (3 results); 2021 - European Championships (1 results); 2021 - GK Championships (4 results); 2021 - Icelandic Championships (7 results); 2021 - Icelandic Team Championships (4 results); 2021 - Northern European Championships (5 results); 2021 - World Championships (1 results); 2022 - Cairo World Cup (1 results); 2022 - Cottbus World Cup (1 results); 2022 - Doha World Cup (1 results); 2022 - European Championships (1 results); 2022 - GK Championships (4 results); 2022 - Icelandic Championships (6 results); 2022 - Nordic Championships (4 results),Jon Gunnarsson: 2024: ISL:21 / 2025: ISL:26
athlete_identity_collision_be00814b37fd39ae,high,possible_athlete_identity_collision,Corinna Gooderham,WAG,13673,Corinna Gooderham,GBR,1.0,"GBR, NOR",,,merge as same athlete,canonical country,GBR,,GBR: 2023 - Unni & Haralds Trophy (5 results) | NOR: 2023 - Unni & Haralds Trophy (2 results),GBR: 2021 - British Championships (5 results); 2021 - Rushmoor Rosebowl (5 results); 2022 - British Championships (7 results); 2022 - English Championships (5 results); 2022 - Rushmoor Rose Bowl (6 results),Corinna Gooderham: 2024: GBR:13 / 2025: GBR:23
athlete_identity_collision_fff0a0269bce649a,high,possible_athlete_identity_collision,Malina Blum,WAG,5637,Malina Blum,SUI,1.0,"GER, SUI",,,merge as same athlete,canonical country,SUI,,GER: 2023 - 3rd Bundesliga (5 results) | SUI: 2023 - Swiss Team Championships (2 results),SUI: 2018 - Swiss Junior Championships (5 results); 2018 - Tournoi International (3 results); 2019 - Swiss Junior Championships (1 results); 2019 - Swiss Team Championships (2 results); 2019 - Swiss Turnfest (5 results); 2021 - 1st Bundesliga (3 results); 2021 - 2nd Bundesliga (3 results); 2021 - 3rd Bundesliga (3 results),Malina Blum: not found 2024-2025
athlete_identity_collision_aaab4b9f44e816c6,high,possible_athlete_identity_collision,Vinzenz Höck,MAG,2930,Vinzenz Höck,AUT,1.0,"AUT, ITA",,,merge as same athlete,canonical country,AUT,,AUT: 2023 - Paris Challenge Cup (2 results); 2023 - Szombathely Challenge Cup (1 results); 2023 - Tel Aviv Challenge Cup (1 results); 2023 - World Championships (1 results) | ITA: 2023 - 3rd Italian Serie A (3 results),AUT: 2018 - Austrian Men's Euros Trial (4 results); 2018 - Austrian Team Open (3 results); 2018 - Cottbus World Cup (1 results); 2018 - European Championships (3 results); 2018 - Guimaraes Challenge Cup (2 results); 2018 - Paris Challenge Cup (1 results); 2018 - Szombathely Challenge Cup (2 results); 2018 - World Championships (5 results); 2019 - Austrian Championships (11 results); 2019 - Austrian Team Open (2 results); 2019 - Baku World Cup (1 results); 2019 - Cottbus World Cup (1 results); 2019 - European Championships (1 results); 2019 - Koper Challenge Cup (2 results); 2019 - Paris Challenge Cup (2 results); 2019 - Summer Universiade (8 results); 2019 - Szombathely Challenge Cup (4 results); 2019 - World Championships (7 results); 2020 - Austrian Championships (6 results); 2020 - European Championships (6 results); 2020 - Szombathely Challenge Cup (2 results); 2021 - Austrian Championships (6 results); 2021 - European Championships (2 results); 2021 - Hungarian Grand Prix (2 results); 2021 - Koper Challenge Cup (2 results); 2021 - Osijek Challenge Cup (2 results); 2021 - Varna Challenge Cup (2 results); 2021 - World Championships (2 results); 2022 - 4th Bundesliga League 2 (3 results); 2022 - 5th Bundesliga League 2 (3 results); 2022 - Arthur Gander Memorial (3 results); 2022 - Austrian Championships (5 results); 2022 - Baku World Cup (2 results); 2022 - Cairo World Cup (1 results); 2022 - European Championships (3 results); 2022 - Klagenfurt Friendly (3 results); 2022 - Osijek Challenge Cup (3 results); 2022 - Paris Challenge Cup (2 results); 2022 - Swiss Cup (2 results); 2022 - Szombathely Challenge Cup (2 results); 2022 - Top 12 Series 1 (1 results); 2022 - Top 12 Series 3 (1 results); 2022 - Varna Challenge Cup (2 results); 2022 - World Championships (2 results),Vinzenz Höck: 2024: AUT:17
athlete_identity_collision_94f9dac08a041f92,high,possible_athlete_identity_collision,Chester Enriquez,MAG,7353,Chester Enriquez,IRL,1.0,"GBR, IRL",,,merge as same athlete,canonical country,IRL,,GBR: 2023 - Welsh Championships (5 results) | IRL: 2023 - Irish Championships (5 results),IRL: 2019 - British Championships (7 results); 2019 - Irish Championships (7 results); 2022 - British Championships (9 results),Chester Enriquez: 2025: IRL:8
athlete_identity_collision_4d88db14b33fda3e,high,possible_athlete_identity_collision,Sona Artamonova,WAG,14742,Sona Artamonova,CZE,1.0,"CZE, HUN",,,merge as same athlete,canonical country,CZE,,CZE: 2023 - Czech Championships (5 results) | HUN: 2023 - Szombathely Challenge Cup (1 results),CZE: 2021 - Czech Championships (5 results); 2021 - Hanspeter Demetz Memorial (5 results); 2021 - Olympic Hopes Cup (8 results); 2022 - Austrian Team Challenge (5 results); 2022 - Czech Championships (13 results); 2022 - EYOF Mixed Pairs (2 results); 2022 - European Championships (5 results); 2022 - European Youth Olympic Festival (6 results); 2022 - Vera Caslavska Grand Prix (7 results),Sona Artamonova: 2024: CZE:19 / 2025: CZE:36
athlete_identity_collision_72b4daeed8d8cb7c,high,possible_athlete_identity_collision,Daniel Tuya,MAG,605,Daniel Tuya,ESP,1.0,"ESP, MEX",,,merge as same athlete,canonical country,ESP,,ESP: 2023 - Spanish Championships (5 results) | MEX: 2023 - Cottbus World Cup (4 results),ESP: 2018 - Austrian Team Open (7 results); 2018 - European Championships (5 results); 2018 - Gymnasiade (3 results); 2018 - Spanish Championships (7 results); 2019 - Junior World Championships (7 results); 2019 - Spanish Championships (5 results); 2020 - Mallorca Cup (7 results); 2020 - Spanish Championships (9 results); 2021 - Spanish Championships (9 results); 2022 - Cottbus World Cup (5 results); 2022 - DTB Pokal Team Challenge (3 results); 2022 - Spanish Championships (2 results),Daniel Tuya: 2024: ESP:11
athlete_identity_collision_1aeef21d419f644d,high,possible_athlete_identity_collision,Ana Martin,WAG,3442,Ana Martin,ESP,1.0,"ESP, ITA",,,merge as same athlete,canonical country,ESP,,ESP: 2023 - 2nd Italian Serie A (2 results); 2023 - 2nd Spanish League (1 results); 2023 - Luxembourg Open (2 results) | ITA: 2023 - 1st Italian Serie A (2 results),ESP: 2018 - 1st Spanish League (1 results); 2019 - 1st Spanish League (2 results); 2019 - 3rd Spanish League (2 results); 2019 - Spanish Championships (1 results); 2019 - Spanish League Finals (2 results); 2020 - 1st Spanish League (2020 season) (1 results); 2020 - 2nd Spanish League (2 results); 2020 - Mallorca Cup (3 results); 2021 - 1st Spanish League (2 results); 2021 - 2nd Bundesliga (5 results); 2021 - 2nd Spanish League (5 results); 2021 - 3rd Spanish League (5 results); 2021 - Spanish Championships (5 results); 2021 - Top 12 Championships (1 results); 2022 - 1st Spanish League (1 results); 2022 - 3rd Spanish League (3 results); 2022 - Spanish Championships (5 results); 2023 - 1st Spanish League 2023 (5 results),Ana Martin: 2025: ESP:10
athlete_identity_collision_f76e01a31eeeee1a,high,possible_athlete_identity_collision,Kyriaki Lysandrou,WAG,10057,Kyriaki Lysandrou,GRE,1.0,"CYP, GRE",,,merge as same athlete,canonical country,CYP,,CYP: 2023 - European Youth Olympic Festival (5 results) | GRE: 2023 - Greek Championships (5 results),GRE: 2019 - Horizon Cup (5 results); 2022 - Greek Championships (5 results); 2022 - Horizon Cup (5 results),Kyriaki Lysandrou: 2024: CYP:7
athlete_identity_collision_e91e90d602429c9c,high,possible_athlete_identity_collision,Anahi de la Paliza,WAG,9036,Anahi de la Paliza,ESP,1.0,"ESP, FRA",,,merge as same athlete,canonical country,ESP,,ESP: 2023 - Spanish Championships (5 results) | FRA: 2023 - Top 12 Series 3 (5 results),ESP: 2019 - 1st Spanish League (3 results); 2019 - 2nd Spanish League (5 results); 2019 - 3rd Spanish League (5 results); 2020 - 1st Spanish League (2020 season) (5 results); 2020 - 2nd Spanish League (3 results); 2021 - 1st Spanish League (5 results); 2021 - 2nd Spanish League (3 results); 2021 - 3rd Spanish League (2 results); 2021 - Spanish Championships (7 results); 2022 - 1st Spanish League (2 results); 2022 - 2nd Spanish League (2 results); 2022 - 3rd Spanish League (1 results); 2022 - Spanish Championships (5 results); 2023 - 1st Spanish League 2023 (5 results),Anahi de la Paliza: 2024: ESP:17 / 2025: ESP:6
athlete_identity_collision_7555c995e9a4289e,high,possible_athlete_identity_collision,Omar Ateyeh,MAG,12965,Omar Ateyeh,SUI,1.0,"GER, SUI",,,merge as same athlete,canonical country,SUI,,GER: 2023 - 7th Bundesliga (2 results) | SUI: 2023 - Swiss Junior Championships (5 results),SUI: 2021 - Wohnen Juniors Trophy (9 results); 2022 - International Junior Team Cup (9 results); 2022 - Newport Friendly (7 results); 2022 - Swiss Cup Juniors (7 results),Omar Ateyeh: 2024: SUI:16 / 2025: SUI:11
athlete_identity_collision_8e02f79a5c01fa4b,high,possible_athlete_identity_collision,Viet Thao Hoang,MAG,2911,Viet Thao Hoang,GER,1.0,"GER, VIE",,,merge as same athlete,canonical country,GER,,GER: 2023 - 1st Bundesliga (1 results); 2023 - 5th Bundesliga (2 results); 2023 - 6th Bundesliga (1 results); 2023 - 7th Bundesliga (1 results) | VIE: 2023 - Bundesliga Finals (1 results),GER: 2018 - 1st Bundesliga (3 results); 2018 - 2nd Bundesliga (3 results); 2018 - 3rd Bundesliga (3 results); 2018 - 4th Bundesliga (2 results); 2018 - 5th Bundesliga (4 results); 2018 - 6th Bundesliga (4 results); 2018 - 7th Bundesliga (4 results); 2018 - Bundesliga Finals (3 results); 2018 - German Championships (9 results); 2019 - 1st Bundesliga (4 results); 2019 - 2nd Bundesliga (3 results); 2019 - 3rd Bundesliga (5 results); 2019 - 4th Bundesliga (3 results); 2019 - 5th Bundesliga (2 results); 2019 - 6th Bundesliga (2 results); 2019 - 7th Bundesliga (2 results); 2019 - German Championships (7 results); 2020 - 1st Bundesliga (2 results); 2020 - 2nd Bundesliga (4 results); 2020 - 3rd Bundesliga (3 results); 2021 - 1st Bundesliga (2 results); 2021 - 2nd Bundesliga (2 results); 2021 - 3rd Bundesliga (3 results); 2021 - Bundesliga Finals (1 results); 2021 - Bundesliga Semifinal (3 results); 2022 - 1st Bundesliga (2 results); 2022 - 2nd Bundesliga (1 results); 2022 - 3rd Bundesliga (1 results); 2022 - 4th Bundesliga (1 results); 2022 - 5th Bundesliga (3 results); 2022 - 6th Bundesliga (3 results); 2022 - 7th Bundesliga (2 results); 2022 - Bundesliga Finals (2 results),Viet Thao Hoang: 2024: GER:10 / 2025: GER:21
athlete_identity_collision_71039b35d9e1670d,high,possible_athlete_identity_collision,Dorien Motten,WAG,4171,Dorien Motten,BEL,1.0,"BEL, GEO",,,merge as same athlete,country history,GEO,,BEL: 2023 - Gymnova Cup (2 results) | GEO: 2023 - Dutch Championships (1 results); 2023 - Szombathely Challenge Cup (4 results),BEL: 2018 - 1st Bundesliga (3 results); 2018 - 2nd Bundesliga (2 results); 2018 - 2nd Italian Serie A (2 results); 2018 - 3rd Bundesliga (3 results); 2018 - 3rd Italian Serie A (2 results); 2018 - 4th Bundesliga (2 results); 2018 - Bundesliga Finals (1 results); 2018 - Dutch Championships (1 results); 2018 - Top 12 Series 3 (2 results); 2018 - Varsenare Friendly (5 results); 2019 - 1st Italian Serie A (2 results); 2019 - 2nd Italian Serie A (2 results); 2019 - 2nd Spanish League (3 results); 2019 - 3rd Bundesliga (3 results); 2019 - 3rd Italian Serie A (2 results); 2019 - 3rd Spanish League (3 results); 2019 - 4th Bundesliga (3 results); 2019 - Bundesliga Final (3 results); 2019 - FIT Challenge (2 results); 2020 - 1st Bundesliga (5 results); 2020 - 2nd Bundesliga (2 results); 2020 - 2nd Italian Serie A (2 results); 2020 - 2nd Spanish League (3 results); 2020 - 3rd Italian Serie A (2 results); 2020 - WOGA Classic (5 results); 2021 - 1st Bundesliga (3 results); 2021 - 1st Spanish League (3 results); 2021 - 2nd Bundesliga (2 results); 2021 - 2nd Spanish League (2 results); 2021 - Bundesliga Finals (2 results); 2021 - Spanish League Finals (2 results),Dorien Motten: 2024: GEO:25 / 2025: GEO:12
athlete_identity_collision_5ccacba6ac84f1ba,high,possible_athlete_identity_collision,Charlie Chan Cheuk Lam,WAG,16188,Charlie Chan Cheuk Lam,HKG,1.0,"HKG, TPE",,,merge as same athlete,canonical country,HKG,,HKG: 2023 - Asian Championships (5 results) | TPE: 2023 - Doha World Cup (2 results),HKG: 2022 - Cairo World Cup (4 results); 2022 - World Championships (1 results),"Charlie Chan Cheuk Lam: 2024: HKG:10 / 2025: CHN:2, HKG:8"
athlete_identity_collision_b25a14fe78b7e44e,high,possible_athlete_identity_collision,Nicole Ferrara,WAG,12071,Nicole Ferrara,ITA,1.0,"AUT, ITA",,,merge as same athlete,canonical country,ITA,,AUT: 2023 - Salamunov Memorial (5 results) | ITA: 2023 - Italian Gold Championships (5 results),ITA: 2020 - Italian Gold Junior Championships (5 results); 2021 - Italian Gold Championships (6 results); 2022 - Italian Gold Championships (5 results),Nicole Ferrara: not found 2024-2025
athlete_country_1909963ddee66ba0,high,possible_athlete_country_change,Aaron Coche,MAG,12232,Aaron Coche,SWE,,"FRA, SWE",,,merge as same athlete,canonical country,SWE,,FRA: 2023 - Top 12 Series 5 (2 results),SWE: 2021 - Mälar Cup (11 results); 2021 - Swedish Championships (11 results); 2021 - Top 12 Championships (5 results); 2022 - International Junior Team Cup (7 results); 2022 - Nordic Championships (8 results); 2023 - Top 12 Series 1 (2023) (3 results); 2023 - Top 12 Series 2 (2023) (3 results),Aaron Coche: 2025: FRA:3
athlete_country_790a4131ac2810f8,high,possible_athlete_country_change,Aidan Li,MAG,67,Aidan Li,CAN,,"CAN, USA",,,merge as same athlete,canonical country,CAN,,USA: 2023 - Stanford Open (1 results),CAN: 2018 - Canadian Championships (4 results); 2019 - Canadian Championships (7 results); 2019 - Elite Canada (8 results),Aidan Li: 2024: CAN:2 / 2025: CAN:9
athlete_country_de7188474e86671d,high,possible_athlete_country_change,Arthur Delahaye,MAG,7262,Arthur Delahaye,NED,,"BEL, NED",,,merge as same athlete,canonical country,NED,,BEL: 2023 - Wase Gymcup (2 results),NED: 2019 - Wase Gymcup (7 results),Arthur Delahaye: not found 2024-2025
athlete_country_b5e8cc9328e47f84,high,possible_athlete_country_change,Daniel Smyllie,MAG,15131,Daniel Smyllie,UAE,,"GBR, UAE",,,merge as same athlete,canonical country,GBR,,GBR: 2023 - English Championships (5 results),UAE: 2022 - English Championships (4 results),Daniel Smyllie: 2024: GBR:7 / 2025: GBR:34
athlete_country_6981609dec6120c4,high,possible_athlete_country_change,Eddie Penev,MAG,7490,Eddie Penev,USA,,"BUL, USA",,,merge as same athlete,country history,BUL,,BUL: 2023 - Szombathely Challenge Cup (4 results); 2023 - Varna Challenge Cup (1 results),USA: 2019 - U.S. Championships D1 (2 results); 2019 - U.S. Championships D2 (2 results); 2019 - Winter Cup Challenge (10 results); 2020 - Winter Cup Challenge (7 results); 2021 - U.S. Championships (4 results); 2021 - Winter Cup (4 results),Eddie Penev: 2024: BUL:19 / 2025: BUL:45
athlete_country_9b6a71939f90cdb7,high,possible_athlete_country_change,Elel Baker,MAG,818,Elel Baker,CAN,,"CAN, JAM",,,merge as same athlete,country history,JAM,,JAM: 2023 - Canadian Championships (5 results),CAN: 2018 - Canadian Championships (1 results); 2019 - Canadian Championships (8 results); 2019 - Elite Canada (8 results); 2020 - Liukin Invitational (7 results); 2021 - Canadian Technical Trial (4 results); 2021 - Elite Canada (6 results); 2022 - Canadian Championships (8 results),Elel Baker: 2024: JAM:8 / 2025: JAM:55
athlete_country_25a470f9f439add9,high,possible_athlete_country_change,Finlay Hazelton,MAG,7551,Finlay Hazelton,IRL,,"GBR, IRL",,,merge as same athlete,canonical country,IRL,,GBR: 2023 - English Championships (5 results),IRL: 2019 - Irish Championships (7 results); 2022 - Austrian Future Cup (6 results); 2022 - British Championships (7 results),"Finlay Hazelton: 2024: GBR:12 / 2025: GBR:14, IRL:36"
athlete_country_73f819753a9827c7,high,possible_athlete_country_change,Hugo Villeneuve,MAG,11450,Hugo Villeneuve,MON,,"FRA, MON",,,merge as same athlete,canonical country,MON,,FRA: 2024 - Top 12 Series 2 (2024 Season) (1 results),FRA: 2020 - Top 12 Series 5 (1 results); 2020 - Top 12 Series 6 (1 results) | MON: 2021 - Ukraine International Cup (10 results); 2022 - Top 12 Series 1 (1 results); 2022 - Top 12 Series 3 (1 results); 2022 - Top 12 Series 4 (2 results); 2022 - Top 12 Series 6 (1 results); 2022 - Top 12 Series 7 (1 results),"Hugo Villeneuve: 2024: FRA:18 / 2025: FRA:16, MON:12"
athlete_country_97167e6e5b0bfb4c,high,possible_athlete_country_change,Jacob Faulkner,MAG,1278,Jacob Faulkner,GBR,,"GBR, USA",,,merge as same athlete,canonical country,GBR,,USA: 2023 - Houston National Invitational (1 results),GBR: 2018 - International GymSport (5 results); 2019 - International GymSport (4 results),Jacob Faulkner: not found 2024-2025
athlete_country_417ef01d4c16a927,high,possible_athlete_country_change,Jameel Ali,MAG,7756,Jameel Ali,CAN,,"CAN, TTO",,,merge as same athlete,country history,TTO,,TTO: 2023 - Canadian Championships (5 results),CAN: 2019 - Canadian Championships (3 results); 2019 - Elite Canada (3 results); 2022 - Canadian Championships (7 results),Jameel Ali: 2024: TTO:4 / 2025: TTO:31
athlete_country_b25092e4765a6b68,high,possible_athlete_country_change,Jasper Carminger,MAG,1346,Jasper Carminger,GBR,,"GBR, SWE",,,merge as same athlete,country history,SWE,,SWE: 2023 - Dutch EYOF Trials (5 results),GBR: 2018 - British Championships (7 results); 2018 - English Championships (7 results); 2019 - British Championships (7 results); 2019 - English Championships (7 results); 2022 - British Championships (9 results); 2022 - English Championships (9 results),"Jasper Carminger: 2024: GBR:3, SWE:47"
athlete_country_431c15ffe8f0d5e6,high,possible_athlete_country_change,Jasper Smith-Gordon,MAG,1347,Jasper Smith-Gordon,GBR,,"GBR, USA",,,merge as same athlete,canonical country,GBR,,USA: 2023 - Stanford Open (1 results),GBR: 2018 - British Championships (7 results); 2018 - English Championships (7 results); 2019 - British Championships (12 results); 2019 - Cardiff Men's Friendly (5 results); 2019 - English Championships (7 results); 2019 - International Junior Team Cup (10 results); 2019 - Junior World Championships (12 results),Jasper Smith-Gordon: not found 2024-2025
athlete_country_2bab4f6a50a1ff82,high,possible_athlete_country_change,Kevin Penev,MAG,1586,Kevin Penev,USA,,"BUL, USA",,,merge as same athlete,country history,BUL,,BUL: 2023 - World Championships (5 results),USA: 2018 - U.S. Championships (14 results); 2018 - Winter Cup Challenge (14 results); 2019 - Winter Cup Challenge (7 results),Kevin Penev: 2024: BUL:33 / 2025: BUL:19
athlete_country_cad1f2d334801584,high,possible_athlete_country_change,Marco Rizzo,MAG,1875,Marco Rizzo,SUI,,"GER, SUI",,,merge as same athlete,canonical country,SUI,,GER: 2023 - 1st Bundesliga (1 results); 2023 - 3rd Bundesliga (4 results),SUI: 2018 - Guimaraes Challenge Cup (10 results); 2018 - Swiss Championships (7 results); 2018 - Swiss Duel (1 results); 2019 - DTB Team Challenge (4 results); 2019 - Magglingen Men's Friendly (7 results); 2019 - Swiss Championships (1 results); 2019 - Swiss Team Championships (5 results); 2020 - Baku World Cup (5 results),Marco Rizzo: not found 2024-2025
athlete_country_3c19150a922fd621,high,possible_athlete_country_change,Marlon Moreno,MAG,8107,Marlon Moreno,COL,,"COL, ESP",,,merge as same athlete,canonical country,COL,,ESP: 2023 - International GymSport (5 results),COL: 2019 - Colombian Championships (13 results),Marlon Moreno: 2024: ESP:9 / 2025: ESP:9
athlete_country_6e9f2f3dc67bd8df,high,possible_athlete_country_change,Oliver Sons,MAG,12963,Oliver Sons,ESP,,"BOL, ESP",,,merge as same athlete,canonical country,ESP,,BOL: 2023 - Spanish Championships (5 results),ESP: 2021 - Spanish Championships (1 results); 2022 - Spanish Championships (3 results),Oliver Sons: not found 2024-2025
athlete_country_fc91c78c06f8ef51,high,possible_athlete_country_change,Plamen Sheytanov,MAG,2337,Plamen Sheytanov,NOR,,"BUL, NOR",,,merge as same athlete,country history,BUL,,BUL: 2023 - Bulgarian Championships (5 results),NOR: 2018 - Unni & Haralds Trophy (14 results); 2019 - Norweigan Junior Championships (6 results); 2020 - Unisport Norges Cup (1 results); 2021 - Norwegian Championships (7 results); 2021 - Unisport Norges Cup (7 results),Plamen Sheytanov: not found 2024-2025
athlete_country_be97f5101560a54f,high,possible_athlete_country_change,Anya Pilgrim,WAG,3619,Anya Pilgrim,USA,,"BAR, USA",,,merge as same athlete,country history,BAR,,BAR: 2023 - Pan American Championships (5 results),USA: 2018 - U.S. Verification (April) (5 results); 2019 - American Classic (5 results); 2019 - Parkettes National Qualifier (5 results); 2019 - U.S. Championships D1 (5 results); 2019 - U.S. Championships D2 (5 results); 2019 - U.S. Classic (5 results); 2021 - American Classic (5 results); 2021 - U.S. Classic (5 results),Anya Pilgrim: not found 2024-2025
athlete_country_488c1c7dc9483e48,high,possible_athlete_country_change,Carlota Perez,WAG,16166,Carlota Perez,ESP,,"ARG, ESP",,,merge as same athlete,canonical country,ESP,,ARG: 2023 - Gymnova Cup (3 results),ESP: 2022 - 3rd Spanish League (3 results),Carlota Perez: not found 2024-2025
athlete_country_6dab5fc90f0bfef7,high,possible_athlete_country_change,Caterina Cereghetti,WAG,3882,Caterina Cereghetti,ITA,,"ITA, SUI",,,merge as same athlete,country history,SUI,,SUI: 2023 - 1st Italian Serie A (5 results),ITA: 2018 - 1st Italian Serie A (5 results); 2018 - 2nd Italian Serie A (3 results); 2018 - 3rd Italian Serie A (5 results); 2018 - City of Jesolo Trophy (5 results); 2018 - European Championships (6 results); 2018 - Italian Championships (5 results); 2018 - Mediterranean Games (2 results); 2018 - Rüsselsheim Friendly (5 results); 2019 - 3rd Italian Serie A (1 results); 2020 - Italian Championships (6 results); 2021 - 1st Italian Serie A (5 results); 2021 - 3rd Italian Serie A (5 results); 2021 - Italian Championships (5 results); 2022 - 2nd Italian Serie A (2 results); 2022 - 3rd Italian Serie A (5 results); 2022 - 4th Bundesliga (5 results); 2022 - Italian Championships (12 results); 2022 - Italian Gold Championships (9 results),Caterina Cereghetti: 2024: SUI:4 / 2025: SUI:7
athlete_country_398a2138a3075cc3,high,possible_athlete_country_change,Daria Indioukov,WAG,9378,Daria Indioukov,NZL,,"AUS, NZL",,,merge as same athlete,canonical country,NZL,,AUS: 2023 - Australian Championships (5 results),NZL: 2019 - New Zealand Championships (8 results); 2022 - Australian Classic (6 results),Daria Indioukov: not found 2024-2025
athlete_country_d3fa7b16da0c827c,high,possible_athlete_country_change,Ema Pleskyte,WAG,4305,Ema Pleskyte,LTU,,"LAT, LTU",,,merge as same athlete,canonical country,LTU,,LAT: 2023 - Tiger Cup (3 results),LTU: 2018 - Barborka Cup (5 results); 2019 - Junior World Championships (5 results); 2019 - Lithuanian Championships (7 results); 2019 - Tiger Cup (6 results); 2020 - Lithuanian Championships (1 results); 2020 - Tiger Cup (5 results); 2021 - Lithuanian Championships (7 results); 2022 - Lithuanian Championships (2 results); 2022 - Lithuanian Cup (7 results),Ema Pleskyte: 2024: LTU:2
athlete_country_e3e3b5d323be77fd,high,possible_athlete_country_change,Emma Malabuyo,WAG,4360,Emma Malabuyo,USA,,"PHI, USA",,,merge as same athlete,country history,PHI,,PHI: 2023 - Asian Championships (4 results),USA: 2018 - City of Jesolo Trophy (7 results); 2018 - U.S. Classic (2 results); 2019 - City of Jesolo Trophy (8 results); 2021 - March National Team Camp (5 results); 2021 - U.S. Championships (10 results); 2021 - U.S. Classic (2 results); 2021 - U.S. Olympic Trials (10 results); 2021 - Winter Cup (3 results),"Emma Malabuyo: 2024: PHI:15, USA:5 / 2025: PHI:2"
athlete_country_acc2b1fdea885847,high,possible_athlete_country_change,Emma Oberto,WAG,13812,Emma Oberto,FRA,,"ESP, FRA",,,merge as same athlete,canonical country,ESP,,ESP: 2023 - 3rd Spanish League (2 results); 2023 - Spanish League Final (3 results),FRA: 2021 - 3rd Spanish League (2 results),Emma Oberto: 2024: ESP:3
athlete_country_e31e7bfce64fa83c,high,possible_athlete_country_change,Franka Maric,WAG,16447,Franka Maric,SLO,,"CRO, SLO",,,merge as same athlete,canonical country,SLO,,CRO: 2023 - Zelena Jama Open (5 results),SLO: 2022 - Elek Matolay Memorial (7 results); 2022 - Wase Gymcup (6 results); 2022 - Zelena Jama Open (5 results),"Franka Maric: 2024: CRO:5, SLO:1 / 2025: CRO:1"
athlete_country_25525d525cf3add3,high,possible_athlete_country_change,Kaylia Nemour,WAG,5137,Kaylia Nemour,FRA,,"ALG, FRA",,,merge as same athlete,country history,ALG,,ALG: 2023 - World Championships (5 results),FRA: 2018 - French Championships (7 results); 2018 - Top 12 Final (2 results); 2018 - Top 12 Series 3 (3 results); 2018 - Top 12 Series 4 (1 results); 2019 - Elite Gym Massilia (7 results); 2019 - French Championships (5 results); 2019 - Mediterranean Championships (13 results); 2019 - Swiss Cup Juniors (5 results); 2019 - Top 12 Finals (3 results); 2019 - Top 12 Series 2 (3 results); 2020 - Coupe d'Hiver (5 results); 2020 - French Test Meet (5 results); 2020 - Top 12 Series 3 (5 results); 2021 - French Championships (2 results); 2021 - Top 12 Championships (3 results),Kaylia Nemour: 2024: ALG:52 / 2025: ALG:61
athlete_country_81f2e24b29ed1697,high,possible_athlete_country_change,Luisa Blanco,WAG,5535,Luisa Blanco,USA,,"COL, USA",,,merge as same athlete,country history,COL,,COL: 2023 - Pan American Games (5 results),USA: 2018 - International Gymnix (7 results); 2018 - U.S. Championships (10 results); 2018 - U.S. Classic (5 results); 2018 - WOGA Classic (5 results); 2019 - WOGA Classic (2 results),Luisa Blanco: 2024: COL:10
athlete_country_8437966938b1a074,high,possible_athlete_country_change,Maria Collantes,WAG,16880,Maria Collantes,ESP,,"ARG, ESP",,,merge as same athlete,canonical country,ESP,,ARG: 2023 - Gymnova Cup (5 results),ESP: 2022 - 3rd Spanish League (3 results),Maria Collantes: 2025: ESP:1
athlete_country_ada5f488f28926b8,high,possible_athlete_country_change,Maryna Klishchevska,WAG,16936,Maryna Klishchevska,GER,,"GER, UKR",,,merge as same athlete,canonical country,UKR,,UKR: 2023 - European Youth Olympic Festival (5 results),GER: 2022 - 2nd Bundesliga (5 results); 2022 - 3rd Bundesliga (5 results),Maryna Klishchevska: 2024: UKR:10 / 2025: UKR:3
athlete_country_be19c60396bcb383,high,possible_athlete_country_change,Mya Amede,WAG,5993,Mya Amede,GBR,,"GBR, JAM",,,merge as same athlete,country history,JAM,,JAM: 2023 - Pan American Championships (5 results),GBR: 2018 - British Championships (5 results); 2019 - British Championships (3 results); 2019 - British Team Championships (5 results); 2019 - Rushmoor Rose Bowl (5 results),Mya Amede: not found 2024-2025
athlete_country_6ce5a69f56582118,high,possible_athlete_country_change,Paulina Wiktorczyk,WAG,14600,Paulina Wiktorczyk,IRL,,"IRL, POL",,,merge as same athlete,country history,POL,,POL: 2023 - Polish Championships (5 results),IRL: 2021 - Northern European Championships (1 results); 2022 - Irish Championships (5 results),Paulina Wiktorczyk: not found 2024-2025
athlete_country_3fb5e55995a7c873,high,possible_athlete_country_change,Rayna Engelmayer,WAG,6327,Rayna Engelmayer,USA,,"AUT, USA",,,merge as same athlete,country history,AUT,,AUT: 2023 - Linz Friendly (5 results),USA: 2018 - Auburn National Qualifier (5 results),Rayna Engelmayer: not found 2024-2025
athlete_country_8dc75c9fba8cece4,high,possible_athlete_country_change,Samantha Macasu,WAG,6445,Samantha Macasu,USA,,"PHI, USA",,,merge as same athlete,country history,PHI,,PHI: 2023 - Asian Games (1 results),USA: 2018 - Auburn National Qualifier (5 results); 2018 - Buckeye Qualifier (5 results); 2018 - Hopes Classic (5 results),Samantha Macasu: not found 2024-2025
athlete_country_bdc25bcb874653d4,high,possible_athlete_country_change,Sydney Barros,WAG,6735,Sydney Barros,USA,,"PUR, USA",,,merge as same athlete,country history,PUR,,PUR: 2023 - Pan American Championships (5 results),USA: 2018 - City of Jesolo Trophy (2 results); 2018 - U.S. Championships (5 results); 2018 - U.S. Classic (2 results); 2018 - U.S. Verification (April) (5 results); 2019 - Junior World Championships (10 results); 2019 - Parkettes National Qualifier (5 results); 2019 - U.S. Championships D1 (5 results); 2019 - U.S. Championships D2 (5 results); 2019 - U.S. Classic (5 results); 2019 - U.S. Junior Worlds Trials (5 results); 2021 - March National Team Camp (5 results); 2021 - U.S. Championships (10 results); 2021 - U.S. Classic (5 results); 2021 - Winter Cup (3 results); 2022 - WOGA Classic (2 results); 2022 - Winter Cup (5 results),Sydney Barros: not found 2024-2025
athlete_country_3667e713aa7797a4,high,possible_athlete_country_change,Yuliya Khorosh,WAG,7075,Yuliya Khorosh,UKR,,"RUS, UKR",,,merge as same athlete,canonical country,UKR,,RUS: 2023 - Russian Championships (5 results),UKR: 2018 - Dityatin Cup (11 results); 2018 - Voronin Cup (10 results); 2020 - Voronin Cup (5 results),Yuliya Khorosh: not found 2024-2025
athlete_match_dda05fa80a968262,medium,possible_existing_athlete_match,Abu Saeed Rafi,MAG,2517,Saeed Rafi Abu,BAN,1.0,"BAN, BAN",,,merge as same athlete,,,,BAN: 2023 - Asian Games (2 results),BAN: 2018 - Asian Junior Championships (9 results); 2020 - Voronin Cup (7 results); 2022 - Commonwealth Games (7 results); 2022 - Islamic Solidarity Games (12 results),Abu Saeed Rafi: not found 2024-2025 | Saeed Rafi Abu: not found 2024-2025
athlete_match_a816be056439d7a8,medium,possible_existing_athlete_match,Aimy Muhammad Sharul,MAG,15582,Muhammad Sharul Aimy,MAS,1.0,"MAS, MAS",,,merge as same athlete,,,,MAS: 2023 - Asian Games (5 results),MAS: 2022 - Baku World Cup (4 results); 2022 - Cairo World Cup (6 results); 2022 - Commonwealth Games (8 results); 2022 - Southeast Asian Games (2 results),Aimy Muhammad Sharul: not found 2024-2025 | Muhammad Sharul Aimy: 2024: MAS:19 / 2025: MAS:13
athlete_match_fcbe4182afd7fe8a,medium,possible_existing_athlete_match,Al-Harith Rakan,MAG,2366,Rakan Al-Harith,QAT,1.0,"QAT, QAT",,,merge as same athlete,,,,QAT: 2023 - Baku World Cup (1 results); 2023 - Cairo World Cup (1 results); 2023 - Cottbus World Cup (1 results); 2023 - Pharaoh's Cup (2 results),QAT: 2018 - Asian Junior Championships (1 results); 2019 - Singapore Open (5 results); 2022 - Asian Championships (2 results); 2022 - Cairo World Cup (1 results); 2022 - Doha World Cup (1 results); 2022 - Gymnasiade (2 results); 2022 - Islamic Solidarity Games (2 results),Al-Harith Rakan: 2024: QAT:4 / 2025: QAT:4 | Rakan Al-Harith: 2025: QAT:4
athlete_match_dec984e2edf42bd3,medium,possible_existing_athlete_match,Chong Jer Rong,MAG,1365,Jer Rong Chong,SGP,1.0,"SGP, SGP",,,merge as same athlete,,,,SGP: 2023 - Southeast Asian Games (5 results),SGP: 2018 - Singapore Open (5 results); 2019 - Singapore Championships (5 results); 2019 - Singapore Open (2 results); 2021 - Singapore Championships (4 results); 2022 - Asian Championships (3 results); 2022 - Singapore Championships (2 results); 2022 - Singapore Open (6 results); 2022 - Southeast Asian Games (3 results),Chong Jer Rong: 2024: SGP:7 / 2025: SGP:12 | Jer Rong Chong: not found 2024-2025
athlete_match_4a7594234c05229a,medium,possible_existing_athlete_match,Enoc Rodelo,MAG,854,Rodelo Enoc,MEX,1.0,"MEX, MEX",,,merge as same athlete,,,,MEX: 2023 - Mexican Championships (5 results),MEX: 2018 - Mexican Championships (7 results); 2018 - Pacific Rim Championships (7 results); 2022 - Mexican Championships (3 results),Enoc Rodelo: not found 2024-2025 | Rodelo Enoc: not found 2024-2025
athlete_match_0460839d303a8b62,medium,possible_existing_athlete_match,Kaeson Lim,MAG,1523,Lim Kaeson,SGP,1.0,"SGP, SGP",,,merge as same athlete,,,,SGP: 2023 - Singapore Championships (5 results),SGP: 2018 - Melbourne World Cup (3 results); 2018 - Singapore Open (3 results); 2019 - Asian Championships (7 results); 2019 - Melbourne World Cup (1 results); 2019 - Singapore Championships (7 results); 2019 - Singapore Open (4 results); 2019 - Zhaoqing Challenge Cup (3 results); 2021 - Singapore Championships (2 results); 2022 - Asian Championships (4 results); 2022 - Singapore Championships (1 results); 2022 - Singapore Open (2 results),Kaeson Lim: not found 2024-2025 | Lim Kaeson: 2024: SGP:4 / 2025: SGP:5
athlete_match_88b6a6bc78577e90,medium,possible_existing_athlete_match,Kho Tong-Yu,MAG,7920,Tong-Yu Kho,SGP,1.0,"SGP, SGP",,,merge as same athlete,,,,SGP: 2023 - Southeast Asian Games (5 results),SGP: 2019 - Singapore Championships (7 results); 2019 - Singapore Open (7 results); 2021 - Singapore Championships (17 results); 2022 - Singapore Championships (11 results); 2022 - Singapore Open (11 results),Kho Tong-Yu: 2024: SGP:12 | Tong-Yu Kho: not found 2024-2025
athlete_match_c715f9780d4278f0,medium,possible_existing_athlete_match,Magomed-Girie Hashiev,MAG,12526,Hashiev Magomed-Girie,BEL,1.0,"BEL, BEL",,,merge as same athlete,,,,BEL: 2023 - Belgian Championships (5 results),BEL: 2021 - Wase Gymcup (7 results); 2022 - Wase Gymcup (7 results),Magomed-Girie Hashiev: not found 2024-2025 | Hashiev Magomed-Girie: not found 2024-2025
athlete_match_2c267d02b46f356a,medium,possible_existing_athlete_match,Punyapat Boonpatham,MAG,378,Boonpatham Punyapat,THA,1.0,"THA, THA",,,merge as same athlete,,,,THA: 2023 - Asian Championships (5 results),THA: 2018 - Asian Junior Championships (7 results); 2018 - Singapore Open (8 results),Punyapat Boonpatham: not found 2024-2025 | Boonpatham Punyapat: not found 2024-2025
athlete_match_4288b3ca902facaa,medium,possible_existing_athlete_match,Sangkheong Khumi,MAG,1594,Khumi Sangkheong,BAN,1.0,"BAN, BAN",,,merge as same athlete,,,,BAN: 2023 - Asian Games (3 results),BAN: 2018 - Asian Junior Championships (5 results); 2019 - Singapore Open (7 results),Sangkheong Khumi: not found 2024-2025 | Khumi Sangkheong: not found 2024-2025
athlete_match_069a8f9c947a68d6,medium,possible_existing_athlete_match,Suphacheep Baobenmad,MAG,328,Baobenmad Suphacheep,THA,1.0,"THA, THA",,,merge as same athlete,,,,THA: 2023 - Asian Games (5 results),THA: 2018 - Asian Junior Championships (9 results); 2018 - Singapore Open (14 results); 2021 - World Championships (7 results); 2022 - Southeast Asian Games (2 results),Suphacheep Baobenmad: 2024: THA:7 / 2025: THA:20 | Baobenmad Suphacheep: not found 2024-2025
athlete_match_aafccfd407abec8d,medium,possible_existing_athlete_match,Terry Tay Wei An,MAG,2759,Tay Wei An Terry,SGP,1.0,"SGP, SGP",,,merge as same athlete,,,,SGP: 2023 - Asian Championships (1 results); 2023 - Asian Games (1 results),SGP: 2018 - Melbourne World Cup (1 results); 2019 - Singapore Open (8 results); 2019 - Southeast Asian Games (7 results); 2022 - Commonwealth Games (4 results); 2022 - Singapore Championships (4 results); 2022 - Singapore Open (8 results); 2022 - Southeast Asian Games (2 results),Terry Tay Wei An: not found 2024-2025 | Tay Wei An Terry: not found 2024-2025
athlete_match_e7b69148c62d031f,medium,possible_existing_athlete_match,Zeno Csuka,MAG,15116,Csuka Zeno,GER,1.0,"GER, GER",,,merge as same athlete,,,,GER: 2023 - Austrian Future Cup (5 results),GER: 2022 - Austrian Future Cup (7 results),Zeno Csuka: 2024: GER:26 / 2025: GER:38 | Csuka Zeno: not found 2024-2025
athlete_match_5fe9e34397a4ae82,medium,possible_existing_athlete_match,Maria Vittoria de Virgilio,WAG,16906,Mariavittoria de Virgilio,ITA,0.98,"ITA, ITA",,,merge as same athlete,,,,ITA: 2023 - Italian Gold Championships Qualifier (1 results),ITA: 2022 - Italian Gold Championships (3 results),Maria Vittoria de Virgilio: 2024: ITA:1 | Mariavittoria de Virgilio: not found 2024-2025
athlete_match_34aed6187bc1892c,medium,possible_existing_athlete_match,Micaela Scaricaciottoli,WAG,10456,Micaela Scaricacciottoli,ARG,0.979,"ARG, ARG",,,merge as same athlete,,,,ARG: 2023 - Argentinian Championships (5 results),ARG: 2019 - Argentinian Club Championships (5 results); 2022 - Argentinian Championships (6 results),Micaela Scaricaciottoli: not found 2024-2025 | Micaela Scaricacciottoli: not found 2024-2025
athlete_match_93d48c7f8ea68e42,medium,possible_existing_athlete_match,Salsabil Hadi Pamungkas,WAG,6441,Salsabila Hadi Pamungkas,INA,0.979,"INA, INA",,,merge as same athlete,,,,INA: 2023 - Asian Championships (5 results),INA: 2018 - Asian Junior Championships (3 results),Salsabil Hadi Pamungkas: not found 2024-2025 | Salsabila Hadi Pamungkas: not found 2024-2025
athlete_match_59119d5ac1b4c602,medium,possible_existing_athlete_match,Uyanga-Undrakh Nyamdorj,WAG,11153,Ulyanga-Undrakh Nyamdorj,MGL,0.979,"MGL, MGL",,,merge as same athlete,,,,MGL: 2023 - Asian Championships (1 results),MGL: 2019 - Asian Junior Cup (1 results),Uyanga-Undrakh Nyamdorj: not found 2024-2025 | Ulyanga-Undrakh Nyamdorj: not found 2024-2025
athlete_match_ea4fa1381a0cfacd,medium,possible_existing_athlete_match,Teodor Basnes-Simonsen,MAG,15772,Teodor Barsnes-Simonsen,NOR,0.978,"NOR, NOR",,,merge as same athlete,,,,NOR: 2023 - Norwegian Junior Championships (5 results),NOR: 2022 - Norwegian Junior Championships (9 results),Teodor Basnes-Simonsen: not found 2024-2025 | Teodor Barsnes-Simonsen: 2024: NOR:46 / 2025: NOR:46
athlete_match_a51f98e3355d59e8,medium,possible_existing_athlete_match,Borna Hadzi-Veljkovic,MAG,15074,Borna Hadzi-Velijkovic,CRO,0.977,"CRO, CRO",,,merge as same athlete,,,,CRO: 2023 - Croatian Championships (5 results),CRO: 2022 - Croatian Championships (3 results),Borna Hadzi-Veljkovic: not found 2024-2025 | Borna Hadzi-Velijkovic: not found 2024-2025
athlete_match_671cdde78118ac7c,medium,possible_existing_athlete_match,Joseph Judah Hatoguan,MAG,1464,Joseph Judaah Hatoguan,INA,0.977,"INA, INA",,,merge as same athlete,,,,INA: 2023 - Doha World Cup (5 results),INA: 2018 - Singapore Open (12 results),Joseph Judah Hatoguan: 2025: INA:1 | Joseph Judaah Hatoguan: not found 2024-2025
athlete_match_736f1e7fc3969a75,medium,possible_existing_athlete_match,Tegshmurun Jamiyankhuu,MAG,8631,Tegshmurun Jamyankhuu,MGL,0.977,"MGL, MGL",,,merge as same athlete,,,,MGL: 2023 - Asian Championships (1 results),MGL: 2019 - Asian Junior Cup (10 results),Tegshmurun Jamiyankhuu: not found 2024-2025 | Tegshmurun Jamyankhuu: not found 2024-2025
athlete_match_c52ee7f7c57b3812,medium,possible_existing_athlete_match,Ally Hamuda Abdullah,MAG,7614,Hamudah Abdullah Ally,MAS,0.976,"MAS, MAS",,,merge as same athlete,,,,MAS: 2023 - Asian Championships (2 results); 2023 - Southeast Asian Games (3 results),MAS: 2019 - Singapore Open (3 results),Ally Hamuda Abdullah: 2024: MAS:6 | Hamudah Abdullah Ally: not found 2024-2025
athlete_match_251a11ad41030530,medium,possible_existing_athlete_match,Lilli Habisreutinger,WAG,5379,Lili Habisreutinger,SUI,0.974,"SUI, SUI",,,merge as same athlete,,,,SUI: 2023 - Swiss Euros Trials 1 (5 results),SUI: 2018 - Elek Matolay Memorial (13 results); 2018 - Tournoi International (5 results); 2019 - Elek Matolay Memorial (10 results); 2019 - European Youth Olympic Festival (10 results); 2019 - Sainté Gym Cup (5 results); 2019 - Swiss Junior Championships (11 results); 2019 - Swiss Team Championships (5 results); 2019 - Swiss Turnfest (5 results); 2021 - 1st Swiss Worlds Trials (5 results); 2021 - Arthur Gander Memorial (3 results); 2021 - European Championships (7 results); 2021 - Swiss Championships (7 results); 2021 - World Championships (5 results); 2022 - Austrian Team Challenge (5 results); 2022 - European Championships (7 results); 2022 - Swiss Championships (10 results); 2022 - Züri Oberland Cup (1 results),Lilli Habisreutinger: 2024: SUI:11 / 2025: SUI:9 | Lili Habisreutinger: not found 2024-2025
athlete_match_a77eeb73faaab340,medium,possible_existing_athlete_match,Nika Kukuljan Frleta,WAG,6099,Nika Kukljan Frleta,CRO,0.974,"CRO, CRO",,,merge as same athlete,,,,CRO: 2023 - Croatian Championships (5 results),CRO: 2018 - Zelena Jama Open (5 results); 2019 - Salamunov Memorial (9 results); 2019 - Stella Zakharova Cup (6 results); 2020 - Croatian Championships (7 results); 2020 - European Championships (6 results); 2022 - Croatian Championships (2 results); 2022 - European Championships (5 results); 2022 - Mersin Challenge Cup (2 results); 2022 - Szombathely Challenge Cup (2 results); 2022 - World Championships (3 results),Nika Kukuljan Frleta: 2024: CRO:25 / 2025: CRO:10 | Nika Kukljan Frleta: not found 2024-2025
athlete_match_74c0a9d2c723a5bb,medium,possible_existing_athlete_match,Justine Ace De Leon,MAG,1520,Justine Ace Deleon,PHI,0.973,"PHI, PHI",,,merge as same athlete,,,,PHI: 2023 - Philippine National Games (5 results),PHI: 2018 - Singapore Open (12 results); 2019 - Southeast Asian Games (5 results); 2019 - Toyota International (5 results); 2020 - Baku World Cup (1 results); 2022 - Asian Championships (3 results),Justine Ace De Leon: 2024: PHI:15 / 2025: PHI:10 | Justine Ace Deleon: not found 2024-2025
athlete_match_d486483cd1a1e4e5,medium,possible_existing_athlete_match,Stepan Branstetter,MAG,15756,Stepan Brandstetter,CZE,0.973,"CZE, CZE",,,merge as same athlete,,,,CZE: 2023 - Hanspeter Demetz Memorial (5 results),CZE: 2022 - Wohnen Juniors Trophy (7 results),Stepan Branstetter: not found 2024-2025 | Stepan Brandstetter: 2024: CZE:9 / 2025: CZE:11
athlete_match_0bbdbcb6100436c5,medium,possible_existing_athlete_match,Cassandra Lousalot,WAG,3875,Cassandra Loustalot,MEX,0.973,"MEX, MEX",,,merge as same athlete,,,,MEX: 2023 - Pan American Games (3 results),MEX: 2018 - Cottbus World Cup (2 results); 2018 - Mexican Championships (5 results); 2018 - Mexican Trial Meet (10 results); 2019 - Mexican Championships (5 results); 2022 - Mexican Championships (7 results); 2022 - World Championships (3 results),Cassandra Lousalot: not found 2024-2025 | Cassandra Loustalot: 2024: MEX:18 / 2025: MEX:2
athlete_match_d1ed2b95dc1e6dd5,medium,possible_existing_athlete_match,Natalie Andreassen,WAG,12066,Nathalie Andreassen,NOR,0.973,"NOR, NOR",,,merge as same athlete,,,,NOR: 2023 - Norwegian Championships (5 results),NOR: 2020 - Norwegian Junior Championships (5 results); 2021 - 2nd Norwegian FIG Meet (5 results); 2021 - Mälar Cup (5 results); 2021 - Norwegian Junior Championships (5 results); 2022 - Mälar Cup (5 results); 2022 - Unni & Haralds Trophy (3 results),Natalie Andreassen: not found 2024-2025 | Nathalie Andreassen: 2024: NOR:10 / 2025: NOR:2
athlete_match_fc7a5adb358b0ec6,medium,possible_existing_athlete_match,Sigrun Arnarsdottir,WAG,10979,Sigrun Arnardottir,ISL,0.973,"ISL, ISL",,,merge as same athlete,,,,ISL: 2023 - Icelandic Championships (5 results),ISL: 2019 - Björk International (2 results); 2019 - GK Championships (5 results); 2019 - Unni & Haralds Trophy (5 results); 2022 - GK Championships (5 results); 2022 - Mälar Cup (5 results),Sigrun Arnarsdottir: not found 2024-2025 | Sigrun Arnardottir: not found 2024-2025
athlete_match_fdc776bb939281dc,medium,possible_existing_athlete_match,Vasiliki Karantaki,WAG,17345,Vassiliki Karantaki,GRE,0.973,"GRE, GRE",,,merge as same athlete,,,,GRE: 2023 - Greek Championships (5 results),GRE: 2022 - Greek Championships (5 results); 2022 - Horizon Cup (5 results),Vasiliki Karantaki: 2024: GRE:7 | Vassiliki Karantaki: not found 2024-2025
athlete_match_8ecf26854ee7e962,medium,possible_existing_athlete_match,Victoriane Charron,WAG,6933,Victorianne Charron,CAN,0.973,"CAN, CAN",,,merge as same athlete,,,,CAN: 2023 - Junior World Championships (5 results),CAN: 2018 - Tournoi International (10 results); 2019 - Tournoi International (11 results); 2021 - Canadian Championships (14 results); 2021 - Canadian Technical Trial 1 (7 results); 2021 - Canadian Technical Trial 2 (1 results); 2021 - Elite Canada (5 results); 2022 - Canadian Championships (14 results); 2022 - Elite Canada (8 results); 2022 - International GymSport (12 results); 2022 - Pan American Championships (8 results); 2022 - Tournoi International (11 results),Victoriane Charron: 2024: CAN:11 / 2025: CAN:35 | Victorianne Charron: not found 2024-2025
athlete_match_9cf352dd2e3903ba,medium,possible_existing_athlete_match,Cristopher Juhlin,MAG,7363,Christopher Juhlin,SWE,0.971,"SWE, SWE",,,merge as same athlete,,,,SWE: 2023 - Swedish Cup (5 results),SWE: 2019 - Swedish Junior Men's Championships (7 results); 2020 - Swedish Championships (12 results); 2021 - Mälar Cup (14 results); 2021 - Swedish Championships (11 results); 2021 - Swedish Cup (9 results); 2022 - Swedish Championships (8 results),Cristopher Juhlin: 2024: SWE:9 / 2025: SWE:9 | Christopher Juhlin: 2025: SWE:12
athlete_match_e93546ae90607d22,medium,possible_existing_athlete_match,Jann Gwynn Timbang,MAG,1339,Jan Gwynn Timbang,PHI,0.971,"PHI, PHI",,,merge as same athlete,,,,PHI: 2023 - Asian Championships (3 results),PHI: 2018 - Asian Games (7 results); 2019 - Asian Championships (7 results); 2019 - Singapore Open (11 results); 2019 - Southeast Asian Games (5 results); 2020 - Baku World Cup (4 results); 2022 - Asian Championships (7 results); 2022 - Southeast Asian Games (2 results),Jann Gwynn Timbang: not found 2024-2025 | Jan Gwynn Timbang: 2024: PHI:5
athlete_match_5cccff2951f2a3b0,medium,possible_existing_athlete_match,Klaas-Jan Zwolsma,MAG,12722,Klaas-Jan Zwolsman,NED,0.971,"NED, NED",,,merge as same athlete,,,,NED: 2023 - Dutch Championships (5 results),NED: 2021 - Wase Gymcup (4 results); 2022 - Wase Gymcup (3 results),Klaas-Jan Zwolsma: not found 2024-2025 | Klaas-Jan Zwolsman: 2024: NED:13 / 2025: NED:24
athlete_match_dcfa545d80d2c40f,medium,possible_existing_athlete_match,Lennert Depoorter,MAG,7995,Lennert Depoortere,BEL,0.971,"BEL, BEL",,,merge as same athlete,,,,BEL: 2023 - Wase Gymcup (4 results),BEL: 2021 - Wase Gymcup (5 results) | NED: 2019 - Wase Gymcup (7 results),Lennert Depoorter: 2024: BEL:5 | Lennert Depoortere: not found 2024-2025
athlete_match_9685654d1b017c6f,medium,possible_existing_athlete_match,Maksim Parfeyevets,MAG,15500,Maksim Parfeevets,BLR,0.971,"BLR, BLR",,,merge as same athlete,,,,BLR: 2023 - Belarus Open Cup (5 results),BLR: 2022 - Mogilev Friendly (7 results),Maksim Parfeyevets: not found 2024-2025 | Maksim Parfeevets: not found 2024-2025
athlete_match_a470d6e56e8227a8,medium,possible_existing_athlete_match,Michelel Maiellaro,MAG,8173,Michele Maiellaro,ITA,0.971,"ITA, ITA",,,merge as same athlete,,,,ITA: 2023 - 2nd Italian Serie A (3 results),ITA: 2019 - 2nd Italian Serie A (1 results); 2021 - 1st Italian Serie A (1 results); 2022 - 1st Italian Serie A (2 results); 2022 - 2nd Italian Serie A (2 results); 2022 - 3rd Italian Serie A (2 results),Michelel Maiellaro: not found 2024-2025 | Michele Maiellaro: 2024: ITA:6 / 2025: ITA:6
athlete_match_c4c5002db532bb1e,medium,possible_existing_athlete_match,Nikita Kolesnikov,MAG,2158,Nikita Kolyesnikov,RUS,0.971,"RUS, RUS",,,merge as same athlete,,,,RUS: 2023 - Russian Championships (5 results),RUS: 2018 - Russian Junior Championships (7 results); 2019 - Russian Junior Championships (14 results); 2022 - Russian Championships (7 results); 2022 - Spartakiade (7 results),Nikita Kolesnikov: 2024: RUS:7 / 2025: RUS:21 | Nikita Kolyesnikov: not found 2024-2025
athlete_match_c3c22c9a6c53ff93,medium,possible_existing_athlete_match,Pedro Moltke-Leth,MAG,2308,Pedro Molthke-Leth,DEN,0.971,"DEN, DEN",,,merge as same athlete,,,,DEN: 2023 - Northern European Championships (5 results),DEN: 2020 - Danish Championships (10 results); 2021 - Danish Championships (10 results); 2022 - Danish Championships (12 results); 2022 - Northern European Championships (7 results) | MEX: 2018 - Mexican Championships (7 results),Pedro Moltke-Leth: not found 2024-2025 | Pedro Molthke-Leth: not found 2024-2025
athlete_match_2b53ace1c890e9cf,medium,possible_existing_athlete_match,Victor Tournicourt,MAG,13246,Victor Tounicourt,BEL,0.971,"BEL, BEL",,,merge as same athlete,,,,BEL: 2023 - Wase Gymcup (5 results),BEL: 2021 - Wase Gymcup (6 results); 2022 - Belgian Championships (7 results); 2022 - DTB Pokal Team Challenge (4 results); 2022 - European Championships (3 results); 2022 - International Junior Team Cup (10 results); 2022 - Swiss Cup Juniors (4 results); 2022 - Wase Gymcup (8 results),Victor Tournicourt: 2024: BEL:15 / 2025: BEL:1 | Victor Tounicourt: not found 2024-2025
athlete_match_152a1024c0dde5b9,medium,possible_existing_athlete_match,Vsyevolod Korotkov,MAG,13256,Vsevolod Korotkov,RUS,0.971,"RUS, RUS",,,merge as same athlete,,,,RUS: 2023 - Minsk Friendly (5 results),RUS: 2021 - Russian Youth Spartakiade (17 results); 2022 - Russian Championships (14 results); 2022 - Voronin Cup (7 results),Vsyevolod Korotkov: not found 2024-2025 | Vsevolod Korotkov: 2024: RUS:18
athlete_match_907b3d6deda55bd3,medium,possible_existing_athlete_match,Foteini Georgiadou,WAG,9587,Fotini Georgiadou,GRE,0.971,"GRE, GRE",,,merge as same athlete,,,,GRE: 2023 - Greek Championships (2 results),GRE: 2019 - Horizon Cup (5 results); 2022 - Greek Championships (6 results),Foteini Georgiadou: 2024: GRE:3 | Fotini Georgiadou: not found 2024-2025
athlete_match_8d7f1d2197658d74,medium,possible_existing_athlete_match,Helna Helgadottir,WAG,16510,Helena Helgadottir,ISL,0.971,"ISL, ISL",,,merge as same athlete,,,,ISL: 2023 - Icelandic Fall Championships (2 results),ISL: 2022 - GK Championships (7 results); 2022 - Icelandic Championships (7 results); 2022 - Icelandic Classic (7 results),Helna Helgadottir: not found 2024-2025 | Helena Helgadottir: not found 2024-2025
athlete_match_c70346ada85e0efc,medium,possible_existing_athlete_match,Philippa Busuttil,WAG,10722,Phillippa Busuttil,MLT,0.971,"MLT, MLT",,,merge as same athlete,,,,MLT: 2023 - Mediterranean Championships (5 results),MLT: 2019 - Tiger Cup (5 results); 2021 - Gymstars International (1 results); 2022 - COMEGYM Championships (10 results); 2022 - European Championships (7 results); 2022 - European Youth Olympic Festival (7 results); 2022 - GymStars International (7 results); 2022 - Malta Championships (7 results); 2022 - Tournoi International (7 results),Philippa Busuttil: 2024: MLT:15 / 2025: MLT:30 | Phillippa Busuttil: not found 2024-2025
athlete_match_57c399e2c25765e4,medium,possible_existing_athlete_match,Denis Brusenskiy,MAG,686,Denis Brusyenskiy,RUS,0.97,"RUS, RUS",,,merge as same athlete,,,,RUS: 2023 - Russian Championships (3 results),RUS: 2018 - Russian Junior Championships (14 results); 2020 - Russian Championships (16 results),Denis Brusenskiy: 2024: RUS:14 / 2025: RUS:41 | Denis Brusyenskiy: not found 2024-2025
athlete_match_be41cd666a571470,medium,possible_existing_athlete_match,Matthias Philippe,MAG,1931,Mathias Philippe,FRA,0.97,"FRA, FRA",,,merge as same athlete,,,,FRA: 2023 - Top 12 Series 5 (1 results),FRA: 2018 - French Championships (9 results); 2018 - Koper Challenge Cup (6 results); 2019 - French Championships (6 results); 2021 - Bundesliga Finals (4 results); 2021 - European Championships (7 results); 2021 - French Championships (14 results); 2021 - Varna Challenge Cup (3 results); 2022 - Cottbus World Cup (5 results); 2022 - DTB Pokal Team Challenge (5 results); 2022 - Mediterranean Games (17 results); 2022 - Paris Challenge Cup (4 results); 2022 - Varna Challenge Cup (3 results); 2022 - World Championships (4 results); 2023 - Top 12 Series 1 (2023) (3 results); 2023 - Top 12 Series 2 (2023) (3 results),Matthias Philippe: not found 2024-2025 | Mathias Philippe: 2024: FRA:12
athlete_match_d8ba9d7c54ae9677,medium,possible_existing_athlete_match,Vitaly Guimaraes,MAG,2934,Vitaliy Guimaraes,USA,0.97,"USA, USA",,,merge as same athlete,,,,USA: 2023 - Houston National Invitational (5 results),USA: 2018 - U.S. Championships (14 results); 2019 - Winter Cup Challenge (10 results); 2021 - Pan American Championships (7 results); 2021 - U.S. Olympic Trials (14 results); 2021 - Winter Cup (13 results); 2022 - DTB Pokal Team Challenge (4 results); 2022 - Winter Cup (7 results),Vitaly Guimaraes: 2024: USA:11 | Vitaliy Guimaraes: 2024: BRA:16 / 2025: BRA:28
athlete_match_09375acf79f05c38,medium,possible_existing_athlete_match,Vladislav Shikov,MAG,2954,Vladislav Shilkov,RUS,0.97,"RUS, RUS",,,merge as same athlete,,,,RUS: 2023 - Russian Championships (5 results),RUS: 2018 - Russian Junior Championships (14 results); 2022 - Russian Championships (7 results); 2022 - Spartakiade (7 results),Vladislav Shikov: not found 2024-2025 | Vladislav Shilkov: 2024: RUS:9
athlete_match_027dbb3ebc66b165,medium,possible_existing_athlete_match,Almog Leizerovich,WAG,13416,Almog Leizrovich,ISR,0.97,"ISR, ISR",,,merge as same athlete,,,,ISR: 2023 - Rising Stars Trophy (5 results),ISR: 2021 - Israeli Championships (7 results); 2021 - Israeli Winter Cup (7 results); 2022 - European Championships (5 results); 2022 - European Youth Olympic Festival (7 results); 2022 - Israeli Championships (7 results),Almog Leizerovich: 2024: ISR:22 / 2025: ISR:11 | Almog Leizrovich: not found 2024-2025
athlete_match_27b2cb1b819fe617,medium,possible_existing_athlete_match,Gabriely Messias,WAG,9610,Gabrielly Messias,BRA,0.97,"BRA, BRA",,,merge as same athlete,,,,BRA: 2023 - Brazilian Championships (5 results),BRA: 2019 - Brazilian Event Championships (1 results); 2022 - Brazilian Junior Championships (7 results),Gabriely Messias: not found 2024-2025 | Gabrielly Messias: not found 2024-2025
athlete_match_f8a603dfe2b422c4,medium,possible_existing_athlete_match,Gracja Dobrzanka,WAG,16482,Gracja Dobrzanska,POL,0.97,"POL, POL",,,merge as same athlete,,,,POL: 2023 - Rising Stars Trophy (5 results),POL: 2022 - Polish Championships (5 results),Gracja Dobrzanka: not found 2024-2025 | Gracja Dobrzanska: 2024: POL:38 / 2025: POL:19
athlete_match_9d5ab8866732baf9,medium,possible_existing_athlete_match,Magalena Grygiel,WAG,10262,Magdalena Grygiel,POL,0.97,"POL, POL",,,merge as same athlete,,,,POL: 2023 - RomGym Trophy (5 results),POL: 2019 - Barborka Cup (5 results); 2021 - Gym Festival Trnava (7 results); 2021 - Olympic Hopes Cup (6 results); 2021 - Polish Junior Cup (5 results); 2022 - Elek Matolay Memorial (8 results); 2022 - European Championships (7 results); 2022 - European Youth Olympic Festival (7 results); 2022 - Polish Championships (12 results); 2022 - Salamunov Memorial (11 results); 2022 - Vera Caslavska Grand Prix (6 results); 2022 - Zelena Jama Open (5 results),Magalena Grygiel: not found 2024-2025 | Magdalena Grygiel: 2025: POL:3
athlete_match_1c6689a6f511b5ef,medium,possible_existing_athlete_match,Mikhaela Delcheva,WAG,16976,Mihaela Delcheva,BUL,0.97,"BUL, BUL",,,merge as same athlete,,,,BUL: 2023 - Bulgarian Championships (5 results),BUL: 2022 - Horizon Cup (5 results),Mikhaela Delcheva: not found 2024-2025 | Mihaela Delcheva: 2024: BUL:7
athlete_match_3b3af1dd51ff7289,medium,possible_existing_athlete_match,Sirine Abouelhoda,WAG,14711,Sirine Aboulhoda,EGY,0.97,"EGY, EGY",,,merge as same athlete,,,,EGY: 2023 - Junior World Championships (5 results),EGY: 2021 - Tournoi International (5 results); 2022 - African Championships (11 results),Sirine Abouelhoda: 2024: EGY:5 / 2025: EGY:8 | Sirine Aboulhoda: not found 2024-2025
athlete_match_4218e8b3708c41af,medium,possible_existing_athlete_match,Ahmed Elmaraghy,MAG,60,Ahmed El Maraghy,EGY,0.968,"EGY, EGY",,,merge as same athlete,,,,EGY: 2023 - Pharaoh's Cup (2 results); 2023 - RomGym Trophy (3 results),EGY: 2018 - African Championships (16 results); 2018 - Mediterranean Games (19 results); 2018 - Osijek Challenge Cup (4 results); 2018 - Stella Zakharova Cup (15 results); 2018 - Szombathely Challenge Cup (2 results); 2019 - Cottbus World Cup (3 results); 2019 - Larisa Latynina Cup (12 results); 2022 - Cairo World Cup (2 results); 2022 - Mediterranean Games (2 results); 2022 - Paris Challenge Cup (2 results); 2022 - Romanian Championships (2 results),Ahmed Elmaraghy: 2024: EGY:6 / 2025: EGY:5 | Ahmed El Maraghy: not found 2024-2025
athlete_match_3a85fd01bee08fe6,medium,possible_existing_athlete_match,David Johannsson,MAG,11403,David Johansson,ISL,0.968,"ISL, ISL",,,merge as same athlete,,,,ISL: 2023 - GK Championships (5 results),ISL: 2020 - Icelandic Team Championships (7 results); 2021 - GK Championships (9 results); 2021 - Icelandic Championships (15 results); 2021 - Icelandic Team Championships (7 results); 2021 - Nordic Junior Championships (9 results); 2022 - Icelandic Championships (16 results); 2022 - Nordic Championships (7 results),David Johannsson: 2024: ISL:15 | David Johansson: not found 2024-2025
athlete_match_88485b385167243e,medium,possible_existing_athlete_match,Petar Velikovic,MAG,2318,Petar Velickovic,SRB,0.968,"SRB, SRB",,,merge as same athlete,,,,SRB: 2023 - Szombathely Challenge Cup (1 results),SRB: 2018 - Osijek Challenge Cup (2 results); 2018 - World Championships (4 results); 2020 - Szombathely Challenge Cup (1 results); 2021 - Koper Challenge Cup (1 results); 2021 - Osijek Challenge Cup (1 results); 2021 - Varna Challenge Cup (2 results); 2022 - Koper Challenge Cup (1 results); 2022 - Osijek Challenge Cup (1 results); 2022 - Szombathely Challenge Cup (2 results),Petar Velikovic: not found 2024-2025 | Petar Velickovic: 2024: SRB:5
athlete_match_8e19caf3ea92093e,medium,possible_existing_athlete_match,Shoma Tsukiyama,MAG,8509,Shouma Tsukiyama,JPN,0.968,"JPN, JPN",,,merge as same athlete,,,,JPN: 2023 - All-Japan Championships (5 results),JPN: 2019 - All-Japan Junior Championships (7 results); 2021 - All-Japan Championships (8 results); 2021 - All-Japan Event Championships (2 results); 2021 - All-Japan Junior Championships (7 results); 2021 - All-Japan Team Championships (2 results); 2022 - All-Japan Championships (2 results); 2022 - All-Japan Event Championships (1 results); 2022 - All-Japan Team Championships (3 results); 2022 - NHK Trophy (1 results),Shoma Tsukiyama: 2024: JPN:9 / 2025: JPN:38 | Shouma Tsukiyama: not found 2024-2025
athlete_match_a5f7ff8e577caa36,medium,possible_existing_athlete_match,Sofus Møllegaard,MAG,2677,Sofus Møllgaard,DEN,0.968,"DEN, DEN",,,merge as same athlete,,,,DEN: 2023 - RomGym Trophy (5 results),DEN: 2018 - Danish Championships (7 results); 2018 - Nordic Championships (7 results); 2019 - Nordic Junior Championships (7 results); 2020 - Danish Championships (10 results); 2021 - Danish Championships (9 results); 2021 - Danish Team Championships (7 results); 2021 - Danish Team Championships Qualifier (7 results); 2021 - Northern European Championships (7 results); 2022 - International GymSport (4 results); 2022 - Northern European Championships (7 results),Sofus Møllegaard: not found 2024-2025 | Sofus Møllgaard: 2024: DEN:26 / 2025: DEN:34
athlete_match_7fd2a901591676fc,medium,possible_existing_athlete_match,Stanislav Isaev,MAG,2690,Stanislav Isayev,RUS,0.968,"RUS, RUS",,,merge as same athlete,,,,RUS: 2023 - Russian Championships (5 results),RUS: 2018 - Russian Championships (14 results); 2022 - Russian Championships (14 results); 2022 - Russian Cup (15 results); 2022 - Spartakiade (1 results),Stanislav Isaev: 2025: RUS:28 | Stanislav Isayev: 2024: RUS:21
athlete_match_3f020370a83fd858,medium,possible_existing_athlete_match,Anastassia Pascu,WAG,3472,Anastasia Pascu,SUI,0.968,"SUI, SUI",,,merge as same athlete,,,,SUI: 2023 - Swiss Team Championships (3 results),SUI: 2018 - European Championships (2 results); 2018 - Pieve di Soligo Friendly (5 results); 2018 - Romanian Championships (8 results); 2018 - Swiss Junior Championships (8 results); 2019 - 3rd Bundesliga (5 results); 2019 - 4th Bundesliga (5 results); 2019 - Pre-Olympic Youth Cup (5 results); 2019 - Swiss Championships (5 results); 2019 - Swiss Junior Championships (3 results); 2019 - Swiss Team Championships (5 results); 2019 - Swiss Turnfest (5 results); 2021 - 1st Swiss Worlds Trials (1 results); 2022 - DTB Pokal Team Challenge (2 results); 2022 - Swiss Championships (2 results); 2022 - Züri Oberland Cup (1 results),Anastassia Pascu: 2024: SUI:26 / 2025: SUI:14 | Anastasia Pascu: not found 2024-2025
athlete_match_7ebe0486e0bc9ff2,medium,possible_existing_athlete_match,Anna Lashchevska,WAG,11725,Anna Laschevska,UKR,0.968,"UKR, UKR",,,merge as same athlete,,,,UKR: 2023 - World Championships (5 results),UKR: 2020 - Ukrainian Youth Championships (5 results); 2022 - 1st Bundesliga (5 results); 2022 - 2nd Bundesliga (1 results); 2022 - EYOF Mixed Pairs (3 results); 2022 - European Championships (7 results); 2022 - European Youth Olympic Festival (7 results); 2022 - German Junior Championships (6 results); 2022 - Top 12 Finals (3 results),Anna Lashchevska: 2024: UKR:27 / 2025: UKR:3 | Anna Laschevska: not found 2024-2025
athlete_match_c254536e2c103259,medium,possible_existing_athlete_match,Petra Suchakova,WAG,14604,Petra Suchankova,CZE,0.968,"CZE, CZE",,,merge as same athlete,,,,CZE: 2023 - Czech Championships (5 results),CZE: 2021 - Czech Team Championships (5 results); 2022 - Czech Championships (7 results); 2022 - Elek Matolay Memorial (8 results); 2022 - Gym Festival Trnava (11 results); 2022 - Hanspeter Demetz Memorial (5 results); 2022 - Vera Caslavska Grand Prix (5 results),Petra Suchakova: not found 2024-2025 | Petra Suchankova: not found 2024-2025
athlete_match_997b7b1db902dc3d,medium,possible_existing_athlete_match,Rachel McMaster,WAG,6301,Rachael McMaster,IRL,0.968,"IRL, IRL",,,merge as same athlete,,,,IRL: 2023 - Northern European Championships (5 results),IRL: 2018 - Irish Championships (5 results); 2019 - British Team Championships (2 results); 2019 - Irish Championships (5 results); 2019 - Irish Team Championships (3 results); 2019 - Reykjavik International Games (5 results); 2019 - Rushmoor Rose Bowl (5 results),Rachel McMaster: 2024: IRL:15 | Rachael McMaster: 2025: IRL:15
athlete_match_351c978c52bd995f,medium,possible_existing_athlete_match,Yulia Nikolaeva,WAG,7070,Yulia Nikolayeva,RUS,0.968,"RUS, RUS",,,merge as same athlete,,,,RUS: 2023 - Russian Championships (5 results),RUS: 2018 - Russian Junior Championships (15 results); 2018 - Voronin Cup (5 results); 2019 - Russian Junior Championships (12 results); 2022 - Russian Championships (10 results); 2022 - Spartakiade (5 results),Yulia Nikolaeva: 2024: RUS:21 / 2025: RUS:16 | Yulia Nikolayeva: not found 2024-2025
athlete_match_2332a345356d2175,medium,possible_existing_athlete_match,Antton Villonen,MAG,12295,Anton Villonen,FIN,0.966,"FIN, FIN",,,merge as same athlete,,,,FIN: 2023 - Nordic Junior Championships (5 results),FIN: 2021 - Finnish Championships (7 results); 2022 - Finnish Championships (9 results),Antton Villonen: 2024: FIN:5 / 2025: FIN:15 | Anton Villonen: 2025: FIN:1
athlete_match_b0f4b4664d894bb6,high,possible_existing_athlete_match,Daivid Martelli,MAG,650,David Martelli,IRL,0.966,"GBR, IRL",,,merge as same athlete,canonical country,IRL,,GBR: 2023 - Welsh Championships (2 results),IRL: 2018 - Irish Championships (3 results); 2019 - Irish Championships (5 results); 2019 - Reykjavik International Games (5 results); 2021 - British Championships (2 results); 2022 - English Championships (2 results); 2022 - Welsh Championships (2 results),Daivid Martelli: not found 2024-2025 | David Martelli: 2024: IRL:1 / 2025: IRL:1
athlete_match_b8d1ee562bb6961f,medium,possible_existing_athlete_match,Edward Gonzales,MAG,807,Edwar Gonzales,PER,0.966,"PER, PER",,,merge as same athlete,,,,PER: 2023 - Pan American Games (5 results),PER: 2018 - South American Junior Championships (11 results); 2021 - Junior Pan American Championships (9 results); 2021 - Junior Pan American Games (12 results); 2022 - Bolivarian Games (16 results); 2022 - Pan American Championships (7 results); 2022 - South American Games (14 results); 2022 - World Championships (7 results),Edward Gonzales: not found 2024-2025 | Edwar Gonzales: not found 2024-2025
athlete_match_1c47f62649ece757,medium,possible_existing_athlete_match,Ignat Gorobets,MAG,1195,Ignat Gorobyets,RUS,0.966,"RUS, RUS",,,merge as same athlete,,,,RUS: 2023 - Russian Championships (5 results),RUS: 2018 - Russian Junior Championships (14 results); 2021 - Russian Championships (7 results); 2022 - Russian Championships (7 results); 2022 - Spartakiade (7 results),Ignat Gorobets: 2024: RUS:7 / 2025: RUS:7 | Ignat Gorobyets: not found 2024-2025
athlete_match_24b8a8dffa015baa,medium,possible_existing_athlete_match,Igor Grunichev,MAG,1196,Igor Grunichyev,RUS,0.966,"RUS, RUS",,,merge as same athlete,,,,RUS: 2023 - Russian Championships (5 results),RUS: 2018 - Russian Junior Championships (16 results); 2019 - Russian Junior Championships (16 results); 2020 - Russian Championships (18 results); 2022 - Russian Championships (7 results); 2022 - Spartakiade (7 results),Igor Grunichev: 2024: RUS:7 | Igor Grunichyev: not found 2024-2025
athlete_match_43eb4babfc47c970,medium,possible_existing_athlete_match,Janis Aergerter,MAG,7768,Janis Aegerter,SUI,0.966,"SUI, SUI",,,merge as same athlete,,,,SUI: 2023 - Swiss Junior Championships (4 results),SUI: 2019 - Swiss Team Championships (4 results); 2022 - Swiss Championships (4 results),Janis Aergerter: not found 2024-2025 | Janis Aegerter: 2024: SUI:7 / 2025: SUI:4
athlete_match_89efd0f3b7edbf9a,medium,possible_existing_athlete_match,Leo Blumenberg,MAG,1681,Leo Blumnenberg,SWE,0.966,"SWE, SWE",,,merge as same athlete,,,,SWE: 2023 - Mälar Cup (2 results); 2023 - Swedish Championships (1 results); 2023 - Swedish Cup (2 results),SWE: 2018 - Swedish Championships (13 results); 2019 - Mälar Cup (4 results); 2019 - Swedish Championships (9 results); 2020 - Swedish Championships (7 results); 2021 - Mälar Cup (4 results); 2021 - Swedish Championships (3 results); 2022 - Mälar Cup (4 results),Leo Blumenberg: 2025: SWE:2 | Leo Blumnenberg: not found 2024-2025
athlete_match_1b29f068d28eb8c1,medium,possible_existing_athlete_match,Levi Kauppinen,MAG,15432,Leevi Kauppinen,FIN,0.966,"FIN, FIN",,,merge as same athlete,,,,FIN: 2023 - Mälar Cup (5 results),FIN: 2022 - Finnish Championships (4 results); 2022 - Mälar Cup (9 results),Levi Kauppinen: not found 2024-2025 | Leevi Kauppinen: 2024: FIN:2 / 2025: FIN:6
athlete_match_21252d608d31ee3f,medium,possible_existing_athlete_match,Shreyas Mandlik,MAG,8512,Shreyas Mandik,IND,0.966,"IND, IND",,,merge as same athlete,,,,IND: 2023 - Singapore Open (5 results),IND: 2019 - Indian Championships (9 results),Shreyas Mandlik: not found 2024-2025 | Shreyas Mandik: not found 2024-2025
athlete_match_c2a0fca4fe25d70a,medium,possible_existing_athlete_match,Simon Vlaeminck,MAG,13132,Simon Vlaemick,BEL,0.966,"BEL, BEL",,,merge as same athlete,,,,BEL: 2023 - Wase Gymcup (3 results),BEL: 2021 - Wase Gymcup (5 results); 2022 - Wase Gymcup (2 results),Simon Vlaeminck: 2024: BEL:3 | Simon Vlaemick: not found 2024-2025
athlete_match_921aa1d9ec016e9d,medium,possible_existing_athlete_match,Stefan Karasson,MAG,13150,Stefan Karason,ISL,0.966,"ISL, ISL",,,merge as same athlete,,,,ISL: 2023 - Mälar Cup (5 results),ISL: 2021 - Mälar Cup (7 results); 2022 - Icelandic Championships (11 results); 2022 - International Junior Team Cup (7 results),Stefan Karasson: not found 2024-2025 | Stefan Karason: 2024: ISL:33 / 2025: ISL:13
athlete_match_3362041127cbb080,medium,possible_existing_athlete_match,Ariadna Piella,WAG,13539,Ariadna Piellas,ESP,0.966,"ESP, ESP",,,merge as same athlete,,,,ESP: 2024 - 1st Spanish League (2024 season) (5 results),ESP: 2021 - 3rd Spanish League (3 results); 2022 - 1st Spanish League (3 results); 2022 - 2nd Spanish League (5 results); 2022 - 3rd Spanish League (5 results); 2023 - 1st Spanish League 2023 (5 results),Ariadna Piella: 2024: ESP:12 / 2025: ESP:5 | Ariadna Piellas: not found 2024-2025
athlete_match_331867be2c28e647,medium,possible_existing_athlete_match,Daira Lamadrid,WAG,4046,Daira la Madrid,COL,0.966,"COL, COL",,,merge as same athlete,,,,COL: 2023 - 2nd Colombian Championships (5 results),COL: 2018 - Colombian Championships (9 results); 2019 - Colombian Championships (6 results); 2019 - South American Junior Championships (1 results); 2021 - Colombia Control Meet (7 results); 2021 - Junior Pan American Games (7 results); 2022 - Bolivarian Games (7 results); 2022 - Pan American Championships (7 results); 2022 - South American Games (6 results),Daira Lamadrid: 2024: COL:22 / 2025: COL:20 | Daira la Madrid: not found 2024-2025
athlete_match_dbb14b80736446b9,medium,possible_existing_athlete_match,Isabela Correa,WAG,16559,Isabella Correa,COL,0.966,"COL, COL",,,merge as same athlete,,,,COL: 2023 - Colombian Championships (5 results),COL: 2022 - Pan American Championships (5 results),Isabela Correa: not found 2024-2025 | Isabella Correa: not found 2024-2025
athlete_match_beb730bb3910e435,medium,possible_existing_athlete_match,Johane Barlund,WAG,16608,Johanne Barlund,NOR,0.966,"NOR, NOR",,,merge as same athlete,,,,NOR: 2023 - Norwegian Championships (5 results),NOR: 2022 - Norwegian Championships (5 results); 2022 - Unni & Haralds Trophy (5 results),Johane Barlund: not found 2024-2025 | Johanne Barlund: not found 2024-2025
athlete_match_2d809403866c2d55,medium,possible_existing_athlete_match,Leila Vasilieva,WAG,11950,Leila Vasileva,RUS,0.966,"RUS, RUS",,,merge as same athlete,,,,RUS: 2023 - Russian Cup (5 results),RUS: 2020 - Voronin Cup (8 results); 2021 - Russian Junior Championships (13 results); 2021 - Russian Youth Spartakiade (13 results); 2022 - Russian Championships (15 results),Leila Vasilieva: 2024: RUS:29 / 2025: RUS:40 | Leila Vasileva: not found 2024-2025
athlete_match_096c9e1dcece7494,medium,possible_existing_athlete_match,Lyelle Mesdagh,WAG,14295,Lyelle Mestdagh,BEL,0.966,"BEL, BEL",,,merge as same athlete,,,,BEL: 2023 - Gymnova Cup (5 results),BEL: 2021 - Top Gym Tournament (1 results); 2022 - Gymnova Cup (5 results); 2022 - Top Gym Tournament (6 results),Lyelle Mesdagh: not found 2024-2025 | Lyelle Mestdagh: 2024: BEL:11 / 2025: BEL:2
athlete_match_ab3f94ca4cb2ef20,medium,possible_existing_athlete_match,Marcela Cercea,WAG,16865,Marcela Cerecea,ROU,0.966,"ROU, ROU",,,merge as same athlete,,,,ROU: 2023 - Balkan Championships (5 results),ROU: 2022 - Balkan Championships (6 results); 2022 - Romanian Championships (8 results); 2022 - Romanian Junior Championships (5 results),Marcela Cercea: 2024: ROU:2 | Marcela Cerecea: not found 2024-2025
athlete_match_3f9db07e5613c7f6,medium,possible_existing_athlete_match,Marija Smirnova,WAG,14367,Maria Smirnova,LAT,0.966,"LAT, LAT",,,merge as same athlete,,,,LAT: 2023 - Latvian Championships (5 results),LAT: 2022 - European Championships (5 results); 2022 - Latvian Championships (5 results); 2022 - Latvian Cup (8 results); 2022 - Vera Caslavska Grand Prix (7 results) | RUS: 2021 - Russian Junior Championships (10 results); 2021 - Russian Youth Spartakiade (10 results); 2022 - Russian Championships (10 results),Marija Smirnova: not found 2024-2025 | Maria Smirnova: not found 2024-2025
athlete_match_fc2d2919624d87af,medium,possible_existing_athlete_match,Pleun Beurskens,WAG,17120,Pleun Beursken,NED,0.966,"NED, NED",,,merge as same athlete,,,,NED: 2023 - Dutch Championships (5 results),NED: 2022 - Michel Wanten Cup (5 results),Pleun Beurskens: 2024: NED:16 / 2025: NED:5 | Pleun Beursken: not found 2024-2025
athlete_match_d66063bd371c74fd,medium,possible_existing_athlete_match,Rinne Sakatani,WAG,6370,Rin'ne Sakatani,JPN,0.966,"JPN, JPN",,,merge as same athlete,,,,JPN: 2023 - All-Japan Championships (5 results),JPN: 2018 - All-Japan Team Championships (3 results); 2019 - All-Japan Championships (5 results); 2019 - All-Japan Junior Championships (5 results); 2019 - All-Japan Team Championships (3 results); 2019 - City of Jesolo Trophy (7 results); 2020 - All-Japan Championships (5 results); 2021 - All-Japan Championships (5 results); 2021 - All-Japan Student Championships (5 results); 2021 - All-Japan Team Championships (3 results); 2022 - All-Japan Championships (5 results); 2022 - All-Japan Event Championships (6 results),Rinne Sakatani: 2024: JPN:5 | Rin'ne Sakatani: not found 2024-2025
athlete_match_3453a02a47338058,medium,possible_existing_athlete_match,Vitalija Pakhno,WAG,6962,Vitalia Pakhno,POL,0.966,"POL, POL",,,merge as same athlete,,,,POL: 2023 - Polish Championships (5 results),POL: 2020 - Polish Championships (13 results); 2021 - Polish Championships (11 results); 2021 - Polish Senior Cup (5 results); 2022 - Polish Championships (13 results); 2022 - Salamunov Memorial (6 results) | UKR: 2018 - Ukraine Cup (5 results),Vitalija Pakhno: 2025: POL:4 | Vitalia Pakhno: not found 2024-2025
athlete_match_9e849848a272a872,medium,possible_existing_athlete_match,Alessio Corda,MAG,7213,Allessio Corda,BEL,0.963,"BEL, BEL",,,merge as same athlete,,,,BEL: 2023 - Belgian Championships (5 results),BEL: 2019 - Wase Gymcup (7 results); 2021 - Wase Gymcup (4 results); 2022 - Belgian Championships (5 results); 2022 - Wase Gymcup (1 results),Alessio Corda: 2024: BEL:13 / 2025: BEL:18 | Allessio Corda: not found 2024-2025
athlete_match_ccd01275ac45790d,medium,possible_existing_athlete_match,Danil Novikov,MAG,12414,Daniil Novikov,RUS,0.963,"RUS, RUS",,,merge as same athlete,,,,RUS: 2023 - Russian Cup (5 results),RUS: 2021 - Russian Youth Spartakiade (18 results); 2022 - Mogilev Friendly (7 results); 2022 - Russian Championships (21 results); 2022 - Spartakiade (15 results); 2022 - Voronin Cup (9 results),Danil Novikov: not found 2024-2025 | Daniil Novikov: 2024: RUS:16 / 2025: RUS:28
athlete_match_54ca5d1f5d467ba9,medium,possible_existing_athlete_match,Gabriel Solar,MAG,15249,Gabrijel Solar,CRO,0.963,"CRO, CRO",,,merge as same athlete,,,,CRO: 2023 - Balkan Championships (1 results),CRO: 2022 - Balkan Championships (2 results),Gabriel Solar: 2024: CRO:7 / 2025: CRO:10 | Gabrijel Solar: not found 2024-2025
athlete_match_05f06378aeea7325,medium,possible_existing_athlete_match,Ibrahiim Colak,MAG,1188,Ibrahim Colak,TUR,0.963,"TUR, TUR",,,merge as same athlete,,,,TUR: 2023 - Doha World Cup (1 results),TUR: 2018 - Baku World Cup (2 results); 2018 - Cottbus World Cup (2 results); 2018 - Doha World Cup (2 results); 2018 - European Championships (5 results); 2018 - Koper Challenge Cup (4 results); 2018 - Mediterranean Games (3 results); 2018 - Mersin Challenge Cup (2 results); 2018 - Osijek Challenge Cup (3 results); 2018 - Paris Challenge Cup (3 results); 2018 - Turkish Championships (3 results); 2018 - World Championships (4 results); 2019 - Baku World Cup (2 results); 2019 - Doha World Cup (2 results); 2019 - European Championships (1 results); 2019 - European Games (3 results); 2019 - Heerenveen Men's Friendly (3 results); 2019 - Mersin Challenge Cup (2 results); 2019 - Summer Universiade (3 results); 2019 - Turkish Championships (2 results); 2019 - World Championships (4 results); 2020 - European Championships (7 results); 2021 - Doha World Cup (2 results); 2021 - European Championships (2 results); 2021 - Olympic Games (2 results); 2021 - Osijek Challenge Cup (2 results); 2021 - Turkish Championships (2 results); 2021 - Turkish Team Championships (4 results); 2021 - World Championships (2 results); 2022 - Baku World Cup (2 results); 2022 - Cairo World Cup (3 results); 2022 - Cottbus World Cup (2 results); 2022 - Mediterranean Games (3 results); 2022 - Mersin Challenge Cup (2 results); 2022 - Osijek Challenge Cup (2 results); 2022 - Turkish Championships (4 results),Ibrahiim Colak: not found 2024-2025 | Ibrahim Colak: 2024: TUR:20 / 2025: TUR:10
athlete_match_9f64352e88310a4f,medium,possible_existing_athlete_match,Ildar Yuskaev,MAG,1205,Ildar Yuskayev,RUS,0.963,"RUS, RUS",,,merge as same athlete,,,,RUS: 2023 - Russian Championships (5 results),RUS: 2018 - Dityatin Cup (1 results); 2018 - Russian Championships (22 results); 2019 - Russian Cup (2 results); 2020 - Russian Championships (15 results); 2020 - Voronin Cup (3 results); 2021 - Russian Championships (14 results); 2022 - Russian Championships (7 results); 2022 - Spartakiade (5 results),Ildar Yuskaev: 2024: RUS:2 | Ildar Yuskayev: not found 2024-2025
athlete_match_50446e3b968861f6,medium,possible_existing_athlete_match,Jedidiah Lewis,MAG,15349,Jedidah Lewis,GBR,0.963,"GBR, GBR",,,merge as same athlete,,,,GBR: 2023 - English Championships (5 results),GBR: 2022 - British Championships (7 results),Jedidiah Lewis: 2024: GBR:12 / 2025: GBR:18 | Jedidah Lewis: not found 2024-2025
athlete_match_15e1df92dccd905f,medium,possible_existing_athlete_match,Jordan Carroll,MAG,7816,Jordan Caroll,CAN,0.963,"CAN, CAN",,,merge as same athlete,,,,CAN: 2023 - Canadian Championships (5 results),CAN: 2019 - International Junior Team Cup (7 results),Jordan Carroll: 2024: CAN:8 / 2025: CAN:5 | Jordan Caroll: not found 2024-2025
athlete_match_b0af1cb7ff8f343f,medium,possible_existing_athlete_match,Juli Jan Obal,MAG,15389,Julij Jan Obal,SLO,0.963,"SLO, SLO",,,merge as same athlete,,,,SLO: 2023 - Austrian Future Cup (1 results),SLO: 2022 - Salamunov Memorial (1 results),Juli Jan Obal: not found 2024-2025 | Julij Jan Obal: 2024: SLO:1 / 2025: SLO:2
athlete_match_6db175f48a8df74e,medium,possible_existing_athlete_match,Konstantinos Konstantinitis,MAG,1636,Konstantinos Konstantinidis,GRE,0.963,"GRE, GRE",,,merge as same athlete,,,,GRE: 2023 - Cairo World Cup (1 results),GRE: 2018 - Baku World Cup (2 results); 2018 - Greek Championships (2 results); 2018 - Koper Challenge Cup (2 results); 2019 - Cottbus World Cup (1 results); 2019 - Paris Challenge Cup (2 results); 2019 - World Championships (1 results); 2020 - Baku World Cup (1 results); 2021 - European Championships (1 results); 2021 - World Championships (1 results); 2022 - Baku World Cup (2 results); 2022 - Cairo World Cup (2 results); 2022 - Cottbus World Cup (1 results); 2022 - World Championships (1 results),Konstantinos Konstantinitis: not found 2024-2025 | Konstantinos Konstantinidis: not found 2024-2025
athlete_match_45e90612cd8c6d7d,medium,possible_existing_athlete_match,Lee Hyeokjung,MAG,1674,Lee Hyeok-jung,KOR,0.963,"KOR, KOR",,,merge as same athlete,,,,KOR: 2023 - South Korean Championships (5 results),KOR: 2018 - Asian Games (7 results); 2018 - World Championships (3 results); 2019 - Asian Championships (8 results),Lee Hyeokjung: 2024: KOR:9 / 2025: KOR:4 | Lee Hyeok-jung: not found 2024-2025
athlete_match_ba7c87ba4380d731,medium,possible_existing_athlete_match,Levente Markov,MAG,15440,Levente Marko,HUN,0.963,"HUN, HUN",,,merge as same athlete,,,,HUN: 2023 - Balkan Championships (5 results),HUN: 2022 - Hungarian Championships (16 results),Levente Markov: not found 2024-2025 | Levente Marko: 2024: HUN:37 / 2025: HUN:14
athlete_match_79bd1059539568f9,medium,possible_existing_athlete_match,Lucas Karlson,MAG,11510,Lucas Karlsson,NOR,0.963,"NOR, NOR",,,merge as same athlete,,,,NOR: 2023 - Barents Winter Games (2 results),NOR: 2020 - Norwegian Junior Championships (1 results),Lucas Karlson: not found 2024-2025 | Lucas Karlsson: not found 2024-2025
athlete_match_ed663495f1a6862a,medium,possible_existing_athlete_match,Oleg Teselsky,MAG,2214,Oleg Teselskiy,BLR,0.963,"BLR, BLR",,,merge as same athlete,,,,BLR: 2023 - Russian Cup (5 results),BLR: 2018 - Dityatin Cup (12 results),Oleg Teselsky: not found 2024-2025 | Oleg Teselskiy: not found 2024-2025
athlete_match_b685dcacc4f681dc,medium,possible_existing_athlete_match,Philip Lieske,MAG,13004,Phillip Lieske,NOR,0.963,"NOR, NOR",,,merge as same athlete,,,,NOR: 2023 - Nordic Junior Championships (5 results),NOR: 2021 - Norwegian Junior Championships (7 results); 2021 - Unisport Norges Cup (7 results); 2022 - Norwegian Junior Championships (9 results); 2022 - Unni & Haralds Trophy (10 results),Philip Lieske: 2024: NOR:21 / 2025: NOR:28 | Phillip Lieske: 2024: NOR:47 / 2025: NOR:59
athlete_match_61bd5f82eed3ff5e,medium,possible_existing_athlete_match,Zakariae Setti,MAG,2617,Setti Zakaria,MAR,0.963,"MAR, MAR",,,merge as same athlete,,,,MAR: 2023 - African Championships (5 results),MAR: 2018 - Gymnasiade (10 results); 2019 - African Games (6 results); 2022 - African Championships (3 results); 2022 - Cairo World Cup (1 results),Zakariae Setti: 2024: MAR:3 | Setti Zakaria: not found 2024-2025
athlete_match_c344b3b0bc0c1b92,medium,possible_existing_athlete_match,Eva Villanova,WAG,4296,Elva Villanova,ESP,0.963,"ESP, ESP",,,merge as same athlete,,,,ESP: 2024 - 1st Spanish League (2024 season) (5 results),ESP: 2018 - 3rd Spanish League (3 results); 2019 - Spanish League Finals (5 results); 2021 - 1st Spanish League (3 results); 2021 - 2nd Spanish League (3 results); 2021 - 3rd Spanish League (5 results); 2022 - 1st Spanish League (2 results); 2022 - 2nd Spanish League (3 results); 2022 - Spanish Championships (5 results); 2023 - 1st Spanish League 2023 (2 results),Eva Villanova: 2024: ESP:15 / 2025: ESP:9 | Elva Villanova: not found 2024-2025
athlete_match_c8c2a78a9baac747,medium,possible_existing_athlete_match,Lea Franceries,WAG,5301,Lea Francerie,FRA,0.963,"FRA, FRA",,,merge as same athlete,,,,FRA: 2023 - Top 12 Series 3 (2 results); 2023 - Top 12 Series 4 (3 results),FRA: 2018 - Tournoi International (2 results); 2019 - Top 12 Semi-Finals (2 results); 2019 - Top 12 Series 2 (1 results); 2019 - Top 12 Series 3 (3 results); 2020 - Top 12 Series 3 (3 results); 2021 - 2nd Spanish League (3 results); 2021 - Elite Gym Massilia (15 results); 2021 - French Championships (10 results); 2021 - French National Team Review (5 results); 2021 - Spanish League Finals (3 results); 2021 - Top 12 Championships (5 results); 2022 - Austrian Team Challenge (5 results); 2022 - French Championships (12 results); 2022 - French Test Meet (5 results); 2022 - Gymnasiade (11 results); 2022 - Sedan Friendly (5 results); 2022 - Top 12 Finals (3 results); 2022 - Top 12 Series 2 (5 results); 2022 - Top 12 Series 3 (5 results),Lea Franceries: not found 2024-2025 | Lea Francerie: not found 2024-2025
athlete_match_3d14fd4bbbeed750,medium,possible_existing_athlete_match,Lynis Devismes,WAG,16834,Lynis Devisme,FRA,0.963,"FRA, FRA",,,merge as same athlete,,,,FRA: 2024 - Top 12 Series 2 (2024 Season) (5 results),FRA: 2022 - Tournoi International (5 results),Lynis Devismes: 2024: FRA:2 | Lynis Devisme: not found 2024-2025
athlete_match_e925f89914951b4b,medium,possible_existing_athlete_match,Mélanie De Jesus Dos Santos,WAG,5883,Melanie de Jesus dos Santos,FRA,0.963,"FRA, FRA",,,merge as same athlete,,,,FRA: 2023 - U.S. Classic (1 results); 2023 - World Championships (4 results),FRA: 2018 - Arthur Gander Memorial (2 results); 2018 - Doha World Cup (4 results); 2018 - European Championships (11 results); 2018 - French Championships (8 results); 2018 - Paris Challenge Cup (4 results); 2018 - Sainté Gym Cup (5 results); 2018 - Swiss Cup (2 results); 2018 - Tokyo World Cup (5 results); 2018 - World Championships (15 results); 2019 - DTB Team Challenge (4 results); 2019 - European Championships (13 results); 2019 - French Championships (8 results); 2019 - Paris Challenge Cup (4 results); 2019 - World Championships (16 results); 2020 - Coupe d'Hiver (1 results); 2020 - French Test Meet (5 results); 2021 - European Championships (3 results); 2021 - FIT Challenge (6 results); 2021 - Olympic Games (15 results); 2022 - Paris Challenge Cup (3 results); 2022 - World Championships (9 results),Mélanie De Jesus Dos Santos: 2024: FRA:24 | Melanie de Jesus dos Santos: not found 2024-2025
athlete_match_998d043aa121ff54,medium,possible_existing_athlete_match,Melissa Ocaña,WAG,16957,Mellissa Ocaña,ESP,0.963,"ESP, ESP",,,merge as same athlete,,,,ESP: 2024 - 1st Spanish League (2024 season) (5 results),ESP: 2022 - 3rd Spanish League (5 results),Melissa Ocaña: 2024: ESP:7 | Mellissa Ocaña: not found 2024-2025
athlete_match_8f6b4397365735bc,medium,possible_existing_athlete_match,Yang Fanyuwei,WAG,11252,Yang Fan Yuwei,CHN,0.963,"CHN, CHN",,,merge as same athlete,,,,CHN: 2023 - Chinese Championships (1 results); 2023 - Chinese Individual Championships (1 results),CHN: 2019 - Chinese Junior Championships (5 results); 2019 - Chinese National Youth Games (8 results); 2020 - Chinese Championships (5 results); 2020 - Chinese Individual Championships (14 results); 2021 - Chinese Championships (3 results); 2022 - Chinese Championships (2 results),Yang Fanyuwei: 2024: CHN:7 / 2025: CHN:12 | Yang Fan Yuwei: not found 2024-2025
athlete_match_700a66604e67de7f,medium,possible_existing_athlete_match,Yuuki Uchiyama,WAG,7061,Yuki Uchiyama,JPN,0.963,"JPN, JPN",,,merge as same athlete,,,,JPN: 2023 - All-Japan Junior Championships (5 results),JPN: 2018 - All-Japan Championships (10 results); 2018 - All-Japan Event Championships (2 results); 2018 - Asian Games (8 results); 2018 - Cottbus World Cup (2 results); 2018 - DTB Pokal Team Challenge (9 results); 2018 - Doha World Cup (4 results); 2018 - NHK Trophy (5 results); 2019 - All-Japan Championships (5 results); 2019 - All-Japan Event Championships (5 results); 2019 - All-Japan Student Championships (9 results); 2020 - All-Japan Championships (5 results); 2020 - All-Japan Student Championships (5 results); 2021 - All-Japan Championships (10 results); 2021 - All-Japan Senior Championships (5 results); 2021 - NHK Trophy (5 results); 2022 - All-Japan Championships (10 results); 2022 - All-Japan Event Championships (2 results); 2022 - All-Japan Senior Championships (5 results); 2022 - NHK Trophy (2 results),Yuuki Uchiyama: 2024: JPN:5 | Yuki Uchiyama: not found 2024-2025
athlete_match_8a2037729ca09006,medium,possible_existing_athlete_match,Leah-Isabel Jakobsen-Dahle,WAG,14195,Leah-Isabel Jacobsen-Dahle,NOR,0.962,"NOR, NOR",,,merge as same athlete,,,,NOR: 2023 - Norwegian Junior Championships (5 results),NOR: 2021 - 2nd Norwegian FIG Meet (2 results); 2021 - Norwegian FIG Meet (5 results); 2021 - Norwegian Junior Championships (5 results); 2022 - Norwegian FIG Meet 1 (5 results); 2022 - Norwegian FIG Meet 2 (5 results); 2022 - Norwegian Junior Championships (5 results); 2022 - Unni & Haralds Trophy (5 results),Leah-Isabel Jakobsen-Dahle: 2024: NOR:10 / 2025: NOR:3 | Leah-Isabel Jacobsen-Dahle: not found 2024-2025
athlete_match_28a1f3439dbded02,medium,possible_existing_athlete_match,Anze Zalanik,MAG,12298,Anze Zalaznik,SLO,0.96,"SLO, SLO",,,merge as same athlete,,,,SLO: 2023 - Salamunov Memorial (2 results),SLO: 2021 - Olympic Hopes Cup (5 results); 2022 - Austrian Future Cup (9 results); 2022 - Balkan Championships (9 results),Anze Zalanik: not found 2024-2025 | Anze Zalaznik: 2024: SLO:2 / 2025: SLO:1
athlete_match_250b32a1bdfeaa6a,medium,possible_existing_athlete_match,Assan Salimov,MAG,296,Asan Salimov,KAZ,0.96,"KAZ, KAZ",,,merge as same athlete,,,,KAZ: 2023 - Osijek Challenge Cup (5 results),KAZ: 2018 - Kazakhstan Junior Championships (8 results); 2018 - President's Cup (7 results); 2019 - Asian Junior Cup (11 results); 2019 - Voronin Cup (5 results); 2022 - Gymnasiade (8 results); 2022 - Voronin Cup (7 results),Assan Salimov: 2024: KAZ:23 / 2025: KAZ:25 | Asan Salimov: not found 2024-2025
athlete_match_eb9d89f1f4d8da20,medium,possible_existing_athlete_match,Jeon Seongbe,MAG,12606,Jeon Seongbae,KOR,0.96,"KOR, KOR",,,merge as same athlete,,,,KOR: 2023 - Singapore Open (5 results),KOR: 2021 - Korean National Sports Festival (1 results); 2021 - South Korean Championships (3 results),Jeon Seongbe: not found 2024-2025 | Jeon Seongbae: 2024: KOR:7
athlete_match_e6e133a82c36ae73,medium,possible_existing_athlete_match,Lee Jaeseong,MAG,1675,Lee Jae-seong,KOR,0.96,"KOR, KOR",,,merge as same athlete,,,,KOR: 2023 - South Korean Championships (5 results),KOR: 2018 - Asian Games (5 results); 2019 - Asian Championships (10 results),Lee Jaeseong: 2025: KOR:4 | Lee Jae-seong: not found 2024-2025
athlete_match_c64bbcf69d8de80f,medium,possible_existing_athlete_match,Lee Seungmin,MAG,7993,Lee Seung-min,KOR,0.96,"KOR, KOR",,,merge as same athlete,,,,KOR: 2023 - South Korean Championships (4 results),KOR: 2019 - Asian Championships (6 results); 2019 - Summer Universiade (14 results); 2019 - Zhaoqing Challenge Cup (7 results),Lee Seungmin: 2024: KOR:14 / 2025: KOR:24 | Lee Seung-min: not found 2024-2025
athlete_match_834169b808e2f997,medium,possible_existing_athlete_match,Lim Chaekyung,MAG,12563,Im Chaekyung,KOR,0.96,"KOR, KOR",,,merge as same athlete,,,,KOR: 2023 - South Korean Championships (3 results),KOR: 2021 - South Korean Championships (5 results),Lim Chaekyung: 2024: KOR:3 / 2025: KOR:3 | Im Chaekyung: not found 2024-2025
athlete_match_bfe1bec233e8ba00,medium,possible_existing_athlete_match,Matteo Fraisl,MAG,8126,Mateo Fraisl,AUT,0.96,"AUT, AUT",,,merge as same athlete,,,,AUT: 2023 - Hanspeter Demetz Memorial (5 results),AUT: 2019 - Austrian Championships (8 results); 2020 - Austrian Championships (11 results); 2021 - Hanspeter Demetz Memorial (7 results); 2022 - Austrian Championships (4 results); 2022 - Austrian Future Cup (10 results); 2022 - Hanspeter Demetz Memorial (7 results); 2022 - International Junior Team Cup (10 results),Matteo Fraisl: 2024: AUT:16 | Mateo Fraisl: 2024: AUT:35 / 2025: AUT:29
athlete_match_fecb6fb75e774f22,medium,possible_existing_athlete_match,Meng Xianggao,MAG,15551,Meng Xiangao,CHN,0.96,"CHN, CHN",,,merge as same athlete,,,,CHN: 2023 - Chinese National Student Youth Games (5 results),CHN: 2022 - Chinese Youth Championships (11 results),Meng Xianggao: 2024: CHN:1 | Meng Xiangao: not found 2024-2025
athlete_match_bf4834abaf89d71a,medium,possible_existing_athlete_match,Oliver Zavel,MAG,2229,Oliver Zavela,USA,0.96,"USA, USA",,,merge as same athlete,,,,USA: 2023 - U.S. Championships (5 results),USA: 2018 - U.S. Championships (14 results); 2018 - U.S. Men's National Qualifier (7 results); 2019 - U.S. Championships D1 (7 results); 2019 - U.S. Championships D2 (7 results); 2020 - Winter Cup Challenge (14 results),Oliver Zavel: not found 2024-2025 | Oliver Zavela: not found 2024-2025
athlete_match_7b3610c3d6c656f6,medium,possible_existing_athlete_match,Otmane Bayou,MAG,15623,Othmane Bayou,ALG,0.96,"ALG, ALG",,,merge as same athlete,,,,ALG: 2023 - Mediterranean Championships (5 results),ALG: 2022 - African Championships (7 results); 2022 - COMEGYM Championships (7 results),Otmane Bayou: not found 2024-2025 | Othmane Bayou: 2024: ALG:13
athlete_match_e26ab4a9b86ee44a,medium,possible_existing_athlete_match,Park Seungho,MAG,8298,Park Seung-ho,KOR,0.96,"KOR, KOR",,,merge as same athlete,,,,KOR: 2023 - South Korean Championships (5 results),KOR: 2019 - Junior World Championships (7 results); 2019 - Voronin Cup (9 results); 2021 - Korean National Sports Festival (12 results),Park Seungho: 2024: KOR:16 / 2025: KOR:24 | Park Seung-ho: not found 2024-2025
athlete_match_4aadb939cf2b9c85,medium,possible_existing_athlete_match,Ryu Sunghyun,MAG,8428,Ryu Sung-hyun,KOR,0.96,"KOR, KOR",,,merge as same athlete,,,,KOR: 2023 - Asian Championships (5 results),KOR: 2019 - Junior World Championships (10 results); 2020 - Baku World Cup (1 results); 2020 - Melbourne World Cup (2 results); 2021 - Olympic Games (8 results); 2021 - South Korean Championships (7 results); 2021 - South Korean Olympic Trials (14 results); 2021 - World Championships (6 results); 2022 - Asian Championships (7 results); 2022 - Doha World Cup (2 results); 2022 - World Championships (13 results),Ryu Sunghyun: 2024: KOR:7 / 2025: KOR:28 | Ryu Sung-hyun: not found 2024-2025
athlete_match_df6d0a8e5c5528e2,medium,possible_existing_athlete_match,Shin Jeahwan,MAG,2636,Shin Jea-hwan,KOR,0.96,"KOR, KOR",,,merge as same athlete,,,,KOR: 2023 - Asian Games (5 results),KOR: 2018 - Toyota International (4 results); 2019 - Baku World Cup (7 results); 2019 - Cottbus World Cup (7 results); 2019 - Doha World Cup (4 results); 2019 - Melbourne World Cup (7 results); 2019 - Zhaoqing Challenge Cup (8 results); 2020 - Baku World Cup (3 results); 2020 - Melbourne World Cup (6 results); 2021 - Doha World Cup (6 results); 2021 - Olympic Games (6 results); 2021 - South Korean Championships (4 results); 2021 - South Korean Olympic Trials (4 results),Shin Jeahwan: 2024: KOR:9 / 2025: KOR:17 | Shin Jea-hwan: not found 2024-2025
athlete_match_99d28d0e6a8b033f,medium,possible_existing_athlete_match,Tim Bühlmann,MAG,15785,Timi Bühlmann,SUI,0.96,"SUI, SUI",,,merge as same athlete,,,,SUI: 2023 - Swiss Team Championships (1 results),SUI: 2022 - Swiss Championships (8 results),Tim Bühlmann: 2024: SUI:17 / 2025: SUI:2 | Timi Bühlmann: not found 2024-2025
athlete_match_0ca61a5affd5589e,medium,possible_existing_athlete_match,Yang Hakseon,MAG,8781,Yang Hak-seon,KOR,0.96,"KOR, KOR",,,merge as same athlete,,,,KOR: 2023 - South Korean Championships (5 results),KOR: 2019 - Baku World Cup (6 results); 2019 - Doha World Cup (6 results); 2019 - Korea Cup (4 results); 2019 - World Championships (8 results); 2021 - Olympic Games (3 results); 2021 - South Korean Olympic Trials (4 results); 2021 - World Championships (6 results),Yang Hakseon: 2025: KOR:13 | Yang Hak-seon: not found 2024-2025
athlete_match_aa851878b2dafece,medium,possible_existing_athlete_match,Ally Damelio,WAG,11703,Allyn Damelio,USA,0.96,"USA, USA",,,merge as same athlete,,,,USA: 2023 - Magical March National Qualifier (5 results),USA: 2020 - Metroplex National Qualifier (5 results); 2021 - Brestyan's National Qualifier (5 results); 2021 - Hopes Championships (5 results); 2021 - Hopes Classic (5 results); 2022 - All American National Qualifier (5 results); 2022 - Hopes Championships (5 results); 2022 - Hopes Classic (5 results); 2022 - NTTC National Qualifier (5 results); 2022 - Vegas Cup National Qualifier (5 results); 2022 - WOGA Classic (5 results),Ally Damelio: 2024: USA:15 / 2025: USA:45 | Allyn Damelio: not found 2024-2025
athlete_match_002eda26b8871156,medium,possible_existing_athlete_match,Bing Shengnan,WAG,9232,Bin Shengnan,CHN,0.96,"CHN, CHN",,,merge as same athlete,,,,CHN: 2023 - Chinese Championships (5 results),CHN: 2019 - Chinese Junior Championships (15 results); 2019 - Chinese National Youth Games (19 results); 2020 - Chinese Individual Championships (6 results); 2021 - Chinese Championships (3 results); 2021 - Chinese National Games (3 results); 2021 - Chinese Youth Games (9 results); 2022 - Chinese Championships (3 results); 2022 - Chinese Youth Championships (8 results),Bing Shengnan: not found 2024-2025 | Bin Shengnan: 2025: CHN:6
athlete_match_dccd08d8a6f6e032,medium,possible_existing_athlete_match,Foteini Liapi,WAG,9588,Fotini Liapi,GRE,0.96,"GRE, GRE",,,merge as same athlete,,,,GRE: 2023 - Greek Championships (5 results),GRE: 2019 - Horizon Cup (5 results); 2022 - European Championships (5 results); 2022 - Greek Championships (8 results),Foteini Liapi: not found 2024-2025 | Fotini Liapi: not found 2024-2025
athlete_match_2228b97277e24644,medium,possible_existing_athlete_match,Hu Linhexing,WAG,11883,Hu Lin Hexing,CHN,0.96,"CHN, CHN",,,merge as same athlete,,,,CHN: 2023 - Chinese Championships (5 results),CHN: 2020 - Chinese Individual Championships (5 results); 2021 - Chinese Championships (5 results); 2022 - Chinese Championships (5 results),Hu Linhexing: 2024: CHN:14 / 2025: CHN:13 | Hu Lin Hexing: not found 2024-2025
athlete_match_d6871e21b095807d,medium,possible_existing_athlete_match,Jordan Bayer,WAG,16611,Jordane Bayer,FRA,0.96,"FRA, FRA",,,merge as same athlete,,,,FRA: 2023 - Tournoi International (5 results),FRA: 2022 - Tournoi International (10 results),Jordan Bayer: not found 2024-2025 | Jordane Bayer: 2024: FRA:16 / 2025: FRA:17
athlete_match_7399feab355a8888,medium,possible_existing_athlete_match,Kim Minjeong,WAG,10011,Kim Min-jeong,KOR,0.96,"KOR, KOR",,,merge as same athlete,,,,KOR: 2023 - South Korean Championships (3 results),KOR: 2019 - Korean National Team Selection (5 results); 2021 - Korean National Sports Festival (11 results),Kim Minjeong: 2024: KOR:4 | Kim Min-jeong: not found 2024-2025
athlete_match_5566796fc04a8d1b,medium,possible_existing_athlete_match,Laia Privado,WAG,5234,Laila Privado,ESP,0.96,"ESP, ESP",,,merge as same athlete,,,,ESP: 2023 - 2nd Spanish League (1 results); 2023 - 3rd Spanish League (3 results); 2024 - 1st Spanish League (2024 season) (1 results),ESP: 2018 - 3rd Spanish League (5 results); 2019 - 1st Spanish League (3 results); 2019 - 2nd Spanish League (5 results); 2019 - 3rd Spanish League (3 results); 2020 - 1st Spanish League (2020 season) (2 results); 2020 - 2nd Spanish League (3 results); 2021 - 1st Spanish League (2 results); 2021 - 2nd Spanish League (1 results); 2021 - 3rd Spanish League (2 results); 2022 - 1st Spanish League (2 results); 2022 - 2nd Spanish League (2 results); 2023 - 1st Spanish League 2023 (2 results),Laia Privado: 2024: ESP:6 | Laila Privado: not found 2024-2025
athlete_match_798ffebe6bdaefcb,medium,possible_existing_athlete_match,Lucia Hinojo,WAG,14271,Lucia Hiinojo,ESP,0.96,"ESP, ESP",,,merge as same athlete,,,,ESP: 2023 - 2nd Spanish League (5 results),ESP: 2021 - 3rd Spanish League (5 results); 2022 - 1st Spanish League (2 results); 2022 - 2nd Spanish League (2 results); 2023 - 1st Spanish League 2023 (5 results),Lucia Hinojo: not found 2024-2025 | Lucia Hiinojo: not found 2024-2025
athlete_match_66761f7eb45919fb,medium,possible_existing_athlete_match,Rion Koriyama,WAG,12114,Rio Koriyama,JPN,0.96,"JPN, JPN",,,merge as same athlete,,,,JPN: 2023 - All-Japan Student Championships (5 results),JPN: 2020 - All-Japan Student Championships (2 results); 2021 - All-Japan Student Championships (5 results),Rion Koriyama: not found 2024-2025 | Rio Koriyama: not found 2024-2025
athlete_match_b2fc6539c13fecef,medium,possible_existing_athlete_match,Touwa Matsuda,WAG,11138,Towa Matsuda,JPN,0.96,"JPN, JPN",,,merge as same athlete,,,,JPN: 2023 - All-Japan Student Championships (5 results),JPN: 2019 - All-Japan Event Championships (1 results); 2019 - All-Japan Junior Championships (5 results); 2020 - All-Japan Championships (10 results); 2021 - All-Japan Championships (10 results); 2021 - All-Japan Event Championships (2 results); 2021 - All-Japan Junior Championships (5 results); 2021 - All-Japan Team Championships (3 results); 2021 - NHK Trophy (5 results); 2022 - All-Japan Championships (10 results); 2022 - Asian Championships (2 results); 2022 - NHK Trophy (5 results),Touwa Matsuda: 2024: JPN:15 / 2025: JPN:17 | Towa Matsuda: not found 2024-2025
athlete_match_d3c42c00a41fd78b,medium,possible_existing_athlete_match,Yeo Seojeong,WAG,7045,Yeo Seo-jeong,KOR,0.96,"KOR, KOR",,,merge as same athlete,,,,KOR: 2023 - South Korean Championships (5 results),KOR: 2018 - Asian Games (16 results); 2018 - Guimaraes Challenge Cup (8 results); 2018 - South Korean Championships (10 results); 2018 - Voronin Cup (11 results); 2018 - World Championships (10 results); 2019 - Arthur Gander Memorial (3 results); 2019 - Korea Cup (4 results); 2019 - Korean National Team Selection (5 results); 2019 - Melbourne World Cup (6 results); 2019 - Swiss Cup (2 results); 2019 - World Championships (10 results); 2021 - Olympic Games (10 results); 2022 - Asian Championships (11 results); 2022 - World Championships (8 results),Yeo Seojeong: 2024: KOR:15 / 2025: KOR:3 | Yeo Seo-jeong: not found 2024-2025
athlete_match_3bbc2391cb8a6354,medium,possible_existing_athlete_match,Alexander Yolshina-Cash,MAG,140,Alexander Yolshina Cash,GBR,0.957,"GBR, GBR",,,merge as same athlete,,,,GBR: 2023 - British Worlds Trials (1 results),GBR: 2018 - British Championships (8 results); 2019 - British Championships (7 results); 2019 - English Championships (7 results); 2021 - British Championships (7 results); 2022 - British Championships (10 results); 2022 - English Championships (7 results); 2022 - Wohnen Juniors Trophy (13 results),Alexander Yolshina-Cash: not found 2024-2025 | Alexander Yolshina Cash: not found 2024-2025
athlete_match_76d356c5d4f8bf94,medium,possible_existing_athlete_match,Aser Elkeky,MAG,15038,Aser El Keky,EGY,0.957,"EGY, EGY",,,merge as same athlete,,,,EGY: 2023 - Pharaoh's Cup (5 results),EGY: 2022 - African Championships (9 results),Aser Elkeky: not found 2024-2025 | Aser El Keky: not found 2024-2025
athlete_match_f93da0ae796f9a53,medium,possible_existing_athlete_match,Bjarne Hoste,MAG,7307,Bjarn Hoste,BEL,0.957,"BEL, BEL",,,merge as same athlete,,,,BEL: 2023 - Belgian Championships (5 results),BEL: 2022 - Belgian Championships (7 results) | NED: 2019 - Wase Gymcup (7 results),Bjarne Hoste: 2024: BEL:16 / 2025: BEL:7 | Bjarn Hoste: not found 2024-2025
athlete_match_fd6c58f5c3d6c5d1,medium,possible_existing_athlete_match,Jeon Yoseop,MAG,7778,Jeon Yo-seop,KOR,0.957,"KOR, KOR",,,merge as same athlete,,,,KOR: 2023 - South Korean Championships (5 results),KOR: 2019 - Asian Championships (8 results); 2019 - Zhaoqing Challenge Cup (8 results); 2022 - Asian Championships (3 results),Jeon Yoseop: 2024: KOR:1 / 2025: KOR:8 | Jeon Yo-seop: not found 2024-2025
athlete_match_b9f508de7ccc33c7,medium,possible_existing_athlete_match,Jose Bolivar,MAG,7820,Jose Olivar,COL,0.957,"COL, COL",,,merge as same athlete,,,,COL: 2023 - Colombian Championships (5 results),COL: 2019 - Colombian Championships (7 results),Jose Bolivar: 2024: COL:5 | Jose Olivar: not found 2024-2025
athlete_match_5bca4809a0f86760,medium,possible_existing_athlete_match,Lee Junghyo,MAG,7992,Lee Jung-hyo,KOR,0.957,"KOR, KOR",,,merge as same athlete,,,,KOR: 2023 - South Korean Championships (5 results),KOR: 2019 - Korea Cup (3 results); 2019 - Summer Universiade (15 results); 2019 - World Championships (14 results); 2021 - South Korean Championships (7 results); 2021 - South Korean Olympic Trials (14 results); 2021 - World Championships (5 results); 2022 - Asian Championships (7 results); 2022 - World Championships (7 results),Lee Junghyo: 2025: KOR:28 | Lee Jung-hyo: not found 2024-2025
athlete_match_e52321f6e6c14b2b,medium,possible_existing_athlete_match,Marcel Kiss,MAG,15512,Marcell Kiss,HUN,0.957,"HUN, HUN",,,merge as same athlete,,,,HUN: 2023 - Salamunov Memorial (5 results),HUN: 2022 - Hungarian Championships (10 results),Marcel Kiss: 2024: HUN:12 | Marcell Kiss: 2025: HUN:16
athlete_match_3e8eff473395cc7a,medium,possible_existing_athlete_match,Rafil Ahmed,MAG,15667,Rafil Ahamed,BAN,0.957,"BAN, BAN",,,merge as same athlete,,,,BAN: 2023 - Asian Championships (5 results),BAN: 2022 - Gymnasiade (9 results),Rafil Ahmed: 2025: BAN:23 | Rafil Ahamed: not found 2024-2025
athlete_match_1bb2d73704e703df,medium,possible_existing_athlete_match,Sebastian Ramirez-Capes,MAG,8471,Sebastian Ramirez Capes,GBR,0.957,"GBR, GBR",,,merge as same athlete,,,,GBR: 2023 - English Championships (5 results),GBR: 2019 - British Championships (7 results); 2019 - English Championships (7 results),Sebastian Ramirez-Capes: 2024: GBR:7 / 2025: GBR:22 | Sebastian Ramirez Capes: not found 2024-2025
athlete_match_d6b30705fdb39e04,medium,possible_existing_athlete_match,Cha Yeonhee,WAG,9296,Cha Yeon-hee,KOR,0.957,"KOR, KOR",,,merge as same athlete,,,,KOR: 2023 - South Korean Championships (5 results),KOR: 2019 - Korean National Team Selection (5 results); 2021 - Korean National Sports Festival (8 results); 2021 - South Korean Championships (7 results),Cha Yeonhee: 2024: KOR:5 / 2025: KOR:10 | Cha Yeon-hee: not found 2024-2025
athlete_match_0b6591b31e906f39,medium,possible_existing_athlete_match,Hla Elshaer,WAG,16519,Hla El Shaer,EGY,0.957,"EGY, EGY",,,merge as same athlete,,,,EGY: 2023 - Pharaoh's Cup (2 results),EGY: 2022 - African Championships (8 results),Hla Elshaer: 2025: EGY:2 | Hla El Shaer: not found 2024-2025
athlete_match_b7252ecc16aa2b40,medium,possible_existing_athlete_match,Lee Dayeong,WAG,5318,Lee Da Yeong,KOR,0.957,"KOR, KOR",,,merge as same athlete,,,,KOR: 2023 - City of Jesolo Trophy (5 results),KOR: 2018 - Asian Junior Championships (6 results); 2019 - Junior World Championships (5 results); 2019 - Korean National Team Selection (5 results); 2021 - Korean National Sports Festival (8 results); 2021 - South Korean Championships (5 results); 2021 - World Championships (2 results); 2022 - Asian Championships (3 results); 2022 - World Championships (5 results),Lee Dayeong: 2024: KOR:7 / 2025: KOR:5 | Lee Da Yeong: not found 2024-2025
athlete_match_e94d844a709f7bef,medium,possible_existing_athlete_match,Park Soojin,WAG,10700,Park Soo-jin,KOR,0.957,"KOR, KOR",,,merge as same athlete,,,,KOR: 2023 - South Korean Championships (5 results),KOR: 2019 - Korean National Team Selection (5 results),Park Soojin: 2024: KOR:7 | Park Soo-jin: not found 2024-2025
athlete_match_d22ffd21cc70a069,medium,possible_existing_athlete_match,Seong Gaeun,WAG,6535,Seong Ga-eun,KOR,0.957,"KOR, KOR",,,merge as same athlete,,,,KOR: 2023 - South Korean Championships (5 results),KOR: 2018 - South Korean Championships (10 results); 2019 - Korean National Team Selection (5 results); 2021 - South Korean Championships (7 results),Seong Gaeun: 2024: KOR:3 / 2025: KOR:20 | Seong Ga-eun: not found 2024-2025
athlete_match_f75036788cbbd95b,medium,possible_existing_athlete_match,Tuva Holther,WAG,14816,Tuva Holter,NOR,0.957,"NOR, NOR",,,merge as same athlete,,,,NOR: 2023 - Mälar Cup (5 results),NOR: 2021 - Norwegian FIG Meet (5 results); 2021 - Norwegian Junior Championships (5 results); 2021 - Unnis & Haralds Trophy (5 results); 2022 - Mälar Cup (5 results); 2022 - Norwegian FIG Meet 1 (5 results); 2022 - Norwegian FIG Meet 2 (5 results); 2022 - Unni & Haralds Trophy (5 results),Tuva Holther: not found 2024-2025 | Tuva Holter: not found 2024-2025
athlete_match_b07925a41d83668c,medium,possible_existing_athlete_match,Vilma Hertle,WAG,14885,Vilma Hetle,NOR,0.957,"NOR, NOR",,,merge as same athlete,,,,NOR: 2023 - Unni & Haralds Trophy (5 results),NOR: 2021 - Norwegian Junior Championships (5 results); 2022 - Unni & Haralds Trophy (7 results),Vilma Hertle: not found 2024-2025 | Vilma Hetle: not found 2024-2025
athlete_match_268a5e7df5fc6b9d,medium,possible_existing_athlete_match,Yuika Toyama,WAG,14929,Yuka Toyama,JPN,0.957,"JPN, JPN",,,merge as same athlete,,,,JPN: 2023 - All-Japan Event Championships (1 results),JPN: 2021 - All-Japan Senior Championships (2 results); 2021 - All-Japan Team Championships (1 results); 2022 - All-Japan Event Championships (1 results); 2022 - All-Japan Team Championships (1 results),Yuika Toyama: 2024: JPN:1 | Yuka Toyama: not found 2024-2025
athlete_match_cf9ed5bcce574ae7,medium,possible_existing_athlete_match,Yofie Fagrezi Rifanani,MAG,3075,Yofie Fahrezi Rifanani,INA,0.955,"INA, INA",,,merge as same athlete,,,,INA: 2023 - Asian Championships (5 results),INA: 2018 - Asian Junior Championships (3 results),Yofie Fagrezi Rifanani: not found 2024-2025 | Yofie Fahrezi Rifanani: not found 2024-2025
athlete_match_50ea87ea61217e48,medium,possible_existing_athlete_match,Daniel Mehta-Andresen,MAG,12406,Daniel Metha-Andresen,NOR,0.952,"NOR, NOR",,,merge as same athlete,,,,NOR: 2023 - Ifact Norges Cup 3 (5 results),NOR: 2021 - Norwegian Junior Championships (8 results); 2022 - Norwegian Junior Championships (4 results),Daniel Mehta-Andresen: 2024: NOR:7 | Daniel Metha-Andresen: not found 2024-2025
athlete_match_fbb6c198941cfdff,medium,possible_existing_athlete_match,Kim Hansol,MAG,1602,Kim Han-sol,KOR,0.952,"KOR, KOR",,,merge as same athlete,,,,KOR: 2023 - Asian Games (5 results),KOR: 2018 - Asian Games (18 results); 2018 - World Championships (6 results); 2019 - Korea Cup (4 results); 2019 - Melbourne World Cup (8 results); 2019 - Summer Universiade (13 results); 2019 - World Championships (10 results); 2021 - Olympic Games (10 results); 2021 - South Korean Championships (4 results); 2021 - South Korean Olympic Trials (16 results); 2022 - Asian Championships (6 results); 2022 - World Championships (9 results),Kim Hansol: 2024: KOR:7 / 2025: KOR:9 | Kim Han-sol: not found 2024-2025
athlete_match_f943c155f02205e0,medium,possible_existing_athlete_match,Lim Sehyeon,MAG,12568,Im Sehyeon,KOR,0.952,"KOR, KOR",,,merge as same athlete,,,,KOR: 2023 - South Korean Championships (2 results),KOR: 2021 - Korean National Sports Festival (2 results); 2021 - South Korean Championships (2 results),Lim Sehyeon: not found 2024-2025 | Im Sehyeon: not found 2024-2025
athlete_match_1badda03d6e4c816,medium,possible_existing_athlete_match,Linus Moen,MAG,12770,Linus Monen,NOR,0.952,"NOR, NOR",,,merge as same athlete,,,,NOR: 2023 - Mälar Cup (5 results),NOR: 2021 - Norwegian Junior Championships (7 results); 2021 - Unisport Norges Cup (7 results); 2022 - Norwegian Junior Championships (7 results),Linus Moen: not found 2024-2025 | Linus Monen: 2024: NOR:22 / 2025: NOR:34
athlete_match_0e912124a377d63e,medium,possible_existing_athlete_match,Nino Reyero del Prado,MAG,12946,Nino Rayero del Prado,NED,0.952,"NED, NED",,,merge as same athlete,,,,NED: 2023 - Wase Gymcup (3 results),NED: 2021 - Wase Gymcup (5 results); 2022 - Wase Gymcup (1 results),Nino Reyero del Prado: 2024: NED:7 / 2025: NED:24 | Nino Rayero del Prado: not found 2024-2025
athlete_match_593e9ab2edb917dd,medium,possible_existing_athlete_match,Yegor Sukov,MAG,15183,Egor Sukov,RUS,0.952,"RUS, RUS",,,merge as same athlete,,,,RUS: 2023 - Russian Junior Championships (5 results),RUS: 2022 - Russian Championships (8 results),Yegor Sukov: 2024: RUS:14 / 2025: RUS:31 | Egor Sukov: not found 2024-2025
athlete_match_ded73a0fe0f34c6a,medium,possible_existing_athlete_match,Amalia Preuss-Neudorf,WAG,11706,Amalia Preuss Neudorf,GER,0.952,"GER, GER",,,merge as same athlete,,,,GER: 2023 - Leverkusen Cup (5 results),GER: 2020 - 1st Bundesliga (1 results); 2020 - German Junior Championships (3 results); 2020 - Pre-Olympic Youth Cup (5 results); 2021 - German Junior Championships (10 results); 2021 - German Junior Meet (5 results); 2021 - Munich Junior Friendly (5 results); 2021 - Swiss Cup Juniors (5 results); 2022 - 1st Bundesliga (5 results); 2022 - 3rd Bundesliga (3 results); 2022 - 4th Bundesliga (5 results); 2022 - Bundesliga Finals (2 results); 2022 - German Junior Championships (13 results); 2022 - Haguenau Junior Friendly (5 results); 2022 - Leverkusen Cup (5 results),Amalia Preuss-Neudorf: not found 2024-2025 | Amalia Preuss Neudorf: 2024: GER:28 / 2025: GER:10
athlete_match_253eb13b426590c3,medium,possible_existing_athlete_match,Eom Dohyun,WAG,9532,Eom Do-hyun,KOR,0.952,"KOR, KOR",,,merge as same athlete,,,,KOR: 2023 - South Korean Championships (5 results),KOR: 2019 - Korea Cup (2 results); 2019 - Korean National Team Selection (5 results); 2019 - Melbourne World Cup (3 results); 2019 - World Championships (5 results); 2019 - Zhaoqing Challenge Cup (6 results); 2021 - South Korean Championships (5 results); 2021 - World Championships (1 results); 2022 - World Championships (5 results),Eom Dohyun: 2024: KOR:11 / 2025: KOR:29 | Eom Do-hyun: not found 2024-2025
athlete_match_312a041c2193d1c9,medium,possible_existing_athlete_match,Lee Yunseo,WAG,5321,Lee Yun-seo,KOR,0.952,"KOR, KOR",,,merge as same athlete,,,,KOR: 2023 - World Championships (5 results),KOR: 2018 - Voronin Cup (7 results); 2018 - Youth Olympic Games (11 results); 2019 - American Cup (5 results); 2019 - Korea Cup (1 results); 2019 - Korean National Team Selection (5 results); 2019 - Tokyo World Cup (5 results); 2019 - Toyota International (3 results); 2019 - World Championships (5 results); 2021 - Korean National Sports Festival (8 results); 2021 - Olympic Games (10 results); 2021 - World Championships (10 results); 2022 - Asian Championships (8 results); 2022 - World Championships (10 results),Lee Yunseo: 2024: KOR:5 / 2025: KOR:21 | Lee Yun-seo: not found 2024-2025
athlete_match_f9218985cf26f485,medium,possible_existing_athlete_match,Louna Hamames-Moallic,WAG,5491,Louna Hamames Moallic,FRA,0.952,"FRA, FRA",,,merge as same athlete,,,,FRA: 2023 - Top 12 Series 1 (3 results); 2023 - Top 12 Series 3 (2 results),FRA: 2018 - French Championships (7 results); 2019 - Elite Gym Massilia (5 results); 2019 - French Championships (5 results),Louna Hamames-Moallic: 2025: ALG:4 | Louna Hamames Moallic: not found 2024-2025
athlete_match_366ba4bebe9c62a8,medium,possible_existing_athlete_match,Luana Roda,WAG,14267,Luana Rodas,PER,0.952,"PER, PER",,,merge as same athlete,,,,PER: 2023 - South American Junior Championships (5 results),PER: 2021 - South American Junior Championships (7 results); 2022 - South American Junior Championships (8 results); 2022 - South American Junior Games (8 results),Luana Roda: 2024: PER:5 / 2025: PER:20 | Luana Rodas: not found 2024-2025
athlete_match_f310ff1618c23552,medium,possible_existing_athlete_match,Noa Garcia,WAG,6142,Nora Garcia,ESP,0.952,"ESP, ESP",,,merge as same athlete,,,,ESP: 2023 - 2nd Spanish League (2 results); 2023 - 3rd Spanish League (1 results); 2023 - Spanish League Final (1 results); 2024 - 1st Spanish League (2024 season) (1 results),ESP: 2018 - 2nd Spanish League (3 results); 2018 - 3rd Spanish League (2 results); 2019 - 1st Spanish League (5 results); 2019 - Spanish Championships (5 results); 2020 - 1st Spanish League (2020 season) (5 results); 2020 - 2nd Spanish League (5 results); 2021 - 3rd Spanish League (5 results); 2022 - 1st Spanish League (2 results); 2022 - 2nd Spanish League (3 results),Noa Garcia: 2024: ESP:3 | Nora Garcia: not found 2024-2025
athlete_match_435c105d41262e84,medium,possible_existing_athlete_match,Shin Solyi,WAG,6569,Shin Sol Yi,KOR,0.952,"KOR, KOR",,,merge as same athlete,,,,KOR: 2023 - Asian Championships (5 results),KOR: 2018 - Asian Junior Championships (12 results); 2019 - Junior World Championships (7 results); 2019 - Korean National Team Selection (5 results); 2021 - Korean National Sports Festival (13 results); 2021 - South Korean Championships (7 results); 2021 - World Championships (12 results); 2022 - Asian Championships (7 results); 2022 - World Championships (1 results),Shin Solyi: 2024: KOR:13 / 2025: KOR:33 | Shin Sol Yi: not found 2024-2025
athlete_match_f85dee67f7c3f4c9,medium,possible_existing_athlete_match,Alexander Benyaminne,MAG,12267,Alexander Benjaminne,SWE,0.95,"SWE, SWE",,,merge as same athlete,,,,SWE: 2023 - Swedish Cup (5 results),SWE: 2021 - Mälar Cup (5 results); 2022 - Mälar Cup (11 results),Alexander Benyaminne: 2025: SWE:28 | Alexander Benjaminne: 2024: SWE:4
athlete_match_41944f15a0ccd82c,medium,possible_existing_athlete_match,Cian O'Murchu Harris,MAG,7369,Cian O Murchu Harris,IRL,0.95,"IRL, IRL",,,merge as same athlete,,,,IRL: 2023 - Irish Championships (3 results),IRL: 2019 - Irish Championships (3 results); 2019 - Irish Super Championships (1 results); 2022 - Irish Championships (2 results),Cian O'Murchu Harris: not found 2024-2025 | Cian O Murchu Harris: not found 2024-2025
athlete_match_516deda1be73ff54,medium,possible_existing_athlete_match,Vitaliy Sukhodolskiy,MAG,8726,Vitaliy Sukhodolskin,RUS,0.95,"RUS, RUS",,,merge as same athlete,,,,RUS: 2023 - Russian Cup (2 results),RUS: 2019 - Russian Junior Championships (15 results),Vitaliy Sukhodolskiy: 2024: RUS:6 / 2025: RUS:21 | Vitaliy Sukhodolskin: not found 2024-2025
athlete_match_2cf683e534b5bf7a,medium,possible_existing_athlete_match,Caoimhe Ni Drisceoil,WAG,9260,Caoimhe Ni Driscoeil,IRL,0.95,"IRL, IRL",,,merge as same athlete,,,,IRL: 2023 - Salamunov Memorial (5 results),IRL: 2019 - Irish Championships (5 results); 2022 - European Championships (2 results); 2022 - Irish Championships (5 results),Caoimhe Ni Drisceoil: 2024: IRL:10 / 2025: IRL:4 | Caoimhe Ni Driscoeil: not found 2024-2025
athlete_match_fa9816eb812c885b,medium,possible_existing_athlete_match,Marissa Zaiful Azlan,WAG,16918,Marrisa Zaiful Azlan,MAS,0.95,"MAS, MAS",,,merge as same athlete,,,,MAS: 2023 - Australian Junior Classic (5 results),MAS: 2022 - Singapore Open (12 results),Marissa Zaiful Azlan: not found 2024-2025 | Marrisa Zaiful Azlan: not found 2024-2025
athlete_match_c14c5da65d86bc27,medium,possible_existing_athlete_match,Abiyurafi,MAG,2365,Rafi Abiyu,INA,0.947,"INA, INA",,,merge as same athlete,,,,INA: 2023 - Southeast Asian Games (5 results),INA: 2018 - Asian Junior Championships (7 results),Abiyurafi: 2025: INA:17 | Rafi Abiyu: not found 2024-2025
athlete_match_881b90efecf85ca7,medium,possible_existing_athlete_match,Ahmed Riadh Aliouat,MAG,14971,Ahmed-Riadh Aliouat,ALG,0.947,"ALG, ALG",,,merge as same athlete,,,,ALG: 2023 - African Championships (1 results); 2023 - Cairo World Cup (2 results); 2023 - World Championships (2 results),ALG: 2022 - African Championships (10 results),Ahmed Riadh Aliouat: 2024: ALG:9 / 2025: ALG:5 | Ahmed-Riadh Aliouat: 2025: ALG:2
athlete_match_501279581491160c,medium,possible_existing_athlete_match,Bae Garam,MAG,323,Bae Ga-ram,KOR,0.947,"KOR, KOR",,,merge as same athlete,,,,KOR: 2023 - Asian Games (5 results),KOR: 2018 - World Championships (5 results); 2019 - Korea Cup (2 results); 2019 - Tokyo World Cup (7 results); 2021 - South Korean Championships (5 results); 2021 - South Korean Olympic Trials (14 results); 2021 - World Championships (1 results),Bae Garam: 2024: KOR:7 / 2025: KOR:11 | Bae Ga-ram: not found 2024-2025
athlete_match_2a22e7007627cc9d,medium,possible_existing_athlete_match,Hur Woong,MAG,7689,Hur Wo-ong,KOR,0.947,"KOR, KOR",,,merge as same athlete,,,,KOR: 2023 - Cottbus World Cup (2 results),KOR: 2019 - Cottbus World Cup (2 results),Hur Woong: 2024: KOR:18 / 2025: KOR:21 | Hur Wo-ong: not found 2024-2025
athlete_match_4a745c2fd578b9f4,medium,possible_existing_athlete_match,Karol Kolodziejecyk,MAG,12670,Karol Kolodziejczyk,POL,0.947,"POL, POL",,,merge as same athlete,,,,POL: 2023 - International Junior Team Cup (5 results),POL: 2021 - Polish Junior Cup (7 results); 2022 - Polish Championships (10 results),Karol Kolodziejecyk: not found 2024-2025 | Karol Kolodziejczyk: not found 2024-2025
athlete_match_cb962523e02090a4,medium,possible_existing_athlete_match,Kim Jaeho,MAG,1603,Kim Jae Ho,KOR,0.947,"KOR, KOR",,,merge as same athlete,,,,KOR: 2023 - South Korean Championships (5 results),KOR: 2018 - Asian Junior Championships (5 results); 2021 - South Korean Olympic Trials (14 results); 2022 - World Championships (12 results),Kim Jaeho: 2024: KOR:10 / 2025: KOR:57 | Kim Jae Ho: not found 2024-2025
athlete_match_3912c88fddb96f25,medium,possible_existing_athlete_match,Lee Junho,MAG,1676,Lee Jun-ho,KOR,0.947,"KOR, KOR",,,merge as same athlete,,,,KOR: 2023 - World Championships (5 results),KOR: 2018 - Asian Games (13 results); 2018 - World Championships (7 results); 2019 - Arthur Gander Memorial (4 results); 2019 - Swiss Cup (2 results); 2019 - World Championships (5 results); 2021 - Olympic Games (16 results); 2021 - South Korean Championships (9 results); 2021 - South Korean Olympic Trials (16 results); 2021 - World Championships (9 results); 2022 - Doha World Cup (6 results); 2022 - World Championships (15 results),Lee Junho: 2024: KOR:24 / 2025: KOR:14 | Lee Jun-ho: not found 2024-2025
athlete_match_9fca946d7e672b22,high,possible_existing_athlete_match,Lucas Rosa,MAG,15479,Lucas Ros,BEL,0.947,"BEL, BRA",,,keep separate,,,,BRA: 2023 - Brazilian Championships (4 results),BEL: 2022 - Wase Gymcup (3 results),Lucas Rosa: not found 2024-2025 | Lucas Ros: not found 2024-2025
athlete_match_097179e956a0cfac,medium,possible_existing_athlete_match,Anastasija Ananjeva,WAG,3480,Anastasija Ananyeva,LAT,0.947,"LAT, LAT",,,merge as same athlete,,,,LAT: 2023 - European Championships (5 results),LAT: 2018 - Dityatin Cup (8 results); 2019 - Latvian Championships (10 results); 2019 - Tiger Cup (9 results); 2019 - Voronin Cup (5 results); 2020 - European Championships (5 results); 2022 - European Championships (7 results); 2022 - Latvian Championships (5 results); 2022 - Latvian Cup (11 results); 2022 - Mersin Challenge Cup (9 results),Anastasija Ananjeva: 2024: LAT:40 / 2025: LAT:41 | Anastasija Ananyeva: not found 2024-2025
athlete_match_2aeea8494a04d506,medium,possible_existing_athlete_match,Aoka Mori,WAG,3621,Aoika Mori,JPN,0.947,"JPN, JPN",,,merge as same athlete,,,,JPN: 2023 - All-Japan Student Championships (5 results),JPN: 2018 - All-Japan Championships (5 results); 2018 - All-Japan Team Championships (5 results); 2019 - All-Japan Championships (10 results); 2019 - All-Japan Event Championships (2 results); 2019 - All-Japan Junior Championships (5 results); 2019 - Cottbus World Cup (1 results); 2019 - Japanese International Trials (5 results); 2019 - NHK Trophy (5 results); 2020 - All-Japan Championships (10 results); 2020 - All-Japan Student Championships (5 results); 2020 - Melbourne World Cup (2 results); 2021 - All-Japan Championships (5 results); 2021 - All-Japan Event Championships (2 results); 2021 - All-Japan Student Championships (5 results); 2021 - All-Japan Team Championships (1 results); 2022 - All-Japan Championships (10 results); 2022 - All-Japan Event Championships (2 results); 2022 - All-Japan Team Championships (1 results); 2022 - NHK Trophy (5 results),Aoka Mori: not found 2024-2025 | Aoika Mori: not found 2024-2025
athlete_match_6853fa5533656ccd,medium,possible_existing_athlete_match,Darija Pesternikova,WAG,16263,Darija Petsernikova,LAT,0.947,"LAT, LAT",,,merge as same athlete,,,,LAT: 2023 - Latvian Championships (5 results),LAT: 2022 - Latvian Championships (5 results); 2022 - Latvian Cup (5 results),Darija Pesternikova: not found 2024-2025 | Darija Petsernikova: not found 2024-2025
athlete_match_aad16cf15eb4f3f5,medium,possible_existing_athlete_match,Djeneba Barro-Vela,WAG,4156,Djenebba Barro-Vella,FRA,0.947,"FRA, FRA",,,merge as same athlete,,,,FRA: 2024 - Top 12 Series 3 (2024 Season) (1 results),FRA: 2018 - Tournoi International (5 results); 2020 - Top 12 Series 3 (1 results); 2021 - Elite Gym Massilia (5 results); 2021 - Top 12 Championships (3 results),Djeneba Barro-Vela: not found 2024-2025 | Djenebba Barro-Vella: not found 2024-2025
athlete_match_bbde7d2615b9d52c,medium,possible_existing_athlete_match,Kim Minji,WAG,10012,Kim Min-ji,KOR,0.947,"KOR, KOR",,,merge as same athlete,,,,KOR: 2023 - South Korean Championships (5 results),KOR: 2019 - Korean National Team Selection (5 results); 2021 - Korean National Sports Festival (7 results); 2021 - South Korean Championships (5 results),Kim Minji: 2024: KOR:6 / 2025: KOR:13 | Kim Min-ji: not found 2024-2025
athlete_match_cf9d04a6d7bab0ac,medium,possible_existing_athlete_match,Lee Eunju,WAG,5319,Lee Eun-ju,KOR,0.947,"KOR, KOR",,,merge as same athlete,,,,KOR: 2023 - South Korean Championships (2 results),KOR: 2018 - Asian Games (3 results); 2018 - South Korean Championships (4 results); 2018 - World Championships (3 results); 2019 - Asian Championships (8 results); 2019 - Korean National Team Selection (5 results); 2019 - World Championships (2 results); 2019 - Zhaoqing Challenge Cup (6 results); 2022 - Asian Championships (1 results),Lee Eunju: 2025: KOR:3 | Lee Eun-ju: not found 2024-2025
athlete_match_b2c80db4b71952db,medium,possible_existing_athlete_match,Lee Somin,WAG,14205,Lee Soomin,KOR,0.947,"KOR, KOR",,,merge as same athlete,,,,KOR: 2023 - South Korean Championships (5 results),KOR: 2021 - Korean National Sports Festival (1 results); 2021 - South Korean Championships (5 results),Lee Somin: 2024: KOR:6 / 2025: KOR:7 | Lee Soomin: not found 2024-2025
athlete_match_99fdbf173b312799,medium,possible_existing_athlete_match,Lia Monica Fontaine,WAG,16763,Lia-Monica Fontaine,CAN,0.947,"CAN, CAN",,,merge as same athlete,,,,CAN: 2023 - Canadian Championships (5 results),CAN: 2022 - Gymnova Cup (8 results),Lia Monica Fontaine: 2024: CAN:73 / 2025: CAN:74 | Lia-Monica Fontaine: not found 2024-2025
athlete_match_7b7b4aff915bec6f,medium,possible_existing_athlete_match,Lisa Katharina Hill,WAG,5441,Lisa-Katharina Hill,GER,0.947,"GER, GER",,,merge as same athlete,,,,GER: 2023 - 2nd Bundesliga (2 results); 2023 - 3rd Bundesliga (1 results),GER: 2018 - 4th Bundesliga (1 results); 2018 - Bundesliga Finals (1 results); 2018 - German Championships (2 results); 2018 - German Worlds Trial (1 results); 2018 - Salamunov Memorial (2 results); 2019 - 1st Bundesliga (1 results); 2019 - 1st Spanish League (1 results); 2019 - 3rd Spanish League (1 results); 2019 - Doha World Cup (2 results); 2019 - Reykjavik International Games (2 results); 2019 - Spanish League Finals (1 results); 2020 - 2nd Bundesliga (1 results); 2021 - 1st Bundesliga (1 results); 2021 - 2nd Bundesliga (1 results); 2021 - Bundesliga Finals (1 results); 2021 - Spanish League Finals (1 results); 2022 - 1st Bundesliga (1 results); 2022 - 2nd Spanish League (1 results); 2022 - 3rd Bundesliga (1 results); 2022 - 3rd Spanish League (1 results); 2022 - Bundesliga Finals (1 results),Lisa Katharina Hill: not found 2024-2025 | Lisa-Katharina Hill: not found 2024-2025
athlete_match_0fed4dcca9c775b4,medium,possible_existing_athlete_match,Rosane Dubard-Berby,WAG,10852,Rosane Dubard Berby,FRA,0.947,"FRA, FRA",,,merge as same athlete,,,,FRA: 2023 - French Championships (1 results),FRA: 2019 - Elite Gym Massilia (10 results); 2020 - Coupe d'Hiver (5 results); 2020 - French Test Meet (5 results); 2021 - French Championships (10 results); 2021 - Munich Junior Friendly (5 results); 2021 - Tournoi International (6 results); 2022 - French Championships (6 results); 2022 - Gymnova Cup (7 results),Rosane Dubard-Berby: 2024: FRA:28 / 2025: FRA:5 | Rosane Dubard Berby: not found 2024-2025
athlete_match_f5e99612ec486fe1,medium,possible_existing_athlete_match,Sol Sigurdardottir,WAG,11011,Soley Sigurdardottir,ISL,0.947,"ISL, ISL",,,merge as same athlete,,,,ISL: 2023 - Iceland Classic (2 results); 2023 - Icelandic Championships (2 results),ISL: 2019 - Björk International (2 results); 2019 - Unni & Haralds Trophy (7 results); 2022 - GK Championships (5 results); 2022 - Icelandic Championships (6 results),Sol Sigurdardottir: not found 2024-2025 | Soley Sigurdardottir: not found 2024-2025
athlete_match_e59a000e4fc2f77b,medium,possible_existing_athlete_match,Yelizaveta Hubareva,WAG,7044,Yelyzaveta Hubareva,UKR,0.947,"UKR, UKR",,,merge as same athlete,,,,UKR: 2023 - Baku World Cup (2 results); 2023 - Szombathely Challenge Cup (3 results),UKR: 2018 - Gym Festival Trnava (6 results); 2018 - Stella Zakharova Cup (12 results); 2019 - European Games Test Event (11 results); 2019 - European Youth Olympic Festival (7 results); 2019 - Gym Festival Trnava (6 results); 2019 - Junior World Championships (5 results); 2019 - Stella Zakharova Cup (6 results); 2019 - Ukrainian Championships (5 results); 2020 - European Championships (5 results); 2020 - Ukrainian Championships (8 results); 2021 - 2nd Bundesliga (5 results); 2021 - Arthur Gander Memorial (3 results); 2021 - Cairo Challenge Cup (4 results); 2021 - European Championships (5 results); 2021 - Koper Challenge Cup (10 results); 2021 - Mersin Challenge Cup (4 results); 2021 - Osijek Challenge Cup (2 results); 2021 - Swiss Cup (4 results); 2021 - Ukraine International Cup (4 results); 2021 - Ukrainian Championships (5 results); 2021 - World Championships (10 results); 2022 - 2nd Bundesliga (3 results); 2022 - European Championships (5 results); 2022 - World Championships (1 results),Yelizaveta Hubareva: 2024: UKR:19 | Yelyzaveta Hubareva: not found 2024-2025
athlete_match_b26c4d7732369107,medium,possible_existing_athlete_match,Yun Narae,WAG,7078,Yun Na-rae,KOR,0.947,"KOR, KOR",,,merge as same athlete,,,,KOR: 2023 - South Korean Championships (5 results),KOR: 2018 - Asian Games (7 results); 2018 - South Korean Championships (10 results); 2018 - World Championships (5 results); 2019 - Korean National Team Selection (5 results); 2021 - South Korean Championships (1 results),Yun Narae: 2024: KOR:5 / 2025: KOR:15 | Yun Na-rae: not found 2024-2025
athlete_match_d9f23006d1acc888,medium,possible_existing_athlete_match,Elias Ingebrigsten,MAG,11418,Elias Ingebrigtsen,NOR,0.944,"NOR, NOR",,,merge as same athlete,,,,NOR: 2023 - Nordic Junior Championships (5 results),NOR: 2020 - Norwegian Junior Championships (9 results); 2021 - Norwegian Championships (12 results); 2021 - Norwegian Junior Championships (7 results); 2021 - Unnis & Haralds Trophy (15 results); 2022 - Unisport Norges Cup (4 results),Elias Ingebrigsten: not found 2024-2025 | Elias Ingebrigtsen: 2024: NOR:2
athlete_match_fcc050cad574a5d9,medium,possible_existing_athlete_match,Maximilian Glaeser,MAG,15546,Maximillian Glaser,GER,0.944,"GER, GER",,,merge as same athlete,,,,GER: 2023 - 1st Bundesliga (1 results); 2023 - 2nd Bundesliga (2 results); 2023 - 3rd Bundesliga (1 results); 2023 - European Youth Olympic Festival (1 results),GER: 2022 - Newport Friendly (7 results),Maximilian Glaeser: 2024: GER:23 / 2025: GER:3 | Maximillian Glaser: not found 2024-2025
athlete_match_8787ebed379981a4,high,possible_existing_athlete_match,Nazar Vasylkovskiy,MAG,11542,Nazar Vasylkovskyi,UKR,0.944,"CRO, UKR",,,merge as same athlete,country history,CRO,,CRO: 2023 - Croatian Championships (5 results),UKR: 2020 - AGF Junior Trophy (7 results),Nazar Vasylkovskiy: not found 2024-2025 | Nazar Vasylkovskyi: not found 2024-2025
athlete_match_5845cdc5ca754793,medium,possible_existing_athlete_match,Nikita Parfenovych,MAG,15601,Nikita Parfenovich,BLR,0.944,"BLR, BLR",,,merge as same athlete,,,,BLR: 2023 - Belarus Open Cup (5 results),BLR: 2022 - Mogilev Friendly (7 results),Nikita Parfenovych: not found 2024-2025 | Nikita Parfenovich: not found 2024-2025
athlete_match_4d7f399f079f9680,medium,possible_existing_athlete_match,Ravshan Kamilianov,MAG,8353,Ravshan Kamiljanov,UZB,0.944,"UZB, UZB",,,merge as same athlete,,,,UZB: 2023 - Varna Challenge Cup (3 results),UZB: 2019 - Junior World Championships (7 results),Ravshan Kamilianov: not found 2024-2025 | Ravshan Kamiljanov: 2024: UZB:12 / 2025: UZB:16
athlete_match_9d348f520d3fa2e8,medium,possible_existing_athlete_match,Kyriaki Boukouvala,WAG,16700,Kyriaki Moukouvala,GRE,0.944,"GRE, GRE",,,merge as same athlete,,,,GRE: 2023 - Greek Championships (4 results),GRE: 2022 - Greek Championships (2 results),Kyriaki Boukouvala: 2024: GRE:1 | Kyriaki Moukouvala: not found 2024-2025
athlete_match_ed040af2ee1b965a,medium,possible_existing_athlete_match,Leah-Isabell Jakobsen-Dahle,WAG,14195,Leah-Isabel Jacobsen-Dahle,NOR,0.943,"NOR, NOR",,,merge as same athlete,,,,NOR: 2023 - Mälar Cup (5 results),NOR: 2021 - 2nd Norwegian FIG Meet (2 results); 2021 - Norwegian FIG Meet (5 results); 2021 - Norwegian Junior Championships (5 results); 2022 - Norwegian FIG Meet 1 (5 results); 2022 - Norwegian FIG Meet 2 (5 results); 2022 - Norwegian Junior Championships (5 results); 2022 - Unni & Haralds Trophy (5 results),Leah-Isabell Jakobsen-Dahle: not found 2024-2025 | Leah-Isabel Jacobsen-Dahle: not found 2024-2025
athlete_match_bbcb41fba62b63b5,medium,possible_existing_athlete_match,Ahn Junki,MAG,15008,An Junki,KOR,0.941,"KOR, KOR",,,merge as same athlete,,,,KOR: 2023 - South Korean Championships (5 results),KOR: 2022 - Vera Caslavska Grand Prix (2 results),Ahn Junki: 2024: KOR:9 | An Junki: 2025: KOR:8
athlete_match_39c99a4a1cf9343b,medium,possible_existing_athlete_match,Andrew Fung O Long,MAG,7233,Andrew Fung Long,HKG,0.941,"HKG, HKG",,,merge as same athlete,,,,HKG: 2023 - Singapore Open (1 results),HKG: 2019 - Asian Junior Cup (6 results),Andrew Fung O Long: not found 2024-2025 | Andrew Fung Long: not found 2024-2025
athlete_match_36c9cbcce2b52396,medium,possible_existing_athlete_match,Bogdan Mihajlovic,MAG,7309,Bogdan Mihaljovic,SRB,0.941,"SRB, SRB",,,merge as same athlete,,,,SRB: 2023 - Salamunov Memorial (2 results),SRB: 2019 - Horizon Cup (7 results); 2022 - Gymnasiade (4 results),Bogdan Mihajlovic: not found 2024-2025 | Bogdan Mihaljovic: not found 2024-2025
athlete_match_4eaef85f58dab9e0,medium,possible_existing_athlete_match,Niccolò Vannucchi,MAG,2129,Niccolo Vannucchi,ITA,0.941,"ITA, ITA",,,merge as same athlete,,,,ITA: 2023 - 1st Italian Serie A (5 results),ITA: 2018 - Italian Championships (4 results); 2019 - 1st Italian Serie A (5 results); 2019 - 2nd Italian Serie A (7 results); 2019 - 3rd Italian Serie A (7 results); 2019 - Italian Championships (6 results); 2019 - Mediterranean Championships (11 results); 2020 - 1st Italian Serie A (5 results); 2020 - 3rd Italian Serie A (4 results); 2020 - Italian Serie A Final Six (6 results); 2021 - 1st Italian Serie A (7 results); 2021 - 2nd Itailan Serie A (7 results); 2021 - 3rd Italian Serie A (7 results); 2021 - Italian Championships (12 results); 2021 - Mersin Challenge Cup (5 results); 2021 - Osijek Challenge Cup (3 results); 2022 - 1st Italian Serie A (7 results); 2022 - 2nd Bundlesiga League 2 (3 results); 2022 - 2nd Italian Serie A (5 results); 2022 - 3rd Bundesliga League 2 (3 results); 2022 - 3rd Italian Serie A (5 results); 2022 - 5th Bundesliga League 2 (3 results); 2022 - 6th Bundesliga League 2 (3 results); 2022 - 7th Bundesliga League 2 (3 results); 2022 - Bundesliga Promotion Final (3 results); 2022 - Italian Championships (9 results); 2022 - Italian Serie A Final Six (6 results); 2022 - Paris Challenge Cup (5 results),Niccolò Vannucchi: 2024: ITA:79 / 2025: ITA:45 | Niccolo Vannucchi: not found 2024-2025
athlete_match_10b49691fe2c94e7,medium,possible_existing_athlete_match,Sébastien Lambert,MAG,2592,Sebastien Lambert,FRA,0.941,"FRA, FRA",,,merge as same athlete,,,,FRA: 2023 - Top 12 Series 3 (1 results); 2023 - Top 12 Series 7 (2 results); 2024 - Top 12 Series 2 (2024 Season) (2 results),FRA: 2018 - French Championships (7 results); 2019 - French Championships (7 results); 2019 - Top 12 Series 3 (1 results); 2021 - Top 12 Championships (1 results); 2022 - French Championships (12 results); 2022 - Top 12 Series 2 (1 results); 2022 - Top 12 Series 3 (1 results); 2022 - Top 12 Series 7 (1 results); 2023 - Top 12 Series 3 (2023) (1 results),Sébastien Lambert: 2024: FRA:9 / 2025: FRA:1 | Sebastien Lambert: not found 2024-2025
athlete_match_3fa35e69844d3c74,medium,possible_existing_athlete_match,Steijn Laschewski,MAG,8557,Stejin Laschewski,NED,0.941,"NED, NED",,,merge as same athlete,,,,NED: 2023 - Dutch Championships (5 results),NED: 2019 - Wase Gymcup (8 results); 2021 - Wase Gymcup (5 results); 2022 - International Junior Team Cup (10 results),Steijn Laschewski: 2024: NED:16 / 2025: NED:18 | Stejin Laschewski: not found 2024-2025
athlete_match_8c70f1696b24971e,medium,possible_existing_athlete_match,Timofei Prostakov,MAG,2814,Timofey Prostakov,RUS,0.941,"RUS, RUS",,,merge as same athlete,,,,RUS: 2023 - Russian Championships (3 results),RUS: 2018 - Dityatin Cup (8 results); 2018 - Russian Junior Championships (18 results); 2018 - Voronin Cup (7 results); 2019 - Reykjavik International Games (7 results); 2019 - Russian Junior Championships (19 results); 2019 - Voronin Cup (11 results); 2020 - Russian Championships (18 results); 2022 - Spartakiade (3 results),Timofei Prostakov: not found 2024-2025 | Timofey Prostakov: not found 2024-2025
athlete_match_f3cb4a53f731aa09,medium,possible_existing_athlete_match,Vyacheslav Viktor,MAG,15835,Vyacheslav Viktov,RUS,0.941,"RUS, RUS",,,merge as same athlete,,,,RUS: 2023 - Russian Junior Championships (5 results),RUS: 2022 - Russian Championships (7 results),Vyacheslav Viktor: 2024: RUS:2 | Vyacheslav Viktov: not found 2024-2025
athlete_match_db092d9583de104e,medium,possible_existing_athlete_match,Vladislav Karepin,MAG,13253,Vladislav Karelin,RUS,0.941,"RUS, RUS",,,merge as same athlete,,,,RUS: 2023 - Russian Junior Championships (5 results),RUS: 2021 - Russian Youth Spartakiade (14 results); 2022 - Russian Championships (16 results); 2022 - Spartakiade (5 results),Vladislav Karepin: 2024: RUS:7 | Vladislav Karelin: not found 2024-2025
athlete_match_ed20034542a3fa8a,medium,possible_existing_athlete_match,Yan Zong,MAG,13273,Yan Zhong,CHN,0.941,"CHN, CHN",,,merge as same athlete,,,,CHN: 2023 - Chinese Championships (5 results),CHN: 2021 - Chinese Youth Games (10 results); 2022 - Chinese Championships (14 results),Yan Zong: not found 2024-2025 | Yan Zhong: 2024: CHN:7 / 2025: CHN:5
athlete_match_ccbc97a2b8898ae7,medium,possible_existing_athlete_match,Anastasiya Dyatko,WAG,3482,Anastasija Dyatko,BLR,0.941,"BLR, BLR",,,merge as same athlete,,,,BLR: 2023 - Belarus Open Cup (5 results),BLR: 2018 - Dityatin Cup (5 results),Anastasiya Dyatko: 2024: BLR:4 | Anastasija Dyatko: not found 2024-2025
athlete_match_b8a5b899eaad5261,medium,possible_existing_athlete_match,Anelena Rodriguez,WAG,13447,Analena Rodriguez,CRC,0.941,"CRC, CRC",,,merge as same athlete,,,,CRC: 2023 - Central American & Caribbean Games (5 results),CRC: 2021 - Junior Pan American Games (5 results); 2022 - Pan American Championships (10 results),Anelena Rodriguez: not found 2024-2025 | Analena Rodriguez: not found 2024-2025
athlete_match_591b5f63c7416814,medium,possible_existing_athlete_match,Angeliki Salepaki,WAG,15924,Aggeliki Salepaki,GRE,0.941,"GRE, GRE",,,merge as same athlete,,,,GRE: 2023 - Greek Championships (5 results),GRE: 2022 - Horizon Cup (5 results),Angeliki Salepaki: not found 2024-2025 | Aggeliki Salepaki: 2024: GRE:29 / 2025: GRE:7
athlete_match_3ae80d75c7c61fe9,high,possible_existing_athlete_match,Anhelina Simakova,WAG,3529,Angelina Simakova,RUS,0.941,"BLR, RUS",,,keep separate,,,,BLR: 2023 - Belarus Open Cup (5 results),RUS: 2018 - European Championships (8 results); 2018 - Joaquin Blume Memorial (5 results); 2018 - Russian Championships (15 results); 2018 - Russian Cup (15 results); 2018 - Tokyo World Cup (5 results); 2018 - World Championships (3 results); 2019 - DTB Team Challenge (8 results); 2019 - European Championships (10 results); 2019 - Russian Championships (12 results); 2019 - Russian Cup (12 results); 2020 - Voronin Cup (4 results); 2021 - Russian Championships (5 results),Anhelina Simakova: 2024: BLR:7 | Angelina Simakova: not found 2024-2025
athlete_match_7b6f08c7e6b832ab,medium,possible_existing_athlete_match,Ham Miju,WAG,4665,Ham Mi-ju,KOR,0.941,"KOR, KOR",,,merge as same athlete,,,,KOR: 2023 - South Korean Championships (3 results),KOR: 2018 - Asian Games (4 results); 2018 - South Korean Championships (10 results); 2018 - World Championships (1 results); 2019 - Asian Championships (11 results); 2019 - Korean National Team Selection (5 results); 2019 - World Championships (2 results),Ham Miju: 2024: KOR:2 / 2025: KOR:18 | Ham Mi-ju: not found 2024-2025
athlete_match_82a0388c8a21bb0d,medium,possible_existing_athlete_match,Luisa Duany-Pohle,WAG,16822,Luisa Duany Pohle,GER,0.941,"GER, GER",,,merge as same athlete,,,,GER: 2023 - 1st Bundesliga (1 results),GER: 2022 - German Junior Championships (5 results),Luisa Duany-Pohle: not found 2024-2025 | Luisa Duany Pohle: not found 2024-2025
athlete_match_88e948a6e7eb9281,medium,possible_existing_athlete_match,Maëlys Mrozkowiak,WAG,14307,Maelys Mrozkowiak,FRA,0.941,"FRA, FRA",,,merge as same athlete,,,,FRA: 2024 - Top 12 Series 2 (2024 Season) (5 results),FRA: 2021 - French Championships (5 results); 2021 - French National Team Review (5 results); 2021 - Swiss Cup Juniors (5 results); 2021 - Top 12 Championships (1 results); 2022 - Elek Matolay Memorial (6 results); 2022 - Essen Junior Friendly (5 results); 2022 - French Championships (5 results); 2022 - French Test Meet (5 results); 2022 - Michel Wanten Cup (8 results); 2022 - Top 12 Series 1 (2 results); 2022 - Top 12 Series 3 (5 results); 2022 - Tournoi International (5 results),Maëlys Mrozkowiak: 2024: FRA:11 | Maelys Mrozkowiak: not found 2024-2025
athlete_match_b9731252d21b5eae,medium,possible_existing_athlete_match,Maria Angel Garcia,WAG,14377,Mariangel Garcia,COL,0.941,"COL, COL",,,merge as same athlete,,,,COL: 2023 - Colombian Championships (5 results),COL: 2021 - Colombia Control Meet (5 results); 2022 - South American Junior Championships (7 results),Maria Angel Garcia: not found 2024-2025 | Mariangel Garcia: not found 2024-2025
athlete_match_8158f0e101bfee42,medium,possible_existing_athlete_match,Milena Baghramyan,WAG,14469,Miléna Baghramyan,FRA,0.941,"FRA, FRA",,,merge as same athlete,,,,FRA: 2023 - French Championships (5 results),FRA: 2021 - French National Team Review (5 results),Milena Baghramyan: not found 2024-2025 | Miléna Baghramyan: not found 2024-2025
athlete_match_e3c7540671d9d8d9,medium,possible_existing_athlete_match,Aliaksei Senyuta,MAG,7209,Aliaksei Seniuta,BLR,0.938,"BLR, BLR",,,merge as same athlete,,,,BLR: 2023 - Belarus Open Cup (5 results),BLR: 2019 - Larisa Latynina Cup (11 results); 2022 - Mogilev Friendly (7 results),Aliaksei Senyuta: 2024: BLR:7 | Aliaksei Seniuta: not found 2024-2025
athlete_match_81ecb18bc6e829d8,medium,possible_existing_athlete_match,Anton Koltunchyk,MAG,15021,Anton Koltunchik,BLR,0.938,"BLR, BLR",,,merge as same athlete,,,,BLR: 2023 - Belarus Open Cup (5 results),BLR: 2022 - Mogilev Friendly (7 results); 2022 - Voronin Cup (7 results),Anton Koltunchyk: not found 2024-2025 | Anton Koltunchik: not found 2024-2025
athlete_match_777b474c89aa1737,medium,possible_existing_athlete_match,Jakob Söderqvist,MAG,7740,Jacob Söderqvist,SWE,0.938,"SWE, SWE",,,merge as same athlete,,,,SWE: 2023 - Mälar Cup (1 results),SWE: 2019 - Lingvallen Cup (3 results); 2019 - Mälar Cup (10 results); 2019 - Swedish Junior Men's Championships (7 results); 2020 - Swedish Championships (17 results); 2021 - Mälar Cup (16 results); 2021 - Nordic Junior Championships (2 results); 2021 - Swedish Championships (16 results); 2021 - Swedish Cup (13 results); 2022 - European Championships (7 results); 2022 - European Youth Olympic Festival (7 results); 2022 - Mälar Cup (6 results); 2022 - Nordic Championships (13 results),Jakob Söderqvist: not found 2024-2025 | Jacob Söderqvist: not found 2024-2025
athlete_match_d3922623d171f472,medium,possible_existing_athlete_match,Lyubomir Stanoev,MAG,15463,Liubomir Stanoev,BUL,0.938,"BUL, BUL",,,merge as same athlete,,,,BUL: 2023 - Bulgarian Championships (5 results),BUL: 2022 - Horizon Cup (9 results),Lyubomir Stanoev: 2024: BUL:31 / 2025: BUL:11 | Liubomir Stanoev: not found 2024-2025
athlete_match_48004d94c59fc899,medium,possible_existing_athlete_match,Mykola Syniukhin,MAG,11539,Mykola Synyukhin,UKR,0.938,"UKR, UKR",,,merge as same athlete,,,,UKR: 2023 - German Championships (5 results),UKR: 2020 - Ukrainian Championships (9 results); 2021 - 1st Bundesliga (7 results); 2021 - 2nd Bundesliga (7 results); 2021 - 7th Bundesliga (7 results); 2022 - 1st Bundlesiga League 2 (5 results); 2022 - 2nd Bundlesiga League 2 (4 results); 2022 - 3rd Bundesliga League 2 (3 results); 2022 - 4th Bundesliga League 2 (7 results); 2022 - 5th Bundesliga League 2 (5 results); 2022 - 6th Bundesliga League 2 (4 results); 2022 - 7th Bundesliga League 2 (4 results); 2022 - Varna Challenge Cup (3 results),Mykola Syniukhin: 2025: UKR:12 | Mykola Synyukhin: not found 2024-2025
athlete_match_84ecee272daccf4f,medium,possible_existing_athlete_match,Nicolò Lucchetti,MAG,8247,Nicolo Lucchetti,ITA,0.938,"ITA, ITA",,,merge as same athlete,,,,ITA: 2023 - 1st Italian Serie A (2 results); 2023 - 2nd Italian Serie A (3 results),ITA: 2019 - 2nd Italian Serie A (1 results); 2019 - 3rd Italian Serie A (1 results); 2020 - 1st Italian Serie A (1 results); 2020 - 2nd Italian Serie A (1 results); 2020 - 3rd Italian Serie A (1 results); 2020 - Italian Serie A Final Six (2 results); 2021 - 2nd Itailan Serie A (2 results),Nicolò Lucchetti: 2024: ITA:7 / 2025: ITA:9 | Nicolo Lucchetti: not found 2024-2025
athlete_match_2fdc7714584329bb,medium,possible_existing_athlete_match,Taisei Kobayashi,MAG,15119,Daisei Kobayashi,JPN,0.938,"JPN, JPN",,,merge as same athlete,,,,JPN: 2023 - All-Japan Student Championships (5 results),JPN: 2022 - All-Japan Team Championships (2 results),Taisei Kobayashi: 2024: JPN:7 | Daisei Kobayashi: not found 2024-2025
athlete_match_71b7ae0143bf1098,medium,possible_existing_athlete_match,Vasileios Provias,MAG,8715,Vasilis Provias,GRE,0.938,"GRE, GRE",,,merge as same athlete,,,,GRE: 2023 - Greek Championships (5 results),GRE: 2019 - Horizon Cup (7 results); 2021 - Greek Championships (4 results); 2022 - Greek Championships (12 results); 2022 - Horizon Cup (9 results),Vasileios Provias: 2024: GRE:5 | Vasilis Provias: not found 2024-2025
athlete_match_f4f2e54164472d37,medium,possible_existing_athlete_match,Yasunari Tsuruki,MAG,8844,Yusunari Tsuruki,JPN,0.938,"JPN, JPN",,,merge as same athlete,,,,JPN: 2023 - All-Japan Student Championships (5 results),JPN: 2019 - All-Japan Junior Championships (7 results),Yasunari Tsuruki: not found 2024-2025 | Yusunari Tsuruki: not found 2024-2025
athlete_match_16f17a15f720510e,medium,possible_existing_athlete_match,Andjela Zivanovic,WAG,16033,Andjela Zivanov,SRB,0.938,"SRB, SRB",,,merge as same athlete,,,,SRB: 2023 - Zelena Jama Open (5 results),SRB: 2022 - Elek Matolay Memorial (10 results); 2022 - Zelena Jama Open (5 results),Andjela Zivanovic: not found 2024-2025 | Andjela Zivanov: 2025: SRB:3
athlete_match_005f9b04a7f2c302,medium,possible_existing_athlete_match,Azuki Kokufugata,WAG,3703,Azuki Kokubugata,JPN,0.938,"JPN, JPN",,,merge as same athlete,,,,JPN: 2023 - All-Japan Student Championships (5 results),JPN: 2018 - All-Japan Event Championships (2 results); 2018 - All-Japan Team Championships (5 results); 2019 - All-Japan Championships (5 results); 2019 - All-Japan Event Championships (4 results); 2019 - All-Japan Junior Championships (5 results); 2019 - All-Japan Team Championships (5 results); 2019 - International Gymnix (7 results); 2020 - All-Japan Championships (10 results); 2020 - All-Japan Senior Championships (5 results); 2020 - WOGA Classic (5 results); 2021 - All-Japan Championships (5 results); 2021 - All-Japan Junior Championships (5 results); 2022 - All-Japan Championships (10 results); 2022 - All-Japan Event Championships (4 results); 2022 - NHK Trophy (5 results),Azuki Kokufugata: 2024: JPN:32 / 2025: JPN:24 | Azuki Kokubugata: not found 2024-2025
athlete_match_a9d6fccf247dca7e,medium,possible_existing_athlete_match,Gabriella Bergem,WAG,13878,Gabrielle Bergem,NOR,0.938,"NOR, NOR",,,merge as same athlete,,,,NOR: 2023 - Unni & Haralds Trophy (5 results),NOR: 2021 - 2nd Norwegian FIG Meet (5 results); 2021 - Norwegian FIG Meet (5 results); 2021 - Norwegian Junior Championships (7 results); 2021 - Unnis & Haralds Trophy (5 results); 2022 - Nordic Championships (5 results); 2022 - Norwegian FIG Meet 1 (5 results); 2022 - Norwegian FIG Meet 2 (5 results); 2022 - Norwegian Junior Championships (12 results); 2022 - Unni & Haralds Trophy (6 results),Gabriella Bergem: 2024: NOR:20 / 2025: NOR:6 | Gabrielle Bergem: not found 2024-2025
athlete_match_5d2e22182499098d,medium,possible_existing_athlete_match,Gleyce Rodrigues,WAG,9647,Gleice Rodrigues,BRA,0.938,"BRA, BRA",,,merge as same athlete,,,,BRA: 2023 - Brazil Trophy (2 results),BRA: 2019 - Brazilian Championships (5 results); 2022 - Brazil Trophy (10 results); 2022 - Brazilian Championships (2 results),Gleyce Rodrigues: not found 2024-2025 | Gleice Rodrigues: not found 2024-2025
athlete_match_afb032f3fefaf1e8,medium,possible_existing_athlete_match,Isabelle Böttger,WAG,9791,Isabella Böttger,RSA,0.938,"RSA, RSA",,,merge as same athlete,,,,RSA: 2023 - British Championships (1 results),RSA: 2019 - Olympic Hopes Cup (5 results); 2019 - South African Championships (10 results); 2021 - British Championships (5 results); 2021 - Rushmoor Rosebowl (5 results),Isabelle Böttger: not found 2024-2025 | Isabella Böttger: 2024: RSA:25 / 2025: RSA:3
athlete_match_631487fa7ff83280,medium,possible_existing_athlete_match,Katerina Strinic,WAG,5090,Katarina Strinic,CRO,0.938,"CRO, CRO",,,merge as same athlete,,,,CRO: 2023 - Elek Matolay Memorial (3 results),CRO: 2018 - Zelena Jama Open (5 results); 2019 - Salamunov Memorial (7 results); 2020 - European Championships (5 results),Katerina Strinic: not found 2024-2025 | Katarina Strinic: not found 2024-2025
athlete_match_c1c933864c79cac8,medium,possible_existing_athlete_match,Kristin Krusteva,WAG,16691,Kristin Krasteva,BUL,0.938,"BUL, BUL",,,merge as same athlete,,,,BUL: 2023 - Bulgarian Championships (5 results),BUL: 2022 - Balkan Championships (8 results); 2022 - Horizon Cup (5 results),Kristin Krusteva: not found 2024-2025 | Kristin Krasteva: 2024: BUL:50 / 2025: BUL:35
athlete_match_08224177ca0eed26,medium,possible_existing_athlete_match,Nazrin Humbatova,WAG,17038,Nazrin Humbetova,AZE,0.938,"AZE, AZE",,,merge as same athlete,,,,AZE: 2023 - Pharaoh's Cup (4 results),AZE: 2022 - Vera Caslavska Grand Prix (3 results),Nazrin Humbatova: not found 2024-2025 | Nazrin Humbetova: not found 2024-2025
athlete_match_ec344282382d0aab,medium,possible_existing_athlete_match,Noémia Conceição,WAG,6132,Noemia Conceição,POR,0.938,"POR, POR",,,merge as same athlete,,,,POR: 2023 - International GymSport (1 results); 2023 - Portuguese Championships (1 results),POR: 2018 - Portuguese Championships (7 results); 2019 - International GymSport (5 results); 2022 - Portuguese Championships (7 results),Noémia Conceição: not found 2024-2025 | Noemia Conceição: not found 2024-2025
athlete_match_6600aef2d8cbacb6,medium,possible_existing_athlete_match,Raphaëlle Letort,WAG,10775,Raphaëlle Letord,FRA,0.938,"FRA, FRA",,,merge as same athlete,,,,FRA: 2023 - French National Team Review (5 results),FRA: 2019 - Tournoi International (5 results); 2021 - French Championships (5 results); 2021 - French National Team Review (5 results); 2022 - French Championships (5 results); 2022 - Top 12 Series 1 (3 results); 2022 - Top 12 Series 3 (3 results),Raphaëlle Letort: 2024: FRA:10 / 2025: FRA:19 | Raphaëlle Letord: not found 2024-2025
athlete_match_d477851630a374e7,high,possible_existing_athlete_match,Veronika Zakova,WAG,6917,Veronika Kazakova,KAZ,0.938,"CZE, KAZ",,,keep separate,,,,CZE: 2023 - Salamunov Memorial (5 results),KAZ: 2018 - Kazakhstan Championships (5 results); 2018 - Kazakhstan Junior Championships (6 results); 2018 - President's Cup (5 results),Veronika Zakova: 2024: CZE:5 | Veronika Kazakova: not found 2024-2025
athlete_match_0ef1c33c88f23a4d,medium,possible_existing_athlete_match,Aleksei Usachev,MAG,115,Aleksey Usachev,RUS,0.933,"RUS, RUS",,,merge as same athlete,,,,RUS: 2023 - Belarus Open Cup (5 results),RUS: 2018 - Russian Championships (15 results); 2019 - Russian Junior Championships (19 results); 2020 - Russian Championships (18 results); 2020 - Voronin Cup (8 results); 2021 - Russian Championships (7 results),Aleksei Usachev: 2024: RUS:12 | Aleksey Usachev: not found 2024-2025
athlete_match_165c7cc0c092529a,medium,possible_existing_athlete_match,Anton Nalivayko,MAG,12294,Anton Nalivaiko,RUS,0.933,"RUS, RUS",,,merge as same athlete,,,,RUS: 2023 - Russian Junior Championships (5 results),RUS: 2021 - Russian Youth Spartakiade (15 results); 2022 - Russian Championships (15 results),Anton Nalivayko: not found 2024-2025 | Anton Nalivaiko: not found 2024-2025
athlete_match_08e3b311856fd242,medium,possible_existing_athlete_match,Briek van Huele,MAG,7317,Briek van Heule,BEL,0.933,"BEL, BEL",,,merge as same athlete,,,,BEL: 2023 - Belgian Championships (5 results),BEL: 2021 - Wase Gymcup (4 results); 2022 - Belgian Championships (7 results); 2022 - Wase Gymcup (4 results) | NED: 2019 - Wase Gymcup (7 results),Briek van Huele: 2024: BEL:7 | Briek van Heule: not found 2024-2025
athlete_match_c3f1ec94a15074c8,medium,possible_existing_athlete_match,Chisora Sashiki,MAG,11392,Chisora Sashika,JPN,0.933,"JPN, JPN",,,merge as same athlete,,,,JPN: 2023 - All-Japan Senior Championships (5 results),JPN: 2020 - All-Japan Senior Championships (7 results); 2021 - All-Japan Senior Championships (7 results); 2022 - All-Japan Championships (1 results); 2022 - All-Japan Senior Championships (3 results),Chisora Sashiki: 2024: JPN:7 | Chisora Sashika: not found 2024-2025
athlete_match_225beca6d60f50ee,medium,possible_existing_athlete_match,Denis Tovpilets,MAG,692,Denis Tovpinets,RUS,0.933,"RUS, RUS",,,merge as same athlete,,,,RUS: 2023 - Russian Championships (5 results),RUS: 2018 - Russian Championships (14 results); 2019 - Russian Junior Championships (18 results); 2020 - Russian Championships (6 results); 2020 - Voronin Cup (7 results); 2021 - Russian Championships (15 results); 2022 - Russian Championships (5 results); 2022 - Russian Cup (14 results); 2022 - Spartakiade (7 results),Denis Tovpilets: 2025: RUS:31 | Denis Tovpinets: 2024: RUS:38
athlete_match_c709430305f1843d,medium,possible_existing_athlete_match,Dusan Djordjevic,MAG,777,Dusan Dordevic,SRB,0.933,"SRB, SRB",,,merge as same athlete,,,,SRB: 2023 - Szombathely Challenge Cup (1 results); 2023 - Varna Challenge Cup (4 results),SRB: 2018 - Osijek Challenge Cup (4 results); 2019 - European Championships (7 results); 2019 - Osijek Challenge Cup (4 results); 2019 - Szombathely Challenge Cup (4 results); 2020 - Szombathely Challenge Cup (8 results); 2021 - Koper Challenge Cup (4 results); 2021 - Mersin Challenge Cup (7 results); 2021 - Osijek Challenge Cup (4 results); 2021 - Varna Challenge Cup (1 results); 2022 - Koper Challenge Cup (4 results); 2022 - Mersin Challenge Cup (4 results); 2022 - Osijek Challenge Cup (4 results); 2022 - Szombathely Challenge Cup (4 results); 2022 - Varna Challenge Cup (4 results); 2022 - Voronin Cup (4 results),Dusan Djordjevic: 2024: SRB:27 | Dusan Dordevic: not found 2024-2025
athlete_match_c717d323be91550d,medium,possible_existing_athlete_match,Eric Wiederhold,MAG,15202,Erik Wiederhold,GER,0.933,"GER, GER",,,merge as same athlete,,,,GER: 2023 - 6th Bundesliga (1 results),GER: 2022 - Austrian Future Cup (7 results),"Eric Wiederhold: 2024: GER:32 | Erik Wiederhold: 2024: GER:18, SUI:7 / 2025: GER:15"
athlete_match_873db621674c96ca,medium,possible_existing_athlete_match,Kasper Ericsson,MAG,12672,Kaspar Ericsson,SWE,0.933,"SWE, SWE",,,merge as same athlete,,,,SWE: 2023 - DTB Pokal Team Challenge (5 results),SWE: 2021 - Mälar Cup (14 results); 2022 - Mälar Cup (17 results),Kasper Ericsson: not found 2024-2025 | Kaspar Ericsson: 2024: SWE:40 / 2025: SWE:50
athlete_match_126e217741c333ef,medium,possible_existing_athlete_match,Kyriakos Chatzioannidis,MAG,7931,Kiriakos Hatzioannidis,GRE,0.933,"GRE, GRE",,,merge as same athlete,,,,GRE: 2023 - Greek Championships (5 results),GRE: 2019 - Horizon Cup (7 results); 2021 - Greek Championships (9 results); 2022 - Greek Championships (13 results); 2022 - Horizon Cup (9 results),Kyriakos Chatzioannidis: not found 2024-2025 | Kiriakos Hatzioannidis: not found 2024-2025
athlete_match_66041e5ced816138,medium,possible_existing_athlete_match,Niila Sinivuoro,MAG,2150,Niila Sinivuori,FIN,0.933,"FIN, FIN",,,merge as same athlete,,,,FIN: 2023 - Mälar Cup (5 results),FIN: 2018 - Finnish Championships (2 results); 2019 - European Youth Olympic Festival (9 results); 2019 - Finnish Championships (13 results); 2020 - 2nd Finnish Euros Trials (7 results); 2020 - 3rd Finnish Euros Trials (7 results); 2020 - European Championships (9 results); 2020 - Finnish Championships (16 results); 2020 - Finnish Euros Trials (9 results); 2021 - 2nd Finnish Show Competition (5 results); 2021 - 3rd Finnish Show Competition (5 results); 2021 - Finnish Championships (8 results); 2021 - Finnish Show Competition (2 results); 2022 - Finnish Championships (9 results); 2022 - Finnish Men's Euros Trials 1 (5 results); 2022 - Finnish Men's Euros Trials 2 (5 results); 2022 - Finnish Men's Euros Trials 3 (5 results); 2022 - Koper Challenge Cup (4 results); 2022 - Mersin Challenge Cup (3 results); 2022 - Nordic Championships (3 results),Niila Sinivuoro: not found 2024-2025 | Niila Sinivuori: 2024: FIN:3
athlete_match_684d35321fa7601c,medium,possible_existing_athlete_match,Ranel Saifullin,MAG,11583,Ranel Safiullin,RUS,0.933,"RUS, RUS",,,merge as same athlete,,,,RUS: 2023 - Russian Championships (4 results); 2023 - Russian Cup (1 results),RUS: 2020 - Voronin Cup (6 results); 2022 - Russian Championships (17 results),Ranel Saifullin: 2025: RUS:6 | Ranel Safiullin: 2024: RUS:12 / 2025: RUS:4
athlete_match_017db9794c1939e5,medium,possible_existing_athlete_match,Reiya Takahashi,MAG,8360,Reiyo Takahashi,JPN,0.933,"JPN, JPN",,,merge as same athlete,,,,JPN: 2023 - All-Japan Junior Championships (2 results),JPN: 2019 - All-Japan Student Championships (7 results),Reiya Takahashi: not found 2024-2025 | Reiyo Takahashi: not found 2024-2025
athlete_match_2adb9e72848a4fd1,high,possible_existing_athlete_match,Abigail Martinet,WAG,13331,Abigail Martin,GBR,0.933,"GBR, ITA",,,keep separate,,,,ITA: 2023 - Italian Gold Championships Qualifier (5 results),GBR: 2021 - British Championships (5 results); 2021 - Rushmoor Rosebowl (5 results); 2022 - British Championships (13 results); 2022 - DTB Pokal Team Challenge (8 results); 2022 - EYOF Mixed Pairs (2 results); 2022 - English Championships (7 results); 2022 - European Championships (9 results); 2022 - European Youth Olympic Festival (8 results); 2022 - Haguenau Junior Friendly (5 results); 2022 - Rushmoor Rose Bowl (10 results); 2022 - Welsh Championships (5 results),Abigail Martinet: not found 2024-2025 | Abigail Martin: 2024: GBR:54 / 2025: GBR:31
athlete_match_402dd3d3ec4aab29,medium,possible_existing_athlete_match,Chloe Rodrigues,WAG,16204,Chloé Rodrigues,PER,0.933,"PER, PER",,,merge as same athlete,,,,PER: 2023 - South American Junior Championships (5 results),PER: 2022 - South American Junior Championships (5 results),Chloe Rodrigues: not found 2024-2025 | Chloé Rodrigues: not found 2024-2025
athlete_match_d2c75350cc093494,medium,possible_existing_athlete_match,Élodie Langevin,WAG,9494,Elodie Langevin,CAN,0.933,"CAN, CAN",,,merge as same athlete,,,,CAN: 2023 - Elite Canada (5 results),CAN: 2019 - Tournoi International (7 results); 2022 - Tournoi International (5 results),Élodie Langevin: not found 2024-2025 | Elodie Langevin: not found 2024-2025
athlete_match_7e688646bfacc283,medium,possible_existing_athlete_match,Gabriéla Kohler,WAG,16453,Gabriela Kohler,FRA,0.933,"FRA, FRA",,,merge as same athlete,,,,FRA: 2023 - Tournoi International (5 results),FRA: 2022 - COMEGYM Championships (11 results); 2022 - French Championships (1 results); 2022 - French Test Meet (5 results),Gabriéla Kohler: not found 2024-2025 | Gabriela Kohler: 2024: FRA:3
athlete_match_d1490cdc1ad22f53,high,possible_existing_athlete_match,Gabriella Laszlo,WAG,4543,Gabriella Lazo,MEX,0.933,"MEX, NOR",,,keep separate,,,,NOR: 2023 - Nordic Junior Championships (5 results),MEX: 2018 - International Gymnix (8 results); 2018 - Mexican Championships (7 results),Gabriella Laszlo: not found 2024-2025 | Gabriella Lazo: not found 2024-2025
athlete_match_b3efe1e50f981b00,medium,possible_existing_athlete_match,Helmi Tuohimäki,WAG,4714,Helmi Tuohlmäki,FIN,0.933,"FIN, FIN",,,merge as same athlete,,,,FIN: 2023 - Finnish National Team Test 4 (5 results),FIN: 2018 - Finnish Championships (9 results); 2019 - Finnish Championships (5 results); 2020 - 2nd Finnish Euros Trials (2 results); 2020 - Finnish Championships (2 results); 2020 - Finnish Euros Trials (5 results); 2021 - 3rd Finnish Euros Trials (1 results); 2021 - Finnish Championships (1 results); 2021 - Finnish Euros Trials (5 results); 2022 - Finnish Championships (3 results),Helmi Tuohimäki: not found 2024-2025 | Helmi Tuohlmäki: not found 2024-2025
athlete_match_3883df0e526ce92d,medium,possible_existing_athlete_match,Hitomi Yamasaki,WAG,13960,Hitomi Yamazaki,JPN,0.933,"JPN, JPN",,,merge as same athlete,,,,JPN: 2023 - All-Japan Student Championships (5 results),JPN: 2021 - All-Japan Junior Championships (5 results),Hitomi Yamasaki: not found 2024-2025 | Hitomi Yamazaki: not found 2024-2025
athlete_match_0e42bdb2179d5258,medium,possible_existing_athlete_match,Huang Tzu-Hsing,WAG,4743,Huang Tzu Hsing,TPE,0.933,"TPE, TPE",,,merge as same athlete,,,,TPE: 2023 - Asian Championships (1 results),TPE: 2018 - Gymnasiade (5 results); 2019 - Asian Junior Cup (13 results); 2019 - Junior World Championships (7 results); 2020 - Taiwan Test Event (5 results); 2022 - Asian Championships (7 results),Huang Tzu-Hsing: 2024: TPE:17 | Huang Tzu Hsing: not found 2024-2025
athlete_match_a478654e1005e16c,medium,possible_existing_athlete_match,Ines Zacariadis,WAG,16542,Ines Zacariades,ESP,0.933,"ESP, ESP",,,merge as same athlete,,,,ESP: 2024 - 1st Spanish League (2024 season) (5 results),ESP: 2022 - 1st Spanish League (2 results); 2022 - 2nd Spanish League (2 results); 2023 - 1st Spanish League 2023 (5 results),Ines Zacariadis: 2025: ESP:5 | Ines Zacariades: 2024: ESP:15
athlete_match_c93964c60d924328,medium,possible_existing_athlete_match,Laurie Denommée,WAG,5294,Laurie Denommee,CAN,0.933,"CAN, CAN",,,merge as same athlete,,,,CAN: 2023 - Canadian Worlds Trials (2 results); 2023 - RomGym Trophy (3 results),CAN: 2018 - Canadian Championships (14 results); 2018 - Elite Canada (7 results); 2018 - Guimaraes Challenge Cup (12 results); 2018 - Pan American Championships (10 results); 2018 - Szombathely Challenge Cup (12 results); 2018 - Top 12 Final (2 results); 2018 - Top 12 Series 4 (5 results); 2019 - Canadian Championships (10 results); 2019 - Elite Canada (3 results); 2019 - FIT Challenge (5 results); 2019 - International Gymnix (5 results); 2019 - Top 12 Finals (5 results); 2019 - Top 12 Semi-Finals (5 results); 2020 - Elite Canada (4 results); 2020 - International Gymnix (6 results); 2020 - WOGA Classic (2 results); 2021 - Canadian Championships (10 results); 2021 - Canadian Technical Trial 2 (5 results); 2021 - Elite Canada (3 results); 2022 - Cairo World Cup (11 results); 2022 - Canadian Championships (4 results); 2022 - City of Jesolo Trophy (11 results); 2022 - Commonwealth Games (15 results); 2022 - Elite Canada (14 results); 2022 - World Championships (4 results),Laurie Denommée: 2024: CAN:22 | Laurie Denommee: not found 2024-2025
athlete_match_508ab82fe221ede7,medium,possible_existing_athlete_match,Liv Winterqvist,WAG,14249,Liv Winterkvist,SWE,0.933,"SWE, SWE",,,merge as same athlete,,,,SWE: 2023 - Mälar Cup (5 results),SWE: 2021 - Swedish Championships (5 results); 2022 - Mälar Cup (7 results); 2022 - Swedish Championships (7 results),Liv Winterqvist: 2024: SWE:17 / 2025: SWE:15 | Liv Winterkvist: not found 2024-2025
athlete_match_4253131b8cf1108b,medium,possible_existing_athlete_match,Marija Petrova,WAG,5761,Marija Petrovska,LAT,0.933,"LAT, LAT",,,merge as same athlete,,,,LAT: 2023 - Tiger Cup (5 results),LAT: 2018 - Latvian Championships (5 results); 2019 - Latvian Championships (5 results); 2021 - Gymnova Cup (5 results); 2022 - Latvian Championships (10 results); 2022 - Latvian Cup (11 results),Marija Petrova: 2024: LAT:16 / 2025: LAT:30 | Marija Petrovska: not found 2024-2025
athlete_match_e60ff35f20b19a2c,medium,possible_existing_athlete_match,Stephanie Lemay,WAG,14763,Stéphanie Lemay,CAN,0.933,"CAN, CAN",,,merge as same athlete,,,,CAN: 2023 - Gymnova Cup (5 results),CAN: 2021 - Canadian Technical Trial 1 (5 results); 2022 - Canadian Championships (10 results); 2022 - Elite Canada (10 results),Stephanie Lemay: not found 2024-2025 | Stéphanie Lemay: 2024: CAN:5 / 2025: CAN:22
athlete_match_4a0c2cfa9e4b2f11,medium,possible_existing_athlete_match,Abhishik Kumar,MAG,7145,Abhishek Kumar,IND,0.929,"IND, IND",,,merge as same athlete,,,,IND: 2023 - Indian Junior Championships (5 results),IND: 2019 - Indian Championships (3 results),Abhishik Kumar: not found 2024-2025 | Abhishek Kumar: not found 2024-2025
athlete_match_638cc73996cc76c8,medium,possible_existing_athlete_match,Antton Vilonen,MAG,12295,Anton Villonen,FIN,0.929,"FIN, FIN",,,merge as same athlete,,,,FIN: 2023 - Finnish National Team Test (5 results),FIN: 2021 - Finnish Championships (7 results); 2022 - Finnish Championships (9 results),Antton Vilonen: not found 2024-2025 | Anton Villonen: 2025: FIN:1
athlete_match_2a878c7449529d90,medium,possible_existing_athlete_match,Daniel Novikov,MAG,12414,Daniil Novikov,RUS,0.929,"RUS, RUS",,,merge as same athlete,,,,RUS: 2023 - Russian Cup (4 results),RUS: 2021 - Russian Youth Spartakiade (18 results); 2022 - Mogilev Friendly (7 results); 2022 - Russian Championships (21 results); 2022 - Spartakiade (15 results); 2022 - Voronin Cup (9 results),Daniel Novikov: not found 2024-2025 | Daniil Novikov: 2024: RUS:16 / 2025: RUS:28
athlete_match_6fb6f9cd4ed160bd,medium,possible_existing_athlete_match,Deniss Yemcevs,MAG,12431,Deniss Jemcevs,LAT,0.929,"LAT, LAT",,,merge as same athlete,,,,LAT: 2023 - Wohnen Juniors Trophy (5 results),LAT: 2021 - Wohnen Juniors Trophy (12 results); 2022 - Wohnen Juniors Trophy (8 results),Deniss Yemcevs: not found 2024-2025 | Deniss Jemcevs: 2024: LAT:3
athlete_match_32ade9bff0ca56c0,medium,possible_existing_athlete_match,Fabrice Szakál,MAG,12470,Fabrice Szakal,GER,0.929,"GER, GER",,,merge as same athlete,,,,GER: 2023 - German Junior Championships (5 results),GER: 2021 - Wohnen Juniors Trophy (5 results); 2022 - Romanian Championships (11 results),Fabrice Szakál: not found 2024-2025 | Fabrice Szakal: not found 2024-2025
athlete_match_d2ab3c24c0b92eb5,medium,possible_existing_athlete_match,Francisco Brás,MAG,15235,Francisco Bras,POR,0.929,"POR, POR",,,merge as same athlete,,,,POR: 2023 - Portuguese Championships (5 results),POR: 2022 - International GymSport (9 results),Francisco Brás: 2024: POR:9 | Francisco Bras: 2024: POR:12 / 2025: POR:11
athlete_match_ede89ee5e396257f,medium,possible_existing_athlete_match,Hung Shih-Tung,MAG,1179,Hung Shih Tung,TPE,0.929,"TPE, TPE",,,merge as same athlete,,,,TPE: 2023 - Singapore Open (5 results),TPE: 2018 - Singapore Open (5 results); 2019 - Melbourne World Cup (4 results); 2019 - Singapore Open (9 results); 2021 - World Championships (7 results),Hung Shih-Tung: not found 2024-2025 | Hung Shih Tung: not found 2024-2025
athlete_match_e11d790f424508b6,medium,possible_existing_athlete_match,Liro Karppinen,MAG,12559,Iiro Karppinen,FIN,0.929,"FIN, FIN",,,merge as same athlete,,,,FIN: 2023 - Barents Winter Games (5 results),FIN: 2021 - Finnish Championships (7 results); 2022 - European Championships (4 results); 2022 - Finnish Championships (11 results); 2022 - Mälar Cup (10 results); 2022 - Nordic Championships (5 results),Liro Karppinen: not found 2024-2025 | Iiro Karppinen: 2024: FIN:35 / 2025: FIN:11
athlete_match_5af290a611e6f5a1,medium,possible_existing_athlete_match,Lukas Karlsson,MAG,11510,Lucas Karlsson,NOR,0.929,"NOR, NOR",,,merge as same athlete,,,,NOR: 2023 - Norwegian Junior Championships (2 results),NOR: 2020 - Norwegian Junior Championships (1 results),Lukas Karlsson: not found 2024-2025 | Lucas Karlsson: not found 2024-2025
athlete_match_4dfbf8d58a22cae3,medium,possible_existing_athlete_match,Mikhail Gavlov,MAG,2035,Mikhail Pavlov,RUS,0.929,"RUS, RUS",,,merge as same athlete,,,,RUS: 2023 - Russian Championships (4 results),RUS: 2018 - Russian Championships (15 results); 2019 - Russian Junior Championships (16 results); 2021 - Russian Championships (14 results); 2022 - Russian Championships (14 results); 2022 - Russian Cup (14 results); 2022 - Spartakiade (7 results),Mikhail Gavlov: not found 2024-2025 | Mikhail Pavlov: 2024: RUS:7 / 2025: RUS:7
athlete_match_35fe564597644f26,medium,possible_existing_athlete_match,Radoslav Yotov,MAG,15665,Radoslav Yoyov,BUL,0.929,"BUL, BUL",,,merge as same athlete,,,,BUL: 2023 - Bulgarian Championships (5 results),BUL: 2022 - Balkan Championships (9 results),Radoslav Yotov: 2024: BUL:10 / 2025: BUL:12 | Radoslav Yoyov: not found 2024-2025
athlete_match_711caa7e254d7a7a,medium,possible_existing_athlete_match,Rishad Al Amin,MAG,15681,Rishad Al-Amin,GBR,0.929,"GBR, GBR",,,merge as same athlete,,,,GBR: 2023 - English Championships (5 results),GBR: 2022 - British Championships (7 results),Rishad Al Amin: 2025: GBR:14 | Rishad Al-Amin: 2024: GBR:21
athlete_match_d72507c3a7785075,medium,possible_existing_athlete_match,Timur Mingalov,MAG,15812,Tymur Mingalov,ISR,0.929,"ISR, ISR",,,merge as same athlete,,,,ISR: 2023 - International Junior Team Cup (5 results),ISR: 2022 - Israeli Championships (7 results),Timur Mingalov: not found 2024-2025 | Tymur Mingalov: not found 2024-2025
athlete_match_a7e51919e003e262,medium,possible_existing_athlete_match,Yunus Gündogdu,MAG,3097,Yunus Gundogdu,TUR,0.929,"TUR, TUR",,,merge as same athlete,,,,TUR: 2023 - Turkish Championships (5 results),TUR: 2018 - Osijek Challenge Cup (3 results); 2018 - Paris Challenge Cup (4 results); 2019 - Cottbus World Cup (2 results); 2019 - DTB Team Challenge (4 results); 2019 - European Championships (7 results); 2019 - Heerenveen Men's Friendly (7 results); 2019 - Mersin Challenge Cup (10 results); 2019 - Osijek Challenge Cup (2 results); 2019 - Stella Zakharova Cup (7 results); 2019 - Turkish Championships (11 results); 2019 - World Championships (5 results); 2020 - Baku World Cup (1 results); 2020 - Melbourne World Cup (3 results); 2020 - Turkish Championships (10 results); 2021 - Koper Challenge Cup (1 results); 2021 - Ukraine International Cup (7 results); 2021 - Varna Challenge Cup (3 results); 2022 - Istanbul Friendly (5 results); 2022 - Turkish Championships (12 results); 2022 - Varna Challenge Cup (3 results); 2022 - World Championships (3 results),Yunus Gündogdu: 2024: TUR:30 / 2025: TUR:22 | Yunus Gundogdu: not found 2024-2025
athlete_match_90ec32baec20f86f,medium,possible_existing_athlete_match,Yuri Guimarães,MAG,3100,Yuri Guimaraes,BRA,0.929,"BRA, BRA",,,merge as same athlete,,,,BRA: 2023 - Pan American Championships (5 results),BRA: 2018 - Brazilian Championships (7 results); 2018 - Brazilian Junior Championships (5 results); 2019 - Brazilian Championships (24 results); 2019 - Brazilian Event Championships (8 results); 2019 - International Junior Team Cup (7 results); 2019 - South American Junior Championships (12 results); 2020 - RD761 Junior International Cup (10 results); 2021 - Brazilian Championships (13 results); 2021 - Junior Pan American Championships (16 results); 2021 - Junior Pan American Games (9 results); 2022 - Brazil Trophy (16 results); 2022 - Brazilian Championships (14 results); 2022 - Paris Challenge Cup (9 results); 2022 - South American Championships (14 results); 2022 - South American Games (9 results); 2022 - World Championships (7 results),Yuri Guimarães: 2024: BRA:44 / 2025: BRA:22 | Yuri Guimaraes: not found 2024-2025
athlete_match_0b3f9372f688e2b2,medium,possible_existing_athlete_match,Yuta Matsumoto,MAG,8864,Yuya Matsumoto,JPN,0.929,"JPN, JPN",,,merge as same athlete,,,,JPN: 2023 - All-Japan Junior Championships (5 results),JPN: 2019 - All-Japan Student Championships (8 results); 2020 - All-Japan Student Championships (3 results),Yuta Matsumoto: 2024: JPN:7 | Yuya Matsumoto: not found 2024-2025
athlete_match_a079c8ff9b9973d2,medium,possible_existing_athlete_match,Akari Nakajima,WAG,14080,Karin Nakajima,JPN,0.929,"JPN, JPN",,,merge as same athlete,,,,JPN: 2023 - All-Japan Junior Championships (5 results),JPN: 2021 - All-Japan Event Championships (3 results); 2021 - All-Japan Team Championships (1 results); 2022 - All-Japan Championships (5 results); 2022 - All-Japan Event Championships (1 results),Akari Nakajima: 2024: JPN:6 / 2025: JPN:5 | Karin Nakajima: not found 2024-2025
athlete_match_b6c493e04238ef1c,medium,possible_existing_athlete_match,Ania Fernandez,WAG,9821,Jana Fernandez,ESP,0.929,"ESP, ESP",,,merge as same athlete,,,,ESP: 2023 - 3rd Spanish League (5 results),ESP: 2019 - 2nd Spanish League (1 results); 2021 - 1st Spanish League (2 results); 2021 - 2nd Spanish League (1 results); 2021 - 3rd Spanish League (1 results); 2022 - 1st Spanish League (4 results); 2022 - 2nd Spanish League (6 results); 2022 - 3rd Spanish League (5 results); 2022 - International GymSport (5 results); 2022 - Spanish Championships (5 results); 2023 - 1st Spanish League 2023 (6 results),Ania Fernandez: 2024: ESP:11 / 2025: ESP:15 | Jana Fernandez: 2024: ESP:7 / 2025: ESP:4
athlete_match_75c9976f4836f598,medium,possible_existing_athlete_match,Anna Samoliova,WAG,16067,Anna Samoilova,LAT,0.929,"LAT, LAT",,,merge as same athlete,,,,LAT: 2023 - Latvian Championships (5 results),LAT: 2022 - Latvian Championships (5 results); 2022 - Latvian Cup (5 results),Anna Samoliova: not found 2024-2025 | Anna Samoilova: not found 2024-2025
athlete_match_58493bab23b32832,medium,possible_existing_athlete_match,Argyro Tsiatsi,WAG,16081,Argiro Tsiatsi,GRE,0.929,"GRE, GRE",,,merge as same athlete,,,,GRE: 2023 - Greek Championships (5 results),GRE: 2022 - Horizon Cup (5 results),Argyro Tsiatsi: 2024: GRE:5 / 2025: GRE:5 | Argiro Tsiatsi: not found 2024-2025
athlete_match_c5860f67bb7cdf89,medium,possible_existing_athlete_match,Chloé Casterot,WAG,3965,Chloe Casterot,FRA,0.929,"FRA, FRA",,,merge as same athlete,,,,FRA: 2024 - Top 12 Series 1 (2024 Season) (3 results); 2024 - Top 12 Series 2 (2024 Season) (2 results),FRA: 2018 - 1st Bundesliga (3 results); 2018 - 2nd Bundesliga (3 results); 2018 - Top 12 Series 3 (1 results); 2019 - Top 12 Series 3 (1 results); 2020 - Top 12 Series 3 (1 results),Chloé Casterot: 2024: FRA:5 / 2025: FRA:15 | Chloe Casterot: not found 2024-2025
athlete_match_71eb7c605f09192a,high,possible_existing_athlete_match,Chloe Geeraert,WAG,16200,Chloé Geeraert,FRA,0.929,"BEL, FRA",,,merge as same athlete,canonical country,FRA,,BEL: 2024 - Top 12 Series 1 (2024 Season) (2 results),FRA: 2022 - Top 12 Series 1 (2 results); 2022 - Top 12 Series 3 (2 results),Chloe Geeraert: not found 2024-2025 | Chloé Geeraert: 2024: FRA:1
athlete_match_ee0099924bf91a6b,medium,possible_existing_athlete_match,Clémence Gobet,WAG,4021,Clemence Gobet,SUI,0.929,"SUI, SUI",,,merge as same athlete,,,,SUI: 2023 - Swiss Team Championships (2 results),SUI: 2018 - Gymnova Cup (5 results); 2018 - Swiss Junior Championships (5 results); 2019 - Gymnova Cup (5 results); 2019 - Swiss Junior Championships (7 results); 2019 - Swiss Team Championships (5 results); 2019 - Swiss Turnfest (5 results); 2019 - Tournoi International (5 results); 2021 - Gymnova Cup (5 results); 2021 - Swiss Championships (5 results); 2022 - Gymnova Cup (3 results),Clémence Gobet: 2024: SUI:5 | Clemence Gobet: not found 2024-2025
athlete_match_d1184838eb4cd6ea,medium,possible_existing_athlete_match,Jeong Minkyung,WAG,14032,Jeong Minyoung,KOR,0.929,"KOR, KOR",,,merge as same athlete,,,,KOR: 2023 - South Korean Championships (5 results),KOR: 2021 - South Korean Championships (5 results),Jeong Minkyung: not found 2024-2025 | Jeong Minyoung: not found 2024-2025
athlete_match_2ae66b22c35908bd,medium,possible_existing_athlete_match,Juliya Lukhtan,WAG,11291,Yuliya Lukhtan,BLR,0.929,"BLR, BLR",,,merge as same athlete,,,,BLR: 2023 - Belarus Open Cup (5 results),BLR: 2019 - European Games Test Event (5 results); 2021 - Belarusian Open Cup (5 results),Juliya Lukhtan: not found 2024-2025 | Yuliya Lukhtan: not found 2024-2025
athlete_match_614d9cf24fe66c32,medium,possible_existing_athlete_match,Koto Yamazaki,WAG,11937,Kotoha Yamazaki,JPN,0.929,"JPN, JPN",,,merge as same athlete,,,,JPN: 2023 - All-Japan Student Championships (5 results),JPN: 2020 - All-Japan Student Championships (5 results); 2021 - All-Japan Junior Championships (5 results),Koto Yamazaki: 2024: JPN:7 | Kotoha Yamazaki: not found 2024-2025
athlete_match_0679ae37de9615c1,medium,possible_existing_athlete_match,Liana Lebedeva,WAG,13715,Diana Lebedeva,RUS,0.929,"RUS, RUS",,,merge as same athlete,,,,RUS: 2023 - Russian Championships (5 results),RUS: 2021 - Russian Junior Championships (10 results),Liana Lebedeva: not found 2024-2025 | Diana Lebedeva: not found 2024-2025
athlete_match_ce8da0f7c121f481,medium,possible_existing_athlete_match,Sarra Bouajina,WAG,6508,Sarra Bouajila,TUN,0.929,"TUN, TUN",,,merge as same athlete,,,,TUN: 2023 - Pharaoh's Cup (4 results),TUN: 2018 - Junior Mediterranean Championships (3 results); 2019 - Mediterranean Championships (2 results),Sarra Bouajina: 2025: TUN:4 | Sarra Bouajila: not found 2024-2025
athlete_match_bfa826ef04704b20,medium,possible_existing_athlete_match,Seri Haruguchi,WAG,10938,Seri Haraguchi,JPN,0.929,"JPN, JPN",,,merge as same athlete,,,,JPN: 2023 - All-Japan Student Championships (5 results),JPN: 2019 - City of Jesolo Trophy (5 results); 2022 - All-Japan Team Championships (3 results),Seri Haruguchi: not found 2024-2025 | Seri Haraguchi: not found 2024-2025
athlete_match_e11ad9199d4a39eb,medium,possible_existing_athlete_match,Sona Miyamoto,WAG,14759,Sorana Miyamoto,JPN,0.929,"JPN, JPN",,,merge as same athlete,,,,JPN: 2023 - All-Japan Junior Championships (1 results),JPN: 2021 - All-Japan Team Championships (1 results),Sona Miyamoto: 2024: JPN:5 | Sorana Miyamoto: not found 2024-2025
athlete_match_d27263f127acfffb,medium,possible_existing_athlete_match,Stéfanie Gatin,WAG,17273,Stefanie Gatin,CAN,0.929,"CAN, CAN",,,merge as same athlete,,,,CAN: 2023 - Tournoi International (5 results),CAN: 2022 - Canadian Championships (2 results),Stéfanie Gatin: not found 2024-2025 | Stefanie Gatin: 2024: CAN:15 / 2025: CAN:30
athlete_match_ebc94be1b2f1a5bf,medium,possible_existing_athlete_match,Yuri Kashiwagi,WAG,5028,Juri Kashiwagi,JPN,0.929,"JPN, JPN",,,merge as same athlete,,,,JPN: 2023 - All-Japan Student Championships (5 results),JPN: 2018 - Africa Safari International (8 results); 2018 - All-Japan Championships (10 results); 2018 - All-Japan Event Championships (1 results); 2018 - NHK Trophy (5 results); 2019 - All-Japan Championships (5 results); 2019 - All-Japan Junior Championships (5 results); 2020 - All-Japan Championships (10 results); 2020 - All-Japan Student Championships (5 results); 2021 - All-Japan Championships (10 results); 2021 - All-Japan Event Championships (2 results); 2021 - All-Japan Student Championships (5 results); 2021 - All-Japan Team Championships (3 results); 2021 - NHK Trophy (5 results); 2022 - All-Japan Championships (5 results); 2022 - All-Japan Event Championships (3 results); 2022 - All-Japan Team Championships (5 results),Yuri Kashiwagi: 2024: JPN:1 | Juri Kashiwagi: not found 2024-2025
athlete_match_4b944e53ac363b4a,medium,possible_existing_athlete_match,Zelia Caufriez,WAG,17412,Zélia Caufriez,BEL,0.929,"BEL, BEL",,,merge as same athlete,,,,BEL: 2023 - Gymnova Cup (5 results),BEL: 2022 - Tournoi International (5 results),"Zelia Caufriez: 2024: BEL:6 / 2025: BEL:5 | Zélia Caufriez: 2024: BEL:5, FRA:2 / 2025: BEL:36"
athlete_match_75e5ea411ce2f329,medium,possible_existing_athlete_match,Zoé Tsaprailis,WAG,17423,Zoe Tsaprailis,CAN,0.929,"CAN, CAN",,,merge as same athlete,,,,CAN: 2023 - Canadian Championships (5 results),CAN: 2022 - Elite Canada (14 results); 2022 - Gymnova Cup (5 results),Zoé Tsaprailis: not found 2024-2025 | Zoe Tsaprailis: 2024: CAN:40
athlete_match_c43fbc2169f2a6e3,medium,possible_existing_athlete_match,Viachaslav Lemeshkov,MAG,13243,Viachaslau Lemieshkov,BLR,0.927,"BLR, BLR",,,merge as same athlete,,,,BLR: 2023 - Belarus Open Cup (5 results),BLR: 2021 - Belarusian Open Cup (7 results),Viachaslav Lemeshkov: not found 2024-2025 | Viachaslau Lemieshkov: not found 2024-2025
athlete_match_3d12b3a640e323fa,medium,possible_existing_athlete_match,Vitaliy Sukhodolyskiy,MAG,8726,Vitaliy Sukhodolskin,RUS,0.927,"RUS, RUS",,,merge as same athlete,,,,RUS: 2023 - Russian Championships (5 results),RUS: 2019 - Russian Junior Championships (15 results),Vitaliy Sukhodolyskiy: not found 2024-2025 | Vitaliy Sukhodolskin: not found 2024-2025
athlete_match_17893e69d06020b1,medium,possible_existing_athlete_match,Aleksei Gerashchenko,MAG,14989,Alexei Gerashchenko,RUS,0.923,"RUS, RUS",,,merge as same athlete,,,,RUS: 2023 - Russian Championships (5 results),RUS: 2022 - Russian Championships (7 results),Aleksei Gerashchenko: not found 2024-2025 | Alexei Gerashchenko: not found 2024-2025
athlete_match_a3154e63eaa97981,medium,possible_existing_athlete_match,Edvard Meskau,MAG,11413,Edvard Mescau,NOR,0.923,"NOR, NOR",,,merge as same athlete,,,,NOR: 2023 - Norwegian Championships (5 results),NOR: 2020 - Norwegian Junior Championships (4 results); 2021 - Norwegian Championships (7 results); 2021 - Norwegian Junior Championships (7 results); 2021 - Unnis & Haralds Trophy (7 results); 2022 - Norwegian Championships (7 results); 2022 - Unisport Norges Cup (7 results); 2022 - Unni & Haralds Trophy (7 results),Edvard Meskau: 2024: NOR:19 | Edvard Mescau: not found 2024-2025
athlete_match_9dfa25058dfbc615,medium,possible_existing_athlete_match,José Nogueira,MAG,1459,Jose Nogueira,POR,0.923,"POR, POR",,,merge as same athlete,,,,POR: 2023 - Portuguese Championships (5 results),POR: 2018 - European Championships (9 results); 2018 - International GymSport (16 results); 2018 - International Junior Team Cup (11 results); 2018 - Portuguese Championships (7 results); 2018 - Youth Olympic Games Qualifier (7 results); 2019 - European Youth Olympic Festival (9 results); 2019 - International GymSport (15 results); 2019 - International Junior Team Cup (7 results); 2019 - Junior World Championships (9 results); 2019 - Mediterranean Championships (11 results); 2019 - Portuguese Championships (7 results); 2019 - Portuguese Super Finals (8 results); 2021 - European Championships (9 results); 2021 - World Championships (9 results); 2022 - European Championships (7 results); 2022 - International GymSport (12 results); 2022 - Mediterranean Games (16 results); 2022 - Portuguese Championships (9 results); 2022 - World Championships (7 results),José Nogueira: 2024: POR:7 | Jose Nogueira: 2024: POR:16 / 2025: POR:10
athlete_match_efaca5aa7d71fa12,medium,possible_existing_athlete_match,Karl Palmason,MAG,15406,Kari Palmason,ISL,0.923,"ISL, ISL",,,merge as same athlete,,,,ISL: 2023 - Icelandic Championships (5 results),ISL: 2022 - Icelandic Championships (16 results),Karl Palmason: not found 2024-2025 | Kari Palmason: 2024: ISL:42 / 2025: ISL:85
athlete_match_f379fe82ef0dddd0,medium,possible_existing_athlete_match,Matéo Nicolas,MAG,12849,Mateo Nicolas,FRA,0.923,"FRA, FRA",,,merge as same athlete,,,,FRA: 2023 - International Junior Team Cup (5 results),FRA: 2021 - French Championships (1 results); 2022 - French Championships (14 results); 2022 - International Junior Team Cup (7 results),Matéo Nicolas: not found 2024-2025 | Mateo Nicolas: not found 2024-2025
athlete_match_444b3cfcec570c68,high,possible_existing_athlete_match,Matthew Davies,MAG,11529,Mathew Davis,USA,0.923,"AUS, USA",,,keep separate,,,,AUS: 2023 - Junior World Championships (5 results),USA: 2020 - Winter Cup Challenge (7 results); 2022 - Winter Cup (13 results),Matthew Davies: 2024: AUS:17 / 2025: AUS:10 | Mathew Davis: not found 2024-2025
athlete_match_d862c36bdfb315cf,medium,possible_existing_athlete_match,Maxime Prieru,MAG,11535,Maxime Prieur,CAN,0.923,"CAN, CAN",,,merge as same athlete,,,,CAN: 2023 - Elite Canada (4 results),CAN: 2020 - Liukin Invitational (7 results); 2022 - Canadian Championships (4 results),Maxime Prieru: not found 2024-2025 | Maxime Prieur: not found 2024-2025
athlete_match_2f4ff62ba2927219,medium,possible_existing_athlete_match,Napoléon Coté,MAG,8221,Napoléon Côté,CAN,0.923,"CAN, CAN",,,merge as same athlete,,,,CAN: 2023 - Elite Canada (4 results),CAN: 2019 - Canadian Championships (2 results); 2019 - Elite Canada (2 results),Napoléon Coté: not found 2024-2025 | Napoléon Côté: not found 2024-2025
athlete_match_b2c3f011a96b8a58,medium,possible_existing_athlete_match,Niccolò Belli,MAG,8237,Niccolo Belli,ITA,0.923,"ITA, ITA",,,merge as same athlete,,,,ITA: 2023 - 2nd Italian Serie A (3 results),ITA: 2019 - 2nd Italian Serie A (2 results); 2019 - 3rd Italian Serie A (3 results); 2020 - 1st Italian Serie A (4 results); 2020 - 2nd Italian Serie A (5 results); 2020 - 3rd Italian Serie A (4 results); 2021 - 1st Italian Serie A (4 results); 2021 - 2nd Itailan Serie A (4 results); 2021 - 3rd Italian Serie A (5 results); 2021 - Italian Serie A Final Six (2 results),Niccolò Belli: not found 2024-2025 | Niccolo Belli: not found 2024-2025
athlete_match_92b8b1c9b99531f8,medium,possible_existing_athlete_match,Nico Olivieri,MAG,2137,Nico Oliveiri,ITA,0.923,"ITA, ITA",,,merge as same athlete,,,,ITA: 2023 - 2nd Italian Serie A (1 results),ITA: 2018 - 1st Italian Serie A (4 results); 2018 - 2nd Italian Serie A (3 results); 2018 - 3rd Italian Serie A (3 results); 2019 - 1st Italian Serie A (4 results); 2019 - 2nd Italian Serie A (4 results); 2019 - 3rd Italian Serie A (4 results); 2020 - 1st Italian Serie A (3 results); 2020 - 2nd Italian Serie A (3 results); 2020 - 3rd Italian Serie A (4 results); 2020 - Italian Serie A Final Six (1 results); 2021 - 1st Italian Serie A (2 results); 2021 - 2nd Itailan Serie A (2 results); 2021 - 3rd Italian Serie A (3 results); 2022 - Italian Serie A Final Six (1 results),Nico Olivieri: not found 2024-2025 | Nico Oliveiri: not found 2024-2025
athlete_match_b2cc93eeb2b2456a,medium,possible_existing_athlete_match,Patrik Kiracy,MAG,15634,Patrik Kiraly,HUN,0.923,"HUN, HUN",,,merge as same athlete,,,,HUN: 2023 - Wohnen Juniors Trophy (5 results),HUN: 2022 - Vera Caslavska Grand Prix (9 results),Patrik Kiracy: not found 2024-2025 | Patrik Kiraly: 2024: HUN:28 / 2025: HUN:23
athlete_match_26d0c003e2859f15,medium,possible_existing_athlete_match,Pavel Gulidov,MAG,2296,Pavel Golidov,ISR,0.923,"ISR, ISR",,,merge as same athlete,,,,ISR: 2023 - European Championships (4 results); 2023 - Tel Aviv Challenge Cup (1 results),ISR: 2018 - Israeli Championships (7 results); 2019 - European Championships (2 results); 2019 - Israeli Championships (9 results); 2019 - Koper Challenge Cup (4 results); 2019 - Osijek Challenge Cup (8 results); 2019 - Stella Zakharova Cup (10 results); 2021 - Hungarian Grand Prix (12 results); 2021 - Koper Challenge Cup (5 results); 2021 - Osijek Challenge Cup (5 results); 2021 - Varna Challenge Cup (2 results); 2021 - World Championships (3 results); 2022 - Baku World Cup (2 results); 2022 - DTB Pokal Team Challenge (9 results); 2022 - European Championships (7 results); 2022 - Israeli Championships (7 results); 2022 - Koper Challenge Cup (10 results); 2022 - Osijek Challenge Cup (2 results); 2022 - Szombathely Challenge Cup (8 results); 2022 - Varna Challenge Cup (9 results),Pavel Gulidov: 2024: ISR:17 / 2025: ISR:17 | Pavel Golidov: not found 2024-2025
athlete_match_cccaeaf327c154e3,medium,possible_existing_athlete_match,Pavel Smirnov,MAG,12996,Pavel Smirnou,BLR,0.923,"BLR, BLR",,,merge as same athlete,,,,BLR: 2023 - Belarus Open Cup (5 results),BLR: 2021 - Belarusian Open Cup (12 results); 2022 - Mogilev Friendly (7 results),Pavel Smirnov: 2024: BLR:9 | Pavel Smirnou: not found 2024-2025
athlete_match_073dcefcb1109dc4,high,possible_existing_athlete_match,Quentin Bègue,MAG,2345,Quentin Begue,LUX,0.923,"FRA, LUX",,,merge as same athlete,canonical country,FRA,,FRA: 2023 - Top 12 Series 3 (2 results); 2023 - Top 12 Series 4 (1 results); 2024 - Top 12 Series 1 (2024 Season) (2 results),FRA: 2018 - French Championships (7 results); 2018 - International Junior Team Cup (7 results); 2018 - Top 12 Series 2 (2 results); 2018 - Top 12 Series 3 (2 results); 2019 - French Championships (7 results); 2019 - Stella Zakharova Cup (9 results); 2019 - Top 12 Finals (4 results); 2019 - Top 12 Semi-Final I (3 results); 2019 - Top 12 Semi-Final II (3 results); 2019 - Top 12 Series 5 (1 results); 2019 - Top 12 Series 6 (3 results); 2020 - Top 12 Series 5 (1 results); 2020 - Top 12 Series 6 (1 results) | LUX: 2022 - Top 12 Series 1 (1 results); 2022 - Top 12 Series 4 (2 results); 2022 - Top 12 Series 5 (2 results),Quentin Bègue: 2024: FRA:8 / 2025: FRA:1 | Quentin Begue: not found 2024-2025
athlete_match_8a6fa37a563afcf6,medium,possible_existing_athlete_match,Swaïmy Bellil,MAG,8577,Swaimy Bellil,FRA,0.923,"FRA, FRA",,,merge as same athlete,,,,FRA: 2024 - Top 12 Series 1 (2024 Season) (2 results); 2024 - Top 12 Series 2 (2024 Season) (2 results),FRA: 2019 - French Championships (7 results),Swaïmy Bellil: 2024: FRA:26 / 2025: FRA:36 | Swaimy Bellil: 2024: FRA:7
athlete_match_7212edcb20712db2,medium,possible_existing_athlete_match,Viktor Ivanov,MAG,15829,Viktar Ivanov,BLR,0.923,"BLR, BLR",,,merge as same athlete,,,,BLR: 2023 - Belarus Open Cup (3 results),BLR: 2022 - Mogilev Friendly (2 results),Viktor Ivanov: not found 2024-2025 | Viktar Ivanov: not found 2024-2025
athlete_match_d2fa6f3a702a2d2d,medium,possible_existing_athlete_match,Yusei Yoshida,MAG,8432,Ryuse Yoshida,JPN,0.923,"JPN, JPN",,,merge as same athlete,,,,JPN: 2023 - All-Japan Junior Championships (5 results),JPN: 2019 - All-Japan Student Championships (8 results); 2020 - All-Japan Student Championships (7 results); 2022 - Japanese Junior Worlds Trials (7 results),Yusei Yoshida: 2024: JPN:6 | Ryuse Yoshida: not found 2024-2025
athlete_match_08245aeb71c868da,medium,possible_existing_athlete_match,Adelina Rylko,WAG,3188,Adeline Rylko,BLR,0.923,"BLR, BLR",,,merge as same athlete,,,,BLR: 2023 - Belarus Open Cup (2 results),BLR: 2018 - Barborka Cup (5 results); 2021 - Belarusian Open Cup (5 results); 2022 - Cottbus World Cup (4 results),Adelina Rylko: 2024: BLR:6 | Adeline Rylko: not found 2024-2025
athlete_match_812dd5cfc670bde9,medium,possible_existing_athlete_match,Anna Klykova,WAG,9094,Anna Kalmykova,RUS,0.923,"RUS, RUS",,,merge as same athlete,,,,RUS: 2023 - Russian Championships (5 results),RUS: 2019 - Reykjavik International Games (7 results); 2019 - WOGA Classic (5 results); 2020 - WOGA Classic (5 results); 2021 - Russian Junior Championships (14 results); 2021 - Russian Youth Spartakiade (3 results); 2022 - Russian Championships (16 results),Anna Klykova: 2025: RUS:4 | Anna Kalmykova: 2024: RUS:35 / 2025: RUS:63
athlete_match_b978ccd9c9849dd5,medium,possible_existing_athlete_match,Beatriz Águas,WAG,3718,Beatriz Aguas,POR,0.923,"POR, POR",,,merge as same athlete,,,,POR: 2023 - Portuguese Championships (5 results),POR: 2018 - Portuguese Championships (7 results); 2019 - Portuguese Championships (5 results); 2019 - Portuguese Super Finals (6 results); 2020 - Portuguese Open (3 results); 2022 - International GymSport (5 results); 2022 - Portuguese Championships (7 results),Beatriz Águas: 2024: POR:7 | Beatriz Aguas: not found 2024-2025
athlete_match_060eb8cf55a5f1a2,medium,possible_existing_athlete_match,Carla Martinez,WAG,3837,Carla Martin,ESP,0.923,"ESP, ESP",,,merge as same athlete,,,,ESP: 2023 - 3rd Spanish League (2 results); 2024 - 1st Spanish League (2024 season) (3 results),ESP: 2018 - 1st Spanish League (1 results); 2018 - 2nd Spanish League (1 results); 2018 - 3rd Spanish League (1 results); 2019 - 1st Spanish League (1 results),Carla Martinez: 2024: ESP:4 | Carla Martin: not found 2024-2025
athlete_match_ccee2c7479f0b3c8,medium,possible_existing_athlete_match,Céline Sidler,WAG,3898,Celine Sidler,SUI,0.923,"SUI, SUI",,,merge as same athlete,,,,SUI: 2023 - Swiss Team Championships (5 results),SUI: 2018 - Swiss Championships (3 results); 2019 - Swiss Turnfest (5 results); 2022 - Swiss Championships (2 results),Céline Sidler: not found 2024-2025 | Celine Sidler: not found 2024-2025
athlete_match_16224c750ec69133,medium,possible_existing_athlete_match,Christiana Bozinaki,WAG,9334,Christiana Mpozinaki,GRE,0.923,"GRE, GRE",,,merge as same athlete,,,,GRE: 2023 - Greek Championships (5 results),GRE: 2019 - Horizon Cup (3 results); 2022 - Greek Championships (2 results),Christiana Bozinaki: 2024: GRE:10 | Christiana Mpozinaki: not found 2024-2025
athlete_match_70ce2a964a47c6b6,medium,possible_existing_athlete_match,Despoina Sagka,WAG,16274,Despina Saga,GRE,0.923,"GRE, GRE",,,merge as same athlete,,,,GRE: 2023 - European Youth Olympic Festival (5 results),GRE: 2022 - Horizon Cup (5 results),Despoina Sagka: 2024: GRE:20 | Despina Saga: not found 2024-2025
athlete_match_375de5d68180404f,medium,possible_existing_athlete_match,Himari Yamoto,WAG,13957,Himari Yamato,JPN,0.923,"JPN, JPN",,,merge as same athlete,,,,JPN: 2023 - All-Japan Championships (5 results),JPN: 2021 - All-Japan Junior Championships (5 results); 2022 - All-Japan Championships (5 results); 2022 - All-Japan Event Championships (4 results); 2022 - All-Japan Team Championships (5 results),Himari Yamoto: not found 2024-2025 | Himari Yamato: 2024: JPN:5 / 2025: JPN:25
athlete_match_54aa87174be40f1c,medium,possible_existing_athlete_match,Jordane Baker,WAG,16611,Jordane Bayer,FRA,0.923,"FRA, FRA",,,merge as same athlete,,,,FRA: 2023 - French Championships (5 results),FRA: 2022 - Tournoi International (10 results),Jordane Baker: not found 2024-2025 | Jordane Bayer: 2024: FRA:16 / 2025: FRA:17
athlete_match_0effadb2937a9d8d,high,possible_existing_athlete_match,Karla Sanchez,WAG,3838,Carla Sanchez,ESP,0.923,"COL, ESP",,,keep separate,,,,COL: 2023 - 2nd Colombian Championships (5 results),ESP: 2018 - International GymSport (13 results); 2019 - 1st Spanish League (5 results); 2019 - 2nd Spanish League (5 results); 2019 - 3rd Spanish League (1 results); 2019 - Spanish League Finals (1 results); 2020 - 1st Spanish League (2020 season) (5 results); 2020 - 2nd Spanish League (5 results); 2020 - Spanish Championships (5 results); 2021 - 1st Spanish League (2 results); 2021 - 2nd Spanish League (3 results); 2021 - 3rd Spanish League (5 results); 2022 - 1st Spanish League (3 results); 2022 - 2nd Spanish League (7 results); 2022 - 3rd Spanish League (1 results),Karla Sanchez: not found 2024-2025 | Carla Sanchez: 2024: ESP:5
athlete_match_c06e9fe42becf58d,medium,possible_existing_athlete_match,Mia Fujiwara,WAG,10491,Mirea Fujiwara,JPN,0.923,"JPN, JPN",,,merge as same athlete,,,,JPN: 2023 - All-Japan Junior Championships (5 results),JPN: 2019 - All-Japan Junior Championships (5 results); 2020 - All-Japan Senior Championships (5 results); 2021 - All-Japan Senior Championships (5 results),Mia Fujiwara: 2025: JPN:6 | Mirea Fujiwara: 2025: JPN:5
athlete_match_a2b8209ef8129dd0,medium,possible_existing_athlete_match,Miu Takahashi,WAG,5606,Mai Takahashi,JPN,0.923,"JPN, JPN",,,merge as same athlete,,,,JPN: 2023 - All-Japan Junior Championships (5 results),JPN: 2018 - All-Japan Team Championships (1 results); 2019 - All-Japan Championships (5 results),Miu Takahashi: not found 2024-2025 | Mai Takahashi: not found 2024-2025
athlete_match_23cdf2392f80c832,medium,possible_existing_athlete_match,Olga Eminidou,WAG,17084,Olga Eminidoy,GRE,0.923,"GRE, GRE",,,merge as same athlete,,,,GRE: 2023 - Horizon Cup (5 results),GRE: 2022 - Horizon Cup (5 results),Olga Eminidou: 2024: GRE:8 | Olga Eminidoy: not found 2024-2025
athlete_match_81f59d357e1539a9,medium,possible_existing_athlete_match,Rene Sakamaki,WAG,10805,Reon Sakamaki,JPN,0.923,"JPN, JPN",,,merge as same athlete,,,,JPN: 2023 - All-Japan Junior Championships (5 results),JPN: 2019 - All-Japan Junior Championships (5 results); 2020 - All-Japan Championships (5 results); 2021 - All-Japan Championships (5 results),Rene Sakamaki: not found 2024-2025 | Reon Sakamaki: not found 2024-2025
athlete_match_cc0a75c46ea17d03,medium,possible_existing_athlete_match,Rin Takahashi,WAG,10772,Ran Takahashi,JPN,0.923,"JPN, JPN",,,merge as same athlete,,,,JPN: 2023 - All-Japan Team Championships (2 results),JPN: 2019 - All-Japan Junior Championships (5 results),Rin Takahashi: 2024: JPN:11 / 2025: JPN:7 | Ran Takahashi: not found 2024-2025
athlete_match_56637799c8d727e0,medium,possible_existing_athlete_match,Sofia Ambrosio,WAG,6616,Sofia Arosio,ITA,0.923,"ITA, ITA",,,merge as same athlete,,,,ITA: 2023 - Italian Gold Championships Qualifier (5 results),ITA: 2018 - 3rd Italian Serie A (1 results); 2019 - 1st Italian Serie A (5 results); 2019 - 2nd Italian Serie A (5 results); 2019 - 3rd Italian Serie A (5 results); 2019 - Italian Gold Championships (2 results),Sofia Ambrosio: 2025: ITA:12 | Sofia Arosio: not found 2024-2025
athlete_match_8c17d1a4f35fbc9c,medium,possible_existing_athlete_match,Tasa Jevdenic,WAG,17286,Taja Jevdenic,SLO,0.923,"SLO, SLO",,,merge as same athlete,,,,SLO: 2023 - Gymnova Cup (5 results),SLO: 2022 - Hanspeter Demetz Memorial (5 results); 2022 - Salamunov Memorial (10 results); 2022 - Zelena Jama Open (5 results),Tasa Jevdenic: 2025: SLO:35 | Taja Jevdenic: not found 2024-2025
athlete_match_3b6f0dc20cf4b482,medium,possible_existing_athlete_match,Thaïs Plisson,WAG,17301,Thaïs Pilsson,FRA,0.923,"FRA, FRA",,,merge as same athlete,,,,FRA: 2023 - Top 12 Series 4 (1 results),FRA: 2022 - French Championships (5 results),Thaïs Plisson: 2025: FRA:1 | Thaïs Pilsson: not found 2024-2025
athlete_match_fd35e7a5aec9e169,medium,possible_existing_athlete_match,Wang Yingying,WAG,6985,Wang Jingying,CHN,0.923,"CHN, CHN",,,merge as same athlete,,,,CHN: 2023 - Chinese Championships (2 results),CHN: 2018 - Chinese Junior Championships (12 results); 2019 - Chinese Championships (10 results); 2019 - Chinese Individual Championships (13 results); 2019 - Chinese Junior Championships (13 results); 2019 - Chinese National Youth Games (17 results); 2020 - Chinese Championships (12 results); 2020 - Chinese Individual Championships (12 results); 2021 - Chinese Championships (5 results); 2021 - Chinese National Games (8 results); 2022 - Chinese Youth Championships (8 results),Wang Yingying: 2024: CHN:1 / 2025: CHN:1 | Wang Jingying: not found 2024-2025
athlete_match_6d2fd0c2320ffeaf,medium,possible_existing_athlete_match,Emmanuel Stoupakis,MAG,15191,Emmanouil Stoupakis,GRE,0.919,"GRE, GRE",,,merge as same athlete,,,,GRE: 2023 - Greek Championships (5 results),GRE: 2022 - Greek Championships (5 results); 2022 - Horizon Cup (9 results),Emmanuel Stoupakis: not found 2024-2025 | Emmanouil Stoupakis: 2024: GRE:25
athlete_match_c4c44868ac6fff96,medium,possible_existing_athlete_match,Yacine Vanhaverbeke,MAG,13270,Yacine Vanheverbek,BEL,0.919,"BEL, BEL",,,merge as same athlete,,,,BEL: 2023 - Wase Gymcup (5 results),BEL: 2021 - Wase Gymcup (7 results); 2022 - Belgian Championships (7 results),Yacine Vanhaverbeke: 2024: BEL:15 / 2025: BEL:3 | Yacine Vanheverbek: not found 2024-2025
athlete_match_760d7b4438c9d56e,high,possible_existing_athlete_match,Viktoria Kiryakova,WAG,14873,Viktoria Kislyakova,RUS,0.919,"BUL, RUS",,,keep separate,,,,BUL: 2023 - Bulgarian Championships (5 results),RUS: 2021 - Russian Federal Championships (10 results),Viktoria Kiryakova: 2024: BUL:7 | Viktoria Kislyakova: not found 2024-2025
athlete_match_f8c63531df0fa7c9,high,possible_existing_athlete_match,Violetta Kuznecova,WAG,14891,Violetta Kuznetsova,RUS,0.919,"LAT, RUS",,,keep separate,,,,LAT: 2023 - Latvian Championships (5 results),RUS: 2021 - Russian Federal Championships (10 results),Violetta Kuznecova: 2024: LAT:5 | Violetta Kuznetsova: 2024: RUS:5
athlete_match_2a24692895b7ac3f,medium,possible_existing_athlete_match,Elias Brèche,MAG,15187,Elias Breche,FRA,0.917,"FRA, FRA",,,merge as same athlete,,,,FRA: 2023 - Lenzburg Junior Friendly (5 results),FRA: 2022 - French Championships (14 results); 2022 - Newport Friendly (7 results),Elias Brèche: not found 2024-2025 | Elias Breche: 2024: FRA:53 / 2025: FRA:37
athlete_match_7d2925174261f26e,medium,possible_existing_athlete_match,Jan Carreres,MAG,7762,Jan Carreras,ESP,0.917,"ESP, ESP",,,merge as same athlete,,,,ESP: 2023 - Spanish Championships (5 results),ESP: 2019 - Mediterranean Championships (7 results); 2020 - Spanish Championships (7 results); 2021 - Spanish Championships (7 results); 2022 - Spanish Championships (7 results),Jan Carreres: 2024: ESP:25 | Jan Carreras: not found 2024-2025
athlete_match_6b80ba2664aba324,medium,possible_existing_athlete_match,Léo Saladino,MAG,1684,Leo Saladino,FRA,0.917,"FRA, FRA",,,merge as same athlete,,,,FRA: 2023 - French Championships (5 results),FRA: 2018 - European Championships (4 results); 2018 - French Championships (7 results); 2018 - Gymnasiade (11 results); 2018 - Olympic Hopes Cup (15 results); 2018 - Top 12 Semi-Final 1 (3 results); 2018 - Top 12 Semi-Final 2 (3 results); 2018 - Top 12 Series 1 (3 results); 2018 - Top 12 Series 2 (3 results); 2018 - Top 12 Series 4 (3 results); 2018 - Top 12 Series 5 (3 results); 2018 - Youth Olympic Games Qualifier (7 results); 2019 - European Youth Olympic Festival (16 results); 2019 - French Championships (8 results); 2019 - International Junior Team Cup (8 results); 2019 - Junior World Championships (12 results); 2019 - Top 12 Series 1 (3 results); 2019 - Top 12 Series 3 (3 results); 2019 - Top 12 Series 4 (3 results); 2019 - Top 12 Series 5 (3 results); 2020 - RD761 Junior International Cup (11 results); 2020 - Top 12 Series 6 (3 results); 2021 - Arthur Gander Memorial (4 results); 2021 - European Championships (4 results); 2021 - French Championships (4 results); 2021 - Koper Challenge Cup (7 results); 2021 - Top 12 Championships (7 results); 2022 - DTB Pokal Team Challenge (11 results); 2022 - European Championships (18 results); 2022 - French Championships (16 results); 2022 - Magglingen Friendly (7 results); 2022 - Mediterranean Games (17 results); 2022 - Paris Challenge Cup (4 results); 2022 - Top 12 Series 2 (3 results); 2022 - Top 12 Series 3 (3 results); 2022 - Top 12 Series 5 (3 results); 2022 - Top 12 Series 6 (3 results); 2022 - Varna Challenge Cup (8 results); 2022 - World Championships (7 results); 2023 - Top 12 Series 1 (2023) (3 results); 2023 - Top 12 Series 3 (2023) (3 results),Léo Saladino: 2024: FRA:64 / 2025: FRA:77 | Leo Saladino: not found 2024-2025
athlete_match_fea040b10a844c28,medium,possible_existing_athlete_match,Moon Gyuyong,MAG,12902,Moon Kyuyong,KOR,0.917,"KOR, KOR",,,merge as same athlete,,,,KOR: 2023 - South Korean Championships (5 results),KOR: 2021 - South Korean Championships (7 results); 2021 - South Korean Olympic Trials (14 results),Moon Gyuyong: not found 2024-2025 | Moon Kyuyong: 2025: KOR:9
athlete_match_36146e54e075a2e8,medium,possible_existing_athlete_match,Naël Sakouhi,MAG,8210,Nael Sakouhi,FRA,0.917,"FRA, FRA",,,merge as same athlete,,,,FRA: 2023 - French Championships (5 results),FRA: 2019 - Horizon Cup (7 results); 2022 - French Championships (14 results),Naël Sakouhi: 2024: FRA:22 / 2025: FRA:57 | Nael Sakouhi: 2024: FRA:16
athlete_match_074ff727810797ed,medium,possible_existing_athlete_match,Seo Jungwon,MAG,8479,Seo Jung-woon,KOR,0.917,"KOR, KOR",,,merge as same athlete,,,,KOR: 2023 - South Korean Championships (5 results),KOR: 2019 - Voronin Cup (10 results); 2021 - Korean National Sports Festival (16 results); 2021 - South Korean Championships (7 results),Seo Jungwon: 2024: KOR:9 / 2025: KOR:27 | Seo Jung-woon: not found 2024-2025
athlete_match_2e26250e2a5b1b68,medium,possible_existing_athlete_match,Syota Tajima,MAG,8505,Shota Tajima,JPN,0.917,"JPN, JPN",,,merge as same athlete,,,,JPN: 2023 - All-Japan Student Championships (5 results),JPN: 2019 - All-Japan Junior Championships (7 results); 2021 - All-Japan Junior Championships (7 results); 2021 - All-Japan Team Championships (5 results); 2022 - All-Japan Championships (1 results),Syota Tajima: 2024: JPN:16 / 2025: JPN:14 | Shota Tajima: not found 2024-2025
athlete_match_0a5e0a9e99bd3191,medium,possible_existing_athlete_match,Topi Jakkola,MAG,15801,Topi Jaakola,FIN,0.917,"FIN, FIN",,,merge as same athlete,,,,FIN: 2023 - Austrian Future Cup (5 results),FIN: 2022 - Finnish Championships (8 results),Topi Jakkola: not found 2024-2025 | Topi Jaakola: 2024: FIN:21 / 2025: FIN:20
athlete_match_8ec82e822ed097d0,medium,possible_existing_athlete_match,Yury Vladyko,MAG,15878,Yuri Vladyko,BLR,0.917,"BLR, BLR",,,merge as same athlete,,,,BLR: 2023 - Belarus Open Cup (5 results),BLR: 2022 - Mogilev Friendly (2 results),Yury Vladyko: not found 2024-2025 | Yuri Vladyko: not found 2024-2025
athlete_match_b269b40075988df7,high,possible_existing_athlete_match,Abby Schmidt,WAG,13329,Abby Schmitz,USA,0.917,"CAN, USA",,,keep separate,,,,CAN: 2023 - Canadian Championships (5 results),USA: 2021 - Parkettes National Qualifier (5 results); 2022 - GAGE National Qualifier (5 results); 2022 - Metroplex National Qualifier (5 results),Abby Schmidt: 2024: CAN:37 / 2025: CAN:23 | Abby Schmitz: not found 2024-2025
athlete_match_f53bb42e124d8cf8,medium,possible_existing_athlete_match,Ambre Frotté,WAG,3401,Ambre Frotte,FRA,0.917,"FRA, FRA",,,merge as same athlete,,,,FRA: 2023 - French National Team Review (5 results),FRA: 2018 - Tournoi International (5 results); 2019 - French Championships (5 results); 2019 - Sarreguemines Cup (5 results); 2019 - Tournoi International (9 results); 2020 - French Test Meet (5 results); 2021 - Elite Gym Massilia (11 results); 2021 - French Championships (10 results); 2021 - French National Team Review (5 results); 2021 - Munich Junior Friendly (5 results); 2021 - Top Gym Tournament (9 results); 2022 - City of Jesolo Trophy (6 results); 2022 - European Championships (5 results); 2022 - European Youth Olympic Festival (5 results); 2022 - French Championships (10 results); 2022 - French Test Meet (5 results); 2022 - Haguenau Junior Friendly (5 results),Ambre Frotté: 2024: FRA:20 / 2025: FRA:3 | Ambre Frotte: not found 2024-2025
athlete_match_0145e7e28a100e31,medium,possible_existing_athlete_match,Ana Espinosa,WAG,13441,Ana Espinoza,COL,0.917,"COL, COL",,,merge as same athlete,,,,COL: 2023 - 2nd Colombian Championships (5 results),COL: 2021 - Colombia Control Meet (7 results); 2022 - South American Junior Games (1 results),Ana Espinosa: 2024: COL:1 | Ana Espinoza: not found 2024-2025
athlete_match_8db6dc21fa0dd50d,medium,possible_existing_athlete_match,Anais Wagner,WAG,13446,Anaïs Wagner,FRA,0.917,"FRA, FRA",,,merge as same athlete,,,,FRA: 2023 - French National Team Review (5 results),FRA: 2021 - Wase Gymcup (5 results),Anais Wagner: not found 2024-2025 | Anaïs Wagner: 2024: FRA:1 / 2025: FRA:6
athlete_match_d75027c79a3df3b1,medium,possible_existing_athlete_match,Célia Serber,WAG,3894,Celia Serber,FRA,0.917,"FRA, FRA",,,merge as same athlete,,,,FRA: 2023 - Heidelberg Friendly (5 results),FRA: 2018 - City of Jesolo Trophy (10 results); 2018 - French Championships (12 results); 2019 - American Cup (5 results); 2019 - DTB Team Challenge (7 results); 2019 - French Championships (6 results); 2019 - Worms Friendly (5 results); 2021 - Elite Gym Massilia (9 results); 2021 - FIT Challenge (5 results); 2021 - French Championships (10 results); 2021 - French National Team Review (5 results); 2021 - Ukraine International Cup (3 results); 2021 - World Championships (10 results); 2022 - City of Jesolo Trophy (5 results); 2022 - French Championships (1 results); 2022 - French Test Meet (5 results); 2022 - Mediterranean Games (3 results); 2022 - Varna Challenge Cup (4 results),Célia Serber: 2024: FRA:15 / 2025: FRA:19 | Celia Serber: not found 2024-2025
athlete_match_d2c817360f6cafef,medium,possible_existing_athlete_match,Chloé Tolnai,WAG,16205,Chloe Tolnai,HUN,0.917,"HUN, HUN",,,merge as same athlete,,,,HUN: 2023 - Hungarian Junior Championships (5 results),HUN: 2022 - Elek Matolay Memorial (5 results); 2022 - Hungarian Masters Championships (3 results),Chloé Tolnai: 2024: HUN:22 | Chloe Tolnai: 2025: HUN:4
athlete_match_d06ee4feca72205b,medium,possible_existing_athlete_match,Kim Chaeeon,WAG,10007,Kim Chae-yeon,KOR,0.917,"KOR, KOR",,,merge as same athlete,,,,KOR: 2023 - South Korean Championships (5 results),KOR: 2019 - Korean National Team Selection (5 results); 2019 - Summer Universiade (5 results),Kim Chaeeon: 2024: KOR:5 / 2025: KOR:10 | Kim Chae-yeon: not found 2024-2025
athlete_match_ab6037a6c1ff701f,high,possible_existing_athlete_match,Sofia Marin,WAG,14727,Sofia Mavrina,RUS,0.917,"COL, RUS",,,keep separate,,,,COL: 2023 - Colombian Championships (5 results),RUS: 2021 - Russian Championships (5 results); 2021 - Russian Federal Championships (11 results),Sofia Marin: 2024: COL:39 / 2025: COL:20 | Sofia Mavrina: not found 2024-2025
athlete_match_737e44c0492dfc6a,medium,possible_existing_athlete_match,Zelmé Daries,WAG,7090,Zelme Daries,RSA,0.917,"RSA, RSA",,,merge as same athlete,,,,RSA: 2023 - Rushmoor Rose Bowl (5 results),RSA: 2018 - Africa Safari International (6 results); 2018 - African Championships (5 results); 2018 - South African Championships (8 results); 2018 - Top Gym Tournament (7 results); 2019 - South African Championships (10 results); 2021 - African Championships (5 results); 2021 - South African Championships (5 results); 2021 - South African National Trials (5 results); 2022 - Osijek Challenge Cup (2 results),Zelmé Daries: 2024: RSA:16 / 2025: RSA:20 | Zelme Daries: not found 2024-2025
athlete_match_dd90cb1a94285886,medium,possible_existing_athlete_match,Panagiotis Tougas,MAG,2262,Panagiotis Tounkas,GRE,0.914,"GRE, GRE",,,merge as same athlete,,,,GRE: 2023 - Greek Championships (5 results),GRE: 2018 - Greek Championships (17 results); 2019 - Greek Championships (15 results); 2021 - Greek Championships (11 results); 2022 - Greek Championships (15 results),Panagiotis Tougas: not found 2024-2025 | Panagiotis Tounkas: not found 2024-2025
athlete_match_d06756ce95186b56,medium,possible_existing_athlete_match,Volodymyr Otreshko,MAG,8730,Vladymyr Otreshko,SVK,0.914,"SVK, SVK",,,merge as same athlete,,,,SVK: 2023 - European Championships (5 results),SVK: 2019 - Salamunov Memorial (14 results),Volodymyr Otreshko: 2024: SVK:24 | Vladymyr Otreshko: not found 2024-2025
athlete_match_da407d451d1f664e,medium,possible_existing_athlete_match,Viktoria Belyakova,WAG,17356,Viktoria Belikova,RUS,0.914,"RUS, RUS",,,merge as same athlete,,,,RUS: 2023 - Russian Junior Championships (5 results),RUS: 2022 - Russian Championships (4 results),Viktoria Belyakova: not found 2024-2025 | Viktoria Belikova: 2024: RUS:5
athlete_match_2aa978060c08e88f,medium,possible_existing_athlete_match,Kyriakos Chatziioannidis,MAG,7931,Kiriakos Hatzioannidis,GRE,0.913,"GRE, GRE",,,merge as same athlete,,,,GRE: 2023 - European Youth Olympic Festival (5 results),GRE: 2019 - Horizon Cup (7 results); 2021 - Greek Championships (9 results); 2022 - Greek Championships (13 results); 2022 - Horizon Cup (9 results),Kyriakos Chatziioannidis: not found 2024-2025 | Kiriakos Hatzioannidis: not found 2024-2025
athlete_match_8384e95327abea80,medium,possible_existing_athlete_match,Despoina Chatzitriakosia,WAG,9403,Despoina Xatzitrakosia,GRE,0.913,"GRE, GRE",,,merge as same athlete,,,,GRE: 2023 - Greek Championships (5 results),GRE: 2019 - Horizon Cup (5 results); 2022 - Greek Championships (5 results),Despoina Chatzitriakosia: not found 2024-2025 | Despoina Xatzitrakosia: not found 2024-2025
athlete_match_fcf2476ae9da4752,medium,possible_existing_athlete_match,Adam Ateyeh,MAG,12242,Adem Ateyeh,SUI,0.909,"SUI, SUI",,,merge as same athlete,,,,SUI: 2023 - Wohnen Juniors Trophy (5 results),SUI: 2021 - Wohnen Juniors Trophy (7 results); 2022 - Austrian Future Cup (9 results),Adam Ateyeh: 2024: SUI:23 / 2025: SUI:20 | Adem Ateyeh: not found 2024-2025
athlete_match_4cb04acddb103c3b,medium,possible_existing_athlete_match,Davide Labò,MAG,12427,Davide Labo,ITA,0.909,"ITA, ITA",,,merge as same athlete,,,,ITA: 2023 - 1st Italian Serie A (2 results); 2023 - 2nd Italian Serie A (2 results),ITA: 2021 - 1st Italian Serie A (1 results),Davide Labò: 2024: ITA:6 | Davide Labo: not found 2024-2025
athlete_match_c99ff531bd3d2871,medium,possible_existing_athlete_match,Kazuka Kaya,MAG,1552,Kazuma Kaya,JPN,0.909,"JPN, JPN",,,merge as same athlete,,,,JPN: 2023 - Arthur Gander Memorial (4 results),JPN: 2018 - All-Japan Championships (14 results); 2018 - All-Japan Event Championships (5 results); 2018 - All-Japan Team Championships (5 results); 2018 - Baku World Cup (7 results); 2018 - Joaquin Blume Memorial (7 results); 2018 - NHK Trophy (7 results); 2018 - Toyota International (4 results); 2018 - World Championships (19 results); 2019 - All-Japan Championships (14 results); 2019 - All-Japan Event Championships (5 results); 2019 - All-Japan Team Championships (4 results); 2019 - Birmingham World Cup (7 results); 2019 - NHK Trophy (7 results); 2019 - Summer Universiade (18 results); 2019 - Toyota International (2 results); 2019 - World Championships (22 results); 2020 - All-Japan Championships (14 results); 2020 - Friendship & Solidarity Meet (13 results); 2021 - All-Japan Championships (14 results); 2021 - All-Japan Event Championships (6 results); 2021 - All-Japan Senior Championships (7 results); 2021 - All-Japan Team Championships (7 results); 2021 - NHK Trophy (7 results); 2021 - Olympic Games (12 results); 2021 - World Championships (8 results); 2022 - All-Japan Championships (14 results); 2022 - All-Japan Event Championships (6 results); 2022 - All-Japan Senior Championships (7 results); 2022 - All-Japan Team Championships (5 results); 2022 - Arthur Gander Memorial (4 results); 2022 - Joaquim Blume Memorial (7 results); 2022 - NHK Trophy (7 results); 2022 - Swiss Cup (2 results),Kazuka Kaya: not found 2024-2025 | Kazuma Kaya: 2024: JPN:46 / 2025: JPN:38
athlete_match_3b1bf4ba3b2a540c,medium,possible_existing_athlete_match,Leon Urumov,MAG,12772,Lion Urumov,RUS,0.909,"RUS, RUS",,,merge as same athlete,,,,RUS: 2023 - Russian Junior Championships (5 results),RUS: 2021 - Russian Youth Spartakiade (7 results),Leon Urumov: not found 2024-2025 | Lion Urumov: 2024: RUS:7
athlete_match_1ba30d07545ade4a,medium,possible_existing_athlete_match,Lucas Norin,MAG,8060,Lukas Norin,SWE,0.909,"SWE, SWE",,,merge as same athlete,,,,SWE: 2023 - Mälar Cup (5 results),SWE: 2019 - Mälar Cup (5 results); 2019 - Nordic Junior Championships (15 results); 2020 - Swedish Championships (8 results); 2021 - Mälar Cup (9 results); 2021 - Swedish Championships (11 results); 2021 - Swedish Cup (9 results); 2022 - Mälar Cup (7 results),Lucas Norin: not found 2024-2025 | Lukas Norin: 2024: SWE:7 / 2025: SWE:4
athlete_match_882468371e768150,medium,possible_existing_athlete_match,Mario Mihai,MAG,12828,Mario Mihal,CZE,0.909,"CZE, CZE",,,merge as same athlete,,,,CZE: 2023 - Czech Championships (5 results),CZE: 2021 - Czech Championships (7 results); 2022 - Czech Championships (14 results),Mario Mihai: not found 2024-2025 | Mario Mihal: 2024: CZE:7 / 2025: CZE:2
athlete_match_d87a698eef7093ec,medium,possible_existing_athlete_match,Omar Ateyhe,MAG,12965,Omar Ateyeh,SUI,0.909,"SUI, SUI",,,merge as same athlete,,,,SUI: 2023 - Lenzburg Junior Friendly (5 results),SUI: 2021 - Wohnen Juniors Trophy (9 results); 2022 - International Junior Team Cup (9 results); 2022 - Newport Friendly (7 results); 2022 - Swiss Cup Juniors (7 results),Omar Ateyhe: not found 2024-2025 | Omar Ateyeh: 2024: SUI:16 / 2025: SUI:11
athlete_match_763b8f25111ee567,medium,possible_existing_athlete_match,Panagiotis Bilis,MAG,8296,Panagiotis Mpilis,GRE,0.909,"GRE, GRE",,,merge as same athlete,,,,GRE: 2023 - Greek Championships (1 results),GRE: 2019 - Horizon Cup (7 results); 2021 - Greek Championships (5 results); 2022 - Greek Championships (13 results); 2022 - Gymnasiade (7 results),Panagiotis Bilis: not found 2024-2025 | Panagiotis Mpilis: not found 2024-2025
athlete_match_50237e23a72cce20,medium,possible_existing_athlete_match,Pyoga Domei,MAG,13008,Pyoga Domae,JPN,0.909,"JPN, JPN",,,merge as same athlete,,,,JPN: 2023 - All-Japan Junior Championships (4 results),JPN: 2021 - All-Japan Junior Championships (7 results),Pyoga Domei: not found 2024-2025 | Pyoga Domae: not found 2024-2025
athlete_match_0ca7c43c2990dc99,medium,possible_existing_athlete_match,Viktor Jarmakovs,MAG,2918,Viktors Jermakovs,LAT,0.909,"LAT, LAT",,,merge as same athlete,,,,LAT: 2023 - Mälar Cup (4 results),LAT: 2018 - European Championships (4 results); 2018 - International Junior Team Cup (7 results); 2018 - Latvian Championships (8 results); 2019 - European Championships (9 results); 2020 - Tiger Cup (14 results),Viktor Jarmakovs: not found 2024-2025 | Viktors Jermakovs: 2024: LAT:7 / 2025: LAT:24
athlete_match_7d0597d078a38195,medium,possible_existing_athlete_match,Wei Zhengxi,MAG,15839,Wei Zhengzi,CHN,0.909,"CHN, CHN",,,merge as same athlete,,,,CHN: 2023 - Chinese National Student Youth Games (5 results),CHN: 2022 - Chinese Youth Championships (7 results),Wei Zhengxi: 2025: CHN:8 | Wei Zhengzi: not found 2024-2025
athlete_match_43d2b5d36d9ac331,high,possible_existing_athlete_match,Zack Martin,MAG,15321,Jack Martin,CAN,0.909,"CAN, USA",,,keep separate,,,,USA: 2023 - Stanford Open (2 results),CAN: 2022 - Canadian Championships (8 results),Zack Martin: not found 2024-2025 | Jack Martin: 2024: CAN:14
athlete_match_c00a833563308ae2,medium,possible_existing_athlete_match,Aimée Meyer,WAG,3219,Aimee Meyer,SUI,0.909,"SUI, SUI",,,merge as same athlete,,,,SUI: 2023 - Swiss Championships (5 results),SUI: 2018 - Tournoi International (5 results); 2019 - Horizon Cup (3 results); 2019 - Swiss Cup Juniors (3 results); 2019 - Swiss Team Championships (2 results); 2021 - Swiss Junior Championships (7 results); 2022 - Swiss Championships (7 results); 2022 - Züri Oberland Cup (3 results),Aimée Meyer: not found 2024-2025 | Aimee Meyer: not found 2024-2025
athlete_match_556eb5055fe9ea5c,high,possible_existing_athlete_match,Anhelina Stepanova,WAG,3343,Alina Stepanova,RUS,0.909,"BLR, RUS",,,keep separate,,,,BLR: 2023 - Belarus Open Cup (5 results),RUS: 2018 - Elite Gym Massilia (6 results); 2018 - Russian Junior Championships (16 results); 2019 - 4th Bundesliga (5 results); 2019 - Russian Championships (11 results); 2019 - Russian Cup (11 results); 2020 - 1st Bundesliga (5 results); 2021 - Russian Federal Championships (2 results),Anhelina Stepanova: 2024: BLR:5 | Alina Stepanova: not found 2024-2025
athlete_match_13a0340e498d9368,medium,possible_existing_athlete_match,Astria Nélo,WAG,13558,Astria Nelo,FRA,0.909,"FRA, FRA",,,merge as same athlete,,,,FRA: 2023 - French National Team Review (5 results),FRA: 2021 - French National Team Review (5 results); 2021 - Tournoi International (11 results); 2022 - Elek Matolay Memorial (11 results); 2022 - French Championships (5 results); 2022 - French Test Meet (5 results); 2022 - Top 12 Finals (5 results); 2022 - Top 12 Series 2 (2 results),Astria Nélo: 2024: FRA:24 / 2025: FRA:37 | Astria Nelo: not found 2024-2025
athlete_match_ad80dbae2fee8f57,medium,possible_existing_athlete_match,Desislava Paseva,WAG,4125,Desislava Masleva,BUL,0.909,"BUL, BUL",,,keep separate,,,,BUL: 2023 - Bulgarian Championships (5 results),BUL: 2018 - Youth Olympic Games Qualifier (5 results); 2021 - Varna Challenge Cup (4 results),Desislava Paseva: not found 2024-2025 | Desislava Masleva: 2025: BUL:6
athlete_match_972a1cd3e2e667d7,high,possible_existing_athlete_match,Emma Kelsey,WAG,4358,Emma Kelley,USA,0.909,"GBR, USA",,,keep separate,,,,GBR: 2023 - Scottish Championships (5 results),USA: 2018 - Auburn National Qualifier (3 results); 2018 - Brestyan's National Qualifier (5 results),Emma Kelsey: not found 2024-2025 | Emma Kelley: not found 2024-2025
athlete_match_fe78345ae0f05dc8,medium,possible_existing_athlete_match,Ines del Bò,WAG,4773,Ines del Bo,ITA,0.909,"ITA, ITA",,,merge as same athlete,,,,ITA: 2023 - Italian Gold Championships Qualifier (5 results),ITA: 2018 - Italian Gold Championships (5 results); 2019 - Italian Gold Championships (5 results); 2020 - 1st Italian Serie A (2 results); 2020 - 3rd Italian Serie A (2 results); 2021 - 2nd Italian Serie A (3 results); 2021 - 3rd Italian Serie A (3 results); 2021 - Italian Gold Championships (3 results); 2022 - 1st Italian Serie A (3 results); 2022 - 2nd Italian Serie A (5 results); 2022 - 3rd Italian Serie A (2 results); 2022 - Italian Gold Championships (5 results),Ines del Bò: 2024: ITA:2 / 2025: ITA:6 | Ines del Bo: not found 2024-2025
athlete_match_84e170552ea17633,medium,possible_existing_athlete_match,Maëva Guery,WAG,5591,Maeva Guery,FRA,0.909,"FRA, FRA",,,merge as same athlete,,,,FRA: 2023 - French National Team Review (5 results),FRA: 2018 - Elite Gym Massilia (5 results); 2018 - Top 12 Series 2 (2 results); 2019 - Top 12 Series 2 (3 results); 2019 - Top 12 Series 3 (1 results); 2020 - French Test Meet (5 results); 2021 - 2nd Spanish League (3 results); 2021 - Elite Gym Massilia (11 results); 2021 - French Championships (10 results); 2021 - French National Team Review (5 results); 2021 - Top 12 Championships (5 results); 2022 - French Championships (10 results); 2022 - Top 12 Finals (1 results),Maëva Guery: 2024: FRA:6 / 2025: FRA:11 | Maeva Guery: 2024: FRA:8
athlete_match_79e9580f5eae7863,medium,possible_existing_athlete_match,Maïana Prat,WAG,16851,Maiana Prat,FRA,0.909,"FRA, FRA",,,merge as same athlete,,,,FRA: 2023 - Tournoi International (5 results),FRA: 2022 - French Championships (5 results),Maïana Prat: 2024: FRA:27 / 2025: FRA:74 | Maiana Prat: 2024: FRA:20
athlete_match_dd3e6fba029591c8,high,possible_existing_athlete_match,Maria Panato,WAG,5715,Maria Pana,ROU,0.909,"ITA, ROU",,,keep separate,,,,ITA: 2023 - Italian Gold Championships Qualifier (3 results),ROU: 2018 - Romanian Championships (7 results); 2019 - FIT Challenge (2 results); 2019 - Koper Challenge Cup (3 results); 2019 - Romanian Championships (6 results),Maria Panato: not found 2024-2025 | Maria Pana: not found 2024-2025
athlete_match_355511ecb4fa8a17,medium,possible_existing_athlete_match,Miyu Suzuki,WAG,10470,Miku Suzuki,JPN,0.909,"JPN, JPN",,,merge as same athlete,,,,JPN: 2023 - All-Japan Student Championships (5 results),JPN: 2019 - All-Japan Junior Championships (5 results); 2021 - All-Japan Junior Championships (5 results); 2021 - All-Japan Senior Championships (5 results),Miyu Suzuki: 2024: JPN:5 | Miku Suzuki: not found 2024-2025
athlete_match_8597f2b2c8942112,medium,possible_existing_athlete_match,Nagika Saito,WAG,13348,Aika Saito,JPN,0.909,"JPN, JPN",,,keep separate,,,,JPN: 2023 - All-Japan Student Championships (5 results),JPN: 2021 - All-Japan Junior Championships (5 results),Nagika Saito: not found 2024-2025 | Aika Saito: 2025: JPN:5
athlete_match_26e9dcfc571d1014,medium,possible_existing_athlete_match,Noh Hyunsol,WAG,14646,Roh Hyunsol,KOR,0.909,"KOR, KOR",,,merge as same athlete,,,,KOR: 2023 - South Korean Championships (5 results),KOR: 2021 - South Korean Championships (5 results); 2022 - Tournoi International (5 results),Noh Hyunsol: 2024: KOR:13 / 2025: KOR:8 | Roh Hyunsol: not found 2024-2025
athlete_match_5195ff0a9338fbb1,medium,possible_existing_athlete_match,Rina Kubota,WAG,14642,Rion Kubota,JPN,0.909,"JPN, JPN",,,merge as same athlete,,,,JPN: 2023 - All-Japan Junior Championships (5 results),JPN: 2021 - All-Japan Junior Championships (5 results); 2022 - All-Japan Event Championships (1 results),Rina Kubota: not found 2024-2025 | Rion Kubota: 2025: JPN:15
athlete_match_afeda793fb9c3276,medium,possible_existing_athlete_match,Valëza Rama,WAG,11172,Valeza Rama,KOS,0.909,"KOS, KOS",,,merge as same athlete,,,,KOS: 2023 - Salamunov Memorial (5 results),KOS: 2019 - Horizon Cup (5 results); 2019 - Salamunov Memorial (3 results); 2022 - Mediterranean Games (2 results),Valëza Rama: 2024: KOS:15 / 2025: KOS:7 | Valeza Rama: not found 2024-2025
athlete_match_c28c651cf0e1552b,medium,possible_existing_athlete_match,Wang Jiahui,WAG,6984,Wang Jiarui,CHN,0.909,"CHN, CHN",,,merge as same athlete,,,,CHN: 2023 - Chinese Championships (5 results),CHN: 2018 - Chinese Championships (3 results); 2018 - Chinese Individual Championships (2 results); 2019 - Chinese Individual Championships (11 results); 2019 - Chinese Junior Championships (6 results); 2019 - Chinese National Youth Games (6 results); 2020 - Chinese Championships (5 results); 2020 - Chinese Individual Championships (13 results); 2021 - Chinese Championships (5 results); 2022 - Chinese Championships (3 results),Wang Jiahui: 2024: CHN:1 / 2025: CHN:5 | Wang Jiarui: not found 2024-2025
athlete_match_b0560e1ffa2ff043,medium,possible_existing_athlete_match,Filipp Sukhushin,MAG,15655,Pilip Sukhushin,BLR,0.903,"BLR, BLR",,,merge as same athlete,,,,BLR: 2023 - Minsk Friendly (5 results),BLR: 2022 - Mogilev Friendly (7 results),Filipp Sukhushin: 2024: BLR:10 | Pilip Sukhushin: not found 2024-2025
athlete_match_ace5766396093ec0,medium,possible_existing_athlete_match,Gabriel Castro,MAG,15246,Gabriel de Castro,BRA,0.903,"BRA, BRA",,,merge as same athlete,,,,BRA: 2023 - Brazilian Junior Championships (5 results),BRA: 2022 - Brazilian Junior Championships (9 results),Gabriel Castro: 2024: BRA:3 | Gabriel de Castro: not found 2024-2025
athlete_match_e6ede1b4f1a0067a,medium,possible_existing_athlete_match,Pantely Kolodii,MAG,11572,Panteley Kolodiy,UKR,0.903,"UKR, UKR",,,merge as same athlete,,,,UKR: 2023 - Summer Universiade (5 results),UKR: 2020 - Ukrainian Championships (12 results); 2021 - Ukrainian Championships (18 results); 2022 - European Championships (4 results); 2022 - Szombathely Challenge Cup (3 results); 2022 - World Championships (4 results),Pantely Kolodii: not found 2024-2025 | Panteley Kolodiy: not found 2024-2025
athlete_match_252f0405551b22f8,medium,possible_existing_athlete_match,Rakan Al Harithi,MAG,2366,Rakan Al-Harith,QAT,0.903,"QAT, QAT",,,merge as same athlete,,,,QAT: 2023 - Asian Championships (1 results),QAT: 2018 - Asian Junior Championships (1 results); 2019 - Singapore Open (5 results); 2022 - Asian Championships (2 results); 2022 - Cairo World Cup (1 results); 2022 - Doha World Cup (1 results); 2022 - Gymnasiade (2 results); 2022 - Islamic Solidarity Games (2 results),Rakan Al Harithi: not found 2024-2025 | Rakan Al-Harith: 2025: QAT:4
athlete_match_c23c0d37e0446521,medium,possible_existing_athlete_match,Alana Oliveira,WAG,8936,Alana de Oliveira,BRA,0.903,"BRA, BRA",,,merge as same athlete,,,,BRA: 2023 - Brazilian Championships (4 results),BRA: 2019 - Brazilian Championships (3 results); 2021 - Brazilian Championships (3 results); 2021 - Brazilian Junior Championships (6 results); 2022 - Brazil Trophy (4 results); 2022 - Brazilian Championships (10 results); 2022 - Brazilian Junior Championships (12 results),Alana Oliveira: 2024: BRA:5 | Alana de Oliveira: not found 2024-2025
athlete_match_0336060122c4f4ca,medium,possible_existing_athlete_match,Arianna Balocchi,WAG,11733,Arianna Bocchio,ITA,0.903,"ITA, ITA",,,keep separate,,,,ITA: 2023 - Italian Gold Championships Qualifier (5 results),ITA: 2020 - 1st Italian Serie A (5 results); 2020 - 2nd Italian Serie A (5 results); 2022 - Italian Gold Championships (1 results),Arianna Balocchi: 2024: ITA:3 / 2025: ITA:7 | Arianna Bocchio: not found 2024-2025
athlete_match_64803ed0d298e97a,high,possible_existing_athlete_match,Arina Dimitrova,WAG,17127,Radina Dimitrova,BUL,0.903,"BUL, RUS",,,keep separate,,,,RUS: 2023 - Russian Junior Championships (5 results),BUL: 2022 - Horizon Cup (5 results),Arina Dimitrova: 2025: RUS:5 | Radina Dimitrova: 2024: BUL:7
athlete_match_fdf5a7f3b1d55715,medium,possible_existing_athlete_match,Dalina Georgieva,WAG,9405,Diana Georgieva,BUL,0.903,"BUL, BUL",,,merge as same athlete,,,,BUL: 2023 - Bulgarian Championships (2 results),BUL: 2019 - Horizon Cup (5 results); 2022 - European Championships (3 results); 2022 - Horizon Cup (7 results),Dalina Georgieva: 2024: BUL:1 / 2025: BUL:1 | Diana Georgieva: not found 2024-2025
athlete_match_3fdc75bf5b30f9f1,medium,possible_existing_athlete_match,Laurie Dennommée,WAG,5294,Laurie Denommee,CAN,0.903,"CAN, CAN",,,merge as same athlete,,,,CAN: 2023 - Canadian Worlds Trials (2 results),CAN: 2018 - Canadian Championships (14 results); 2018 - Elite Canada (7 results); 2018 - Guimaraes Challenge Cup (12 results); 2018 - Pan American Championships (10 results); 2018 - Szombathely Challenge Cup (12 results); 2018 - Top 12 Final (2 results); 2018 - Top 12 Series 4 (5 results); 2019 - Canadian Championships (10 results); 2019 - Elite Canada (3 results); 2019 - FIT Challenge (5 results); 2019 - International Gymnix (5 results); 2019 - Top 12 Finals (5 results); 2019 - Top 12 Semi-Finals (5 results); 2020 - Elite Canada (4 results); 2020 - International Gymnix (6 results); 2020 - WOGA Classic (2 results); 2021 - Canadian Championships (10 results); 2021 - Canadian Technical Trial 2 (5 results); 2021 - Elite Canada (3 results); 2022 - Cairo World Cup (11 results); 2022 - Canadian Championships (4 results); 2022 - City of Jesolo Trophy (11 results); 2022 - Commonwealth Games (15 results); 2022 - Elite Canada (14 results); 2022 - World Championships (4 results),Laurie Dennommée: not found 2024-2025 | Laurie Denommee: not found 2024-2025
athlete_match_6ee9b3ed50efd1d3,medium,possible_existing_athlete_match,Muhammad Bariq Mat Daud,MAG,15580,Muhammad Bariq Adif Mat Daud,MAS,0.902,"MAS, MAS",,,merge as same athlete,,,,MAS: 2023 - Asian Championships (5 results),MAS: 2022 - Singapore Open (7 results),Muhammad Bariq Mat Daud: not found 2024-2025 | Muhammad Bariq Adif Mat Daud: 2024: MAS:7 / 2025: MAS:3
athlete_match_7790b917872334f5,medium,possible_existing_athlete_match,Alex Sarov,MAG,14982,Alek Sarov,BUL,0.9,"BUL, BUL",,,merge as same athlete,,,,BUL: 2023 - Balkan Championships (5 results),BUL: 2022 - Balkan Championships (9 results),Alex Sarov: not found 2024-2025 | Alek Sarov: not found 2024-2025
athlete_match_e6c3723be6e18035,medium,possible_existing_athlete_match,Alexander Benyammine,MAG,12267,Alexander Benjaminne,SWE,0.9,"SWE, SWE",,,merge as same athlete,,,,SWE: 2023 - Mälar Cup (5 results),SWE: 2021 - Mälar Cup (5 results); 2022 - Mälar Cup (11 results),Alexander Benyammine: 2024: SWE:11 | Alexander Benjaminne: 2024: SWE:4
athlete_match_5493ff5b31dcb3b4,medium,possible_existing_athlete_match,Allesandro Signorini,MAG,7190,Alessandro Signoroni,SUI,0.9,"SUI, SUI",,,merge as same athlete,,,,SUI: 2023 - Mälar Cup (5 results),SUI: 2019 - Swiss Team Championships (3 results),Allesandro Signorini: not found 2024-2025 | Alessandro Signoroni: not found 2024-2025
athlete_match_e1a0521587808d3c,medium,possible_existing_athlete_match,Elias Nabi,MAG,12449,Elyas Nabi,GER,0.9,"GER, GER",,,merge as same athlete,,,,GER: 2023 - Wohnen Juniors Trophy (5 results),GER: 2021 - Wohnen Juniors Trophy (10 results),Elias Nabi: 2024: GER:17 | Elyas Nabi: 2024: GER:13 / 2025: GER:40
athlete_match_9ea380babd9082ad,medium,possible_existing_athlete_match,Gai Oshima,MAG,12658,Kai Oshima,JPN,0.9,"JPN, JPN",,,merge as same athlete,,,,JPN: 2023 - All-Japan Junior Championships (5 results),JPN: 2021 - All-Japan Team Championships (1 results); 2022 - All-Japan Team Championships (1 results); 2022 - Japanese Junior Worlds Trials (7 results),Gai Oshima: 2024: JPN:4 / 2025: JPN:7 | Kai Oshima: not found 2024-2025
athlete_match_1c8dec85708e279f,medium,possible_existing_athlete_match,James Hill,MAG,1321,James Hall,GBR,0.9,"GBR, GBR",,,merge as same athlete,,,,GBR: 2023 - English Championships (5 results),GBR: 2018 - American Cup (7 results); 2018 - Baiersbronn Men's Friendly (5 results); 2018 - Birmingham World Cup (7 results); 2018 - British Championships (3 results); 2018 - Commonwealth Games (17 results); 2018 - English Championships (7 results); 2018 - European Championships (14 results); 2018 - World Championships (19 results); 2019 - American Cup (7 results); 2019 - Backnang Men's Friendly (7 results); 2019 - British Championships (9 results); 2019 - Cardiff Men's Friendly (7 results); 2019 - European Championships (15 results); 2019 - World Championships (20 results); 2020 - American Cup (7 results); 2020 - Top 12 Series 6 (2 results); 2021 - Olympic Games (20 results); 2022 - British Championships (8 results); 2022 - Commonwealth Games (16 results); 2022 - English Championships (7 results); 2022 - European Championships (9 results); 2022 - World Championships (10 results),James Hill: 2024: GBR:14 / 2025: GBR:14 | James Hall: 2024: GBR:31 / 2025: GBR:2
athlete_match_dc24ecc8f4a25673,medium,possible_existing_athlete_match,Kim Jingyu,MAG,12701,Kim Jinkyu,KOR,0.9,"KOR, KOR",,,merge as same athlete,,,,KOR: 2023 - South Korean Championships (5 results),KOR: 2021 - Korean National Sports Festival (9 results); 2021 - South Korean Championships (1 results); 2022 - Vera Caslavska Grand Prix (4 results),Kim Jingyu: 2024: KOR:4 / 2025: KOR:5 | Kim Jinkyu: not found 2024-2025
athlete_match_1122796cbc9e040a,medium,possible_existing_athlete_match,Olaf Antti,MAG,8277,Olof Antti,SWE,0.9,"SWE, SWE",,,merge as same athlete,,,,SWE: 2023 - Swedish Cup (5 results),SWE: 2019 - Mälar Cup (7 results); 2020 - Swedish Championships (12 results); 2021 - Mälar Cup (14 results); 2021 - Swedish Championships (14 results); 2021 - Swedish Cup (14 results); 2022 - European Championships (5 results); 2022 - International Junior Team Cup (7 results); 2022 - Mälar Cup (16 results),Olaf Antti: not found 2024-2025 | Olof Antti: 2024: SWE:24 / 2025: SWE:15
athlete_match_44391abc8acb26a7,medium,possible_existing_athlete_match,Oriol Rifa,MAG,11568,Oriel Rifa,ESP,0.9,"ESP, ESP",,,merge as same athlete,,,,ESP: 2023 - Spanish Championships (5 results),ESP: 2020 - Mallorca Cup (7 results); 2021 - Spanish Championships (7 results); 2022 - DTB Pokal Team Challenge (5 results); 2022 - European Championships (3 results); 2022 - International GymSport (10 results); 2022 - Spanish Championships (7 results),Oriol Rifa: not found 2024-2025 | Oriel Rifa: not found 2024-2025
athlete_match_04029478440958d4,medium,possible_existing_athlete_match,Reo Kurata,MAG,7997,Leo Kurata,JPN,0.9,"JPN, JPN",,,merge as same athlete,,,,JPN: 2023 - All-Japan Student Championships (5 results),JPN: 2019 - All-Japan Championships (1 results); 2019 - All-Japan Junior Championships (7 results); 2019 - All-Japan Team Championships (3 results); 2020 - All-Japan Men's Qualifier (7 results); 2020 - All-Japan Student Championships (7 results); 2020 - RD761 Junior International Cup (11 results); 2021 - All-Japan Championships (1 results); 2021 - All-Japan Student Championships (7 results); 2022 - All-Japan Championships (7 results),Reo Kurata: not found 2024-2025 | Leo Kurata: not found 2024-2025
athlete_match_62ec9da8ade7f47d,medium,possible_existing_athlete_match,Riley Byrk,MAG,15678,Riley Bryk,CAN,0.9,"CAN, CAN",,,merge as same athlete,,,,CAN: 2023 - Elite Canada (5 results),CAN: 2022 - Canadian Championships (9 results),Riley Byrk: not found 2024-2025 | Riley Bryk: not found 2024-2025
athlete_match_e5605e3c5646eb02,medium,possible_existing_athlete_match,Roméo Jost,MAG,13046,Romeo Jost,BEL,0.9,"BEL, BEL",,,merge as same athlete,,,,BEL: 2023 - Belgian Championships (5 results),BEL: 2021 - Wase Gymcup (5 results); 2022 - Austrian Future Cup (9 results); 2022 - Belgian Championships (7 results); 2022 - DTB Pokal Team Challenge (4 results),Roméo Jost: 2024: BEL:2 / 2025: BEL:19 | Romeo Jost: 2024: BEL:2
athlete_match_5b24574904d5e959,medium,possible_existing_athlete_match,Seza Özcan,MAG,15733,Seza Özkan,TUR,0.9,"TUR, TUR",,,merge as same athlete,,,,TUR: 2023 - Turkish Championships (5 results),TUR: 2022 - Turkish Championships (7 results),Seza Özcan: 2025: TUR:21 | Seza Özkan: not found 2024-2025
athlete_match_9427c0b80ee22c0e,medium,possible_existing_athlete_match,Shota Sato,MAG,11620,Shota Kato,JPN,0.9,"JPN, JPN",,,merge as same athlete,,,,JPN: 2023 - All-Japan Junior Championships (5 results),JPN: 2020 - All-Japan Student Championships (7 results),Shota Sato: not found 2024-2025 | Shota Kato: not found 2024-2025
athlete_match_b24354c64701a1d6,medium,possible_existing_athlete_match,Stavros Doumparatzis,MAG,8553,Stauros Doymparatzis,GRE,0.9,"GRE, GRE",,,merge as same athlete,,,,GRE: 2023 - Greek Championships (4 results),GRE: 2019 - Horizon Cup (4 results); 2021 - Greek Championships (4 results); 2022 - Greek Championships (3 results),Stavros Doumparatzis: not found 2024-2025 | Stauros Doymparatzis: not found 2024-2025
athlete_match_74b03904358329a1,medium,possible_existing_athlete_match,Wang Yuhan,MAG,8741,Wang Yuhao,CHN,0.9,"CHN, CHN",,,merge as same athlete,,,,CHN: 2023 - Chinese National Student Youth Games (5 results),CHN: 2019 - Chinese National Youth Games (14 results); 2021 - Chinese Youth Games (10 results); 2022 - Chinese Youth Championships (9 results),Wang Yuhan: not found 2024-2025 | Wang Yuhao: not found 2024-2025
athlete_match_a3f2c6c42b584b94,medium,possible_existing_athlete_match,Yui Tanaba,MAG,8817,Yui Tanabe,JPN,0.9,"JPN, JPN",,,merge as same athlete,,,,JPN: 2023 - Paris Challenge Cup (3 results),JPN: 2019 - All-Japan Junior Championships (7 results); 2021 - All-Japan Championships (2 results); 2021 - All-Japan Student Championships (7 results); 2022 - All-Japan Championships (7 results); 2022 - All-Japan Event Championships (1 results); 2022 - All-Japan Team Championships (3 results),Yui Tanaba: not found 2024-2025 | Yui Tanabe: 2024: JPN:34 / 2025: JPN:28
athlete_match_a1acd8e974e01797,medium,possible_existing_athlete_match,Ece Özdemir,WAG,16296,Ece Demir,TUR,0.9,"TUR, TUR",,,merge as same athlete,,,,TUR: 2023 - Turkish Championships (5 results),TUR: 2022 - Turkish Championships (5 results),Ece Özdemir: not found 2024-2025 | Ece Demir: not found 2024-2025
athlete_match_52dfbce965eee569,medium,possible_existing_athlete_match,Iman Baldé,WAG,4765,Iman Balde,FRA,0.9,"FRA, FRA",,,merge as same athlete,,,,FRA: 2023 - Top 12 Series 1 (1 results); 2023 - Top 12 Series 2 (1 results); 2023 - Top 12 Series 4 (1 results),FRA: 2018 - Tournoi International (5 results); 2021 - Elite Gym Massilia (5 results),Iman Baldé: not found 2024-2025 | Iman Balde: not found 2024-2025
athlete_match_2433360871c4ce6e,high,possible_existing_athlete_match,Jang Mina,WAG,9864,Jiang Meina,CHN,0.9,"CHN, KOR",,,keep separate,,,,KOR: 2023 - South Korean Championships (5 results),CHN: 2019 - Chinese Junior Championships (10 results); 2019 - Chinese National Youth Games (15 results); 2020 - Chinese Championships (10 results); 2021 - Chinese Championships (5 results); 2021 - Chinese National Games (5 results); 2021 - Yangtze Delta Invitational (4 results),Jang Mina: 2025: KOR:7 | Jiang Meina: not found 2024-2025
athlete_match_40077b7c2288a712,high,possible_existing_athlete_match,Lia Gomez,WAG,5503,Lucia Gomez,ESP,0.9,"ESP, MEX",,,keep separate,,,,MEX: 2023 - Mexican Championships (5 results),ESP: 2018 - 1st Spanish League (5 results); 2018 - 2nd Spanish League (5 results); 2018 - 3rd Spanish League (5 results); 2019 - 1st Spanish League (5 results); 2019 - 2nd Spanish League (5 results); 2019 - 3rd Spanish League (5 results); 2021 - 1st Spanish League (5 results),Lia Gomez: not found 2024-2025 | Lucia Gomez: not found 2024-2025
athlete_match_2ed12b7d5c78386d,medium,possible_existing_athlete_match,Rei Takagi,WAG,10796,Rei Takaki,JPN,0.9,"JPN, JPN",,,merge as same athlete,,,,JPN: 2023 - All-Japan Senior Championships (5 results),JPN: 2019 - All-Japan Junior Championships (5 results); 2021 - All-Japan Senior Championships (5 results); 2021 - All-Japan Team Championships (1 results); 2022 - All-Japan Senior Championships (5 results); 2022 - All-Japan Team Championships (1 results),Rei Takagi: 2024: JPN:10 | Rei Takaki: not found 2024-2025
athlete_match_7e91792b860e95ec,medium,possible_existing_athlete_match,Artyom Selikhov,MAG,15031,Artem Selikhov,RUS,0.897,"RUS, RUS",,,merge as same athlete,,,,RUS: 2023 - Russian Junior Championships (5 results),RUS: 2022 - Russian Championships (7 results),Artyom Selikhov: 2024: RUS:19 / 2025: RUS:14 | Artem Selikhov: not found 2024-2025
athlete_match_3137ba97db1ced57,medium,possible_existing_athlete_match,Bernardo Santos,MAG,15063,Bernardo Actos,BRA,0.897,"BRA, BRA",,,merge as same athlete,,,,BRA: 2023 - Brazilian Junior Championships (5 results),BRA: 2022 - Brazilian Championships (10 results),Bernardo Santos: 2024: BRA:38 / 2025: BRA:11 | Bernardo Actos: not found 2024-2025
athlete_match_4b28d99dd382009c,medium,possible_existing_athlete_match,Caio Silveira,MAG,15086,Caio da Silveira,BRA,0.897,"BRA, BRA",,,merge as same athlete,,,,BRA: 2023 - Brazilian Junior Championships (5 results),BRA: 2022 - Brazilian Junior Championships (13 results),Caio Silveira: 2024: BRA:11 / 2025: BRA:32 | Caio da Silveira: not found 2024-2025
athlete_match_9fbd5c6ce67c940f,high,possible_existing_athlete_match,Danil Kazakov,MAG,618,Daniil Kazachkov,RUS,0.897,"RUS, SWE",,,keep separate,,,,SWE: 2023 - Nordic Junior Championships (5 results),RUS: 2018 - 2nd Bundesliga (4 results); 2018 - 3rd Bundesliga (7 results); 2018 - 4th Bundesliga (3 results); 2018 - Dityatin Cup (2 results); 2018 - Russian Championships (16 results); 2018 - Top 12 Final (4 results); 2018 - Top 12 Semi-Final 1 (2 results); 2018 - Top 12 Series 6 (2 results); 2019 - Russian Championships (3 results); 2019 - Top 12 Finals (3 results); 2019 - Top 12 Semi-Final I (1 results); 2019 - Top 12 Semi-Final II (1 results); 2019 - Top 12 Series 2 (1 results); 2019 - Top 12 Series 3 (1 results); 2020 - Top 12 Semi-Final I (1 results); 2021 - Russian Championships (7 results),Danil Kazakov: not found 2024-2025 | Daniil Kazachkov: not found 2024-2025
athlete_match_9543b93bde572ca7,medium,possible_existing_athlete_match,Ilya Tkachenko,MAG,15304,Ilya Tkachenkau,BLR,0.897,"BLR, BLR",,,merge as same athlete,,,,BLR: 2023 - Belarus Open Cup (5 results),BLR: 2022 - Mogilev Friendly (7 results),Ilya Tkachenko: not found 2024-2025 | Ilya Tkachenkau: not found 2024-2025
athlete_match_db51b6c79aeff63a,medium,possible_existing_athlete_match,Ioannis Tougas,MAG,1227,Ioannis Tounkas,GRE,0.897,"GRE, GRE",,,merge as same athlete,,,,GRE: 2023 - Greek Championships (5 results),GRE: 2018 - Greek Championships (11 results); 2019 - Greek Championships (13 results); 2021 - Greek Championships (7 results); 2022 - Greek Championships (14 results),Ioannis Tougas: not found 2024-2025 | Ioannis Tounkas: not found 2024-2025
athlete_match_b78382d9424267d6,medium,possible_existing_athlete_match,Kang Pyeonghwan,MAG,12665,Kang Pyunghwan,KOR,0.897,"KOR, KOR",,,merge as same athlete,,,,KOR: 2023 - South Korean Championships (5 results),KOR: 2021 - South Korean Championships (7 results),Kang Pyeonghwan: 2024: KOR:8 / 2025: KOR:9 | Kang Pyunghwan: not found 2024-2025
athlete_match_d993c3137488274e,medium,possible_existing_athlete_match,Nikita Dzeshko,MAG,15600,Nikita Dzeshkau,BLR,0.897,"BLR, BLR",,,merge as same athlete,,,,BLR: 2023 - Belarus Open Cup (5 results),BLR: 2022 - Mogilev Friendly (4 results),Nikita Dzeshko: 2024: BLR:7 | Nikita Dzeshkau: not found 2024-2025
athlete_match_b40ca23914a743ad,medium,possible_existing_athlete_match,Viktor Kortnev,MAG,13247,Viktor Kortynov,RUS,0.897,"RUS, RUS",,,merge as same athlete,,,,RUS: 2023 - Russian Junior Championships (5 results),RUS: 2021 - Russian Youth Spartakiade (16 results); 2022 - Russian Championships (8 results),Viktor Kortnev: 2024: RUS:17 | Viktor Kortynov: not found 2024-2025
athlete_match_7f400061533bfe69,high,possible_existing_athlete_match,Alexandra Ore,WAG,15957,Alexandra Florea,ROU,0.897,"NOR, ROU",,,keep separate,,,,NOR: 2023 - Norwegian FIG Meet 3 (5 results),ROU: 2022 - Petrom Cup (5 results); 2022 - Romanian Junior Championships (5 results); 2022 - Romanian Junior Individual Championships (5 results); 2022 - Tournoi International (7 results),Alexandra Ore: 2024: NOR:46 / 2025: NOR:31 | Alexandra Florea: not found 2024-2025
athlete_match_0089464ae9bff4db,medium,possible_existing_athlete_match,Daria Lukashina,WAG,13695,Daria Lushkina,RUS,0.897,"RUS, RUS",,,merge as same athlete,,,,RUS: 2023 - Russian Junior Championships (5 results),RUS: 2021 - Russian Youth Spartakiade (3 results); 2022 - Russian Championships (10 results),Daria Lukashina: 2025: RUS:10 | Daria Lushkina: not found 2024-2025
athlete_match_43f6593dc01061c8,high,possible_existing_athlete_match,Katelyn McDonald,WAG,5093,Kate McDonald,AUS,0.897,"AUS, RSA",,,keep separate,,,,RSA: 2023 - South African Championships (5 results),AUS: 2018 - Pacific Rim Championships (2 results); 2019 - Australian Championships (10 results); 2019 - Australian Classic (10 results); 2019 - FIT Challenge (6 results); 2019 - World Championships (2 results); 2020 - International Gymnix (7 results); 2021 - Australian Championships (4 results); 2022 - Australian Championships (10 results); 2022 - Australian Classic (5 results); 2022 - Commonwealth Games (4 results); 2022 - Oceania Championships (5 results); 2022 - World Championships (2 results),Katelyn McDonald: not found 2024-2025 | Kate McDonald: 2024: AUS:12 / 2025: AUS:32
athlete_match_ce8d90ab19935400,medium,possible_existing_athlete_match,Milana Lebedeva,WAG,13715,Diana Lebedeva,RUS,0.897,"RUS, RUS",,,merge as same athlete,,,,RUS: 2023 - Russian Junior Championships (3 results),RUS: 2021 - Russian Junior Championships (10 results),Milana Lebedeva: not found 2024-2025 | Diana Lebedeva: not found 2024-2025
athlete_match_7fb1de560e930be9,medium,possible_existing_athlete_match,Nicole Campos,WAG,17050,Nicole de Campos,BRA,0.897,"BRA, BRA",,,merge as same athlete,,,,BRA: 2023 - Brazilian Championships (5 results),BRA: 2022 - Brazilian Junior Championships (9 results),Nicole Campos: 2024: BRA:37 / 2025: BRA:24 | Nicole de Campos: not found 2024-2025
athlete_match_3da3ea565f743f50,medium,possible_existing_athlete_match,Lilja Gunnarsdottir,WAG,13760,Elisa Gunnarsdottir,ISL,0.895,"ISL, ISL",,,merge as same athlete,,,,ISL: 2023 - Icelandic Fall Championships (5 results),ISL: 2021 - Iceland Classic (7 results); 2022 - GK Championships (7 results); 2022 - Icelandic Championships (2 results),Lilja Gunnarsdottir: 2024: ISL:33 / 2025: ISL:39 | Elisa Gunnarsdottir: not found 2024-2025
athlete_match_8dac10aead62aed3,medium,possible_existing_athlete_match,Marharyta Kozlovska,WAG,5673,Margarita Kozlovska,UKR,0.895,"UKR, UKR",,,merge as same athlete,,,,UKR: 2023 - Top 12 Series 2 (5 results),UKR: 2018 - Top 12 Series 1 (5 results); 2019 - Top 12 Semi-Finals (5 results); 2019 - Top 12 Series 1 (3 results); 2019 - Top 12 Series 2 (3 results); 2019 - Top 12 Series 3 (5 results); 2019 - Ukrainian Championships (5 results); 2020 - Ukrainian Championships (5 results); 2021 - Ukraine International Cup (2 results); 2021 - Ukrainian Championships (5 results); 2022 - European Championships (2 results); 2022 - Gymnasiade (7 results); 2022 - Top 12 Finals (2 results); 2022 - Top 12 Series 2 (1 results); 2022 - World Championships (5 results),Marharyta Kozlovska: not found 2024-2025 | Margarita Kozlovska: not found 2024-2025
athlete_match_204bb3e010d68dc4,medium,possible_existing_athlete_match,Maria Spiliopoulou,WAG,10381,Markela Spiliopoulou,GRE,0.895,"GRE, GRE",,,merge as same athlete,,,,GRE: 2023 - Greek Championships (5 results),GRE: 2019 - Horizon Cup (5 results); 2022 - Greek Championships (10 results); 2022 - Horizon Cup (5 results),Maria Spiliopoulou: not found 2024-2025 | Markela Spiliopoulou: not found 2024-2025
athlete_match_d0dd2a88b5f1c98c,medium,possible_existing_athlete_match,Abdelrahman Mahmoud,MAG,57,Ahmed Abdelrahman,EGY,0.889,"EGY, EGY",same_context_different_score_keep_separate,same_context_different_score_keep_separate,keep separate,,,Post-decision preview showed same-context different-score conflicts at Pharaoh's Cup 2023; keep separate by learned rule.,EGY: 2023 - Pharaoh's Cup (5 results),EGY: 2018 - African Championships (9 results); 2018 - Mediterranean Games (14 results); 2018 - Osijek Challenge Cup (2 results); 2018 - Szombathely Challenge Cup (2 results); 2019 - Cottbus World Cup (3 results); 2019 - Voronin Cup (10 results); 2021 - World Championships (3 results); 2022 - African Championships (8 results); 2022 - COMEGYM Championships (8 results); 2022 - Cairo World Cup (1 results); 2022 - Mediterranean Games (7 results); 2022 - Paris Challenge Cup (3 results); 2022 - World Championships (5 results),Abdelrahman Mahmoud: not found 2024-2025 | Ahmed Abdelrahman: not found 2024-2025
athlete_match_4427f668a473467b,medium,possible_existing_athlete_match,Aiden Cuy,MAG,14974,Aidan Cuy,USA,0.889,"USA, USA",,,merge as same athlete,,,,USA: 2023 - U.S. Classic (3 results),USA: 2022 - U.S. Classic (7 results),Aiden Cuy: not found 2024-2025 | Aidan Cuy: not found 2024-2025
athlete_match_ecec082dbdaaab35,high,possible_existing_athlete_match,Aleksandr Kikalov,MAG,7185,Aleksandr Mikhailov,RUS,0.889,"FIN, RUS",,,keep separate,,,,FIN: 2023 - Finnish Championships (5 results),RUS: 2019 - Russian Junior Championships (15 results),Aleksandr Kikalov: not found 2024-2025 | Aleksandr Mikhailov: not found 2024-2025
athlete_match_fda0283086337573,medium,possible_existing_athlete_match,An Zheng,MAG,2748,Tang Zheng,CHN,0.889,"CHN, CHN",,,keep separate,,,,CHN: 2023 - Chinese National Student Youth Games (5 results),CHN: 2018 - Chinese Championships (4 results); 2019 - Chinese Championships (3 results); 2019 - Chinese Individual Championships (3 results); 2020 - Chinese Championships (7 results); 2021 - Chinese Championships (7 results); 2022 - Chinese Youth Championships (7 results),An Zheng: 2025: CHN:34 | Tang Zheng: not found 2024-2025
athlete_match_5ebc28ad97f2d7a3,medium,possible_existing_athlete_match,Bilal Bellaoui,MAG,365,Bilal Belaoni,ALG,0.889,"ALG, ALG",,,merge as same athlete,,,,ALG: 2023 - African Championships (5 results),ALG: 2018 - Gymnasiade (7 results); 2022 - African Championships (8 results); 2022 - Mediterranean Games (7 results),Bilal Bellaoui: 2024: ALG:2 / 2025: ALG:6 | Bilal Belaoni: not found 2024-2025
athlete_match_ec086ddcf322d6b7,medium,possible_existing_athlete_match,Christoffer Juhlin,MAG,7363,Christopher Juhlin,SWE,0.889,"SWE, SWE",,,merge as same athlete,,,,SWE: 2023 - Mälar Cup (3 results),SWE: 2019 - Swedish Junior Men's Championships (7 results); 2020 - Swedish Championships (12 results); 2021 - Mälar Cup (14 results); 2021 - Swedish Championships (11 results); 2021 - Swedish Cup (9 results); 2022 - Swedish Championships (8 results),Christoffer Juhlin: not found 2024-2025 | Christopher Juhlin: 2025: SWE:12
athlete_match_7d4f3938e7c34cbd,high,possible_existing_athlete_match,Jackson Martin,MAG,8113,Marty Jackson,GBR,0.889,"CAN, GBR",,,keep separate,,,,CAN: 2023 - Elite Canada (5 results),GBR: 2019 - English Championships (7 results),Jackson Martin: 2024: CAN:14 / 2025: CAN:28 | Marty Jackson: not found 2024-2025
athlete_match_2608c6ca304932ed,medium,possible_existing_athlete_match,Jinpei Nakahira,MAG,7783,Jin Nakahira,JPN,0.889,"JPN, JPN",,,keep separate,,,,JPN: 2023 - All-Japan Student Championships (5 results),JPN: 2019 - All-Japan Junior Championships (7 results),Jinpei Nakahira: not found 2024-2025 | Jin Nakahira: not found 2024-2025
athlete_match_bebfde13f81277e5,medium,possible_existing_athlete_match,José Reis,MAG,15373,Jose Reis,POR,0.889,"POR, POR",,,merge as same athlete,,,,POR: 2023 - Portuguese Championships (5 results),POR: 2022 - International GymSport (1 results),José Reis: not found 2024-2025 | Jose Reis: 2025: POR:1
athlete_match_c58472875ffd736e,high,possible_existing_athlete_match,Leo Koike,MAG,8368,Reo Koike,JPN,0.889,"JPN, USA",,,keep separate,,,,USA: 2023 - U.S. Classic (5 results),JPN: 2019 - All-Japan Junior Championships (7 results); 2021 - All-Japan Senior Championships (7 results),Leo Koike: not found 2024-2025 | Reo Koike: not found 2024-2025
athlete_match_9154d509e44d618a,medium,possible_existing_athlete_match,Park Hwapyeong,MAG,12982,Park Hwapyung,KOR,0.889,"KOR, KOR",,,merge as same athlete,,,,KOR: 2023 - South Korean Championships (5 results),KOR: 2021 - Korean National Sports Festival (4 results); 2021 - South Korean Championships (3 results),Park Hwapyeong: 2025: KOR:4 | Park Hwapyung: not found 2024-2025
athlete_match_75d7e54aa727f4ec,medium,possible_existing_athlete_match,Tom Meier,MAG,13197,Tim Meier,GER,0.889,"GER, GER",,,merge as same athlete,,,,GER: 2023 - Austrian Future Cup (5 results),GER: 2021 - 5th Bundesliga (1 results); 2021 - 7th Bundesliga (4 results),Tom Meier: 2024: GER:72 / 2025: GER:22 | Tim Meier: not found 2024-2025
athlete_match_37a2a879395ae7cd,medium,possible_existing_athlete_match,Addie Oiler-Velez,WAG,8900,Addison Oiler-Velez,USA,0.889,"USA, USA",,,merge as same athlete,,,,USA: 2023 - Hopes Classic (5 results),USA: 2019 - Buckeye National Qualifier (5 results); 2020 - Everest National Qualifier (5 results); 2020 - KPAC National Qualifier (5 results); 2021 - Buckeye National Qualifier (5 results); 2021 - Hopes Classic (5 results); 2021 - Parkettes National Qualifier (5 results); 2022 - Buckeye National Qualifier (5 results); 2022 - KPAC National Qualifier (5 results); 2022 - NTTC National Qualifier (5 results),Addie Oiler-Velez: 2024: USA:5 | Addison Oiler-Velez: not found 2024-2025
athlete_match_ad785be2a76d06e2,medium,possible_existing_athlete_match,Andreza Lima,WAG,9068,Andreza de Lima,BRA,0.889,"BRA, BRA",,,merge as same athlete,,,,BRA: 2023 - Brazilian Championships (5 results),BRA: 2019 - Brazilian Championships (10 results); 2021 - Brazilian Championships (1 results); 2021 - Brazilian Junior Championships (13 results); 2021 - Junior Pan American Championships (12 results); 2021 - Junior Pan American Games (9 results); 2022 - Brazil Trophy (11 results); 2022 - Brazilian Championships (10 results); 2022 - Brazilian Junior Championships (4 results); 2022 - Pan American Championships (12 results); 2022 - South American Junior Games (12 results),Andreza Lima: 2024: BRA:25 / 2025: BRA:3 | Andreza de Lima: not found 2024-2025
athlete_match_8187612d171c6897,medium,possible_existing_athlete_match,Claudia Belda,WAG,4012,Claudia Buxeda,ESP,0.889,"ESP, ESP",,,keep separate,,,,ESP: 2024 - 1st Spanish League (2024 season) (5 results),ESP: 2018 - 1st Spanish League (5 results); 2018 - 2nd Spanish League (5 results); 2018 - 3rd Spanish League (1 results); 2019 - 1st Spanish League (1 results); 2019 - 3rd Spanish League (1 results); 2019 - Spanish Championships (3 results); 2020 - 1st Spanish League (2020 season) (3 results); 2020 - 2nd Spanish League (5 results); 2020 - Spanish Championships (5 results); 2021 - 3rd Spanish League (2 results); 2022 - 2nd Spanish League (2 results); 2022 - 3rd Spanish League (2 results); 2023 - 1st Spanish League 2023 (2 results),Claudia Belda: 2024: ESP:10 | Claudia Buxeda: 2025: ESP:6
athlete_match_82aa971e9eb88642,high,possible_existing_athlete_match,Diana Cimpean,WAG,9227,Bianca Cimpean,ROU,0.889,"ITA, ROU",,,keep separate,,ROU,Both gymnasts ROU,ITA: 2023 - Gymnova Cup (5 results),ROU: 2019 - Petrom Cup (5 results),Diana Cimpean: not found 2024-2025 | Bianca Cimpean: not found 2024-2025
athlete_match_b2b966c2a6e86495,medium,possible_existing_athlete_match,Léa Franceries,WAG,5301,Lea Francerie,FRA,0.889,"FRA, FRA",,,merge as same athlete,,,,FRA: 2023 - French Championships (5 results),FRA: 2018 - Tournoi International (2 results); 2019 - Top 12 Semi-Finals (2 results); 2019 - Top 12 Series 2 (1 results); 2019 - Top 12 Series 3 (3 results); 2020 - Top 12 Series 3 (3 results); 2021 - 2nd Spanish League (3 results); 2021 - Elite Gym Massilia (15 results); 2021 - French Championships (10 results); 2021 - French National Team Review (5 results); 2021 - Spanish League Finals (3 results); 2021 - Top 12 Championships (5 results); 2022 - Austrian Team Challenge (5 results); 2022 - French Championships (12 results); 2022 - French Test Meet (5 results); 2022 - Gymnasiade (11 results); 2022 - Sedan Friendly (5 results); 2022 - Top 12 Finals (3 results); 2022 - Top 12 Series 2 (5 results); 2022 - Top 12 Series 3 (5 results),Léa Franceries: 2024: FRA:10 / 2025: FRA:32 | Lea Francerie: not found 2024-2025
athlete_match_c50645dd1f4dd497,medium,possible_existing_athlete_match,Liva Buliceva,WAG,14225,Licia Buliceva,LAT,0.889,"LAT, LAT",,,merge as same athlete,,,,LAT: 2023 - Latvian Championships (5 results),LAT: 2021 - Gymnova Cup (5 results); 2022 - Latvian Championships (5 results); 2022 - Latvian Cup (5 results),Liva Buliceva: 2024: LAT:22 / 2025: LAT:18 | Licia Buliceva: not found 2024-2025
athlete_match_8ffa14f1b65cfd37,medium,possible_existing_athlete_match,Luisa Groeschl,WAG,16823,Luisa Gröschl,GER,0.889,"GER, GER",,,merge as same athlete,,,,GER: 2023 - 3rd Bundesliga (5 results),GER: 2022 - 3rd Bundesliga (3 results); 2022 - 4th Bundesliga (1 results); 2022 - German Junior Championships (6 results); 2022 - Zelena Jama Open (5 results),Luisa Groeschl: 2024: GER:8 | Luisa Gröschl: not found 2024-2025
athlete_match_6ba68c839941eb66,medium,possible_existing_athlete_match,Martina Baldi,WAG,14409,Martina Balliu,ITA,0.889,"ITA, ITA",same_context_different_score_keep_separate,same_context_different_score_keep_separate,keep separate,,,Post-decision preview showed same-context different-score conflicts at Italian Gold Championships Qualifier 2023; keep separate by learned rule.,ITA: 2023 - Italian Gold Championships Qualifier (5 results),ITA: 2021 - 2nd Italian Serie A (5 results); 2021 - 3rd Italian Serie A (5 results); 2022 - 1st Italian Serie A (3 results); 2022 - 2nd Italian Serie A (3 results); 2022 - 3rd Italian Serie A (3 results); 2022 - Italian Gold Championships (1 results),Martina Baldi: not found 2024-2025 | Martina Balliu: not found 2024-2025
athlete_match_cb4ff10cfcff9a77,medium,possible_existing_athlete_match,Milli De O'Hara,WAG,5932,Milli O'Hara,GBR,0.889,"GBR, GBR",,,merge as same athlete,,,,GBR: 2023 - British Championships (5 results),GBR: 2018 - British Team Championships (3 results); 2019 - British Championships (7 results); 2019 - Scottish Championships (9 results); 2021 - British Championships (5 results); 2022 - British Championships (5 results); 2022 - English Championships (5 results); 2022 - Scottish Championships (7 results),Milli De O'Hara: 2024: GBR:2 / 2025: GBR:6 | Milli O'Hara: not found 2024-2025
athlete_match_3f44bbf515286d26,medium,possible_existing_athlete_match,Miyu Sato,WAG,12046,Miu Asato,JPN,0.889,"JPN, JPN",,,keep separate,,,,JPN: 2023 - All-Japan Junior Championships (2 results),JPN: 2020 - All-Japan Student Championships (5 results),Miyu Sato: 2024: JPN:5 / 2025: JPN:15 | Miu Asato: not found 2024-2025
athlete_match_42f038716abb0660,medium,possible_existing_athlete_match,Natalia Nara,WAG,6033,Natalia Naranjo,MEX,0.889,"MEX, MEX",,,keep separate,,,,MEX: 2023 - Mexican Championships (5 results),MEX: 2018 - Mexican Championships (7 results),Natalia Nara: not found 2024-2025 | Natalia Naranjo: not found 2024-2025
athlete_match_157839ee0d7095d9,medium,possible_existing_athlete_match,Shane Ijlstra,WAG,6461,Sanne Zijlstra,NED,0.889,"NED, NED",,,keep separate,,,,NED: 2023 - Dutch Championships (5 results),NED: 2018 - Dutch Team Championships (3 results); 2021 - 1st Dutch Olympic Trials (2 results); 2021 - 2nd Dutch Olympic Trials (2 results); 2022 - Dutch Championships (5 results),Shane Ijlstra: 2024: NED:10 / 2025: NED:1 | Sanne Zijlstra: not found 2024-2025
athlete_match_83743490f38bccae,medium,possible_existing_athlete_match,Sofia Colaizzi,WAG,6641,Sofia Polizzi,ITA,0.889,"ITA, ITA",,,keep separate,,,,ITA: 2023 - Italian Gold Championships Qualifier (5 results),ITA: 2018 - Italian Gold Championships (6 results); 2020 - Italian Gold Junior Championships (5 results); 2021 - Italian Gold Championships (5 results); 2022 - 1st Italian Serie A (2 results); 2022 - 2nd Italian Serie A (2 results); 2022 - 3rd Italian Serie A (2 results),Sofia Colaizzi: 2024: ITA:1 / 2025: ITA:3 | Sofia Polizzi: not found 2024-2025
athlete_match_764d9e956a44eea2,medium,possible_existing_athlete_match,Terez Williams,WAG,11100,Teri Williams,GBR,0.889,"GBR, GBR",,,merge as same athlete,,,,GBR: 2023 - English Championships (5 results),GBR: 2019 - English Championships (1 results); 2022 - British Team Championships (5 results); 2022 - English Championships (5 results),Terez Williams: not found 2024-2025 | Teri Williams: not found 2024-2025
athlete_match_67f1dfd42f5fa61b,medium,possible_existing_athlete_match,Veronica Maci,WAG,6910,Veronica Mauri,ITA,0.889,"ITA, ITA",,,keep separate,,,,ITA: 2023 - Italian Gold Championships Qualifier (3 results),ITA: 2018 - 1st Italian Serie A (3 results); 2018 - 2nd Italian Serie A (1 results); 2020 - Italian Gold Championships (3 results); 2022 - 1st Italian Serie A (2 results); 2022 - 2nd Italian Serie A (2 results); 2022 - 3rd Italian Serie A (2 results); 2022 - Italian Gold Championships (1 results),Veronica Maci: 2024: ITA:1 | Veronica Mauri: not found 2024-2025
athlete_match_26c74600f1b86308,medium,possible_existing_athlete_match,Wu Junjie,WAG,11237,Wu Jinjie,CHN,0.889,"CHN, CHN",,,merge as same athlete,,,,CHN: 2023 - Chinese Championships (5 results),CHN: 2019 - Chinese Junior Championships (5 results); 2020 - Chinese Individual Championships (12 results); 2021 - Chinese Championships (5 results); 2022 - Chinese Championships (5 results),Wu Junjie: 2025: CHN:3 | Wu Jinjie: not found 2024-2025
athlete_match_f7c25ac466575559,medium,possible_existing_athlete_match,Aliaksei Radionov,MAG,14996,Aliaksei Radionau,BLR,0.882,"BLR, BLR",,,merge as same athlete,,,,BLR: 2023 - Belarus Open Cup (5 results),BLR: 2022 - Mogilev Friendly (7 results),Aliaksei Radionov: 2024: BLR:24 | Aliaksei Radionau: not found 2024-2025
athlete_match_fc81a4ab724005b2,medium,possible_existing_athlete_match,Arthur Olyslaeger,MAG,12315,Arthur Oylsaegers,BEL,0.882,"BEL, BEL",,,merge as same athlete,,,,BEL: 2023 - Wase Gymcup (4 results),BEL: 2021 - Wase Gymcup (7 results); 2022 - Wase Gymcup (1 results),Arthur Olyslaeger: not found 2024-2025 | Arthur Oylsaegers: not found 2024-2025
athlete_match_01b2eea8b635e748,medium,possible_existing_athlete_match,Danila Hryhorchuk,MAG,12409,Daniil Hryharchuk,BLR,0.882,"BLR, BLR",,,merge as same athlete,,,,BLR: 2023 - Belarus Open Cup (5 results),BLR: 2021 - Belarusian Open Cup (7 results); 2022 - Voronin Cup (7 results),Danila Hryhorchuk: not found 2024-2025 | Daniil Hryharchuk: not found 2024-2025
athlete_match_03c4ed48ef54dbd8,medium,possible_existing_athlete_match,Kamari Star Lock,MAG,7854,Ka'Mari-Starr Lock,GBR,0.882,"GBR, GBR",,,merge as same athlete,,,,GBR: 2023 - Horizon Cup (5 results),GBR: 2019 - British Championships (7 results); 2019 - English Championships (7 results); 2022 - British Championships (9 results),Kamari Star Lock: not found 2024-2025 | Ka'Mari-Starr Lock: not found 2024-2025
athlete_match_cdaad57664ab2589,medium,possible_existing_athlete_match,Serafeim Eminidis,MAG,13097,Seraphim Eminidis,GRE,0.882,"GRE, GRE",,,merge as same athlete,,,,GRE: 2023 - Greek Championships (5 results),GRE: 2021 - Greek Championships (6 results); 2022 - European Championships (7 results); 2022 - European Youth Olympic Festival (7 results); 2022 - Greek Championships (11 results); 2022 - Horizon Cup (7 results),Serafeim Eminidis: 2024: GRE:17 | Seraphim Eminidis: not found 2024-2025
athlete_match_4c2467bd49cf5893,medium,possible_existing_athlete_match,Elizaveta Zorina,WAG,13773,Elizaveta Sorokina,RUS,0.882,"RUS, RUS",,,keep separate,,,,RUS: 2023 - Russian Junior Championships (4 results),RUS: 2021 - Russian Federal Championships (8 results),Elizaveta Zorina: 2025: RUS:10 | Elizaveta Sorokina: not found 2024-2025
athlete_match_a43ca3fbc4995fe7,medium,possible_existing_athlete_match,Gülbahar Gerdan,WAG,16489,Gülbahar Ece Gerdan,TUR,0.882,"TUR, TUR",,,merge as same athlete,,,,TUR: 2023 - Turkish Championships (5 results),TUR: 2022 - Turkish Championships (7 results),Gülbahar Gerdan: not found 2024-2025 | Gülbahar Ece Gerdan: 2024: TUR:10 / 2025: TUR:11
athlete_match_88d5b24aea3219bb,medium,possible_existing_athlete_match,Katerina Marikova,WAG,16656,Katerina Bartkova,CZE,0.882,"CZE, CZE",,,keep separate,,,,CZE: 2023 - Czech Championships (5 results),CZE: 2022 - Czech Championships (5 results),Katerina Marikova: 2024: CZE:13 / 2025: CZE:31 | Katerina Bartkova: 2024: CZE:5
athlete_match_f36f6c11b83dadfc,medium,possible_existing_athlete_match,Thauanny Santos,WAG,17303,Thauanny dos Santos,BRA,0.882,"BRA, BRA",,,merge as same athlete,,,,BRA: 2023 - Brazilian Championships (5 results),BRA: 2022 - Brazilian Junior Championships (7 results),Thauanny Santos: 2024: BRA:20 | Thauanny dos Santos: not found 2024-2025
athlete_match_227451959961b1db,medium,possible_existing_athlete_match,Valentina Lonkone,WAG,17327,Valentina Llogone,GRE,0.882,"GRE, GRE",,,merge as same athlete,,,,GRE: 2023 - Greek Championships (5 results),GRE: 2022 - Greek Championships (6 results); 2022 - Horizon Cup (5 results),Valentina Lonkone: not found 2024-2025 | Valentina Llogone: 2024: ALB:14 / 2025: ALB:2
athlete_match_14c61c8b2871f255,high,possible_existing_athlete_match,Viktoria Ilkova,WAG,14873,Viktoria Kislyakova,RUS,0.882,"BUL, RUS",,,keep separate,,,,BUL: 2023 - Bulgarian Championships (3 results),RUS: 2021 - Russian Federal Championships (10 results),Viktoria Ilkova: not found 2024-2025 | Viktoria Kislyakova: not found 2024-2025
athlete_match_b00b2e3c40bebd56,medium,possible_existing_athlete_match,Artem Gorlov,MAG,12321,Artyom Gorlov,RUS,0.88,"RUS, RUS",,,merge as same athlete,,,,RUS: 2023 - Russian Junior Championships (5 results),RUS: 2021 - Russian Youth Spartakiade (14 results),Artem Gorlov: not found 2024-2025 | Artyom Gorlov: 2024: RUS:7 / 2025: RUS:7
athlete_match_f005a6526ace64bf,medium,possible_existing_athlete_match,Chae Jeongwon,MAG,12373,Chae Jungwon,KOR,0.88,"KOR, KOR",,,merge as same athlete,,,,KOR: 2023 - South Korean Championships (4 results),KOR: 2021 - South Korean Championships (6 results),Chae Jeongwon: not found 2024-2025 | Chae Jungwon: not found 2024-2025
athlete_match_6251d3a06a5a1e5a,medium,possible_existing_athlete_match,Daiki Tokuda,MAG,7399,Daisei Tokuda,JPN,0.88,"JPN, JPN",,,keep separate,,,,JPN: 2023 - All-Japan Student Championships (5 results),JPN: 2019 - All-Japan Junior Championships (7 results); 2022 - All-Japan Championships (1 results); 2022 - All-Japan Team Championships (3 results),Daiki Tokuda: 2024: JPN:12 / 2025: JPN:21 | Daisei Tokuda: not found 2024-2025
athlete_match_fc51a0d63d4d78c2,high,possible_existing_athlete_match,Finlay Martin,MAG,1907,Martin Fiala,CZE,0.88,"CZE, GBR",,,keep separate,,,,GBR: 2023 - British Championships (5 results),CZE: 2018 - European Championships (5 results); 2018 - International Junior Team Cup (7 results); 2018 - Sokol Grand Prix (2 results); 2019 - Czech Championships (10 results),Finlay Martin: not found 2024-2025 | Martin Fiala: not found 2024-2025
athlete_match_0457a2e0801d24fe,high,possible_existing_athlete_match,Jacob Carlen,MAG,1281,Jacob Karlsen,NOR,0.88,"NOR, SWE",,,keep separate,,,,SWE: 2023 - Swedish Championships (4 results),NOR: 2018 - European Championships (7 results); 2018 - Nordic Championships (15 results); 2018 - Norwegian Championships (8 results); 2018 - Youth Olympic Games (19 results); 2018 - Youth Olympic Games Qualifier (7 results); 2019 - Nordic Junior Championships (13 results); 2019 - Norwegian Championships (14 results); 2019 - Norweigan Junior Championships (9 results); 2019 - Szombathely Challenge Cup (7 results); 2019 - Unni & Haralds Trophy (11 results); 2020 - Mallorca Cup (7 results); 2020 - Norwegian Championships (4 results); 2020 - Unisport Norges Cup (4 results); 2021 - European Championships (7 results); 2021 - Koper Challenge Cup (4 results); 2021 - Northern European Championships (2 results); 2021 - Norwegian Championships (4 results); 2021 - Unnis & Haralds Trophy (15 results); 2022 - European Championships (7 results); 2022 - Nordic Championships (8 results); 2022 - Northern European Championships (5 results); 2022 - Norwegian Championships (11 results); 2022 - Paris Challenge Cup (1 results); 2022 - Unisport Norges Cup (1 results); 2022 - Unni & Haralds Trophy (11 results),Jacob Carlen: 2024: SWE:3 | Jacob Karlsen: 2024: NOR:17
athlete_match_de1533a9c28548c9,medium,possible_existing_athlete_match,Shin Jaehwan,MAG,2636,Shin Jea-hwan,KOR,0.88,"KOR, KOR",,,merge as same athlete,,,,KOR: 2023 - South Korean Championships (4 results),KOR: 2018 - Toyota International (4 results); 2019 - Baku World Cup (7 results); 2019 - Cottbus World Cup (7 results); 2019 - Doha World Cup (4 results); 2019 - Melbourne World Cup (7 results); 2019 - Zhaoqing Challenge Cup (8 results); 2020 - Baku World Cup (3 results); 2020 - Melbourne World Cup (6 results); 2021 - Doha World Cup (6 results); 2021 - Olympic Games (6 results); 2021 - South Korean Championships (4 results); 2021 - South Korean Olympic Trials (4 results),Shin Jaehwan: 2024: KOR:7 | Shin Jea-hwan: not found 2024-2025
athlete_match_5c42ebd8e1becef6,medium,possible_existing_athlete_match,Wang Mengtan,MAG,8737,Wang Menglian,CHN,0.88,"CHN, CHN",,,merge as same athlete,,,,CHN: 2023 - Chinese Championships (1 results),CHN: 2019 - Chinese National Youth Games (16 results); 2021 - Chinese Youth Games (2 results),Wang Mengtan: not found 2024-2025 | Wang Menglian: not found 2024-2025
athlete_match_1b38590c84e97cc4,medium,possible_existing_athlete_match,Aoi Kawahara,WAG,10876,Saki Kawahara,JPN,0.88,"JPN, JPN",,,keep separate,,,,JPN: 2023 - All-Japan Junior Championships (5 results),JPN: 2019 - All-Japan Junior Championships (5 results); 2021 - All-Japan Student Championships (5 results),Aoi Kawahara: 2024: JPN:5 | Saki Kawahara: not found 2024-2025
athlete_match_741bd895d0284938,medium,possible_existing_athlete_match,Julia Silva,WAG,9895,Julia da Silva,BRA,0.88,"BRA, BRA",,,merge as same athlete,,,,BRA: 2023 - Brazilian Championships (5 results),BRA: 2019 - Brazilian Championships (8 results),Julia Silva: 2024: BRA:7 / 2025: BRA:21 | Julia da Silva: not found 2024-2025
athlete_match_9bda66cb6aaefed7,medium,possible_existing_athlete_match,Maria Menezes,WAG,10339,Maria Mendes,POR,0.88,"POR, POR",,,merge as same athlete,,,,POR: 2023 - Portuguese Championships (5 results),POR: 2019 - European Youth Olympic Festival (7 results); 2019 - International GymSport (9 results); 2019 - Junior World Championships (7 results); 2019 - Portuguese Championships (5 results); 2019 - Portuguese Super Finals (2 results); 2021 - World Championships (5 results); 2022 - COMEGYM Championships (11 results); 2022 - European Championships (4 results); 2022 - European Youth Olympic Festival (7 results); 2022 - International GymSport (18 results); 2022 - Portuguese Championships (12 results),Maria Menezes: 2024: POR:36 / 2025: POR:10 | Maria Mendes: not found 2024-2025
athlete_match_c031403bb7562b4d,high,possible_existing_athlete_match,Naomi Madrell,WAG,10559,Naomi Martel,SGP,0.88,"GBR, SGP",,,keep separate,,,,GBR: 2023 - Northern European Championships (5 results),SGP: 2019 - Top Gym Tournament (8 results); 2021 - Singapore Championships (11 results),Naomi Madrell: not found 2024-2025 | Naomi Martel: not found 2024-2025
athlete_match_9df7d411131214a8,medium,possible_existing_athlete_match,Yang Eunjeong,WAG,14910,Yang Eunjung,KOR,0.88,"KOR, KOR",,,merge as same athlete,,,,KOR: 2023 - South Korean Championships (5 results),KOR: 2021 - South Korean Championships (5 results),Yang Eunjeong: 2024: KOR:5 | Yang Eunjung: not found 2024-2025
