result_id,status,repair_field,old_value,new_value,score,D_score,E_score,execution_estimate,athlete_name,event_name,event_year,apparatus,vt_attempt,format,round,discipline,category,represented_country,reason
43194,applied,D_score,1.0,,0.85,1.0,,-0.15,Abaka Djala,African Championships,2018,BB,,INDIVIDUAL,FINAL,WAG,SENIOR,CMR,Estimated E score outside the valid 0-10 range; D_score cannot be trusted without source confirmation and is marked not available
2946,applied,D_score,2.4,,12.9,2.4,,10.5,Andrew Flynn,African Championships,2018,VT,2,INDIVIDUAL,FINAL,MAG,JUNIOR,RSA,Estimated E score outside the valid 0-10 range; D_score cannot be trusted without source confirmation and is marked not available
10514,applied,D_score,1.3,,1.1,1.3,,-0.2,Domingos Muatchicumba,African Championships,2018,PB,,INDIVIDUAL,FINAL,MAG,SENIOR,ANG,Estimated E score outside the valid 0-10 range; D_score cannot be trusted without source confirmation and is marked not available
10519,applied,D_score,1.2,,0.733,1.2,,-0.467,Domingos Muatchicumba,African Championships,2018,SR,,APPARATUS,FINAL,MAG,SENIOR,ANG,Estimated E score outside the valid 0-10 range; D_score cannot be trusted without source confirmation and is marked not available
83253,applied,D_score,2.0,,12.35,2.0,,10.35,Sihem Hamidi,African Championships,2018,VT,2,INDIVIDUAL,FINAL,WAG,JUNIOR,ALG,Estimated E score outside the valid 0-10 range; D_score cannot be trusted without source confirmation and is marked not available
41520,applied,D_score,1.3,,0.6,1.3,,-0.7,Xavier Bernardo,African Championships,2018,PH,,INDIVIDUAL,FINAL,MAG,SENIOR,ANG,Estimated E score outside the valid 0-10 range; D_score cannot be trusted without source confirmation and is marked not available
930,applied,D_score,2.2,,0.0,2.2,,-2.2,Ahmed Shishir,Asian Junior Championships,2018,PH,,INDIVIDUAL,FINAL,MAG,JUNIOR,BAN,Estimated E score outside the valid 0-10 range; D_score cannot be trusted without source confirmation and is marked not available
10613,applied,D_score,1.2,,1.15,1.2,,-0.05,Don Uddith Sankalpa Yaddhige,Asian Junior Championships,2018,HB,,INDIVIDUAL,FINAL,MAG,JUNIOR,SRI,Estimated E score outside the valid 0-10 range; D_score cannot be trusted without source confirmation and is marked not available
22364,applied,D_score,1.5,,0.0,1.5,,-1.5,Khumi Sangkheong,Asian Junior Championships,2018,PH,,INDIVIDUAL,FINAL,MAG,JUNIOR,BAN,Estimated E score outside the valid 0-10 range; D_score cannot be trusted without source confirmation and is marked not available
36420,applied,D_score,1.6,,1.5,1.6,,-0.1,Shafiqul Alom Md,Asian Junior Championships,2018,PH,,INDIVIDUAL,FINAL,MAG,JUNIOR,BAN,Estimated E score outside the valid 0-10 range; D_score cannot be trusted without source confirmation and is marked not available
35686,applied,D_score,2.8,,2.2,2.8,,-0.6,Scott Brooks,Australian Championships,2018,PH,,APPARATUS,FINAL,MAG,SENIOR,AUS,Estimated E score outside the valid 0-10 range; D_score cannot be trusted without source confirmation and is marked not available
75867,applied,D_score,3.3,,13.466,3.3,,10.166,Miriana Perkins,Australian Classic,2018,VT,2,INDIVIDUAL,QUALIFICATION,WAG,JUNIOR,AUS,Estimated E score outside the valid 0-10 range; D_score cannot be trusted without source confirmation and is marked not available
29760,applied,D_score,1.5,,0.3,1.5,,-1.2,Nicolas Ivkic,Austrian Championships,2018,PH,,INDIVIDUAL,FINAL,MAG,JUNIOR,AUT,Estimated E score outside the valid 0-10 range; D_score cannot be trusted without source confirmation and is marked not available
25477,applied,D_score,0.7,,0.0,0.7,,-0.7,Lukas Kranzlmüller,Austrian Team Open,2018,HB,,INDIVIDUAL,FINAL,MAG,SENIOR,AUT,Estimated E score outside the valid 0-10 range; D_score cannot be trusted without source confirmation and is marked not available
5342,applied,D_score,1.0,,0.55,1.0,,-0.45,Blake McManus,British Championships,2018,PH,,INDIVIDUAL,FINAL,MAG,JUNIOR,GBR,Estimated E score outside the valid 0-10 range; D_score cannot be trusted without source confirmation and is marked not available
6353,applied,D_score,1.8,,1.45,1.8,,-0.35,Camron Connelly,British Championships,2018,PH,,INDIVIDUAL,FINAL,MAG,JUNIOR,GBR,Estimated E score outside the valid 0-10 range; D_score cannot be trusted without source confirmation and is marked not available
12112,applied,D_score,0.9,,0.55,0.9,,-0.35,Euan McLellan,British Championships,2018,FX,,INDIVIDUAL,FINAL,MAG,JUNIOR,GBR,Estimated E score outside the valid 0-10 range; D_score cannot be trusted without source confirmation and is marked not available
27344,applied,D_score,2.2,,0.85,2.2,,-1.35,Matthew Heaney,British Championships,2018,PH,,INDIVIDUAL,FINAL,MAG,JUNIOR,GBR,Estimated E score outside the valid 0-10 range; D_score cannot be trusted without source confirmation and is marked not available
15060,applied,D_score,5.2,,3.45,5.2,,-1.75,Gu Xinhong,Chinese Championships,2018,SR,,INDIVIDUAL,FINAL,MAG,SENIOR,CHN,Estimated E score outside the valid 0-10 range; D_score cannot be trusted without source confirmation and is marked not available
47466,applied,D_score,1.0,,0.85,1.0,,-0.15,Angie Gonzalez,Colombian Championships,2018,BB,,INDIVIDUAL,FINAL,WAG,SENIOR,COL,Estimated E score outside the valid 0-10 range; D_score cannot be trusted without source confirmation and is marked not available
47468,applied,D_score,0.2,,0.0,0.2,,-0.2,Angie Gonzalez,Colombian Championships,2018,UB,,INDIVIDUAL,FINAL,WAG,SENIOR,COL,Estimated E score outside the valid 0-10 range; D_score cannot be trusted without source confirmation and is marked not available
16165,applied,D_score,2.4,,13.45,2.4,,11.05,Holger Lindequist,Danish Championships,2018,VT,2,INDIVIDUAL,FINAL,MAG,JUNIOR,DEN,Estimated E score outside the valid 0-10 range; D_score cannot be trusted without source confirmation and is marked not available
30555,applied,D_score,2.7,,2.25,2.7,,-0.45,Noah Royer,Elite Canada,2018,PB,,APPARATUS,FINAL,MAG,JUNIOR,CAN,Estimated E score outside the valid 0-10 range; D_score cannot be trusted without source confirmation and is marked not available
24855,applied,D_score,1.4,,0.333,1.4,,-1.067,Lucas Bahamondes,European Championships,2018,PH,,INDIVIDUAL,QUALIFICATION,MAG,JUNIOR,DEN,Estimated E score outside the valid 0-10 range; D_score cannot be trusted without source confirmation and is marked not available
27056,applied,D_score,0.6,,0.366,0.6,,-0.234,Mateo Zugec,European Championships,2018,HB,,INDIVIDUAL,QUALIFICATION,MAG,JUNIOR,CRO,Estimated E score outside the valid 0-10 range; D_score cannot be trusted without source confirmation and is marked not available
18209,applied,D_score,1.3,,0.9,1.3,,-0.4,Jakob Byggmästar,Finnish Championships,2018,SR,,INDIVIDUAL,FINAL,MAG,SENIOR,FIN,Estimated E score outside the valid 0-10 range; D_score cannot be trusted without source confirmation and is marked not available
17298,applied,D_score,1.4,,0.766,1.4,,-0.634,Ivan Asgeirsson,GK Championships,2018,PH,,INDIVIDUAL,FINAL,MAG,JUNIOR,ISL,Estimated E score outside the valid 0-10 range; D_score cannot be trusted without source confirmation and is marked not available
32289,applied,D_score,2.3,,2.05,2.3,,-0.25,Pelayo Rubio Cuesta,International GymSport,2018,PH,,INDIVIDUAL,FINAL,MAG,JUNIOR,ESP,Estimated E score outside the valid 0-10 range; D_score cannot be trusted without source confirmation and is marked not available
7718,applied,D_score,0.4,,11.2,0.4,,10.8,Cristobal Prado,Junior Pan Am Championships,2018,PB,,INDIVIDUAL,FINAL,MAG,JUNIOR,CHI,Estimated E score outside the valid 0-10 range; D_score cannot be trusted without source confirmation and is marked not available
18310,applied,D_score,1.4,,0.25,1.4,,-1.15,Jakub Dobrowolski,Polish Championships,2018,PH,,INDIVIDUAL,FINAL,MAG,JUNIOR,POL,Estimated E score outside the valid 0-10 range; D_score cannot be trusted without source confirmation and is marked not available
36300,applied,D_score,2.6,,2.5,2.6,,-0.1,Sergio Moyano,South American Games,2018,PH,,INDIVIDUAL,FINAL,MAG,SENIOR,BOL,Estimated E score outside the valid 0-10 range; D_score cannot be trusted without source confirmation and is marked not available
2788,applied,D_score,4.1,,14.55,4.1,,10.45,Andrei Muntean,Top 12 Series 1,2018,SR,,INDIVIDUAL,FINAL,MAG,SENIOR,ROU,Estimated E score outside the valid 0-10 range; D_score cannot be trusted without source confirmation and is marked not available
42750,applied,D_score,3.5,,13.85,3.5,,10.35,Zachary Tiderman,U.S. Championships,2018,PB,,INDIVIDUAL,QUALIFICATION,MAG,JUNIOR,USA,Estimated E score outside the valid 0-10 range; D_score cannot be trusted without source confirmation and is marked not available
42668,applied,D_score,1.4,,0.35,1.4,,-1.05,Zac Williams,Welsh Championships,2018,PH,,INDIVIDUAL,FINAL,MAG,JUNIOR,GBR,Estimated E score outside the valid 0-10 range; D_score cannot be trusted without source confirmation and is marked not available
163188,applied,D_score,1.1,,0.9,1.1,,-0.2,Janine Hashemi,1st Bundesliga,2019,UB,,INDIVIDUAL,FINAL,WAG,SENIOR,GER,Estimated E score outside the valid 0-10 range; D_score cannot be trusted without source confirmation and is marked not available
119157,applied,D_score,2.2,,12.65,2.2,,10.45,Marco Gigli,2nd Italian Serie A,2019,HB,,INDIVIDUAL,FINAL,MAG,SENIOR,ITA,Estimated E score outside the valid 0-10 range; D_score cannot be trusted without source confirmation and is marked not available
140207,applied,D_score,1.7,,1.2,1.7,,-0.5,Adekemi Victoria Adesida,African Games,2019,BB,,INDIVIDUAL,FINAL,WAG,SENIOR,NGR,Estimated E score outside the valid 0-10 range; D_score cannot be trusted without source confirmation and is marked not available
140212,applied,D_score,0.6,,0.233,0.6,,-0.367,Adekemi Victoria Adesida,African Games,2019,UB,,APPARATUS,FINAL,WAG,SENIOR,NGR,Estimated E score outside the valid 0-10 range; D_score cannot be trusted without source confirmation and is marked not available
94852,applied,D_score,1.9,,0.0,1.9,,-1.9,Ayele Afewerk Habteweld,African Games,2019,PB,,INDIVIDUAL,FINAL,MAG,SENIOR,ETH,Estimated E score outside the valid 0-10 range; D_score cannot be trusted without source confirmation and is marked not available
102516,applied,D_score,0.7,,0.3,0.7,,-0.4,Evaristo Tchikungu,African Games,2019,HB,,INDIVIDUAL,FINAL,MAG,SENIOR,ANG,Estimated E score outside the valid 0-10 range; D_score cannot be trusted without source confirmation and is marked not available
103768,applied,D_score,1.4,,0.0,1.4,,-1.4,Franck Max Monti,African Games,2019,PB,,INDIVIDUAL,FINAL,MAG,SENIOR,CMR,Estimated E score outside the valid 0-10 range; D_score cannot be trusted without source confirmation and is marked not available
103769,applied,D_score,0.6,,0.1,0.6,,-0.5,Franck Max Monti,African Games,2019,PH,,INDIVIDUAL,FINAL,MAG,SENIOR,CMR,Estimated E score outside the valid 0-10 range; D_score cannot be trusted without source confirmation and is marked not available
105422,applied,D_score,1.5,,0.2,1.5,,-1.3,Haftamu Muluye Tigabu,African Games,2019,PB,,INDIVIDUAL,FINAL,MAG,SENIOR,ETH,Estimated E score outside the valid 0-10 range; D_score cannot be trusted without source confirmation and is marked not available
160476,applied,D_score,0.7,,0.45,0.7,,-0.25,Helen Ocheke,African Games,2019,UB,,INDIVIDUAL,FINAL,WAG,SENIOR,NGR,Estimated E score outside the valid 0-10 range; D_score cannot be trusted without source confirmation and is marked not available
121116,applied,D_score,1.4,,1.233,1.4,,-0.167,Michael Yakubu Adamu,African Games,2019,HB,,APPARATUS,FINAL,MAG,SENIOR,NGR,Estimated E score outside the valid 0-10 range; D_score cannot be trusted without source confirmation and is marked not available
121109,applied,D_score,1.8,,0.5,1.8,,-1.3,Michael Yakubu Adamu,African Games,2019,PB,,INDIVIDUAL,FINAL,MAG,SENIOR,NGR,Estimated E score outside the valid 0-10 range; D_score cannot be trusted without source confirmation and is marked not available
121110,applied,D_score,1.9,,0.0,1.9,,-1.9,Michael Yakubu Adamu,African Games,2019,PH,,INDIVIDUAL,FINAL,MAG,SENIOR,NGR,Estimated E score outside the valid 0-10 range; D_score cannot be trusted without source confirmation and is marked not available
179894,applied,D_score,2.6,,12.633,2.6,,10.033,Nancy Taman,African Games,2019,VT,2,APPARATUS,FINAL,WAG,SENIOR,EGY,Estimated E score outside the valid 0-10 range; D_score cannot be trusted without source confirmation and is marked not available
122692,applied,D_score,1.2,,0.0,1.2,,-1.2,Negaso Tadesse Kejela,African Games,2019,PB,,INDIVIDUAL,FINAL,MAG,SENIOR,ETH,Estimated E score outside the valid 0-10 range; D_score cannot be trusted without source confirmation and is marked not available
182539,applied,D_score,0.4,,0.2,0.4,,-0.2,Oluwadamilola Nike Oluwafemi,African Games,2019,UB,,INDIVIDUAL,FINAL,WAG,SENIOR,NGR,Estimated E score outside the valid 0-10 range; D_score cannot be trusted without source confirmation and is marked not available
126416,applied,D_score,1.4,,0.8,1.4,,-0.6,Prosper Okosun,African Games,2019,SR,,INDIVIDUAL,FINAL,MAG,SENIOR,NGR,Estimated E score outside the valid 0-10 range; D_score cannot be trusted without source confirmation and is marked not available
127150,applied,D_score,0.9,,0.0,0.9,,-0.9,Rehobot Aberham Ayza,African Games,2019,PB,,INDIVIDUAL,FINAL,MAG,SENIOR,ETH,Estimated E score outside the valid 0-10 range; D_score cannot be trusted without source confirmation and is marked not available
127414,applied,D_score,1.3,,0.3,1.3,,-1.0,Repene Magalhães,African Games,2019,PB,,INDIVIDUAL,FINAL,MAG,SENIOR,ANG,Estimated E score outside the valid 0-10 range; D_score cannot be trusted without source confirmation and is marked not available
127415,applied,D_score,1.2,,0.0,1.2,,-1.2,Repene Magalhães,African Games,2019,PH,,INDIVIDUAL,FINAL,MAG,SENIOR,ANG,Estimated E score outside the valid 0-10 range; D_score cannot be trusted without source confirmation and is marked not available
100520,applied,D_score,2.2,,1.45,2.2,,-0.75,Samuel Paulson Djider,African Games,2019,PB,,INDIVIDUAL,FINAL,MAG,SENIOR,CMR,Estimated E score outside the valid 0-10 range; D_score cannot be trusted without source confirmation and is marked not available
100521,applied,D_score,0.6,,0.0,0.6,,-0.6,Samuel Paulson Djider,African Games,2019,PH,,INDIVIDUAL,FINAL,MAG,SENIOR,CMR,Estimated E score outside the valid 0-10 range; D_score cannot be trusted without source confirmation and is marked not available
137473,applied,D_score,0.7,,0.05,0.7,,-0.65,Xavier Bernardo,African Games,2019,HB,,INDIVIDUAL,FINAL,MAG,SENIOR,ANG,Estimated E score outside the valid 0-10 range; D_score cannot be trusted without source confirmation and is marked not available
109273,applied,D_score,2.7,,2.433,2.7,,-0.267,Jakub Dobrowolski,Barborka Cup,2019,PB,,INDIVIDUAL,FINAL,MAG,JUNIOR,POL,Estimated E score outside the valid 0-10 range; D_score cannot be trusted without source confirmation and is marked not available
103697,applied,D_score,3.6,,14.1,3.6,,10.5,Francisco Barretto,Brazilian Championships,2019,HB,,INDIVIDUAL,FINAL,MAG,SENIOR,BRA,Estimated E score outside the valid 0-10 range; D_score cannot be trusted without source confirmation and is marked not available
105365,applied,D_score,1.6,,0.5,1.6,,-1.1,Gustavo Moraes,Brazilian Championships,2019,PH,,INDIVIDUAL,FINAL,MAG,JUNIOR,BRA,Estimated E score outside the valid 0-10 range; D_score cannot be trusted without source confirmation and is marked not available
132903,applied,D_score,3.6,,13.85,3.6,,10.25,Tales Damasio,Brazilian Championships,2019,VT,1,INDIVIDUAL,FINAL,MAG,SENIOR,BRA,Estimated E score outside the valid 0-10 range; D_score cannot be trusted without source confirmation and is marked not available
95278,applied,D_score,1.0,,0.45,1.0,,-0.55,Benjamin McBain,British Championships,2019,HB,,INDIVIDUAL,FINAL,MAG,JUNIOR,GBR,Estimated E score outside the valid 0-10 range; D_score cannot be trusted without source confirmation and is marked not available
117284,applied,D_score,2.1,,1.5,2.1,,-0.6,Loui Heap,British Championships,2019,PH,,INDIVIDUAL,FINAL,MAG,JUNIOR,GBR,Estimated E score outside the valid 0-10 range; D_score cannot be trusted without source confirmation and is marked not available
104455,applied,D_score,2.8,,12.95,2.8,,10.15,Gao Yujie,Chinese National Youth Games,2019,VT,2,INDIVIDUAL,QUALIFICATION,MAG,JUNIOR,CHN,Estimated E score outside the valid 0-10 range; D_score cannot be trusted without source confirmation and is marked not available
119034,applied,D_score,1.9,,1.367,1.9,,-0.533,Manuel Cifuentes,Colombian Championships,2019,PH,,INDIVIDUAL,FINAL,MAG,SENIOR,COL,Estimated E score outside the valid 0-10 range; D_score cannot be trusted without source confirmation and is marked not available
119545,applied,D_score,1.9,,0.667,1.9,,-1.233,Marko Jovicic,Croatian Championships,2019,PH,,INDIVIDUAL,FINAL,MAG,SENIOR,CRO,Estimated E score outside the valid 0-10 range; D_score cannot be trusted without source confirmation and is marked not available
166135,applied,D_score,0.7,,0.4,0.7,,-0.3,Karena Child,English Championships,2019,UB,,INDIVIDUAL,FINAL,WAG,JUNIOR,GBR,Estimated E score outside the valid 0-10 range; D_score cannot be trusted without source confirmation and is marked not available
113241,applied,D_score,2.6,,2.133,2.6,,-0.467,Karl Idesjö,European Championships,2019,PH,,INDIVIDUAL,QUALIFICATION,MAG,SENIOR,SWE,Estimated E score outside the valid 0-10 range; D_score cannot be trusted without source confirmation and is marked not available
94823,applied,D_score,2.8,,13.55,2.8,,10.75,Axel Joinel,French Championships,2019,VT,1,INDIVIDUAL,FINAL,MAG,JUNIOR,FRA,Estimated E score outside the valid 0-10 range; D_score cannot be trusted without source confirmation and is marked not available
92429,applied,D_score,0.7,,0.35,0.7,,-0.35,Aman Salim,Indian Championships,2019,SR,,INDIVIDUAL,FINAL,MAG,JUNIOR,IND,Estimated E score outside the valid 0-10 range; D_score cannot be trusted without source confirmation and is marked not available
92446,applied,D_score,0.7,,0.65,0.7,,-0.05,Amit Choudhary,Indian Championships,2019,PB,,INDIVIDUAL,FINAL,MAG,JUNIOR,IND,Estimated E score outside the valid 0-10 range; D_score cannot be trusted without source confirmation and is marked not available
145017,applied,D_score,0.4,,0.25,0.4,,-0.15,Ankitha Raj K.,Indian Championships,2019,BB,,INDIVIDUAL,FINAL,WAG,JUNIOR,IND,Estimated E score outside the valid 0-10 range; D_score cannot be trusted without source confirmation and is marked not available
145019,applied,D_score,0.6,,0.25,0.6,,-0.35,Ankitha Raj K.,Indian Championships,2019,UB,,INDIVIDUAL,FINAL,WAG,JUNIOR,IND,Estimated E score outside the valid 0-10 range; D_score cannot be trusted without source confirmation and is marked not available
146050,applied,D_score,0.3,,0.25,0.3,,-0.05,Aprajitha M.,Indian Championships,2019,UB,,INDIVIDUAL,FINAL,WAG,SENIOR,IND,Estimated E score outside the valid 0-10 range; D_score cannot be trusted without source confirmation and is marked not available
94493,applied,D_score,0.7,,0.25,0.7,,-0.45,Aryan Kumar,Indian Championships,2019,FX,,INDIVIDUAL,FINAL,MAG,JUNIOR,IND,Estimated E score outside the valid 0-10 range; D_score cannot be trusted without source confirmation and is marked not available
94495,applied,D_score,1.3,,1.1,1.3,,-0.2,Aryan Singhal,Indian Championships,2019,FX,,INDIVIDUAL,FINAL,MAG,SENIOR,IND,Estimated E score outside the valid 0-10 range; D_score cannot be trusted without source confirmation and is marked not available
94497,applied,D_score,0.1,,0.05,0.1,,-0.05,Aryan Singhal,Indian Championships,2019,SR,,INDIVIDUAL,FINAL,MAG,SENIOR,IND,Estimated E score outside the valid 0-10 range; D_score cannot be trusted without source confirmation and is marked not available
146474,applied,D_score,0.2,,0.0,0.2,,-0.2,Ashwini Patil,Indian Championships,2019,BB,,INDIVIDUAL,FINAL,WAG,JUNIOR,IND,Estimated E score outside the valid 0-10 range; D_score cannot be trusted without source confirmation and is marked not available
146476,applied,D_score,0.6,,0.25,0.6,,-0.35,Ashwini Patil,Indian Championships,2019,UB,,INDIVIDUAL,FINAL,WAG,JUNIOR,IND,Estimated E score outside the valid 0-10 range; D_score cannot be trusted without source confirmation and is marked not available
147438,applied,D_score,0.4,,0.0,0.4,,-0.4,Bansari Ramna,Indian Championships,2019,BB,,INDIVIDUAL,FINAL,WAG,JUNIOR,IND,Estimated E score outside the valid 0-10 range; D_score cannot be trusted without source confirmation and is marked not available
147440,applied,D_score,0.2,,0.0,0.2,,-0.2,Bansari Ramna,Indian Championships,2019,UB,,INDIVIDUAL,FINAL,WAG,JUNIOR,IND,Estimated E score outside the valid 0-10 range; D_score cannot be trusted without source confirmation and is marked not available
147613,applied,D_score,0.7,,0.05,0.7,,-0.65,Beenu Sharma,Indian Championships,2019,BB,,INDIVIDUAL,FINAL,WAG,SENIOR,IND,Estimated E score outside the valid 0-10 range; D_score cannot be trusted without source confirmation and is marked not available
147615,applied,D_score,0.2,,0.05,0.2,,-0.15,Beenu Sharma,Indian Championships,2019,UB,,INDIVIDUAL,FINAL,WAG,SENIOR,IND,Estimated E score outside the valid 0-10 range; D_score cannot be trusted without source confirmation and is marked not available
96013,applied,D_score,1.3,,0.2,1.3,,-1.1,C Sarjith Kumar,Indian Championships,2019,SR,,INDIVIDUAL,FINAL,MAG,SENIOR,IND,Estimated E score outside the valid 0-10 range; D_score cannot be trusted without source confirmation and is marked not available
151958,applied,D_score,0.5,,0.15,0.5,,-0.35,D. Mohan Rupa,Indian Championships,2019,UB,,INDIVIDUAL,FINAL,WAG,JUNIOR,IND,Estimated E score outside the valid 0-10 range; D_score cannot be trusted without source confirmation and is marked not available
152519,applied,D_score,0.9,,0.05,0.9,,-0.85,Darshna Kalal,Indian Championships,2019,BB,,INDIVIDUAL,FINAL,WAG,JUNIOR,IND,Estimated E score outside the valid 0-10 range; D_score cannot be trusted without source confirmation and is marked not available
152993,applied,D_score,1.2,,0.2,1.2,,-1.0,Diksha Bassi,Indian Championships,2019,BB,,INDIVIDUAL,FINAL,WAG,SENIOR,IND,Estimated E score outside the valid 0-10 range; D_score cannot be trusted without source confirmation and is marked not available
105353,applied,D_score,1.2,,0.05,1.2,,-1.15,Gurjeet Singh,Indian Championships,2019,SR,,INDIVIDUAL,FINAL,MAG,SENIOR,IND,Estimated E score outside the valid 0-10 range; D_score cannot be trusted without source confirmation and is marked not available
105892,applied,D_score,0.1,,0.01,0.1,,-0.09,Harsh Sahu,Indian Championships,2019,HB,,INDIVIDUAL,FINAL,MAG,SENIOR,IND,Estimated E score outside the valid 0-10 range; D_score cannot be trusted without source confirmation and is marked not available
105894,applied,D_score,0.7,,0.05,0.7,,-0.65,Harsh Sahu,Indian Championships,2019,SR,,INDIVIDUAL,FINAL,MAG,SENIOR,IND,Estimated E score outside the valid 0-10 range; D_score cannot be trusted without source confirmation and is marked not available
162668,applied,D_score,1.8,,0.0,1.8,,-1.8,Ishita Dhameliya,Indian Championships,2019,BB,,INDIVIDUAL,FINAL,WAG,JUNIOR,IND,Estimated E score outside the valid 0-10 range; D_score cannot be trusted without source confirmation and is marked not available
165586,applied,D_score,0.6,,0.0,0.6,,-0.6,K. Latha Sarvani,Indian Championships,2019,BB,,INDIVIDUAL,FINAL,WAG,SENIOR,IND,Estimated E score outside the valid 0-10 range; D_score cannot be trusted without source confirmation and is marked not available
165588,applied,D_score,0.2,,0.0,0.2,,-0.2,K. Latha Sarvani,Indian Championships,2019,UB,,INDIVIDUAL,FINAL,WAG,SENIOR,IND,Estimated E score outside the valid 0-10 range; D_score cannot be trusted without source confirmation and is marked not available
165591,applied,D_score,1.9,,1.75,1.9,,-0.15,K. Susmitha,Indian Championships,2019,BB,,INDIVIDUAL,FINAL,WAG,JUNIOR,IND,Estimated E score outside the valid 0-10 range; D_score cannot be trusted without source confirmation and is marked not available
166608,applied,D_score,0.4,,0.0,0.4,,-0.4,Kathalyne Nirubhama,Indian Championships,2019,BB,,INDIVIDUAL,FINAL,WAG,JUNIOR,IND,Estimated E score outside the valid 0-10 range; D_score cannot be trusted without source confirmation and is marked not available
114333,applied,D_score,1.3,,1.05,1.3,,-0.25,Khuswant Singh,Indian Championships,2019,FX,,INDIVIDUAL,FINAL,MAG,SENIOR,IND,Estimated E score outside the valid 0-10 range; D_score cannot be trusted without source confirmation and is marked not available
118541,applied,D_score,1.6,,1.35,1.6,,-0.25,M Madhuvan,Indian Championships,2019,PH,,INDIVIDUAL,FINAL,MAG,JUNIOR,IND,Estimated E score outside the valid 0-10 range; D_score cannot be trusted without source confirmation and is marked not available
118548,applied,D_score,1.3,,0.25,1.3,,-1.05,M Sathish Kumar,Indian Championships,2019,SR,,INDIVIDUAL,FINAL,MAG,SENIOR,IND,Estimated E score outside the valid 0-10 range; D_score cannot be trusted without source confirmation and is marked not available
118556,applied,D_score,1.2,,0.6,1.2,,-0.6,M Vignesh,Indian Championships,2019,SR,,INDIVIDUAL,FINAL,MAG,SENIOR,IND,Estimated E score outside the valid 0-10 range; D_score cannot be trusted without source confirmation and is marked not available
177265,applied,D_score,0.4,,0.0,0.4,,-0.4,Mathiuhuailiu Pame,Indian Championships,2019,UB,,INDIVIDUAL,FINAL,WAG,JUNIOR,IND,Estimated E score outside the valid 0-10 range; D_score cannot be trusted without source confirmation and is marked not available
122500,applied,D_score,1.5,,1.25,1.5,,-0.25,Naren Katta,Indian Championships,2019,PB,,INDIVIDUAL,FINAL,MAG,SENIOR,IND,Estimated E score outside the valid 0-10 range; D_score cannot be trusted without source confirmation and is marked not available
124130,applied,D_score,1.2,,0.7,1.2,,-0.5,Nishant Baghela,Indian Championships,2019,PB,,INDIVIDUAL,FINAL,MAG,JUNIOR,IND,Estimated E score outside the valid 0-10 range; D_score cannot be trusted without source confirmation and is marked not available
125025,applied,D_score,1.2,,0.25,1.2,,-0.95,P Arshad Khan,Indian Championships,2019,SR,,INDIVIDUAL,FINAL,MAG,SENIOR,IND,Estimated E score outside the valid 0-10 range; D_score cannot be trusted without source confirmation and is marked not available
183947,applied,D_score,1.3,,0.9,1.3,,-0.4,Pooja ,Indian Championships,2019,BB,,INDIVIDUAL,FINAL,WAG,SENIOR,IND,Estimated E score outside the valid 0-10 range; D_score cannot be trusted without source confirmation and is marked not available
126530,applied,D_score,1.3,,0.45,1.3,,-0.85,R Sasi Kumar,Indian Championships,2019,SR,,INDIVIDUAL,FINAL,MAG,SENIOR,IND,Estimated E score outside the valid 0-10 range; D_score cannot be trusted without source confirmation and is marked not available
184690,applied,D_score,0.6,,0.35,0.6,,-0.25,Rakhi ,Indian Championships,2019,BB,,INDIVIDUAL,FINAL,WAG,SENIOR,IND,Estimated E score outside the valid 0-10 range; D_score cannot be trusted without source confirmation and is marked not available
127785,applied,D_score,1.8,,1.6,1.8,,-0.2,Rishikesh Patil,Indian Championships,2019,PH,,INDIVIDUAL,FINAL,MAG,JUNIOR,IND,Estimated E score outside the valid 0-10 range; D_score cannot be trusted without source confirmation and is marked not available
185539,applied,D_score,0.7,,0.25,0.7,,-0.45,Riya Pandey,Indian Championships,2019,UB,,INDIVIDUAL,FINAL,WAG,JUNIOR,IND,Estimated E score outside the valid 0-10 range; D_score cannot be trusted without source confirmation and is marked not available
129038,applied,D_score,0.1,,0.05,0.1,,-0.05,S Alim Basha,Indian Championships,2019,SR,,INDIVIDUAL,FINAL,MAG,SENIOR,IND,Estimated E score outside the valid 0-10 range; D_score cannot be trusted without source confirmation and is marked not available
129368,applied,D_score,1.7,,1.35,1.7,,-0.35,Samip Prajapati,Indian Championships,2019,PH,,INDIVIDUAL,FINAL,MAG,JUNIOR,IND,Estimated E score outside the valid 0-10 range; D_score cannot be trusted without source confirmation and is marked not available
192458,applied,D_score,0.2,,0.0,0.2,,-0.2,U. Harini Priya,Indian Championships,2019,UB,,INDIVIDUAL,FINAL,WAG,JUNIOR,IND,Estimated E score outside the valid 0-10 range; D_score cannot be trusted without source confirmation and is marked not available
135221,applied,D_score,2.1,,1.85,2.1,,-0.25,V Sai Durga,Indian Championships,2019,PH,,INDIVIDUAL,FINAL,MAG,JUNIOR,IND,Estimated E score outside the valid 0-10 range; D_score cannot be trusted without source confirmation and is marked not available
147555,applied,D_score,2.3,,12.375,2.3,,10.075,Beatriz Cardoso,International GymSport,2019,FX,,APPARATUS,FINAL,WAG,SENIOR,POR,Estimated E score outside the valid 0-10 range; D_score cannot be trusted without source confirmation and is marked not available
114635,applied,D_score,4.3,,2.55,4.3,,-1.75,Kirill Gashkov,International Junior Team Cup,2019,HB,,APPARATUS,FINAL,MAG,JUNIOR,RUS,Estimated E score outside the valid 0-10 range; D_score cannot be trusted without source confirmation and is marked not available
91437,applied,D_score,1.8,,0.8,1.8,,-1.0,Alejandro Hernandez,Junior World Championships,2019,PH,,INDIVIDUAL,FINAL,MAG,JUNIOR,MEX,Estimated E score outside the valid 0-10 range; D_score cannot be trusted without source confirmation and is marked not available
119990,applied,D_score,1.2,,0.433,1.2,,-0.767,Mateo Zugec,Junior World Championships,2019,PB,,INDIVIDUAL,FINAL,MAG,JUNIOR,CRO,Estimated E score outside the valid 0-10 range; D_score cannot be trusted without source confirmation and is marked not available
119992,applied,D_score,0.6,,0.0,0.6,,-0.6,Mateo Zugec,Junior World Championships,2019,SR,,INDIVIDUAL,FINAL,MAG,JUNIOR,CRO,Estimated E score outside the valid 0-10 range; D_score cannot be trusted without source confirmation and is marked not available
104897,applied,D_score,2.0,,1.8,2.0,,-0.2,Gijs Franken,Lingvallen Cup,2019,PH,,INDIVIDUAL,FINAL,MAG,JUNIOR,NED,Estimated E score outside the valid 0-10 range; D_score cannot be trusted without source confirmation and is marked not available
115238,applied,D_score,1.6,,13.4,1.6,,11.8,Kristijonas Padegimas,Lithuanian Championships,2019,PH,,INDIVIDUAL,FINAL,MAG,JUNIOR,LTU,Estimated E score outside the valid 0-10 range; D_score cannot be trusted without source confirmation and is marked not available
181943,applied,D_score,1.3,,1.2,1.3,,-0.1,Nora Risåsen,Norwegian Junior Championships,2019,UB,,INDIVIDUAL,FINAL,WAG,JUNIOR,NOR,Estimated E score outside the valid 0-10 range; D_score cannot be trusted without source confirmation and is marked not available
97282,applied,D_score,2.2,,0.05,2.2,,-2.15,Christian Stenbakken,Norweigan Junior Championships,2019,PH,,INDIVIDUAL,FINAL,MAG,JUNIOR,NOR,Estimated E score outside the valid 0-10 range; D_score cannot be trusted without source confirmation and is marked not available
157154,applied,D_score,1.1,,0.0,1.1,,-1.1,Fabiola Diaz,Osijek Challenge Cup,2019,UB,,INDIVIDUAL,QUALIFICATION,WAG,SENIOR,PER,Estimated E score outside the valid 0-10 range; D_score cannot be trusted without source confirmation and is marked not available
118895,applied,D_score,2.1,,1.7,2.1,,-0.4,Maksymilian Ciechanski,Polish Championships,2019,PH,,APPARATUS,FINAL,MAG,JUNIOR,POL,Estimated E score outside the valid 0-10 range; D_score cannot be trusted without source confirmation and is marked not available
153816,applied,D_score,1.1,,0.65,1.1,,-0.45,Elena Mangjolli,Salamunov Memorial,2019,BB,,INDIVIDUAL,FINAL,WAG,JUNIOR,KOS,Estimated E score outside the valid 0-10 range; D_score cannot be trusted without source confirmation and is marked not available
172033,applied,D_score,0.9,,0.75,0.9,,-0.15,Lorena Böhmberger,Salamunov Memorial,2019,UB,,APPARATUS,FINAL,WAG,SENIOR,AUT,Estimated E score outside the valid 0-10 range; D_score cannot be trusted without source confirmation and is marked not available
118802,applied,D_score,1.6,,12.4,1.6,,10.8,Maksim Kazandzhiev,Salamunov Memorial,2019,VT,2,INDIVIDUAL,FINAL,MAG,JUNIOR,BUL,Estimated E score outside the valid 0-10 range; D_score cannot be trusted without source confirmation and is marked not available
101096,applied,D_score,1.3,,1.0,1.3,,-0.3,Dylan Singh Patter,Scottish Championships,2019,PH,,INDIVIDUAL,FINAL,MAG,JUNIOR,GBR,Estimated E score outside the valid 0-10 range; D_score cannot be trusted without source confirmation and is marked not available
115351,applied,D_score,0.9,,0.45,0.9,,-0.45,Khumi Sangkheong,Singapore Open,2019,HB,,INDIVIDUAL,FINAL,MAG,JUNIOR,BAN,Estimated E score outside the valid 0-10 range; D_score cannot be trusted without source confirmation and is marked not available
183376,applied,D_score,0.9,,11.3,0.9,,10.4,Pavlina Marusic,Slovenian Cup,2019,VT,2,INDIVIDUAL,FINAL,WAG,JUNIOR,SLO,Estimated E score outside the valid 0-10 range; D_score cannot be trusted without source confirmation and is marked not available
122672,applied,D_score,0.2,,14.5,0.2,,14.3,Nazar Chepurnyi,Stella Zakharova Cup,2019,VT,1,INDIVIDUAL,FINAL,MAG,JUNIOR,UKR,Estimated E score outside the valid 0-10 range; D_score cannot be trusted without source confirmation and is marked not available
131514,applied,D_score,2.2,,1.45,2.2,,-0.75,Sofus Mollgaard,Stella Zakharova Cup,2019,SR,,INDIVIDUAL,FINAL,MAG,JUNIOR,DEN,Estimated E score outside the valid 0-10 range; D_score cannot be trusted without source confirmation and is marked not available
131515,applied,D_score,2.2,,12.3,2.2,,10.1,Sofus Mollgaard,Stella Zakharova Cup,2019,VT,1,INDIVIDUAL,FINAL,MAG,JUNIOR,DEN,Estimated E score outside the valid 0-10 range; D_score cannot be trusted without source confirmation and is marked not available
100219,applied,D_score,2.8,,12.85,2.8,,10.05,Didrik Fröberg,Swedish Championships,2019,VT,2,INDIVIDUAL,FINAL,MAG,SENIOR,SWE,Estimated E score outside the valid 0-10 range; D_score cannot be trusted without source confirmation and is marked not available
109849,applied,D_score,2.4,,0.866,2.4,,-1.534,Janis Aegerter,Swiss Team Championships,2019,PH,,INDIVIDUAL,FINAL,MAG,JUNIOR,SUI,Estimated E score outside the valid 0-10 range; D_score cannot be trusted without source confirmation and is marked not available
156394,applied,D_score,1.0,,0.4,1.0,,-0.6,Emma Schuler,Swiss Turnfest,2019,BB,,INDIVIDUAL,FINAL,WAG,SENIOR,SUI,Estimated E score outside the valid 0-10 range; D_score cannot be trusted without source confirmation and is marked not available
170499,applied,D_score,0.5,,0.3,0.5,,-0.2,Liel Maliah,Tiger Cup,2019,UB,,INDIVIDUAL,FINAL,WAG,JUNIOR,ISR,Estimated E score outside the valid 0-10 range; D_score cannot be trusted without source confirmation and is marked not available
105450,applied,D_score,2.3,,12.55,2.3,,10.25,Hallel Metidji,Top 12 Series 6,2019,VT,1,INDIVIDUAL,FINAL,MAG,SENIOR,ALG,Estimated E score outside the valid 0-10 range; D_score cannot be trusted without source confirmation and is marked not available
110029,applied,D_score,1.8,,0.833,1.8,,-0.967,Jayden Thomas,Welsh Championships,2019,SR,,INDIVIDUAL,FINAL,MAG,JUNIOR,GBR,Estimated E score outside the valid 0-10 range; D_score cannot be trusted without source confirmation and is marked not available
126422,applied,D_score,2.0,,0.166,2.0,,-1.834,Prosper Okosun,World Championships,2019,PH,,INDIVIDUAL,QUALIFICATION,MAG,SENIOR,NGR,Estimated E score outside the valid 0-10 range; D_score cannot be trusted without source confirmation and is marked not available
194691,applied,D_score,1.2,,1.191,1.2,,-0.009,Yamilet Peña,World Championships,2019,BB,,INDIVIDUAL,QUALIFICATION,WAG,SENIOR,DOM,Estimated E score outside the valid 0-10 range; D_score cannot be trusted without source confirmation and is marked not available
222348,applied,D_score,0.4,,10.5,0.4,,10.1,Li Shijia,Chinese Individual Championships,2020,UB,,INDIVIDUAL,QUALIFICATION,WAG,JUNIOR,CHN,Estimated E score outside the valid 0-10 range; D_score cannot be trusted without source confirmation and is marked not available
222362,applied,D_score,0.2,,10.35,0.2,,10.15,Li Shijia,Chinese Individual Championships,2020,UB,,INDIVIDUAL,FINAL,WAG,JUNIOR,CHN,Estimated E score outside the valid 0-10 range; D_score cannot be trusted without source confirmation and is marked not available
225986,applied,D_score,1.5,,1.25,1.5,,-0.25,Polina Novikova,Create Team Cup,2020,UB,,INDIVIDUAL,FINAL,WAG,SENIOR,RUS,Estimated E score outside the valid 0-10 range; D_score cannot be trusted without source confirmation and is marked not available
213244,applied,D_score,0.3,,0.166,0.3,,-0.134,Ana Magdalena Fabijanic,Croatian Championships,2020,UB,,INDIVIDUAL,FINAL,WAG,SENIOR,CRO,Estimated E score outside the valid 0-10 range; D_score cannot be trusted without source confirmation and is marked not available
216703,applied,D_score,0.4,,0.166,0.4,,-0.234,Doroteja Segavic,Croatian Championships,2020,UB,,INDIVIDUAL,FINAL,WAG,JUNIOR,CRO,Estimated E score outside the valid 0-10 range; D_score cannot be trusted without source confirmation and is marked not available
220276,applied,D_score,0.3,,0.266,0.3,,-0.034,Josipa Zoric,Croatian Championships,2020,UB,,INDIVIDUAL,FINAL,WAG,JUNIOR,CRO,Estimated E score outside the valid 0-10 range; D_score cannot be trusted without source confirmation and is marked not available
220777,applied,D_score,0.4,,0.266,0.4,,-0.134,Karla Sibenik,Croatian Championships,2020,UB,,INDIVIDUAL,FINAL,WAG,JUNIOR,CRO,Estimated E score outside the valid 0-10 range; D_score cannot be trusted without source confirmation and is marked not available
205276,applied,D_score,1.4,,0.966,1.4,,-0.434,Marko Jovicic,Croatian Championships,2020,PH,,INDIVIDUAL,FINAL,MAG,SENIOR,CRO,Estimated E score outside the valid 0-10 range; D_score cannot be trusted without source confirmation and is marked not available
207456,applied,D_score,1.6,,12.0,1.6,,10.4,Pyry Okkonen,Finnish Championships,2020,VT,2,INDIVIDUAL,FINAL,MAG,JUNIOR,FIN,Estimated E score outside the valid 0-10 range; D_score cannot be trusted without source confirmation and is marked not available
223098,applied,D_score,2.4,,13.1,2.4,,10.7,Maisa Kuusikko,Finnish Euros Trials,2020,VT,2,INDIVIDUAL,FINAL,WAG,JUNIOR,FIN,Estimated E score outside the valid 0-10 range; D_score cannot be trusted without source confirmation and is marked not available
199378,applied,D_score,1.1,,14.0,1.1,,12.9,David Vecsernyes,Hungarian Championships,2020,HB,,INDIVIDUAL,FINAL,MAG,SENIOR,HUN,Estimated E score outside the valid 0-10 range; D_score cannot be trusted without source confirmation and is marked not available
197355,applied,D_score,2.2,,1.3,2.2,,-0.9,Alvaro Giraldez,Mallorca Cup,2020,PH,,INDIVIDUAL,FINAL,MAG,JUNIOR,ESP,Estimated E score outside the valid 0-10 range; D_score cannot be trusted without source confirmation and is marked not available
207026,applied,D_score,2.4,,1.7,2.4,,-0.7,Pablo Ruiz,Mallorca Cup,2020,PH,,INDIVIDUAL,FINAL,MAG,JUNIOR,ESP,Estimated E score outside the valid 0-10 range; D_score cannot be trusted without source confirmation and is marked not available
213990,applied,D_score,1.2,,1.15,1.2,,-0.05,Annika Eskelund,Norwegian Junior Championships,2020,UB,,INDIVIDUAL,FINAL,WAG,JUNIOR,NOR,Estimated E score outside the valid 0-10 range; D_score cannot be trusted without source confirmation and is marked not available
200580,applied,D_score,2.6,,2.45,2.6,,-0.15,Filip Noraas,Norwegian Junior Championships,2020,PH,,INDIVIDUAL,FINAL,MAG,JUNIOR,NOR,Estimated E score outside the valid 0-10 range; D_score cannot be trusted without source confirmation and is marked not available
257022,applied,D_score,2.8,,12.85,2.8,,10.05,Pyry Lappalainen,2nd Finnish Show Competition,2021,VT,2,INDIVIDUAL,FINAL,MAG,SENIOR,FIN,Estimated E score outside the valid 0-10 range; D_score cannot be trusted without source confirmation and is marked not available
267951,applied,D_score,0.2,,0.0,0.2,,-0.2,Ajara Petsadjui,African Championships,2021,UB,,INDIVIDUAL,FINAL,WAG,SENIOR,CMR,Estimated E score outside the valid 0-10 range; D_score cannot be trusted without source confirmation and is marked not available
290062,applied,D_score,1.3,,0.0,1.3,,-1.3,Lisa Mebar,African Championships,2021,BB,,INDIVIDUAL,FINAL,WAG,SENIOR,CMR,Estimated E score outside the valid 0-10 range; D_score cannot be trusted without source confirmation and is marked not available
290064,applied,D_score,0.1,,0.0,0.1,,-0.1,Lisa Mebar,African Championships,2021,UB,,INDIVIDUAL,FINAL,WAG,SENIOR,CMR,Estimated E score outside the valid 0-10 range; D_score cannot be trusted without source confirmation and is marked not available
242888,applied,D_score,1.8,,0.25,1.8,,-1.55,Ismael Sidibe,Austrian Championships,2021,PH,,INDIVIDUAL,FINAL,MAG,JUNIOR,AUT,Estimated E score outside the valid 0-10 range; D_score cannot be trusted without source confirmation and is marked not available
251412,applied,D_score,2.8,,13.2,2.8,,10.4,Martin Wolf,Austrian Championships,2021,VT,2,INDIVIDUAL,FINAL,MAG,JUNIOR,AUT,Estimated E score outside the valid 0-10 range; D_score cannot be trusted without source confirmation and is marked not available
262826,applied,D_score,1.8,,1.6,1.8,,-0.2,Tobias Wellinger,Austrian Championships,2021,PH,,INDIVIDUAL,FINAL,MAG,JUNIOR,AUT,Estimated E score outside the valid 0-10 range; D_score cannot be trusted without source confirmation and is marked not available
248758,applied,D_score,2.1,,1.0,2.1,,-1.1,Liam Benoit,Canadian Technical Trial,2021,PH,,INDIVIDUAL,QUALIFICATION,MAG,JUNIOR,CAN,Estimated E score outside the valid 0-10 range; D_score cannot be trusted without source confirmation and is marked not available
251739,applied,D_score,0.52,,10.85,0.52,,10.33,Mathieu Lapres,Canadian Technical Trial,2021,PH,,INDIVIDUAL,FINAL,MAG,SENIOR,CAN,Estimated E score outside the valid 0-10 range; D_score cannot be trusted without source confirmation and is marked not available
231806,applied,D_score,2.2,,1.85,2.2,,-0.35,Alex Shilvock,Elite Canada,2021,PH,,INDIVIDUAL,FINAL,MAG,JUNIOR,CAN,Estimated E score outside the valid 0-10 range; D_score cannot be trusted without source confirmation and is marked not available
268958,applied,D_score,0.9,,0.0,0.9,,-0.9,Alina Schindler,German Junior Championships,2021,UB,,INDIVIDUAL,FINAL,WAG,JUNIOR,GER,Estimated E score outside the valid 0-10 range; D_score cannot be trusted without source confirmation and is marked not available
303154,applied,D_score,1.0,,0.65,1.0,,-0.35,Talena Kanther,German Junior Championships,2021,UB,,INDIVIDUAL,FINAL,WAG,JUNIOR,GER,Estimated E score outside the valid 0-10 range; D_score cannot be trusted without source confirmation and is marked not available
272368,applied,D_score,0.45,,11.55,0.45,,11.1,Asimina Sevastopoulou,Greek Championships,2021,BB,,INDIVIDUAL,FINAL,WAG,SENIOR,GRE,Estimated E score outside the valid 0-10 range; D_score cannot be trusted without source confirmation and is marked not available
238587,applied,D_score,1.3,,0.266,1.3,,-1.034,Elio Rebora,Icelandic Team Championships,2021,HB,,INDIVIDUAL,FINAL,MAG,SENIOR,ISL,Estimated E score outside the valid 0-10 range; D_score cannot be trusted without source confirmation and is marked not available
252145,applied,D_score,1.6,,0.3,1.6,,-1.3,Mauricio Gallardo,Junior Pan American Championships,2021,PH,,INDIVIDUAL,FINAL,MAG,JUNIOR,ESA,Estimated E score outside the valid 0-10 range; D_score cannot be trusted without source confirmation and is marked not available
247164,applied,D_score,1.2,,0.9,1.2,,-0.3,Kim Taewoo,Korean National Sports Festival,2021,PH,,INDIVIDUAL,FINAL,MAG,SENIOR,KOR,Estimated E score outside the valid 0-10 range; D_score cannot be trusted without source confirmation and is marked not available
254779,applied,D_score,1.9,,1.2,1.9,,-0.7,Nils Bengtsson,Mälar Cup,2021,HB,,INDIVIDUAL,FINAL,MAG,JUNIOR,SWE,Estimated E score outside the valid 0-10 range; D_score cannot be trusted without source confirmation and is marked not available
290566,applied,D_score,0.5,,0.3,0.5,,-0.2,Lotta Myhrene,Norwegian FIG Meet,2021,UB,,INDIVIDUAL,FINAL,WAG,JUNIOR,NOR,Estimated E score outside the valid 0-10 range; D_score cannot be trusted without source confirmation and is marked not available
296538,applied,D_score,0.5,,0.3,0.5,,-0.2,Natalie Helle-Jonsson,Norwegian FIG Meet,2021,UB,,INDIVIDUAL,FINAL,WAG,JUNIOR,NOR,Estimated E score outside the valid 0-10 range; D_score cannot be trusted without source confirmation and is marked not available
261998,applied,D_score,1.7,,1.1,1.7,,-0.6,Tarald McFadzean,Norwegian Junior Championships,2021,HB,,INDIVIDUAL,FINAL,MAG,JUNIOR,NOR,Estimated E score outside the valid 0-10 range; D_score cannot be trusted without source confirmation and is marked not available
264833,applied,D_score,0.0,,12.65,0.0,,12.65,Wilfry Contreras,Pan American Championships,2021,VT,2,APPARATUS,FINAL,MAG,SENIOR,DOM,Estimated E score outside the valid 0-10 range; D_score cannot be trusted without source confirmation and is marked not available
235738,applied,D_score,4.8,,4.433,4.8,,-0.367,Christian Salazar,South American Championships,2021,PH,,INDIVIDUAL,FINAL,MAG,SENIOR,BOL,Estimated E score outside the valid 0-10 range; D_score cannot be trusted without source confirmation and is marked not available
259675,applied,D_score,2.1,,0.0,2.1,,-2.1,Sergio Bustillos,South American Junior Championships,2021,PH,,INDIVIDUAL,FINAL,MAG,JUNIOR,BOL,Estimated E score outside the valid 0-10 range; D_score cannot be trusted without source confirmation and is marked not available
281814,applied,D_score,1.2,,0.45,1.2,,-0.75,Gil Deokyeon,South Korean Championships,2021,BB,,INDIVIDUAL,FINAL,WAG,SENIOR,KOR,Estimated E score outside the valid 0-10 range; D_score cannot be trusted without source confirmation and is marked not available
288072,applied,D_score,0.4,,0.15,0.4,,-0.25,Kwon Soyeon,South Korean Championships,2021,UB,,INDIVIDUAL,FINAL,WAG,SENIOR,KOR,Estimated E score outside the valid 0-10 range; D_score cannot be trusted without source confirmation and is marked not available
254772,applied,D_score,0.7,,0.0,0.7,,-0.7,Nils Bengtsson,Swedish Cup,2021,HB,,INDIVIDUAL,FINAL,MAG,JUNIOR,SWE,Estimated E score outside the valid 0-10 range; D_score cannot be trusted without source confirmation and is marked not available
242871,applied,D_score,2.3,,1.55,2.3,,-0.75,Isak Riveland,Unisport Norges Cup,2021,PH,,INDIVIDUAL,FINAL,MAG,JUNIOR,NOR,Estimated E score outside the valid 0-10 range; D_score cannot be trusted without source confirmation and is marked not available
232600,applied,D_score,1.7,,1.45,1.7,,-0.25,Andreas Steiro,Unnis & Haralds Trophy,2021,PH,,INDIVIDUAL,FINAL,MAG,JUNIOR,NOR,Estimated E score outside the valid 0-10 range; D_score cannot be trusted without source confirmation and is marked not available
242878,applied,D_score,1.7,,0.0,1.7,,-1.7,Isak Riveland,Unnis & Haralds Trophy,2021,PH,,INDIVIDUAL,FINAL,MAG,JUNIOR,NOR,Estimated E score outside the valid 0-10 range; D_score cannot be trusted without source confirmation and is marked not available
241448,applied,D_score,1.6,,1.15,1.6,,-0.45,Hashiev Magomed-Girie,Wase Gymcup,2021,PH,,INDIVIDUAL,FINAL,MAG,SENIOR,BEL,Estimated E score outside the valid 0-10 range; D_score cannot be trusted without source confirmation and is marked not available
289461,applied,D_score,2.0,,12.3,2.0,,10.3,Liah Dhondt,Wase Gymcup,2021,VT,1,INDIVIDUAL,FINAL,WAG,JUNIOR,BEL,Estimated E score outside the valid 0-10 range; D_score cannot be trusted without source confirmation and is marked not available
290058,applied,D_score,2.4,,12.433,2.4,,10.033,Lisa Maas,Wase Gymcup,2021,VT,1,INDIVIDUAL,FINAL,WAG,JUNIOR,NED,Estimated E score outside the valid 0-10 range; D_score cannot be trusted without source confirmation and is marked not available
261817,applied,D_score,3.8,,2.25,3.8,,-1.55,Takumi Onoshima,Wase Gymcup,2021,PH,,APPARATUS,FINAL,MAG,SENIOR,BEL,Estimated E score outside the valid 0-10 range; D_score cannot be trusted without source confirmation and is marked not available
285601,applied,D_score,2.8,,0.566,2.8,,-2.234,Juliana Ochoa,World Championships,2021,UB,,INDIVIDUAL,QUALIFICATION,WAG,SENIOR,COL,Estimated E score outside the valid 0-10 range; D_score cannot be trusted without source confirmation and is marked not available
357673,applied,D_score,0.3,,0.0,0.3,,-0.3,Ajara Petsadjui,African Championships,2022,UB,,INDIVIDUAL,FINAL,WAG,SENIOR,CMR,Estimated E score outside the valid 0-10 range; D_score cannot be trusted without source confirmation and is marked not available
367755,applied,D_score,0.1,,0.0,0.1,,-0.1,Cynthia Letono,African Championships,2022,UB,,INDIVIDUAL,FINAL,WAG,SENIOR,CMR,Estimated E score outside the valid 0-10 range; D_score cannot be trusted without source confirmation and is marked not available
336468,applied,D_score,1.4,,0.0,1.4,,-1.4,Mamadou Souleye Ciss,African Championships,2022,PB,,INDIVIDUAL,FINAL,MAG,SENIOR,SEN,Estimated E score outside the valid 0-10 range; D_score cannot be trusted without source confirmation and is marked not available
391648,applied,D_score,1.9,,1.4,1.9,,-0.5,Moira Teneku,African Championships,2022,BB,,INDIVIDUAL,FINAL,WAG,SENIOR,CMR,Estimated E score outside the valid 0-10 range; D_score cannot be trusted without source confirmation and is marked not available
391650,applied,D_score,0.2,,0.0,0.2,,-0.2,Moira Teneku,African Championships,2022,UB,,INDIVIDUAL,FINAL,WAG,SENIOR,CMR,Estimated E score outside the valid 0-10 range; D_score cannot be trusted without source confirmation and is marked not available
347804,applied,D_score,1.3,,0.466,1.3,,-0.834,Samuel Paulson,African Championships,2022,PH,,INDIVIDUAL,FINAL,MAG,SENIOR,CMR,Estimated E score outside the valid 0-10 range; D_score cannot be trusted without source confirmation and is marked not available
310926,applied,D_score,4.6,,14.766,4.6,,10.166,Andrey Medvedev,Baku World Cup,2022,VT,2,INDIVIDUAL,QUALIFICATION,MAG,SENIOR,ISR,Estimated E score outside the valid 0-10 range; D_score cannot be trusted without source confirmation and is marked not available
378680,applied,D_score,0.3,,0.1,0.3,,-0.2,Jora Gervalla,Balkan Championships,2022,UB,,INDIVIDUAL,FINAL,WAG,JUNIOR,KOS,Estimated E score outside the valid 0-10 range; D_score cannot be trusted without source confirmation and is marked not available
399484,applied,D_score,2.5,,1.6,2.5,,-0.9,Sofia Maadani,COMEGYM Championships,2022,BB,,INDIVIDUAL,FINAL,WAG,JUNIOR,MAR,Estimated E score outside the valid 0-10 range; D_score cannot be trusted without source confirmation and is marked not available
318901,applied,D_score,2.3,,2.133,2.3,,-0.167,Dmitriy Patanin,Cairo World Cup,2022,SR,,INDIVIDUAL,QUALIFICATION,MAG,SENIOR,KAZ,Estimated E score outside the valid 0-10 range; D_score cannot be trusted without source confirmation and is marked not available
327299,applied,D_score,2.3,,2.25,2.3,,-0.05,Jameel Ali,Canadian Championships,2022,PH,,INDIVIDUAL,FINAL,MAG,SENIOR,CAN,Estimated E score outside the valid 0-10 range; D_score cannot be trusted without source confirmation and is marked not available
349085,applied,D_score,2.2,,2.1,2.2,,-0.1,Ahmed Shishir,Commonwealth Games,2022,PH,,INDIVIDUAL,QUALIFICATION,MAG,SENIOR,BAN,Estimated E score outside the valid 0-10 range; D_score cannot be trusted without source confirmation and is marked not available
360000,applied,D_score,0.4,,0.1,0.4,,-0.3,Ana Magdalena Fabijanic,Croatian Championships,2022,UB,,INDIVIDUAL,FINAL,WAG,SENIOR,CRO,Estimated E score outside the valid 0-10 range; D_score cannot be trusted without source confirmation and is marked not available
308776,applied,D_score,5.9,,4.233,5.9,,-1.667,Ahmet Önder,European Championships,2022,HB,,INDIVIDUAL,FINAL,MAG,SENIOR,TUR,Estimated E score outside the valid 0-10 range; D_score cannot be trusted without source confirmation and is marked not available
319081,applied,D_score,4.8,,15.866,4.8,,11.066,Dominick Cunningham,European Championships,2022,VT,2,INDIVIDUAL,FINAL,MAG,SENIOR,IRL,Estimated E score outside the valid 0-10 range; D_score cannot be trusted without source confirmation and is marked not available
342052,applied,D_score,2.8,,13.134,2.8,,10.334,Niila Sinivuori,Finnish Men's Euros Trials 1,2022,VT,2,INDIVIDUAL,FINAL,MAG,SENIOR,FIN,Estimated E score outside the valid 0-10 range; D_score cannot be trusted without source confirmation and is marked not available
342057,applied,D_score,2.8,,13.301,2.8,,10.501,Niila Sinivuori,Finnish Men's Euros Trials 3,2022,VT,2,INDIVIDUAL,FINAL,MAG,SENIOR,FIN,Estimated E score outside the valid 0-10 range; D_score cannot be trusted without source confirmation and is marked not available
312247,applied,D_score,0.9,,0.5,0.9,,-0.4,Artur Sahakyan,German Championships,2022,FX,,INDIVIDUAL,FINAL,MAG,SENIOR,GER,Estimated E score outside the valid 0-10 range; D_score cannot be trusted without source confirmation and is marked not available
385505,applied,D_score,4.9,,3.05,4.9,,-1.85,Lucie Henna,Gymnasiade,2022,FX,,INDIVIDUAL,FINAL,WAG,SENIOR,FRA,Estimated E score outside the valid 0-10 range; D_score cannot be trusted without source confirmation and is marked not available
323820,applied,D_score,2.4,,12.833,2.4,,10.433,Gudjon Hildarson,Icelandic Championships,2022,VT,1,INDIVIDUAL,FINAL,MAG,SENIOR,ISL,Estimated E score outside the valid 0-10 range; D_score cannot be trusted without source confirmation and is marked not available
336519,applied,D_score,1.2,,0.8,1.2,,-0.4,Mano Lander,International GymSport,2022,PH,,INDIVIDUAL,FINAL,MAG,JUNIOR,DEN,Estimated E score outside the valid 0-10 range; D_score cannot be trusted without source confirmation and is marked not available
343302,applied,D_score,1.7,,1.5,1.7,,-0.2,Oliver Leicht,International GymSport,2022,PH,,INDIVIDUAL,FINAL,MAG,SENIOR,DEN,Estimated E score outside the valid 0-10 range; D_score cannot be trusted without source confirmation and is marked not available
381613,applied,D_score,1.7,,0.95,1.7,,-0.75,Kya Reid,Irish Championships,2022,UB,,INDIVIDUAL,FINAL,WAG,SENIOR,IRL,Estimated E score outside the valid 0-10 range; D_score cannot be trusted without source confirmation and is marked not available
349091,applied,D_score,1.7,,0.85,1.7,,-0.85,Ahmed Shishir,Islamic Solidarity Games,2022,FX,,INDIVIDUAL,FINAL,MAG,SENIOR,BAN,Estimated E score outside the valid 0-10 range; D_score cannot be trusted without source confirmation and is marked not available
366452,applied,D_score,0.43,,12.05,0.43,,11.62,Chiara Barcaccia,Italian Gold Championships,2022,FX,,INDIVIDUAL,FINAL,WAG,SENIOR,ITA,Estimated E score outside the valid 0-10 range; D_score cannot be trusted without source confirmation and is marked not available
391796,applied,D_score,0.0,,12.7,0.0,,12.7,Morgane Osyssek,Mediterranean Games,2022,VT,2,INDIVIDUAL,QUALIFICATION,WAG,SENIOR,FRA,Estimated E score outside the valid 0-10 range; D_score cannot be trusted without source confirmation and is marked not available
402172,applied,D_score,0.7,,0.05,0.7,,-0.65,Tuva Nilsen,Norwegian Championships,2022,UB,,INDIVIDUAL,FINAL,WAG,SENIOR,NOR,Estimated E score outside the valid 0-10 range; D_score cannot be trusted without source confirmation and is marked not available
403132,applied,D_score,1.5,,0.933,1.5,,-0.567,Victoria da Silva,South American Junior Games,2022,UB,,INDIVIDUAL,FINAL,WAG,JUNIOR,VEN,Estimated E score outside the valid 0-10 range; D_score cannot be trusted without source confirmation and is marked not available
383319,applied,D_score,1.6,,0.6,1.6,,-1.0,Lexie Rozé,Wase Gymcup,2022,UB,,INDIVIDUAL,FINAL,WAG,JUNIOR,BEL,Estimated E score outside the valid 0-10 range; D_score cannot be trusted without source confirmation and is marked not available
335416,applied,D_score,1.2,,0.4,1.2,,-0.8,Lucas Ros,Wase Gymcup,2022,PH,,INDIVIDUAL,FINAL,MAG,SENIOR,BEL,Estimated E score outside the valid 0-10 range; D_score cannot be trusted without source confirmation and is marked not available
478615,applied,D_score,0.8,,0.433,0.8,,-0.367,Danna Villamizar,2nd Colombian Championships,2023,UB,,INDIVIDUAL,FINAL,WAG,JUNIOR,COL,Estimated E score outside the valid 0-10 range; D_score cannot be trusted without source confirmation and is marked not available
520070,applied,D_score,0.8,,0.1,0.8,,-0.7,Viktoria Freundlinger,3rd Bundesliga,2023,UB,,INDIVIDUAL,FINAL,WAG,SENIOR,AUT,Estimated E score outside the valid 0-10 range; D_score cannot be trusted without source confirmation and is marked not available
467254,applied,D_score,0.8,,0.133,0.8,,-0.667,Alex Masenello,3rd Spanish League,2023,UB,,INDIVIDUAL,FINAL,WAG,SENIOR,ESP,Estimated E score outside the valid 0-10 range; D_score cannot be trusted without source confirmation and is marked not available
475622,applied,D_score,1.6,,0.0,1.6,,-1.6,Carlota Pascual,3rd Spanish League,2023,UB,,INDIVIDUAL,FINAL,WAG,SENIOR,ESP,Estimated E score outside the valid 0-10 range; D_score cannot be trusted without source confirmation and is marked not available
478231,applied,D_score,0.1,,0.0,0.1,,-0.1,Cynthia Letono,African Championships,2023,UB,,INDIVIDUAL,FINAL,WAG,SENIOR,CMR,Estimated E score outside the valid 0-10 range; D_score cannot be trusted without source confirmation and is marked not available
420977,applied,D_score,1.5,,0.7,1.5,,-0.8,Engelbert Ngorbo Onguene,African Championships,2023,HB,,INDIVIDUAL,FINAL,MAG,SENIOR,CMR,Estimated E score outside the valid 0-10 range; D_score cannot be trusted without source confirmation and is marked not available
422311,applied,D_score,1.4,,0.0,1.4,,-1.4,Fidele Bello Mamoudou,African Championships,2023,HB,,INDIVIDUAL,FINAL,MAG,SENIOR,CMR,Estimated E score outside the valid 0-10 range; D_score cannot be trusted without source confirmation and is marked not available
506429,applied,D_score,0.8,,0.366,0.8,,-0.434,Moira Teneku,African Championships,2023,UB,,INDIVIDUAL,FINAL,WAG,SENIOR,CMR,Estimated E score outside the valid 0-10 range; D_score cannot be trusted without source confirmation and is marked not available
452539,applied,D_score,1.8,,0.866,1.8,,-0.934,Ruben Sodea,African Championships,2023,PH,,INDIVIDUAL,FINAL,MAG,SENIOR,CMR,Estimated E score outside the valid 0-10 range; D_score cannot be trusted without source confirmation and is marked not available
453572,applied,D_score,1.7,,1.2,1.7,,-0.5,Samuel Paulson,African Championships,2023,HB,,INDIVIDUAL,FINAL,MAG,SENIOR,CMR,Estimated E score outside the valid 0-10 range; D_score cannot be trusted without source confirmation and is marked not available
436293,applied,D_score,2.0,,1.6,2.0,,-0.4,Lenny Pfeiffer,Austrian Championships,2023,PH,,INDIVIDUAL,FINAL,MAG,JUNIOR,AUT,Estimated E score outside the valid 0-10 range; D_score cannot be trusted without source confirmation and is marked not available
413531,applied,D_score,2.9,,2.5,2.9,,-0.4,Brayden Preece,Beach Blast Invitational,2023,PH,,INDIVIDUAL,FINAL,MAG,SENIOR,USA,Estimated E score outside the valid 0-10 range; D_score cannot be trusted without source confirmation and is marked not available
416973,applied,D_score,2.0,,0.05,2.0,,-1.95,Daniel Smyllie,British Championships,2023,PH,,INDIVIDUAL,FINAL,MAG,SENIOR,GBR,Estimated E score outside the valid 0-10 range; D_score cannot be trusted without source confirmation and is marked not available
428959,applied,D_score,5.4,,2.8,5.4,,-2.6,Jamie Lewis,British Worlds Trials,2023,PB,,INDIVIDUAL,FINAL,MAG,SENIOR,GBR,Estimated E score outside the valid 0-10 range; D_score cannot be trusted without source confirmation and is marked not available
415297,applied,D_score,2.8,,1.25,2.8,,-1.55,Chris Kaji,Canadian Championships,2023,PH,,INDIVIDUAL,FINAL,MAG,SENIOR,CAN,Estimated E score outside the valid 0-10 range; D_score cannot be trusted without source confirmation and is marked not available
429843,applied,D_score,2.0,,1.9,2.0,,-0.1,Jham Furnieles,Colombian Championships,2023,PB,,INDIVIDUAL,FINAL,MAG,SENIOR,COL,Estimated E score outside the valid 0-10 range; D_score cannot be trusted without source confirmation and is marked not available
431037,applied,D_score,2.4,,1.733,2.4,,-0.667,Jose Olivar,Colombian Championships,2023,PH,,APPARATUS,FINAL,MAG,SENIOR,COL,Estimated E score outside the valid 0-10 range; D_score cannot be trusted without source confirmation and is marked not available
519151,applied,D_score,0.5,,0.067,0.5,,-0.433,Valeria Luna,Colombian Championships,2023,BB,,INDIVIDUAL,FINAL,WAG,JUNIOR,COL,Estimated E score outside the valid 0-10 range; D_score cannot be trusted without source confirmation and is marked not available
462546,applied,D_score,3.9,,14.5,3.9,,10.6,Xavier Olasz,DTB Pokal Team Challenge,2023,SR,,INDIVIDUAL,FINAL,MAG,JUNIOR,CAN,Estimated E score outside the valid 0-10 range; D_score cannot be trusted without source confirmation and is marked not available
440024,applied,D_score,2.4,,13.1,2.4,,10.7,Marc Lemperle,Danish Championships,2023,VT,1,APPARATUS,FINAL,MAG,SENIOR,DEN,Estimated E score outside the valid 0-10 range; D_score cannot be trusted without source confirmation and is marked not available
518271,applied,D_score,0.9,,0.65,0.9,,-0.25,Tinatini Tqemaladze,European Youth Olympic Festival,2023,UB,,INDIVIDUAL,FINAL,WAG,JUNIOR,GEO,Estimated E score outside the valid 0-10 range; D_score cannot be trusted without source confirmation and is marked not available
520271,applied,D_score,0.7,,0.35,0.7,,-0.35,Vilma Virtanen,Finnish Championships,2023,UB,,INDIVIDUAL,FINAL,WAG,JUNIOR,FIN,Estimated E score outside the valid 0-10 range; D_score cannot be trusted without source confirmation and is marked not available
448910,applied,D_score,1.9,,1.033,1.9,,-0.867,Patrick Palmroth,Finnish Men's National Team Test 3,2023,FX,,INDIVIDUAL,FINAL,MAG,SENIOR,FIN,Estimated E score outside the valid 0-10 range; D_score cannot be trusted without source confirmation and is marked not available
497074,applied,D_score,1.2,,0.8,1.2,,-0.4,Liana Dill,German Junior Cup,2023,BB,,INDIVIDUAL,FINAL,WAG,JUNIOR,GER,Estimated E score outside the valid 0-10 range; D_score cannot be trusted without source confirmation and is marked not available
460990,applied,D_score,0.6,,0.0,0.6,,-0.6,Viktor Jokic,Hanspeter Demetz Memorial,2023,HB,,INDIVIDUAL,FINAL,MAG,JUNIOR,AUT,Estimated E score outside the valid 0-10 range; D_score cannot be trusted without source confirmation and is marked not available
407207,applied,D_score,0.6,,0.1,0.6,,-0.5,Aksham ,Indian Junior Championships,2023,PH,,INDIVIDUAL,FINAL,MAG,JUNIOR,IND,Estimated E score outside the valid 0-10 range; D_score cannot be trusted without source confirmation and is marked not available
409052,applied,D_score,0.6,,0.0,0.6,,-0.6,Amar Kumar Mahto,Indian Junior Championships,2023,PH,,INDIVIDUAL,FINAL,MAG,JUNIOR,IND,Estimated E score outside the valid 0-10 range; D_score cannot be trusted without source confirmation and is marked not available
409053,applied,D_score,0.6,,0.0,0.6,,-0.6,Amar Kumar Mahto,Indian Junior Championships,2023,SR,,INDIVIDUAL,FINAL,MAG,JUNIOR,IND,Estimated E score outside the valid 0-10 range; D_score cannot be trusted without source confirmation and is marked not available
410300,applied,D_score,0.6,,0.0,0.6,,-0.6,Anurag Kumar,Indian Junior Championships,2023,PH,,INDIVIDUAL,FINAL,MAG,JUNIOR,IND,Estimated E score outside the valid 0-10 range; D_score cannot be trusted without source confirmation and is marked not available
411979,applied,D_score,0.6,,0.0,0.6,,-0.6,Aysh Lohra,Indian Junior Championships,2023,PH,,INDIVIDUAL,FINAL,MAG,JUNIOR,IND,Estimated E score outside the valid 0-10 range; D_score cannot be trusted without source confirmation and is marked not available
418406,applied,D_score,0.6,,0.0,0.6,,-0.6,Devraj Singh,Indian Junior Championships,2023,PH,,INDIVIDUAL,FINAL,MAG,JUNIOR,IND,Estimated E score outside the valid 0-10 range; D_score cannot be trusted without source confirmation and is marked not available
501490,applied,D_score,1.0,,0.0,1.0,,-1.0,Manya Gupta,Indian Junior Championships,2023,BB,,INDIVIDUAL,FINAL,WAG,JUNIOR,IND,Estimated E score outside the valid 0-10 range; D_score cannot be trusted without source confirmation and is marked not available
501491,applied,D_score,0.2,,0.0,0.2,,-0.2,Manya Gupta,Indian Junior Championships,2023,FX,,INDIVIDUAL,FINAL,WAG,JUNIOR,IND,Estimated E score outside the valid 0-10 range; D_score cannot be trusted without source confirmation and is marked not available
444369,applied,D_score,1.2,,0.9,1.2,,-0.3,Muhammed Ayaz Khanay,Indian Junior Championships,2023,PH,,INDIVIDUAL,FINAL,MAG,JUNIOR,IND,Estimated E score outside the valid 0-10 range; D_score cannot be trusted without source confirmation and is marked not available
444520,applied,D_score,2.2,,12.25,2.2,,10.05,N. Shashidhar,Indian Junior Championships,2023,VT,1,INDIVIDUAL,FINAL,MAG,JUNIOR,IND,Estimated E score outside the valid 0-10 range; D_score cannot be trusted without source confirmation and is marked not available
508260,applied,D_score,1.9,,1.45,1.9,,-0.45,Nikita ,Indian Junior Championships,2023,BB,,INDIVIDUAL,FINAL,WAG,JUNIOR,IND,Estimated E score outside the valid 0-10 range; D_score cannot be trusted without source confirmation and is marked not available
448733,applied,D_score,1.2,,0.0,1.2,,-1.2,Parmeshwar Rai,Indian Junior Championships,2023,PH,,INDIVIDUAL,FINAL,MAG,JUNIOR,IND,Estimated E score outside the valid 0-10 range; D_score cannot be trusted without source confirmation and is marked not available
510047,applied,D_score,0.4,,0.35,0.4,,-0.05,Parvani ,Indian Junior Championships,2023,UB,,INDIVIDUAL,FINAL,WAG,JUNIOR,IND,Estimated E score outside the valid 0-10 range; D_score cannot be trusted without source confirmation and is marked not available
450014,applied,D_score,0.6,,0.0,0.6,,-0.6,Piyush Patel,Indian Junior Championships,2023,PH,,INDIVIDUAL,FINAL,MAG,JUNIOR,IND,Estimated E score outside the valid 0-10 range; D_score cannot be trusted without source confirmation and is marked not available
460276,applied,D_score,1.2,,0.6,1.2,,-0.6,V. Naveen,Indian Junior Championships,2023,PH,,INDIVIDUAL,FINAL,MAG,JUNIOR,IND,Estimated E score outside the valid 0-10 range; D_score cannot be trusted without source confirmation and is marked not available
519397,applied,D_score,0.4,,0.2,0.4,,-0.2,Vanik Achandora,Indian Junior Championships,2023,UB,,INDIVIDUAL,FINAL,WAG,JUNIOR,IND,Estimated E score outside the valid 0-10 range; D_score cannot be trusted without source confirmation and is marked not available
463133,applied,D_score,0.6,,0.4,0.6,,-0.2,Yeeshu Barle,Indian Junior Championships,2023,PH,,INDIVIDUAL,FINAL,MAG,JUNIOR,IND,Estimated E score outside the valid 0-10 range; D_score cannot be trusted without source confirmation and is marked not available
442699,applied,D_score,1.8,,11.933,1.8,,10.133,Menton Toni Mro,Junior World Championships,2023,VT,1,INDIVIDUAL,QUALIFICATION,MAG,JUNIOR,BAN,Estimated E score outside the valid 0-10 range; D_score cannot be trusted without source confirmation and is marked not available
434923,applied,D_score,0.9,,0.0,0.9,,-0.9,Kristaps Grinvalds,Latvian Championships,2023,HB,,INDIVIDUAL,FINAL,MAG,SENIOR,LAT,Estimated E score outside the valid 0-10 range; D_score cannot be trusted without source confirmation and is marked not available
423581,applied,D_score,4.0,,14.2,4.0,,10.2,Gabriele Lupo,Mediterranean Championships,2023,VT,1,INDIVIDUAL,FINAL,MAG,JUNIOR,ITA,Estimated E score outside the valid 0-10 range; D_score cannot be trusted without source confirmation and is marked not available
438744,applied,D_score,1.6,,12.2,1.6,,10.6,Luis Francisco Valdes,Mexican Championships,2023,VT,1,INDIVIDUAL,FINAL,MAG,SENIOR,MEX,Estimated E score outside the valid 0-10 range; D_score cannot be trusted without source confirmation and is marked not available
421243,applied,D_score,0.7,,0.45,0.7,,-0.25,Eskil Abrahamsson,Mälar Cup,2023,HB,,INDIVIDUAL,FINAL,MAG,JUNIOR,SWE,Estimated E score outside the valid 0-10 range; D_score cannot be trusted without source confirmation and is marked not available
410529,applied,D_score,0.7,,0.0,0.7,,-0.7,Ari Poulsen,Nordic Junior Championships,2023,PH,,APPARATUS,FINAL,MAG,JUNIOR,DEN,Estimated E score outside the valid 0-10 range; D_score cannot be trusted without source confirmation and is marked not available
428606,applied,D_score,2.5,,1.666,2.5,,-0.834,Jakob Kristensen,Northern European Championships,2023,PH,,INDIVIDUAL,FINAL,MAG,SENIOR,DEN,Estimated E score outside the valid 0-10 range; D_score cannot be trusted without source confirmation and is marked not available
446399,applied,D_score,1.3,,0.75,1.3,,-0.55,Nikolai Fredriksen,Norwegian Championships,2023,HB,,INDIVIDUAL,FINAL,MAG,SENIOR,NOR,Estimated E score outside the valid 0-10 range; D_score cannot be trusted without source confirmation and is marked not available
485804,applied,D_score,0.7,,0.4,0.7,,-0.3,Gine Werner,Norwegian FIG Meet 2,2023,UB,,INDIVIDUAL,FINAL,WAG,SENIOR,NOR,Estimated E score outside the valid 0-10 range; D_score cannot be trusted without source confirmation and is marked not available
478597,applied,D_score,2.9,,1.4,2.9,,-1.5,Daniz Aliyeva,Pharaoh's Cup,2023,BB,,INDIVIDUAL,QUALIFICATION,WAG,JUNIOR,AZE,Estimated E score outside the valid 0-10 range; D_score cannot be trusted without source confirmation and is marked not available
464688,applied,D_score,2.5,,1.633,2.5,,-0.867,Zaid Al Khalidi,Pharaoh's Cup,2023,HB,,INDIVIDUAL,QUALIFICATION,MAG,JUNIOR,JOR,Estimated E score outside the valid 0-10 range; D_score cannot be trusted without source confirmation and is marked not available
409453,applied,D_score,1.4,,0.75,1.4,,-0.65,Andrei Puscasu,Romanian Championships,2023,PH,,INDIVIDUAL,FINAL,MAG,SENIOR,ROU,Estimated E score outside the valid 0-10 range; D_score cannot be trusted without source confirmation and is marked not available
436173,applied,D_score,2.3,,0.85,2.3,,-1.45,Lee Wei Cong,Singapore Open,2023,PH,,INDIVIDUAL,FINAL,MAG,SENIOR,MAS,Estimated E score outside the valid 0-10 range; D_score cannot be trusted without source confirmation and is marked not available
444924,applied,D_score,2.5,,2.4,2.5,,-0.1,Nathaniel Ng Kay Lern,Singapore Open,2023,PH,,INDIVIDUAL,FINAL,MAG,SENIOR,MAS,Estimated E score outside the valid 0-10 range; D_score cannot be trusted without source confirmation and is marked not available
447891,applied,D_score,1.2,,0.85,1.2,,-0.35,Omkar Palkar,Singapore Open,2023,PH,,INDIVIDUAL,FINAL,MAG,JUNIOR,IND,Estimated E score outside the valid 0-10 range; D_score cannot be trusted without source confirmation and is marked not available
479523,applied,D_score,0.9,,0.5,0.9,,-0.4,Dora Tripul,South American Junior Championships,2023,UB,,INDIVIDUAL,FINAL,WAG,JUNIOR,ECU,Estimated E score outside the valid 0-10 range; D_score cannot be trusted without source confirmation and is marked not available
490448,applied,D_score,0.4,,0.25,0.4,,-0.15,Jeong Ilwan,South Korean Championships,2023,FX,,INDIVIDUAL,FINAL,WAG,JUNIOR,KOR,Estimated E score outside the valid 0-10 range; D_score cannot be trusted without source confirmation and is marked not available
434368,applied,D_score,1.2,,1.0,1.2,,-0.2,Kim Younghyun,South Korean Championships,2023,PH,,INDIVIDUAL,FINAL,MAG,JUNIOR,KOR,Estimated E score outside the valid 0-10 range; D_score cannot be trusted without source confirmation and is marked not available
442978,applied,D_score,0.52,,14.0,0.52,,13.48,Michael Jaroh,U.S. Championships,2023,VT,1,INDIVIDUAL,FINAL,MAG,SENIOR,USA,Estimated E score outside the valid 0-10 range; D_score cannot be trusted without source confirmation and is marked not available
502304,applied,D_score,1.9,,1.767,1.9,,-0.133,Maria Montero,1st Spanish League (2024 season),2024,UB,,INDIVIDUAL,FINAL,WAG,SENIOR,ESP,Estimated E score outside the valid 0-10 range; D_score cannot be trusted without source confirmation and is marked not available
579691,applied,D_score,1.0,,0.0,1.0,,-1.0,Ajara Petsadjui,African Championships,2024,UB,,INDIVIDUAL,FINAL,WAG,SENIOR,CMR,Estimated E score outside the valid 0-10 range; D_score cannot be trusted without source confirmation and is marked not available
598629,applied,D_score,0.5,,0.0,0.5,,-0.5,Houda Kabil,African Championships,2024,UB,,INDIVIDUAL,FINAL,WAG,JUNIOR,MAR,Estimated E score outside the valid 0-10 range; D_score cannot be trusted without source confirmation and is marked not available
551838,applied,D_score,1.4,,0.933,1.4,,-0.467,Ledoux Ngorbo,African Championships,2024,HB,,APPARATUS,FINAL,MAG,SENIOR,CMR,Estimated E score outside the valid 0-10 range; D_score cannot be trusted without source confirmation and is marked not available
551831,applied,D_score,1.3,,0.0,1.3,,-1.3,Ledoux Ngorbo,African Championships,2024,PH,,INDIVIDUAL,FINAL,MAG,SENIOR,CMR,Estimated E score outside the valid 0-10 range; D_score cannot be trusted without source confirmation and is marked not available
608003,applied,D_score,0.4,,0.0,0.4,,-0.4,Lisa Mebar,African Championships,2024,UB,,INDIVIDUAL,FINAL,WAG,SENIOR,CMR,Estimated E score outside the valid 0-10 range; D_score cannot be trusted without source confirmation and is marked not available
555257,applied,D_score,1.5,,0.533,1.5,,-0.967,Mamadou Laye Fall,African Championships,2024,PB,,INDIVIDUAL,FINAL,MAG,SENIOR,SEN,Estimated E score outside the valid 0-10 range; D_score cannot be trusted without source confirmation and is marked not available
555263,applied,D_score,1.4,,0.0,1.4,,-1.4,Mamadou Souleye Ciss,African Championships,2024,PB,,INDIVIDUAL,FINAL,MAG,SENIOR,SEN,Estimated E score outside the valid 0-10 range; D_score cannot be trusted without source confirmation and is marked not available
615045,applied,D_score,0.4,,0.0,0.4,,-0.4,Moira Teneku,African Championships,2024,UB,,INDIVIDUAL,FINAL,WAG,SENIOR,CMR,Estimated E score outside the valid 0-10 range; D_score cannot be trusted without source confirmation and is marked not available
567577,applied,D_score,1.2,,0.0,1.2,,-1.2,Sadibou Goudiaby Sane,African Championships,2024,PB,,INDIVIDUAL,FINAL,MAG,SENIOR,SEN,Estimated E score outside the valid 0-10 range; D_score cannot be trusted without source confirmation and is marked not available
575537,applied,D_score,2.8,,2.25,2.8,,-0.55,Volodymyr Kostiuk,Antalya Challenge Cup,2024,PH,,INDIVIDUAL,QUALIFICATION,MAG,SENIOR,UKR,Estimated E score outside the valid 0-10 range; D_score cannot be trusted without source confirmation and is marked not available
541496,applied,D_score,2.1,,0.933,2.1,,-1.167,Guido Pujol,Argentinian Championships,2024,PH,,INDIVIDUAL,FINAL,MAG,SENIOR,ARG,Estimated E score outside the valid 0-10 range; D_score cannot be trusted without source confirmation and is marked not available
551726,applied,D_score,1.3,,0.567,1.3,,-0.733,Lautaro Scorza,Argentinian Championships,2024,PH,,INDIVIDUAL,FINAL,MAG,SENIOR,ARG,Estimated E score outside the valid 0-10 range; D_score cannot be trusted without source confirmation and is marked not available
553998,applied,D_score,1.4,,0.4,1.4,,-1.0,Luca Ratti,Argentinian Championships,2024,PH,,INDIVIDUAL,FINAL,MAG,JUNIOR,ARG,Estimated E score outside the valid 0-10 range; D_score cannot be trusted without source confirmation and is marked not available
557473,applied,D_score,1.4,,1.067,1.4,,-0.333,Mauricio Toledo,Argentinian Championships,2024,PH,,INDIVIDUAL,FINAL,MAG,SENIOR,ARG,Estimated E score outside the valid 0-10 range; D_score cannot be trusted without source confirmation and is marked not available
532618,applied,D_score,1.4,,0.2,1.4,,-1.2,Constantin Lipp,Austrian Future Cup,2024,PH,,INDIVIDUAL,FINAL,MAG,JUNIOR,AUT,Estimated E score outside the valid 0-10 range; D_score cannot be trusted without source confirmation and is marked not available
561231,applied,D_score,2.1,,0.0,2.1,,-2.1,Nikita Dzeshkau,Belarus Open Cup,2024,PH,,INDIVIDUAL,FINAL,MAG,SENIOR,BLR,Estimated E score outside the valid 0-10 range; D_score cannot be trusted without source confirmation and is marked not available
561618,applied,D_score,2.1,,2.0,2.1,,-0.1,Nikolai Latyshev,Belarus Open Cup,2024,PH,,INDIVIDUAL,FINAL,MAG,JUNIOR,BLR,Estimated E score outside the valid 0-10 range; D_score cannot be trusted without source confirmation and is marked not available
554261,applied,D_score,1.5,,0.767,1.5,,-0.733,Luciano Cespedes,Bolivarian Youth Games,2024,PH,,INDIVIDUAL,FINAL,MAG,JUNIOR,BOL,Estimated E score outside the valid 0-10 range; D_score cannot be trusted without source confirmation and is marked not available
554336,applied,D_score,1.4,,0.7,1.4,,-0.7,Luis Arancibia,Bolivarian Youth Games,2024,PH,,INDIVIDUAL,FINAL,MAG,JUNIOR,BOL,Estimated E score outside the valid 0-10 range; D_score cannot be trusted without source confirmation and is marked not available
525367,applied,D_score,1.5,,0.0,1.5,,-1.5,Alexander Handley,British Championships,2024,PH,,INDIVIDUAL,FINAL,MAG,JUNIOR,GBR,Estimated E score outside the valid 0-10 range; D_score cannot be trusted without source confirmation and is marked not available
541457,applied,D_score,1.4,,0.9,1.4,,-0.5,Griffyn Porter,British Championships,2024,PH,,INDIVIDUAL,FINAL,MAG,JUNIOR,GBR,Estimated E score outside the valid 0-10 range; D_score cannot be trusted without source confirmation and is marked not available
563505,applied,D_score,3.0,,2.3,3.0,,-0.7,Pacey Foster,British Championships,2024,PH,,INDIVIDUAL,FINAL,MAG,SENIOR,GBR,Estimated E score outside the valid 0-10 range; D_score cannot be trusted without source confirmation and is marked not available
565943,applied,D_score,2.0,,0.0,2.0,,-2.0,Reuben McBain,British Championships,2024,PH,,INDIVIDUAL,FINAL,MAG,JUNIOR,GBR,Estimated E score outside the valid 0-10 range; D_score cannot be trusted without source confirmation and is marked not available
585377,applied,D_score,0.1,,0.0,0.1,,-0.1,Atina Dimova,Bulgarian Championships,2024,UB,,INDIVIDUAL,FINAL,WAG,SENIOR,BUL,Estimated E score outside the valid 0-10 range; D_score cannot be trusted without source confirmation and is marked not available
619243,applied,D_score,0.6,,0.0,0.6,,-0.6,Raya Shalamanova,Bulgarian Championships,2024,UB,,INDIVIDUAL,FINAL,WAG,JUNIOR,BUL,Estimated E score outside the valid 0-10 range; D_score cannot be trusted without source confirmation and is marked not available
627823,applied,D_score,3.2,,0.0,3.2,,-3.2,Wang Hua,Chinese Championships,2024,VT,1,INDIVIDUAL,QUALIFICATION,WAG,SENIOR,CHN,Estimated E score outside the valid 0-10 range; D_score cannot be trusted without source confirmation and is marked not available
573010,applied,D_score,0.9,,0.4,0.9,,-0.5,Tom Profeta,Croatian Championships,2024,HB,,INDIVIDUAL,FINAL,MAG,JUNIOR,CRO,Estimated E score outside the valid 0-10 range; D_score cannot be trusted without source confirmation and is marked not available
558489,applied,D_score,0.6,,0.2,0.6,,-0.4,Mihael Jajcinovic,Croatian Event Championships,2024,HB,,INDIVIDUAL,FINAL,MAG,SENIOR,CRO,Estimated E score outside the valid 0-10 range; D_score cannot be trusted without source confirmation and is marked not available
541741,applied,D_score,1.3,,0.0,1.3,,-1.3,Hamsa Harb,Danish Championships,2024,PH,,INDIVIDUAL,FINAL,MAG,JUNIOR,DEN,Estimated E score outside the valid 0-10 range; D_score cannot be trusted without source confirmation and is marked not available
530104,applied,D_score,2.4,,1.8,2.4,,-0.6,Bjarki Johannessen,Danish Team Championships,2024,PH,,INDIVIDUAL,FINAL,MAG,JUNIOR,DEN,Estimated E score outside the valid 0-10 range; D_score cannot be trusted without source confirmation and is marked not available
573566,applied,D_score,2.2,,1.8,2.2,,-0.4,Torleivur Christiansen,Danish Team Championships,2024,PH,,INDIVIDUAL,FINAL,MAG,SENIOR,DEN,Estimated E score outside the valid 0-10 range; D_score cannot be trusted without source confirmation and is marked not available
587862,applied,D_score,0.7,,0.0,0.7,,-0.7,Carla Rasmussen,Elek Matolay Memorial,2024,UB,,INDIVIDUAL,FINAL,WAG,JUNIOR,DEN,Estimated E score outside the valid 0-10 range; D_score cannot be trusted without source confirmation and is marked not available
536558,applied,D_score,0.8,,0.0,0.8,,-0.8,Edward Glazier,English Championships,2024,HB,,INDIVIDUAL,FINAL,MAG,JUNIOR,GBR,Estimated E score outside the valid 0-10 range; D_score cannot be trusted without source confirmation and is marked not available
619641,applied,D_score,0.7,,0.066,0.7,,-0.634,Retal Almoabadi,Gymnasiade,2024,UB,,INDIVIDUAL,FINAL,WAG,JUNIOR,KSA,Estimated E score outside the valid 0-10 range; D_score cannot be trusted without source confirmation and is marked not available
579323,applied,D_score,0.6,,0.5,0.6,,-0.1,Agnes Davidsdottir,Iceland Classic,2024,UB,,INDIVIDUAL,FINAL,WAG,JUNIOR,ISL,Estimated E score outside the valid 0-10 range; D_score cannot be trusted without source confirmation and is marked not available
523247,applied,D_score,1.2,,0.65,1.2,,-0.55,A. Devottham,Indian Championships,2024,PH,,INDIVIDUAL,FINAL,MAG,SENIOR,IND,Estimated E score outside the valid 0-10 range; D_score cannot be trusted without source confirmation and is marked not available
523251,applied,D_score,1.9,,0.85,1.9,,-1.05,A. Dineshkarthik,Indian Championships,2024,FX,,INDIVIDUAL,FINAL,MAG,SENIOR,IND,Estimated E score outside the valid 0-10 range; D_score cannot be trusted without source confirmation and is marked not available
523252,applied,D_score,0.7,,0.0,0.7,,-0.7,A. Dineshkarthik,Indian Championships,2024,HB,,INDIVIDUAL,FINAL,MAG,SENIOR,IND,Estimated E score outside the valid 0-10 range; D_score cannot be trusted without source confirmation and is marked not available
523253,applied,D_score,1.2,,0.55,1.2,,-0.65,A. Dineshkarthik,Indian Championships,2024,PH,,INDIVIDUAL,FINAL,MAG,SENIOR,IND,Estimated E score outside the valid 0-10 range; D_score cannot be trusted without source confirmation and is marked not available
578703,applied,D_score,0.4,,0.0,0.4,,-0.4,Aatifa Jamal,Indian Championships,2024,UB,,INDIVIDUAL,FINAL,WAG,SENIOR,IND,Estimated E score outside the valid 0-10 range; D_score cannot be trusted without source confirmation and is marked not available
524042,applied,D_score,1.9,,1.45,1.9,,-0.45,Aditya Mishra,Indian Championships,2024,HB,,INDIVIDUAL,FINAL,MAG,SENIOR,IND,Estimated E score outside the valid 0-10 range; D_score cannot be trusted without source confirmation and is marked not available
524550,applied,D_score,1.6,,0.85,1.6,,-0.75,Akash Arya,Indian Championships,2024,HB,,INDIVIDUAL,FINAL,MAG,SENIOR,IND,Estimated E score outside the valid 0-10 range; D_score cannot be trusted without source confirmation and is marked not available
524632,applied,D_score,1.6,,1.35,1.6,,-0.25,Akshay Kumar,Indian Championships,2024,FX,,INDIVIDUAL,FINAL,MAG,SENIOR,IND,Estimated E score outside the valid 0-10 range; D_score cannot be trusted without source confirmation and is marked not available
524633,applied,D_score,1.3,,1.2,1.3,,-0.1,Akshay Kumar,Indian Championships,2024,PB,,INDIVIDUAL,FINAL,MAG,SENIOR,IND,Estimated E score outside the valid 0-10 range; D_score cannot be trusted without source confirmation and is marked not available
524634,applied,D_score,1.2,,0.5,1.2,,-0.7,Akshay Kumar,Indian Championships,2024,PH,,INDIVIDUAL,FINAL,MAG,SENIOR,IND,Estimated E score outside the valid 0-10 range; D_score cannot be trusted without source confirmation and is marked not available
526352,applied,D_score,0.6,,0.0,0.6,,-0.6,Aman (Madhya Pradesh),Indian Championships,2024,HB,,INDIVIDUAL,FINAL,MAG,SENIOR,IND,Estimated E score outside the valid 0-10 range; D_score cannot be trusted without source confirmation and is marked not available
583586,applied,D_score,0.3,,0.0,0.3,,-0.3,Anjali ,Indian Championships,2024,FX,,INDIVIDUAL,FINAL,WAG,SENIOR,IND,Estimated E score outside the valid 0-10 range; D_score cannot be trusted without source confirmation and is marked not available
585004,applied,D_score,0.5,,0.0,0.5,,-0.5,Arpita ,Indian Championships,2024,FX,,INDIVIDUAL,FINAL,WAG,SENIOR,IND,Estimated E score outside the valid 0-10 range; D_score cannot be trusted without source confirmation and is marked not available
585078,applied,D_score,0.4,,0.0,0.4,,-0.4,Aruna Sharma,Indian Championships,2024,UB,,INDIVIDUAL,FINAL,WAG,SENIOR,IND,Estimated E score outside the valid 0-10 range; D_score cannot be trusted without source confirmation and is marked not available
529132,applied,D_score,1.3,,0.05,1.3,,-1.25,B Kranthi Kumar,Indian Championships,2024,PH,,INDIVIDUAL,FINAL,MAG,SENIOR,IND,Estimated E score outside the valid 0-10 range; D_score cannot be trusted without source confirmation and is marked not available
529272,applied,D_score,1.2,,0.95,1.2,,-0.25,Balwant Singh,Indian Championships,2024,PH,,INDIVIDUAL,FINAL,MAG,SENIOR,IND,Estimated E score outside the valid 0-10 range; D_score cannot be trusted without source confirmation and is marked not available
529345,applied,D_score,1.4,,0.35,1.4,,-1.05,Basavaraj I Sappuri,Indian Championships,2024,PH,,INDIVIDUAL,FINAL,MAG,SENIOR,IND,Estimated E score outside the valid 0-10 range; D_score cannot be trusted without source confirmation and is marked not available
530039,applied,D_score,0.6,,0.0,0.6,,-0.6,Bhukya Sai Kumar,Indian Championships,2024,HB,,INDIVIDUAL,FINAL,MAG,SENIOR,IND,Estimated E score outside the valid 0-10 range; D_score cannot be trusted without source confirmation and is marked not available
530040,applied,D_score,1.2,,0.55,1.2,,-0.65,Bhukya Sai Kumar,Indian Championships,2024,PB,,INDIVIDUAL,FINAL,MAG,SENIOR,IND,Estimated E score outside the valid 0-10 range; D_score cannot be trusted without source confirmation and is marked not available
530041,applied,D_score,1.2,,1.1,1.2,,-0.1,Bhukya Sai Kumar,Indian Championships,2024,PH,,INDIVIDUAL,FINAL,MAG,SENIOR,IND,Estimated E score outside the valid 0-10 range; D_score cannot be trusted without source confirmation and is marked not available
531662,applied,D_score,2.6,,1.85,2.6,,-0.75,Chandan Kumar,Indian Championships,2024,FX,,INDIVIDUAL,FINAL,MAG,SENIOR,IND,Estimated E score outside the valid 0-10 range; D_score cannot be trusted without source confirmation and is marked not available
589960,applied,D_score,0.4,,0.0,0.4,,-0.4,D. Rupa,Indian Championships,2024,UB,,INDIVIDUAL,FINAL,WAG,SENIOR,IND,Estimated E score outside the valid 0-10 range; D_score cannot be trusted without source confirmation and is marked not available
595881,applied,D_score,0.4,,0.0,0.4,,-0.4,G. Kalaiyarasi,Indian Championships,2024,FX,,INDIVIDUAL,FINAL,WAG,SENIOR,IND,Estimated E score outside the valid 0-10 range; D_score cannot be trusted without source confirmation and is marked not available
596229,applied,D_score,0.1,,0.0,0.1,,-0.1,Gayatri Sud,Indian Championships,2024,FX,,INDIVIDUAL,FINAL,WAG,SENIOR,IND,Estimated E score outside the valid 0-10 range; D_score cannot be trusted without source confirmation and is marked not available
541035,applied,D_score,2.5,,2.15,2.5,,-0.35,Ghanshyam Mahakur,Indian Championships,2024,FX,,INDIVIDUAL,FINAL,MAG,SENIOR,IND,Estimated E score outside the valid 0-10 range; D_score cannot be trusted without source confirmation and is marked not available
541036,applied,D_score,0.6,,0.0,0.6,,-0.6,Ghanshyam Mahakur,Indian Championships,2024,HB,,INDIVIDUAL,FINAL,MAG,SENIOR,IND,Estimated E score outside the valid 0-10 range; D_score cannot be trusted without source confirmation and is marked not available
541038,applied,D_score,1.2,,0.0,1.2,,-1.2,Ghanshyam Mahakur,Indian Championships,2024,PH,,INDIVIDUAL,FINAL,MAG,SENIOR,IND,Estimated E score outside the valid 0-10 range; D_score cannot be trusted without source confirmation and is marked not available
597771,applied,D_score,0.4,,0.0,0.4,,-0.4,Harshita Singh Verma,Indian Championships,2024,UB,,INDIVIDUAL,FINAL,WAG,SENIOR,IND,Estimated E score outside the valid 0-10 range; D_score cannot be trusted without source confirmation and is marked not available
545090,applied,D_score,0.5,,0.05,0.5,,-0.45,Jaidev Rajput,Indian Championships,2024,SR,,INDIVIDUAL,FINAL,MAG,SENIOR,IND,Estimated E score outside the valid 0-10 range; D_score cannot be trusted without source confirmation and is marked not available
601265,applied,D_score,0.1,,0.0,0.1,,-0.1,Jinal Rana,Indian Championships,2024,UB,,INDIVIDUAL,FINAL,WAG,SENIOR,IND,Estimated E score outside the valid 0-10 range; D_score cannot be trusted without source confirmation and is marked not available
548709,applied,D_score,0.2,,0.0,0.2,,-0.2,K. Khadar Kumar Reddy,Indian Championships,2024,HB,,INDIVIDUAL,FINAL,MAG,SENIOR,IND,Estimated E score outside the valid 0-10 range; D_score cannot be trusted without source confirmation and is marked not available
548711,applied,D_score,1.2,,0.0,1.2,,-1.2,K. Khadar Kumar Reddy,Indian Championships,2024,PH,,INDIVIDUAL,FINAL,MAG,SENIOR,IND,Estimated E score outside the valid 0-10 range; D_score cannot be trusted without source confirmation and is marked not available
602467,applied,D_score,0.4,,0.0,0.4,,-0.4,K. Sai Karini Rao,Indian Championships,2024,UB,,INDIVIDUAL,FINAL,WAG,SENIOR,IND,Estimated E score outside the valid 0-10 range; D_score cannot be trusted without source confirmation and is marked not available
548720,applied,D_score,2.1,,2.0,2.1,,-0.1,K.H. Laxman Singh,Indian Championships,2024,PH,,INDIVIDUAL,FINAL,MAG,SENIOR,IND,Estimated E score outside the valid 0-10 range; D_score cannot be trusted without source confirmation and is marked not available
551097,applied,D_score,0.9,,0.55,0.9,,-0.35,Kaushik Kazi,Indian Championships,2024,FX,,INDIVIDUAL,FINAL,MAG,SENIOR,IND,Estimated E score outside the valid 0-10 range; D_score cannot be trusted without source confirmation and is marked not available
551124,applied,D_score,0.6,,0.35,0.6,,-0.25,Krish ,Indian Championships,2024,PB,,INDIVIDUAL,FINAL,MAG,SENIOR,IND,Estimated E score outside the valid 0-10 range; D_score cannot be trusted without source confirmation and is marked not available
551127,applied,D_score,0.1,,0.0,0.1,,-0.1,Krishan Kumar Yadav,Indian Championships,2024,HB,,INDIVIDUAL,FINAL,MAG,SENIOR,IND,Estimated E score outside the valid 0-10 range; D_score cannot be trusted without source confirmation and is marked not available
551128,applied,D_score,1.2,,1.0,1.2,,-0.2,Krishan Kumar Yadav,Indian Championships,2024,PB,,INDIVIDUAL,FINAL,MAG,SENIOR,IND,Estimated E score outside the valid 0-10 range; D_score cannot be trusted without source confirmation and is marked not available
551129,applied,D_score,1.2,,0.9,1.2,,-0.3,Krishan Kumar Yadav,Indian Championships,2024,PH,,INDIVIDUAL,FINAL,MAG,SENIOR,IND,Estimated E score outside the valid 0-10 range; D_score cannot be trusted without source confirmation and is marked not available
551399,applied,D_score,1.3,,1.15,1.3,,-0.15,Kuldeep Kumawat,Indian Championships,2024,SR,,INDIVIDUAL,FINAL,MAG,SENIOR,IND,Estimated E score outside the valid 0-10 range; D_score cannot be trusted without source confirmation and is marked not available
551550,applied,D_score,2.2,,1.75,2.2,,-0.45,L. Siddhu,Indian Championships,2024,PH,,INDIVIDUAL,FINAL,MAG,SENIOR,IND,Estimated E score outside the valid 0-10 range; D_score cannot be trusted without source confirmation and is marked not available
554966,applied,D_score,0.2,,0.0,0.2,,-0.2,M. Harsha Vardhan Reddy,Indian Championships,2024,HB,,INDIVIDUAL,FINAL,MAG,SENIOR,IND,Estimated E score outside the valid 0-10 range; D_score cannot be trusted without source confirmation and is marked not available
554968,applied,D_score,0.6,,0.0,0.6,,-0.6,M. Harsha Vardhan Reddy,Indian Championships,2024,PH,,INDIVIDUAL,FINAL,MAG,SENIOR,IND,Estimated E score outside the valid 0-10 range; D_score cannot be trusted without source confirmation and is marked not available
609473,applied,D_score,0.3,,0.05,0.3,,-0.25,M. Shrimathi,Indian Championships,2024,UB,,INDIVIDUAL,FINAL,WAG,SENIOR,IND,Estimated E score outside the valid 0-10 range; D_score cannot be trusted without source confirmation and is marked not available
554973,applied,D_score,0.2,,0.0,0.2,,-0.2,M. Srinivasulu,Indian Championships,2024,HB,,INDIVIDUAL,FINAL,MAG,SENIOR,IND,Estimated E score outside the valid 0-10 range; D_score cannot be trusted without source confirmation and is marked not available
554974,applied,D_score,1.2,,0.1,1.2,,-1.1,M. Srinivasulu,Indian Championships,2024,PB,,INDIVIDUAL,FINAL,MAG,SENIOR,IND,Estimated E score outside the valid 0-10 range; D_score cannot be trusted without source confirmation and is marked not available
554975,applied,D_score,1.3,,0.4,1.3,,-0.9,M. Srinivasulu,Indian Championships,2024,PH,,INDIVIDUAL,FINAL,MAG,SENIOR,IND,Estimated E score outside the valid 0-10 range; D_score cannot be trusted without source confirmation and is marked not available
555007,applied,D_score,1.3,,0.0,1.3,,-1.3,Madhavan N.,Indian Championships,2024,FX,,INDIVIDUAL,FINAL,MAG,SENIOR,IND,Estimated E score outside the valid 0-10 range; D_score cannot be trusted without source confirmation and is marked not available
610002,applied,D_score,0.6,,0.0,0.6,,-0.6,Mahaveer Shruthi,Indian Championships,2024,FX,,INDIVIDUAL,FINAL,WAG,SENIOR,IND,Estimated E score outside the valid 0-10 range; D_score cannot be trusted without source confirmation and is marked not available
610003,applied,D_score,0.6,,0.0,0.6,,-0.6,Mahaveer Shruthi,Indian Championships,2024,UB,,INDIVIDUAL,FINAL,WAG,SENIOR,IND,Estimated E score outside the valid 0-10 range; D_score cannot be trusted without source confirmation and is marked not available
558455,applied,D_score,0.8,,0.0,0.8,,-0.8,Midhun Krishna,Indian Championships,2024,PH,,INDIVIDUAL,FINAL,MAG,SENIOR,IND,Estimated E score outside the valid 0-10 range; D_score cannot be trusted without source confirmation and is marked not available
561205,applied,D_score,1.2,,0.7,1.2,,-0.5,Nikhil Rawat,Indian Championships,2024,PH,,INDIVIDUAL,FINAL,MAG,SENIOR,IND,Estimated E score outside the valid 0-10 range; D_score cannot be trusted without source confirmation and is marked not available
561853,applied,D_score,1.8,,1.2,1.8,,-0.6,Nishant Singh Dhakad,Indian Championships,2024,PH,,INDIVIDUAL,FINAL,MAG,SENIOR,IND,Estimated E score outside the valid 0-10 range; D_score cannot be trusted without source confirmation and is marked not available
618077,applied,D_score,0.6,,0.45,0.6,,-0.15,P. Hema Hansika,Indian Championships,2024,FX,,INDIVIDUAL,FINAL,WAG,SENIOR,IND,Estimated E score outside the valid 0-10 range; D_score cannot be trusted without source confirmation and is marked not available
618080,applied,D_score,0.5,,0.0,0.5,,-0.5,P. Muthamil Selvi,Indian Championships,2024,FX,,INDIVIDUAL,FINAL,WAG,SENIOR,IND,Estimated E score outside the valid 0-10 range; D_score cannot be trusted without source confirmation and is marked not available
618081,applied,D_score,0.4,,0.0,0.4,,-0.4,P. Muthamil Selvi,Indian Championships,2024,UB,,INDIVIDUAL,FINAL,WAG,SENIOR,IND,Estimated E score outside the valid 0-10 range; D_score cannot be trusted without source confirmation and is marked not available
618084,applied,D_score,0.3,,0.0,0.3,,-0.3,Paavana V.J.,Indian Championships,2024,UB,,INDIVIDUAL,FINAL,WAG,SENIOR,IND,Estimated E score outside the valid 0-10 range; D_score cannot be trusted without source confirmation and is marked not available
564800,applied,D_score,0.6,,0.0,0.6,,-0.6,Pitamber ,Indian Championships,2024,HB,,INDIVIDUAL,FINAL,MAG,SENIOR,IND,Estimated E score outside the valid 0-10 range; D_score cannot be trusted without source confirmation and is marked not available
564801,applied,D_score,1.4,,0.5,1.4,,-0.9,Pitamber ,Indian Championships,2024,PB,,INDIVIDUAL,FINAL,MAG,SENIOR,IND,Estimated E score outside the valid 0-10 range; D_score cannot be trusted without source confirmation and is marked not available
564829,applied,D_score,1.7,,0.6,1.7,,-1.1,Prajwal P.S.,Indian Championships,2024,HB,,INDIVIDUAL,FINAL,MAG,SENIOR,IND,Estimated E score outside the valid 0-10 range; D_score cannot be trusted without source confirmation and is marked not available
564850,applied,D_score,0.1,,0.0,0.1,,-0.1,Pravesh Kumar,Indian Championships,2024,HB,,INDIVIDUAL,FINAL,MAG,SENIOR,IND,Estimated E score outside the valid 0-10 range; D_score cannot be trusted without source confirmation and is marked not available
564852,applied,D_score,1.3,,1.25,1.3,,-0.05,Pravesh Kumar,Indian Championships,2024,PH,,INDIVIDUAL,FINAL,MAG,SENIOR,IND,Estimated E score outside the valid 0-10 range; D_score cannot be trusted without source confirmation and is marked not available
564853,applied,D_score,1.3,,0.4,1.3,,-0.9,Pravesh Kumar,Indian Championships,2024,SR,,INDIVIDUAL,FINAL,MAG,SENIOR,IND,Estimated E score outside the valid 0-10 range; D_score cannot be trusted without source confirmation and is marked not available
618898,applied,D_score,0.5,,0.0,0.5,,-0.5,Preeti Prajapati,Indian Championships,2024,BB,,INDIVIDUAL,FINAL,WAG,SENIOR,IND,Estimated E score outside the valid 0-10 range; D_score cannot be trusted without source confirmation and is marked not available
564899,applied,D_score,1.5,,1.35,1.5,,-0.15,Pugazhendi ,Indian Championships,2024,FX,,INDIVIDUAL,FINAL,MAG,SENIOR,IND,Estimated E score outside the valid 0-10 range; D_score cannot be trusted without source confirmation and is marked not available
619634,applied,D_score,1.2,,1.15,1.2,,-0.05,Reshma Sahu,Indian Championships,2024,BB,,INDIVIDUAL,FINAL,WAG,SENIOR,IND,Estimated E score outside the valid 0-10 range; D_score cannot be trusted without source confirmation and is marked not available
619635,applied,D_score,0.6,,0.0,0.6,,-0.6,Reshma Sahu,Indian Championships,2024,FX,,INDIVIDUAL,FINAL,WAG,SENIOR,IND,Estimated E score outside the valid 0-10 range; D_score cannot be trusted without source confirmation and is marked not available
619636,applied,D_score,0.2,,0.0,0.2,,-0.2,Reshma Sahu,Indian Championships,2024,UB,,INDIVIDUAL,FINAL,WAG,SENIOR,IND,Estimated E score outside the valid 0-10 range; D_score cannot be trusted without source confirmation and is marked not available
619898,applied,D_score,0.2,,0.0,0.2,,-0.2,Rishika Vaishnavi,Indian Championships,2024,FX,,INDIVIDUAL,FINAL,WAG,SENIOR,IND,Estimated E score outside the valid 0-10 range; D_score cannot be trusted without source confirmation and is marked not available
609468,applied,D_score,0.2,,0.0,0.2,,-0.2,Riya M.,Indian Championships,2024,UB,,INDIVIDUAL,FINAL,WAG,SENIOR,IND,Estimated E score outside the valid 0-10 range; D_score cannot be trusted without source confirmation and is marked not available
567550,applied,D_score,1.2,,0.0,1.2,,-1.2,S Alim Basha,Indian Championships,2024,PH,,INDIVIDUAL,FINAL,MAG,SENIOR,IND,Estimated E score outside the valid 0-10 range; D_score cannot be trusted without source confirmation and is marked not available
620504,applied,D_score,0.2,,0.0,0.2,,-0.2,S. Iswarya,Indian Championships,2024,UB,,INDIVIDUAL,FINAL,WAG,SENIOR,IND,Estimated E score outside the valid 0-10 range; D_score cannot be trusted without source confirmation and is marked not available
567554,applied,D_score,0.6,,0.0,0.6,,-0.6,S. Madhuvan,Indian Championships,2024,HB,,INDIVIDUAL,FINAL,MAG,SENIOR,IND,Estimated E score outside the valid 0-10 range; D_score cannot be trusted without source confirmation and is marked not available
620512,applied,D_score,0.6,,0.0,0.6,,-0.6,S. Sneka,Indian Championships,2024,BB,,INDIVIDUAL,FINAL,WAG,SENIOR,IND,Estimated E score outside the valid 0-10 range; D_score cannot be trusted without source confirmation and is marked not available
567607,applied,D_score,1.2,,0.55,1.2,,-0.65,Sahil Kumar,Indian Championships,2024,PH,,INDIVIDUAL,FINAL,MAG,SENIOR,IND,Estimated E score outside the valid 0-10 range; D_score cannot be trusted without source confirmation and is marked not available
621062,applied,D_score,1.2,,0.9,1.2,,-0.3,Sangeeta ,Indian Championships,2024,FX,,INDIVIDUAL,FINAL,WAG,SENIOR,IND,Estimated E score outside the valid 0-10 range; D_score cannot be trusted without source confirmation and is marked not available
621097,applied,D_score,0.4,,0.0,0.4,,-0.4,Sanjana Pooniya,Indian Championships,2024,UB,,INDIVIDUAL,FINAL,WAG,SENIOR,IND,Estimated E score outside the valid 0-10 range; D_score cannot be trusted without source confirmation and is marked not available
568149,applied,D_score,1.3,,0.0,1.3,,-1.3,Sanjay S.,Indian Championships,2024,FX,,INDIVIDUAL,FINAL,MAG,SENIOR,IND,Estimated E score outside the valid 0-10 range; D_score cannot be trusted without source confirmation and is marked not available
568914,applied,D_score,1.2,,0.65,1.2,,-0.55,Shajad Alam,Indian Championships,2024,PH,,INDIVIDUAL,FINAL,MAG,SENIOR,IND,Estimated E score outside the valid 0-10 range; D_score cannot be trusted without source confirmation and is marked not available
623881,applied,D_score,0.7,,0.45,0.7,,-0.25,Sonali Patro,Indian Championships,2024,FX,,INDIVIDUAL,FINAL,WAG,SENIOR,IND,Estimated E score outside the valid 0-10 range; D_score cannot be trusted without source confirmation and is marked not available
624543,applied,D_score,0.2,,0.0,0.2,,-0.2,Sumitha ,Indian Championships,2024,FX,,INDIVIDUAL,FINAL,WAG,SENIOR,IND,Estimated E score outside the valid 0-10 range; D_score cannot be trusted without source confirmation and is marked not available
624545,applied,D_score,0.4,,0.0,0.4,,-0.4,Sumitra ,Indian Championships,2024,FX,,INDIVIDUAL,FINAL,WAG,SENIOR,IND,Estimated E score outside the valid 0-10 range; D_score cannot be trusted without source confirmation and is marked not available
624546,applied,D_score,0.4,,0.0,0.4,,-0.4,Sumitra ,Indian Championships,2024,UB,,INDIVIDUAL,FINAL,WAG,SENIOR,IND,Estimated E score outside the valid 0-10 range; D_score cannot be trusted without source confirmation and is marked not available
570740,applied,D_score,1.4,,0.65,1.4,,-0.75,Sumudra Das,Indian Championships,2024,FX,,INDIVIDUAL,FINAL,MAG,SENIOR,IND,Estimated E score outside the valid 0-10 range; D_score cannot be trusted without source confirmation and is marked not available
570806,applied,D_score,0.1,,0.0,0.1,,-0.1,Suraj Keshri,Indian Championships,2024,HB,,INDIVIDUAL,FINAL,MAG,SENIOR,IND,Estimated E score outside the valid 0-10 range; D_score cannot be trusted without source confirmation and is marked not available
570807,applied,D_score,1.4,,0.0,1.4,,-1.4,Suraj Keshri,Indian Championships,2024,PB,,INDIVIDUAL,FINAL,MAG,SENIOR,IND,Estimated E score outside the valid 0-10 range; D_score cannot be trusted without source confirmation and is marked not available
570808,applied,D_score,0.6,,0.0,0.6,,-0.6,Suraj Keshri,Indian Championships,2024,PH,,INDIVIDUAL,FINAL,MAG,SENIOR,IND,Estimated E score outside the valid 0-10 range; D_score cannot be trusted without source confirmation and is marked not available
570809,applied,D_score,1.3,,0.5,1.3,,-0.8,Suraj Keshri,Indian Championships,2024,SR,,INDIVIDUAL,FINAL,MAG,SENIOR,IND,Estimated E score outside the valid 0-10 range; D_score cannot be trusted without source confirmation and is marked not available
570811,applied,D_score,1.3,,0.0,1.3,,-1.3,Surinder Prashad,Indian Championships,2024,PH,,INDIVIDUAL,FINAL,MAG,SENIOR,IND,Estimated E score outside the valid 0-10 range; D_score cannot be trusted without source confirmation and is marked not available
572380,applied,D_score,1.5,,0.95,1.5,,-0.55,Thrisul Gowda B.N.,Indian Championships,2024,HB,,INDIVIDUAL,FINAL,MAG,SENIOR,IND,Estimated E score outside the valid 0-10 range; D_score cannot be trusted without source confirmation and is marked not available
572382,applied,D_score,1.3,,0.0,1.3,,-1.3,Thrisul Gowda B.N.,Indian Championships,2024,PH,,INDIVIDUAL,FINAL,MAG,SENIOR,IND,Estimated E score outside the valid 0-10 range; D_score cannot be trusted without source confirmation and is marked not available
573903,applied,D_score,1.3,,0.75,1.3,,-0.55,Tukesh Sahu,Indian Championships,2024,PH,,INDIVIDUAL,FINAL,MAG,SENIOR,IND,Estimated E score outside the valid 0-10 range; D_score cannot be trusted without source confirmation and is marked not available
574020,applied,D_score,0.6,,0.0,0.6,,-0.6,U. Abdur Razique,Indian Championships,2024,HB,,INDIVIDUAL,FINAL,MAG,SENIOR,IND,Estimated E score outside the valid 0-10 range; D_score cannot be trusted without source confirmation and is marked not available
574030,applied,D_score,2.1,,1.5,2.1,,-0.6,Uday C Naidu,Indian Championships,2024,PH,,INDIVIDUAL,FINAL,MAG,SENIOR,IND,Estimated E score outside the valid 0-10 range; D_score cannot be trusted without source confirmation and is marked not available
574038,applied,D_score,1.8,,0.9,1.8,,-0.9,Uddipta Bora,Indian Championships,2024,PH,,INDIVIDUAL,FINAL,MAG,SENIOR,IND,Estimated E score outside the valid 0-10 range; D_score cannot be trusted without source confirmation and is marked not available
574043,applied,D_score,1.3,,0.0,1.3,,-1.3,Udhaya Kumar R.,Indian Championships,2024,FX,,INDIVIDUAL,FINAL,MAG,SENIOR,IND,Estimated E score outside the valid 0-10 range; D_score cannot be trusted without source confirmation and is marked not available
574048,applied,D_score,2.0,,1.05,2.0,,-0.95,Ugam Singh,Indian Championships,2024,PH,,INDIVIDUAL,FINAL,MAG,SENIOR,IND,Estimated E score outside the valid 0-10 range; D_score cannot be trusted without source confirmation and is marked not available
574391,applied,D_score,1.5,,1.45,1.5,,-0.05,V. Kodieeswaran,Indian Championships,2024,PB,,INDIVIDUAL,FINAL,MAG,SENIOR,IND,Estimated E score outside the valid 0-10 range; D_score cannot be trusted without source confirmation and is marked not available
575204,applied,D_score,1.9,,0.95,1.9,,-0.95,Vishal Kumar,Indian Championships,2024,FX,,INDIVIDUAL,FINAL,MAG,SENIOR,IND,Estimated E score outside the valid 0-10 range; D_score cannot be trusted without source confirmation and is marked not available
575205,applied,D_score,1.2,,0.95,1.2,,-0.25,Vishal Kumar,Indian Championships,2024,PB,,INDIVIDUAL,FINAL,MAG,SENIOR,IND,Estimated E score outside the valid 0-10 range; D_score cannot be trusted without source confirmation and is marked not available
578198,applied,D_score,1.6,,1.55,1.6,,-0.05,Zahid Khan,Indian Championships,2024,FX,,INDIVIDUAL,FINAL,MAG,SENIOR,IND,Estimated E score outside the valid 0-10 range; D_score cannot be trusted without source confirmation and is marked not available
628253,applied,D_score,0.6,,0.333,0.6,,-0.267,Yasmine Guesmi,Mediterranean Championships,2024,UB,,INDIVIDUAL,FINAL,WAG,JUNIOR,QAT,Estimated E score outside the valid 0-10 range; D_score cannot be trusted without source confirmation and is marked not available
591412,applied,D_score,0.8,,0.0,0.8,,-0.8,Ecilia Kaiser,Michel Wanten Cup,2024,UB,,INDIVIDUAL,FINAL,WAG,JUNIOR,GER,Estimated E score outside the valid 0-10 range; D_score cannot be trusted without source confirmation and is marked not available
557289,applied,D_score,1.5,,0.6,1.5,,-0.9,Mattis Renman,Mälar Cup,2024,PH,,INDIVIDUAL,FINAL,MAG,SENIOR,SWE,Estimated E score outside the valid 0-10 range; D_score cannot be trusted without source confirmation and is marked not available
527732,applied,D_score,2.7,,0.733,2.7,,-1.967,Ariel Villalobos,Pan American Championships,2024,PH,,INDIVIDUAL,QUALIFICATION,MAG,SENIOR,CRC,Estimated E score outside the valid 0-10 range; D_score cannot be trusted without source confirmation and is marked not available
574531,applied,D_score,2.1,,0.967,2.1,,-1.133,Valentin Fumont,Pan American Championships,2024,PH,,INDIVIDUAL,FINAL,MAG,JUNIOR,URU,Estimated E score outside the valid 0-10 range; D_score cannot be trusted without source confirmation and is marked not available
566660,applied,D_score,3.2,,2.333,3.2,,-0.867,Robin Sim,Singapore Championships,2024,PH,,INDIVIDUAL,FINAL,MAG,SENIOR,SGP,Estimated E score outside the valid 0-10 range; D_score cannot be trusted without source confirmation and is marked not available
585412,applied,D_score,0.8,,0.5,0.8,,-0.3,Audi Zulkarnien,Singapore Open,2024,UB,,INDIVIDUAL,FINAL,WAG,SENIOR,MAS,Estimated E score outside the valid 0-10 range; D_score cannot be trusted without source confirmation and is marked not available
534969,applied,D_score,1.5,,1.45,1.5,,-0.05,Dereck Cueto,South American Junior Championships,2024,PH,,INDIVIDUAL,FINAL,MAG,JUNIOR,BOL,Estimated E score outside the valid 0-10 range; D_score cannot be trusted without source confirmation and is marked not available
541354,applied,D_score,1.0,,0.7,1.0,,-0.3,Go Yodam,South Korean Championships,2024,FX,,INDIVIDUAL,FINAL,MAG,SENIOR,KOR,Estimated E score outside the valid 0-10 range; D_score cannot be trusted without source confirmation and is marked not available
589175,applied,D_score,0.7,,0.233,0.7,,-0.467,Chloe Ragell,Swedish Championships,2024,UB,,INDIVIDUAL,FINAL,WAG,JUNIOR,SWE,Estimated E score outside the valid 0-10 range; D_score cannot be trusted without source confirmation and is marked not available
537938,applied,D_score,1.5,,0.35,1.5,,-1.15,Eskil Abrahamsson,Swedish Championships,2024,PH,,INDIVIDUAL,FINAL,MAG,JUNIOR,SWE,Estimated E score outside the valid 0-10 range; D_score cannot be trusted without source confirmation and is marked not available
610303,applied,D_score,0.8,,0.533,0.8,,-0.267,Maja Haglund,Swedish Championships,2024,UB,,INDIVIDUAL,FINAL,WAG,JUNIOR,SWE,Estimated E score outside the valid 0-10 range; D_score cannot be trusted without source confirmation and is marked not available
557298,applied,D_score,1.6,,0.7,1.6,,-0.9,Mattis Renman,Swedish Championships,2024,PH,,INDIVIDUAL,FINAL,MAG,JUNIOR,SWE,Estimated E score outside the valid 0-10 range; D_score cannot be trusted without source confirmation and is marked not available
617249,applied,D_score,0.8,,0.733,0.8,,-0.067,Nora Samuelsson,Swedish Championships,2024,UB,,INDIVIDUAL,FINAL,WAG,JUNIOR,SWE,Estimated E score outside the valid 0-10 range; D_score cannot be trusted without source confirmation and is marked not available
598898,applied,D_score,0.4,,0.0,0.4,,-0.4,Ilayda Ordu,Turkish Team Championships,2024,UB,,INDIVIDUAL,FINAL,WAG,JUNIOR,TUR,Estimated E score outside the valid 0-10 range; D_score cannot be trusted without source confirmation and is marked not available
523690,applied,D_score,3.8,,2.1,3.8,,-1.7,Adam Björs,Unni & Haralds Trophy,2024,SR,,INDIVIDUAL,FINAL,MAG,SENIOR,SWE,Estimated E score outside the valid 0-10 range; D_score cannot be trusted without source confirmation and is marked not available
536512,applied,D_score,2.2,,1.95,2.2,,-0.25,Edvard Mescau,Unni & Haralds Trophy,2024,PH,,INDIVIDUAL,FINAL,MAG,SENIOR,NOR,Estimated E score outside the valid 0-10 range; D_score cannot be trusted without source confirmation and is marked not available
557481,applied,D_score,0.8,,0.0,0.8,,-0.8,Mauro Schmit,Wase Gymcup,2024,HB,,INDIVIDUAL,FINAL,MAG,SENIOR,BEL,Estimated E score outside the valid 0-10 range; D_score cannot be trusted without source confirmation and is marked not available
572832,applied,D_score,1.2,,0.3,1.2,,-0.9,Tjeu Thijs,Wase Gymcup,2024,PH,,INDIVIDUAL,FINAL,MAG,JUNIOR,BEL,Estimated E score outside the valid 0-10 range; D_score cannot be trusted without source confirmation and is marked not available
644063,applied,D_score,0.46,,13.333,0.46,,12.873,Einosuke Ogino,All-Japan Student Championships,2025,SR,,INDIVIDUAL,FINAL,MAG,SENIOR,JPN,Estimated E score outside the valid 0-10 range; D_score cannot be trusted without source confirmation and is marked not available
715681,applied,D_score,0.6,,0.366,0.6,,-0.234,Hiam Kharouba,Asian Championships,2025,UB,,INDIVIDUAL,FINAL,WAG,JUNIOR,JOR,Estimated E score outside the valid 0-10 range; D_score cannot be trusted without source confirmation and is marked not available
715915,applied,D_score,0.7,,0.0,0.7,,-0.7,Hira Elshani,Balkan Championships,2025,BB,,INDIVIDUAL,FINAL,WAG,JUNIOR,KOS,Estimated E score outside the valid 0-10 range; D_score cannot be trusted without source confirmation and is marked not available
715917,applied,D_score,0.1,,0.0,0.1,,-0.1,Hira Elshani,Balkan Championships,2025,UB,,INDIVIDUAL,FINAL,WAG,JUNIOR,KOS,Estimated E score outside the valid 0-10 range; D_score cannot be trusted without source confirmation and is marked not available
646019,applied,D_score,1.4,,0.15,1.4,,-1.25,Ewan Fenton,British Championships,2025,PH,,INDIVIDUAL,FINAL,MAG,JUNIOR,GBR,Estimated E score outside the valid 0-10 range; D_score cannot be trusted without source confirmation and is marked not available
694549,applied,D_score,0.35,,10.75,0.35,,10.4,Alessia Volostiuc,Champion's Cup,2025,UB,,INDIVIDUAL,FINAL,WAG,JUNIOR,ROU,Estimated E score outside the valid 0-10 range; D_score cannot be trusted without source confirmation and is marked not available
695017,applied,D_score,0.42,,10.7,0.42,,10.28,Alice Montagner,Champion's Cup,2025,UB,,INDIVIDUAL,FINAL,WAG,SENIOR,ITA,Estimated E score outside the valid 0-10 range; D_score cannot be trusted without source confirmation and is marked not available
725577,applied,D_score,0.6,,0.55,0.6,,-0.05,Leticija Capan,Croatian Championships,2025,UB,,INDIVIDUAL,FINAL,WAG,JUNIOR,CRO,Estimated E score outside the valid 0-10 range; D_score cannot be trusted without source confirmation and is marked not available
646713,applied,D_score,1.2,,13.75,1.2,,12.55,Filip Perestegi,Croatian Event Championships,2025,VT,2,INDIVIDUAL,FINAL,MAG,JUNIOR,CRO,Estimated E score outside the valid 0-10 range; D_score cannot be trusted without source confirmation and is marked not available
647257,applied,D_score,1.2,,13.5,1.2,,12.3,Fran Radic,Croatian Event Championships,2025,VT,2,INDIVIDUAL,FINAL,MAG,JUNIOR,CRO,Estimated E score outside the valid 0-10 range; D_score cannot be trusted without source confirmation and is marked not available
663261,applied,D_score,2.4,,14.15,2.4,,11.75,Lovre Sucur,Croatian Event Championships,2025,VT,2,INDIVIDUAL,FINAL,MAG,JUNIOR,CRO,Estimated E score outside the valid 0-10 range; D_score cannot be trusted without source confirmation and is marked not available
665170,applied,D_score,2.0,,12.45,2.0,,10.45,Manuel Matijasec,Croatian Event Championships,2025,VT,2,INDIVIDUAL,FINAL,MAG,JUNIOR,CRO,Estimated E score outside the valid 0-10 range; D_score cannot be trusted without source confirmation and is marked not available
671456,applied,D_score,1.2,,13.0,1.2,,11.8,Niko Nevescanin,Croatian Event Championships,2025,VT,2,INDIVIDUAL,FINAL,MAG,JUNIOR,CRO,Estimated E score outside the valid 0-10 range; D_score cannot be trusted without source confirmation and is marked not available
693180,applied,D_score,0.8,,0.05,0.8,,-0.75,Agata Harantova,Czech Championships,2025,UB,,INDIVIDUAL,FINAL,WAG,JUNIOR,CZE,Estimated E score outside the valid 0-10 range; D_score cannot be trusted without source confirmation and is marked not available
699033,applied,D_score,1.6,,11.7,1.6,,10.1,Annabelle Wilson,English Championships,2025,VT,1,INDIVIDUAL,FINAL,WAG,JUNIOR,GBR,Estimated E score outside the valid 0-10 range; D_score cannot be trusted without source confirmation and is marked not available
726876,applied,D_score,0.8,,0.0,0.8,,-0.8,Lily-Rose Weispecker,French Championships,2025,UB,,INDIVIDUAL,FINAL,WAG,JUNIOR,FRA,Estimated E score outside the valid 0-10 range; D_score cannot be trusted without source confirmation and is marked not available
742567,applied,D_score,0.7,,0.233,0.7,,-0.467,Sara Fekete,Hungarian Junior Championships,2025,UB,,INDIVIDUAL,FINAL,WAG,JUNIOR,HUN,Estimated E score outside the valid 0-10 range; D_score cannot be trusted without source confirmation and is marked not available
672393,applied,D_score,1.5,,0.7,1.5,,-0.8,Olav Batalden,Ifact Norgescup 2,2025,HB,,INDIVIDUAL,FINAL,MAG,JUNIOR,NOR,Estimated E score outside the valid 0-10 range; D_score cannot be trusted without source confirmation and is marked not available
727156,applied,D_score,0.6,,0.0,0.6,,-0.6,Lisa Nobili,International GymSport,2025,UB,,INDIVIDUAL,FINAL,WAG,JUNIOR,LUX,Estimated E score outside the valid 0-10 range; D_score cannot be trusted without source confirmation and is marked not available
693786,applied,D_score,0.5,,0.0,0.5,,-0.5,Akary Valle,Junior Pan American Games,2025,BB,,INDIVIDUAL,FINAL,WAG,JUNIOR,NCA,Estimated E score outside the valid 0-10 range; D_score cannot be trusted without source confirmation and is marked not available
718809,applied,D_score,3.4,,0.0,3.4,,-3.4,Jeon Seohyun,Korean National Sports Festival,2025,VT,1,INDIVIDUAL,FINAL,WAG,SENIOR,KOR,Estimated E score outside the valid 0-10 range; D_score cannot be trusted without source confirmation and is marked not available
751673,applied,D_score,0.4,,0.0,0.4,,-0.4,Ylenia Flor,Luxembourg Open,2025,UB,,INDIVIDUAL,FINAL,WAG,JUNIOR,LUX,Estimated E score outside the valid 0-10 range; D_score cannot be trusted without source confirmation and is marked not available
632793,applied,D_score,1.0,,0.0,1.0,,-1.0,Ali Lamaa,Mediterranean Championships,2025,PH,,INDIVIDUAL,FINAL,MAG,JUNIOR,LBN,Estimated E score outside the valid 0-10 range; D_score cannot be trusted without source confirmation and is marked not available
631574,applied,D_score,2.9,,1.75,2.9,,-1.15,Aleksander Mellingen,Norwegian Junior Championships,2025,PB,,INDIVIDUAL,FINAL,MAG,JUNIOR,NOR,Estimated E score outside the valid 0-10 range; D_score cannot be trusted without source confirmation and is marked not available
644996,applied,D_score,0.9,,0.0,0.9,,-0.9,Emil Høgmo,Norwegian Junior Championships,2025,PH,,INDIVIDUAL,FINAL,MAG,JUNIOR,NOR,Estimated E score outside the valid 0-10 range; D_score cannot be trusted without source confirmation and is marked not available
672386,applied,D_score,0.9,,0.0,0.9,,-0.9,Olav Batalden,Norwegian Junior Championships,2025,PH,,INDIVIDUAL,FINAL,MAG,JUNIOR,NOR,Estimated E score outside the valid 0-10 range; D_score cannot be trusted without source confirmation and is marked not available
678964,applied,D_score,1.3,,0.0,1.3,,-1.3,Sander Ragnarsson,Norwegian Junior Championships,2025,PH,,INDIVIDUAL,FINAL,MAG,JUNIOR,NOR,Estimated E score outside the valid 0-10 range; D_score cannot be trusted without source confirmation and is marked not available
710542,applied,D_score,4.1,,0.633,4.1,,-3.467,Emilia Kulczynska,Polish Championships,2025,BB,,INDIVIDUAL,FINAL,WAG,SENIOR,POL,Estimated E score outside the valid 0-10 range; D_score cannot be trusted without source confirmation and is marked not available
692944,applied,D_score,0.4,,0.0,0.4,,-0.4,Adea Shala,Salamunov Memorial,2025,UB,,INDIVIDUAL,FINAL,WAG,JUNIOR,KOS,Estimated E score outside the valid 0-10 range; D_score cannot be trusted without source confirmation and is marked not available
702333,applied,D_score,0.4,,0.0,0.4,,-0.4,Bore Krasniqi,Salamunov Memorial,2025,UB,,INDIVIDUAL,FINAL,WAG,JUNIOR,KOS,Estimated E score outside the valid 0-10 range; D_score cannot be trusted without source confirmation and is marked not available
707345,applied,D_score,0.2,,0.0,0.2,,-0.2,Dina Miric,Salamunov Memorial,2025,UB,,INDIVIDUAL,FINAL,WAG,JUNIOR,AUT,Estimated E score outside the valid 0-10 range; D_score cannot be trusted without source confirmation and is marked not available
701423,applied,D_score,1.1,,0.7,1.1,,-0.4,Ban Chaeyoung,South Korean Championships,2025,BB,,INDIVIDUAL,FINAL,WAG,JUNIOR,KOR,Estimated E score outside the valid 0-10 range; D_score cannot be trusted without source confirmation and is marked not available
651288,applied,D_score,1.9,,1.767,1.9,,-0.133,Hwang Inha,South Korean Championships,2025,FX,,INDIVIDUAL,FINAL,MAG,JUNIOR,KOR,Estimated E score outside the valid 0-10 range; D_score cannot be trusted without source confirmation and is marked not available
738161,applied,D_score,0.7,,0.166,0.7,,-0.534,Offilia Norrby,Swedish Championships,2025,UB,,INDIVIDUAL,FINAL,WAG,SENIOR,SWE,Estimated E score outside the valid 0-10 range; D_score cannot be trusted without source confirmation and is marked not available
664171,applied,D_score,2.0,,12.432,2.0,,10.432,Lukas Marek,Tiger Cup,2025,VT,2,APPARATUS,FINAL,MAG,JUNIOR,CZE,Estimated E score outside the valid 0-10 range; D_score cannot be trusted without source confirmation and is marked not available
582605,applied,D_score,0.1,,0.0,0.1,,-0.1,Anahi de la Paliza,Top 12 Series 2 (2025),2025,UB,,INDIVIDUAL,FINAL,WAG,SENIOR,ESP,Estimated E score outside the valid 0-10 range; D_score cannot be trusted without source confirmation and is marked not available
707945,applied,D_score,4.2,,1.8,4.2,,-2.4,Eden Belay,Tournoi International,2025,FX,,INDIVIDUAL,FINAL,WAG,JUNIOR,CAN,Estimated E score outside the valid 0-10 range; D_score cannot be trusted without source confirmation and is marked not available
701252,applied,D_score,0.3,,0.0,0.3,,-0.3,Ayse Necatgil,Turkish Team Championships,2025,UB,,INDIVIDUAL,FINAL,WAG,JUNIOR,TUR,Estimated E score outside the valid 0-10 range; D_score cannot be trusted without source confirmation and is marked not available
714842,applied,D_score,0.3,,0.0,0.3,,-0.3,Hande Erdogan,Turkish Team Championships,2025,UB,,INDIVIDUAL,FINAL,WAG,JUNIOR,TUR,Estimated E score outside the valid 0-10 range; D_score cannot be trusted without source confirmation and is marked not available
716546,applied,D_score,1.1,,0.7,1.1,,-0.4,Ilke Özge Akkulak,Turkish Team Championships,2025,BB,,INDIVIDUAL,FINAL,WAG,SENIOR,TUR,Estimated E score outside the valid 0-10 range; D_score cannot be trusted without source confirmation and is marked not available
716796,applied,D_score,0.8,,0.0,0.8,,-0.8,Ipek Polen Pasaoglu,Turkish Team Championships,2025,BB,,INDIVIDUAL,FINAL,WAG,SENIOR,TUR,Estimated E score outside the valid 0-10 range; D_score cannot be trusted without source confirmation and is marked not available
722028,applied,D_score,0.5,,0.0,0.5,,-0.5,Kiana Rezaei,Turkish Team Championships,2025,UB,,INDIVIDUAL,FINAL,WAG,JUNIOR,TUR,Estimated E score outside the valid 0-10 range; D_score cannot be trusted without source confirmation and is marked not available
736548,applied,D_score,0.2,,0.0,0.2,,-0.2,Nehir Demirtas,Turkish Team Championships,2025,UB,,INDIVIDUAL,FINAL,WAG,JUNIOR,TUR,Estimated E score outside the valid 0-10 range; D_score cannot be trusted without source confirmation and is marked not available
736844,applied,D_score,0.1,,0.0,0.1,,-0.1,Neval Güven,Turkish Team Championships,2025,UB,,INDIVIDUAL,FINAL,WAG,SENIOR,TUR,Estimated E score outside the valid 0-10 range; D_score cannot be trusted without source confirmation and is marked not available
737519,applied,D_score,1.1,,0.0,1.1,,-1.1,Nisan Ilkan,Turkish Team Championships,2025,BB,,INDIVIDUAL,FINAL,WAG,JUNIOR,TUR,Estimated E score outside the valid 0-10 range; D_score cannot be trusted without source confirmation and is marked not available
737521,applied,D_score,0.3,,0.0,0.3,,-0.3,Nisan Ilkan,Turkish Team Championships,2025,UB,,INDIVIDUAL,FINAL,WAG,JUNIOR,TUR,Estimated E score outside the valid 0-10 range; D_score cannot be trusted without source confirmation and is marked not available
663913,applied,D_score,1.3,,0.8,1.3,,-0.5,Luis Bolsinger,Wohnen Juniors Trophy,2025,PH,,INDIVIDUAL,FINAL,MAG,JUNIOR,GER,Estimated E score outside the valid 0-10 range; D_score cannot be trusted without source confirmation and is marked not available
651920,applied,D_score,1.0,,0.0,1.0,,-1.0,Immanuel Kooper,World Championships,2025,PH,,INDIVIDUAL,QUALIFICATION,MAG,SENIOR,NAM,Estimated E score outside the valid 0-10 range; D_score cannot be trusted without source confirmation and is marked not available
735382,applied,D_score,1.8,,0.0,1.8,,-1.8,Moira Teneku,World Championships,2025,UB,,INDIVIDUAL,QUALIFICATION,WAG,SENIOR,CMR,Estimated E score outside the valid 0-10 range; D_score cannot be trusted without source confirmation and is marked not available
779246,applied,D_score,2.6,,13.95,2.6,,11.35,Niklas Nithack,2nd Bundesliga,2026,PB,,INDIVIDUAL,FINAL,MAG,SENIOR,GER,Estimated E score outside the valid 0-10 range; D_score cannot be trusted without source confirmation and is marked not available
793683,applied,D_score,0.1,,13.0,0.1,,12.9,Anthea Sisio,2nd Italian Serie A,2026,BB,,INDIVIDUAL,FINAL,WAG,SENIOR,ITA,Estimated E score outside the valid 0-10 range; D_score cannot be trusted without source confirmation and is marked not available
755746,applied,D_score,3.7,,13.9,3.7,,10.2,Andrea Passini,3rd Italian Serie A,2026,VT,1,INDIVIDUAL,FINAL,MAG,SENIOR,ITA,Estimated E score outside the valid 0-10 range; D_score cannot be trusted without source confirmation and is marked not available
759447,applied,D_score,0.6,,0.0,0.6,,-0.6,Cheikh Ahmed Fall,African Championships,2026,PH,,INDIVIDUAL,FINAL,MAG,JUNIOR,SEN,Estimated E score outside the valid 0-10 range; D_score cannot be trusted without source confirmation and is marked not available
796873,applied,D_score,1.0,,0.566,1.0,,-0.434,Cynthia Letono,African Championships,2026,UB,,INDIVIDUAL,FINAL,WAG,SENIOR,CMR,Estimated E score outside the valid 0-10 range; D_score cannot be trusted without source confirmation and is marked not available
801223,applied,D_score,0.2,,0.0,0.2,,-0.2,Gloria Atim,African Championships,2026,FX,,INDIVIDUAL,FINAL,WAG,JUNIOR,TOG,Estimated E score outside the valid 0-10 range; D_score cannot be trusted without source confirmation and is marked not available
805869,applied,D_score,1.1,,0.766,1.1,,-0.334,Lawratou Cisse,African Championships,2026,BB,,INDIVIDUAL,FINAL,WAG,SENIOR,SEN,Estimated E score outside the valid 0-10 range; D_score cannot be trusted without source confirmation and is marked not available
805871,applied,D_score,0.3,,0.0,0.3,,-0.3,Lawratou Cisse,African Championships,2026,UB,,INDIVIDUAL,FINAL,WAG,SENIOR,SEN,Estimated E score outside the valid 0-10 range; D_score cannot be trusted without source confirmation and is marked not available
773696,applied,D_score,1.0,,0.0,1.0,,-1.0,Loic Mgbakobo,African Championships,2026,PH,,INDIVIDUAL,FINAL,MAG,SENIOR,CMR,Estimated E score outside the valid 0-10 range; D_score cannot be trusted without source confirmation and is marked not available
811288,applied,D_score,0.9,,0.0,0.9,,-0.9,Moira Teneku,African Championships,2026,UB,,INDIVIDUAL,FINAL,WAG,SENIOR,CMR,Estimated E score outside the valid 0-10 range; D_score cannot be trusted without source confirmation and is marked not available
811404,applied,D_score,1.7,,0.0,1.7,,-1.7,Myriame Dammi,African Championships,2026,UB,,INDIVIDUAL,FINAL,WAG,JUNIOR,CMR,Estimated E score outside the valid 0-10 range; D_score cannot be trusted without source confirmation and is marked not available
782969,applied,D_score,1.0,,0.0,1.0,,-1.0,Ruben Sodea,African Championships,2026,PH,,INDIVIDUAL,FINAL,MAG,SENIOR,CMR,Estimated E score outside the valid 0-10 range; D_score cannot be trusted without source confirmation and is marked not available
783293,applied,D_score,1.1,,0.366,1.1,,-0.734,Sadibou Sane,African Championships,2026,PH,,INDIVIDUAL,FINAL,MAG,SENIOR,SEN,Estimated E score outside the valid 0-10 range; D_score cannot be trusted without source confirmation and is marked not available
818867,applied,D_score,0.5,,0.366,0.5,,-0.134,Yaelle Malaika Bashi,African Championships,2026,UB,,INDIVIDUAL,FINAL,WAG,JUNIOR,COD,Estimated E score outside the valid 0-10 range; D_score cannot be trusted without source confirmation and is marked not available
793736,applied,D_score,0.4,,0.233,0.4,,-0.167,Anusua Howlader,Asian Championships,2026,BB,,INDIVIDUAL,FINAL,WAG,JUNIOR,IND,Estimated E score outside the valid 0-10 range; D_score cannot be trusted without source confirmation and is marked not available
780279,applied,D_score,2.7,,1.95,2.7,,-0.75,Oscar Tournicourt,Belgian Championships,2026,PH,,INDIVIDUAL,FINAL,MAG,JUNIOR,BEL,Estimated E score outside the valid 0-10 range; D_score cannot be trusted without source confirmation and is marked not available
784036,applied,D_score,1.0,,0.8,1.0,,-0.2,Sebastian Szczygielski,British Championships,2026,HB,,INDIVIDUAL,FINAL,MAG,JUNIOR,GBR,Estimated E score outside the valid 0-10 range; D_score cannot be trusted without source confirmation and is marked not available
764125,applied,D_score,1.7,,0.7,1.7,,-1.0,Evan Sinclair,British Team Championships,2026,PH,,INDIVIDUAL,FINAL,MAG,JUNIOR,GBR,Estimated E score outside the valid 0-10 range; D_score cannot be trusted without source confirmation and is marked not available
795100,applied,D_score,3.8,,0.0,3.8,,-3.8,Bohdana Kovalova,Cairo World Cup,2026,VT,1,INDIVIDUAL,QUALIFICATION,WAG,SENIOR,UKR,Estimated E score outside the valid 0-10 range; D_score cannot be trusted without source confirmation and is marked not available
783602,applied,D_score,4.4,,3.2,4.4,,-1.2,Samuel Rakita,Canadian Championships,2026,HB,,INDIVIDUAL,FINAL,MAG,SENIOR,CAN,Estimated E score outside the valid 0-10 range; D_score cannot be trusted without source confirmation and is marked not available
778897,applied,D_score,1.4,,1.0,1.4,,-0.4,Nicola Vitaloni,Champion's Cup,2026,PH,,INDIVIDUAL,FINAL,MAG,JUNIOR,ITA,Estimated E score outside the valid 0-10 range; D_score cannot be trusted without source confirmation and is marked not available
781992,applied,D_score,2.8,,0.0,2.8,,-2.8,Riccardo Bianco,Champion's Cup,2026,VT,1,INDIVIDUAL,FINAL,MAG,JUNIOR,ITA,Estimated E score outside the valid 0-10 range; D_score cannot be trusted without source confirmation and is marked not available
785908,applied,D_score,2.8,,0.0,2.8,,-2.8,Thomas Mapelli,Champion's Cup,2026,VT,1,INDIVIDUAL,FINAL,MAG,JUNIOR,ITA,Estimated E score outside the valid 0-10 range; D_score cannot be trusted without source confirmation and is marked not available
762248,applied,D_score,2.3,,12.334,2.3,,10.034,Dominic Obando,Colombian Championships,2026,PB,,INDIVIDUAL,FINAL,MAG,JUNIOR,COL,Estimated E score outside the valid 0-10 range; D_score cannot be trusted without source confirmation and is marked not available
776091,applied,D_score,2.0,,12.7,2.0,,10.7,Matias Ramos,Colombian Championships,2026,VT,1,INDIVIDUAL,FINAL,MAG,JUNIOR,COL,Estimated E score outside the valid 0-10 range; D_score cannot be trusted without source confirmation and is marked not available
783594,applied,D_score,1.1,,12.7,1.1,,11.6,Samuel Lopez,Colombian Championships,2026,PH,,INDIVIDUAL,FINAL,MAG,JUNIOR,COL,Estimated E score outside the valid 0-10 range; D_score cannot be trusted without source confirmation and is marked not available
755369,applied,D_score,1.2,,0.0,1.2,,-1.2,Alfie Rainbow,English Championships,2026,PH,,INDIVIDUAL,FINAL,MAG,JUNIOR,GBR,Estimated E score outside the valid 0-10 range; D_score cannot be trusted without source confirmation and is marked not available
755377,applied,D_score,1.2,,1.0,1.2,,-0.2,Alfie Wild,English Championships,2026,HB,,INDIVIDUAL,FINAL,MAG,JUNIOR,GBR,Estimated E score outside the valid 0-10 range; D_score cannot be trusted without source confirmation and is marked not available
772363,applied,D_score,1.5,,1.4,1.5,,-0.1,Konrad Ceglinski,English Championships,2026,PH,,INDIVIDUAL,FINAL,MAG,JUNIOR,GBR,Estimated E score outside the valid 0-10 range; D_score cannot be trusted without source confirmation and is marked not available
777410,applied,D_score,1.1,,0.1,1.1,,-1.0,Mikael Jääskeläinen,Finnish Junior Championships,2026,PH,,INDIVIDUAL,FINAL,MAG,JUNIOR,FIN,Estimated E score outside the valid 0-10 range; D_score cannot be trusted without source confirmation and is marked not available
790263,applied,D_score,1.6,,11.633,1.6,,10.033,Adela Janouskova,Hanspeter Demetz Memorial,2026,VT,1,INDIVIDUAL,FINAL,WAG,JUNIOR,CZE,Estimated E score outside the valid 0-10 range; D_score cannot be trusted without source confirmation and is marked not available
762289,applied,D_score,3.9,,1.433,3.9,,-2.467,Dominik Kis,Hungarian Team & Event Championships,2026,PB,,INDIVIDUAL,FINAL,MAG,SENIOR,HUN,Estimated E score outside the valid 0-10 range; D_score cannot be trusted without source confirmation and is marked not available
790189,applied,D_score,2.2,,2.0,2.2,,-0.2,Adalbjörg Hafsteinsdottir,Icelandic Championships,2026,UB,,INDIVIDUAL,FINAL,WAG,SENIOR,ISL,Estimated E score outside the valid 0-10 range; D_score cannot be trusted without source confirmation and is marked not available
760121,applied,D_score,0.7,,0.55,0.7,,-0.15,Dagur Olafsson,Icelandic Championships,2026,HB,,INDIVIDUAL,FINAL,MAG,SENIOR,ISL,Estimated E score outside the valid 0-10 range; D_score cannot be trusted without source confirmation and is marked not available
776597,applied,D_score,1.0,,0.0,1.0,,-1.0,Max de Bakker,International GymSport,2026,PH,,INDIVIDUAL,FINAL,MAG,JUNIOR,NED,Estimated E score outside the valid 0-10 range; D_score cannot be trusted without source confirmation and is marked not available
803116,applied,D_score,0.3,,0.267,0.3,,-0.033,Janice Cruz,Luxembourg Open,2026,FX,,INDIVIDUAL,FINAL,WAG,JUNIOR,HON,Estimated E score outside the valid 0-10 range; D_score cannot be trusted without source confirmation and is marked not available
803837,applied,D_score,0.6,,0.0,0.6,,-0.6,Juli Fiedrich,Pre-Olympic Youth Cup,2026,UB,,INDIVIDUAL,FINAL,WAG,JUNIOR,GER,Estimated E score outside the valid 0-10 range; D_score cannot be trusted without source confirmation and is marked not available
797953,applied,D_score,0.43,,11.2,0.43,,10.77,Elena Burkova,Russian Junior Team Championships,2026,BB,,INDIVIDUAL,QUALIFICATION,WAG,JUNIOR,RUS,Estimated E score outside the valid 0-10 range; D_score cannot be trusted without source confirmation and is marked not available
773666,applied,D_score,2.2,,1.767,2.2,,-0.433,Logan Kerr,Scottish Championships,2026,PB,,INDIVIDUAL,FINAL,MAG,JUNIOR,GBR,Estimated E score outside the valid 0-10 range; D_score cannot be trusted without source confirmation and is marked not available
807986,applied,D_score,1.6,,12.0,1.6,,10.4,Lydia Teo,Singapore Championships,2026,VT,1,INDIVIDUAL,FINAL,WAG,JUNIOR,SGP,Estimated E score outside the valid 0-10 range; D_score cannot be trusted without source confirmation and is marked not available
810992,applied,D_score,0.2,,0.0,0.2,,-0.2,Mille Isdahl,Unni & Haralds Trophy,2026,UB,,INDIVIDUAL,FINAL,WAG,JUNIOR,NOR,Estimated E score outside the valid 0-10 range; D_score cannot be trusted without source confirmation and is marked not available
763388,applied,D_score,0.4,,0.0,0.4,,-0.4,Elvis Spencer,Welsh Championships,2026,PH,,INDIVIDUAL,FINAL,MAG,JUNIOR,GBR,Estimated E score outside the valid 0-10 range; D_score cannot be trusted without source confirmation and is marked not available
